ACS_CODE,ADM3_Name,Displacement Pressure,Socioeconomic Vulnerability,Tension and Conflict Risk,Service & Infrastructure Vulnerability,Demographic Tension / Stress
10110,Ain el-Mreisseh,6.32967033,0.291548068,0.126872938,0.577161369,4.177013804
10150,Ras Beyrouth,1.052617621,0.284031639,0.16754308,0.509937157,0.559893614
10210,Moussaytbeh,0.978637117,0.288172354,0.162774286,0.443783503,0.585839559
10250,Minet el-Hosn,0,0.25817902,0.124883822,0.338788527,0
10310,Mazraa,0.187320695,0.303758982,0.225400057,0.686477357,0.051216838
10350,Bachoura,0.114132445,0.262726917,0.418877594,0.732156393,0.066912862
10410,Zoukak el-Blatt,0.126665416,0.263144637,0.137534733,0.657027108,0.071658039
10450,Marfaa,2.98013245,0.268589239,0.126859155,0.447856527,1.625823384
10510,Saifeh,0.094330855,0.2439962,0.12852165,0.45840131,0.075736805
10550,Remeil,0.056329056,0.273494673,0.136210174,0.750490341,0.04522574
10610,Medawar,0.455311973,0.290314717,0.127980895,0.2604183,0.308685129
10650,Achrafieh,0.145700423,0.274255933,0.182267101,0.665656575,0.124959798
10999,Beirut Central District,0.165441176,0.276834467,0.141034543,0.44735854,0.038345456
21111,Chiyah,0.042808828,0.370561101,0.738175794,0.701117693,0.026389743
21133,Furn Ech-Chebbak,0.072743638,0.278415299,0.148449223,0.650298059,0.019207023
21144,Haret Hreik,0,0.289885942,0.255130543,0.454804593,0
21166,Laylakeh,0,0.298564385,0.136856851,0.653314411,0
21177,Bourj El-Brajneh,0,0.367731245,0.250676975,0.658315335,0
21188,Tahouitat El Ghadir,0,0.295214429,0.125848521,0.643981274,0
21211,Baabda,0.293615139,0.286962619,0.127829844,0.662062173,0.187262136
21219,Hadath Beyrouth,0.086846349,0.294521791,0.162291102,0.650777602,0.053983301
21227,Boutchay,0.083848191,0.295900252,0.113926253,0.746584448,0.054248201
21235,Merdache,0,0.298446368,0.104816567,0.447303208,0
21243,Louayzeh Baabda,0.538116592,0.299300695,0.104834443,0.649641454,0.256501472
21251,Kfar Chima,0.064143682,0.301156724,0.107555024,0.554074671,0.043026379
21259,Ouadi Chahrour Es-Soufla,0.126467931,0.302316079,0.104870196,0.473523007,0.03535527
21267,Ouadi Chahrour El Aaoulia,0.039858282,0.296846133,0.104888073,0.473289383,0.02200947
21275,Haret Es-Sit,0.347826087,0.299758082,0.104905949,0.473621375,0.06266498
21283,Bsaba Baabda,0.021875,0.304108621,0.104923826,0.553608653,0.005110754
21311,Baalchmay,0.228583545,0.306780262,0.123623624,0.53145145,0.018845805
21314,Aain Mouaffaq,5.066666667,0.30776079,0.104993097,0.626491567,1.285852466
21317,Rouayssrt El-Ballout,0.99756691,0.30872873,0.104999801,0.554678403,0.037474112
21321,Mzairaa Baabda,1.333333333,0.308222962,0.105008739,0.377544706,0.308100035
21324,Hlaliyeh Baabda,0.752,0.307272476,0.105397548,0.378046382,0.021725251
21327,Haret Hamzeh,0,0.308073759,0.105022146,0.542956895,0
21331,Qtaleh Baabda,0,0.30845868,0.105031085,0.553582831,0
21334,Ras El-Href,2.352941176,0.307083418,0.105037788,0.663759799,0.521707438
21337,Deir Khouna,0,0.308351479,0.105044492,0.663563063,0
21341,Aabadiyeh,0.392648287,0.309821771,0.10505343,0.650116078,0.238276319
21344,Qrayet Baabda,0.58224163,0.307100909,0.105060134,0.635598816,0.039492341
21347,Chmeisset Baabda,0,0.308417827,0.105448943,0.743967175,0
21351,Ras El Matn,0.088604596,0.308561308,0.106622842,0.554042701,0.018036492
21354,Chouit,0.517836594,0.306758035,0.10508248,0.473768927,0.296201716
21357,Qobbayaa,0.6397463,0.308303195,0.105471288,0.745827557,0.174238958
21361,Qordata,0,0.307173301,0.105098122,0.47317872,0
21364,Qsaibeh Baabda,0,0.307226244,0.10548693,0.47317872,0
21367,Deir El-harf,0.475,0.308034807,0.105111529,0.553816455,0.163336935
21371,Aaraiya,0.093956771,0.30423801,0.105502572,0.473440624,0.026505461
21374,Zandouqa,0.915254237,0.307098022,0.105127171,0.256985263,0.150239307
21377,Kneisset Baabda,0,0.307852548,0.105133874,0.553582831,0
21381,Aarbaniyeh,0,0.307020807,0.105142813,0.634744245,0
21391,Dlaybeh,0.015772871,0.30486519,0.105165158,0.553588979,0.004034873
21394,Salima Baabda,0.078321678,0.307190853,0.105171862,0.74410489,0.033743921
21397,Hasbaiya El-Matn,0.049822064,0.308061611,0.105178566,0.444377116,0.008113812
21411,Hammana,0.041899441,0.307745168,0.119724175,0.556359953,0.024209177
21416,Qalaat Baabda,0.084566596,0.307233826,0.105221022,0.744065543,0.000653014
21421,Khalouat Baabda,0.058080808,0.305558418,0.105232195,0.626426399,0.001510037
21426,Chbaniyeh,0.033088235,0.30742241,0.105243368,0.634799577,0.019474569
21431,Khreibet Baabda,1.098546042,0.307476079,0.105254541,0.744848797,0.035659222
21436,Bmaryam,0.511111111,0.308242673,0.105265714,0.744221702,0.270549287
21441,Btekhnay,0.463623395,0.307738498,0.105276886,0.744450407,0.012898919
21446,Falougha,0.35768262,0.308636308,0.105288059,0.349579229,0.209497793
21451,Btibyat,0.692307692,0.30848544,0.105299232,0.744099972,0.030288066
21456,Qornayel,0.154692334,0.308670875,0.111825595,0.744610255,0.036778306
21461,Jouar El-Haouz,0.14516129,0.30857386,0.105321578,0.444393101,0.022318519
21466,Bzebdine,0.163432074,0.307865255,0.10533275,0.444556637,0.092431058
21471,Arsoun,0,0.307974117,0.105343923,0.444359902,0
21476,Kfar Selouane,0.383094751,0.309332969,0.105355096,0.458708709,0.109786781
21481,Tarchich,0,0.308734088,0.105748374,0.553582831,0
21487,Jouret Arsoun,0,0.308227335,0.105379676,0.444359902,0
22001,Litige,,,,0.743967175,0
22002,Litige,,,,0.553582831,0
22111,Bourj Hammoud,0.041872092,0.139583559,0.132662184,0.471738367,0.030312432
22155,Sinn El-Fil,0.002338391,0.13610014,0.05967764,0.461209171,0.001292535
22211,Jdaidet El-Matn,0.14295616,0.14266357,0.050550484,0.463936419,0.007100439
22228,Baouchriyeh,0.006300444,0.138441767,0.062133394,0.458927578,0.005162115
22245,Deir mar Roukoz,0.046703297,0.149563308,0.040352581,0.458012757,0.01097404
22262,Dekouaneh,0.053929813,0.133781403,0.056396025,0.467373835,0.041378117
22279,Mkalles,0.021399177,0.150297885,0.040810661,0.648345457,0.012824329
22311,Antelias,0.03823291,0.134403386,0.050463522,0.461537474,0.029519521
22319,Menqlet Mezher,0.01135777,0.145282478,0.046268919,0.457956195,0.00883941
22327,Jall Ed-Did,0.025697154,0.128166409,0.042446341,0.458261136,0.0163522
22335,Naqqach,0.025486435,0.133110354,0.041317902,0.458353355,0.017016686
22343,Aamaret Chalhoub,0.024469821,0.138758619,0.040189463,0.458039808,0.005896556
22351,Zalqa,0.022376927,0.126057364,0.043646286,0.458345978,0.014778416
22359,Byaqout,0.223105458,0.151334612,0.040225216,0.559937542,0.12167101
22367,Mazraat El-Hdaira,0.006744604,0.137480793,0.040243092,0.457947588,0.001598788
22375,Dbayeh,0.091873499,0.13903068,0.054355899,0.460993991,0.045763063
22383,Haret El-Ballane,0.032400997,0.150595342,0.040278845,0.348850077,0.007801891
22391,Mazraat Deir Aaoukar,0.042775665,0.130091785,0.040296722,0.457984476,0.02759412
22411,Mansouriyet El-Matn,0.10003126,0.154474478,0.043398254,0.462062512,0.052998139
22415,Daychouniyeh,0.04379562,0.155968219,0.040350351,0.744004063,0.01206332
22419,Fanar,0.109399437,0.152290182,0.061680578,0.555671918,0.063070925
22423,Aain Saadeh,0.108283703,0.155930885,0.040368227,0.554470601,0.063855423
22427,Roumieh,0.029732408,0.158256086,0.064145297,0.458039808,0.01607277
22431,Bqennaya,0.017401392,0.14334163,0.040386104,0.348761546,0.009553882
22435,Majzoub,0.031271716,0.150347822,0.06140667,0.553638163,0.007346592
22439,Bsalim,0.060756076,0.156402027,0.046919171,0.553748827,0.035778627
22443,Nabay,0.067374439,0.158383568,0.040412919,0.553785715,0.004787968
22447,Mtayleb,0.014714424,0.142788612,0.047319153,0.351300126,0.006366334
22451,Beit El-Kekko,0,0.142718292,0.040430795,0.553582831,0
22455,Qornet Chehouane,0.037778026,0.147140349,0.041586049,0.746883241,0.013881459
22459,Beit Ech-Chaar,0.017138599,0.147857421,0.040448672,0.348791057,0.007889522
22463,Dik El-Mehdi,0.034843206,0.154165887,0.040839715,0.45800292,0.011294872
22467,Zouk El-Kharab,0.079726094,0.152025055,0.040848653,0.434535663,0
22471,Aain Aar,0.006726457,0.146027319,0.040475486,0.743978241,0.00259868
22475,Mazraat Yachouaa,0.028059236,0.147397948,0.04086653,0.553804159,0.009424947
22479,Deir Tamich,0.014717907,0.157993491,0.040493363,0.457951277,0.003449061
22483,Zakrit,0.024058577,0.157391108,0.040502301,0.457957425,0.003481737
22487,Deir Mar Aabda el Mchammar,0,0.160925801,0.040511239,0.457929144,0
22511,Bikfaya,0.005830165,0.156929623,0.041338402,0.352600832,0.002795627
22515,Mhaidset Matn,0,0.157242762,0.040573807,0.352572552,0
22519,Ouadi Chahine,0,0.162097037,0.040582745,0.553582831,0
22523,Aain El-Qach,0.293577982,0.161305904,0.040591683,0.352611899,0.067915423
22527,Mar Boutros Karm Et-Tine,0.006299213,0.162701307,0.040600622,0.457934063,0.001191323
22531,Beit Chabab,0.017578125,0.158147727,0.04060956,0.458039808,0.003768809
22535,Bhersaf,0.02699784,0.158152136,0.055497041,0.457990624,0.006390282
22539,Mayasseh,0.056270096,0.163688028,0.040627436,0.45797218,0.007506126
22543,Aain El-Kharroubeh,0,0.16118774,0.040636375,0.352572552,0
22547,Himlaya,0.016208598,0.162822523,0.040645313,0.553611112,0.003226102
22551,Aain Aalaq,0,0.154535019,0.040654251,0.648313488,0
22555,Aatchaneh,0.132733408,0.156103479,0.040663189,0.64845858,0.080070254
22559,Chaouiyeh,0,0.156086931,0.040672128,0.648313488,0
22563,Aain Et-Teffaha,0,0.16330166,0.040681066,0.743967175,0
22567,Sfeilet Bikfaya,0.068548387,0.163167302,0.040690004,0.553624638,0.004723665
22571,Fraikeh,0.037396122,0.162052258,0.040698942,0.567942575,0.006917935
22575,Abou Mizane,0,0.163946675,0.040707881,0.553582831,0
22579,Deir Chamra,0,0.164385129,0.040716819,0.447303208,0
22583,Hbous,0.162087912,0.151909157,0.040725757,0.634816791,0.037608507
22587,Jouar El-Matn,0,0.163058725,0.040734695,0.457929144,0
22591,Chrine,0.021126761,0.163827493,0.040743634,0.457940211,0.006697583
22595,Qornet El-Hamra,0.017015707,0.158567104,0.040752572,0.457977099,0.004057741
22611,Broummana El-Matn,0.037890892,0.157585699,0.041552535,0.460837832,0.028775784
22619,Jouret El-Ballout,0.03125,0.160042539,0.040806201,0.553644311,0.015479601
22627,Masqa,0.071744907,0.15950269,0.040824078,0.553682429,0.016900079
22635,Aayoun El-Matn,0.069018405,0.159457565,0.040841954,0.553638163,0.016067686
22643,Qennabet Broummana,0.04398827,0.1587174,0.040859831,0.553638163,0.019653214
22651,Mzakkeh,0.086096939,0.162527447,0.040877707,0.45809514,0.020256539
22659,Baabdat,0.044504706,0.158799393,0.040895584,0.744424585,0.024976668
22667,Beit Meri,0.042914362,0.156721007,0.04091346,0.55416689,0.026318044
22675,Dahr Es-Souane El-Matn,0.105476673,0.161290901,0.040931337,0.74428687,0.032771378
22683,Qannebet Salima,0,0.16273384,0.040949213,0.444359902,0
22691,Bsifrine,0,0.163940465,0.04096709,0.743967175,0
22711,Mtain,0.169914738,0.16575759,0.041011781,0.338514326,0.096284292
22714,Aain Ez-Zeitouneh,0,0.160490129,0.041018485,0.444359902,0
22717,Mchikha,0.047619048,0.163896498,0.041025188,0.444370968,0.010014802
22722,Khillet El-Mtain,0,0.16405401,0.041036361,0.743967175,0
22724,Bnabil,0.32967033,0.163832856,0.04104083,0.648387264,0.076329889
22727,Aain es-Sofsaf El-Matn,0.043396226,0.16181603,0.041047534,0.473207,0.016718685
22731,Ouata El-Mrouj,0.036086608,0.160318439,0.041056472,0.744022507,0.022463339
22733,Mrouj,0.055012225,0.162095297,0.041060941,0.444552948,0.022378784
22734,Marjaba,0.055363322,0.163711042,0.041063176,0.348745562,0.01764629
22737,Aain Es-Sindiane,0,0.163834377,0.041069879,0.743967175,0
22741,Zaraaoun,0.229885057,0.163865409,0.041078818,0.744139319,0.024444893
22744,Qaaqour,0,0.164187504,0.047218607,0.743967175,0
22747,Khinchara,0.041868665,0.159584343,0.041092225,0.553699643,0.020732111
22751,Aintoura El-Matn,0.23880597,0.164897908,0.041101163,0.338765164,0.056254288
22754,Choueir,0.199464126,0.162476871,0.041107867,0.353676731,0.133411018
22757,Bteghrine,0.034250585,0.163253022,0.041114571,0.615916045,0.01850633
22761,Douar El-Matn,0.026269702,0.162901118,0.041123509,0.744004063,0.005597809
22764,Chouaya El-Matn,0,0.161931892,0.041130213,0.457929144,0
22767,Aayroun,0.024813896,0.161969678,0.041136916,0.743979471,0.007024267
22771,Zighrine El-Matn,0.045673077,0.160889963,0.041919387,0.352595914,0.010603724
22774,Majdel tarchich,0.327536232,0.165846901,0.041152558,0.147842257,0.039957676
22777,Aain El-Qabu,0.006493506,0.165081202,0.041159262,0.433736425,0.003816537
22781,Kfar Aaqab,0,0.164367606,0.0411682,0.542956895,0
22784,Mar Moussa Ed-Douar,0.009398496,0.162300046,0.041174904,0.743973323,0.002121955
22787,Machraah El-Matn,0.25,0.164372601,0.041181607,0.348728347,0.162178645
22791,Ouadi El-Karm El-Matn,0,0.165265546,0.041190546,0.542956895,0
22794,Zabbougha,0,0.165251119,0.041197249,0.542956895,0
22797,Baskinta,0.037306642,0.165399522,0.041203953,0.543236014,0.02095759
22799,Kfar Tay El-Matn,0,0.159586587,0.041208422,0.542956895,0
23001,Litige,,,,0.553582831,0
23002,Litige,,,,0.457929144,0
23003,Litige,,,,0.553582831,0
23004,Litige,,,,0.417306097,0
23005,Litige,,,,0.47317872,0
23006,Litige,,,,0.47317872,0
23007,Litige,,,,0.553582831,0
23111,Damour,0.121001645,0.314842011,0.04519153,0.353816905,0.031528863
23141,Naameh,0.641664225,0.323726479,0.056278011,0.567670335,0.049466118
23171,Mechref,0.32832618,0.314855045,0.030702302,0.553959088,0.047852364
23211,Chhim,0.335969502,0.319436968,0.038080407,0.567331655,0.022412794
23215,Mazboud,0.035942492,0.313734636,0.030418517,0.554041471,0.003057268
23219,Dalhoun,0.116150442,0.316014839,0.030427455,0.554069752,0.009478197
23223,Chammis Ech-Chouf,0.04,0.31585016,0.031983459,0.553593898,0.009266004
23227,Daraiya Ech-Chouf,0.120292887,0.317140552,0.03735195,0.554989491,0.029655662
23231,Ketermaya,0.2099958,0.321554048,0.030836375,0.556350656,0.040809254
23235,Maaniyeh,0.221153846,0.316098249,0.030463208,0.473207,0.038039799
23237,Ouadi Abou Youssef,0,0.316214033,0.030467677,0.457929144,0
23239,Aanout,0.125919869,0.315278995,0.030854252,0.476900172,0.009142232
23243,Sibline,0.922159225,0.31690816,0.037779131,0.565080802,0.352761283
23247,Bourjein,0.845299484,0.315815576,0.030490023,0.556376478,0.395117506
23251,Barja,0.738276708,0.323288695,0.061510582,0.501163288,0.041524332
23253,Bkechtine Ouel Mcheiaa,0,0.316141887,0.03050343,0.352572552,0
23255,Baassir,0.569105691,0.315747726,0.034375564,0.476844151,0.048182662
23259,Dibbiyeh,11.19820829,0.316021469,0.036649923,0.578252255,2.83192217
23263,Benouati Ech-Chouf,0.047619048,0.316167348,0.030525776,0.553590209,0.007580789
23267,Jiyeh,1.613575269,0.316412118,0.038642826,0.572288705,0.857452776
23271,Jadra,0.824557709,0.316300726,0.039816725,0.558396707,0.39134642
23275,Chmaarine,0,0.316528556,0.030552591,0.457929144,0
23279,Dahr Ech-Chouf,0.867208672,0.313940811,0.030561529,0.553976303,0.084522037
23311,Aalmane Ech-Chouf,0.398734177,0.314639627,0.030633035,0.473798437,0.144955829
23316,Jmailiyeh,0.98136646,0.316044162,0.031026313,0.473372996,0.713080221
23321,Rmeilet Ech-Chouf,0.049632353,0.315388158,0.0345044,0.554209926,0.021852591
23326,Majdalouna,0.06122449,0.316011885,0.030666553,0.553590209,0.041419302
23331,Ouardaniyeh,1.805121233,0.314802009,0.032597575,0.485140248,0.845490441
23336,Joun,0.067533767,0.316234365,0.031462432,0.554165661,0.048230764
23341,Mghairiyeh Ech-Chouf,0.29396728,0.315649327,0.030700072,0.474869417,0.091265179
23346,Deir El-Moukhalles Ech-Chouf,0.420560748,0.316176241,0.03109335,0.352627884,0.202465509
23351,Qreiaa,0,0.31615908,0.030722417,0.352572552,0
23356,Bkifa Ech-Chouf,0.059405941,0.316429464,0.03073359,0.256926242,0.002198364
23361,Mazmoura,0.08723748,0.315827184,0.030744763,0.473245118,0.023345586
23365,Mtolleh,0.553571429,0.316416335,0.030753701,0.473334878,0.096943809
23366,Mazraat Es-Dahr,0,0.316184081,0.030755936,0.47317872,0
23371,Khirbet Bisri,0.569620253,0.316417528,0.032314174,0.473234051,0.075158228
23376,Jleiliyeh,0,0.316403543,0.031160386,0.47317872,0
23381,Zaarouriyeh,0.202777778,0.316250906,0.030789454,0.473709906,0.069909048
23386,Bsaba Ech-Chouf,0.36966046,0.317176419,0.030800627,0.55441281,0.182303852
23411,Beit Ed-Dine,0.509677419,0.315445111,0.030856491,0.556315687,0.157831067
23413,Deir El-Qamar,0.076361785,0.315915303,0.03086096,0.554324279,0.033343358
23415,Kfar Hamal,0,0.316391285,0.030865429,0.553582831,0
23417,Semqaniyeh,0.183486239,0.317270618,0.037002984,0.55468947,0.007304595
23419,Kfar Qatra,0.069721116,0.316547078,0.030874367,0.553668903,0.016297537
23421,Maasser Beit Ed-Dine,0.093502377,0.316342183,0.030878836,0.553727924,0.021753709
23423,Bchtfine,0.055169595,0.316624919,0.030883306,0.553845965,0.001089833
23425,Kneisset Ech-Chouf,0,0.316305279,0.031661308,0.553582831,0
23427,Aammiq Ech-Chouf,0,0.316592041,0.030892244,0.553582831,0
23429,Deir Koucheh,0.111660079,0.316342169,0.030896713,0.553721776,0.002551718
23431,Mazraat Ed-Douair,0,0.31674879,0.030901182,0.553582831,0
23433,Kfar Faqoud,0.225783727,0.316758401,0.030905651,0.554447239,0.053896251
23435,Deir Baba,0.160860656,0.31709272,0.03091012,0.553904986,0.002655238
23437,Sirjbal,0.132231405,0.316324821,0.030914589,0.553779567,0.071125065
23438,GHabet Jaafar,0.291139241,0.31572426,0.030916824,0.553611112,0.067327671
23439,Kfar Him,0.1733603,0.315333654,0.031301164,0.55432059,0.006215989
23441,Ouadi Ed-Deir,0,0.31600209,0.030923528,0.553582831,0
23443,Ouadi Es-Sitt,0,0.316527988,0.030927997,0.553582831,0
23445,Majdel El-Meouch,0,0.316733609,0.030932466,0.553582831,0
23447,Dmit,0.267402377,0.316907643,0.030936935,0.55441281,0.016390894
23449,Faouarat Jaafar,0,0.316522128,0.030941404,0.553582831,0
23451,Biret Ech-Chouf,0.002371073,0.316462455,0.030945873,0.55358775,0.000173957
23453,Chourit,0.05952381,0.316178738,0.030950342,0.553595127,0.009344604
23454,Kfar hay,0.414746544,0.316411253,0.031334682,0.553693495,0.096067115
23455,Kfar Niss,0.004562044,0.316643066,0.030954812,0.553588979,0.001077025
23457,Bqaiaa Ech-Chouf,0,0.316806148,0.030959281,0.457929144,0
23459,Brih,0.124153499,0.316787382,0.03096375,0.553853343,0.070921702
23461,Moughayret Ech-Chouf,0,0.316676131,0.030968219,0.47317872,0
23463,Ouarhaniyeh,0.164360819,0.316379191,0.030972688,0.553948022,0.00224596
23467,Fraudis Ech-Chouf,0.11143695,0.316719035,0.030981626,0.385207307,0.068931206
23469,Aain Zhalta,0.135816841,0.317284229,0.037501286,0.481197904,0.084344391
23511,Baaqline,0.062122519,0.316719069,0.031079947,0.554790297,0.005224327
23522,Deir Dourit,0,0.316648847,0.031104527,0.457929144,0
23533,Aainbal,0.025409836,0.316840434,0.031129107,0.553620949,0.008773266
23544,Aathrine,0.044171779,0.316766242,0.031153687,0.553697184,0.00468716
23555,Ouadi bnehlay,0.27753304,0.316675602,0.031178268,0.553660296,0.086969979
23566,Gharifeh,0.036615134,0.316853773,0.031202848,0.553887772,0.005536004
23577,Jahliyeh,0.180455303,0.317387419,0.031227428,0.257843522,0.004407039
23588,Hasrout,0.526272578,0.31649217,0.031252008,0.55441158,0.171010722
23611,Moukhtara,0,0.31640525,0.031303403,0.553582831,0
23615,Botmeh,0.073789847,0.316925613,0.031312341,0.553736531,0.032288632
23619,Aain Qania,0.099717115,0.316702962,0.031321279,0.553756205,0.010699889
23623,Jdeidet Ech-Chouf,0.038688283,0.316876461,0.032867961,0.554347641,0.009789086
23625,Niha El-Chouf,0.01648622,0.317639246,0.032881753,0.321824554,0.011120141
23627,Aain Ouzain,0.072972973,0.316622353,0.031339156,0.553825062,0.001028932
23631,Baadarane,0.006213937,0.317110729,0.031348094,0.553600046,0.002926327
23635,Khereibet Ech-Chouf,0.094496366,0.317344781,0.031357032,0.480991332,0.022324056
23639,Aammatour,0.018860189,0.317133138,0.031365971,0.553639393,0.005768905
23643,Kahlouniet Ech-Chouf,0.101033295,0.317000867,0.031374909,0.553799241,0.015345173
23647,Haret Jandal,0,0.317123344,0.031383847,0.553582831,0
23651,Mazraat Ech-Chouf,0.031857279,0.31704129,0.031392785,0.444613199,0.01399053
23655,Kfar Nabrakh,0.094956742,0.317514784,0.031783829,0.556636612,0.050780597
23659,Mristi,0.061686086,0.31724036,0.031410662,0.671262552,0.00084321
23663,Batloun,0.215839565,0.316014299,0.0314196,0.445334973,0.014162282
23667,Maasser Ech-Chouf,0.060492905,0.317058696,0.037561624,0.671351083,0.035527954
23671,Jbaa Ech-Chouf,0.07154213,0.317726027,0.033758075,0.553693495,0.030118167
23675,Bater,0.035491291,0.317030606,0.031446415,0.554114018,0.007245164
23679,Barouk,0.047531027,0.317274033,0.031837458,0.671373216,0.02254788
23687,Bayqoun,0,0.317141197,0.03147323,0.553582831,0
24001,Litige,,,,0.626398118,0
24002,Litige,,,,0.626398118,0
24003,Litige,,,,0.626398118,0
24004,Litige,,,,0.626398118,0
24005,Litige,,,,0.553582831,0
24006,Litige,,,,0.553582831,0
24007,Litige,,,,0.553582831,0
24008,Litige,,,,0.553582831,0
24009,Litige,,,,0.553582831,0
24111,Choueifat El-Aamrousiyeh,0.02060669,0.331438723,0.331433764,0.374165979,0.012109355
24133,Choueifat El-Quoubbeh,0.528837577,0.258835022,0.211794434,0.585746114,0.319382338
24155,Choueifat El-Oumara,0.611662362,0.273269435,0.167591582,0.560242334,0.140468008
24177,Deir Qoubel,0,0.257198476,0.167640742,0.62889858,0
24211,Aaramoun Aaley,0.119139309,0.266660052,0.203523611,0.559400748,0.020184653
24219,Aain Drafil,0,0.261763216,0.167734594,0.352572552,0
24227,Sirhmoul,0.413793103,0.261676152,0.16775247,0.393394325,0.013781814
24235,Baaouerta,0.207566462,0.262700072,0.174676965,0.553906216,0.013724261
24243,Bchamoun,3.747161241,0.259352209,0.196679933,0.53956732,1.252038923
24251,Daqqoun,0,0.262450439,0.1678061,0.553582831,0
24259,Aain Aanoub,0.115859938,0.261410813,0.167823976,0.554363626,0.050840439
24267,Blaybel,0.656587473,0.257430669,0.167841853,0.554330427,0.121463003
24275,Houmal,0.02359882,0.256786958,0.167859729,0.553632015,0.004999967
24283,Bdadoun,0.004634398,0.256396782,0.167877606,0.553593898,0.001094953
24291,Bsous,0,0.259019152,0.167895482,0.553582831,0
24311,Aaley,0.089877808,0.262946482,0.196596041,0.630632853,0.045211497
24313,Kahhaleh,0,0.257824001,0.168708853,0.553582831,0
24315,Qmatiyeh,1.922359089,0.261896444,0.178322644,0.56688954,0.451205189
24317,Aain Er-Roummaneh Aaley,0.723472669,0.260456734,0.167953581,0.626951437,0.563839942
24319,Bmakine,1.365187713,0.260295031,0.16795805,0.627381796,0.866179151
24321,Bkhichtay,0.083732057,0.258336837,0.167962519,0.62648419,0.032540963
24323,Ghaboune,0.262073864,0.262611698,0.167966988,0.444920598,0.087185967
24325,Aain Ej-Jdideh Aaley,1.581439394,0.259478998,0.167971457,0.627424832,0.719885988
24327,Behouara,2.5,0.261187319,0.167975926,0.62645345,0.436458399
24329,Aaytat,0.481418919,0.261293959,0.168362501,0.554898501,0.05260935
24331,Souq El-Gharb,1.848837209,0.261040462,0.16953193,0.556905205,1.327576675
24333,Taazaniyeh,0.191489362,0.261780741,0.167989334,0.626420251,0.0678125
24335,Rijmeh,0.423728814,0.260988089,0.167993803,0.626428858,0.181948885
24337,Keyfoun,3.940703218,0.260847906,0.171856614,0.643206722,0.525286252
24339,Chimlane,0.302325581,0.259598424,0.168002741,0.444551719,0.207970184
24341,Kfar Aamay,0,0.262292569,0.16800721,0.626398118,0
24343,Bayssour Aaley,0.40668348,0.263240834,0.169167317,0.561087757,0.008513681
24345,Douair Er-Remmaneh,0,0.261931965,0.168016148,0.553582831,0
24347,Rouayssat En-Naamane,0,0.262702846,0.168020618,0.553582831,0
24349,Mejdlaiya,0.31941455,0.281721756,0.168025087,0.554642745,0.053281292
24351,Aaynab,1.614503817,0.261254698,0.168029556,0.556215401,0.752504724
24353,Chartoun,1.647887324,0.262251698,0.168034025,0.553726694,0.450401044
24355,Bou Zrideh,0,0.26240832,0.168038494,0.553582831,0
24357,Dfoun,0.097826087,0.261131963,0.168042963,0.553604964,0.025133678
24359,Richmaiya,0.095541401,0.262429425,0.168047432,0.55367997,0.02954261
24361,Aain Traz,0,0.262665372,0.168051901,0.553582831,0
24363,Selfaya,0,0.262294862,0.168056371,0.553582831,0
24365,Aaley Bsatine,0.10215664,0.262018435,0.16806084,0.444720174,0.053431712
24367,Rimhala,0.640742203,0.26137669,0.177574977,0.555578469,0.153749084
24369,Binnay,0.191082803,0.262121943,0.168069778,0.55404639,0.045039214
24371,Aain Ksour,0.220913108,0.261979616,0.168074247,0.444544341,0.167020581
24373,Jisr El Qadi,0.675,0.262631149,0.168078716,0.473211919,0.316544923
24375,Aabey,0.12257532,0.261868156,0.168083185,0.554074671,0.064083246
24377,Kfar Matta,0.311915159,0.262412217,0.170007503,0.745295141,0.151914067
24411,Bhamdoun El-Mhatta,0.739102969,0.261221736,0.177291192,0.746032899,0.409468735
24414,Bhamdoun Ed-Dayaa,0.561797753,0.261503256,0.169325971,0.745200462,0.132229069
24417,Chanay,0.413737155,0.262474349,0.16895057,0.62733876,0.005378728
24421,Btalloun,1.657718121,0.261667034,0.168185975,0.626701829,0.670074569
24424,Majdel Baana,0.284883721,0.262301862,0.168192679,0.554989491,0.009733736
24427,Saoufar,0.128801431,0.261337706,0.199484889,0.554209926,0.020593078
24431,Aain El Halazoun,0,0.262696797,0.168208321,0.626398118,0
24434,Bedghan Oua Ouadi Bedghan,0.79250218,0.261900557,0.168215024,0.627589598,0.012738827
24437,Homs Oua Hama,0,0.262791502,0.168221728,0.626398118,0
24441,Mansouriyet Bhamdoun,0.595375723,0.261889755,0.174363752,0.626651415,0.138113335
24443,Mchekhti,0.733333333,0.261985088,0.168235135,0.634771296,0.169490657
24444,Charoun,0.813449024,0.264773763,0.16823737,0.557492953,0.023056377
24447,Btater,0.892996109,0.265963657,0.168244074,0.629394648,0.201465379
24451,Ighmid,0.005309735,0.26239129,0.168253012,0.743978241,0.00183148
24454,Aazouniyeh,0.325203252,0.262927533,0.168259716,0.444865266,0.009376333
24457,Mcherfeh,0.266490765,0.263570848,0.17854962,0.554170579,0.005948488
24461,Habramoun,0,0.262233775,0.168275358,0.626398118,0
24464,Bserrine,0.027472527,0.262080414,0.168282061,0.626404266,0.01455186
24467,Ramlieh,0.056552962,0.26227561,0.168288765,0.626557966,0.015706934
24471,Maasrati,0.325123153,0.262926565,0.168679808,0.553826292,0
24474,Mazraat En-Nahr Aaley,0.333333333,0.261641973,0.169068617,0.553592668,0.07407037
24477,Aain Dara,0.091885884,0.262906612,0.16831111,0.257334469,0.063970393
24481,Mrayjat Aaley,0,0.262793037,0.168320049,0.444359902,0
24484,Bmahray,1.621621622,0.263134324,0.168326752,0.385261409,0.911591842
25001,Litige,,,,0.648313488,0
25002,Litige,,,,0.648313488,0
25003,Litige,,,,0.433733965,0
25111,Jounieh Sarba,0.048510425,0.409009202,0.114570187,0.43766199,0.02647765
25116,Zouk Mkayel,0.027471391,0.411948545,0.13321859,0.434713955,0.013119073
25121,Jounie Ghadir,0.002966185,0.410137964,0.148552018,0.436381979,0.001554459
25126,Zouk Mousbeh,0.033547363,0.412889066,0.140997689,0.442378877,0.014668529
25131,Jounie Haret Sakhr,0.066280807,0.408339502,0.115379088,0.43512587,0.027582874
25136,Sahel Aalma,0.074050633,0.413540194,0.114626051,0.43445328,0.015111225
25141,Ouata Sillam,0.248390064,0.416639762,0.113490908,0.434397948,0.058846597
25146,Kfar Yassine,0.07902197,0.414593257,0.125768251,0.434008166,0.013823314
25151,Tabarja,0.131386861,0.421552507,0.138283569,0.543178223,0.034102457
25156,Adma Oua Dafine,0.015701326,0.419374076,0.113524426,0.433789297,0.002444571
25161,Safra Kesrouane,0.090270812,0.421575472,0.121197105,0.434287285,0.013272622
25166,Bouar,0.089385475,0.425919069,0.113546772,0.447795047,0.016509085
25171,Aaqaibeh Kesrouane,0.054815975,0.427709698,0.115468471,0.44738928,0.008492486
25176,Bqaq Ed-Dine,0,0.426573897,0.113569118,0.648313488,0
25181,Kharayeb Nahr Ibrahim,0,0.426075104,0.11358029,0.147695935,0
25211,Aajaltoun,0.061863173,0.423432713,0.125913498,0.543684817,0.019366516
25221,Balloune,0.00414174,0.423263462,0.114051778,0.433767165,0.001724887
25231,Shayleh Kesrouane,0.006052582,0.426595593,0.114074124,0.433792986,0.001524363
25241,Daraiya Kesrouane,0,0.424780532,0.123615459,0.542956895,0
25251,Aain Er-Rihane,0.011476265,0.42885936,0.114118815,0.352599603,0.001084434
25261,Jaaita,0.011211461,0.42596298,0.114523266,0.433778231,0.002757109
25271,Aintoura Kesrouane,0,0.421168888,0.114545611,0.615772182,0
25281,Mazraat Er-Ras,0,0.416965332,0.113803746,0.433733965,0
25311,Ghazir,0.189346464,0.420578281,0.15364437,0.436516546,0.078026021
25313,Bourj El-Ftouh,0.093117409,0.428515877,0.113875252,0.543183141,0.015505199
25315,Chnanaair,0,0.424917856,0.113879721,0.433733965,0
25317,Jdaidet Ghazir,0,0.428028918,0.115039829,0.615772182,0
25319,Ghosta,0.016928286,0.429192823,0.11388866,0.543130269,0.003360818
25321,Maarab,0,0.429740759,0.113893129,0.433733965,0
25323,Dlebta,0,0.429572512,0.113897598,0.433733965,0
25325,Batha,0.004136505,0.425774353,0.113902067,0.542961814,0.000985365
25327,Aaramoun Kesrouane,0,0.427927465,0.115434957,0.615772182,0
25329,Kfour Kesrouane,0.04908523,0.430388106,0.124585634,0.615956622,0.010608405
25331,Ghidras,0,0.431972355,0.113915474,0.542956895,0
25333,Harharaya,0,0.429920663,0.120053029,0.615772182,0
25335,Deir Baqlouch,0,0.422267273,0.113924413,0.542956895,0
25337,Bzoummar,0.016304348,0.428631353,0.113928882,0.433748721,0.010613994
25339,Harissa Kesrouane,0,0.424976724,0.114697561,0.542956895,0
25341,Nammoura Kesrouane,0.01615074,0.430651244,0.114319925,0.54297165,0.001574745
25343,Ghineh,0.01914242,0.431042999,0.1147065,0.615833662,0.004515077
25345,Hsayn,0.495297806,0.432111322,0.113946758,0.543151172,0.062232982
25347,Daraaoun,0.015010007,0.427557068,0.113951227,0.433929472,0.003309747
25349,Hayata,0,0.43054157,0.113955696,0.615772182,0
25351,Chahtoul,0,0.430314515,0.113960166,0.615772182,0
25353,Zaaitreh,0.06097561,0.431324465,0.113964635,0.184177354,0.016712644
25355,Jouret E-Tourmos,0,0.431783285,0.114733314,0.615772182,0
25357,Maaysra Kesrouane,2.955172414,0.430531615,0.114355678,0.450823547,0.365447073
25359,Jouret Mhad,0,0.43130506,0.113978042,0.615772182,0
25361,Aazra ouel Aazr,0.086956522,0.431300063,0.114746722,0.25699264,0.020252653
25363,Ghbaleh Kesrouane,0.011029412,0.431340225,0.11398698,0.334757207,0.002716862
25365,Jouret Bedrane,0.025784753,0.430942696,0.113991449,0.256947145,0.004089164
25367,Mradiyeh,0,0.432244752,0.113995919,0.329734151,0
25369,Bizhel,0.019148936,0.431457371,0.114000388,0.329745217,0.002604225
25371,Nahr Ed-Dahab,0,0.432232903,0.114004857,0.816782461,0
25373,Yahchouch,0.009498681,0.4325984,0.115155642,0.53328424,0.002629711
25375,Zaitoun,0.624772313,0.430463136,0.114013795,0.447830706,0.229520147
25391,Ighbeh,0,0.431004394,0.114049548,0.433733965,0
25411,Rayfoun,0,0.425173377,0.114094239,0.433733965,0
25415,Qleiaat Kesrouane,0.007043804,0.42833799,0.114103177,0.433773313,0.001713813
25419,Mazraat Mrah El-Mir,0,0.42656467,0.114112116,0.433733965,0
25423,Aachqout,0.068503351,0.428782582,0.12101835,0.618993188,0.014895281
25427,Faytroun,0.184331797,0.429034252,0.129008535,0.616264021,0.038947815
25431,Beqaata Aachqout,0.01122449,0.428669393,0.11413893,0.615785707,0.001192146
25435,Raachine,0.014310246,0.431467146,0.120280954,0.615802922,0.001591851
25439,Kfar Dibiane,0.02081772,0.429890342,0.114921017,0.618580043,0.00377481
25443,Beqaata Kanaan,0,0.431661932,0.114165745,0.615772182,0
25447,Kfar Tay Kesrouane,0,0.432168121,0.114174683,0.542956895,0
25451,Bqaatouta,0.027692308,0.430935882,0.114183622,0.433767165,0.004969755
25455,Ouata El-Jaouz,0,0.431961537,0.114574665,0.62889858,0
25459,Mayrouba,0.09369863,0.432134227,0.114583603,0.243559883,0.014963308
25463,Aain Ed-Delbeh Kesrouane,0,0.432135548,0.114592542,0.615772182,0
25467,Mghayer,0,0.432418507,0.114219375,0.352572552,0
25471,Hrajel,0.107794362,0.432177296,0.114228313,0.543722935,0.013611449
25475,Faraya,0.480664191,0.430140644,0.121898757,0.545662011,0.069574553
25479,Chouane,0.280991736,0.432382956,0.114246189,0.352656164,0.034068901
25482,Mchaa Kfar Dibiane,0,0.432176432,0.114252893,0.648313488,0
25485,Mchaa Faraya,0,0.432687364,0.114259597,0.542956895,0
25488,Mchaa El Ftouh,0,0.432771335,0.1142663,0.447303208,0
26001,Litige,,,,0.348706214,0
26002,Litige,,,,0.530744431,0
26003,Litige,,,,0.184103578,0
26004,Litige,,,,0.279757265,0
26005,Litige,,,,0.457929144,0
26006,Litige,,,,0.539090558,0
26007,Litige,,,,0.457929144,0
26008,Litige,,,,0.648313488,0
26009,Litige,,,,0.279757265,0
26111,Jbayl,0.06967085,0.445632103,0.243611019,0.465357294,0.038335211
26117,Mastita,0.402504472,0.444880913,0.200073506,0.648866807,0.094210611
26123,Qartaboun,0.025806452,0.447787135,0.200086913,0.575621161,0.006232373
26129,Blat Jbeil,0.009102826,0.453538755,0.209227883,0.385267557,0.001754223
26135,Eddeh Jbayl,0.054100228,0.45344385,0.200887261,0.385327808,0.013176779
26141,Aamchit,0.021376024,0.452260254,0.233085194,0.651512361,0.006145894
26147,Halate,0.051429747,0.453415727,0.207037839,0.447965961,0.009740118
26153,Hasrayel,0,0.454309465,0.20015395,0.575498201,0
26159,Rihanet Jbayl,0.365131579,0.455801364,0.200167358,0.575634687,0.201339615
26165,Jeoddayel Jbayl,0.050259965,0.454941921,0.200180765,0.385185174,0.029230424
26171,Nahr Ibrahim,0.034530387,0.450213199,0.20970384,0.648528667,0.005814477
26177,Mounsef,0.123800384,0.455457948,0.200589685,0.45824638,0.044831829
26183,Berbara Jbayl,0.232722144,0.455414287,0.200220987,0.458132028,0.054214206
26189,Kfar Kiddeh,0,0.455655983,0.200234394,0.457929144,0
26211,Ehmej,0.017223911,0.456278104,0.20066566,0.385155664,0.001797782
26212,Aalmat Ech-Chamliyeh,2.536640361,0.456173023,0.200285789,0.461019124,0.212865661
26213,Mazraat El-Maaden,0,0.455885335,0.200288024,0.457929144,0
26214,Aalmat Ej-Jnoubiyeh,24.49367089,0.456442762,0.200290258,0.38749313,5.664306247
26215,Tourzaiya,0.070247934,0.455387642,0.200292493,0.448658918,0.027037423
26217,Ferhet,0.374220374,0.455858246,0.200296962,0.594496064,0.206092862
26218,Michmich Jbayl,0.010983525,0.456090851,0.200299197,0.457956195,0.001602769
26219,Aalita,0.914285714,0.455206876,0.200301431,0.575537548,0.211325369
26220,Souanet Jbayl,22.5,0.456302372,0.200303666,0.532738839,2.403749687
26221,Aain Ed-Delbeh Jbayl,0.56402439,0.45561662,0.2003059,0.531001417,0.34432813
26223,Frat,0.75,0.456354024,0.200310369,0.457959884,0.114634283
26224,Kfar Baal,0,0.454405706,0.200312604,0.530744431,0
26226,Hjoula,2.903225806,0.456218694,0.200317073,0.386317634,0.323815394
26227,Aain Jrain,0.210970464,0.455912677,0.200319308,0.626459598,0.110604782
26229,Hsoun,0.252525253,0.454640512,0.200323777,0.576003566,0.124940541
26231,Mchaneh,0.582226762,0.453983713,0.200328246,0.649359876,0.180107772
26233,Lehfed,0.012472885,0.455978166,0.200332715,0.575526482,0.001584268
26234,Habil,0,0.45646032,0.20033495,0.457929144,0
26236,Jouret El-Qattine,0.090909091,0.45624521,0.200339419,0.575509268,0.021028174
26237,Birket Hjoula,0.854700855,0.456437099,0.200341653,0.648436448,0.197742314
26239,Adonis Jbayl,0.063577586,0.454026626,0.200346122,0.329821453,0.028558789
26241,Ras Osta,2.169680111,0.456353099,0.200350592,0.650253793,0.221627752
26243,Bichtlida,1.08892922,0.456402809,0.200355061,0.576361379,0.617965778
26244,Bchille Jbayl,0.055643879,0.456518758,0.200357295,0.575565829,0.006812812
26246,Zibdine Jbayl,0.010676157,0.455679278,0.200361764,0.457940211,0.001348277
26247,Haqel,0,0.456113319,0.200363999,0.648313488,0
26249,Kharbet Jbayl,0.028985507,0.456212179,0.200368468,0.575508038,0.00292739
26251,Qottara Jbayl,0,0.456312261,0.200372937,0.648313488,0
26253,Brayj Jbayl,0.187808896,0.455455882,0.200377406,0.458069318,0.043699641
26254,Sebrine,0,0.456135465,0.200379641,0.575498201,0
26256,Aabaydat,0.035496957,0.45582248,0.20038411,0.575541237,0.003177641
26257,Mayfouq,0,0.455850516,0.200386344,0.575498201,0
26259,Behdaydat,0,0.455514626,0.200390814,0.575498201,0
26261,Ramout,0,0.454356325,0.200395283,0.575498201,0
26263,Saqiet El-Khayt,0,0.454203468,0.200399752,0.575498201,0
26264,Kfar Qouas,0,0.455469396,0.200401986,0.648313488,0
26266,Fatre,0.272511848,0.455047374,0.200406456,0.330016959,0.036428005
26267,Kfoun,0,0.456087532,0.20040869,0.648313488,0
26269,Bintaael,0.03500761,0.455338859,0.200413159,0.385142138,0.003881368
26271,Beit Habbaq,0.033898305,0.45460939,0.201181839,0.575505579,0.005253991
26273,Kafr,0,0.455856091,0.200422097,0.648313488,0
26274,Jlisseh,0.12345679,0.456099249,0.200424332,0.575510497,0.022853007
26276,Bejjeh,0.032879819,0.455970818,0.200428801,0.57553386,0.006037498
26277,Ghalboun,0.051643192,0.456218271,0.200431036,0.575538778,0.00927453
26279,Chamate,0.087403599,0.455536767,0.200435505,0.575581814,0.013884696
26281,Hbaline,0.096296296,0.455419658,0.200439974,0.57556214,0.021804303
26283,Bmehrayn,0.944444444,0.453962188,0.200444443,0.457991854,0.218344617
26284,Hboub,0.156340475,0.454182671,0.201210888,0.458261136,0.036850266
26286,Hsarat,0.045423729,0.45644939,0.200451147,0.575639605,0.003372357
26287,Kfar Mashoun,0,0.453986576,0.200453381,0.575498201,0
26289,Aain Kfaa,0,0.456477867,0.20045785,0.648313488,0
26291,Ghofrine,0.005625879,0.451725114,0.200844425,0.57550312,0.001536748
26293,Maad,0,0.456194549,0.200466789,0.575653131,0
26294,Gharzouz,0.011160714,0.456162284,0.200469023,0.575504349,0.004475855
26295,Chikhane,0.048342541,0.456061016,0.200471258,0.34874925,0.0237862
26296,Chmout,0,0.45636691,0.200473492,0.575498201,0
26297,Bekhaaz,0,0.456201376,0.200475727,0.648313488,0
26298,Fghal,0.053019146,0.455216833,0.200477961,0.575542467,0.007138842
26299,Bayzoun,0.961538462,0.455230255,0.200480196,0.721405434,0.104061122
26311,Qartaba,0.043031649,0.456138215,0.206640096,0.458119732,0.009110419
26314,Mar Sarkis,0,0.455818149,0.200513714,0.457929144,0
26317,Aain El-Ghouaybeh,34.23913043,0.456356547,0.200520418,0.650250104,5.228811375
26321,Mazraat Es Siyad,0.090715048,0.456611724,0.200529356,0.385322889,0.051556692
26324,Hdeine,0,0.455130894,0.20053606,0.539090558,0
26327,Janneh,2.838709677,0.456677806,0.200542764,0.458595586,0.787855897
26331,Lassa,13.47305389,0.456721651,0.200933807,0.559310299,2.46688271
26334,Seraaiita,8.333333333,0.455727966,0.200558406,0.648344228,1.004423185
26337,Ghabat,0,0.455735125,0.20132932,0.648313488,0
26341,Mghayreh Jbeil,0.125250501,0.456312043,0.200574048,0.458152931,0.069574669
26344,Tadmor,0,0.456570872,0.200580751,0.385113858,0
26347,Yanouh Jbayl,0,0.45578154,0.224802191,0.575498201,0
26351,Qorqraiya,0.310559006,0.456749465,0.200978498,0.553644311,0.015519002
26354,Boulhos,29.5,0.459567619,0.200603097,0.45800169,6.815916817
26357,Majdel El-Aqoura,0.053003534,0.456559259,0.200609801,0.648350376,0.015394903
26361,Laqlouq,0.180505415,0.456192267,0.200618739,0.575559681,0.019977605
26364,Afqa Jbayl,22.05882353,0.457446714,0.200625442,0.649745969,1.247515382
26367,Qahmez,0,0.456744946,0.200632146,0.352572552,0
26371,Aaqoura,0,0.456878442,0.20255161,0.648313488,0
26374,Aarab El-Lahib,0,0.456677234,0.200647788,0.575498201,0
26377,Saqi Richmaya,0,0.45640655,0.200654492,0.457929144,0
26381,Jaj,0,0.456631322,0.20066343,0.32165241,0
26384,Tartij,0.012236574,0.456915497,0.200670134,0.321674543,0.001379227
26388,Hema Mar Maroun Aannaya,0,0.456520227,0.200679072,0.575498201,0
26390,Hema Er-Rehban,0,0.456503557,0.200683541,0.385113858,0
26392,Aarasta,0,0.454900883,0.20068801,0.457929144,0
31111,Trablous Ez-Zeitoun,0.011254689,0.335502623,0.500954178,0.532941083,0.002964789
31116,"Trablous El-Haddadine, El-Hadid, El-Mharta",0,0.310390307,0.238847015,0.243349622,0
31121,Trablous Et-Tell,0.001074514,0.275020554,0.281950151,0.444002635,0.000515033
31126,Trablous En-Nouri,0,0.28043995,0.220891014,0.433733965,0
31131,Trablous El Mhatra,0,0.281127287,0.220902186,0.433733965,0
31136,Trablous Er-Remmaneh,0,0.276748116,0.220913359,0.433733965,0
31141,Trablous Es-Souayqa,0,0.283575932,0.228586038,0.243349622,0
31146,Trablous El Hadid,0,0.286229696,0.220935705,0.243349622,0
31151,Trablous El-Qobbe,0.001304729,0.409991336,0.36830669,0.306155039,0.000621159
31156,Trablous Ez-Zahrieh,0,0.296302873,0.277548424,0.451529842,0
31161,Trablous et Tabbaneh,0,0.352912056,0.528826458,0.313646587,0
31166,Trablous jardins,0.021017234,0.290812951,0.264163448,0.639929608,0.000765015
31171,Mina N:1,0.007982158,0.285848397,0.220991569,0.434077023,0.004706215
31176,Mina N:2,0.009257528,0.291160953,0.221002742,0.433855696,0.000435322
31181,Mina N:3,0,0.332471032,0.351265674,0.478742277,0
31186,Mina Jardin,0.008823989,0.294928797,0.221025087,0.4341176,0.002343797
31221,Qalamoun,0.022447622,0.303953879,0.237935328,0.436498791,0.001126679
32111,Amioun,0.027886224,0.497580979,0.183183231,0.616229592,0.006943027
32113,Kfar Aaqqa,0.006006588,0.49834918,0.18395191,0.433772083,0.001426563
32115,Kfar Saroun El-Koura,0.095070423,0.495157032,0.182810064,0.438900885,0.022329796
32117,Bechmizzine,0.04894027,0.498780747,0.182432428,0.433890124,0.017333597
32119,Bterram,0.001665279,0.500022277,0.182819002,0.433743802,0.000345628
32121,Bziza,0.194868662,0.499681191,0.182441366,0.616203771,0.114213096
32123,Kfar Hazir,0,0.498746805,0.18282794,0.433800364,0
32125,Bsarma,0.021616541,0.499032572,0.18359662,0.33813684,0.011099059
32127,Aafsdiq,0.035455861,0.498943323,0.182836878,0.338140529,0.018707098
32129,Dar Chmizzine,0,0.499611593,0.182459242,0.615772182,0
32131,Dar Baaechtar,0.026872691,0.499682256,0.182463711,0.61587055,0.004488249
32133,Bhabbouch El-Koura,1.655290102,0.499303822,0.182468181,0.435053324,0.835134684
32135,Ain Aakrine,0,0.499217262,0.18247265,0.433733965,0
32137,Kousba,0.044845842,0.498988456,0.183241329,0.616150898,0.017439359
32139,Rechdibbine,0,0.498859356,0.182481588,0.338080278,0
32141,Bnehran,1.195945946,0.499665342,0.182486057,0.721639057,0.203741484
32143,Aaba,0.074550129,0.499265562,0.19519398,0.338151595,0.017380847
32145,Bdebba,0,0.499417326,0.182494995,0.338080278,0
32147,Fiaa,0.08127572,0.499471542,0.18288157,0.338312672,0.023291492
32149,Majdel el-Koura,0.037096774,0.499787844,0.186735058,0.578026944,0.008633032
32151,Kaftoun,0,0.498499005,0.182508403,0.615772182,0
32153,Btaaboura,0.027348395,0.498677113,0.182512872,0.473964302,0.006600967
32155,Kfar Hata El-Koura,0,0.498109258,0.182899446,0.338177416,0
32157,Ijdaabrine,0.055632823,0.499163687,0.18252181,0.520167679,0.029056628
32159,Batroumine,0.115571776,0.498630893,0.182526279,0.43405612,0.023223867
32161,Badbhoun,0,0.499090821,0.182530748,0.433733965,0
32163,Barghoun,0.014583333,0.499409321,0.182535217,0.433742573,0.00104817
32165,Bednayel El-Koura,0.327272727,0.4986513,0.185233068,0.648534815,0.076099919
32167,Kfar Kahel,0.055282555,0.498882072,0.183308366,0.374543253,0.012894119
32169,Btouratij,0.027522936,0.498017984,0.18293073,0.433800364,0.000991852
32171,Qalhat,0.169836957,0.499061135,0.183699409,0.434041365,0.040271297
32173,Deir El-Balamand,0,0.49671424,0.182939668,0.433733965,0
32175,Zakroun,0,0.499023007,0.182944137,0.615772182,0
32177,Kafraya El-Koura,0.026254376,0.495786762,0.182566501,0.45806317,0.006187372
32179,Deddeh,0.022747953,0.498839824,0.183335181,0.433918405,0.012900902
32181,Enfeh,0.039165995,0.497841874,0.187542807,0.543374959,0.016120317
32183,Hraiche,0,0.498218219,0.183726224,0.433733965,0
32185,Ras Masqa,0.031847134,0.496410775,0.192910541,0.55076568,0.01807333
32187,Barsa,0.023481528,0.497916269,0.189495465,0.433826185,0.000712937
32189,Bkeftine,0.006037736,0.498446365,0.182593316,0.414699814,0.003336801
32191,Nakhleh,0.156943564,0.498486594,0.182597785,0.434342616,0.051397003
32193,Bqaiaa El-Koura,0,0.497991673,0.182602254,0.338080278,0
32195,Zgharta El-Mtaouile,3.75,0.500063926,0.182606723,0.539308197,0.842872008
33111,Zgharta,0.025119317,0.290225481,0.184030226,0.298338222,0.004347163
33113,Aardat,0.061850569,0.288661413,0.13134689,0.379007797,0.014965073
33115,Kfardlaqous,0,0.287769056,0.13211557,0.487505264,0
33117,Rachaaine,0.026387625,0.28949662,0.141247602,0.297471356,0.009352317
33119,Qarah Bach,0,0.290451541,0.131360298,0.648313488,0
33121,Kfarhata Zgharta,0,0.287033154,0.131364767,0.487505264,0
33123,Arde,0.030155805,0.289916996,0.132133446,0.487726592,0.007993966
33125,Asnoun,0,0.290265389,0.131373705,0.487505264,0
33127,Mazraat Ajbeaa,0,0.290866362,0.131378174,0.29712092,0
33129,Mejdlaiya Zgharta,0.020793479,0.287260068,0.156515662,0.395621816,0.006713702
33131,Hariq Zgharta,0,0.290147602,0.131387112,0.487505264,0
33133,Aalma,0.105592491,0.29758691,0.138670983,0.297452912,0.054134954
33135,Mazraat Jnaid,0,0.291070126,0.131396051,0.648313488,0
33137,Deir Jdeide,0,0.289138043,0.13140052,0.487505264,0
33139,Khaldiyeh,0,0.290372243,0.131404989,0.187897991,0
33141,Iaal,0,0.290898942,0.131409458,0.457978328,0
33143,Kfarhoura,0,0.290684424,0.131413927,0.385113858,0
33145,Kfarzaina,0.01283148,0.290785639,0.137551482,0.224357277,0.001684205
33147,Kfarchakhna,0,0.290900381,0.131422865,0.414689977,0
33149,Bsebaal,0,0.290524317,0.131427335,0.414689977,0
33151,Sakhra,0,0.291069573,0.131431804,0.224305634,0
33152,Houakir,0,0.290723354,0.131434038,0.160844186,0
33153,Kfaryachit,0.07826087,0.289538787,0.131818378,0.64836882,0.007814277
33155,Morh Kfarsghab,0,0.291195231,0.131822847,0.575498201,0
33157,Bchannine,0,0.290982225,0.131445211,0.376988383,0
33159,Bnechaai,0,0.290650119,0.13144968,0.374487922,0
33161,Aarjis,0.047368421,0.291112557,0.131836254,0.374543253,0.003387485
33163,Daraiya Zgharta,0,0.291237389,0.131458618,0.648313488,0
33165,Kfarfou,0.032592593,0.290955643,0.131463088,0.520145546,0.003728578
33167,Ras Kifa,0.040128411,0.2911566,0.131467557,0.721159514,0.020937773
33169,Karm Saddeh,0.015058179,0.291094655,0.131472026,0.374514973,0.002936791
33171,Tallet Zgharta,0,0.290889603,0.131476495,0.29712092,0
33211,Ehden,1.584507042,0.29086154,0.132330088,0.381889434,0.368518511
33215,Beslouqit,0,0.293014748,0.131574816,0.29712092,0
33219,Aintourine,0,0.289963009,0.131583754,0.224305634,0
33223,Kfarsghab,0,0.291126616,0.131592692,0.224305634,0
33227,Aarbet Qozhaiya,0,0.291225915,0.13160163,0.575498201,0
33231,Toula Zgharta,0,0.290587284,0.131610568,0.417306097,0
33235,Mazraat Et-Teffah,0.148837209,0.291081187,0.13239304,0.297160268,0.011580867
33239,Bhairet Toula,0,0.290537632,0.131628445,0.224305634,0
33243,Ayto,0,0.291135977,0.131637383,0.374487922,0
33251,Miziara,0.117260788,0.289990943,0.13165526,0.37510272,0.013232362
33255,Seraal,0,0.291416707,0.131664198,0.648313488,0
33259,Sebaal Zgharta,0,0.291354264,0.131673136,0.575498201,0
33263,Danha,0,0.29045938,0.131682074,0.29712092,0
33267,Aachach,0,0.289936994,0.131691013,0.187897991,0
33271,Miriata,0.064129008,0.293378619,0.133228372,0.188537382,0.001044072
33275,Hailan,0.01565762,0.293890565,0.131708889,0.743985619,0.005322659
33279,Boussit,0,0.291276856,0.131717827,0.233659473,0
33283,Mzraat Kefraya,0,0.291464953,0.131726766,0.490121384,0
33287,Hraiqis,0,0.291480461,0.131735704,0.380898454,0
33291,Ijbaa,0,0.291376245,0.131744642,0.224305634,0
34001,Litige,,,,0.433733965,0
34002,Litige,,,,0.575498201,0
34111,Batroun,0.452168082,0.215662109,0.235154102,0.541680091,0.258238263
34122,Rachana,0,0.222135058,0.212328972,0.575498201,0
34133,Thoum,0.31496063,0.218513777,0.221481115,0.575744121,0.038349171
34144,Kfar Aabida,0.034542314,0.217893118,0.212760238,0.575940856,0.00521663
34155,Koubba,0.133645346,0.22026262,0.212402713,0.648629494,0.056027166
34166,Selaata,0.038240918,0.220757399,0.212809398,0.64833808,0.012878049
34177,Heri,0.328947368,0.218701899,0.214362399,0.57605152,0.084455382
34188,Chikka,0.008147967,0.22048096,0.228572999,0.539213518,0.004777709
34211,Dahr Abi Yaghi,0,0.223725293,0.212527848,0.575498201,0
34212,Toula El-Batroun,0.013861386,0.223604918,0.212530083,0.575506808,0.001852991
34214,Masrah,0,0.223498268,0.212534552,0.575498201,0
34215,Daraya El-Batroun,0.085987261,0.222478091,0.212536786,0.5755314,0.010117531
34217,AAbdelli,0.073369565,0.223400487,0.212541256,0.575564599,0.011635711
34218,Douq,0,0.223732076,0.21254349,0.648313488,0
34219,Jrabta El-Batroun,0.116161616,0.223663928,0.212545725,0.575526482,0.011004292
34221,Chibtine,0.07963595,0.222888719,0.212550194,0.575584273,0.011061417
34223,Deir Kfifane,0,0.222098752,0.212554663,0.575498201,0
34224,Sghar,0.048850575,0.223801711,0.212556897,0.575519104,0.004631977
34226,Mar Mama,0.090909091,0.223840472,0.212561367,0.575512956,0.012957564
34227,Deir Mar Youssef Jrabta,0,0.223444488,0.212563601,0.575498201,0
34229,Mrah Ez Ziyat,0.240963855,0.22246513,0.21256807,0.575547385,0.038414698
34231,Ghouma,0,0.222766181,0.212572539,0.575498201,0
34233,Kfifane,0.358657244,0.222241033,0.212577009,0.57574781,0.131108174
34234,Jrane El-Batroun,0.115321252,0.221715069,0.212579243,0.575584273,0.016966348
34236,Mehmarch,0.033707865,0.223412679,0.212583712,0.575516645,0.010833403
34237,Aalali,0,0.223471948,0.212585947,0.575498201,0
34239,Smar Jbayl,0.253623188,0.22252424,0.212590416,0.575627309,0.042326808
34241,Kfar Hatna,0.3725,0.222759583,0.212594885,0.575681411,0.086465652
34243,Zaneh,0,0.223072546,0.212599354,0.575498201,0
34244,Ftahat El-Batroun,0,0.222896254,0.212601589,0.575498201,0
34246,Kour,0.044642857,0.222672193,0.212606058,0.338123314,0.005779044
34247,Racha,0,0.223681499,0.212608292,0.575498201,0
34249,Basbina,0,0.211881677,0.212612761,0.575498201,0
34251,Aartiz,0,0.223420212,0.212617231,0.575498201,0
34253,Harbouna,0,0.223199538,0.2126217,0.575498201,0
34254,Mrah El-Hajj,0,0.223740358,0.212623934,0.575498201,0
34256,Mrah Chdid,0.116883117,0.22264188,0.212628403,0.575542467,0.012235166
34257,Kfarb Shlaimane,0,0.223446521,0.212630638,0.575498201,0
34259,Edde El-Batroun,0,0.221218411,0.212635107,0.575498201,0
34261,Sourat El-Batroun,0,0.22343488,0.212639576,0.575498201,0
34263,Assia,0.037790698,0.223867229,0.213026151,0.575546156,0.008122377
34264,Bijdarfil,0.155574762,0.222036124,0.21264628,0.338301606,0.021309659
34266,Ijdabra,0.147515528,0.221362308,0.212650749,0.53920737,0.024166909
34267,Helta,0.029520295,0.223615656,0.212652984,0.575508038,0.004130922
34269,Aabrine,0.288,0.222322591,0.212657453,0.539754541,0.043008722
34271,Kfar Hay,0.010380623,0.223771673,0.212661922,0.539097936,0.004273577
34273,Nahleh El-Batroun,0,0.223819273,0.212666391,0.575498201,0
34274,Jebla,0.031358885,0.223824324,0.212668625,0.575509268,0.006445051
34276,Rachkida,2.676579926,0.223634486,0.212673095,0.650288222,0.434452616
34277,Boqsmaiya,0.03539823,0.223610966,0.213057434,0.57553263,0.006967362
34279,Daael,3.176470588,0.223768834,0.212679798,0.575885525,0.615030368
34281,Kfar Khollos,0,0.223147118,0.212684267,0.457929144,0
34283,Qatnaaoun,0,0.222800084,0.212688737,0.457929144,0
34284,Ras Nahhach,0.019452888,0.223555172,0.212690971,0.575616243,0.001364968
34286,Ouajh El-Hajjar,0,0.2230171,0.21269544,0.457929144,0
34287,Hamat,0.073589534,0.223546413,0.213461885,0.648534815,0.017621734
34311,Douma,0.041326808,0.223744396,0.213133409,0.575591651,0.026264515
34316,Bcheaali,0.025193798,0.224053,0.212762477,0.575514186,0.00352169
34321,Beit Chlala,0.03057554,0.223644121,0.21277365,0.575519104,0.004866048
34326,Deir Mar Youhanna EL-Batroun,0,0.22376986,0.212784823,0.575498201,0
34331,Bechtoudar,0.02901354,0.224114172,0.212795995,0.575516645,0.010596791
34336,Kfar Hilda,0,0.223850672,0.212807168,0.575522793,0
34341,Kfour El-Aarbi,0,0.224156454,0.213200446,0.575498201,0
34346,Ram El-Batroun,0,0.223654952,0.212829514,0.575498201,0
34351,Hadtoun,0,0.223754766,0.212840687,0.575498201,0
34356,Tannourine Et-Tahta,0.029333333,0.224077222,0.213233965,0.575538778,0.005044315
34361,Hardine,0,0.224178223,0.213245137,0.575498201,0
34366,Chatine,0,0.223997772,0.212874205,0.575498201,0
34371,Beit Kassab,0,0.224207814,0.212885378,0.385113858,0
34374,Deir Billa,0.083441982,0.224012077,0.212892082,0.64845981,0.034654253
34376,Niha El-Batroun,0,0.224364008,0.212896551,0.385113858,0
34381,Ouata Houb,0,0.224004287,0.212907723,0.414689977,0
34386,Tannourine El-Faouqa,0.001977066,0.224364925,0.212918896,0.648319636,0.000300965
35001,Litige,,,,0.433733965,0
35002,Litige,,,,0.301672635,0
35003,Litige,,,,0.184103578,0
35111,Halba,0.031139909,0.539041846,0.102769528,0.346503862,0.016380046
35113,Cheikh Mohammad,0.06683641,0.52945275,0.105850241,0.338392596,0.034837594
35115,Nfisseh,0.098619329,0.529048041,0.093588539,0.338203238,0.021094062
35117,Idbil,0.037874505,0.530092094,0.093975114,0.338162661,0.012296755
35119,Kroum El-Aarab,0.351791531,0.530707876,0.093597478,0.338478668,0.013125558
35121,Cheikh Taba Es-Sahl,0,0.530841827,0.093601947,0.338080278,0
35123,Cheikh Taba,0.005988024,0.529660518,0.093606416,0.45870366,0.001545072
35125,Jdidet Ej-Joumeh,0,0.529238444,0.093610885,0.458686446,0
35126,Daouret Aakkar,0.029515939,0.534326752,0.09437733,0.338237667,0.003932461
35127,Zouarib,0.063261481,0.529143213,0.093615354,0.539256554,0.011626942
35128,Majdel Akkar,0,0.541774517,0.10129774,0.338080278,0
35129,Minyara,0.011101243,0.528831871,0.095530349,0.458849983,0.006944988
35131,Hakour,0.126365055,0.529767684,0.093624292,0.458786043,0.028414947
35133,Karm Aasfour,0,0.529770472,0.093628761,0.458686446,0
35134,Mazraat Beit Ghattas,0,0.529998846,0.093630996,0.539090558,0
35135,Qantarat Aakkar,0.083003953,0.530956169,0.093633231,0.567986841,0.045640206
35137,Machha,0.00408694,0.536854129,0.095548226,0.338184794,0.0000272
35139,Hayzouq,0.038332213,0.531271657,0.094406379,0.338150365,0.000640871
35141,Aarqa,0.016414372,0.532733223,0.094028743,0.45879711,0.000399409
35143,Souaisset Aakkar,0.02091402,0.534340222,0.094797423,0.338113477,0.000216779
35145,Ilat,0,0.531459424,0.093655576,0.447303208,0
35147,Bqerzla,0.010297483,0.530592982,0.100175236,0.45876637,0.001750134
35149,Deir Dalloum,0.030975671,0.541602693,0.094428725,0.459024585,0.016952596
35151,Zouq El Hosniyeh,0.078488372,0.537979303,0.093668984,0.458852442,0.000742018
35153,Zouq El-Hbalsa,0.007861635,0.530713853,0.093673453,0.458692594,0.000141931
35155,Dahr Laissine,0,0.530184844,0.094060027,0.338080278,0
35157,Kfar Harra,0,0.530544124,0.093682391,0.338080278,0
35158,Balde WaMazraatBaldeh,0,0.531873489,0.093684625,0.084234487,0
35159,Zouq El-Hadara,0.041736227,0.530486497,0.09368686,0.458717186,0.004025496
35161,Zouq El-Moqachrine,0,0.529019449,0.093691329,0.458741778,0
35163,Jebrayel,0.017912773,0.530861955,0.093695798,0.447331489,0.003428915
35167,Mar Touma,0.02188392,0.531259011,0.094086842,0.458714727,0.000151095
35169,Hedd,0.0625,0.530354951,0.094473416,0.120659345,0.008608779
35171,Tikrit,0.017464198,0.53864597,0.101757286,0.338323739,0.001331103
35173,Tallet Chattaha,0,0.529540944,0.093718144,0.348706214,0
35174,Beit Mellat,0,0.530183441,0.093720378,0.447303208,0
35175,Beino,0.141891892,0.531357883,0.094104718,0.338467602,0.063819036
35177,Aayoun Aakkar,0.015557476,0.529561678,0.094109187,0.338102411,0.00035211
35179,Qboula,0,0.529152972,0.093731551,0.338080278,0
35181,Chaqdouf,0.043062201,0.529540274,0.09373602,0.338102411,0.022850852
35183,Borj Aakkar,0.038834951,0.528755753,0.0945047,0.539134823,0.000984087
35185,Aaiyat,0.021220159,0.533507367,0.094509169,0.340629924,0.00067284
35187,Aain Yaaqoub,0.007692308,0.531571957,0.094131533,0.447320422,0.001615438
35189,Bezbina,0.062927497,0.532058286,0.094136002,0.648595066,0.036006942
35191,Aakkar El-Aatiqa,0.019611708,0.543714298,0.100654905,0.447547898,0.000425673
35211,Tall Aabbas El-Gharbi,0.009179781,0.53228774,0.10944581,0.338174957,0.002328807
35213,Tall Aabbas Ech-Charqi,0.099778271,0.532165697,0.100322717,0.338356938,0.054229174
35215,Koueikhat,0.011083123,0.53664197,0.094958311,0.338107329,0.000128265
35216,Khreibet Ej-Jindi,0.066646742,0.536367019,0.102239947,0.338628679,0.002071623
35217,Saadine,0,0.530916591,0.093816465,0.338080278,0
35219,Haouchab,0.008155868,0.534896337,0.093820934,0.338102411,0.00193295
35221,Hayssa,0,0.541226501,0.114373159,0.338206927,0
35223,Hokr Etti,0,0.533264644,0.10909052,0.338080278,0
35224,Chir Hmairine,0,0.535541844,0.106862488,0.338080278,0
35225,Darine,0,0.531612254,0.093834341,0.338080278,0
35227,Sammouniyeh,0.011883803,0.53200462,0.099971895,0.338113477,0.000344384
35229,Massaaoudiyeh,0,0.537498539,0.102970842,0.458686446,0
35231,Tall Meaayan Tall Kiri,0.016429014,0.538168056,0.095758274,0.458751615,0.003938893
35233,Qaabrine,0,0.533288882,0.093852217,0.147695935,0
35234,Kfar Melki Aakkar,0,0.532290539,0.111143925,0.458686446,0
35235,Tall Bireh,0.035498758,0.533859646,0.112111812,0.458842605,0.008088109
35237,Tall Hmayra,0,0.536449429,0.100758451,0.338080278,0
35239,Hokr Jouret Srar,0,0.528974921,0.093865625,0.458686446,0
35241,Barcha,0,0.530131711,0.093870094,0.458686446,0
35243,Qleiaat Aakkar,0.006651885,0.543907757,0.094256668,0.256955752,0.000186092
35245,Kneisset Aakkar,0,0.532500529,0.120704005,0.458686446,0
35247,Tall Sebaal,0.072222222,0.531254409,0.093883501,0.338096263,0.01672151
35249,Aabboudiyeh,0,0.540678195,0.113671516,0.338080278,0
35251,Mighraq Aakkar,0,0.531077845,0.09389244,0.338080278,0
35253,Hokr Ed-Dahri,0,0.531824956,0.093896909,0.338080278,0
35255,Marlaya Melhem,0,0.530579007,0.093901378,0.458686446,0
35257,Kharnoubet Aakkar,0,0.530360731,0.093905847,0.338080278,0
35259,Semmaqli,0.042990654,0.530438483,0.093910316,0.458714727,0.00999477
35261,Mqaiteaa,0.002449595,0.538148973,0.09429689,0.43374995,0.0000468
35263,Janine,0,0.531237353,0.093919254,0.338080278,0
35265,Aamaret Aakkar,0.058958652,0.533189842,0.093923723,0.554434812,0
35267,Cheikh Zennad,0,0.53437039,0.093928193,0.338080278,0
35269,Qoubber Chamra,0,0.534017056,0.094696872,0.458686446,0
35271,Sammaqiyeh,0,0.534276578,0.100452321,0.338080278,0
35273,AAridet Cheikh Zennad,0,0.535700326,0.113487172,0.338080278,0
35275,Bebnine,0.060694745,0.596043837,0.126511942,0.636600938,0.000752043
35277,Mhammaret,0.061829873,0.544010277,0.142832286,0.660020455,0.000786069
35281,Rmoul,0,0.530603333,0.093959476,0.338080278,0
35311,Sayssouq,0,0.530729895,0.094026513,0.458686446,0
35314,Berqayel,0.061097356,0.550403417,0.112413071,0.46212755,0.000694798
35316,Bzal,0.036797274,0.53613533,0.094801896,0.338213075,0.000449999
35317,Qloud El-Baqieh,0,0.530517272,0.094039921,0.458686446,0
35318,Dinbou,0,0.560484973,0.09442426,0.539090558,0
35320,Chane,0.019070322,0.536048859,0.094046624,0.120681477,0.000386592
35321,Beit Younes,0.051387461,0.532352515,0.094048859,0.266334183,0.000442562
35322,Houaich,0.02955665,0.535279517,0.095197409,0.338146677,0.00379493
35324,Sfaynet El-Qaitaa,0.008360129,0.539158096,0.10356523,0.43374995,0.0000171
35325,Qabaait,0.147937836,0.538295347,0.094439902,0.375096572,0.001585443
35326,Habchit,0.183050847,0.53232367,0.094060032,0.374844505,0.027061756
35327,Sadaqa,0,0.530713467,0.094062266,0.266272703,0
35328,Hrar,0.083892617,0.537224116,0.094828711,0.084664846,0.006342319
35330,Khreibet Aakkar,0,0.530811873,0.09406897,0.285244767,0
35331,Hmaireh Aakkar,0.104982206,0.530139081,0.094071204,0.458819243,0.038865685
35334,Qraiyat,0,0.531149786,0.094077908,0.12064213,0
35337,Beit Ayoub,0.021484375,0.531402817,0.094084612,0.338107329,0.0000873
35341,Qardaf,0.040413112,0.540361527,0.102137161,0.45879711,0.000362783
35344,Jdeidet El-Qaitaa,0.042092604,0.542906286,0.094482359,0.56808152,0.000445926
35347,Aayoun El-Ghizlane,0,0.53028015,0.094106957,0.458686446,0
35351,Michmich Aakkar,0.014950166,0.550752888,0.115189888,0.348827945,0.000152704
35352,Qornet Aakkar,0,0.536111488,0.095646551,0.539090558,0
35353,Fnaydeq,0.010762406,0.56873354,0.097568634,0.338241356,0.001423836
35354,Majdala,0.119787718,0.534809981,0.10638877,0.458880723,0.001464585
35356,Tshea,0,0.531432835,0.094127068,0.447303208,0
35357,Rahbeh,0.067883212,0.531805221,0.100644494,0.448099988,0.015062041
35364,Ouadi El-Jamous,0.024170807,0.551941966,0.102570661,0.461408235,0.000176897
35367,Beit El-Haouch,0,0.531044858,0.094151649,0.458686446,0
35371,Menneaa,0,0.530861972,0.094160587,0.447303208,0
35402,Cheikhlar,0,0.531093481,0.094229858,0.329734151,0
35404,Rmah,0,0.531260481,0.094234327,0.332234613,0
35406,Kfar Noun,0,0.531041345,0.094238796,0.147695935,0
35408,Bardeh,0.25974026,0.530974622,0.095007476,0.374537105,0.060119065
35410,Khirbet Er Remmane,0,0.531114183,0.094247735,0.520118495,0
35411,Sindianet Zeidane,0,0.532940697,0.094249969,0.338080278,0
35412,Fraydes Aakkar,0,0.531471372,0.094252204,0.338080278,0
35414,Mounjez,0,0.531142261,0.094638778,0.150196396,0
35415,Qsair Aakkar,0,0.531145677,0.094258907,0.338080278,0
35416,Biret Aakkar,0.027099544,0.536766156,0.113780125,0.338363086,0.006806514
35417,Khirbet Daoud Aakkar,0.007256894,0.53315449,0.094645482,0.33810487,0.00032202
35419,Daghleh,0.006944444,0.531511343,0.094267846,0.338086426,0.004048327
35420,Aaouaainat Aakkar,0,0.531013863,0.09427008,0.329734151,0
35421,Aamriyet Aakkar,0,0.531002332,0.094272315,0.520118495,0
35423,Kafr,0,0.530949736,0.094276784,0.520118495,0
35425,Bsatine Aakkar,0,0.530910995,0.094281253,0.338080278,0
35427,Aain Ez-Zeit,0.020496224,0.533949736,0.094667827,0.338127003,0.003676917
35429,Kouachra,0.034992224,0.535018777,0.094290191,0.084436141,0.000439782
35430,Khalsa,0,0.531064578,0.094292426,0.329734151,0
35431,Khirbet Char,0,0.531780816,0.09429466,0.338080278,0
35432,Dibbabiyeh,0.044720497,0.532199185,0.094296895,0.338124544,0.02625578
35433,Berbara Aakkar,0,0.531338815,0.09429913,0.338080278,0
35435,Aain Tinta,0.045918367,0.531790796,0.094685704,0.520151694,0.001386079
35437,Machta Hammoud,0.003740275,0.542985597,0.106110367,0.332296093,0.000100936
35439,Baghdadi,0.007742935,0.532002229,0.094694642,0.084259079,0.0000666
35441,Deir Jannine,0,0.531094407,0.094317006,0.447303208,0
35443,Douair Aadouiyeh,0.016423358,0.532865971,0.094321475,0.084245553,0.000197052
35445,Noura Et-Tahta,0.151162791,0.532631525,0.094325944,0.338224141,0.035240928
35447,Sfinet Ed-Draib,0.017612524,0.531339893,0.094330413,0.447314274,0.00200223
35449,Aamaret El-Baykat,0.042811502,0.532366963,0.094334883,0.338162661,0.009712558
35451,Msalla,0,0.531147034,0.094339352,0.374487922,0
35453,Qachlaq,0,0.531764886,0.094343821,0.338080278,0
35455,Ouadi El-Haour,0.015837104,0.531979928,0.09434829,0.338088885,0.000317179
35457,Charbila,0,0.531248703,0.094352759,0.338080278,0
35459,Tleil,0.02713305,0.531201943,0.094739333,0.338182335,0.017918868
35461,Mzeihmeh,0.625,0.531018852,0.094361697,0.338086426,0.144415142
35463,Haytla,0,0.531479452,0.094366166,0.338080278,0
35465,Knisseh,0,0.532709819,0.094370635,0.338080278,0
35467,Rihaniyet Aakkar,0,0.533696905,0.09475721,0.567909376,0
35469,Saidnaya,0,0.530584144,0.094379574,0.458686446,0
35470,Hmaiss Aakkar,0,0.531098795,0.094381808,0.338080278,0
35471,Srar,0,0.530701465,0.094384043,0.338080278,0
35475,Ghazayleh,0.023883697,0.53155506,0.094392981,0.458714727,0.010697433
35484,Aarmeh,2.322580645,0.531193387,0.094413092,0.338168809,0.536809523
35486,Mazraat En-Nahriyeh,0,0.533909434,0.094417561,0.329734151,0
35487,Qbaiyat Aakkar,0.000589623,0.531826146,0.095575434,0.147702083,0.000102478
35498,Aandqet,0.01087942,0.531456874,0.094826481,0.256977885,0.001856325
35511,Dayret Nahr El-Kabir,0,0.531806727,0.102899142,0.338080278,0
35512,Aamayer,0.001420942,0.614540266,0.186587829,0.525155076,0.0000808
35514,Hnaider,0,0.535068541,0.094862234,0.338080278,0
35515,Kneisset Hnaider,0,0.53821682,0.094482363,0.338080278,0
35516,Mazareaa Jabal Akroum,0.013074984,0.543101397,0.096022341,0.338284392,0.000640999
35518,Qarha Aakkar,0.353864734,0.531350839,0.094489067,0.148056207,0.082548886
36110,Mchaa Ej-Jibbé,0,0.223920452,0.098129677,0.457929144,0
36111,Bcharreh,0.227447217,0.224370391,0.111544398,0.297412335,0.028255222
36114,Qnayouer,0,0.223832446,0.098138615,0.385113858,0
36117,Billa,0,0.223590022,0.098145319,0.575498201,0
36121,Aabdine,0,0.223492459,0.098154257,0.575498201,0
36124,Tourza,0.049916805,0.223499217,0.098160961,0.575535089,0.002556308
36127,Qnat,0,0.223805171,0.098167664,0.575498201,0
36131,Hadath Ej-Jebbeh,0,0.223782483,0.098176603,0.32165241,0
36134,Mazraat Bani Saab,0,0.223779269,0.098183306,0.575498201,0
36137,Berhalioun,0.056375839,0.223788305,0.09819001,0.575549844,0.004745664
36141,Ouadi Qannoubine,0.095238095,0.223780819,0.098198948,0.297133216,0.004389666
36144,Mazraat Aassaf,0,0.223959624,0.098205652,0.457929144,0
36147,Bane,0,0.2238405,0.098212356,0.224305634,0
36151,Blaouza,0,0.223767719,0.098221294,0.224305634,0
36154,Moghr El-Ahoual,0,0.223441011,0.098227997,0.374487922,0
36157,Breissat,0,0.223709872,0.098234701,0.312298571,0
36161,Dimane,0,0.223647414,0.098243639,0.224305634,0
36164,Metrit,0.478448276,0.223656406,0.098632448,0.338232748,0.154321388
36171,Hasroun,0.012547529,0.224013521,0.09864809,0.414730554,0.00157875
36177,Hadchit,0,0.224379111,0.098279392,0.414689977,0
36181,Bazaaoun,0,0.223603441,0.098288331,0.575498201,0
36184,Bqerqacha,0,0.2244254,0.098295034,0.575498201,0
36187,Beit Menzer,0,0.223778941,0.098683843,0.457929144,0
36191,Bqaa Kafra,0,0.223996251,0.098310676,0.539090558,0
37001,Litige,,,,0.392774608,0
37002,Litige,,,,0.285244767,0
37003,Litige,,,,0.29712092,0
37004,Litige,,,,0.160844186,0
37005,Litige,,,,0.392774608,0
37006,Litige,,,,0.414689977,0
37231,Beddaoui,0.068809811,0.210409812,0.246423411,0.665424687,0.00146842
37241,Deir Aammar,0.030594266,0.188345883,0.144542979,0.395704199,0.000404183
37251,Borj El-Yahoudiyeh,0.02724359,0.186314719,0.139980062,0.490142287,0.00032564
37261,Nabi Youcheaa,0.20661157,0.185779378,0.150276286,0.495675626,0.002049284
37271,Minie,0.050286002,0.218671893,0.178268406,0.760937302,0.008141499
37281,Rihaniyet-Miniyeh,0,0.186792665,0.140429204,0.554340133,0
37291,Zouq Bhannine,0.183694244,0.196737881,0.169951259,0.639685459,0.047800347
37311,Sir Ed-Danniyeh,0.06362335,0.188445271,0.152779543,0.127428844,0.019487445
37313,Aassoun,0.055487053,0.189122994,0.141264921,0.37844833,0.025644499
37314,Mazraat Ketrane,0,0.186036283,0.14012084,0.457929144,0
37315,Qattineh-Miniyeh,0.007525084,0.185770011,0.14702037,0.392785674,0.002547753
37317,Bqaa Sefrine,0.109737828,0.188612712,0.140509648,0.297481193,0.000700227
37319,Bqarsouna,0.025449102,0.192055626,0.140514118,0.124541059,0.000453069
37321,Hazmiyet-Miniyeh,0,0.185812251,0.140136482,0.256497873,0
37323,Tarane,0.017084891,0.186848123,0.146274036,0.433773313,0.0000919
37325,Mimrine,0.041873449,0.188253044,0.141291735,0.539256554,0.000271093
37327,Haql el Aazimeh,0.01557377,0.185403504,0.140914099,0.285268129,0.002260663
37329,Beit El-Faqs,0.081300813,0.18528648,0.140918568,0.285466094,0.000552475
37331,Mrah Es-Sfire,0,0.18551874,0.140158827,0.124436543,0
37333,Aain Et-Tineh-Miniyeh,0.016859852,0.184903111,0.147889303,0.380918127,0.0000746
37335,Kharroub-Miniyeh,0,0.185518904,0.140167765,0.473936021,0
37337,Sfireh,0.057534247,0.19039508,0.142464866,0.575653131,0.006743633
37339,Qarsaita,0.051238258,0.192317553,0.140558809,0.321799962,0.000291276
37341,Izal,0.116710875,0.196912028,0.155823926,0.38810124,0.000903973
37343,Btermaz,0.080942623,0.192533334,0.140185642,0.543151172,0.002614906
37344,Qemmamine,0,0.188141981,0.140187876,0.575498201,0
37345,Harf Es-Sayad,0.098969072,0.187222489,0.140190111,0.575616243,0.000567967
37347,Karm El-Mohr,0.00747198,0.186436895,0.140576685,0.385121235,0.000291165
37349,Beit Zoud,0.028901734,0.189262155,0.140199049,0.457947588,0.00671803
37351,Mrah Es-Srayj,0.129776496,0.187228023,0.140967729,0.338301606,0.002176586
37353,Qraine,0,0.18785628,0.140207987,0.124436543,0
37355,Haouaret-Miniyeh,0.018595041,0.186596857,0.140212457,0.385124924,0.002446892
37356,Debaael,0,0.189282587,0.140596796,0.542956895,0
37357,Beit Haouik,0.019396552,0.187684036,0.140216926,0.338091345,0.0000802
37358,Jayroun,0,0.189557124,0.152103226,0.394467696,0
37359,Bechnnata,0.470588235,0.186447718,0.15847652,0.457958655,0.108790738
37360,Qarhaiya,0.028282828,0.189071326,0.140223629,0.374505136,0.006572336
37361,Aazqai,0.121621622,0.189908126,0.149735532,0.53926762,0.001295053
37362,Aasaymout,0,0.186461695,0.140228099,0.32165241,0
37363,Kfar Chellane,0.046656299,0.19182883,0.140612438,0.634854909,0.00432258
37365,Kfar Habou,0.030740855,0.186718645,0.140234802,0.44760446,0.015133198
37367,Aaymar,0,0.186053721,0.140239271,0.32165241,0
37369,Zaghartaghrine,0,0.185608663,0.14024374,0.394467696,0
37371,Behouaita,0,0.186313977,0.14024821,0.32165241,0
37373,Kahf El-Malloul,0,0.185835516,0.140252679,0.29712092,0
37375,Jarjour,0,0.186019437,0.140257148,0.29712092,0
37377,Deir Nbouh,0.099765258,0.188352161,0.140643722,0.285453798,0.004080271
37379,Bechehhara,0,0.186156335,0.140266086,0.29712092,0
37381,Merkebta,0.129044988,0.185505871,0.146403641,0.381380456,0.021251178
37382,Raouda-Aadoua,0.138888889,0.189522095,0.140654895,0.18802095,0.000659411
37383,Qarne,0,0.186558687,0.140275024,0.394467696,0
37385,Mrebbine,0,0.186639618,0.140279493,0.575498201,0
37387,Terbol-Miniyeh,0,0.185680641,0.150567163,0.490121384,0
37389,Mazraat El-Kreme,0,0.186343766,0.140288432,0.392774608,0
37391,Bakhaaoun,0.050802139,0.193644749,0.144878163,0.439702582,0.000993657
37395,Kfar Bibnine,0.015247776,0.188343274,0.140301839,0.490136139,0.000168147
51001,Litige,,,,0.374487922,0
51111,Zahleh El-Midane,0.004199843,0.45404969,0.271656713,0.382178665,0.003559066
51113,Zahleh Haouch Ez-Zaraane,0,0.457667015,0.194331438,0.374487922,0
51115,Zahlé Mar Gerges,0,0.452549714,0.194335907,0.374487922,0
51117,Zahleh Er-Rassiyeh,0.060760107,0.449424034,0.194340376,0.434192605,0.038799833
51119,Zahleh El-Berbara,0.140889167,0.446960552,0.194344845,0.374764581,0.103092159
51121,Zahleh El-Maallaqa,0.054246278,0.461344948,0.214514965,0.339186916,0.04320638
51123,Zahlé Mar Antonios,0,0.443341997,0.194353783,0.12064213,0
51125,Zahleh Maallaqa Aradi,0.044851619,0.469665583,0.194740358,0.635234855,0.011439865
51127,Zahlé Haouch El-Oumara Aradi,0,0.468439939,0.195126932,0.671151888,0
51129,Zahlé Saydet En-Najat,0,0.456230829,0.194367191,0.374487922,0
51131,Zahleh Haouch El-Oumara,0.091511387,0.459874588,0.19437166,0.576041683,0.022336352
51133,Zahleh Aradi,0,0.46907349,0.194376129,0.374640392,0
51135,Zahlé Mar Elias,0,0.452108881,0.194380598,0.12064213,0
51139,Fourzol,0,0.472509343,0.195936602,0.433733965,0
51145,Touaite Zahleh,0,0.474428741,0.194402944,0.447303208,0
51151,Nabi Ayla,0.0027894,0.472489808,0.194416351,0.352575011,0.000199235
51157,Hazerta,0.306246826,0.477399035,0.194429758,0.543818843,0.01463085
51163,Ablah,0.004058292,0.47110918,0.195990232,0.338107329,0.002690576
51173,Qaa Er-Rim,0.008376289,0.474339431,0.194465511,0.54297288,0.004877718
51177,Niha Zahleh,0.016176471,0.473382069,0.19447445,0.243376673,0.00379685
51184,Ksara,0.278293135,0.461526794,0.195636407,0.375041241,0.065512497
51185,Mazraat Er-Remtaniyeh,0,0.474196665,0.194492326,0.256918865,0
51189,Ouadi El-Aarayech,0,0.472830909,0.20063435,0.338122085,0
51211,Chtaura,0.062517366,0.467177781,0.209046105,0.382265966,0.04765075
51214,Zebdoul,0,0.469100482,0.194557128,0.470141609,0
51217,Makseh,0.106920107,0.472161019,0.194563832,0.543456112,0.061478612
51221,Taalbaya,0.076804916,0.46976332,0.205309763,0.37864834,0.046178705
51224,Jdita,0.195907706,0.471554054,0.196117217,0.376147879,0.144734135
51227,Taanayel,0.052289101,0.470919881,0.194586178,0.280033925,0.027365886
51231,Saadnayel,0.020002222,0.47767006,0.214459671,0.374930577,0.001268466
51234,Qabb Elias,0.054584739,0.492618485,0.212546526,0.357363754,0.028649768
51237,Haouch Mandara,0,0.473201048,0.194608523,0.480767545,0
51241,Mrayjat Zahleh,0.310664606,0.473924992,0.196546632,0.377482682,0.194364381
51244,Bouarej,0.211102424,0.475054,0.19500627,0.374913362,0.018877486
51247,Chebrqiyet Tabet,0,0.463671369,0.194630869,0.279757265,0
51251,Haouch Es-Siyadeh,0,0.473964593,0.194639807,0.374487922,0
51257,Ouadi Ed-Delm,0,0.474034437,0.194653214,0.374487922,0
51261,Tcheflik Qiqano,0,0.474346199,0.194662153,0.480767545,0
51264,Haouch Qayssar,0,0.480321563,0.194668856,0.374487922,0
51267,Barr Elias,0.030157624,0.490888318,0.281816204,0.557466591,0.005255935
51271,Mzaraat Zahleh,0,0.472744511,0.194684498,0.374487922,0
51274,Tcheflik Eddé Haouch,0,0.474015311,0.194691202,0.385113858,0
51277,Tell El-Akhdar,0,0.474829242,0.194697906,0.417306097,0
51281,Aanjar (Haouch Moussa),0.021466905,0.473797471,0.201995567,0.744248753,0.005445738
51284,Majdel Aanjar,0.131225942,0.486361689,0.237982774,0.48353414,0.002219743
51287,Nasriyet Zahleh,0,0.474241832,0.19704085,0.483268007,0
51311,Riyaq,0.160009482,0.479018695,0.227414334,0.359233432,0.120612908
51317,Haouch Hala,0.085726532,0.477624348,0.194787288,0.243841461,0.065678862
51323,Aali En-Nahri,0,0.48757264,0.219725843,0.352572552,0
51329,Haouch El-Ghanam,0,0.474066742,0.194814103,0.433733965,0
51335,Haouch El-Aamara,0,0.472299633,0.19482751,0.433733965,0
51341,Hoshmosh,0,0.474265793,0.194840917,0.553582831,0
51347,Deir El-Ghazal,0,0.474452197,0.194854325,0.553582831,0
51353,Qoussaya,0,0.474769412,0.197188331,0.553582831,0
51354,Nasriyet Rizk,0,0.475553909,0.194869967,0.457929144,0
51359,Raait,0.023094688,0.476827464,0.19488114,0.744077839,0.005899093
51365,Terbol Zahleh,0,0.475956938,0.195276652,0.392774608,0
51371,Massa,0,0.476503254,0.19645502,0.743967175,0
51377,Aain Kfar Zabad,0.374301676,0.474424201,0.194921362,0.257577929,0.228303205
51383,Dalhamiyet Zahleh,0,0.474063855,0.194934769,0.575498201,0
51389,Kfarzabad,0.127086314,0.496722027,0.225913942,0.461740357,0.0750467
52001,Litige,,,,0.480767545,0
52002,Litige,,,,0.480767545,0
52003,Litige,,,,0.417306097,0
52111,Machghara,0,0.48626795,0.279225111,0.429808406,0
52116,Aain Et-Tineh BG,0,0.483714647,0.254483231,0.324152872,0
52121,Aaytanit,0.060893099,0.483335482,0.248306141,0.321726186,0.036054874
52126,Bab Mareaa,0,0.483173008,0.248317314,0.417306097,0
52131,Deir Aain Ej-Jaouzeh,0.870967742,0.483140279,0.248328487,0.417372495,0.201376466
52136,Saghbine,0.082342177,0.483016337,0.248721765,0.417604889,0.046175913
52141,Loussa,0,0.483318367,0.248350832,0.417306097,0
52146,Aain Zebdeh,0.081743869,0.482784718,0.248362005,0.419917223,0.032226077
52151,Khirbet Qanafar,0.032097004,0.483188285,0.248373178,0.32183562,0.021514881
52156,Kafraiya BG,0.034129693,0.483210934,0.249931416,0.480970429,0.01757252
52161,Aana,0,0.483516182,0.248395523,0.417437664,0
52166,Deir Tahniche,0,0.483251885,0.248406696,0.417306097,0
52171,Mansoura BG,0.013908206,0.484368379,0.248417869,0.417558165,0.009038369
52176,Aammiq BG,0.183175034,0.483576246,0.248429042,0.480933541,0.128449077
52181,Chebrqiyet Aammiq,0,0.483375596,0.248440215,0.417306097,0
52211,Joubb Jannine,0.010911736,0.48402282,0.251974166,0.32207908,0.004052786
52214,Lala,0.007269279,0.482993537,0.248513955,0.324285668,0.000134082
52217,Kamed El-Laouz,0.071913704,0.484327515,0.25004908,0.322712323,0.001758637
52221,Tall Znoub,0.129310345,0.484116322,0.248529597,0.417527425,0.029997694
52224,Baaloul BG,0.048439182,0.482799156,0.258045968,0.321936447,0.002573681
52227,Ghazzeh,0.025876941,0.484842164,0.266487711,0.42304232,0.000596866
52231,Soultan Yaacoub Faouqa,0,0.482623874,0.248551943,0.287745228,0
52234,Khiara,0.055624741,0.484017298,0.248558646,0.44473247,0.002999616
52237,Qaraaoun,0.03178415,0.483352759,0.24856535,0.324729553,0.008186498
52241,Soltan Yacoub el Aradi,0,0.483094408,0.248574288,0.348706214,0
52244,Manara (Hammara) BG,0,0.484640792,0.250128058,0.385113858,0
52247,Khiara El-Aatiqa,26.8,0.483345125,0.248587696,0.480932311,6.192304208
52251,Dakoueh,0.031505251,0.484913623,0.254729719,0.363988989,0.021156441
52254,Haouch El-Harime,0.03413968,0.489574414,0.258877216,0.420021738,0.001108704
52257,Jazira BG,0.155844156,0.483525553,0.248610041,0.417335607,0.036071439
52261,Ouaqf BG,0,0.483041001,0.251321683,0.279757265,0
52264,Souairi,0,0.491890629,0.254758768,0.419853283,0
52267,Sohmor,0,0.491059352,0.301495051,0.324152872,0
52271,Harimeh Es-Soughra,0.198275862,0.482611977,0.248641325,0.304738027,0.045872272
52274,Libbaya BG,0,0.486492534,0.256765463,0.553582831,0
52277,Marj BG,0.012176642,0.490091341,0.29775946,0.483544666,0.000740203
52281,Yohmor BG,0,0.483007669,0.266390427,0.331654257,0
52284,Zilaya,0,0.483803563,0.26878223,0.553582831,0
52287,Maydoun,0,0.485525453,0.265694802,0.480767545,0
52291,Qelaya,0,0.484568501,0.253327214,0.553582831,0
52295,Raouda (Istabel),0.013667426,0.484568622,0.248694954,0.480789678,0.00039091
53001,Litige,,,,0.29712092,0
53002,Litige,0,0.491706126,0.183172051,0.187897991,0
53003,Litige,,,,0.457929144,0
53111,Baalbek,0,0.548089741,0.412011013,0.472931915,0
53115,Aain Bourday,0,0.49274067,0.189994924,0.457929144,0
53119,Douris,0.039332226,0.501626987,0.216848859,0.378835653,0.027673858
53123,Iaat,0.121582962,0.495263971,0.186145136,0.298061563,0.037100143
53127,Aadous,0.024081878,0.496987083,0.184224904,0.457978328,0.005671933
53131,Aamchki,0,0.492190795,0.184233842,0.457929144,0
53135,Haouch Tall Safiyeh,0.070810386,0.492931425,0.191922931,0.297231584,0.030766088
53139,Taibet Baalbek,0,0.493424448,0.213718409,0.29712092,0
53143,Nahleh baalbek,0.106743477,0.494863601,0.201204558,0.460816929,0.003464673
53147,Majdaloun,0,0.492422787,0.187363726,0.29712092,0
53151,Haouche Barada,0,0.492566461,0.185052066,0.29712092,0
53155,Maqneh,0,0.495718955,0.196645353,0.457929144,0
53159,Haouch El-Dehab,0,0.492464452,0.183522877,0.29712092,0
53163,Aain Es-Siyaa Chadoura,0,0.49197347,0.183531815,0.457929144,0
53167,Saaideh,0.040127841,0.493198803,0.193532181,0.297259865,0.003666369
53171,Jebaa,0,0.492250426,0.184323224,0.553582831,0
53179,Kfar Dane,0,0.494722806,0.201257791,0.29712092,0
53183,Hadath Baalbek,0.180499846,0.495064124,0.187826276,0.393493922,0.043282554
53211,Ras Baalbek Es-Sahel,0,0.492522013,0.187497416,0.378282334,0
53214,Fekehe,0.101384044,0.500815833,0.184409988,0.459037012,0.045374964
53217,Aain Baalbek,0,0.508010749,0.203253231,0.378282334,0
53221,Bajjaje,0,0.493579413,0.189794505,0.539090558,0
53224,Nabi Osmane,0.041620626,0.49828677,0.184823761,0.378421279,0.004617674
53227,Ras Baalbek Ech-Charqi,0,0.492785485,0.183674827,0.648313488,0
53231,Aarsal,0.009452987,0.57932291,0.251422211,0.300174701,0.000204343
53234,Laboueh,0,0.507324017,0.200544038,0.378282334,0
53237,Zabboud,0,0.494878581,0.189111903,0.457929144,0
53241,Qaa Baalbek,0.009962797,0.501726452,0.219776945,0.54678622,0.002486396
53244,Deir Mar Maroun Baalbek,0,0.492112407,0.183712814,0.457929144,0
53247,Halbata,0.092016238,0.494891677,0.188360715,0.297204533,0.003491981
53251,Moqraq,0,0.493722169,0.184501989,0.378282334,0
53254,Qaa Ouadi El-Khanzir,0,0.492124549,0.18373516,0.648313488,0
53257,Qaa Baayoun,0.132629108,0.492021853,0.183741864,0.648452432,0.030948057
53261,Sbouba,0.289361702,0.493131736,0.186071401,0.297204533,0.010911399
53264,Harabta,0,0.493939811,0.214152562,0.457929144,0
53267,Qaa Jouar Maqiyé,0,0.4920219,0.183764209,0.539090558,0
53271,Nabha Ed-Damdoum,0.022637795,0.494864556,0.187640812,0.457985706,0.00643834
53274,Chaat,0.003477161,0.49922975,0.209232614,0.539117609,0.00144314
53277,Qarha Baalbek,0.488069414,0.493496784,0.183786555,0.458205804,0.005758728
53281,Ram Baalbek,0.146551724,0.49301326,0.183795493,0.487588877,0.008076878
53284,Youmine,0,0.497855694,0.203849552,0.54159102,0
53311,Deir El-Ahmar,0.179258834,0.494333931,0.186565234,0.398502696,0.022966691
53322,Kneisset Baalbek,0.185701021,0.492611621,0.190793728,0.539336478,0.010765324
53333,Bechouat,0,0.493139348,0.18391169,0.457929144,0
53344,Barqa,0,0.49256613,0.18393627,0.29712092,0
53355,Riha,0.097613883,0.492495997,0.185116489,0.64836882,0.005002095
53366,Dar El-Ouassaa,0,0.492177482,0.184367536,0.457929144,0
53375,Btedaai,0,0.492363729,0.184005542,0.457929144,0
53377,Aaynata Baalbek,0,0.492992026,0.184010011,0.457929144,0
53388,Yammouneh,0,0.493356784,0.185581657,0.457929144,0
53411,Bednayel Baalbak,0.022559218,0.498939103,0.227028285,0.357794803,0.005370145
53413,Qsarnaba,0,0.494761333,0.189505185,0.392774608,0
53415,Temnine El-Faouqa,0.011337868,0.494887131,0.187962589,0.352634032,0.000644496
53417,Beit Chama,0.541776938,0.494526151,0.198686163,0.298882934,0.17121201
53419,Haouch Er-Rafqa,0,0.498059586,0.185641606,0.392774608,0
53421,Mousrayeh,0,0.491788816,0.184881864,0.29712092,0
53423,Slouqi,0,0.492243589,0.184112801,0.553582831,0
53425,Temnine Et-Tahta,0.007516506,0.499266227,0.207604329,0.543047886,0.000378282
53427,Kfar Dabach,0,0.49176831,0.197161443,0.245850084,0
53429,Chmistar,0.049412214,0.503936794,0.236224662,0.543592597,0.003263831
53431,Haouch En-Nabi,0,0.494941138,0.184130677,0.29712092,0
53433,Haouch Snaid,0,0.492869143,0.191041765,0.256918865,0
53435,Taraiya,0,0.502900223,0.215407859,0.553582831,0
53437,Serraaine Et-Tahta,0,0.502968504,0.221581946,0.29712092,0
53439,Talia,0,0.494572579,0.199464379,0.392774608,0
53441,Hizzine,0.354098361,0.49346768,0.188402792,0.297784903,0.016127522
53443,Khodr Baalbek,0,0.491847739,0.211840521,0.392774608,0
53445,Nabi Chit,0,0.507788375,0.258574569,0.29712092,0
53447,Jenta,0,0.493317494,0.296159784,0.385113858,0
53449,Yahfoufa,0,0.492994763,0.188038564,0.457929144,0
53451,Haour Taala,0.007705479,0.498491854,0.206425023,0.321685609,0.000246888
53453,Brital,0.032455824,0.517990815,0.240072133,0.581163108,0.001015302
53455,Khreibet Baalbek,0,0.498528333,0.191919636,0.457929144,0
53457,Mazraat beit Mchaik,0,0.494167462,0.184962309,0.29712092,0
53459,Bouday,0.041359097,0.498500873,0.261325823,0.305090782,0.001509291
53461,Maaraboun,0.098684211,0.494016832,0.205209342,0.257047972,0.009632013
53463,Ham,0.072886297,0.494235107,0.184202183,0.457959884,0.003213822
53465,Aain El-Barnaya,0,0.492361004,0.184206652,0.457929144,0
53467,Chlifa,0,0.492514748,0.184984654,0.29712092,0
53469,Chaaibeh,0,0.629748353,0.18421559,0.457929144,0
53471,Nabi Chbay,0,0.492300678,0.18422006,0.457929144,0
53473,Aain Ej-Jaouz Baalbek,3.648648649,0.492861051,0.184224529,0.45809514,0.843357849
53475,Tfail,0.147540984,0.492458468,0.184228998,0.45797341,0.015108588
54001,Litige,,,,0.539090558,0
54002,Litige,,,,0.648313488,0
54003,Litige,,,,0.539090558,0
54111,Hermel,0.024175514,0.470590583,0.621294155,0.493981705,0.003932825
54114,Michaa Mrajhineh,0,0.385642219,0.249905333,0.447303208,0
54119,Zighrine,0.08094768,0.387981979,0.254557703,0.458029971,0.004141658
54127,Charbine El-Hermel,0.043838285,0.393531784,0.259971665,0.257029528,0.005337196
54135,Ras Baalbek El Gharbi,0.703125,0.385723426,0.249952259,0.458039808,0.162694832
54143,Ras Baalbek Ouadi Faara,0,0.385965984,0.249970136,0.487505264,0
54151,Ouadi Faara,0,0.385743022,0.253855676,0.29712092,0
54159,Hermel Jbab,0,0.393013567,0.250005888,0.457929144,0
54167,Maaysra El-Hermel,0,0.385759149,0.250023765,0.233659473,0
54175,Kharayeb El-Hermel,0.651162791,0.493229894,0.18579319,0.188035706,0.023699642
54183,Ouadi El-Aaoss,0,0.493243825,0.185811067,0.457929144,0
55001,Litige,,,,0.385113858,0
55002,Litige,0,0.382663731,0.213348529,0.457929144,0
55003,Litige,,,,0.32165241,0
55004,Litige,,,,0.32165241,0
55005,Litige,,,,0.32165241,0
55006,Litige,,,,0.417306097,0
55007,Litige,,,,0.457929144,0
55008,Litige,,,,0.417306097,0
55009,Litige,,,,0.575498201,0
55010,Litige,,,,0.457929144,0
55111,Rachaiya,0.146123431,0.383372415,0.307461326,0.459092344,0.03605559
55114,Aaqabet Rachaya,0.26056338,0.384275127,0.2135988,0.32232377,0.004932779
55117,Aayha,0.013428827,0.383623874,0.214369714,0.457966032,0.001804511
55121,Bakkifac Rachaya,0,0.383100697,0.213614442,0.32165241,0
55124,Dahr El-Ahmar,0.14084507,0.383313114,0.213621145,0.458487382,0.007830595
55127,Beit Lahia,0,0.382901655,0.213627849,0.417306097,0
55131,Tannoura,0,0.383160237,0.213636787,0.417306097,0
55134,Kfar Qouq,0,0.384853451,0.213643491,0.457929144,0
55137,Kfar Denis,0.097802198,0.38306394,0.213650195,0.417545869,0.001504029
55141,Mhaiydseh Rachaiya,0,0.38356883,0.213659133,0.394467696,0
55144,Kaoukaba Bou Arab,0.471428571,0.383841957,0.214430047,0.322188515,0.257679616
55147,Aain Rouha,0.003252033,0.382993375,0.21367254,0.490123843,0.000756758
55151,Khirbet Rouha,0.054580897,0.383734023,0.213681478,0.458197197,0.000678574
55154,Kfar Lichki,0.102272727,0.382911221,0.213688182,0.394689024,0.042007603
55157,Rafid Rachaiya,0.064678405,0.385504032,0.213694886,0.387968444,0.001388166
55161,Haouch El Qinnabeh Rachaiya,0,0.382696933,0.21525089,0.32165241,0
55164,Biret Rachaiya,0.113564669,0.385452655,0.213710528,0.394717305,0.001972958
55167,Aain Aarab Rachaiya,0.034090909,0.383080223,0.213717231,0.457940211,0.016078684
55171,Aain Aata,0.019833653,0.383484097,0.21449038,0.553620949,0.003726322
55174,Majdel Balhis,0.050319489,0.384278781,0.214506406,0.394634922,0.006599013
55177,Bakka,0,0.383206747,0.213739577,0.321685609,0
55181,Mdoukha,0.152542373,0.383692584,0.213748515,0.321924151,0.001575866
55184,Yanta,0.001108647,0.382970892,0.213755219,0.457931603,0.0000046
55187,Deir El-Aachayer,0,0.383122884,0.213761923,0.457929144,0
55191,Selsata (Mazraat Deir El-Aachaiyer),0,0.383003373,0.213770861,0.460429606,0
55194,Aayta El-Foukhar,0.010460251,0.383152019,0.213777565,0.480785989,0.005867681
55197,Helouet Rachaiya,0,0.383903315,0.213784268,0.460429606,0
55199,Nabi Safa,2.647058824,0.382946239,0.21456227,0.490232047,0.611826411
61001,Litige,,,,0.575498201,0
61111,Saida El-Oustani,1.142897014,0.354932013,0.256599824,0.455605194,0.160522676
61115,Saida El-Qadimeh,0.102111981,0.362929775,0.560334982,0.477334757,0.030370402
61119,Saida Ed-Dekermane,0.149432667,0.363684689,0.255844167,0.454940841,0.062076494
61123,Bramiyeh,0.160829164,0.359378293,0.255853106,0.478456303,0.114084318
61147,Hlaliyeh Saida,0.193404704,0.346978347,0.257826584,0.348624918,0.125038818
61159,Haret Saida,0.789362858,0.366311563,0.282997879,0.187996061,0.190643062
61183,Miyeh ou Miyeh,0.027321871,0.375296923,0.44188143,0.340352575,0.00991047
61211,Salhiyet Saida,0.148760331,0.367654822,0.256049747,0.14789513,0.068756239
61222,Saida Kefraya,0.085173502,0.371123637,0.256074327,0.340746736,0.043853694
61233,Majdelyoun,0.837053571,0.360120293,0.257254545,0.345847797,0.41635478
61244,AAbra Saida,0.325385968,0.364154024,0.27026503,0.250644286,0.13418899
61255,Qraiyet Saida,0.294995853,0.369273281,0.265657735,0.33960375,0.111468168
61266,Bqosta,1.472556894,0.368025473,0.256554753,0.152901512,0.786239851
61277,Aain Ed-Delb,0.15405097,0.368532227,0.256197228,0.150694384,0.079707469
61311,Ghaziyeh,0.185368043,0.375448209,0.485128585,0.454955685,0.015023115
61323,Maghdoucheh,0.169807187,0.370107433,0.260549787,0.339675067,0.064294909
61335,Darb Es-Sim,0.127611305,0.368833893,0.26056728,0.547248881,0.047007242
61347,Qennarit,0.030241935,0.371036823,0.291007795,0.543104447,0.002874808
61359,Zeita,0.15576324,0.383728121,0.262904975,0.338203238,0.013374488
61371,Zaghdraiya,0.144023324,0.371367783,0.256407277,0.374791632,0.017221015
61383,Tanbourit,0.051751176,0.371597553,0.256434091,0.338202008,0.012621458
61411,Jazira Saida,0,0.372078357,0.256496659,0.539090558,0
61412,Mazraat El Yahoudiyeh (Aaitaniyeh),0.057636888,0.372755644,0.261140091,0.433783149,0.013424571
61414,Mzaraat El-Ouasta,0,0.372542165,0.256503363,0.338080278,0
61415,Matariyet Ech-Choumar,0,0.372461592,0.258434768,0.634744245,0
61417,Arzai,0,0.373706725,0.274246145,0.378282334,0
61418,Mazraat Kfar Beda,0.180904523,0.372208171,0.257285834,0.33825734,0.042185431
61419,Khayayeb Saida,0,0.375055452,0.275024147,0.338080278,0
61421,Mazraat Jamjim,0.208816705,0.37224491,0.256519005,0.338190942,0.048488544
61423,Hartiyeh,0,0.372475344,0.256523474,0.338080278,0
61424,Mazraat El-Mhaydaleh,0,0.372730943,0.256525708,0.338080278,0
61426,Mazraat Kaoutariyet Er-Riz,0,0.373435411,0.270016487,0.338080278,0
61427,Zrariyeh,0,0.374991406,0.32757776,0.634744245,0
61429,Mazraat Sari,0,0.372022164,0.256536881,0.338080278,0
61431,Mazraat Deir Taqla,0,0.372304547,0.257314883,0.338080278,0
61433,Mazraat Oussamiyat,0,0.372688177,0.256545819,0.343081202,0
61434,Aadloun,0.016451234,0.380144289,0.324563771,0.338217993,0.000798572
61436,Insariyeh,0,0.37520501,0.300542865,0.338080278,0
61437,Mazraat Sinai,0,0.372633554,0.262743021,0.338080278,0
61439,Loubieh,0.068807339,0.373165144,0.263903128,0.447413872,0.003320178
61441,Daoudiyeh,0,0.371538917,0.269612722,0.433733965,0
61443,Khirbet Ed-Douair Saida,0,0.371601445,0.26043583,0.34058074,0
61444,Babliyeh,0,0.375226828,0.295173222,0.433733965,0
61446,Khartoum,0,0.372595174,0.265083731,0.34058074,0
61447,Ghassaniyeh,0,0.371989936,0.275523998,0.54159102,0
61449,Sarafand,0.46173381,0.391559344,0.318953904,0.350417524,0.037062799
61451,Qaaqaiyet Es-Snaoubar,0,0.37173544,0.266641969,0.554340133,0
61453,Bissariyeh,0.122227252,0.37629825,0.335015668,0.342503831,0.052232818
61454,Kaoutariyet Es-Siyad,0.00232342,0.372703991,0.301793903,0.663569211,0.000128857
61456,Tebna,0,0.371333611,0.284444399,0.447303208,0
61457,Mazraat 'Snaiber,0,0.371388653,0.256599449,0.338080278,0
61459,Teffahta,0.027969613,0.37498637,0.29450703,0.545556954,0.001504687
61461,Saksakiyeh,0.064876554,0.381764943,0.290634512,0.341023395,0.002929076
61463,Merouaniyeh,0.064047822,0.374592066,0.285615679,0.448508214,0.003499985
61464,Najjariyeh,0.175115207,0.373084472,0.263576887,0.338706144,0.084312648
61466,Aadoussiyeh,0.091154625,0.371954529,0.265128422,0.338246274,0.048801537
61467,Khirbet El-Bassal,0.123100304,0.371819155,0.257395327,0.433833563,0.028660103
61469,Mazraat 'Mseileh,0,0.376953221,0.282489099,0.338147906,0
61471,Hajjeh,0,0.372223585,0.257404266,0.447303208,0
61473,Mazraat El-Houssainiyeh,0,0.370290804,0.256635202,0.433733965,0
61474,Khzaiz,0.037878788,0.372501689,0.256637436,0.447309356,0.008979815
61476,Maamriyeh,0.238636364,0.371864818,0.257415438,0.543283968,0.067413724
61477,Aaqtanit,0.493583416,0.370895953,0.265771703,0.543571694,0.137063443
61479,Erkay,0,0.372883626,0.26747807,0.542956895,0
61481,Bnaafoul,0.206825233,0.372814598,0.293244341,0.448108595,0.073952967
61483,Aarab Tabbaya,0.124309392,0.374285333,0.25743108,0.470316212,0.028963753
61484,Mtayriyeh,0,0.371298385,0.256659782,0.338080278,0
61486,Mazraat Aarab Soukkar,0,0.371493269,0.257437784,0.436234427,0
61487,Aarab Ej-Jall,0.556603774,0.3723401,0.26053415,0.54324708,0.129236357
61488,Berti,0.342857143,0.372372916,0.258215786,0.355294341,0.126131504
61489,Aanqoun,0.296828152,0.37443885,0.267500415,0.187116093,0.018300172
61491,Kfar Beit,0,0.372108055,0.256675424,0.352572552,0
61493,Kfar Hatta Saida,0.218090136,0.372581377,0.27988588,0.458780026,0.025084268
61494,Kfar Chellal,0,0.372474264,0.256682128,0.663563063,0
61496,Kfar Melki Saida,0,0.372225243,0.280666117,0.47317872,0
61497,Sfenta,0,0.372540822,0.256688831,0.405082248,0
62111,Sour,0.21139717,0.459371618,0.441889292,0.364162216,0.14098238
62128,Borj Ech-Chemali,0,0.458260466,0.291193673,0.333235071,0
62162,Batoulay,0,0.449316994,0.267281563,0.473936021,0
62179,Deir Qanoun El-Aain,0,0.452835978,0.28080586,0.473936021,0
62211,Jouaiya,0,0.454758448,0.296674951,0.539090558,0
62212,Debaal Sour,0,0.451927432,0.29944439,0.575498201,0
62214,Majdel,0,0.447937035,0.270537747,0.378282334,0
62215,Mazraat Mechref,0,0.450757195,0.26279533,0.284031221,0
62217,Aaytit,0,0.44994654,0.267823102,0.283551678,0
62218,Ouadi Jilo,0,0.449446492,0.262410606,0.473936021,0
62219,Yanouh Sour,0,0.449556114,0.25546969,0.378282334,0
62221,Bafliyeh,0,0.451211765,0.286406152,0.527671358,0
62223,Deir Aames,0,0.450262303,0.265097273,0.283551678,0
62224,Barich,0,0.44998572,0.268630922,0.671151888,0
62226,Biyad,0,0.44981756,0.268534358,0.283551678,0
62227,Selaa Sour,0,0.450546715,0.279467086,0.532672281,0
62229,Qana,0.003221765,0.450985901,0.269779088,0.283573811,0.000723355
62231,Maarakeh,0,0.454371562,0.27713678,0.510343665,0
62233,Neftakhiyeh,0,0.450767257,0.258595105,0.634744245,0
62234,Maaroub,0,0.450728472,0.289483478,0.671151888,0
62236,Recheknanay,0,0.450866489,0.264352789,0.283551678,0
62237,Jennata,0,0.448459936,0.255892017,0.634744245,0
62239,Derdaghaiya,0,0.449768491,0.271703394,0.637244707,0
62241,Sadiqine,0,0.453247283,0.278660337,0.283551678,0
62242,Aaiyeh,0,0.450103176,0.253974019,0.288552601,0
62243,Aain Baal,0,0.449800872,0.283642253,0.473936021,0
62244,Hmairi Sour,0,0.450545882,0.260166751,0.671151888,0
62245,Mheilib,0,0.451547657,0.255527788,0.474089721,0
62246,Bazouriyeh,0,0.451992029,0.299547575,0.476436483,0
62247,Hanaouay,0,0.448537949,0.270229382,0.473936021,0
62249,Bestiyat,0,0.449239114,0.253989661,0.634744245,0
62251,Deir Kifa,0,0.449651603,0.286381478,0.634744245,0
62253,Tayr Debbeh,0,0.450864413,0.274483237,0.380782796,0
62254,Chehabiyeh,0,0.449955948,0.293833116,0.491263714,0
62256,Arzoun,0,0.449860911,0.259420033,0.634744245,0
62257,Niha Sour,0,0.449701952,0.256328136,0.634744245,0
62259,Rmadiyeh,0,0.450013486,0.256332605,0.283551678,0
62261,Toura,0,0.449421623,0.292200659,0.510343665,0
62263,Deir Qanoun En-Nahr,0,0.44695671,0.296555931,0.634744245,0
62264,Chehour,0,0.45104017,0.275290672,0.634744245,0
62266,Srifa,0,0.452427184,0.294587609,0.634744245,0
62267,Kneisset Sour,0,0.449718514,0.254029883,0.473936021,0
62269,Halloussiyeh,0,0.449931526,0.271816286,0.671151888,0
62271,Tayr Falsay,0,0.45068587,0.268735946,0.634744245,0
62273,Touayri,0,0.450176819,0.256363889,0.554340133,0
62274,Bedias,0,0.450511058,0.270280393,0.481437407,0
62276,Aabbassiyet Sour,0,0.451961742,0.316139875,0.575969137,0
62277,Chaaitiyeh,0,0.452362995,0.26139613,0.28605214,0
62279,Jbal El-Botm,0,0.451756312,0.262546914,0.444359902,0
62281,Mazraat Tayr Semhat,0,0.450870305,0.255608232,0.634744245,0
62283,Borj Rahhal,0,0.450919336,0.279537043,0.366863134,0
62284,Marnba,0,0.450928171,0.25406787,0.634744245,0
62285,Chihine,0,0.451185459,0.269149335,0.444359902,0
62286,Zebqine,0,0.451276541,0.292592773,0.444359902,0
62287,Qlaileh Sour,0,0.45140779,0.281820725,0.283551678,0
62291,Aain Abou Abdallah,0,0.45111811,0.289456015,0.539090558,0
62292,Jibbayn,0,0.451080289,0.257953411,0.444359902,0
62293,Henniyeh,0,0.450893884,0.266791435,0.187897991,0
62294,Aaziyeh,0,0.450771983,0.261052012,0.444359902,0
62295,Tayr Harfa,0,0.451094903,0.297208226,0.444359902,0
62296,Mansouri Sour,0,0.451704562,0.300396303,0.446860363,0
62297,Majdelzoun,0,0.451445573,0.283863952,0.444359902,0
62298,Chamaa,0,0.449820156,0.257957496,0.348706214,0
62299,Iskandarouna Sour,0,0.450445148,0.255648454,0.348706214,0
62308,Yarine,0,0.451007483,0.279648085,0.348706214,0
62311,Merouahine,0,0.450751023,0.275787124,0.348706214,0
62312,Borj En-Naqoura,0,0.448849319,0.381662333,0.378282334,0
62314,Hamoul,0,0.451138262,0.258002572,0.348706214,0
62316,Aalma Ech-Chaab,0,0.450568902,0.302098416,0.444359902,0
62318,Jijim,0,0.45113875,0.254143845,0.444359902,0
62319,Abou Chech,0,0.451131363,0.25414608,0.348706214,0
62321,Boustane,0,0.450977905,0.262659411,0.444359902,0
62331,Btaychiyeh,0,0.450883927,0.25571996,0.348706214,0
62341,Dhayra,0,0.450779955,0.318398471,0.348706214,0
62351,Mazraat Ez-Zalloutiyeh,0,0.451131674,0.256538184,0.358708061,0
63001,Litige,,,,0.352572552,0
63002,Litige,,,,0.539090558,0
63003,Litige,,,,0.338080278,0
63111,Jezzine,0.264446492,0.146240896,0.294896811,0.342434285,0.079219034
63114,Wadi Jezzine,0.053859964,0.145354404,0.241457304,0.338117166,0.011720454
63117,Qabaa Jezzine,0,0.145729578,0.241464008,0.338080278,0
63121,Qaytouleh,0.177993528,0.145969648,0.241472946,0.338147906,0.091560983
63124,Bkassine,0.222122302,0.145879124,0.24147965,0.338508178,0.064089081
63127,Homsiyeh,0.221957041,0.145767487,0.241486353,0.340695093,0.048720941
63131,Aaray,0.063829787,0.145965051,0.241495292,0.374539565,0.014860794
63134,Sabbah,0.060402685,0.145821708,0.241501995,0.338091345,0.013231349
63137,Haytoura,0.155279503,0.14589626,0.241508699,0.338111018,0.033142158
63141,Ghabbatiyeh,2.423076923,0.146071053,0.241517637,0.447380673,0.62620765
63144,Benouati Jezzine,0.358870968,0.144813101,0.241524341,0.338444239,0.083635344
63147,Maknounet Jezzine,0.064285714,0.146175309,0.241531045,0.338091345,0.015677815
63151,Btedine El-Leqch,0.12987013,0.1461394,0.241539983,0.338141758,0.022708788
63154,Roummanet,0,0.146161433,0.241546686,0.338080278,0
63157,Machmoucheh,0,0.144963211,0.24155339,0.433733965,0
63161,Midane Jezzine,0,0.146151754,0.241562328,0.743967175,0
63164,Jabal Toura,0,0.146462666,0.241569032,0.338080278,0
63167,Kfar Houneh,0.032811711,0.146515472,0.253178729,0.539170482,0.020529779
63171,Harf Jezzine,0.067010309,0.146408265,0.241584674,0.553598816,0.011761774
63174,Behbeh,0,0.146272114,0.241591378,0.338080278,0
63177,Zhilta,0.0375,0.146278371,0.24391868,0.338083967,0.008294924
63181,Bhannine,0,0.14634884,0.241989125,0.553582831,0
63184,Aazour,0.125874126,0.14590214,0.247746809,0.338146677,0.030603904
63187,Taaid,0.28358209,0.146318924,0.242002532,0.44732657,0.052600831
63191,Bisri,0,0.146204942,0.241629365,0.47317872,0
63194,Mazraat Er-Rouhbane,2.3,0.146426674,0.241636069,0.338108559,0.53146014
63211,Kfar Falous,0.120772947,0.146031654,0.241674056,0.259450066,0.063703266
63214,A'ain El-Mir (El Establ),0.353503185,0.145175143,0.24168076,0.338353249,0.082273665
63217,Mrah El-Hbasse,0.052208835,0.145664403,0.241687464,0.447319193,0.019828172
63221,Bayssour Jezzine,0.717032967,0.145613395,0.242469935,0.338401203,0.224335659
63224,Haytouleh,0.450980392,0.145912948,0.241703106,0.147724215,0.231724023
63227,Lebaa,0.247469066,0.144442249,0.242091915,0.447890956,0.064989118
63231,Mharbiyeh,1.677966102,0.145560036,0.241718748,0.338323739,0.540263653
63234,Ouadi El-Laymoun,0.058295964,0.145846871,0.241725451,0.447319193,0.01350395
63237,Sfaray,0.425925926,0.146264199,0.241732155,0.352855359,0.095490514
63241,Hassaniyeh,0.037931034,0.146226928,0.241741093,0.25693239,0.014225801
63244,Karkha,0.194805195,0.146115367,0.241747797,0.259474658,0.061063709
63247,Choualiq Jezzine,0.158730159,0.142828364,0.242136606,0.34064222,0.030547572
63251,Ouadi Baanqoudaine,0.206319703,0.141922628,0.241763439,0.338216764,0.094899004
63254,Mjaydel Jezzine,0.421307506,0.145831147,0.241770142,0.338510638,0.103668589
63257,Dahr Ed-Deir,0,0.14643779,0.241776846,0.355073013,0
63261,Jensnaya,0,0.143999542,0.241785784,0.338080278,0
63264,Rimat,1.082352941,0.146277013,0.244113087,0.380138617,0.202128298
63267,Kfar Jarra,1.630872483,0.142722631,0.243336935,0.338976655,0.244764902
63271,Saydoun,0.050632911,0.145828578,0.24180813,0.243374214,0.005612771
63274,Anane,0.132275132,0.146758582,0.244135432,0.355195973,0.07694131
63277,Roum,0.49622751,0.146125,0.241821537,0.149096447,0.339105969
63281,Hidab,0.034482759,0.14638953,0.241830476,0.338090115,0.007988586
63284,Deir El Qattine,1.80952381,0.146451524,0.241837179,0.338127003,0.271828481
63287,Sanaya,0,0.146261703,0.242617416,0.338080278,0
63291,Qtaleh Jezzine,0.123076923,0.1460133,0.242234926,0.473188556,0.069182341
63294,Jernaya,0,0.146374169,0.241859525,0.743967175,0
63297,Mazraat El-Mathane,0,0.145908461,0.241866229,0.542956895,0
63298,Srayri,0,0.146510586,0.245736128,0.444359902,0
63311,Aaramta,0,0.14612982,0.272065295,0.338080278,0
63315,Mlikh,8.636363636,0.1464452,0.244227049,0.33819709,4.92274985
63319,Rihane Jezzine,0,0.14652331,0.31694808,0.539090558,0
63323,Mazraat,0,0.146364555,0.24269786,0.338080278,0
63327,Qatrani,0,0.146957706,0.274412325,0.348706214,0
63331,Louayzet Jezzine,0,0.14620745,0.257412862,0.338080278,0
63335,Mazraat Khallet Khazen,0,0.14652994,0.241951142,0.348706214,0
63339,Mazraat Qrouh,0,0.146280024,0.24196008,0.338080278,0
63343,Mazraat Zighrine Jezzine,0,0.146399659,0.256666143,0.348706214,0
63347,Chbail,0,0.146693169,0.246619154,0.553582831,0
63348,Mazraat Louzid (Louayziyeh),0,0.146689229,0.241980191,0.348706214,0
63351,Sehjoud,0,0.146138439,0.266739948,0.338080278,0
63355,Aaychiyeh,0.19047619,0.146393268,0.26945159,0.348843929,0.073213669
63359,Maraat Ouazaiyeh,0,0.146596638,0.242004771,0.338080278,0
63363,Ouardiyeh,0,0.146667165,0.369646637,0.457929144,0
63367,Mazraat El-Aarqoub,0,0.146473733,0.242796181,0.553582831,0
63371,Mahmoudiyeh Jezzine,0,0.146555688,0.31242308,0.147695935,0
63375,Jarmaq,0,0.146300028,0.314651583,0.352572552,0
63378,Mazraat Daraya,0,0.146696538,0.242047228,0.385113858,0
63379,Demachqiyeh,0,0.146567186,0.252878923,0.352572552,0
63383,Mazraat Tamra,0,0.146580956,0.242058401,0.352572552,0
63385,Bouslaya,0,0.146693155,0.245157001,0.634744245,0
71111,Nabatieh Et-Tahta,0,0.169718933,0.263742461,0.563584678,0
71113,Nabatiyeh El-Faouka,0,0.170020243,0.482752251,0.47317872,0
71115,Aali Et-Taher,0,0.169859523,0.313985182,0.47317872,0
71117,Mazraat Kfarjaouz,0,0.168368274,0.317401387,0.47317872,0
71122,Zibdine En-Nabatiyeh,0,0.169045893,0.3266491,0.746467637,0
71133,Kfar Roummane,0.040250447,0.171411833,0.494354838,0.473566043,0.002463782
71144,Choukine,0,0.17012022,0.305149695,0.475679181,0
71155,Habbouch En-Nabatiyeh,0.008972921,0.171975092,0.330254255,0.473316435,0.000729061
71166,Kfar Tibnit,0,0.171816457,0.334446216,0.47317872,0
71177,Kfour En-Nabatieh,0,0.169441359,0.322287014,0.47317872,0
71211,Jbaa En-Nabatiyeh,0,0.17089341,0.322708561,0.338080278,0
71216,Aain Bou Souar,0,0.170226529,0.258180254,0.338080278,0
71221,Kfarfila,0.006363191,0.170743197,0.272115019,0.553598816,0.000510864
71226,Aain Qana,0,0.171897665,0.30876331,0.36395579,0
71231,Jarjouaa,0.025352113,0.170125522,0.292148187,0.554417598,0.010684254
71236,Sarba En-Nabatieh,0.274603175,0.170252448,0.258998478,0.554008272,0.064379177
71241,Mzaraat El-Khreibeh,0,0.170278423,0.260556717,0.352572552,0
71246,Houmine El-Faouqa,0.022927281,0.170733092,0.308863179,0.47330045,0.001318116
71251,Hmaileh,0,0.170568683,0.262126128,0.553582831,0
71256,Aarab Salim,0,0.169483119,0.324692432,0.47317872,0
71261,Roumine,0.024832479,0.170447569,0.279166197,0.47330045,0.001651246
71266,Houmine Et-Tahta,0.073706897,0.170138157,0.267574377,0.447589704,0.004542468
71271,Aazzi,0.068340307,0.170393021,0.282127842,0.543017146,0.044979113
71276,Bfaroueh,0.231243577,0.17109469,0.267596722,0.257472184,0.042943628
71281,Zefta,0.071396192,0.169868042,0.295008474,0.548529582,0.004478705
71311,Deir Ez-Zahrani,0.016570771,0.17108275,0.339894563,0.554517195,0.001617948
71314,Mazraat El-Bayad En-Nabatieh,0,0.170178906,0.252984511,0.663563063,0
71321,Charqiyeh,0,0.170371132,0.290465981,0.666063525,0
71324,Toul,0,0.171158963,0.366550659,0.47317872,0
71327,Nmairiyeh,0.005159475,0.170701802,0.304011553,0.663590114,0.000330683
71331,Harouf En-Nabatiyeh,0.002091454,0.173898925,0.366239373,0.663590114,0.0000775
71334,Douair En-Nabatiyeh,0.000351339,0.171162417,0.314465228,0.663567981,0.0000178
71337,Jibchit,0,0.171215475,0.337733096,0.663563063,0
71341,Mazraat Chalbaal,0,0.17032029,0.252271311,0.554340133,0
71344,Mayfadoun,0,0.170373547,0.324005185,0.47317872,0
71347,Aadchit Ech-Chqif,0,0.17191256,0.280905435,0.567909376,0
71351,Aabba,0,0.17170142,0.288258275,0.554340133,0
71354,Kfar Djal En-Nabatiyeh,0,0.169369334,0.295416136,0.47317872,0
71357,Mazraat Dmoul,0,0.170103039,0.25385413,0.458686446,0
71361,Ansar,0.001783109,0.172662257,0.312651568,0.542983946,0.0000553
71364,Zaoutar El-Gharbiyeh,0,0.170971839,0.280496817,0.554340133,0
71367,Zaoutar Ech-Charqiyeh,0,0.170624735,0.2983041,0.47317872,0
71371,Hamra En-Nabattiyeh,0,0.17017836,0.264942147,0.47317872,0
71374,Qsaibet En-Nabatiyeh,0,0.170786061,0.276706676,0.634744245,0
71377,Arnoun,0,0.170781278,0.295614419,0.47317872,0
71381,Qaaqaaiyet Ej-Jisr,0.003477161,0.171858422,0.286295108,0.663590114,0.000133156
71384,Mazraat Qalaat El-Meis,0,0.170742044,0.25314093,0.433733965,0
71386,Mazraat Bsaffour,0,0.170568538,0.252371866,0.243349622,0
71387,Braiqeaa,0,0.170597385,0.275580088,0.663563063,0
71391,Kfar Sir,0,0.172207058,0.299066762,0.663563063,0
71394,Yohmor En-Nabatiyeh,0,0.172467775,0.346402479,0.47317872,0
71397,Sir El-Gharbiyeh,0,0.171351342,0.26975042,0.663563063,0
72111,Bent Jbayl,0,0.473666351,0.43553497,0.444359902,0
72119,Aaynata Bent Jbayl,0,0.472412885,0.300160762,0.444359902,0
72127,Maroun Er-Ras,0,0.472929874,0.305749579,0.444359902,0
72135,Salhani,0,0.473263377,0.263223146,0.444359902,0
72143,Aain Ibl,0.007521939,0.472440175,0.261693957,0.558634168,0.002728236
72151,Aaintaroun,0,0.473813236,0.43316957,0.444359902,0
72159,Yaroun,0,0.472918264,0.397097967,0.444359902,0
72167,Rmaich,0.014298684,0.472741352,0.28301508,0.187975455,0.002246324
72175,Qatmoun,0,0.472748167,0.261765463,0.348706214,0
72183,Aayta Ech-Chaab,0,0.473019646,0.47757699,0.187897991,0
72191,Ramyet Bent Jbayl,0,0.473075159,0.321745354,0.444359902,0
72211,Tibnine,0,0.472943876,0.317720315,0.444359902,0
72214,Soultaniyet Bent Jbayl,0,0.472965397,0.278861012,0.444359902,0
72217,Safad Al-Battikh,0,0.473555723,0.275382157,0.444359902,0
72221,Jmaijmeh,0,0.474081649,0.276155305,0.444359902,0
72224,Aaita Ej-Jabal,0,0.473327342,0.274251483,0.480767545,0
72227,Baraachit,0,0.474344612,0.341424544,0.634744245,0
72229,Chaqra,0,0.473884226,0.28238009,0.444359902,0
72231,Haddatha,0,0.473645711,0.298573572,0.480767545,0
72234,Khirbet Selm,0,0.472259164,0.299980453,0.480767545,0
72237,Beit Yahoun,0,0.473353262,0.278148197,0.444359902,0
72241,Haris,0,0.475026832,0.269256845,0.480767545,0
72244,Deir Ntar,0,0.473617062,0.266560845,0.330455491,0
72247,Kfar Dounine,0,0.471740759,0.308854614,0.480767545,0
72251,Kounine,0,0.473529349,0.299737368,0.444359902,0
72254,Tiri,0,0.472852759,0.305867835,0.556083293,0
72257,Kafra Bant Jbayl,0,0.472579994,0.263495763,0.444359902,0
72261,Qalaouiyeh,0,0.473401995,0.265051767,0.634744245,0
72264,Borj qalaouiyeh,0,0.471849068,0.270809451,0.634744245,0
72267,Srobbine,0,0.473767565,0.265065174,0.480767545,0
72271,Rachaf,0,0.474417867,0.263527047,0.480767545,0
72274,Ghandouriyet Bent Jbayl,0,0.473230357,0.268948481,0.634744245,0
72276,Froun,0,0.473942519,0.288572344,0.663563063,0
72277,Yater,0,0.474966552,0.344002381,0.444359902,0
72281,Debl,0.013755158,0.472423912,0.266979774,0.444384494,0.002154449
72284,Hanine,0,0.473007034,0.27351099,0.449360825,0
72287,Beit Lif,0,0.473570087,0.323742155,0.444359902,0
72291,Qaouzah,0,0.472898722,0.263953843,0.449360825,0
73111,Marjaayoun,0,0.412692957,0.304301663,0.554340133,0
73116,Boueyda Marjaayoun,0.402985075,0.413295,0.25869304,0.567942575,0.174582276
73119,Dibbine,0,0.412813977,0.263723046,0.634744245,0
73127,Ibl Es-Saqi,0.021240442,0.41289287,0.260646791,0.553644311,0.014865405
73135,Blat Marjaayoun,0,0.412164381,0.269564957,0.36395579,0
73143,Mazraat Doumiat,0,0.413318699,0.25797984,0.243349622,0
73146,Borj El-Moulouk,0,0.413150308,0.271472853,0.553582831,0
73151,Qlaiaa,0.130456853,0.413499237,0.263412447,0.635060252,0.020379536
73159,Khiyam Marjaayoun,0,0.413887906,0.418934264,0.634744245,0
73162,Aain Aarab Marjaayoun,0,0.413706358,0.263045599,0.554340133,0
73167,Deir Mimas,0.006700168,0.413388927,0.304436121,0.55358775,0.004925702
73175,Mazraat Sarada,0,0.413315565,0.270427872,0.554340133,0
73183,Houra,0,0.413344521,0.258069222,0.47317872,0
73191,Aamra,0,0.418740948,0.261181231,0.554340133,0
73211,Aadaysseh Marjaayoun,0,0.413161063,0.353257691,0.444359902,0
73226,Bany haiyane,0,0.413195088,0.274409499,0.478179643,0
73228,Kfar Kila,0,0.413305769,0.430511403,0.556083293,0
73230,Deir Siriane,0,0.413409722,0.28402776,0.556083293,0
73232,Taybet Matjaayoun,0,0.413456237,0.294143334,0.475679181,0
73234,Houla,0,0.413841093,0.419875388,0.444359902,0
73244,Talloussa,0,0.413460792,0.284068366,0.444359902,0
73245,Markaba,0,0.412704819,0.359830212,0.444359902,0
73248,Mhaibib,0,0.413499474,0.265949798,0.444359902,0
73250,Meiss Ej-Jabal,0,0.414034779,0.416381106,0.444359902,0
73256,Aadchit El-Qoussair,0,0.413339516,0.268670378,0.47317872,0
73257,Rabb Et-Tlatine,0,0.413396969,0.309950928,0.47317872,0
73262,Qabrikha,0,0.413650108,0.295274299,0.444359902,0
73276,Qantara,0,0.413287589,0.274857477,0.553582831,0
73279,Majdel Selm,0,0.414919601,0.291536332,0.553582831,0
73280,Saouanet Marjayoun,0,0.414158519,0.285695876,0.444359902,0
73282,Touline,0,0.414725476,0.329097193,0.637244707,0
73288,Blida,0,0.413505453,0.354885108,0.444359902,0
73293,Aalmane Marjaayoun,0,0.413874999,0.25986209,0.446860363,0
74111,Hasbaiya,0.112698186,0.276999797,0.360165731,0.386580768,0.028168244
74112,Abou Qamha,0.681818182,0.275675743,0.237567663,0.553638163,0.329862041
74114,Aain Jarfa,0.039823009,0.276533114,0.237572132,0.553627097,0.000280999
74116,Fardis Hasbaiya,0,0.275580521,0.238732239,0.480767545,0
74118,Rachaiya El-Foukhar,0,0.275763914,0.244924971,0.553582831,0
74120,Kfar Hamam,0,0.275954514,0.290185776,0.743967175,0
74122,Hebbariyeh,0.10619977,0.276427421,0.284001982,0.553810307,0.008592613
74124,Chouaya Hasbaiya,0.063022867,0.275782324,0.237594477,0.553810307,0.014866049
74126,Aain Qinia,0.025862069,0.276332012,0.237598947,0.553641852,0.003589215
74128,Meimes,0.102272727,0.276215065,0.237603416,0.480911408,0.026575822
74130,Chebaa,0,0.280882639,0.461384786,0.385113858,0
74131,Marj Ez-Zouhour (Haouch El-Qinnaabeh),0.175090253,0.275930567,0.237610119,0.394780014,0.040715195
74133,Kaoukaba Hasbaiya,0.038199181,0.274605471,0.238388121,0.554374562,0.02087941
74141,Salaiyeb,0,0.270322596,0.289403991,0.458686446,0
74155,Bourghos,0,0.276470123,0.280208058,0.553582831,0
74158,Meri,0,0.276209489,0.247953653,0.47317872,0
74160,Kfar Chouba,0,0.277798058,0.419399974,0.444359902,0
74168,Khalouet Hasbaiya,0.011325028,0.276508441,0.237692798,0.553595127,0.0000899
74175,Kfayr Ez-Zait,0.138355111,0.276193418,0.238090545,0.444646398,0.079363312
74177,Majidiyeh Hasbaiya,0,0.275851084,0.250862968,0.444359902,0
74179,Dellafeh,0,0.275983444,0.243122786,0.32165241,0
74181,Khreibet Hasbaiya,0,0.276012912,0.23849538,0.743967175,0
,Conflict,,,,,
,Conflict,,,,,
,Conflict,,,,,
,Conflict,,,,,
,Conflict,,,,,
,Conflict,,,,,
,Conflict,,,,,
,Conflict,,,,,
,Conflict,,,,,
,Conflict,,,,,
,Conflict,,,,,
,Conflict,,,,,
,Conflict,,,,,
,Conflict,,,,,
,Conflict,,,,,
,Conflict,,,,,
,Conflict,,,,,
