ADM3_Name,ACS_Code,Resident Population,Displaced Population,Heterogeneity,Displacement Ratio,Demographic Factor
Khreibet Hasbaiya,74181,15,0,0.23108312537755363,0.0,0.0
دلافة,74179,11,0,0.08331216447357259,0.0,0.0
مجيدية حاصبيا,74177,74,0,0.01724007561436669,0.0,0.0
كفير الزيت,74175,1301,180,0.5736203840408669,0.13835511145272866,0.07936331216553116
خلوات حاصبيّا,74168,883,10,0.007935572613611663,0.011325028312570781,8.98705845256134e-05
كفر شوبا,74160,1565,0,0.10535488025343909,0.0,0.0
ماري,74158,1074,0,0.268490792879268,0.0,0.0
برغز,74155,112,0,0.0,0.0,0.0
Salaiyeb,74141,1085,0,0.23397193439115588,0.0,0.0
كوكبا حاصبيّا,74133,733,28,0.5465931256763865,0.03819918144611187,0.020879409984909718
Marj Ez-Zouhour (Haouch El-Qinnaabe),74131,554,97,0.23253832917038691,0.17509025270758122,0.04071519481864175
شبعا,74130,4959,0,0.12463945494676876,0.0,0.0
ميمس,74128,1144,117,0.2598524852871784,0.10227272727272728,0.026575822358915976
عين قنيا,74126,1856,48,0.13878296835873538,0.02586206896551724,0.0035892146989328117
Chouaya Hasbaiya,74124,1793,113,0.23588340801884786,0.0630228667038483,0.014866048581221309
هبّارية,74122,1742,185,0.08090989860363029,0.10619977037887486,0.008592612653083585
Kfar Hamam,74120,584,0,0.2326193238156281,0.0,0.0
راشيّا الفخار,74118,602,0,0.6767601254977904,0.0,0.0
الفرديس,74116,673,0,0.15653748486057395,0.0,0.0
عين جرفا,74114,904,36,0.007056187610472775,0.03982300884955752,0.0002809986216559955
أبو قمحة,74112,66,45,0.4837976601296188,0.6818181818181818,0.3298620409974673
Hasbaiya,74111,7001,789,0.24994407843271754,0.11269818597343237,0.02816824423416857
علمانة,73293,12,0,0.17999999999999994,0.0,0.0
بليدا,73288,855,0,0.03500581605995323,0.0,0.0
تولين,73282,1643,0,0.021390528046876134,0.0,0.0
صوانة مرجعيون,73280,885,0,0.03216630520033803,0.0,0.0
مجدل سلم,73279,2356,0,0.0373280204908486,0.0,0.0
قنطرة,73276,68,0,0.04036991605613527,0.0,0.0
قبريخا,73262,1109,0,0.03908238465454228,0.0,0.0
رب التلاتين,73257,293,0,0.06615326347683381,0.0,0.0
Aadchit El-Qoussair,73256,258,0,0.23173918200400723,0.0,0.0
ميس الجبل,73250,1782,0,0.03907134763318354,0.0,0.0
محيبيب,73248,325,0,0.045405840600043934,0.0,0.0
مركبا,73245,843,0,0.0363870930285195,0.0,0.0
طلوسة,73244,283,0,0.03405625583987981,0.0,0.0
حولا,73234,1733,0,0.030036307672330342,0.0,0.0
طيبة مرجعيون,73232,2149,0,0.17426282198913146,0.0,0.0
دير سريان,73230,339,0,0.04017074305969104,0.0,0.0
كفركيلا,73228,2449,0,0.051709167850729876,0.0,0.0
بني حيان,73226,120,0,0.030872989680075236,0.0,0.0
عديسة مرجعيون,73211,1129,0,0.059106853460580866,0.0,0.0
Aamra,73191,5,0,0.23105612716247323,0.0,0.0
Houra,73183,33,0,0.23113172216469832,0.0,0.0
مزرعة  سردة,73175,228,0,0.48953871303616414,0.0,0.0
دير ميماس,73167,597,4,0.7351610327388874,0.006700167504187605,0.004925702061902093
عين عرب مرجعيون,73162,309,0,0.4716413843633316,0.0,0.0
الخيام,73159,4115,0,0.15583613278870645,0.0,0.0
قليعة,73151,1970,257,0.15621667530250405,0.1304568527918782,0.020379535813575402
برج الملوك,73146,423,0,0.6446666744460132,0.0,0.0
Mazraat Doumiat,73143,0,0,0.23104262805493303,0.0,0.0
بلاط مرجعيون,73135,455,0,0.25647038922390153,0.0,0.0
ابل السقي,73127,2354,50,0.6998632532525761,0.021240441801189464,0.014865404699502467
دبين,73119,686,0,0.24130088913005687,0.0,0.0
بويضة مرجعيون,73116,67,27,0.4332226850933456,0.40298507462686567,0.17458227608239302
Marjaayoun,73111,3137,0,0.23951196812565292,0.0,0.0
قوزح,72291,565,0,0.1616677805488993,0.0,0.0
بيت ليف,72287,1879,0,0.047482728277947084,0.0,0.0
حنين,72284,41,0,0.051953515153321805,0.0,0.0
دبل امية,72281,1454,20,0.15662845321618235,0.013755158184319119,0.002154449150153815
ياطر,72277,1687,0,0.02870911706132584,0.0,0.0
فرون,72276,820,0,0.037178140264932935,0.0,0.0
غندورية بنت جبيل,72274,650,0,0.08092940364184287,0.0,0.0
رشاف,72271,41,0,0.04420209490643223,0.0,0.0
صربين,72267,79,0,0.03235177435661185,0.0,0.0
برج قلويه,72264,812,0,0.05560888888888915,0.0,0.0
قلويه,72261,775,0,0.035618377122949574,0.0,0.0
كفرا بنت جبيل,72257,1466,0,0.03588272937484904,0.0,0.0
طيري,72254,450,0,0.045172524648402046,0.0,0.0
كونين,72251,434,0,0.04790020639153203,0.0,0.0
كفر دونين,72247,2416,0,0.08319037946744445,0.0,0.0
دير نطار,72244,2053,0,0.047196158692526025,0.0,0.0
حاريص,72241,3538,0,0.029950855240392982,0.0,0.0
بيت ياحون,72237,320,0,0.046879737674607624,0.0,0.0
خربة سلم,72234,1748,0,0.05327780337915,0.0,0.0
حداثا,72231,2145,0,0.051743993392362575,0.0,0.0
شقرا ,72229,4390,0,0.0344888956686884,0.0,0.0
برعشيت,72227,1442,0,0.13697062452076048,0.0,0.0
عيتا الجبل الزط,72224,888,0,0.0428904036609522,0.0,0.0
جميجمة,72221,1456,0,0.03999225648650595,0.0,0.0
صفد البطيخ,72217,919,0,0.4785761047097491,0.0,0.0
سلطانية ,72214,750,0,0.0662178924061888,0.0,0.0
تبنين,72211,3340,0,0.20535555295360886,0.0,0.0
رامية بنت جبيل,72191,1069,0,0.0675732054030257,0.0,0.0
عيتا الشعب,72183,2848,0,0.034391487207386384,0.0,0.0
Qatmoun,72175,0,0,0.23104262805493303,0.0,0.0
رميش,72167,4406,63,0.15710004794785892,0.014298683613254653,0.0022463238812335706
يارون,72159,2346,0,0.35506604237237116,0.0,0.0
عيترون,72151,4069,0,0.03395944973872511,0.0,0.0
عين ابل,72143,2393,18,0.36270381357377135,0.007521938988717091,0.002728235956676926
Salhani,72135,0,0,0.23104262805493303,0.0,0.0
مارون الراس,72127,335,0,0.03562792418129257,0.0,0.0
عيناتا بنت جبيل,72119,3356,0,0.055626457186556344,0.0,0.0
بنت جبيل,72111,9375,0,0.046903645403872485,0.0,0.0
Sir El-Gharbiye,71397,4498,0,0.03398874251605899,0.0,0.0
يحمر,71394,2563,0,0.04975446229055824,0.0,0.0
Kfar Sir,71391,7591,0,0.0327442302680212,0.0,0.0
Braiqeaa,71387,2301,0,0.030178197415961727,0.0,0.0
Mazraat Bsaffour,71386,27,0,0.2311155232356501,0.0,0.0
Mazraat Qalaat El-Meis,71384,0,0,0.23104262805493303,0.0,0.0
Qaaqaaiyet Ej-Jisr,71381,6327,22,0.03829437270242231,0.003477161371898214,0.00013315571352193626
Arnoun,71377,977,0,0.05378027831839405,0.0,0.0
Qsaibet En-Nabatiyeh,71374,5855,0,0.24685008298450428,0.0,0.0
Hamra En-Nabattiyeh,71371,3,0,0.23105072751945716,0.0,0.0
Zaoutar Ech-Charqiye,71367,2931,0,0.02562008038443031,0.0,0.0
Zaoutar El-Gharbiye,71364,1497,0,0.02554754015332128,0.0,0.0
إنصار,71361,12338,22,0.03104081632653055,0.0017831090938563786,5.534916187256218e-05
Mazraat Dmoul,71357,46,0,0.23116681984430285,0.0,0.0
Kfar Djal En-Nabatiyeh,71354,48,0,0.23117221948731892,0.0,0.0
Aabba,71351,6283,0,0.4150757915117318,0.0,0.0
عدشيت الشقيف,71347,3694,0,0.03821139436017518,0.0,0.0
Mayfadoun,71344,6659,0,0.05720642687662669,0.0,0.0
Mazraat Chalbaal,71341,35,0,0.23113712180771442,0.0,0.0
Jibchit,71337,10456,0,0.025937976832823173,0.0,0.0
Douair En-Nabatiyeh,71334,11385,4,0.05075728097891696,0.0003513394817742644,1.7833036795403415e-05
Harouf En-Nabatiyeh,71331,10519,22,0.03706297577854656,0.002091453560224356,7.751549264455028e-05
Nmairiye,71327,4264,22,0.06409236239735139,0.005159474671669793,0.000330682920436616
Toul,71324,3741,0,0.5344,0.0,0.0
Charqiye,71321,3610,0,0.04940850110306727,0.0,0.0
Mazraat El-Bayad En-Nabatieh,71314,160,0,0.23147459949621935,0.0,0.0
Deir Ez-Zahrani,71311,8690,144,0.09763868318554358,0.016570771001150748,0.0016179482599215508
Zefta,71281,4412,315,0.06273030726675444,0.0713961922030825,0.004478705074575623
Bfaroue,71276,1946,450,0.18570733385502003,0.2312435765673176,0.042943628075415734
Aazzi,71271,717,49,0.658163755808364,0.06834030683403068,0.04497911301898164
Houmine Et-Tahta,71266,2320,171,0.0616288062188618,0.07370689655172413,0.0045424680445799
Roumine,71261,2537,63,0.06649543378995437,0.024832479306267245,0.0016512464835503058
Aarab Salim,71256,7429,0,0.04850818869887363,0.0,0.0
Hmaile,71251,18,0,0.23109122484207775,0.0,0.0
Houmine El-Faouqa,71246,4318,99,0.057491160386995865,0.022927281148679944,0.0013181159977565054
Mzaraat El-Khreibe,71241,26,0,0.23111282341414205,0.0,0.0
Sarba En-Nabatieh,71236,1260,346,0.2344444031550628,0.2746031746031746,0.06437917737432677
Jarjouaa,71231,2485,63,0.42143444407977393,0.02535211267605634,0.010684253511881592
Aain Qana,71226,3069,0,0.061750035411481385,0.0,0.0
Kfarfila,71221,2043,13,0.08028418768439971,0.006363191385217817,0.0005108636514425826
Aain Bou Souar,71216,771,0,0.2331241904376315,0.0,0.0
Jbaa En-Nabatiyeh,71211,3835,0,0.2413964435382645,0.0,0.0
Kfour En-Nabatieh,71177,2962,0,0.239039499361746,0.0,0.0
Kfar Tibnit,71166,6156,0,0.046658172998762404,0.0,0.0
Habbouch En-Nabatiyeh,71155,12482,112,0.08125129107449747,0.008972921006248998,0.00072906141646721
Choukine,71144,1634,0,0.04939177073496803,0.0,0.0
Kfar Roummane,71133,7826,315,0.061211284745902095,0.04025044722719141,0.002463781586373519
Zibdine En-Nabatiyeh,71122,6688,0,0.24909903430070118,0.0,0.0
Mazraat Kfarjaouz,71117,2048,0,0.23657186250339793,0.0,0.0
Aali Et-Taher,71115,0,0,0.23104262805493303,0.0,0.0
Nabatiyeh El-Faouka,71113,8161,0,0.1708933748185446,0.0,0.0
Nabatieh Et-Tahta,71111,31285,0,0.06587975709742988,0.0,0.0
بوصلايا,63385,103,0,0.18371395617070352,0.0,0.0
Mazraat Tamra,63383,0,0,0.23104262805493303,0.0,0.0
Demachqiye,63379,27,0,0.2311155232356501,0.0,0.0
Mazraat Daraya,63378,21,0,0.23109932430660185,0.0,0.0
الجرمق,63375,41,0,0.5480612204787718,0.0,0.0
Mahmoudiye Jezzine,63371,16,0,0.23108582519906165,0.0,0.0
Mazraat El-Aarqoub,63367,0,0,0.23104262805493303,0.0,0.0
Ouardiye,63363,1,0,0.23104532787644108,0.0,0.0
Maraat Ouazaiye,63359,8,0,0.23106422662699735,0.0,0.0
عيشية,63355,588,112,0.38437176140860707,0.19047619047619047,0.07321366883973468
سجد,63351,312,0,0.045236180455903496,0.0,0.0
Mazraat Louzid (Louayziye),63348,0,0,0.23104262805493303,0.0,0.0
Chbail,63347,0,0,0.23104262805493303,0.0,0.0
Mazraat Zighrine Jezzine,63343,0,0,0.23104262805493303,0.0,0.0
Mazraat Qrouh,63339,0,0,0.23104262805493303,0.0,0.0
Mazraat Khallet Khazen,63335,7,0,0.2310615268054893,0.0,0.0
Louayzet Jezzine,63331,73,0,0.23123971502501992,0.0,0.0
قطراني,63327,396,0,0.4825133324661812,0.0,0.0
Mazraat,63323,1,0,0.23104532787644108,0.0,0.0
Rihane Jezzine,63319,1215,0,0.23432291118720103,0.0,0.0
مليخ,63315,11,95,0.5700026141687948,8.636363636363637,4.922749849639592
عرمتى,63311,1335,0,0.09307759096380852,0.0,0.0
سريرة,63298,0,0,0.028912923792778766,0.0,0.0
مزرعة المطحنة,63297,327,0,0.4118729582896742,0.0,0.0
جرنايا,63294,353,0,0.2247250550024945,0.0,0.0
قتالة جزين,63291,65,8,0.5621065215301807,0.12307692307692308,0.06918234111140686
سنيَا,63287,323,0,0.13834373418789003,0.0,0.0
دير قطِين ,63284,21,38,0.15022100289590035,1.8095238095238095,0.27182848143067684
Hidab,63281,232,8,0.23166898664479818,0.034482758620689655,0.00798858574637235
روم,63277,1723,855,0.683367935409458,0.4962275101567034,0.33910596910916224
انان,63274,756,100,0.5816763062444859,0.13227513227513227,0.07694131034979972
صيدون,63271,395,20,0.11085222444560183,0.05063291139240506,0.005612770858005156
كفرجرا,63267,447,729,0.15008218277449048,1.6308724832214765,0.2447649021087328
ريمات,63264,85,92,0.18674897119341538,1.0823529411764705,0.2021282982328731
جنسنايا,63261,425,0,0.42579994960947354,0.0,0.0
Dahr Ed-Deir,63257,16,0,0.23108582519906165,0.0,0.0
مجيدل,63254,413,174,0.24606394965796252,0.4213075060532688,0.10366858896001327
وادي بعنقودين,63251,538,111,0.4599609375,0.20631970260223048,0.09489900383364312
شواليق جزين,63247,315,50,0.1924497041420119,0.15873015873015872,0.030547572086033634
كرخا,63244,231,45,0.31346037473873334,0.19480519480519481,0.061063709364688315
حسانية,63241,290,11,0.3750438498122365,0.03793103448275862,0.014225801199774487
صفاريه,63237,540,230,0.2241951189933945,0.42592592592592593,0.0954905136453347
Ouadi El-Laymoun,63234,223,13,0.23164468825122583,0.05829596412556054,0.013503950436170116
محاربية,63231,118,198,0.3219753086419752,1.6779661016949152,0.5402636534839923
لبعا,63227,889,220,0.2626151191109819,0.24746906636670415,0.0649891183401755
حيتوله,63224,51,23,0.5138228336542998,0.45098039215686275,0.23172402302056658
بيصور جزين,63221,364,261,0.31286658986103966,0.717032967032967,0.22433565921354767
مراح الحباس,63217,249,13,0.3797857567942866,0.05220883534136546,0.019828172041468778
A'ain El-Mir (El Establ),63214,628,222,0.23273811596198182,0.3535031847133758,0.08227366519675153
كفرفالوس,63211,207,25,0.5274630385487528,0.12077294685990338,0.06370326552521169
Mazraat Er-Rouhbane,63194,10,23,0.23106962627001343,2.3,0.5314601404210308
بسري,63191,212,0,0.35108481262327407,0.0,0.0
تعيد,63187,67,19,0.1854871402189091,0.2835820895522388,0.052600830808347356
عازور,63184,429,54,0.24313101363511513,0.1258741258741259,0.030603903814210298
بحنين,63181,167,0,0.16754488313448024,0.0,0.0
زحلتا,63177,80,3,0.22119796912996137,0.0375,0.00829492384237355
Bebé,63174,21,0,0.23109932430660185,0.0,0.0
الحرف,63171,194,13,0.17552186061801445,0.06701030927835051,0.011761774165124679
كفرحون,63167,1981,65,0.6256844929108449,0.03281171125694094,0.020529778919336154
Jabal Toura,63164,4,0,0.23105342734096518,0.0,0.0
ميدان ,63161,202,0,0.26132585249808793,0.0,0.0
مشموشة,63157,166,0,0.22066754834047042,0.0,0.0
Roummanet,63154,4,0,0.23105342734096518,0.0,0.0
بتدين اللقش,63151,385,50,0.1748576666201732,0.12987012987012986,0.022708787872749766
مكنونية ,63147,140,9,0.24387711882002183,0.06428571428571428,0.015677814781287117
Benouati Jezzine,63144,744,267,0.23305129525691443,0.3588709677419355,0.08363534386236042
غبَاطية,63141,26,63,0.2584349030470915,2.423076923076923,0.6262076496910294
حيطورة,63137,161,25,0.2134354997621567,0.15527950310559005,0.03314215834816098
صّباح,63134,149,9,0.21905234060453094,0.06040268456375839,0.013231349432488446
Aaray,63131,658,42,0.23281911060722302,0.06382978723404255,0.014860794294078064
حمصية,63127,419,93,0.2195061728395058,0.22195704057279236,0.04872094051091656
بكاسين,63124,1112,247,0.28853060009993226,0.2221223021582734,0.0640890811373051
قيتولي,63121,309,55,0.5144062526971573,0.1779935275080906,0.09156098348978528
Qabaa Jezzine,63117,4,0,0.23105342734096518,0.0,0.0
وادي جزين,63114,557,30,0.2176097711811995,0.05385996409335727,0.011720454462183097
جزين,63111,7597,2009,0.2995654557929256,0.26444649203633014,0.0792190339197035
Conflict,63003,0,0,0.23104262805493303,0.0,0.0
Conflict,63002,0,0,0.23104262805493303,0.0,0.0
Conflict,63001,0,0,0.23104262805493303,0.0,0.0
مزرعة الزلوطية,62351,70,0,0.09119897959183676,0.0,0.0
ظهيرة ,62341,586,0,0.0714768431001892,0.0,0.0
Btaychiye,62331,187,0,0.23154749467693642,0.0,0.0
بستان صور,62321,234,0,0.0482293753923686,0.0,0.0
Abou Chech,62319,84,0,0.23126941306160834,0.0,0.0
Jijim,62318,11,0,0.23107232609152145,0.0,0.0
علما الشعب,62316,1312,0,0.6600405759940788,0.0,0.0
Hamoul,62314,11,0,0.23107232609152145,0.0,0.0
الناقورة,62312,1788,0,0.20632378172602783,0.0,0.0
مروحين,62311,1629,0,0.0845573599812185,0.0,0.0
يارين,62308,1330,0,0.08750394335420375,0.0,0.0
Iskandarouna Sour,62299,21,0,0.23109932430660185,0.0,0.0
شمع,62298,232,0,0.09248300452685798,0.0,0.0
مجدل زون,62297,1085,0,0.009032026266815874,0.0,0.0
المنصوري,62296,2682,0,0.024576078381267963,0.0,0.0
طير حرفا,62295,631,0,0.06361805339655591,0.0,0.0
Aaziye,62294,2264,0,0.23715502394913446,0.0,0.0
حنية,62293,903,0,0.16964792955434915,0.0,0.0
جبين,62292,370,0,0.036823451436957755,0.0,0.0
عين ابو عبدالله,62291,4755,0,0.058769513314967714,0.0,0.0
قليلة,62287,3678,0,0.04739557949066642,0.0,0.0
زبقين,62286,1215,0,0.02475916838842962,0.0,0.0
شيحين,62285,494,0,0.033826095633528896,0.0,0.0
Marnba,62284,5,0,0.23105612716247323,0.0,0.0
برج رحال,62283,4657,0,0.029369375394644348,0.0,0.0
Mazraat Tayr Semhat,62281,0,0,0.23104262805493303,0.0,0.0
جبال البطم,62279,1226,0,0.02959356219074527,0.0,0.0
شعيتية,62277,2467,0,0.01639911148688744,0.0,0.0
عباسية ,62276,15540,0,0.06295728772701337,0.0,0.0
بدياس,62274,1436,0,0.04741558690791159,0.0,0.0
Touayri,62273,42,0,0.2311560205582707,0.0,0.0
طير فلسيه,62271,1968,0,0.03823828088179837,0.0,0.0
حلوسية,62269,1244,0,0.04479740906258789,0.0,0.0
كنيسة صور,62267,861,0,0.021633836120592664,0.0,0.0
صريفا,62266,3958,0,0.03602247286536131,0.0,0.0
شحور,62264,1594,0,0.04328879766059546,0.0,0.0
دير قانون النهر,62263,3644,0,0.02871182309609066,0.0,0.0
طورا,62261,2597,0,0.027342478189612773,0.0,0.0
رمادية,62259,1833,0,0.04051990726881605,0.0,0.0
Niha Sour,62257,300,0,0.23185257450734487,0.0,0.0
ارزون,62256,605,0,0.0564183080892362,0.0,0.0
شهابية ,62254,5432,0,0.3356152965357898,0.0,0.0
طير دبّه,62253,4204,0,0.04009263683662878,0.0,0.0
دير كيفا,62251,1955,0,0.06702987496376067,0.0,0.0
Bestiyat,62249,134,0,0.23140440413701033,0.0,0.0
حناوي,62247,2696,0,0.03232448636618279,0.0,0.0
بازورية,62246,6460,0,0.05443864076796945,0.0,0.0
Mheilib,62245,4696,0,0.2437209898566865,0.0,0.0
حميري ,62244,563,0,0.04526912079649115,0.0,0.0
Aain Baal,62243,5741,0,0.24654230333258778,0.0,0.0
Aaiye,62242,537,0,0.23249243220475024,0.0,0.0
صديقين,62241,3746,0,0.014354633406751915,0.0,0.0
دردغايا,62239,664,0,0.42397552117589854,0.0,0.0
جناتا,62237,889,0,0.06901755778042273,0.0,0.0
رشكنانيه,62236,698,0,0.0663465578604796,0.0,0.0
معروب,62234,2348,0,0.03351692289447028,0.0,0.0
نفاخية,62233,163,0,0.554499134934366,0.0,0.0
معركة,62231,8485,0,0.024703216189241206,0.0,0.0
قانا,62229,5587,18,0.2245212925628539,0.0032217648111687847,0.0007233547997371345
سلعا ,62227,1652,0,0.0329117147759701,0.0,0.0
البياض صور,62226,924,0,0.020425832782942965,0.0,0.0
باريش,62224,1545,0,0.037681663046606584,0.0,0.0
ديرعامص,62223,1166,0,0.0228723818464015,0.0,0.0
بافليه,62221,1035,0,0.06480361855069683,0.0,0.0
يانوح صور,62219,1129,0,0.035344668352284,0.0,0.0
وادي جيلو,62218,1475,0,0.027765742147436878,0.0,0.0
عيتيت,62217,3519,0,0.06059343533010464,0.0,0.0
مزرعة المشرف,62215,1627,0,0.05824628704594115,0.0,0.0
المجادل,62214,2087,0,0.014577472452930396,0.0,0.0
دبعل,62212,1423,0,0.032980175360366015,0.0,0.0
جويا,62211,7025,0,0.06354321824038356,0.0,0.0
دير قانون,62179,4541,0,0.023333053962476424,0.0,0.0
باتوليه,62162,3232,0,0.024339702108782002,0.0,0.0
برج الشمالي,62128,35430,0,0.4288120834791579,0.0,0.0
صور,62111,66420,14041,0.6669076068347488,0.21139716952725082,0.14098238042105854
Sfenta,61497,0,0,0.23104262805493303,0.0,0.0
Kfar Melki Saida,61496,2078,0,0.2366528571486391,0.0,0.0
كفر شلال,61494,138,0,0.22173918877215582,0.0,0.0
كفرحتى,61493,3173,692,0.11501789308134458,0.2180901355184368,0.025084267889155513
كفربيت,61491,220,0,0.0830867346938775,0.0,0.0
عنقون,61489,6337,1881,0.0616524137709108,0.29682815212245545,0.018300172053508475
برتي,61488,525,180,0.3678835538752363,0.34285714285714286,0.1261315041857953
Aarab Ej-Jall,61487,424,236,0.23218735237434177,0.5566037735849056,0.12923635651024684
Mazraat Aarab Soukkar,61486,189,0,0.2315528943199525,0.0,0.0
Mtayriye,61484,1456,0,0.23497356817063855,0.0,0.0
Aarab Tabbaya,61483,724,90,0.23299729882675363,0.12430939226519337,0.028963752616585396
بنعفول,61481,1934,400,0.3575625940357241,0.20682523267838676,0.07395296670852618
اركي,61479,763,0,0.07742396683971298,0.0,0.0
عقتنيت,61477,1013,500,0.2776905359631864,0.49358341559723595,0.13706344321973662
معمارية,61476,792,189,0.2824956044541528,0.23863636363636365,0.06741372379019556
خزيز,61474,132,5,0.23706711658897883,0.03787878787878788,0.008979815022309804
Mazraat El-Houssainiye,61473,11,0,0.23107232609152145,0.0,0.0
حجة,61471,701,0,0.23856913238261335,0.0,0.0
Mazraat 'Mseileh,61469,646,0,0.23278671274912655,0.0,0.0
Khirbet El-Bassal,61467,658,81,0.23281911060722302,0.12310030395136778,0.02866010328143627
عدّوسية,61466,1481,135,0.5353709347771524,0.09115462525320729,0.04880153693107061
نجارية,61464,1953,342,0.48146959641395026,0.17511520737327188,0.08431264821995442
مروانية,61463,3513,225,0.054646428525629176,0.06404782237403928,0.0034999847475851303
سكسكية,61461,5549,360,0.04514845773786713,0.06487655433411425,0.002929076371532198
تفاحتا,61459,2896,81,0.053797191095772856,0.02796961325966851,0.0015046866294052491
Mazraat 'Snaiber,61457,11,0,0.23107232609152145,0.0,0.0
Tebna,61456,6,0,0.23105882698398128,0.0,0.0
كوثرية السياد,61454,2152,5,0.05545986084335164,0.0023234200743494425,0.0001288565540040698
بيسارية,61453,11045,1350,0.42734182965835876,0.12222725215029426,0.05223281756802031
قعقعية الصنوبر,61451,1610,0,0.03231239036196243,0.0,0.0
صرفند,61449,17326,8000,0.08026875748289486,0.46173381045827083,0.03706279925332789
غسانية,61447,1965,0,0.05940561161966984,0.0,0.0
خرطوم,61446,551,0,0.07426017374845295,0.0,0.0
بابلية,61444,4849,0,0.045081946091917735,0.0,0.0
Khirbet Ed-Douair Saida,61443,276,0,0.23178777879115192,0.0,0.0
Daoudiye,61441,131,0,0.2313963046724862,0.0,0.0
لوبية,61439,1308,90,0.04825325296160343,0.06880733944954129,0.003320177956073631
Mazraat Sinai,61437,899,0,0.23346976759066054,0.0,0.0
إنصارية,61436,4353,0,0.06149825997451219,0.0,0.0
عدلون,61434,6808,112,0.04854178182079383,0.01645123384253819,0.0007985722038673486
Mazraat Oussamiyat,61433,15,0,0.23108312537755363,0.0,0.0
Mazraat Deir Taqla,61431,73,0,0.23123971502501992,0.0,0.0
Mazraat Sari,61429,27,0,0.2311155232356501,0.0,0.0
زرارية,61427,5923,0,0.040002567371206665,0.0,0.0
Mazraat Kaoutariyet Er-Riz,61426,1559,0,0.2352516497859666,0.0,0.0
Mazraat El-Mhaydale,61424,1,0,0.23104532787644108,0.0,0.0
Hartiye,61423,16,0,0.23108582519906165,0.0,0.0
Mazraat Jamjim,61421,431,90,0.23220625112489807,0.2088167053364269,0.04848854431842419
الخرائب صيدا,61419,5058,0,0.03639587928084176,0.0,0.0
Mazraat Kfar Beda,61418,796,144,0.23319168597533246,0.18090452261306533,0.04218543062870336
ارزي,61417,2333,0,0.042388319021684495,0.0,0.0
Matariyet Ech-Choumar,61415,530,0,0.23247353345419397,0.0,0.0
Mzaraat El-Ouasta,61414,1344,0,0.23467118816173813,0.0,0.0
Mazraat El Yahoudiye (Aaitaniyé),61412,694,40,0.23291630418151243,0.05763688760806916,0.013424570846196682
Jazira Saida,61411,81,0,0.23126131359708424,0.0,0.0
طنبوريت,61383,1913,99,0.24388735663050454,0.05175117616309462,0.012621457556936722
زغدرايا,61371,1715,247,0.11957101207830079,0.14402332361516035,0.01722101456754536
زيتا,61359,642,100,0.08586421588056548,0.1557632398753894,0.01337448845491674
قناريت,61347,3968,120,0.09506032812901144,0.03024193548387097,0.0028748083103531685
درب السيم,61335,10579,1350,0.3683626749837754,0.12761130541639096,0.04700724182135332
مغدوشة,61323,4564,775,0.37863479144886747,0.16980718667835232,0.06429490871447684
غازية,61311,17824,3304,0.0810447970680781,0.18536804308797128,0.01502311543497139
عين الدلب,61277,2629,405,0.5174097178714073,0.15405096995055154,0.07970746889993152
بقسطا,61266,1494,2200,0.5339283352246225,1.4725568942436413,0.7862398510670479
قرية صيدا,61255,3617,1067,0.37786350980509975,0.2949958529167819,0.11146816836108417
عبرا ,61244,10234,3330,0.412399437447746,0.3253859683408247,0.1341889902971462
مجدليون,61233,2688,2250,0.49740517687501073,0.8370535714285714,0.416354779750288
كفريا,61222,1585,135,0.5148748463860222,0.08517350157728706,0.0438536935407653
صالحية,61211,1089,162,0.46219472031637676,0.1487603305785124,0.06875623938590729
مية ومية,61183,30708,839,0.36273030499066783,0.027321870522339455,0.009910470427483727
حارة صيدا,61159,14722,11621,0.24151511582719443,0.7893628583072952,0.19064306215377166
هلالية صيدا,61147,12797,2475,0.6465138396956579,0.19340470422755332,0.12503881794535854
برامية,61123,1399,225,0.7093509365244538,0.16082916368834882,0.11408431788277491
صيدا الدكرمان,61119,90335,13499,0.4154144842296824,0.14943266729396137,0.0620764944109867
صيدا,61115,15199,1552,0.29742251258150043,0.10211198105138496,0.030370401968977476
الوسطاني,61111,10749,12285,0.1404524416678804,1.1428970136756909,0.16052267614567967
Conflict,61001,0,0,0.23104262805493303,0.0,0.0
Nabi Safa,55199,34,90,0.23113442198620637,2.6470588235294117,0.6118264111399581
حلوة,55197,59,0,0.015595365611580037,0.0,0.0
عيتا الفخار,55194,1434,15,0.560950297902291,0.010460251046025104,0.005867680940400534
مزرعة سلساتا,55191,6,0,0.035076530612244916,0.0,0.0
دير العشاير,55187,646,0,0.10189323663349636,0.0,0.0
ينطا,55184,1804,2,0.004148680736440813,0.0011086474501108647,4.599424319779171e-06
مدوخا,55181,1180,180,0.010330675419532365,0.15254237288135594,0.0015758657419625642
بكا,55177,508,0,0.03637615055884291,0.0,0.0
مجدل بلهيص,55174,1252,63,0.1311422835821946,0.050319488817891375,0.00659901267226698
عين عطا,55171,1563,31,0.18787874279923833,0.01983365323096609,0.0037263218341499604
عين عرب,55167,264,9,0.4716413843633316,0.03409090909090909,0.01607868355784085
بيرة راشّيا,55164,1585,180,0.017372992412613697,0.11356466876971609,0.001972958128877265
Haouch El Qinnabe Rachaiya,55161,564,0,0.2325653273854673,0.0,0.0
الرافد راشيا,55157,2783,180,0.021462594550666014,0.06467840459935321,0.00138816637409985
كفر مشكي,55154,880,90,0.4107410076623176,0.10227272727272728,0.04200760305637339
خربة روحا,55151,2052,112,0.012432452629793977,0.05458089668615984,0.0006785744125423613
Aain Rouha,55147,615,2,0.23270301828237733,0.0032520325203252032,0.0007567577830321214
كوكبا ,55144,840,396,0.5465931256763865,0.4714285714285714,0.2576796163902965
محيدثه ,55141,980,0,0.28897648314324653,0.0,0.0
كفر دنيس,55137,910,89,0.01537827761129118,0.0978021978021978,0.00150402934879661
كفرقوق,55134,2190,0,0.13671779564565656,0.0,0.0
تنورة,55131,665,0,0.0,0.0,0.0
بيت لهيا,55127,415,0,0.3290987337351615,0.0,0.0
ضهر الاحمر,55124,1917,270,0.0555972222222223,0.14084507042253522,0.00783059467918624
Bakkifac Rachaya,55121,963,0,0.23364255616717505,0.0,0.0
عيحا,55117,2234,30,0.13437594327854885,0.01342882721575649,0.001804511324241927
عقبة راشيّا,55114,1846,481,0.018931206647436083,0.2605633802816901,0.0049327791968671484
Rachaiya,55111,5817,850,0.2467474897671988,0.14612343132198727,0.03605558987487003
Conflict,55010,0,0,0.23104262805493303,0.0,0.0
Conflict,55009,0,0,0.23104262805493303,0.0,0.0
Conflict,55008,0,0,0.23104262805493303,0.0,0.0
Conflict,55007,0,0,0.23104262805493303,0.0,0.0
Conflict,55006,0,0,0.23104262805493303,0.0,0.0
Conflict,55005,0,0,0.23104262805493303,0.0,0.0
Conflict,55004,0,0,0.23104262805493303,0.0,0.0
Conflict,55003,0,0,0.23104262805493303,0.0,0.0
Conflict,55002,0,0,0.23104262805493303,0.0,0.0
Conflict,55001,0,0,0.23104262805493303,0.0,0.0
Ouadi El-Aaoss,54183,0,0,0.23104262805493303,0.0,0.0
الخرائب,54175,172,112,0.03639587928084176,0.6511627906976745,0.02369964232240859
Maaysra El-Hermel,54167,102,0,0.23131800984875306,0.0,0.0
Hermel Jbab,54159,126,0,0.231382805564946,0.0,0.0
Ouadi Faara,54151,245,0,0.2317040843244027,0.0,0.0
Ras Baalbek Ouadi Faara,54143,21,0,0.23109932430660185,0.0,0.0
Ras Baalbek El Gharbi,54135,128,90,0.23138820520796208,0.703125,0.16269483178684835
شربين,54127,2053,90,0.1217473651854587,0.043838285435947394,0.005337195746074663
زغرين,54119,1013,82,0.05116462410191924,0.08094768015794669,0.004141657627203729
Michaa Mrajhine,54114,27,0,0.8462500415929788,0.0,0.0
هرمل,54111,49637,1200,0.16267800885156258,0.024175514233334004,0.003932824518441386
Conflict,54003,0,0,0.23104262805493303,0.0,0.0
Conflict,54002,0,0,0.23104262805493303,0.0,0.0
Conflict,54001,0,0,0.23104262805493303,0.0,0.0
طفيل,53475,244,36,0.10240265474676036,0.14754098360655737,0.015108588405259724
Aain Ej-Jaouz Baalbek,53473,37,135,0.2311425214507305,3.6486486486486487,0.8433578485364491
النبي سباط,53471,25,0,0.026311111111110952,0.0,0.0
Chaaibe,53469,2,0,0.2310480276979491,0.0,0.0
شليفا,53467,1807,0,0.37423229175355277,0.0,0.0
عين البنية,53465,611,0,0.05564806715405768,0.0,0.0
حام,53463,343,25,0.04409364319274223,0.0728862973760933,0.0032138223901415617
معربون,53461,1064,105,0.0976043940551089,0.09868421052631579,0.009632012571227852
بوداي,53459,9212,381,0.036492367603453424,0.04135909683022145,0.0015092913652752665
مزرعة بيت مشيك,53457,11,0,0.1368259229283626,0.0,0.0
خريبة ,53455,1452,0,0.037471595518212775,0.0,0.0
بريتال,53453,16638,540,0.03128259417778523,0.03245582401730977,0.0010153023714391167
حور تعلا,53451,3504,27,0.03204053469806356,0.007705479452054794,0.00024688768174877744
يحفوفا,53449,249,0,0.08613558894079021,0.0,0.0
جنتا,53447,383,0,0.021458219124441902,0.0,0.0
نبي شيت,53445,11035,0,0.04298563757327234,0.0,0.0
خضر ,53443,4229,0,0.057568519143194496,0.0,0.0
حزين,53441,1525,540,0.045545315546578036,0.3540983606557377,0.016127521570591566
طليا,53439,3233,0,0.4497076805029576,0.0,0.0
سرعين التحتا,53437,8784,0,0.5643306675784125,0.0,0.0
طاريا,53435,4792,0,0.031068515818019504,0.0,0.0
حوش سنيد,53433,930,0,0.05708283377011969,0.0,0.0
حوش النبي,53431,1277,0,0.25791386078140743,0.0,0.0
شمسطار,53429,10463,517,0.0660531213243416,0.049412214470037276,0.00326383099729376
كفر دبش,53427,601,0,0.04257791270778288,0.0,0.0
تمنين التحتا,53425,9845,74,0.050326895322179155,0.007516505840528187,0.0003782824026248103
Slouqi,53423,17,0,0.2310885250205697,0.0,0.0
Mousraye,53421,239,0,0.23168788539535448,0.0,0.0
حوش الرافقة,53419,6941,0,0.19737284515545572,0.0,0.0
بيت شاما,53417,2645,1433,0.31601937716262984,0.5417769376181475,0.17121201038716394
تمنين الفوقا,53415,4410,50,0.05684450911669647,0.011337868480725623,0.0006444955682165133
قصرنابا,53413,4369,0,0.04273727979056652,0.0,0.0
بدنايل,53411,7979,180,0.23804661259788806,0.022559217947111167,0.005370145415167295
يمونة,53388,1692,0,0.116545445791706,0.0,0.0
عيناتا,53377,1100,0,0.12873504867039443,0.0,0.0
بتدعي,53375,993,0,0.14492793913573288,0.0,0.0
دار الواسعة,53366,116,0,0.044343138802219406,0.0,0.0
ريحا,53355,461,45,0.05124368136725499,0.09761388286334056,0.005002094710469576
برقا,53344,898,0,0.11251838055092644,0.0,0.0
بشوات,53333,844,0,0.10216368023416822,0.0,0.0
كنيسة,53322,1077,200,0.057971269566931105,0.18570102135561745,0.010765323967860929
دير الاحمر,53311,6962,1248,0.12812027560289496,0.17925883366848608,0.02296669117385994
يونين,53284,7708,0,0.06282944648083644,0.0,0.0
الرام,53281,464,68,0.05511281519226918,0.14655172413793102,0.008076878088522208
قرحا,53277,461,225,0.011798994443906308,0.4880694143167028,0.005758728307763382
شعت,53274,6327,22,0.41503403585913956,0.003477161371898214,0.0014431403175124181
نبحا,53271,2032,46,0.2844066809926432,0.022637795275590553,0.0064383402193216475
Qaa Jouar Maqiye,53267,713,0,0.23296760079016518,0.0,0.0
حربتا,53264,1510,0,0.05291507750461144,0.0,0.0
صبوبا,53261,235,68,0.03770851280444831,0.28936170212765955,0.010911399449797809
Qaa Baayoun,53257,852,113,0.23334287597978268,0.13262910798122066,0.030948057494971176
Qaa Ouadi El-Khanzir,53254,512,0,0.23242493666704925,0.0,0.0
المقرق,53251,749,0,0.04298997705591123,0.0,0.0
حلباتا,53247,739,68,0.037949618709633204,0.09201623815967523,0.003491981153254476
Deir Mar Maroun Baalbek,53244,83,0,0.2312667132401003,0.0,0.0
القاع,53241,15859,158,0.24956808559423183,0.009962797149883348,0.002486396211860056
زبود,53237,1012,0,0.04739460408720264,0.0,0.0
لبوة,53234,10128,0,0.08455223554751357,0.0,0.0
عرسال,53231,47604,450,0.021616790533473873,0.009452987143937485,0.00020434324300611805
Ras Baalbek Ech-Charqi,53227,72,0,0.23123701520351186,0.0,0.0
نبي عثمان,53224,2715,113,0.11094678040278683,0.04162062615101289,0.004617674469802914
Bajjaje,53221,490,0,0.23236554059387238,0.0,0.0
العين,53217,8137,0,0.6660246401588541,0.0,0.0
فاكهة,53214,8887,901,0.4475552781920499,0.10138404410937324,0.045374964065605594
راس بعلبك,53211,4710,0,0.33947043382680153,0.0,0.0
Hadath Baalbek,53183,3241,585,0.23979274956248905,0.18049984572662758,0.04328255430239312
كفر دان,53179,1571,0,0.050203210713759105,0.0,0.0
جبعا,53171,163,0,0.0432361689470554,0.0,0.0
سعيدة,53167,2816,113,0.09136722154068377,0.04012784090909091,0.0036663693302902227
Aain Es-Siyaa Chadoura,53163,3,0,0.23105072751945716,0.0,0.0
haouch El-Dehab,53159,73,0,0.23123971502501992,0.0,0.0
مقنة,53155,2348,0,0.05060638096540915,0.0,0.0
حوش بردى,53151,812,0,0.6929415444293416,0.0,0.0
مجدلون,53147,2453,0,0.6923211815638775,0.0,0.0
نحله ,53143,2951,315,0.032457937830033035,0.10674347678752966,0.003464673133331212
طيبة بعلبك,53139,1473,0,0.17426282198913146,0.0,0.0
حوش تل صفية,53135,1271,90,0.434485534953736,0.07081038552321008,0.03076608823433221
Aamchki,53131,46,0,0.23116681984430285,0.0,0.0
Aadous,53127,1661,40,0.23552703157978663,0.024081878386514148,0.005671933331241099
ايعات,53123,6292,765,0.3051426180954374,0.1215829624920534,0.03710014349062454
دوريس,53119,11441,450,0.7035924573169863,0.039332226204003146,0.027673857686622134
Aain Bourday,53115,929,0,0.2335507622359017,0.0,0.0
بعلبك,53111,65558,0,0.4006626469085147,0.0,0.0
Conflict,53003,0,0,0.23104262805493303,0.0,0.0
Conflict,53002,0,0,0.23104262805493303,0.0,0.0
Conflict,53001,0,0,0.23104262805493303,0.0,0.0
روضة إسطبل,52295,1317,18,0.028601606321588924,0.01366742596810934,0.0003909103369693247
Qelaya,52291,760,0,0.23309449240104305,0.0,0.0
ميدون,52287,51,0,0.01713436385255651,0.0,0.0
زلايا,52284,192,0,0.041455251117164194,0.0,0.0
Yohmor BG,52281,1943,0,0.23628838124505377,0.0,0.0
المرج,52277,18478,225,0.060788770820181304,0.012176642493776382,0.0007402031299134534
لبايا,52274,2377,0,0.0560467932696026,0.0,0.0
Harime Es-Soughra,52271,116,23,0.2313558073498656,0.19827586206896552,0.04587227214695611
سحمر,52267,5097,0,0.04781152913021025,0.0,0.0
صويري,52264,5104,0,0.20367027006804217,0.0,0.0
الوقف بقاع الغربي,52261,0,0,0.2363789409243956,0.0,0.0
Jazira BG,52257,154,24,0.23145840056717112,0.15584415584415584,0.03607143904942926
حوش الحريمة,52254,5126,175,0.03247552798594433,0.03413968006242684,0.0011087041352985285
دكوة,52251,857,27,0.671521107266436,0.03150525087514586,0.021156440952384798
Khiara El-Aatiqa,52247,5,134,0.23105612716247323,26.8,6.192304207954282
Manara (Hammara) BG,52244,3702,0,0.24103736727769526,0.0,0.0
Soltan Yacoub el Aradi,52241,72,0,0.23123701520351186,0.0,0.0
القرعون,52237,7079,225,0.25756543134985954,0.03178415030371522,0.008186498383065179
الخيارة,52234,2409,134,0.053925925925926044,0.05562474055624741,0.002999615638885052
سلطان يعقوب الفوقا,52231,2289,0,0.01369887966917771,0.0,0.0
غزة,52227,15651,405,0.02306554865736299,0.025876940770557792,0.0005968658364470009
بعلول,52224,1858,90,0.053132222714520005,0.04843918191603875,0.002573681401672121
Tall Znoub,52221,348,45,0.23198216593973078,0.12931034482758622,0.029997693871516913
كامد اللوز,52217,7509,540,0.024454824049900847,0.07191370355573312,0.0017586369672321824
لالا,52214,3164,23,0.018445044397151777,0.007269279393173199,0.0001340821811423802
جب جنين,52211,12372,135,0.3714152776334715,0.010911736178467508,0.004052785522188704
شبرقية عميق,52181,0,0,0.5844897959183674,0.0,0.0
عميق,52176,737,135,0.7012368146933108,0.18317503392130258,0.12844907731831337
المنصورة,52171,3595,50,0.6498587576934596,0.013908205841446454,0.00903836936986731
Deir Tahniche,52166,85,0,0.2312721128831164,0.0,0.0
عانا,52161,1120,0,0.458081767678716,0.0,0.0
كفريا بقاع الغربي,52156,1465,50,0.5148748463860222,0.034129692832764506,0.01757252035447175
خربة قنافار,52151,4206,135,0.6703080550252096,0.03209700427960057,0.02151488051079489
عين زبدة,52146,1101,90,0.39423233595377905,0.08174386920980926,0.0322260765084833
لوسيا,52141,253,0,0.0,0.0,0.0
صغبين,52136,2186,180,0.5607808087681941,0.08234217749313816,0.04617591289033621
Deir Aain Ej-Jaouze,52131,62,54,0.23121001698843147,0.8709677419354839,0.20137646640927903
باب مارع,52126,475,0,0.5805713632074123,0.0,0.0
عيتنيت,52121,739,45,0.5921011605353779,0.06089309878213803,0.03605487445749933
عين التينة بقاع الغربي,52116,1492,0,0.020469262898746066,0.0,0.0
مشغرة,52111,8173,0,0.5538959665542365,0.0,0.0
Conflict,52003,0,0,0.23104262805493303,0.0,0.0
Conflict,52002,0,0,0.23104262805493303,0.0,0.0
Conflict,52001,0,0,0.23104262805493303,0.0,0.0
كفر زبد,51389,8388,1066,0.5905175612790757,0.12708631378159274,0.07504670008625354
دلهميه,51383,9825,0,0.08935528611055488,0.0,0.0
عين كفر زبد,51377,1432,536,0.6099443826012692,0.3743016759776536,0.22830320466081025
مسا,51371,1122,0,0.043525552335952566,0.0,0.0
تربل,51365,5817,0,0.5915420331327415,0.0,0.0
رعيت,51359,3897,90,0.2554307102325335,0.023094688221709007,0.005899092615070058
Nasriyet Rizk,51354,1153,0,0.23415552225370256,0.0,0.0
قوسايا,51353,658,0,0.3600353955063096,0.0,0.0
دير الغزال,51347,571,0,0.540239496086143,0.0,0.0
Hoshmosh,51341,35,0,0.23113712180771442,0.0,0.0
Haouch El-Aamara,51335,50,0,0.231177619130335,0.0,0.0
حوش الغنم,51329,713,0,0.30412498717167025,0.0,0.0
علي النهري,51323,8616,0,0.04564671742662296,0.0,0.0
حوش حالا,51317,4666,400,0.7661439262640317,0.08572653236176597,0.06567886208864396
رياق,51311,8437,1350,0.7537860033305008,0.16000948204338034,0.12061290796446321
ناصرية  زحلة,51287,157,0,0.2981560970135645,0.0,0.0
مجدل عنجر,51284,17146,2250,0.01691543186695632,0.1312259419106497,0.002219743479566763
Aanjar (Haouch Moussa),51281,8385,180,0.2536806313998442,0.02146690518783542,0.00544573806225068
تل الاخضر,51277,53,0,0.41848842184274737,0.0,0.0
Tcheflik Edde Haouch,51274,233,0,0.23167168646630623,0.0,0.0
Mzaraat Zahle,51271,346,0,0.2319767662967147,0.0,0.0
بر الياس,51267,37304,1125,0.17428214136027032,0.0301576238473086,0.005255935262446497
Haouch Qayssar,51264,13,0,0.23107772573453755,0.0,0.0
Tcheflik Qiqano,51261,0,0,0.23104262805493303,0.0,0.0
وادي الدلم,51257,830,0,0.6854903775085901,0.0,0.0
Haouch Es-Siyade,51251,9,0,0.23106692644850538,0.0,0.0
Chebrqiyet Tabet,51247,31,0,0.23112632252168225,0.0,0.0
بوارج,51244,1279,270,0.08942335186255868,0.2111024237685692,0.018877486319695734
مريجات,51241,1294,402,0.6256405693820416,0.3106646058732612,0.1943643809053947
Haouch Mandara,51237,85,0,0.2312721128831164,0.0,0.0
قب الياس,51234,26381,1440,0.5248677355715874,0.05458473901671658,0.028649768364470106
سعدنايل,51231,17998,360,0.06341625883176649,0.02000222246916324,0.0012684661173150314
تعنايل,51227,4303,225,0.5233573585085528,0.05228910062746921,0.027365885583180195
جديتا,51224,6891,1350,0.7387873490638467,0.195907705703091,0.14473413455756684
تعلبايا,51221,17577,1350,0.6012467341068387,0.07680491551459294,0.04617870461650067
مكسة,51217,3367,360,0.5749957997926531,0.10692010692010692,0.061478612392442865
Zebdoul,51214,374,0,0.2320523612989398,0.0,0.0
شتورا,51211,3599,225,0.7622002165052564,0.06251736593498194,0.047650749850981576
وادي العرايش,51189,1172,0,0.4438116456412433,0.0,0.0
Mazraat Er-Remtaniye,51185,10,0,0.23106962627001343,0.0,0.0
Ksara,51184,1617,450,0.2354082394334329,0.2782931354359926,0.0655124970593969
Niha Zahle,51177,1360,22,0.23471438530586675,0.016176470588235296,0.0037968503505360802
قاع الريم,51173,1552,13,0.5823245036287672,0.008376288659793814,0.004877718136065704
ابلح,51163,5421,22,0.6629824660806046,0.0040582918280760005,0.002690576324252592
حزرتا,51157,1969,603,0.0477747000501525,0.3062468257998984,0.01463085024390145
نبي ايلا,51151,717,2,0.07142589615709027,0.002789400278940028,0.00019923541466412907
تويتي,51145,198,0,0.5521230229434501,0.0,0.0
فرزل ,51139,6431,0,0.37551937122906054,0.0,0.0
مار الياس زحلة,51135,4174,0,0.7506420402347229,0.0,0.0
Zahle Aradi,51133,4328,0,0.24272745554172798,0.0,0.0
Zahle Haouch El-Oumara,51131,4830,442,0.2440827659387638,0.09151138716356108,0.022336352493775073
زحلة  سيدة النجاة,51129,48,0,0.6535130316126938,0.0,0.0
زحلة حوش الامراء أراضي,51127,4165,0,0.790787088381586,0.0,0.0
Zahle Maallaqa Aradi,51125,8896,399,0.2550602401904524,0.04485161870503597,0.011439864639837063
زحلة مار انطونيوس,51123,49,0,0.6848625587889634,0.0,0.0
زحلة معلقة أراضي,51121,16591,900,0.7964856188355613,0.05424627810258574,0.043206380384063964
بربارة زحلة,51119,1597,225,0.7317252324941055,0.1408891671884784,0.10309215861689026
الراسية,51117,4131,251,0.6385741441096147,0.0607601065117405,0.038799833011743716
Zahle Mar Gerges,51115,2553,0,0.23793527236495787,0.0,0.0
حوش الزراعنة,51113,1341,0,0.8222823706382185,0.0,0.0
زحلة,51111,11429,48,0.847428329016497,0.0041998425059060285,0.0035590655169124032
Conflict,51001,0,0,0.23104262805493303,0.0,0.0
Kfar Bibnine,37395,787,12,0.011027645741789494,0.015247776365946633,0.00016814707611368987
Bakhaaoun,37391,10472,532,0.01955935190052538,0.05080213903743316,0.0009936569147325728
Mazraat El-Kreme,37389,0,0,0.23104262805493303,0.0,0.0
Terbol-Miniye,37387,245,0,0.2317040843244027,0.0,0.0
Mrebbine,37385,0,0,0.23104262805493303,0.0,0.0
Qarne,37383,127,0,0.23138550538645405,0.0,0.0
Raouda-Aadoua,37382,720,100,0.004747759377107474,0.1388888888888889,0.0006594110245982603
Merkebta,37381,2534,327,0.16468038094319248,0.12904498816101026,0.021251177809164933
Bechehhara,37379,12,0,0.2310750259130295,0.0,0.0
Deir Nbouh,37377,1704,170,0.04089871544393686,0.09976525821596244,0.004080270906965532
Jarjour,37375,69,0,0.23122891573898777,0.0,0.0
Kahf El-Malloul,37373,528,0,0.07705171557410284,0.0,0.0
Behouaita,37371,470,0,0.11302040050398077,0.0,0.0
Zaghartaghrine,37369,845,0,0.08387669688699817,0.0,0.0
Aaymar,37367,394,0,0.050968825184949496,0.0,0.0
Kfar Habou,37365,3253,100,0.4922829380193904,0.03074085459575776,0.01513319821762651
Kfar Chellane,37363,1929,90,0.09264729045774434,0.04665629860031104,0.0043225796481062674
Aasaymout,37362,32,0,0.2311290223431903,0.0,0.0
Aazqai,37361,1184,144,0.010648216425438117,0.12162162162162163,0.001295053349039771
Qarhaiya,37360,495,14,0.23237903970141258,0.028282828282828285,0.006572336476403588
Bechnnata,37359,51,24,0.23118031895184304,0.47058823529411764,0.10879073833027908
Jayroun,37358,556,0,0.0,0.0,0.0
Beit Haouik,37357,464,9,0.0041343569563931926,0.01939655172413793,8.019226855073003e-05
Debaael,37356,556,0,0.232543728813403,0.0,0.0
Haouaret-Miniye,37355,484,9,0.1315884191694695,0.01859504132231405,0.0024468920919942677
Qraine,37353,95,0,0.23129911109819679,0.0,0.0
Mrah Es-Srayj,37351,1387,180,0.016771805721226385,0.12977649603460706,0.0021765861786739358
Beit Zoud,37349,519,15,0.23244383541760552,0.028901734104046242,0.006718029925364321
Karm El-Mohr,37347,803,6,0.03896760134593835,0.007471980074719801,0.00029116514081647585
Harf Es-Sayad,37345,970,96,0.005738833393716725,0.09896907216494845,0.0005679670162853666
Qemmamine,37344,458,0,0.010858347749259423,0.0,0.0
Btermaz,37343,1952,158,0.03230567258096162,0.08094262295081968,0.00261490587489341
Izal,37341,3393,396,0.007745402399457757,0.11671087533156499,0.0009039726938359186
Qarsaita,37339,2342,120,0.0056847301288552865,0.05123825789923143,0.0002912756684298183
سفيرة,37337,2190,126,0.11721076585941448,0.057534246575342465,0.006743633104240285
Kharroub-Miniye,37335,421,0,0.1345817492485416,0.0,0.0
Aain Et-Tine-Miniyé,37333,949,16,0.004422320577771477,0.01685985247629083,7.455967254409233e-05
Mrah Es-Sfire,37331,319,0,0.4750107986119536,0.0,0.0
Beit El-Faqs,37329,2214,180,0.006795445904884012,0.08130081300813008,0.0005524752768198384
Haql el Aazime,37327,1220,19,0.1451583424595242,0.01557377049180328,0.002260662710435213
Mimrine,37325,3224,135,0.006474098016890362,0.04187344913151365,0.0002710928139826919
tarane,37323,1873,32,0.005377500665224355,0.017084890549919914,9.187401029747963e-05
حازمية المنيه,37321,254,0,0.6004506465860708,0.0,0.0
Bqarsouna,37319,3340,85,0.01780295593884884,0.025449101796407185,0.00045306923796471603
Bqaa Sefrine,37317,2670,293,0.006380907944615655,0.1097378277153558,0.0007002269766937778
Qattine-Miniyé,37315,1196,9,0.33856803110364353,0.007525083612040134,0.0025477527424187223
Mazraat Ketrane,37314,127,0,0.23138550538645405,0.0,0.0
Aassoun,37313,2433,135,0.46217086620706194,0.055487053020961775,0.025644499357975078
Sir Ed-Danniye,37311,6287,400,0.306293918736083,0.06362334976936536,0.01948744512397538
Zouq Bhannine,37291,10806,1985,0.2602168992708078,0.18369424393855266,0.04780034657158556
Rihaniyet-Miniye,37281,220,0,0.2316365887867017,0.0,0.0
Minie,37271,31818,1600,0.16190388194377814,0.05028600163429505,0.00814149887202354
Nabi Youcheaa,37261,2178,450,0.009918532358493382,0.2066115702479339,0.0020492835451432607
Borj El-Yahoudiye,37251,624,17,0.011952920423871971,0.027243589743589744,0.0003256404602657428
Deir Aammar,37241,6243,191,0.013211084785234584,0.03059426557744674,0.00040418343648563276
بداوي,37231,63116,4343,0.021340271306925285,0.06880981050763674,0.0014684200248110861
Conflict,37006,0,0,0.23104262805493303,0.0,0.0
Conflict,37005,0,0,0.23104262805493303,0.0,0.0
Conflict,37004,0,0,0.23104262805493303,0.0,0.0
Conflict,37003,0,0,0.23104262805493303,0.0,0.0
Conflict,37002,0,0,0.23104262805493303,0.0,0.0
Conflict,37001,0,0,0.23104262805493303,0.0,0.0
Bqaa Kafra,36191,543,0,0.11525005461955029,0.0,0.0
Beit Menzer,36187,6119,0,0.13151097235012688,0.0,0.0
Bqerqacha,36184,1048,0,0.12628625220317258,0.0,0.0
Bazaaoun,36181,731,0,0.12324506498151822,0.0,0.0
Hadchit,36177,3590,0,0.08740494552516886,0.0,0.0
Hasroun,36171,2630,33,0.12582157182143672,0.012547528517110267,0.0015787497604971147
Metrit,36164,232,111,0.3225456040843878,0.47844827586206895,0.15432138816106486
Dimane,36161,254,0,0.05938138043809649,0.0,0.0
Breissat,36157,54,0,0.11689597225312864,0.0,0.0
Moghr El-Ahoual,36154,190,0,0.23155559414146054,0.0,0.0
Blaouza,36151,538,0,0.036798041963344685,0.0,0.0
Bane,36147,636,0,0.04168627205904407,0.0,0.0
Mazraat Aassaf,36144,109,0,0.5304590650826447,0.0,0.0
Ouadi Qannoubine,36141,105,10,0.04609149338374274,0.09523809523809523,0.004389666036546927
Berhalioun,36137,745,42,0.08417904585560176,0.056375838926174496,0.004745664330114462
مزرعة بني صعب,36134,228,0,0.0,0.0,0.0
Haqath Ej-Jebbe,36131,1004,0,0.15450706911209455,0.0,0.0
Qnat,36127,730,0,0.23301349775580185,0.0,0.0
Tourza,36124,601,30,0.05121137542116194,0.04991680532445923,0.002556308257295937
Aabdine,36121,801,0,0.09511126893939392,0.0,0.0
Billa,36117,286,0,0.23181477700623232,0.0,0.0
Qnayouer,36114,138,0,0.1254975079780557,0.0,0.0
Bcharre,36111,1042,237,0.12422759932375305,0.22744721689059502,0.028255221727187595
Mchaa Ej-Jibbe,36110,0,0,0.23104262805493303,0.0,0.0
Qarha Aakkar,35518,828,293,0.23327808026358973,0.3538647342995169,0.08254888589037657
اكروم,35516,12696,166,0.0490248164876359,0.013074984247006932,0.0006409987032882452
Kneisset Hnaider,35515,1803,0,0.23591040623392825,0.0,0.0
حنيدر,35514,2201,0,0.1109519341330869,0.0,0.0
العماير,35512,20409,29,0.05684400616833063,0.001420941741388603,8.077202111233222e-05
Dayret Nahr El-Kabir,35511,3449,0,0.24035431243616126,0.0,0.0
عندقت,35498,4412,48,0.17062717765378066,0.010879419764279238,0.0018563246888897262
القبيات,35487,8480,5,0.17380208513982698,0.0005896226415094339,0.00010247764453999232
النهريه ,35486,3312,0,0.30151456504638585,0.0,0.0
Aarme,35484,31,72,0.23112632252168225,2.3225806451612905,0.5368095232761653
الغزيله,35475,963,23,0.4478968887232233,0.023883696780893044,0.010697433479370858
سرار,35471,84,0,0.3231294840181822,0.0,0.0
حميص,35470,15,0,0.13566344751270054,0.0,0.0
السنديانة,35469,318,0,0.011342115729580104,0.0,0.0
الريحانية,35467,4234,0,0.2818596994804873,0.0,0.0
Knisse,35465,536,0,0.2178646921977776,0.0,0.0
هيتلا,35463,974,0,0.5995774974256023,0.0,0.0
Mzeihme,35461,8,5,0.23106422662699735,0.625,0.14441514164187336
التليل,35459,3059,83,0.6604074430251125,0.027133050016345212,0.017918868182767028
شربيلا,35457,519,0,0.41588522445631204,0.0,0.0
وادي الحور,35455,442,7,0.020027572689749085,0.01583710407239819,0.000317178753005076
قشلق,35453,279,0,0.2794892748372191,0.0,0.0
Msalla,35451,67,0,0.23122351609597167,0.0,0.0
عمار البيكات,35449,1565,67,0.22686795224977052,0.04281150159744409,0.00971255770014992
سفينة الدريب,35447,511,9,0.11368217799212432,0.01761252446183953,0.002002230140761485
Noura Et-Tahta,35445,774,117,0.2331322899021556,0.1511627906976744,0.0352409275433491
دوير عدويه,35443,548,9,0.011998294382348673,0.016423357664233577,0.00019705228000207675
دير جنين,35441,852,0,0.1394808004326662,0.0,0.0
دوسة بغدادي,35439,2583,20,0.008604257832425022,0.007742934572202865,6.662220543883099e-05
مشتى حمود,35437,13368,50,0.02698629009297071,0.0037402752842609216,0.00010093615384863371
عين تنتا,35435,588,27,0.03018571534800718,0.04591836734693878,0.0013860787659799216
برباره,35433,523,0,0.1407694760335848,0.0,0.0
دبابية,35432,805,36,0.5871084037267342,0.04472049689440994,0.026255779545543395
خربة شار,35431,986,0,0.011504674940929771,0.0,0.0
Khalsa,35430,152,0,0.23145300092415502,0.0,0.0
الكواشرة,35429,3858,135,0.012567994831375162,0.034992223950233284,0.00043978208974485407
عين الزيت,35427,1854,38,0.17939484455079935,0.020496224379719527,0.003676916986478088
Bsatine Aakkar,35425,99,0,0.23130991038422893,0.0,0.0
كفر الفتوح,35423,50,0,0.0,0.0,0.0
Aamriyet Aakkar,35421,265,0,0.2317580807545635,0.0,0.0
العوينات,35420,941,0,0.37877156735396433,0.0,0.0
الدغلة,35419,720,5,0.5829590985516142,0.006944444444444444,0.004048327073275099
خربة داوود,35417,2756,20,0.044374400786376,0.00725689404934688,0.0003220203250099855
Biret Aakkar,35416,7454,202,0.2511670975758594,0.02709954386906359,0.006806513779222378
القصير,35415,123,0,0.031737773152965554,0.0,0.0
منجز,35414,1231,0,0.25067934560460936,0.0,0.0
فريديس,35412,306,0,0.6185668771918561,0.0,0.0
Sindianet Zeidane,35411,1964,0,0.2363450774967226,0.0,0.0
Khirbet Er Remmane,35410,0,0,0.23104262805493303,0.0,0.0
Barde,35408,154,40,0.23145840056717112,0.2597402597402597,0.06011906508238211
كفرنون,35406,217,0,0.202552026727851,0.0,0.0
رماح النهريه,35404,751,0,0.6099000416493128,0.0,0.0
شيخلار,35402,784,0,0.36955507224682815,0.0,0.0
ممنع,35371,256,0,0.1824086917157085,0.0,0.0
بيت الحوش,35367,180,0,0.02489452215472432,0.0,0.0
وادي الجاموس,35364,7447,180,0.0073186328592644845,0.024170807036390494,0.00017689726261146867
رحبة,35357,8220,558,0.2218816817785504,0.06788321167883211,0.015062041171828602
تاشع,35356,268,0,0.1620233750922272,0.0,0.0
مجدلا,35354,1319,158,0.01222650296635952,0.1197877179681577,0.0014645848890711176
النبي خالد,35353,12172,131,0.13229717220579917,0.010762405520867565,0.00142383581654286
القرنة,35352,2929,0,0.004374989285390707,0.0,0.0
مشمش,35351,6622,99,0.010214214855059245,0.014950166112956811,0.0001527042087965668
عيون الغزلان,35347,242,0,0.053474203882985405,0.0,0.0
جديدة القيطع,35344,3326,140,0.010593922804384093,0.04209260372820205,0.00044592579453210256
القرقف,35341,2227,90,0.008976859056951003,0.04041311180960934,0.00036278280876766517
بيت ايوب,35337,1024,22,0.0040641126426581575,0.021484375,8.731492005710885e-05
القريات,35334,850,0,0.11683585479133951,0.0,0.0
الحميرة,35331,562,59,0.37021211912986796,0.10498220640569395,0.038865685104381154
Khreibet Aakkar,35330,371,0,0.23204426183441568,0.0,0.0
حرار,35328,4172,350,0.0756004458038092,0.08389261744966443,0.0063423192788430545
Sadaqa,35327,46,0,0.23116681984430285,0.0,0.0
حبشيت,35326,1475,270,0.14783736969335515,0.18305084745762712,0.02706175580827518
قبعيت,35325,3346,495,0.010716956112073794,0.14793783622235504,0.0015854432981101398
سفينة القيطع,35324,1555,13,0.0020502284920158598,0.008360128617363344,1.7140173888235484e-05
الحويش,35322,1827,54,0.12839512562611788,0.029556650246305417,0.003794929821461612
بيت يونس,35321,973,50,0.008612254229538263,0.051387461459403906,0.0004425618822989858
شان,35320,1678,32,0.020271903167918714,0.01907032181168057,0.00038659171714743674
Dinbou,35318,5965,0,0.24714706335038863,0.0,0.0
قلود الباقية,35317,187,0,0.1395746579417011,0.0,0.0
بزال,35316,2935,108,0.012229147429978604,0.036797274275979557,0.0004499992921423132
برقايل,35314,12521,765,0.011371976639710568,0.06109735644117882,0.0006947977101971556
سيسوق,35311,176,0,0.13414283366206425,0.0,0.0
Rmoul,35281,1134,0,0.23410422564504982,0.0,0.0
المحمرة,35277,68737,4250,0.012713416051832072,0.06182987328513028,0.0007860689035059183
ببنين,35275,23577,1431,0.012390570929489253,0.06069474487848327,0.0007520425414641015
العريضة,35273,1055,0,0.21907706338235677,0.0,0.0
السماقية,35271,3004,0,0.5074277443971756,0.0,0.0
Qoubber Chamra,35269,6377,0,0.2482593898117009,0.0,0.0
الشيخ زناد,35267,1577,0,0.012549189639037173,0.0,0.0
عماره,35265,1306,77,0.0,0.058958652373660034,0.0
Janine,35263,180,0,0.23152859592638014,0.0,0.0
المقيطع,35261,5307,13,0.019085448408687755,0.0024495948746938007,4.675161660315448e-05
Semmaqli,35259,535,23,0.23248703256173417,0.04299065420560748,0.00999476962414932
Kharnoubet Aakkar,35257,939,0,0.2335777604509821,0.0,0.0
Marlaya Melhem,35255,308,0,0.2318741730794092,0.0,0.0
حكر الضاهري,35253,1196,0,0.336767265835781,0.0,0.0
Mighraq Aakkar,35251,269,0,0.23176888004059565,0.0,0.0
العبودية,35249,2641,0,0.3634083063245066,0.0,0.0
Tall Sebaal,35247,180,13,0.23152859592638014,0.07222222222222222,0.01672150970579412
الكنيسة,35245,860,0,0.0,0.0,0.0
القليعات,35243,4510,30,0.027975891620498516,0.0066518847006651885,0.00018609240545786152
Barcha,35241,242,0,0.23169598485987858,0.0,0.0
حكر جورة سرار,35239,714,0,0.1447238228593104,0.0,0.0
تلحميرة,35237,3081,0,0.4776415367244291,0.0,0.0
تلبيرة,35235,2817,100,0.227842034353112,0.03549875754348598,0.008088109135715726
كفرملكي,35234,1737,0,0.05733806346774406,0.0,0.0
Qaabrine,35233,2393,0,0.23750330092367156,0.0,0.0
Tall Meaayan Tall Kiri,35231,3226,53,0.23975225223986846,0.01642901425914445,0.003938893170710796
المسعودية,35229,4800,0,0.3463612178347987,0.0,0.0
السمونيه,35227,2272,27,0.028979238754325065,0.011883802816901408,0.00034438355914030667
دارين,35225,1116,0,0.40778443511531526,0.0,0.0
شير حمارين,35224,4376,0,0.017352834614137946,0.0,0.0
Hokr Etti,35223,500,0,0.23239253880895278,0.0,0.0
الحيصة,35221,4651,0,0.518135936967633,0.0,0.0
Haouchab,35219,2207,18,0.2370011341231762,0.008155867693701857,0.0019329498931659136
سعدين,35217,1192,0,0.0846273699690131,0.0,0.0
خريبة الجندي,35216,6692,446,0.031083636906698464,0.06664674237895996,0.002071623141121864
الكويخات,35215,1985,22,0.011572978637101161,0.011083123425692695,0.000128264750637897
تل عباس الشرقي,35213,2255,225,0.5434968374488438,0.09977827050997783,0.054229174468288184
Tall Aabbas El-Gharbi,35211,8388,77,0.25368873086436833,0.009179780639008107,0.0023288068999232667
عكار العتيقة,35191,10147,199,0.02170504312594046,0.019611707893958805,0.00042567296561172284
بزبينا,35189,2924,184,0.5721972735497458,0.06292749658002736,0.03600694197440261
عين يعقوب,35187,1820,14,0.21000693492958378,0.007692307692307693,0.0016154379609967984
عيات,35185,1885,40,0.03170756931138197,0.021220159151193633,0.0006728396670850284
البرج عكار,35183,927,36,0.025340241507373573,0.038834951456310676,0.0009840870488300416
الشقدوف,35181,418,18,0.5306475531389026,0.0430622009569378,0.022850851570574753
قبولا,35179,734,0,0.41515827664399063,0.0,0.0
العيون,35177,1157,18,0.02263286613120552,0.015557476231633534,0.0003521102768899735
بينو,35175,2220,315,0.4497722536389376,0.14189189189189189,0.06381903598930871
بيت ملات,35174,1027,0,0.19137012101741846,0.0,0.0
Tallet Chattaha,35173,595,0,0.23264902185221653,0.0,0.0
تكريت,35171,5726,100,0.07621894008394026,0.01746419839329375,0.0013311026909525018
الهد,35169,224,14,0.13774046126049533,0.0625,0.008608778828780958
مار توما,35167,1051,23,0.006904405058430152,0.021883920076117985,0.00015109544847183016
جبرائيل,35163,1284,23,0.19142291021483615,0.01791277258566978,0.0034289150583654447
ذوق المقشرين,35161,463,0,0.27494020792019724,0.0,0.0
ذوق حدارة,35159,599,25,0.09645089283654507,0.041736227045075125,0.004025496362126255
Balde WaMazraatBalde,35158,1165,0,0.23418792011179904,0.0,0.0
Kfar Harra,35157,325,0,0.23192007004504586,0.0,0.0
ضهر ليسينه,35155,614,0,0.2846013699597485,0.0,0.0
ذوق الحبالصة,35153,636,5,0.018053634677011154,0.007861635220125786,0.0001419310902280751
ذوق الحصينة,35151,1720,135,0.009453859554698796,0.07848837209302326,0.0007420180464443822
دير دلوم,35149,7974,247,0.5472874541110657,0.030975670930524203,0.01695259608294874
بقرزلا,35147,2622,27,0.16995748900280017,0.010297482837528604,0.0017501343261157913
ايلات,35145,1049,0,0.5360367292500257,0.0,0.0
السويسة,35143,1291,27,0.010365228666118997,0.020914020139426802,0.00021677860107297673
عرقا,35141,5483,90,0.02433286913320054,0.016414371694327922,0.00039940875834179254
حيزوق,35139,1487,57,0.016718853812953016,0.03833221250840619,0.0006408706572550921
مشحة,35137,5383,22,0.006659079857609829,0.0040869403678246334,2.721526228263352e-05
القنطرة,35135,759,63,0.5498558151262538,0.08300395256916997,0.04564020599862186
بيت غطاس,35134,122,0,0.6023585904950215,0.0,0.0
كرم عصفور,35133,753,0,0.6290280520489058,0.0,0.0
مشيلحة الحاكور,35131,641,81,0.2248639609759705,0.12636505460218408,0.028414946706791903
منيارة,35129,6756,75,0.6256045571220957,0.011101243339253997,0.006944988422758612
المجدل عكار,35128,1129,0,0.008817742188111821,0.0,0.0
الزواريب,35127,2134,135,0.18379181258302135,0.06326148078725398,0.011626942220575389
الدوره,35126,2541,75,0.13323176373991585,0.0295159386068477,0.0039324605590293936
Jdidet Ej-Joumeh,35125,2607,0,0.238081062726392,0.0,0.0
الشيخ طابا,35123,2338,14,0.25802706349352544,0.005988023952095809,0.0015450722364881765
الشيخ طابا السهل,35121,185,0,0.0,0.0,0.0
كروم العرب,35119,921,324,0.03731061277027914,0.3517915309446254,0.01312555758693859
عدبل,35117,1769,67,0.3246710506572986,0.03787450537026569,0.01229675545168966
النفيسة,35115,1014,100,0.21389378796786207,0.09861932938856016,0.021094061929769436
الشيخ محمد,35113,3142,210,0.5212367658902657,0.0668364099299809,0.03483759415561928
حلبا,35111,15896,495,0.526014566730495,0.03113990941117262,0.016380045956944828
Conflict,35003,0,0,0.23104262805493303,0.0,0.0
Conflict,35002,0,0,0.23104262805493303,0.0,0.0
Conflict,35001,0,0,0.23104262805493303,0.0,0.0
Tannourine El-Faouqa,34386,2529,5,0.1522282060327289,0.0019770660340055358,0.0003009652155649049
Ouata Houb,34381,794,0,0.1679913086419753,0.0,0.0
Niha El-Batroun,34376,225,0,0.2316500878942419,0.0,0.0
Deir Billa,34374,767,64,0.4153095598959078,0.08344198174706649,0.034654252716216555
Beit Kassab,34371,52,0,0.2311830187733511,0.0,0.0
Chatine,34366,111,0,0.1709241285968971,0.0,0.0
Hardine,34361,122,0,0.1476113769508568,0.0,0.0
Tannourine Et-Tahta,34356,1125,33,0.17196527391363325,0.029333333333333333,0.005044314701466575
Hadtoun,34351,467,0,0.12021249999999994,0.0,0.0
Ram El-Batroun,34346,18,0,0.23109122484207775,0.0,0.0
Kfour El-Aarbi,34341,425,0,0.5295318615073854,0.0,0.0
Kfar Hilda,34336,1332,0,0.23463879030364165,0.0,0.0
Bechtoudar,34331,517,15,0.3652360615183551,0.029013539651837523,0.010596790953143764
Deir Mar Youhanna EL-Batroun,34326,0,0,0.23104262805493303,0.0,0.0
Beit Chlala,34321,556,17,0.15914840010078124,0.030575539568345324,0.00486604820452029
Bcheaali,34316,516,13,0.13978400000000002,0.025193798449612403,0.0035216899224806207
Douma,34311,1839,76,0.6355321375481828,0.0413268080478521,0.02626451465669489
Hamat,34287,2446,180,0.23945978046674943,0.07358953393295176,0.017621733640235036
Ouajh El-Hajjar,34286,458,0,0.2847016683947592,0.0,0.0
Ras Nahhach,34284,1645,32,0.07016790030099807,0.019452887537993922,0.0013649682733324852
Qatnaaoun,34283,66,0,0.23122081627446364,0.0,0.0
Kfar Khollos,34281,67,0,0.23122351609597167,0.0,0.0
Daael,34279,85,270,0.19362067154511386,3.176470588235294,0.6150303684374204
Boqsmaiya,34277,791,28,0.19682797376155647,0.035398230088495575,0.006967361903063946
Rachkida,34276,538,1440,0.1623163246326491,2.676579925650558,0.43445261611712777
Jebla,34274,287,9,0.20552552388992518,0.0313588850174216,0.0064450512718095005
Nahle El-Batroun,34273,75,0,0.18028741471911747,0.0,0.0
Kfar Hay,34271,578,6,0.41168791585436704,0.010380622837370242,0.004273576981187201
Aabrine,34269,1875,540,0.1493358415440943,0.288,0.04300872236469915
Helta,34267,271,8,0.13993498317346198,0.02952029520295203,0.004130922012500722
Ijdabra,34266,644,95,0.16382620510396995,0.14751552795031056,0.02416690913800799
Bijdarfil,34264,1157,180,0.13697374949157248,0.15557476231633535,0.02130965852072865
Assia,34263,1032,39,0.21493060172681777,0.0377906976744186,0.008122377390839043
Sourat El-Batroun,34261,421,0,0.1417912614312672,0.0,0.0
Edde El-Batroun,34259,819,0,0.23325378187001738,0.0,0.0
Kfarb Shlaimane,34257,96,0,0.12469766191883891,0.0,0.0
Mrah Chdid,34256,308,36,0.10467863894139884,0.11688311688311688,0.01223516559055311
Mrah El-Hajj,34254,93,0,0.13486922726795292,0.0,0.0
Harbouna,34253,33,0,0.23113172216469832,0.0,0.0
Aartiz,34251,198,0,0.19094130039260737,0.0,0.0
Basbina,34249,614,0,0.23270031846086928,0.0,0.0
راشا,34247,250,0,0.14561330986571863,0.0,0.0
Kour,34246,784,35,0.1294505750224545,0.044642857142857144,0.005779043527788148
Ftahat El-Batroun,34244,88,0,0.08799021036070154,0.0,0.0
زان,34243,796,0,0.19477660240426953,0.0,0.0
Kfar Hatna,34241,400,149,0.23212255665814882,0.3725,0.08646565235516043
Smar Jbayl,34239,414,105,0.16688855822695592,0.2536231884057971,0.04232680824596708
Aalali,34237,182,0,0.18047176737208337,0.0,0.0
Mehmarch,34236,445,15,0.3213909516692104,0.033707865168539325,0.010833402865254282
Jrane El-Batroun,34234,607,70,0.1471224732461356,0.11532125205930807,0.01696634782080641
Kfifane,34233,566,203,0.36555283878257183,0.3586572438162544,0.1311081736269648
Ghouma,34231,283,0,0.25148166329426136,0.0,0.0
Mrah Ez Ziyat,34229,166,40,0.15942099858183778,0.24096385542168675,0.03841469845345489
Deir Mar Youssef Jrabta,34227,0,0,0.23104262805493303,0.0,0.0
Mar Mama,34226,132,12,0.14253320375769352,0.09090909090909091,0.012957563977972137
Sghar,34224,348,17,0.09481930026912733,0.04885057471264368,0.004631977311997599
Deir Kfifane,34223,16,0,0.23108582519906165,0.0,0.0
Chibtine,34221,879,70,0.13889979215865444,0.07963594994311718,0.011061416895455985
Jrabta El-Batroun,34219,198,23,0.09473259876377316,0.11616161616161616,0.01100429177558981
Douq,34218,196,0,0.08347915784044635,0.0,0.0
AAbdelli,34217,736,54,0.158590436395751,0.07336956521739131,0.0116357113659926
Daraya El-Batroun,34215,314,27,0.11766314112078002,0.08598726114649681,0.01011753124286962
Masrah,34214,121,0,0.20841942148760328,0.0,0.0
تولا,34212,505,7,0.13368009185100393,0.013861386138613862,0.0018529913721921337
ضهر ابي ياغي,34211,138,0,0.3502541914548404,0.0,0.0
Chikka,34188,12273,100,0.5863682766432988,0.008147967082212987,0.004777709416143557
Heri,34177,1368,450,0.25674436205597606,0.32894736842105265,0.08445538225525528
Selaata,34166,523,20,0.33676097110483616,0.03824091778202677,0.012878048608215531
Koubba,34155,1923,257,0.4192227234379574,0.13364534581383256,0.056027165846882505
Kfar Aabida,34144,10422,360,0.15102144928342354,0.03454231433506045,0.005216630372484405
Thoum,34133,635,200,0.12175861803631893,0.31496062992125984,0.03834917103506108
Rachana,34122,283,0,0.1411872389923915,0.0,0.0
Batroun,34111,4474,2023,0.5711112144745858,0.4521680822530174,0.2582382626021652
Conflict,34002,0,0,0.23104262805493303,0.0,0.0
Conflict,34001,0,0,0.23104262805493303,0.0,0.0
اجبع,33291,204,0,0.22702286334512112,0.0,0.0
حريقص,33287,490,0,0.5172758944958373,0.0,0.0
كفريا زغرتا,33283,65,0,0.22048442906574384,0.0,0.0
بوسيط,33279,182,0,0.3504696361058601,0.0,0.0
حيلان زغرتا,33275,958,15,0.33994047974145825,0.015657620041753653,0.0053226588686032085
مرياطا,33271,5333,342,0.016280810724131012,0.06412900806300394,0.0010440722422000385
عشاش,33267,1221,0,0.2591783492504086,0.0,0.0
Danha,33263,10,0,0.23106962627001343,0.0,0.0
سبعل زغرتا,33259,1383,0,0.08636559389409526,0.0,0.0
سرعيل,33255,712,0,0.09343928359199039,0.0,0.0
مزيارة,33251,4264,500,0.11284558286152013,0.11726078799249531,0.013232361967814275
ايطو,33243,1170,0,0.08995159272862385,0.0,0.0
Bhairet Toula,33239,200,0,0.23158259235654094,0.0,0.0
مزرعة التفاح,33235,215,32,0.07780894895513935,0.14883720930232558,0.011580866821230043
Toula Zgharta,33231,61,0,0.23120731716692344,0.0,0.0
عربة قزحيا,33227,1071,0,0.06247612552277937,0.0,0.0
كفر صغاب,33223,143,0,0.023672596138135105,0.0,0.0
عينطورين,33219,85,0,0.0708131387354054,0.0,0.0
Beslouqit,33215,1,0,0.23104532787644108,0.0,0.0
Ehden,33211,568,900,0.23257612667149946,1.5845070422535212,0.3685185105710379
تلة زغرتا,33171,46,0,0.21385139096463912,0.0,0.0
كرم سده,33169,1461,22,0.195029619838619,0.015058179329226557,0.002936790990040806
راس كيفا,33167,623,25,0.5217693061402235,0.04012841091492777,0.020937773119591635
كفر فو,33165,675,22,0.11439954841419864,0.03259259259259259,0.003728577874240548
داريا ,33163,950,0,0.23779661016949127,0.0,0.0
عرجس,33161,950,45,0.07151358024691346,0.04736842105263158,0.003387485380116953
بنشعي,33159,318,0,0.12115892167027986,0.0,0.0
بشنين,33157,251,0,0.14495576657738818,0.0,0.0
Morh Kfarsghab,33155,1465,0,0.2349978665642109,0.0,0.0
كفر ياشيت,33153,575,45,0.09984908936803627,0.0782608695652174,0.007814276559237622
حواكير,33152,0,0,0.17733595398919144,0.0,0.0
Sakhra,33151,352,0,0.23199296522576293,0.0,0.0
Bsebaal,33149,459,0,0.23228184612712316,0.0,0.0
كفر شخنا,33147,263,0,0.16388564140716333,0.0,0.0
كفر زينا,33145,1169,15,0.13125574443243726,0.01283147989734816,0.0016842054460962865
كفر حورا,33143,995,0,0.1609858672795733,0.0,0.0
ايعال,33141,1054,0,0.02107521865889217,0.0,0.0
Khaldiye,33139,280,0,0.2317985780771841,0.0,0.0
الجديدة زغرتا,33137,532,0,0.25528819312937456,0.0,0.0
Mazraat Jnaid,33135,0,0,0.23104262805493303,0.0,0.0
علما,33133,2557,270,0.5126780601258787,0.10559249120062573,0.05413495355259572
Hariq Zgharta,33131,53,0,0.23118571859485912,0.0,0.0
مجدليا زغرتا,33129,12023,250,0.3228753727787468,0.020793479164933876,0.006713702336745129
Mazraat Ajbeaa,33127,0,0,0.23104262805493303,0.0,0.0
اصنون,33125,403,0,0.15091516019147133,0.0,0.0
ارده,33123,5969,180,0.2650888057787133,0.03015580499246105,0.00799396633274726
Kfarhata Zgharta,33121,1748,0,0.23576191605098606,0.0,0.0
قره باش,33119,496,0,0.253832799660507,0.0,0.0
رشعين,33117,5495,145,0.35442055189425004,0.026387625113739762,0.009352316655990218
Kfardlaqous,33115,4084,0,0.24206869909376633,0.0,0.0
Aardat,33113,4042,250,0.2419553065904287,0.06185056902523503,0.014965073391293214
زغرتا,33111,19905,500,0.17306054831803008,0.025119316754584276,0.004347162730922635
Zgharta El-Mtaouile,32195,36,135,0.22476586888657657,3.75,0.8428720083246621
البقيعة,32193,12,0,0.0,0.0,0.0
Nakhle,32191,3154,495,0.32748716906453335,0.1569435637285986,0.05139700338837794
Bkeftine,32189,1325,8,0.5526576617556225,0.0060377358490566035,0.0033368009766377204
برصا,32187,3194,75,0.03036160420775802,0.023481527864746398,0.0007129368552228714
Ras Masqa,32185,7850,250,0.5675025732771295,0.03184713375796178,0.01807333035914425
Hraiche,32183,196,0,0.23157179307050876,0.0,0.0
Enfe,32181,8681,340,0.41158961869721244,0.03916599470107131,0.016120316824910982
Dedde,32179,6594,150,0.5671236388093797,0.022747952684258416,0.012900901701760227
Kafraya El-Koura,32177,1714,45,0.23567012211971272,0.026254375729288213,0.006187371934298175
Zakroun,32175,478,0,0.19104591836734697,0.0,0.0
Deir El-Balamand,32173,28,0,0.23111822305715812,0.0,0.0
Qalhat,32171,1472,250,0.23711739577511526,0.16983695652173914,0.04027129683680626
Btouratij,32169,1962,54,0.036037297239547406,0.027522935779816515,0.0009918522176022221
Kfar Kahel,32167,814,45,0.23324028276247719,0.05528255528255528,0.01289411882593547
Bednayel El-Koura,32165,550,180,0.23252752988435477,0.32727272727272727,0.07609991887124337
Barghoun,32163,480,7,0.07187453545413991,0.014583333333333334,0.001048170308706207
Badbhoun,32161,299,0,0.05043043894143906,0.0,0.0
Batroumine,32159,1644,190,0.2009475634083786,0.11557177615571776,0.023223866817270032
Ijdaabrine,32157,719,40,0.5222928919232614,0.055632823365785816,0.029056628201572267
كفرحاتا,32155,1674,0,0.550547225426118,0.0,0.0
Btaaboura,32153,841,23,0.24136580781580397,0.027348394768133173,0.00660096739567597
Kaftoun,32151,685,0,0.233299181602864,0.0,0.0
Majdel el-Koura,32149,620,23,0.23271651738991753,0.037096774193548385,0.008633032096722747
Fiaa,32147,1944,158,0.2865738055750572,0.08127572016460906,0.02329149242842543
Bdebba,32145,745,0,0.3668755762519986,0.0,0.0
Aaba,32143,778,58,0.23314308918818777,0.07455012853470437,0.01738084726595744
Bnehran,32141,296,354,0.17036011080332403,1.195945945945946,0.20374148386613755
Rechdibbine,32139,1409,0,0.14112489694142227,0.0,0.0
Kousba,32137,6422,288,0.3888734888882498,0.04484584241669262,0.017439359202711918
Ain Aakrine,32135,198,0,0.14074955485437324,0.0,0.0
Bhabbouch El-Koura,32133,586,970,0.5045246648955439,1.6552901023890785,0.8351346842127604
Dar Baaechtar,32131,2977,80,0.16701896832846208,0.026872690628149145,0.0044882490649234014
Dar Chmizzine,32129,613,0,0.31044169505707975,0.0,0.0
Aafsdiq,32127,1382,49,0.5276165165496989,0.03545586107091172,0.018707097909504516
Bsarma,32125,2128,46,0.5134521197105099,0.021616541353383457,0.01109905897870463
Kfar Hazir,32123,3174,0,0.2396118615214504,0.0,0.0
Bziza,32121,1637,319,0.5861029387415337,0.1948686621869273,0.11421309557638928
Bterram,32119,4804,8,0.2075497131564118,0.0016652789342214821,0.0003456281651230838
Bechmizzine,32117,2595,127,0.3541786236042992,0.0489402697495183,0.017333597378707512
Kfar Saroun El-Koura,32115,1420,135,0.2348763745963491,0.09507042253521127,0.02232979617641347
Kfar Aaqqa,32113,5161,31,0.2374997333333333,0.006006587870567719,0.0014265630175030676
Amioun,32111,7172,200,0.24897695237729567,0.02788622420524261,0.0069430271159312785
القلمون,31221,6014,135,0.050191462006081045,0.02244762221483206,0.0011266789775226042
Mina Jardin,31186,12806,113,0.26561654228688686,0.008823988755270967,0.002343797382353445
المينا,31181,10460,0,0.39069669590450495,0.0,0.0
مينا طرابلس 2,31176,10694,99,0.047023540063377056,0.009257527585561998,0.00043532171930749287
مينا طرابلس 1,31171,8519,68,0.5895918367346938,0.007982157530226552,0.00470621491935194
بساتين طرابلس,31166,4758,100,0.036399427509649473,0.021017234131988232,0.0007650152902406363
التبانة,31161,28043,0,0.4053232612722366,0.0,0.0
الزاهرية,31156,5178,0,0.7012308481369329,0.0,0.0
القبة,31151,46753,61,0.47608311326387986,0.001304729108292516,0.0006211594958419068
الحديد,31146,822,0,0.03348661203738512,0.0,0.0
Trablous Es-Souayqa,31141,7658,0,0.2517178611634995,0.0,0.0
الرمانة,31136,1533,0,0.1755617858274967,0.0,0.0
المهاترة,31131,233,0,0.04798095415158654,0.0,0.0
النوري,31126,2209,0,0.10186335840044991,0.0,0.0
التل,31121,45602,49,0.47931719718008137,0.0010745142756896627,0.0005150331709535544
الحدادين,31116,41739,0,0.06922116527932298,0.0,0.0
Trablous Ez-Zeitoun,31111,11995,135,0.2634269870438668,0.011254689453939141,0.0029647889329655706
Aarasta,26392,84,0,0.23126941306160834,0.0,0.0
Hema Er-Rehban,26390,0,0,0.23104262805493303,0.0,0.0
حمى مار مارون عنَايا,26388,23,0,0.09451425198178465,0.0,0.0
ترتج,26384,1471,18,0.1127134644314719,0.012236573759347382,0.0013792266211872836
جاج,26381,498,0,0.12804910037155348,0.0,0.0
سقي رشميا,26377,118,0,0.1584171620179854,0.0,0.0
Aarab El-Lahib,26374,60,0,0.2312046173454154,0.0,0.0
عاقورة,26371,845,0,0.14556943332476036,0.0,0.0
قهمز,26367,1339,0,0.07784213031330278,0.0,0.0
افقا,26364,51,1125,0.05655403065093967,22.058823529411764,1.247515382006022
اللقلوق,26361,277,50,0.11067593141338927,0.18050541516245489,0.019977604948265212
المجدل,26357,566,30,0.2904504939230593,0.053003533568904596,0.015394902504755795
Boulhos,26354,2,59,0.2310480276979491,29.5,6.815916817089499
قرقريا,26351,161,50,0.04997118790021304,0.3105590062111801,0.01551900245348231
يانوح,26347,75,0,0.1943893480257115,0.0,0.0
Tadmor,26344,10,0,0.23106962627001343,0.0,0.0
مغيره,26341,998,125,0.5554841563450306,0.125250501002004,0.06957466888089059
غابات,26337,212,0,0.12810264948287353,0.0,0.0
سرعيتا,26334,3,25,0.12053078221175428,8.333333333333334,1.0044231850979524
لاسا,26331,334,4500,0.18309751673198593,13.47305389221557,2.4668827104608884
جنة,26327,93,264,0.27754014557535944,2.838709677419355,0.7878558971171494
Hdeine,26324,125,0,0.23138010574343798,0.0,0.0
مزرعة السياد,26321,1874,170,0.5683367082544037,0.09071504802561366,0.051556691784017415
عين الغويبة,26317,46,1575,0.15271449096357648,34.23913043478261,5.228811375383325
Mar Sarkis,26314,111,0,0.2313423082423254,0.0,0.0
قرطبا,26311,3602,155,0.21171438249415908,0.04303164908384231,0.009110419013491022
بزيون,26299,234,225,0.10822356710573178,0.9615384615384616,0.10406112221704979
فغال,26298,679,36,0.13464649685289498,0.053019145802650956,0.0071388422484598224
بخعاز,26297,121,0,0.34129593103952094,0.0,0.0
شموت,26296,267,0,0.13388734995383178,0.0,0.0
شيخان,26295,724,35,0.4920345318618726,0.04834254143646409,0.02378619974470379
غرزوز,26294,448,5,0.4010366051182379,0.011160714285714286,0.004475854967837476
معاد,26293,592,0,0.11479501417769389,0.0,0.0
غرفين,26291,711,4,0.273156899810964,0.005625879043600563,0.001536747678261401
عين كفاع,26289,188,0,0.17065147739409048,0.0,0.0
كفر مسحون,26287,768,0,0.08737408688965775,0.0,0.0
حصارات,26286,1475,67,0.07424217970296543,0.04542372881355932,0.00337235663735504
Hboub,26284,1727,270,0.23570521979931724,0.1563404748118124,0.036850265979047864
Bmehrayn,26283,54,51,0.23118841841636717,0.9444444444444444,0.21834461739323566
حبالين,26281,540,52,0.22642929730136618,0.0962962962962963,0.02180430270309452
شامات,26279,778,68,0.15885725946332008,0.08740359897172237,0.013884696199878876
غلبون,26277,639,33,0.17958862852241075,0.051643192488262914,0.009274530111486002
بجه,26276,882,29,0.18362321844267715,0.032879818594104306,0.0060374981120608125
جليسه,26274,81,10,0.18510935589667954,0.12345679012345678,0.022853006900824632
كفر,26273,413,0,0.15008218277449048,0.0,0.0
بيت حبّاق,26271,177,6,0.15499273151655402,0.03389830508474576,0.005253990898866238
بنتاعل,26269,657,23,0.11087211088872095,0.0350076103500761,0.003881367656682773
كفون,26267,888,0,0.10314735724020341,0.0,0.0
فتري,26266,844,230,0.13367494164643523,0.2725118483412322,0.03642800542497642
Kfar Qouas,26264,58,0,0.23119921770239932,0.0,0.0
ساقية الخيط,26263,133,0,0.12553375735316064,0.0,0.0
الراموط,26261,111,0,0.07722348198538675,0.0,0.0
بحديدات,26259,253,0,0.06307205504470248,0.0,0.0
ميفوق,26257,594,0,0.1530746901456408,0.0,0.0
عبيدات,26256,986,35,0.08951869806094193,0.035496957403651115,0.003177641411899561
Sebrine,26254,0,0,0.23104262805493303,0.0,0.0
Brayj Jbayl,26253,607,114,0.232681419710313,0.18780889621087316,0.04369964060457279
قطارة,26251,560,0,0.1400450298796394,0.0,0.0
خاربة جبيل,26249,276,8,0.10099496862456903,0.028985507246376812,0.0029273903949150444
حقل,26247,362,0,0.07905382772037428,0.0,0.0
زبدين,26246,843,9,0.12628864944317497,0.010676156583629894,0.00134827739619048
بشلّلي,26244,629,35,0.12243596418159086,0.05564387917329094,0.006812811997385819
بشتليدا,26243,551,600,0.5674985729864674,1.0889292196007259,0.6179657782066795
راس اسطا,26241,719,1560,0.10214766267057462,2.1696801112656465,0.22162775210861807
ادونيس,26239,928,59,0.44919586181640625,0.06357758620689655,0.028558788628413757
Birket Hjoula,26237,117,100,0.23135850717137366,0.8547008547008547,0.1977423138216869
Jouret El-Qattine,26236,99,9,0.23130991038422893,0.09090909090909091,0.02102817367129354
هابيل,26234,246,0,0.24218904979170797,0.0,0.0
لحفد,26233,1844,23,0.12701694411414977,0.012472885032537961,0.0015842677411200892
مشان,26231,979,570,0.3093429973892651,0.5822267620020429,0.18010777171795822
حصون,26229,990,250,0.49476454293628813,0.25252525252525254,0.12494054114552731
عين جرين,26227,237,50,0.5242666666666667,0.2109704641350211,0.11060478199718705
حجولا,26226,310,900,0.11153641335847886,2.903225806451613,0.3238153936213902
Kfar Baal,26224,364,0,0.2320253630838594,0.0,0.0
فرات,26223,16,12,0.15284571128726965,0.75,0.11463428346545224
عين الدلبة جبيل,26221,328,185,0.6104844674556212,0.5640243902439024,0.3443281295100302
صوانة ,26220,66,1485,0.1068333194275144,22.5,2.403749687119074
Aalita,26219,35,32,0.23113712180771442,0.9142857142857143,0.21132536850991032
مشمش جبيل,26218,2003,22,0.14592486858217346,0.010983524712930605,0.001602769400303453
فرحت,26217,481,180,0.550725925925926,0.37422037422037424,0.20609286209286212
طورزيا,26215,968,68,0.3848856711366103,0.07024793388429752,0.02703742317901808
Aalmat Ej-Jnoubiye,26214,79,1935,0.23125591395406814,24.49367088607595,5.664306246849644
Mazraat El-Maaden,26213,70,0,0.2312316155604958,0.0,0.0
علمات الشمالية,26212,887,2250,0.08391637378884709,2.5366403607666292,0.21286566068196838
اهمج,26211,1974,34,0.10437709277326979,0.017223910840932118,0.001797781739762499
كفر كده,26189,181,0,0.13360066506919643,0.0,0.0
Berbara Jbayl,26183,709,165,0.23295680150413303,0.23272214386459802,0.05421420627388145
المنصف,26177,2084,258,0.3621299660320312,0.1238003838771593,0.04483182880818812
نهر ابراهيم,26171,5068,175,0.16838726050614916,0.034530386740331494,0.005814477227422278
جدايل,26165,1154,58,0.5815846401185157,0.05025996533795494,0.0292304238534436
ريحانة,26159,304,111,0.5514166028557272,0.3651315789473684,0.20133961485850568
حصرايل,26153,1408,0,0.21164712743067415,0.0,0.0
حالات,26147,9722,500,0.18938685121107257,0.05142974696564493,0.009740117836405708
عمشيت,26141,21613,462,0.2875134343090172,0.021376023689446168,0.006145893982823576
اده,26135,1756,95,0.24356234933158016,0.0541002277904328,0.013176778580011456
بلاط,26129,13732,125,0.1927119241645009,0.009102825517040489,0.0017542230207225904
Qartaboun,26123,3875,100,0.2415044363985861,0.025806451612903226,0.0062323725522215765
Mastita,26117,1118,450,0.2340610285009212,0.40250447227191416,0.09421061075618474
جبيل,26111,22391,1560,0.5502331503619518,0.06967084989504711,0.03833521122614643
Conflict,26009,0,0,0.23104262805493303,0.0,0.0
Conflict,26008,0,0,0.23104262805493303,0.0,0.0
Conflict,26007,0,0,0.23104262805493303,0.0,0.0
Conflict,26006,0,0,0.23104262805493303,0.0,0.0
Conflict,26005,0,0,0.23104262805493303,0.0,0.0
Conflict,26004,0,0,0.23104262805493303,0.0,0.0
Conflict,26003,0,0,0.23104262805493303,0.0,0.0
Conflict,26002,0,0,0.23104262805493303,0.0,0.0
Conflict,26001,0,0,0.23104262805493303,0.0,0.0
Mchaa El Ftouh,25488,0,0,0.23104262805493303,0.0,0.0
Mchaa Faraya,25485,2,0,0.2310480276979491,0.0,0.0
Mchaa Kfar Dibiane,25482,19,0,0.23109392466358578,0.0,0.0
شوان,25479,242,68,0.12124520590129062,0.2809917355371901,0.03406890083176761
فاريا,25475,4577,2200,0.14474669421487585,0.4806641905178064,0.06957455260492175
حراجل,25471,5427,585,0.12627236281179133,0.1077943615257048,0.013611448727639197
Mghayer,25467,2,0,0.2310480276979491,0.0,0.0
عين الدلبة,25463,542,0,0.1406711905401773,0.0,0.0
ميروبا,25459,1825,171,0.15969612778246578,0.0936986301369863,0.014963308411398164
وطى الجوز,25455,933,0,0.18519591836734672,0.0,0.0
بقعتوتا,25451,975,27,0.17946336008573205,0.027692307692307693,0.004969754586989503
Kfar Tay Kesrouane,25447,25,0,0.23111012359263403,0.0,0.0
بقعاتة كنعان,25443,567,0,0.20730027548209373,0.0,0.0
كفر دبيان,25439,12009,250,0.18132679173833066,0.020817720043300857,0.0037748103867584863
رعشين,25435,1747,25,0.1112385200370073,0.014310246136233544,0.0015918506015599214
بقعاتة عشقوت,25431,980,11,0.10620937499999983,0.011224489795918367,0.0011921460459183653
فيطرون,25427,2170,400,0.2112918975341299,0.18433179723502305,0.0389478152136645
عشقوت,25423,6715,460,0.21743872827321153,0.06850335070737155,0.014895281460264677
Mazraat Mrah El-Mir,25419,198,0,0.23157719271352484,0.0,0.0
Qleiaat Kesrouane,25415,4543,32,0.24330791716595646,0.007043803653973145,0.0017138131959741594
ريفون,25411,1973,0,0.23319739693560326,0.0,0.0
إغبة,25391,71,0,0.12575841147269728,0.0,0.0
زيتون,25375,549,343,0.36736606553045315,0.6247723132969034,0.22952014658824302
يحشوش,25373,1895,18,0.2768501647358914,0.00949868073878628,0.00262971132730662
Nahr Ed-Dahab,25371,457,0,0.23227644648410709,0.0,0.0
بزحل,25369,470,9,0.13599840626867654,0.019148936170212766,0.002604224800889551
مرادية,25367,309,0,0.16543895664774788,0.0,0.0
جورة بدران,25365,892,23,0.1585884353741498,0.0257847533632287,0.004089163692382786
غبالة ,25363,1632,18,0.24632884027309454,0.011029411764705883,0.002716862208894425
Aazra ouel Aazr,25361,690,60,0.2329055048954803,0.08695652173913043,0.02025265259960698
Jouret Mhad,25359,50,0,0.231177619130335,0.0,0.0
المعيصرة,25357,580,1714,0.12366353696833154,2.9551724137931035,0.365447073040897
جورة الترمس,25355,734,0,0.19378495528425477,0.0,0.0
زعيتره,25353,984,60,0.27408736540587997,0.06097560975609756,0.01671264423206585
شحتول,25351,890,0,0.1496439999999999,0.0,0.0
حياطة,25349,618,0,0.17746032857548566,0.0,0.0
درعون,25347,2998,45,0.22050273152965627,0.015010006671114077,0.003309747471259017
حصين,25345,319,158,0.1256476032392736,0.4952978056426332,0.062232982168668426
غينة,25343,2612,50,0.23586763787721132,0.01914241960183767,0.004515077294739879
نمورة,25341,743,12,0.09750297265160535,0.016150740242261104,0.0015747451841443662
حريصا,25339,826,0,0.6863296398891967,0.0,0.0
بزمار,25337,736,12,0.6509916528749373,0.016304347826086956,0.01061399434035224
Deir Baqlouch,25335,0,0,0.23104262805493303,0.0,0.0
هرهريا,25333,635,0,0.2428684807256235,0.0,0.0
غدراس,25331,737,0,0.16415978155968292,0.0,0.0
الكفور,25329,2241,110,0.21612214268891117,0.049085229808121376,0.010608405040508804
عرمون كسروان,25327,1034,0,0.18909695027886564,0.0,0.0
بطحا,25325,967,4,0.23821209432216595,0.004136504653567736,0.0009853654366997558
دلبتا,25323,1319,0,0.2970732769680935,0.0,0.0
معراب,25321,241,0,0.14441702553184632,0.0,0.0
غوسطا,25319,3249,55,0.19853266853357032,0.01692828562634657,0.0033608177190970665
جديدة غزير,25317,1508,0,0.20545771798858825,0.0,0.0
شننعير,25315,787,0,0.1962234520839402,0.0,0.0
فتقا,25313,1976,184,0.16651235915800544,0.0931174089068826,0.01550519943576569
غزير,25311,11170,2115,0.41208068802778597,0.18934646374216652,0.07802602105450021
Mazraat Er-Ras,25281,805,0,0.23321598436890484,0.0,0.0
عينطورة,25271,2665,0,0.2775029726516055,0.0,0.0
جعيتا,25261,3211,36,0.2459188359780453,0.011211460604173155,0.0027571093413919752
عين الريحان,25251,1917,22,0.09449362755259072,0.011476264997391758,0.0010844339103583702
داريا كسروان,25241,893,0,0.19804007141440183,0.0,0.0
سهيلة,25231,5287,32,0.25185328566190646,0.006052581804425951,0.0015243626141821461
بلونة,25221,6519,27,0.4164643612101997,0.0041417395306028535,0.0017248869079115497
عجلتون,25211,6870,425,0.3130540376442016,0.06186317321688501,0.019366516157028484
Kharayeb Nahr Ibrahim,25181,299,0,0.23184987468583684,0.0,0.0
Bqaq Ed-Dine,25176,3699,0,0.24102926781317113,0.0,0.0
عقيبة,25171,1277,70,0.154927206603503,0.0548159749412686,0.008492485874898365
بوار,25166,4475,400,0.1846953929686015,0.0893854748603352,0.01650908540501466
صفرا كسروان,25161,4985,450,0.14703115159591473,0.09027081243731194,0.013272621508156798
ادما والدفنه,25156,2866,45,0.1556920015739962,0.0157013258897418,0.002444570855139508
طبرجا,25151,1370,180,0.2595575881890292,0.13138686131386862,0.034102456842354203
كفر ياسين,25146,2822,223,0.17493001167584765,0.07902197023387668,0.013823314175660533
Ouata Sillam,25141,2174,540,0.2369120400134109,0.24839006439742412,0.05884659687545625
ساحل علما,25136,7900,585,0.20406611570247934,0.07405063291139241,0.015111225023538028
حارة صخر,25131,16068,1065,0.4161517585322867,0.06628080657206871,0.027582874211904737
ذوق مصبح,25126,27722,930,0.43724833389207973,0.03354736310511507,0.014668528624184192
جونيه,25121,15171,45,0.5240599389619447,0.002966185485465691,0.0015544589844629563
ذوق مكايل,25116,29012,797,0.4775539983673469,0.02747139114849028,0.013119072683674876
صربا,25111,23933,1161,0.5458135986953223,0.04851042493628045,0.026477649608710536
Conflict,25003,0,0,0.23104262805493303,0.0,0.0
Conflict,25002,0,0,0.23104262805493303,0.0,0.0
Conflict,25001,0,0,0.23104262805493303,0.0,0.0
بمهريه,24484,74,120,0.5621483023992757,1.6216216216216217,0.9115918417285552
 مريجات عاليه,24481,99,0,0.6256405693820416,0.0,0.0
عين داره,24477,2699,248,0.6961939099650774,0.09188588366061504,0.06397039261627979
 مزرعة النهر ,24474,24,8,0.22221111111111114,0.3333333333333333,0.07407037037037037
 معصريتي  ,24471,609,198,0.0,0.3251231527093596,0.0
 رملية ,24467,1114,63,0.27773848781229493,0.05655296229802514,0.01570693422995923
بسرين,24464,182,5,0.5296876886849413,0.027472527472527472,0.014551859579256629
حبرمون,24461,29,0,0.6291829305732204,0.0,0.0
 مشرفه ,24457,1516,404,0.022321555365381385,0.26649076517150394,0.005948488369138575
العزونيه,24454,1230,400,0.028832225011376833,0.3252032520325203,0.009376333337033116
اغميد,24451,1695,9,0.3449287311960003,0.005309734513274336,0.001831479988651329
بتاتر,24447,2570,2295,0.22560611055986646,0.8929961089494164,0.20146537888517257
شارون,24444,3688,3000,0.028343973072495476,0.8134490238611713,0.02305637722816877
Mchekhti,24443,30,22,0.23112362270017422,0.7333333333333333,0.1694906566467944
Mansouriyet Bhamdoun,24441,346,206,0.2319767662967147,0.5953757225433526,0.13811333484717697
Homs Oua Hama,24437,0,0,0.23104262805493303,0.0,0.0
بدغان,24434,1147,909,0.01607418557352347,0.7925021795989537,0.012738827102295408
عين الحلزون,24431,46,0,0.28773397052966965,0.0,0.0
 صوفر ,24427,2795,360,0.159882369624185,0.12880143112701253,0.020593078019573025
 مجدل بعنا ,24424,3440,980,0.03416740027738807,0.28488372093023256,0.009733736125534975
بطلون,24421,149,247,0.4042150231399074,1.657718120805369,0.6700745685607861
شانيه,24417,1849,765,0.013000350749694412,0.4137371552190373,0.005378728136028245
Bhamdoun Ed-Dayaa,24414,1602,900,0.2353677421108123,0.5617977528089888,0.13222906860157996
بحمدون المحطة,24411,1583,1170,0.5540076985311104,0.7391029690461149,0.4094687348587487
كفرمتى,24377,3206,1000,0.4870364992224242,0.3119151590767311,0.15191406713113667
عبيه,24375,2423,297,0.5228070836971443,0.12257531985142385,0.06408324550476759
جسر القاضي,24373,40,27,0.468955441928415,0.675,0.31654492330168016
عين كسور,24371,679,150,0.7560464948379179,0.22091310751104565,0.16702058059747818
Binnay,24369,1727,330,0.23570521979931724,0.1910828025477707,0.04503921397439183
رمحالا,24367,2533,1623,0.23995466967242496,0.640742202921437,0.1537490836471953
البساتين,24365,1762,180,0.5230370928754178,0.1021566401816118,0.053431712098510324
سلفايا,24363,31,0,0.21460094324911938,0.0,0.0
عين تراز,24361,89,0,0.22383996779418935,0.0,0.0
 رشميا ,24359,471,45,0.30921265129790165,0.09554140127388536,0.02954260999661481
دفون,24357,184,18,0.25692203753101384,0.09782608695652174,0.025133677584555703
بو زريده,24355,10,0,0.2172550154320988,0.0,0.0
شرتون,24353,71,117,0.2733202915602091,1.647887323943662,0.4504010438386544
عيناب,24351,1310,2115,0.46609039643127714,1.6145038167938932,0.7525047240092757
مجدليا,24349,2323,742,0.1668092202200836,0.3194145501506672,0.053281292037581585
 رويسة النعمان ,24347,132,0,0.18471743609168456,0.0,0.0
دوير الرمان,24345,12,0,0.18769701320183518,0.0,0.0
بيصور,24343,9516,3870,0.02093441585936817,0.40668348045397223,0.008513681102958682
Kfar Aamay,24341,304,0,0.23186337379337704,0.0,0.0
شملان,24339,516,156,0.6879013791084865,0.3023255813953488,0.20797018438163545
كيفون,24337,3356,13225,0.13329759250505158,3.9407032181168056,0.5252862517518794
 رجمة ,24335,59,25,0.4293993684191961,0.423728813559322,0.18194888492338818
 تعزانية ,24333,94,18,0.35413194444444474,0.19148936170212766,0.06781250000000005
سوق الغرب,24331,1290,2385,0.7180603399088845,1.8488372093023255,1.3275766749478213
عيتات,24329,1776,855,0.10927977347236495,0.4814189189189189,0.052609350404770286
بحوارا,24327,18,45,0.17458335943395942,2.5,0.43645839858489854
عين الجديدة,24325,528,835,0.4552093436240693,1.581439393939394,0.7198859884963975
الغابون,24323,1408,369,0.33267707859782447,0.26207386363636365,0.08718596733139009
بخشتيه,24321,836,70,0.38863207716303905,0.08373205741626795,0.03254096339881906
بمكين,24319,586,800,0.634476228164396,1.3651877133105803,0.8661791510776737
عين الرمانة,24317,622,450,0.7793520980802748,0.7234726688102894,0.5638399423410348
 قماطية ,24315,5358,10300,0.23471431114984231,1.9223590892123927,0.451205189407125
الكحاله,24313,3238,0,0.2276838741811954,0.0,0.0
عاليه,24311,30853,2773,0.5030329268335225,0.08987780766862218,0.04521149664892743
بسوس,24291,1586,0,0.23425056308875458,0.0,0.0
بدادون,24283,1942,9,0.2362665898708255,0.004634397528321318,0.0010949533001222602
حومال,24275,1695,40,0.2118735821028278,0.02359882005899705,0.004999966539299771
بليبل,24267,926,608,0.18499134948096863,0.6565874730021598,0.1214630026829686
عين عنوب,24259,3884,450,0.438809481597381,0.11585993820803296,0.050840439422971534
دقون,24251,242,0,0.14815659487362065,0.0,0.0
بشامون,24243,13210,49500,0.334129983413195,3.7471612414837243,1.252038923463524
بعورته,24235,978,203,0.06611983938378563,0.20756646216768918,0.013724261139988224
 سرحمول ,24227,1218,504,0.033306051232502076,0.41379310344827586,0.013781814303104307
عين درافيل,24219,15,0,0.21350368402208542,0.0,0.0
عرمون,24211,20774,2475,0.16942060143932092,0.11913930875132377,0.020184653343714224
دير قوبل,24177,3233,0,0.3998497892089137,0.0,0.0
الشويفات الامراء,24155,7357,4500,0.22964958586052397,0.6116623623759685,0.1404680082061109
قبة الشويفات,24133,39237,20750,0.6039327618698312,0.5288375767770217,0.31938233832349566
عمروسية الشويفات,24111,98172,2023,0.5876419368102639,0.020606690298659497,0.012109355398353542
Conflict,24009,0,0,0.23104262805493303,0.0,0.0
Conflict,24008,0,0,0.23104262805493303,0.0,0.0
Conflict,24007,0,0,0.23104262805493303,0.0,0.0
Conflict,24006,0,0,0.23104262805493303,0.0,0.0
Conflict,24005,0,0,0.23104262805493303,0.0,0.0
Conflict,24004,0,0,0.23104262805493303,0.0,0.0
Conflict,24003,0,0,0.23104262805493303,0.0,0.0
Conflict,24002,0,0,0.23104262805493303,0.0,0.0
Conflict,24001,0,0,0.23104262805493303,0.0,0.0
Bayqoun,23687,244,0,0.20788641577283185,0.0,0.0
Barouk,23679,3787,180,0.4743823325520493,0.04753102719831001,0.0225478795509292
Bater,23675,3043,108,0.20413921166406912,0.03549129148866251,0.00724516426543525
Jbaa Ech-Chouf,23671,1258,90,0.42098503966573,0.07154213036565978,0.030118166589758105
Maasser Ech-Chouf,23667,2678,162,0.5873077757388506,0.060492905153099324,0.03552795357344802
Batloun,23663,2942,635,0.06561485544067258,0.21583956492182188,0.014162281850723006
Mristi,23659,1459,90,0.013669366587028664,0.061686086360520906,0.0008432097277810691
Kfar Nabrakh,23655,4739,450,0.5347761086010279,0.09495674192867694,0.05078059693404992
Mazraat Ech-Chouf,23651,3139,100,0.4391627271694061,0.03185727938834024,0.013990529696381208
Haret Jandal,23647,585,0,0.06801212310441906,0.0,0.0
كحلونية الشوف,23643,1742,176,0.1518823350099071,0.1010332950631458,0.015345172767935506
Aammatour,23639,2439,46,0.3058773733945964,0.01886018860188602,0.0057689049512716015
Khereibet Ech-Chouf,23635,1926,182,0.2362424842794171,0.09449636552440291,0.022324056146860807
Baadarane,23631,2253,14,0.47092960643783777,0.006213936972924989,0.002926326893089094
Aain Ouzain,23627,1850,135,0.014100174503432816,0.07297297297297298,0.0010289316529532055
نيحا,23625,4064,67,0.6745112473208741,0.016486220472440943,0.01112014113447307
Jdeidet Ech-Chouf,23623,8142,315,0.25302457477339063,0.03868828297715549,0.009789086349007376
Aain Qania,23619,1414,141,0.10730243583382892,0.09971711456859972,0.010699889287531739
Botme,23615,1694,125,0.43757554465856274,0.07378984651711924,0.0322886322800002
Moukhtara,23611,1131,0,0.628425030668905,0.0,0.0
Hasrout,23588,1218,641,0.3249470507544582,0.5262725779967159,0.17101072211297838
Jahliye,23577,3602,650,0.02442177750798602,0.1804553026096613,0.0044070392504694375
Gharife,23566,3687,135,0.15119441436045977,0.03661513425549227,0.0055360037804887624
Ouadi bnehlay,23555,227,63,0.3133680194242108,0.2775330396475771,0.0869699789591422
Aathrine,23544,815,36,0.10611208703155817,0.044171779141104296,0.004687159672559625
Aainbal,23533,1220,31,0.3452704709013895,0.02540983606557377,0.008773266063887767
Deir Dourit,23522,98,0,0.20991662333003636,0.0,0.0
Baaqline,23511,11590,720,0.08409715706511556,0.062122519413287315,0.005224327272379914
Aain Zhalta,23469,2577,350,0.6210157053369663,0.13581684128831975,0.08434439148930468
فريديس الشوف,23467,682,76,0.6185668771918561,0.11143695014662756,0.06893120625598397
Ouarhaniye,23463,1807,297,0.01366481238083428,0.16436081903707803,0.002245959754901926
Moughayret Ech-Chouf,23461,202,0,0.231587991999557,0.0,0.0
Brih,23459,1772,220,0.5712420744348049,0.12415349887133183,0.0709217022435988
Bqaiaa Ech-Chouf,23457,38,0,0.23114522127223852,0.0,0.0
Kfar Niss,23455,1096,5,0.23608397607408993,0.004562043795620438,0.0010770254382942057
Kfar hay,23454,217,90,0.2316284893221776,0.4147465437788018,0.09606711538707827
Chourit,23453,168,10,0.15698934911242612,0.05952380952380952,0.009344604113834887
بيرة ,23451,1687,4,0.07336643153374045,0.0023710729104919974,0.00017395715834911784
Faouarat Jaafar,23449,796,0,0.23319168597533246,0.0,0.0
Dmit,23447,2356,630,0.061296738603812795,0.267402376910017,0.01639089359949154
Majdel El-Meouch,23445,2379,0,0.1571534026586372,0.0,0.0
Ouadi Es-Sitt,23443,1194,0,0.1764247271264019,0.0,0.0
Ouadi Ed-Deir,23441,563,0,0.5615045013850416,0.0,0.0
Kfar Him,23439,3461,600,0.03585589862235539,0.17336030049118753,0.006215989359553087
GHabet Jaafar,23438,79,23,0.23125591395406814,0.2911392405063291,0.06732767115118439
Sirjbal,23437,1210,160,0.537883301954815,0.1322314049586777,0.07112506472129786
Deir Baba,23435,976,157,0.01650644735229645,0.16086065573770492,0.00265523794499031
Kfar Faqoud,23433,2839,641,0.23870742131625716,0.22578372666431842,0.0538962511672141
Mazraat Ed-Douair,23431,0,0,0.23104262805493303,0.0,0.0
Deir Kouche,23429,1012,113,0.022852552184970065,0.11166007905138339,0.0025517177834996217
Aammiq Ech-Chouf,23427,100,0,0.23131261020573698,0.0,0.0
Kneisset Ech-Chouf,23425,173,0,0.23150969717582387,0.0,0.0
Bchtfine,23423,2447,135,0.019754237991534085,0.0551695954229669,0.0010898333178819377
Maasser Beit Ed-Dine,23421,1262,118,0.23265407288756101,0.09350237717908082,0.02175370887538209
Kfar Qatra,23419,1004,70,0.2337532488490047,0.0697211155378486,0.01629753727034893
Semqaniye,23417,4905,900,0.0398100441307061,0.1834862385321101,0.0073045952533405695
Kfar Hamal,23415,0,0,0.23104262805493303,0.0,0.0
Deir El-Qamar,23413,5893,450,0.43664980149422916,0.0763617851688444,0.03334335833572088
Beit Ed-Dine,23411,310,158,0.3096685483922579,0.5096774193548387,0.15783106659992496
بسابا,23386,1826,675,0.4931656804733727,0.3696604600219058,0.18230385231080315
Zaarouriye,23381,1440,292,0.344756950079111,0.20277777777777778,0.0699090482104864
Jleiliye,23376,50,0,0.25350837483024014,0.0,0.0
Khirbet Bisri,23371,79,45,0.1319444444444443,0.569620253164557,0.0751582278481012
Mazraat Es-Dahr,23366,439,0,0.2543839685346313,0.0,0.0
Mtolle,23365,56,31,0.17512430081531483,0.5535714285714286,0.09694380937990643
Mazmoura,23361,619,54,0.26760959104739934,0.08723747980613894,0.0233455862949266
بكيفا,23356,101,6,0.037005792432027285,0.0594059405940594,0.002198363906853106
Qreiaa,23351,16,0,0.23108582519906165,0.0,0.0
Deir  El-Moukhalles Ech-Chouf,23346,107,45,0.481417987209493,0.4205607476635514,0.2024655086395064
Mghairiye Ech-Chouf,23341,3912,1150,0.31046033053050937,0.2939672801635992,0.09126517896474586
Joun,23336,3998,270,0.7141725667197252,0.06753376688344172,0.048230763635399146
Ouardaniye,23331,4413,7966,0.4683842977737239,1.8051212327215047,0.8454904409847008
Majdalouna,23326,98,6,0.6765152584360077,0.061224489795918366,0.04141930153689843
Rmeilet Ech-Chouf,23321,5440,270,0.4402892471114034,0.04963235294117647,0.021852591308838033
Jmailiye,23316,161,158,0.7266197189501775,0.9813664596273292,0.7130802210815407
Aalmane Ech-Chouf,23311,1264,504,0.3635400164052893,0.3987341772151899,0.14495582932615966
Dahr Ech-Chouf,23279,369,320,0.09746447446359474,0.8672086720867209,0.08452203747520412
Chmaarine,23275,0,0,0.23104262805493303,0.0,0.0
Jadra,23271,4748,3915,0.4746137421731256,0.8245577085088458,0.3913464196730806
Jiye,23267,8928,14406,0.5313993045176324,1.6135752688172043,0.8574527756363141
بنواتي,23263,126,6,0.15919657147547328,0.047619047619047616,0.007580789117879679
Dibbiye,23259,1786,20000,0.2528906497794109,11.198208286674133,2.831922169982205
Baassir,23255,4920,2800,0.08466381989381999,0.5691056910569106,0.04818266172819024
Bkechtine Ouel Mcheiaa,23253,11,0,0.23107232609152145,0.0,0.0
Barja,23251,23223,17145,0.05624494371816069,0.7382767084356027,0.0415243319143894
Bourjein,23247,2521,2131,0.4674290156841535,0.8452994843316144,0.39511750591944905
Sibline,23243,8466,7807,0.3825383663151827,0.9221592251358375,0.352761283465938
Aanout,23239,6115,770,0.07260356603682583,0.1259198691741619,0.009142231536934732
Ouadi Abou Youssef,23237,1,0,0.23104532787644108,0.0,0.0
maaniye,23235,104,23,0.1720060466079909,0.22115384615384615,0.03803979876907491
Ketermaya,23231,7143,1500,0.19433366899754567,0.20999580008399832,0.0408092543043985
Daraiya Ech-Chouf,23227,5736,690,0.24652880422504758,0.1202928870292887,0.02965566159610928
Chammis Ech-Chouf,23223,225,9,0.2316500878942419,0.04,0.009266003515769677
Dalhoun,23219,2712,315,0.08160276010624223,0.1161504424778761,0.009478196693756012
mazboud,23215,5008,180,0.08506000063661157,0.035942492012779555,0.003057268393488435
Chhim,23211,24657,8284,0.06671079952454151,0.33596950156142275,0.022412794065024208
Mechref,23171,932,306,0.1457464160937979,0.3283261802575107,0.04785236408229845
Naame,23141,17065,10950,0.0770903475114545,0.6416642250219748,0.04946611809261217
Damour,23111,5471,662,0.260565572157876,0.1210016450374703,0.03152886287123267
Conflict,23007,0,0,0.23104262805493303,0.0,0.0
Conflict,23006,0,0,0.23104262805493303,0.0,0.0
Conflict,23005,0,0,0.23104262805493303,0.0,0.0
Conflict,23004,0,0,0.23104262805493303,0.0,0.0
Conflict,23003,0,0,0.23104262805493303,0.0,0.0
Conflict,23002,0,0,0.23104262805493303,0.0,0.0
Conflict,23001,0,0,0.23104262805493303,0.0,0.0
كفرتيه ,22799,26,0,0.24881589716754549,0.0,0.0
Baskinta,22797,4396,164,0.5617656532272746,0.0373066424021838,0.02095759033877912
Zabbougha,22794,302,0,0.4384382130771164,0.0,0.0
Ouadi El-Karm El-Matn,22791,264,0,0.5868625000000001,0.0,0.0
Machraah El-Matn,22787,72,18,0.6487145805967349,0.25,0.16217864514918373
Mar Moussa Ed-Douar,22784,532,5,0.22577598219379225,0.009398496240601503,0.002121954719866468
Kfar Aaqab,22781,499,0,0.23238983898744475,0.0,0.0
Aain El-Qabu,22777,308,2,0.5877467057385162,0.006493506493506494,0.0038165370502501053
Majdel tarchich,22774,345,113,0.12199467465748604,0.32753623188405795,0.039957676047234554
Zighrine El-Matn,22771,416,19,0.23216575380227747,0.04567307692307692,0.010603724332315557
Aayroun,22767,403,10,0.28307794057251356,0.02481389578163772,0.0070242665154469875
شويا,22764,651,0,0.05786404908960552,0.0,0.0
Douar El-Matn,22761,1142,30,0.2130899234693875,0.02626970227670753,0.005597808847707202
Bteghrine,22757,3416,117,0.5403215701471091,0.03425058548009368,0.018506330125061993
Choueir,22754,3359,670,0.6688471797886564,0.19946412622804405,0.13341101829663582
Aintoura El-Matn,22751,1675,400,0.23556482908089918,0.23880597014925373,0.05625428754170726
Khinchara,22747,2269,95,0.49517009921654975,0.04186866460996033,0.020732110808978504
Qaaqour,22744,1092,0,0.17788501685499425,0.0,0.0
Zaraaoun,22741,609,140,0.10633528559352734,0.22988505747126436,0.02444489323989134
Aain Es-Sindiane,22737,298,0,0.5041502722533913,0.0,0.0
Marjaba,22734,578,32,0.31873610441407796,0.05536332179930796,0.01764628951773442
Mrouj,22733,1636,90,0.4067965698971453,0.0550122249388753,0.022378784407544667
Ouata El-Mrouj,22731,1247,45,0.6224840945448495,0.03608660785886127,0.022463339418218306
Aain es-Sofsaf El-Matn,22727,530,23,0.38525665143778554,0.04339622641509434,0.01671868487371522
Bnabil,22724,182,60,0.23153399556939622,0.32967032967032966,0.0763298886492515
Khillet El-Mtain,22722,47,0,0.20764970757207168,0.0,0.0
Mchikha,22717,189,9,0.21031084663482513,0.047619047619047616,0.010014802220705958
Aain Ez-Zeitoune,22714,94,0,0.13748150887573973,0.0,0.0
Mtain,22711,1642,279,0.566662393164918,0.16991473812423874,0.09628429213947144
Bsifrine,22691,177,0,0.23152049646185602,0.0,0.0
Qannebet Salima,22683,169,0,0.19606659624767364,0.0,0.0
Dahr Es-Souane El-Matn,22675,2465,260,0.31069787387492753,0.10547667342799188,0.03277137817747714
Beit Meri,22667,10486,450,0.6132689112205312,0.04291436200648484,0.026318044063440686
Baabdat,22659,6269,279,0.561214100805216,0.044504705694688146,0.024976668388045187
Mzakke,22651,1568,135,0.23527594817953895,0.08609693877551021,0.020256538905763878
Qennabet Broummana,22643,1023,45,0.44678307061819433,0.04398826979472141,0.019653214250067202
Aayoun El-Matn,22635,652,45,0.2328029116781748,0.06901840490797546,0.01606768562195992
Masqa,22627,1129,81,0.2355578881930609,0.07174490699734277,0.01690007878090162
Jouret El-Ballout,22619,1600,50,0.4953472385352701,0.03125,0.01547960120422719
Broummana El-Matn,22611,8762,332,0.7594380117462504,0.03789089249029902,0.028775784056123615
Qornet El-Hamra,22595,2292,39,0.2384703306094108,0.017015706806282723,0.004057741227647043
Chrine,22591,426,9,0.31701893488466126,0.02112676056338028,0.006697583131366083
Jouar El-Matn,22587,508,0,0.7061569735835251,0.0,0.0
Hbous,22583,364,59,0.2320253630838594,0.1620879120879121,0.03760850665370249
Deir Chamra,22579,167,0,0.16408317580340281,0.0,0.0
Abou Mizane,22575,141,0,0.25396825396825395,0.0,0.0
Fraike,22571,722,27,0.1849907037892755,0.037396121883656507,0.006917934906247145
Sfeilet Bikfaya,22567,496,34,0.06890993850426497,0.06854838709677419,0.004723665139405259
Aain Et-Teffaha,22563,372,0,0.29351740696278505,0.0,0.0
Chaouiye,22559,565,0,0.2284088493080656,0.0,0.0
Aatchane,22555,889,118,0.6032411544499456,0.1327334083239595,0.08007025447142135
aain Aalaq,22551,1281,0,0.3418445864033518,0.0,0.0
Himlaya,22547,1419,23,0.19903649126843548,0.01620859760394644,0.0032261023954714696
Aain El-Kharroube,22543,1009,0,0.19700173057275683,0.0,0.0
Mayasse,22539,622,35,0.13339458651542768,0.05627009646302251,0.007506126250868117
Bhersaf,22535,1852,50,0.23669603544028484,0.026997840172786176,0.006390281734348942
Beit Chabab,22531,5120,90,0.21440334890074153,0.017578125,0.003768808867395847
Mar Boutros Karm Et-Tine,22527,635,4,0.18912249864791753,0.006299212598425197,0.0011913228261286144
Aain El-Qach,22523,109,32,0.23133690859930933,0.29357798165137616,0.06791542270805412
Ouadi Chahine,22519,73,0,0.21854912764003676,0.0,0.0
Mhaidset Matn,22515,1228,0,0.23435800886680552,0.0,0.0
Bikfaya,22511,3945,23,0.47951078238712674,0.0058301647655259825,0.0027956268681632234
Deir Mar Aabda el Mchammar,22487,3,0,0.23105072751945716,0.0,0.0
Zakrit,22483,956,23,0.1447191451818446,0.02405857740585774,0.0034817367564669724
Deir Tamich,22479,1223,18,0.23434450975926532,0.014717906786590351,0.0034490606505860797
Mazraat Yachouaa,22475,6415,180,0.3358946565634189,0.028059236165237724,0.009424947495154387
Aain Aar,22471,1338,9,0.38633704699883464,0.006726457399103139,0.0025986796883329688
ذوق الخراب,22467,8178,652,0.0,0.0797260943996087,0.0
Dik El-Mehdi,22463,1722,60,0.3241628405264766,0.03484320557491289,0.011294872492211727
Beit Ech-Chaar,22459,4026,69,0.4603364855227633,0.01713859910581222,0.007889522479153172
Qornet Chehouane,22455,8947,338,0.3674479636320669,0.03777802615401811,0.013881458780332917
Beit El-Kekko,22451,1518,0,0.4682263645889284,0.0,0.0
Mtayleb,22447,5165,76,0.43265943877551016,0.014714424007744434,0.0063663344330956
نابيه,22443,2449,165,0.0710650462213902,0.06737443854634545,0.004787967589436253
Bsalim,22439,2222,135,0.5888896977736794,0.06075607560756076,0.03577862700245127
Majzoub,22435,1439,45,0.23492767120500188,0.03127171646977067,0.007346591524826327
Bqennaya,22431,2586,45,0.5490297250952428,0.01740139211136891,0.0095538815271794
Roumie,22427,3027,90,0.540580846525943,0.02973240832507433,0.016072770461623677
Aain Saade,22423,5541,600,0.5897048311856843,0.10828370330265295,0.06385542297625169
Fanar,22419,12788,1399,0.5765196460069667,0.1093994369721614,0.06307092467655195
Daychouniye,22415,685,30,0.27544581618655695,0.043795620437956206,0.012063320416929502
منصورية,22411,12796,1280,0.5298157681007811,0.10003125976867772,0.052998138728430746
Mazraat Deir Aaoukar,22391,1052,45,0.6450892144658305,0.04277566539923954,0.027594120390648638
Haret El-Ballane,22383,3611,117,0.24079168352046365,0.032400996953752426,0.007801890604235461
Dbaye,22375,4996,459,0.4981095080666299,0.09187349879903924,0.04576306329114955
Mazraat El-Hdaira,22367,2224,15,0.23704703108881287,0.006744604316546762,0.0015987884291062018
Byaqout,22359,3774,842,0.5453520111706678,0.22310545839957605,0.12167101044136255
Zalqa,22351,14077,315,0.6604310018651928,0.022376926902038786,0.01477841625257766
Aamaret Chalhoub,22343,3678,90,0.2409725715615023,0.024469820554649267,0.005896555584702341
Naqqach,22335,10947,279,0.6676761960435569,0.025486434639627294,0.01701668573089909
Jall Ed-Did,22327,10507,270,0.6363428468921909,0.025697154278100313,0.016352200310354194
Menqlet Mezher,22319,1937,22,0.77826988071998,0.011357769747031492,0.008839410106267197
Antelias,22311,14804,566,0.7720971658052587,0.03823291002431775,0.0295195214702632
Mkalles,22279,1215,26,0.5992907434786655,0.02139917695473251,0.012824328667033171
Dekouane,22262,26757,1443,0.7672586780896677,0.05392981275927795,0.04137811684730689
Deir mar Roukoz,22245,1456,68,0.23497356817063855,0.046703296703296704,0.010974040271705647
Baouchriye,22228,67773,427,0.8193256500971811,0.006300444129668157,0.005162115482441331
Jdaidet El-Matn,22211,17313,2475,0.049668646199906075,0.14295616011089932,0.007100438938645383
Sinn El-Fil,22155,38488,90,0.5527455506169825,0.002338391186863438,0.0012925353241407301
Bourj Hammoud,22111,101213,4238,0.7239292442646637,0.0418720915297442,0.030312431576908543
Conflict,22002,0,0,0.23104262805493303,0.0,0.0
Conflict,22001,0,0,0.23104262805493303,0.0,0.0
جورة ارصون,21487,64,0,0.29861111111111105,0.0,0.0
ترشيش,21481,172,0,0.5314928454102592,0.0,0.0
كفرسلوان,21476,1467,562,0.28657866220923667,0.3830947511929107,0.10978678129624472
ارصون,21471,271,0,0.6826950263143536,0.0,0.0
بزبدين,21466,979,160,0.5655625344352617,0.1634320735444331,0.09243105772179967
جوار الحوز,21461,186,27,0.15374979625593876,0.14516129032258066,0.02231851881134595
قرنايل,21456,2909,450,0.23775131541274952,0.15469233413544173,0.03677830592496985
بتبيات,21451,156,108,0.04374942844078644,0.6923076923076923,0.03028806584362138
فالوغا,21446,1985,710,0.5857086198124315,0.35768261964735515,0.20949779348454728
بتخناي,21441,701,325,0.02782197599261338,0.463623395149786,0.012898918969471252
بمريم,21436,405,207,0.5293355612966963,0.5111111111111111,0.2705492868849781
خريبة بعبدا,21431,619,680,0.03246037970243154,1.098546042003231,0.03565922164402818
شبانية,21426,1360,45,0.588564755470099,0.03308823529411765,0.019474569114819453
خلوات,21421,396,23,0.02599889471257255,0.05808080808080808,0.0015100368141140624
القلعة,21416,946,80,0.007721891713238449,0.08456659619450317,0.0006530140983711162
حمانا,21411,3580,150,0.5777923497506049,0.04189944134078212,0.024209176665528135
حاصبيّا المتن,21397,281,14,0.1628558057815619,0.0498220640569395,0.008113812387693474
صليما بعبدا,21394,1430,112,0.43083756370056747,0.07832167832167833,0.03374392107305144
دليبه,21391,317,5,0.255810950413223,0.015772870662460567,0.00403487303490888
عربانية,21381,355,0,0.2077126761510264,0.0,0.0
كنيسة بعبدا,21377,33,0,0.2112870655755128,0.0,0.0
زندوقة,21374,59,54,0.16415035401915867,0.9152542372881356,0.1502393070683825
عاريا,21371,2267,213,0.2821027265411654,0.09395677106307895,0.026505461293898646
دير الحرف,21367,400,190,0.343867231604123,0.475,0.16333693501195842
قصيبة,21364,502,0,0.5382836241544946,0.0,0.0
قرطادة,21361,123,0,0.22625346434870242,0.0,0.0
قبيع,21357,2365,1513,0.27235633591832953,0.6397463002114165,0.17423895824288904
شويت,21354,869,450,0.5719984248884686,0.5178365937859609,0.2962017159951794
راس المتن,21351,4221,374,0.20356158247173117,0.08860459606728263,0.018036491789724583
Chmeisset Baabda,21347,1,0,0.23104532787644108,0.0,0.0
قرية,21344,687,400,0.06782809542549806,0.5822416302765647,0.03949234085909639
عبادية,21341,3591,1410,0.6068441572059062,0.39264828738512947,0.23827631903657134
دير خونة,21337,17,0,0.0,0.0,0.0
راس الحرف,21334,68,160,0.22172566117277015,2.3529411764705883,0.5217074380535769
قتالة,21331,0,0,0.5621065215301807,0.0,0.0
حارة حمزة,21327,27,0,0.18825530160529758,0.0,0.0
هلالية,21324,375,282,0.02888996096662455,0.752,0.021725250646901662
Mzairaa Baabda,21321,12,16,0.2310750259130295,1.3333333333333333,0.308100034550706
رويسة البلوط,21317,822,820,0.03756551247752293,0.9975669099756691,0.03747411220385499
عين موفق,21314,15,76,0.2537866709183674,5.066666666666666,1.2858524659863946
بعلشميه,21311,2358,539,0.08244602541931967,0.2285835453774385,0.018845804792626507
Bsaba Baabda,21283,960,21,0.23363445670265096,0.021875,0.00511075374037049
حارة الست,21275,1035,360,0.18016181620577199,0.34782608695652173,0.06266497954983373
وادي شحرور العليا,21267,2258,90,0.5521931384595486,0.03985828166519043,0.02200946964630619
وادي شحرور السفلى,21259,2214,280,0.2795591703586148,0.12646793134598014,0.03535526996405246
كفرشيما,21251,6236,400,0.6707812516213703,0.06414368184733804,0.04302637919316038
لويزة,21243,2007,1080,0.47666523572637043,0.5381165919282511,0.2565014721397509
مرداشة,21235,281,0,0.32870681092109866,0.0,0.0
بطشيه,21227,1133,95,0.6469811753902663,0.08384819064430715,0.05424820093740097
حدث,21219,21705,1885,0.6215955200296044,0.08684634876756507,0.053983301324847
بعبدا,21211,29382,8627,0.6377809284246156,0.29361513852018245,0.18726213564492408
تحويطة الغدير,21188,7707,0,0.7348402443131561,0.0,0.0
برج البراجنة,21177,130641,0,0.2191543241664562,0.0,0.0
ليلكي,21166,11078,0,0.35640495932398064,0.0,0.0
حارة حريك,21144,62844,0,0.633992629105671,0.0,0.0
Furn Ech-Chebbak,21133,12221,889,0.26403714670468376,0.07274363800016365,0.019207022618481617
شياح,21111,239203,10240,0.616455638098479,0.04280882764848267,0.026389743164293197
Beirut Central District,10999,272,45,0.23177697950511977,0.16544117647058823,0.03834545616812643
الاشرفية,10650,48435,7057,0.8576488350866116,0.14570042324765148,0.12495979826997455
مدور,10610,4151,1890,0.677964004679084,0.45531197301854975,0.30868512860599107
رميل,10550,21978,1238,0.8028847487425529,0.056329056329056326,0.0452257402376595
صيفي,10510,2152,203,0.8028847487425529,0.09433085501858736,0.07573680483026869
مرفأ,10450,151,450,0.5455540687719136,2.980132450331126,1.6258233837573584
زقاق البلاط,10410,10658,1350,0.5657269474991515,0.1266654156502158,0.07165803894950784
باشورة,10350,16218,1851,0.5862737944989949,0.1141324454310026,0.06691286185828337
المزرعة,10310,88885,16650,0.27341793917354673,0.18732069528041853,0.051216838468127954
مينا الحصن,10250,1524,0,0.8369354647809413,0.0,0.0
مصيطبة,10210,66330,64913,0.5986279779716368,0.9786371174430876,0.5858395587829468
رأس بيروت,10150,37706,39690,0.531905986455603,1.0526176205378455,0.5598936138127324
عين المريسه,10110,4550,28800,0.6599101669451253,6.329670329670329,4.177013803960353
Conflict,0,0,0,0.23104262805493303,0.0,0.0
Conflict,0,0,0,0.23104262805493303,0.0,0.0
Conflict,0,0,0,0.23104262805493303,0.0,0.0
Conflict,0,0,0,0.23104262805493303,0.0,0.0
Conflict,0,0,0,0.23104262805493303,0.0,0.0
Conflict,0,0,0,0.23104262805493303,0.0,0.0
Conflict,0,0,0,0.23104262805493303,0.0,0.0
Conflict,0,0,0,0.23104262805493303,0.0,0.0
Conflict,0,0,0,0.23104262805493303,0.0,0.0
Conflict,0,0,0,0.23104262805493303,0.0,0.0
Chebaa Farms,0,0,0,0.23104262805493303,0.0,0.0
Conflict,0,0,0,0.23104262805493303,0.0,0.0
Conflict,0,0,0,0.23104262805493303,0.0,0.0
Conflict,0,0,0,0.23104262805493303,0.0,0.0
Conflict,0,0,0,0.23104262805493303,0.0,0.0
Conflict,0,0,0,0.23104262805493303,0.0,0.0
Conflict,0,0,0,0.23104262805493303,0.0,0.0
