{
"type": "FeatureCollection",
"name": "random_points_cad",
"crs": { "type": "name", "properties": { "name": "urn:ogc:def:crs:OGC:1.3:CRS84" } },
"features": [
{ "type": "Feature", "properties": { "rand_point_id": 0, "adm3_name1": null, "adm3_pcode": "0", "Nighttime light radiance": null, "Household Deprivation Score": null, "Negative Coping Tendency": null, "Unemployment rate": null, "Population dependency ratio": null, "Food insecurity level (IPC)": null, "Poverty Level (Relative Vulnerability - AMAAN)": null, "Poverty Level (Internal Vulnerability - AMAAN)": null, "composite_score": null }, "geometry": { "type": "Point", "coordinates": [ 36.095127647348804, 33.816296880694217 ] } },
{ "type": "Feature", "properties": { "rand_point_id": 1, "adm3_name1": null, "adm3_pcode": "0", "Nighttime light radiance": null, "Household Deprivation Score": null, "Negative Coping Tendency": null, "Unemployment rate": null, "Population dependency ratio": null, "Food insecurity level (IPC)": null, "Poverty Level (Relative Vulnerability - AMAAN)": null, "Poverty Level (Internal Vulnerability - AMAAN)": null, "composite_score": null }, "geometry": { "type": "Point", "coordinates": [ 36.151940311430344, 33.854012378784056 ] } },
{ "type": "Feature", "properties": { "rand_point_id": 2, "adm3_name1": null, "adm3_pcode": "0", "Nighttime light radiance": null, "Household Deprivation Score": null, "Negative Coping Tendency": null, "Unemployment rate": null, "Population dependency ratio": null, "Food insecurity level (IPC)": null, "Poverty Level (Relative Vulnerability - AMAAN)": null, "Poverty Level (Internal Vulnerability - AMAAN)": null, "composite_score": null }, "geometry": { "type": "Point", "coordinates": [ 36.118429383318869, 33.837374382102752 ] } },
{ "type": "Feature", "properties": { "rand_point_id": 3, "adm3_name1": null, "adm3_pcode": "0", "Nighttime light radiance": null, "Household Deprivation Score": null, "Negative Coping Tendency": null, "Unemployment rate": null, "Population dependency ratio": null, "Food insecurity level (IPC)": null, "Poverty Level (Relative Vulnerability - AMAAN)": null, "Poverty Level (Internal Vulnerability - AMAAN)": null, "composite_score": null }, "geometry": { "type": "Point", "coordinates": [ 36.481056557970135, 34.040090912884949 ] } },
{ "type": "Feature", "properties": { "rand_point_id": 4, "adm3_name1": null, "adm3_pcode": "0", "Nighttime light radiance": null, "Household Deprivation Score": null, "Negative Coping Tendency": null, "Unemployment rate": null, "Population dependency ratio": null, "Food insecurity level (IPC)": null, "Poverty Level (Relative Vulnerability - AMAAN)": null, "Poverty Level (Internal Vulnerability - AMAAN)": null, "composite_score": null }, "geometry": { "type": "Point", "coordinates": [ 35.942643162981689, 33.505125655742056 ] } },
{ "type": "Feature", "properties": { "rand_point_id": 5, "adm3_name1": null, "adm3_pcode": "0", "Nighttime light radiance": null, "Household Deprivation Score": null, "Negative Coping Tendency": null, "Unemployment rate": null, "Population dependency ratio": null, "Food insecurity level (IPC)": null, "Poverty Level (Relative Vulnerability - AMAAN)": null, "Poverty Level (Internal Vulnerability - AMAAN)": null, "composite_score": null }, "geometry": { "type": "Point", "coordinates": [ 36.445600218889403, 34.048923556145127 ] } },
{ "type": "Feature", "properties": { "rand_point_id": 6, "adm3_name1": null, "adm3_pcode": "0", "Nighttime light radiance": null, "Household Deprivation Score": null, "Negative Coping Tendency": null, "Unemployment rate": null, "Population dependency ratio": null, "Food insecurity level (IPC)": null, "Poverty Level (Relative Vulnerability - AMAAN)": null, "Poverty Level (Internal Vulnerability - AMAAN)": null, "composite_score": null }, "geometry": { "type": "Point", "coordinates": [ 36.393441179867779, 33.846797539171192 ] } },
{ "type": "Feature", "properties": { "rand_point_id": 7, "adm3_name1": null, "adm3_pcode": "0", "Nighttime light radiance": null, "Household Deprivation Score": null, "Negative Coping Tendency": null, "Unemployment rate": null, "Population dependency ratio": null, "Food insecurity level (IPC)": null, "Poverty Level (Relative Vulnerability - AMAAN)": null, "Poverty Level (Internal Vulnerability - AMAAN)": null, "composite_score": null }, "geometry": { "type": "Point", "coordinates": [ 35.92306127812035, 33.453680466140582 ] } },
{ "type": "Feature", "properties": { "rand_point_id": 8, "adm3_name1": null, "adm3_pcode": "0", "Nighttime light radiance": null, "Household Deprivation Score": null, "Negative Coping Tendency": null, "Unemployment rate": null, "Population dependency ratio": null, "Food insecurity level (IPC)": null, "Poverty Level (Relative Vulnerability - AMAAN)": null, "Poverty Level (Internal Vulnerability - AMAAN)": null, "composite_score": null }, "geometry": { "type": "Point", "coordinates": [ 36.448208061620484, 34.483923105449726 ] } },
{ "type": "Feature", "properties": { "rand_point_id": 9, "adm3_name1": null, "adm3_pcode": "0", "Nighttime light radiance": null, "Household Deprivation Score": null, "Negative Coping Tendency": null, "Unemployment rate": null, "Population dependency ratio": null, "Food insecurity level (IPC)": null, "Poverty Level (Relative Vulnerability - AMAAN)": null, "Poverty Level (Internal Vulnerability - AMAAN)": null, "composite_score": null }, "geometry": { "type": "Point", "coordinates": [ 35.539995818653104, 33.205510845404007 ] } },
{ "type": "Feature", "properties": { "rand_point_id": 10, "adm3_name1": null, "adm3_pcode": "0", "Nighttime light radiance": null, "Household Deprivation Score": null, "Negative Coping Tendency": null, "Unemployment rate": null, "Population dependency ratio": null, "Food insecurity level (IPC)": null, "Poverty Level (Relative Vulnerability - AMAAN)": null, "Poverty Level (Internal Vulnerability - AMAAN)": null, "composite_score": null }, "geometry": { "type": "Point", "coordinates": [ 36.276547949345172, 33.887239548523425 ] } },
{ "type": "Feature", "properties": { "rand_point_id": 11, "adm3_name1": null, "adm3_pcode": "0", "Nighttime light radiance": null, "Household Deprivation Score": null, "Negative Coping Tendency": null, "Unemployment rate": null, "Population dependency ratio": null, "Food insecurity level (IPC)": null, "Poverty Level (Relative Vulnerability - AMAAN)": null, "Poverty Level (Internal Vulnerability - AMAAN)": null, "composite_score": null }, "geometry": { "type": "Point", "coordinates": [ 35.630519821921283, 33.244699313694156 ] } },
{ "type": "Feature", "properties": { "rand_point_id": 12, "adm3_name1": null, "adm3_pcode": "0", "Nighttime light radiance": null, "Household Deprivation Score": null, "Negative Coping Tendency": null, "Unemployment rate": null, "Population dependency ratio": null, "Food insecurity level (IPC)": null, "Poverty Level (Relative Vulnerability - AMAAN)": null, "Poverty Level (Internal Vulnerability - AMAAN)": null, "composite_score": null }, "geometry": { "type": "Point", "coordinates": [ 35.991137890942639, 33.53503372876915 ] } },
{ "type": "Feature", "properties": { "rand_point_id": 13, "adm3_name1": null, "adm3_pcode": "0", "Nighttime light radiance": null, "Household Deprivation Score": null, "Negative Coping Tendency": null, "Unemployment rate": null, "Population dependency ratio": null, "Food insecurity level (IPC)": null, "Poverty Level (Relative Vulnerability - AMAAN)": null, "Poverty Level (Internal Vulnerability - AMAAN)": null, "composite_score": null }, "geometry": { "type": "Point", "coordinates": [ 36.355294116594472, 33.982847739086814 ] } },
{ "type": "Feature", "properties": { "rand_point_id": 14, "adm3_name1": null, "adm3_pcode": "0", "Nighttime light radiance": null, "Household Deprivation Score": null, "Negative Coping Tendency": null, "Unemployment rate": null, "Population dependency ratio": null, "Food insecurity level (IPC)": null, "Poverty Level (Relative Vulnerability - AMAAN)": null, "Poverty Level (Internal Vulnerability - AMAAN)": null, "composite_score": null }, "geometry": { "type": "Point", "coordinates": [ 36.297849947103586, 33.838430244891249 ] } },
{ "type": "Feature", "properties": { "rand_point_id": 15, "adm3_name1": null, "adm3_pcode": "0", "Nighttime light radiance": null, "Household Deprivation Score": null, "Negative Coping Tendency": null, "Unemployment rate": null, "Population dependency ratio": null, "Food insecurity level (IPC)": null, "Poverty Level (Relative Vulnerability - AMAAN)": null, "Poverty Level (Internal Vulnerability - AMAAN)": null, "composite_score": null }, "geometry": { "type": "Point", "coordinates": [ 36.238106631179726, 33.837082895949365 ] } },
{ "type": "Feature", "properties": { "rand_point_id": 16, "adm3_name1": null, "adm3_pcode": "0", "Nighttime light radiance": null, "Household Deprivation Score": null, "Negative Coping Tendency": null, "Unemployment rate": null, "Population dependency ratio": null, "Food insecurity level (IPC)": null, "Poverty Level (Relative Vulnerability - AMAAN)": null, "Poverty Level (Internal Vulnerability - AMAAN)": null, "composite_score": null }, "geometry": { "type": "Point", "coordinates": [ 35.979013296140216, 33.730502056541852 ] } },
{ "type": "Feature", "properties": { "rand_point_id": 17, "adm3_name1": "عين المريسه", "adm3_pcode": "10110", "Nighttime light radiance": 49.7239994, "Household Deprivation Score": 0.559063822, "Negative Coping Tendency": 4.6125, "Unemployment rate": 11.6, "Population dependency ratio": 61.3, "Food insecurity level (IPC)": 0.06, "Poverty Level (Relative Vulnerability - AMAAN)": 0.008247017, "Poverty Level (Internal Vulnerability - AMAAN)": 1.032967033, "composite_score": 0.291548068 }, "geometry": { "type": "Point", "coordinates": [ 35.481838052489614, 33.899731941115931 ] } },
{ "type": "Feature", "properties": { "rand_point_id": 18, "adm3_name1": "راس بيروت", "adm3_pcode": "10150", "Nighttime light radiance": 67.81000062, "Household Deprivation Score": 0.559063822, "Negative Coping Tendency": 4.6125, "Unemployment rate": 11.6, "Population dependency ratio": 61.3, "Food insecurity level (IPC)": 0.06, "Poverty Level (Relative Vulnerability - AMAAN)": 0.045621799, "Poverty Level (Internal Vulnerability - AMAAN)": 0.68954543, "composite_score": 0.284031639 }, "geometry": { "type": "Point", "coordinates": [ 35.475738050819885, 33.894675274768659 ] } },
{ "type": "Feature", "properties": { "rand_point_id": 19, "adm3_name1": "مصيطبة", "adm3_pcode": "10210", "Nighttime light radiance": 70.24166699, "Household Deprivation Score": 0.559063822, "Negative Coping Tendency": 4.6125, "Unemployment rate": 11.6, "Population dependency ratio": 61.3, "Food insecurity level (IPC)": 0.06, "Poverty Level (Relative Vulnerability - AMAAN)": 0.221265724, "Poverty Level (Internal Vulnerability - AMAAN)": 1.901100558, "composite_score": 0.288172354 }, "geometry": { "type": "Point", "coordinates": [ 35.491214335880045, 33.889927084606022 ] } },
{ "type": "Feature", "properties": { "rand_point_id": 20, "adm3_name1": "مينا الحصن", "adm3_pcode": "10250", "Nighttime light radiance": 119.2300008, "Household Deprivation Score": 0.559063822, "Negative Coping Tendency": 4.6125, "Unemployment rate": 11.6, "Population dependency ratio": 61.3, "Food insecurity level (IPC)": 0.06, "Poverty Level (Relative Vulnerability - AMAAN)": 0.001754685, "Poverty Level (Internal Vulnerability - AMAAN)": 0.656167979, "composite_score": 0.25817902 }, "geometry": { "type": "Point", "coordinates": [ 35.496321526377443, 33.900260602198813 ] } },
{ "type": "Feature", "properties": { "rand_point_id": 21, "adm3_name1": "المزرعة", "adm3_pcode": "10310", "Nighttime light radiance": 83.35049973, "Household Deprivation Score": 0.559063822, "Negative Coping Tendency": 4.6125, "Unemployment rate": 11.6, "Population dependency ratio": 61.3, "Food insecurity level (IPC)": 0.06, "Poverty Level (Relative Vulnerability - AMAAN)": 0.951214505, "Poverty Level (Internal Vulnerability - AMAAN)": 6.098891827, "composite_score": 0.303758982 }, "geometry": { "type": "Point", "coordinates": [ 35.502253986346496, 33.882251549317473 ] } },
{ "type": "Feature", "properties": { "rand_point_id": 22, "adm3_name1": "باشورة", "adm3_pcode": "10350", "Nighttime light radiance": 119.4079987, "Household Deprivation Score": 0.559063822, "Negative Coping Tendency": 4.6125, "Unemployment rate": 11.6, "Population dependency ratio": 61.3, "Food insecurity level (IPC)": 0.06, "Poverty Level (Relative Vulnerability - AMAAN)": 0.152657558, "Poverty Level (Internal Vulnerability - AMAAN)": 5.364409915, "composite_score": 0.262726917 }, "geometry": { "type": "Point", "coordinates": [ 35.50393380016866, 33.893920019301049 ] } },
{ "type": "Feature", "properties": { "rand_point_id": 23, "adm3_name1": "زقاق البلاط", "adm3_pcode": "10410", "Nighttime light radiance": 115.1099981, "Household Deprivation Score": 0.559063822, "Negative Coping Tendency": 4.6125, "Unemployment rate": 11.6, "Population dependency ratio": 61.3, "Food insecurity level (IPC)": 0.06, "Poverty Level (Relative Vulnerability - AMAAN)": 0.095103904, "Poverty Level (Internal Vulnerability - AMAAN)": 5.085381873, "composite_score": 0.263144637 }, "geometry": { "type": "Point", "coordinates": [ 35.498675820633082, 33.895120217584946 ] } },
{ "type": "Feature", "properties": { "rand_point_id": 24, "adm3_name1": "مرفأ", "adm3_pcode": "10450", "Nighttime light radiance": 98.46800022, "Household Deprivation Score": 0.559063822, "Negative Coping Tendency": 4.6125, "Unemployment rate": 11.6, "Population dependency ratio": 61.3, "Food insecurity level (IPC)": 0.06, "Poverty Level (Relative Vulnerability - AMAAN)": 0.005790459, "Poverty Level (Internal Vulnerability - AMAAN)": 21.85430464, "composite_score": 0.268589239 }, "geometry": { "type": "Point", "coordinates": [ 35.514054903752402, 33.897763631229559 ] } },
{ "type": "Feature", "properties": { "rand_point_id": 25, "adm3_name1": "صيفي", "adm3_pcode": "10510", "Nighttime light radiance": 149.3600006, "Household Deprivation Score": 0.559063822, "Negative Coping Tendency": 4.6125, "Unemployment rate": 11.6, "Population dependency ratio": 61.3, "Food insecurity level (IPC)": 0.06, "Poverty Level (Relative Vulnerability - AMAAN)": 0.000526405, "Poverty Level (Internal Vulnerability - AMAAN)": 0.139405204, "composite_score": 0.2439962 }, "geometry": { "type": "Point", "coordinates": [ 35.509530713119375, 33.896195702407176 ] } },
{ "type": "Feature", "properties": { "rand_point_id": 26, "adm3_name1": "رميل", "adm3_pcode": "10550", "Nighttime light radiance": 88.3983345, "Household Deprivation Score": 0.559063822, "Negative Coping Tendency": 4.6125, "Unemployment rate": 11.6, "Population dependency ratio": 61.3, "Food insecurity level (IPC)": 0.06, "Poverty Level (Relative Vulnerability - AMAAN)": 0.007545144, "Poverty Level (Internal Vulnerability - AMAAN)": 0.195650196, "composite_score": 0.273494673 }, "geometry": { "type": "Point", "coordinates": [ 35.531548278726781, 33.893471713000437 ] } },
{ "type": "Feature", "properties": { "rand_point_id": 27, "adm3_name1": "مدور", "adm3_pcode": "10610", "Nighttime light radiance": 71.46249962, "Household Deprivation Score": 0.559063822, "Negative Coping Tendency": 4.6125, "Unemployment rate": 11.6, "Population dependency ratio": 61.3, "Food insecurity level (IPC)": 0.06, "Poverty Level (Relative Vulnerability - AMAAN)": 0.291277638, "Poverty Level (Internal Vulnerability - AMAAN)": 39.99036377, "composite_score": 0.290314717 }, "geometry": { "type": "Point", "coordinates": [ 35.520708910136051, 33.89586380109062 ] } },
{ "type": "Feature", "properties": { "rand_point_id": 28, "adm3_name1": "الاشرفية", "adm3_pcode": "10650", "Nighttime light radiance": 91.26999945, "Household Deprivation Score": 0.559063822, "Negative Coping Tendency": 4.6125, "Unemployment rate": 11.6, "Population dependency ratio": 61.3, "Food insecurity level (IPC)": 0.06, "Poverty Level (Relative Vulnerability - AMAAN)": 0.075275968, "Poverty Level (Internal Vulnerability - AMAAN)": 0.885723134, "composite_score": 0.274255933 }, "geometry": { "type": "Point", "coordinates": [ 35.510451452654834, 33.884192624043713 ] } },
{ "type": "Feature", "properties": { "rand_point_id": 29, "adm3_name1": "وسط بيروت", "adm3_pcode": "10999", "Nighttime light radiance": 82.40499878, "Household Deprivation Score": 0.559063822, "Negative Coping Tendency": 4.6125, "Unemployment rate": 11.6, "Population dependency ratio": 61.3, "Food insecurity level (IPC)": 0.06, "Poverty Level (Relative Vulnerability - AMAAN)": 0.004035775, "Poverty Level (Internal Vulnerability - AMAAN)": 8.455882353, "composite_score": 0.276834467 }, "geometry": { "type": "Point", "coordinates": [ 35.499052037124954, 33.901374479113912 ] } },
{ "type": "Feature", "properties": { "rand_point_id": 30, "adm3_name1": "شياح", "adm3_pcode": "21111", "Nighttime light radiance": 52.88411784, "Household Deprivation Score": 0.428516821, "Negative Coping Tendency": 13.125, "Unemployment rate": 11.6, "Population dependency ratio": 53.0, "Food insecurity level (IPC)": 0.17, "Poverty Level (Relative Vulnerability - AMAAN)": 2.921374339, "Poverty Level (Internal Vulnerability - AMAAN)": 6.960196987, "composite_score": 0.370561101 }, "geometry": { "type": "Point", "coordinates": [ 35.484365311035859, 33.845569751853986 ] } },
{ "type": "Feature", "properties": { "rand_point_id": 31, "adm3_name1": "فرن الشباك", "adm3_pcode": "21133", "Nighttime light radiance": 65.4633344, "Household Deprivation Score": 0.428516821, "Negative Coping Tendency": 13.125, "Unemployment rate": 11.6, "Population dependency ratio": 53.0, "Food insecurity level (IPC)": 0.17, "Poverty Level (Relative Vulnerability - AMAAN)": 0.029654169, "Poverty Level (Internal Vulnerability - AMAAN)": 1.382865559, "composite_score": 0.278415299 }, "geometry": { "type": "Point", "coordinates": [ 35.522473316471853, 33.872193778917925 ] } },
{ "type": "Feature", "properties": { "rand_point_id": 32, "adm3_name1": "حارة حريك", "adm3_pcode": "21144", "Nighttime light radiance": 79.02545513, "Household Deprivation Score": 0.428516821, "Negative Coping Tendency": 13.125, "Unemployment rate": 11.6, "Population dependency ratio": 53.0, "Food insecurity level (IPC)": 0.17, "Poverty Level (Relative Vulnerability - AMAAN)": 0.63221285, "Poverty Level (Internal Vulnerability - AMAAN)": 5.733244224, "composite_score": 0.289885942 }, "geometry": { "type": "Point", "coordinates": [ 35.520428415482584, 33.849443112075768 ] } },
{ "type": "Feature", "properties": { "rand_point_id": 33, "adm3_name1": "ليلكي", "adm3_pcode": "21166", "Nighttime light radiance": 41.62999916, "Household Deprivation Score": 0.428516821, "Negative Coping Tendency": 13.125, "Unemployment rate": 11.6, "Population dependency ratio": 53.0, "Food insecurity level (IPC)": 0.17, "Poverty Level (Relative Vulnerability - AMAAN)": 0.318826186, "Poverty Level (Internal Vulnerability - AMAAN)": 16.4018776, "composite_score": 0.298564385 }, "geometry": { "type": "Point", "coordinates": [ 35.51584823974575, 33.831324201568208 ] } },
{ "type": "Feature", "properties": { "rand_point_id": 34, "adm3_name1": "برج البراجنة", "adm3_pcode": "21177", "Nighttime light radiance": 53.36466649, "Household Deprivation Score": 0.428516821, "Negative Coping Tendency": 13.125, "Unemployment rate": 11.6, "Population dependency ratio": 53.0, "Food insecurity level (IPC)": 0.17, "Poverty Level (Relative Vulnerability - AMAAN)": 2.830657147, "Poverty Level (Internal Vulnerability - AMAAN)": 12.34834393, "composite_score": 0.367731245 }, "geometry": { "type": "Point", "coordinates": [ 35.509733072561119, 33.839795409295739 ] } },
{ "type": "Feature", "properties": { "rand_point_id": 35, "adm3_name1": "تحويطة الغدير", "adm3_pcode": "21188", "Nighttime light radiance": 43.93266656, "Household Deprivation Score": 0.428516821, "Negative Coping Tendency": 13.125, "Unemployment rate": 11.6, "Population dependency ratio": 53.0, "Food insecurity level (IPC)": 0.17, "Poverty Level (Relative Vulnerability - AMAAN)": 0.242321939, "Poverty Level (Internal Vulnerability - AMAAN)": 17.91877514, "composite_score": 0.295214429 }, "geometry": { "type": "Point", "coordinates": [ 35.48300186578426, 33.831749231633424 ] } },
{ "type": "Feature", "properties": { "rand_point_id": 36, "adm3_name1": "بعبدا", "adm3_pcode": "21211", "Nighttime light radiance": 50.298913, "Household Deprivation Score": 0.428516821, "Negative Coping Tendency": 13.125, "Unemployment rate": 11.6, "Population dependency ratio": 53.0, "Food insecurity level (IPC)": 0.17, "Poverty Level (Relative Vulnerability - AMAAN)": 0.06931004, "Poverty Level (Internal Vulnerability - AMAAN)": 1.344360493, "composite_score": 0.286962619 }, "geometry": { "type": "Point", "coordinates": [ 35.554804751457446, 33.850000893489707 ] } },
{ "type": "Feature", "properties": { "rand_point_id": 37, "adm3_name1": "حدث", "adm3_pcode": "21219", "Nighttime light radiance": 52.28030286, "Household Deprivation Score": 0.428516821, "Negative Coping Tendency": 13.125, "Unemployment rate": 11.6, "Population dependency ratio": 53.0, "Food insecurity level (IPC)": 0.17, "Poverty Level (Relative Vulnerability - AMAAN)": 0.353568941, "Poverty Level (Internal Vulnerability - AMAAN)": 9.283575213000001, "composite_score": 0.294521791 }, "geometry": { "type": "Point", "coordinates": [ 35.530300613687587, 33.828382643415573 ] } },
{ "type": "Feature", "properties": { "rand_point_id": 38, "adm3_name1": "بطشيه", "adm3_pcode": "21227", "Nighttime light radiance": 27.98749971, "Household Deprivation Score": 0.428516821, "Negative Coping Tendency": 13.125, "Unemployment rate": 11.6, "Population dependency ratio": 53.0, "Food insecurity level (IPC)": 0.17, "Poverty Level (Relative Vulnerability - AMAAN)": 0.008948891, "Poverty Level (Internal Vulnerability - AMAAN)": 4.501323919, "composite_score": 0.295900252 }, "geometry": { "type": "Point", "coordinates": [ 35.544776885681003, 33.826503424114364 ] } },
{ "type": "Feature", "properties": { "rand_point_id": 39, "adm3_name1": "مرداشة", "adm3_pcode": "21235", "Nighttime light radiance": 22.18728668, "Household Deprivation Score": 0.428516821, "Negative Coping Tendency": 13.125, "Unemployment rate": 11.6, "Population dependency ratio": 53.0, "Food insecurity level (IPC)": 0.17, "Poverty Level (Relative Vulnerability - AMAAN)": 0.001052811, "Poverty Level (Internal Vulnerability - AMAAN)": 2.135231317, "composite_score": 0.298446368 }, "geometry": { "type": "Point", "coordinates": [ 35.545121704275054, 33.821578971165586 ] } },
{ "type": "Feature", "properties": { "rand_point_id": 40, "adm3_name1": "لويزة", "adm3_pcode": "21243", "Nighttime light radiance": 20.43181797, "Household Deprivation Score": 0.428516821, "Negative Coping Tendency": 13.125, "Unemployment rate": 11.6, "Population dependency ratio": 53.0, "Food insecurity level (IPC)": 0.17, "Poverty Level (Relative Vulnerability - AMAAN)": 0.001403748, "Poverty Level (Internal Vulnerability - AMAAN)": 0.398604883, "composite_score": 0.299300695 }, "geometry": { "type": "Point", "coordinates": [ 35.564585494731475, 33.835803158155997 ] } },
{ "type": "Feature", "properties": { "rand_point_id": 41, "adm3_name1": "كفرشيما", "adm3_pcode": "21251", "Nighttime light radiance": 20.7974999, "Household Deprivation Score": 0.428516821, "Negative Coping Tendency": 13.125, "Unemployment rate": 11.6, "Population dependency ratio": 53.0, "Food insecurity level (IPC)": 0.17, "Poverty Level (Relative Vulnerability - AMAAN)": 0.068432698, "Poverty Level (Internal Vulnerability - AMAAN)": 6.25400898, "composite_score": 0.301156724 }, "geometry": { "type": "Point", "coordinates": [ 35.533036427165868, 33.823271273126096 ] } },
{ "type": "Feature", "properties": { "rand_point_id": 42, "adm3_name1": "وادي شحرور السفلى", "adm3_pcode": "21259", "Nighttime light radiance": 15.29307688, "Household Deprivation Score": 0.428516821, "Negative Coping Tendency": 13.125, "Unemployment rate": 11.6, "Population dependency ratio": 53.0, "Food insecurity level (IPC)": 0.17, "Poverty Level (Relative Vulnerability - AMAAN)": 0.018599656, "Poverty Level (Internal Vulnerability - AMAAN)": 4.787714544, "composite_score": 0.302316079 }, "geometry": { "type": "Point", "coordinates": [ 35.553265771955964, 33.820659099777451 ] } },
{ "type": "Feature", "properties": { "rand_point_id": 43, "adm3_name1": "وادي شحرور العليا", "adm3_pcode": "21267", "Nighttime light radiance": 26.05999985, "Household Deprivation Score": 0.428516821, "Negative Coping Tendency": 13.125, "Unemployment rate": 11.6, "Population dependency ratio": 53.0, "Food insecurity level (IPC)": 0.17, "Poverty Level (Relative Vulnerability - AMAAN)": 0.008422486, "Poverty Level (Internal Vulnerability - AMAAN)": 2.125775022, "composite_score": 0.296846133 }, "geometry": { "type": "Point", "coordinates": [ 35.570851189697386, 33.82112474427128 ] } },
{ "type": "Feature", "properties": { "rand_point_id": 44, "adm3_name1": "حارة الست", "adm3_pcode": "21275", "Nighttime light radiance": 19.50200024, "Household Deprivation Score": 0.428516821, "Negative Coping Tendency": 13.125, "Unemployment rate": 11.6, "Population dependency ratio": 53.0, "Food insecurity level (IPC)": 0.17, "Poverty Level (Relative Vulnerability - AMAAN)": 0.000526405, "Poverty Level (Internal Vulnerability - AMAAN)": 0.289855072, "composite_score": 0.299758082 }, "geometry": { "type": "Point", "coordinates": [ 35.568734271481389, 33.829936049799052 ] } },
{ "type": "Feature", "properties": { "rand_point_id": 45, "adm3_name1": "بسابا وادي الدلب", "adm3_pcode": "21283", "Nighttime light radiance": 10.41666667, "Household Deprivation Score": 0.428516821, "Negative Coping Tendency": 13.125, "Unemployment rate": 11.6, "Population dependency ratio": 53.0, "Food insecurity level (IPC)": 0.17, "Poverty Level (Relative Vulnerability - AMAAN)": 0.0, "Poverty Level (Internal Vulnerability - AMAAN)": 0.0, "composite_score": 0.304108621 }, "geometry": { "type": "Point", "coordinates": [ 35.540413995739151, 33.806271343353991 ] } },
{ "type": "Feature", "properties": { "rand_point_id": 46, "adm3_name1": "بعلشميه", "adm3_pcode": "21311", "Nighttime light radiance": 6.631428548, "Household Deprivation Score": 0.428516821, "Negative Coping Tendency": 13.125, "Unemployment rate": 11.6, "Population dependency ratio": 53.0, "Food insecurity level (IPC)": 0.17, "Poverty Level (Relative Vulnerability - AMAAN)": 0.026671205, "Poverty Level (Internal Vulnerability - AMAAN)": 6.446140797, "composite_score": 0.306780262 }, "geometry": { "type": "Point", "coordinates": [ 35.643962053607126, 33.81307637036916 ] } },
{ "type": "Feature", "properties": { "rand_point_id": 47, "adm3_name1": "عين موفق", "adm3_pcode": "21314", "Nighttime light radiance": 2.879522677, "Household Deprivation Score": 0.428516821, "Negative Coping Tendency": 13.125, "Unemployment rate": 11.6, "Population dependency ratio": 53.0, "Food insecurity level (IPC)": 0.17, "Poverty Level (Relative Vulnerability - AMAAN)": 0.0, "Poverty Level (Internal Vulnerability - AMAAN)": 0.0, "composite_score": 0.30776079 }, "geometry": { "type": "Point", "coordinates": [ 35.655043848840535, 33.819936323409692 ] } },
{ "type": "Feature", "properties": { "rand_point_id": 48, "adm3_name1": "رويسة البلوط", "adm3_pcode": "21317", "Nighttime light radiance": 3.223750025, "Household Deprivation Score": 0.428516821, "Negative Coping Tendency": 13.125, "Unemployment rate": 11.6, "Population dependency ratio": 53.0, "Food insecurity level (IPC)": 0.17, "Poverty Level (Relative Vulnerability - AMAAN)": 0.034391818, "Poverty Level (Internal Vulnerability - AMAAN)": 23.84428224, "composite_score": 0.30872873 }, "geometry": { "type": "Point", "coordinates": [ 35.641664819086543, 33.827065072534928 ] } },
{ "type": "Feature", "properties": { "rand_point_id": 49, "adm3_name1": "مزيرعة بعبدا", "adm3_pcode": "21321", "Nighttime light radiance": 1.933333357, "Household Deprivation Score": 0.428516821, "Negative Coping Tendency": 13.125, "Unemployment rate": 11.6, "Population dependency ratio": 53.0, "Food insecurity level (IPC)": 0.17, "Poverty Level (Relative Vulnerability - AMAAN)": 0.0, "Poverty Level (Internal Vulnerability - AMAAN)": 0.0, "composite_score": 0.308222962 }, "geometry": { "type": "Point", "coordinates": [ 35.654113633165416, 33.830400971440518 ] } },
{ "type": "Feature", "properties": { "rand_point_id": 50, "adm3_name1": "هلالية", "adm3_pcode": "21324", "Nighttime light radiance": 4.402857133, "Household Deprivation Score": 0.428516821, "Negative Coping Tendency": 13.125, "Unemployment rate": 11.6, "Population dependency ratio": 53.0, "Food insecurity level (IPC)": 0.17, "Poverty Level (Relative Vulnerability - AMAAN)": 0.006316864, "Poverty Level (Internal Vulnerability - AMAAN)": 9.6, "composite_score": 0.307272476 }, "geometry": { "type": "Point", "coordinates": [ 35.635422011265362, 33.832427690045428 ] } },
{ "type": "Feature", "properties": { "rand_point_id": 51, "adm3_name1": "حارة حمزة", "adm3_pcode": "21327", "Nighttime light radiance": 2.259230742, "Household Deprivation Score": 0.428516821, "Negative Coping Tendency": 13.125, "Unemployment rate": 11.6, "Population dependency ratio": 53.0, "Food insecurity level (IPC)": 0.17, "Poverty Level (Relative Vulnerability - AMAAN)": 0.0, "Poverty Level (Internal Vulnerability - AMAAN)": 0.0, "composite_score": 0.308073759 }, "geometry": { "type": "Point", "coordinates": [ 35.669219283841784, 33.822121499813747 ] } },
{ "type": "Feature", "properties": { "rand_point_id": 52, "adm3_name1": "قتالة", "adm3_pcode": "21331", "Nighttime light radiance": 1.466666645, "Household Deprivation Score": 0.428516821, "Negative Coping Tendency": 13.125, "Unemployment rate": 11.6, "Population dependency ratio": 53.0, "Food insecurity level (IPC)": 0.17, "Poverty Level (Relative Vulnerability - AMAAN)": 0.0, "Poverty Level (Internal Vulnerability - AMAAN)": 0.0, "composite_score": 0.30845868 }, "geometry": { "type": "Point", "coordinates": [ 35.676894840303021, 33.824972117024046 ] } },
{ "type": "Feature", "properties": { "rand_point_id": 53, "adm3_name1": "راس الحرف", "adm3_pcode": "21334", "Nighttime light radiance": 4.512222237, "Household Deprivation Score": 0.428516821, "Negative Coping Tendency": 13.125, "Unemployment rate": 11.6, "Population dependency ratio": 53.0, "Food insecurity level (IPC)": 0.17, "Poverty Level (Relative Vulnerability - AMAAN)": 0.001228279, "Poverty Level (Internal Vulnerability - AMAAN)": 10.29411765, "composite_score": 0.307083418 }, "geometry": { "type": "Point", "coordinates": [ 35.666497327299219, 33.814429081148276 ] } },
{ "type": "Feature", "properties": { "rand_point_id": 54, "adm3_name1": "دير خونة", "adm3_pcode": "21337", "Nighttime light radiance": 1.705000043, "Household Deprivation Score": 0.428516821, "Negative Coping Tendency": 13.125, "Unemployment rate": 11.6, "Population dependency ratio": 53.0, "Food insecurity level (IPC)": 0.17, "Poverty Level (Relative Vulnerability - AMAAN)": 0.0, "Poverty Level (Internal Vulnerability - AMAAN)": 0.0, "composite_score": 0.308351479 }, "geometry": { "type": "Point", "coordinates": [ 35.664650860550466, 33.83092917295528 ] } },
{ "type": "Feature", "properties": { "rand_point_id": 55, "adm3_name1": "عبادية", "adm3_pcode": "21341", "Nighttime light radiance": 7.625416699, "Household Deprivation Score": 0.428516821, "Negative Coping Tendency": 13.125, "Unemployment rate": 11.6, "Population dependency ratio": 53.0, "Food insecurity level (IPC)": 0.17, "Poverty Level (Relative Vulnerability - AMAAN)": 0.141252108, "Poverty Level (Internal Vulnerability - AMAAN)": 22.417154, "composite_score": 0.309821771 }, "geometry": { "type": "Point", "coordinates": [ 35.620340140963165, 33.845175498845244 ] } },
{ "type": "Feature", "properties": { "rand_point_id": 56, "adm3_name1": "قرية", "adm3_pcode": "21344", "Nighttime light radiance": 4.672000074, "Household Deprivation Score": 0.428516821, "Negative Coping Tendency": 13.125, "Unemployment rate": 11.6, "Population dependency ratio": 53.0, "Food insecurity level (IPC)": 0.17, "Poverty Level (Relative Vulnerability - AMAAN)": 0.004913117, "Poverty Level (Internal Vulnerability - AMAAN)": 4.075691412, "composite_score": 0.307100909 }, "geometry": { "type": "Point", "coordinates": [ 35.681053737482685, 33.8083992072416 ] } },
{ "type": "Feature", "properties": { "rand_point_id": 57, "adm3_name1": "شميسة", "adm3_pcode": "21347", "Nighttime light radiance": 1.591428569, "Household Deprivation Score": 0.428516821, "Negative Coping Tendency": 13.125, "Unemployment rate": 11.6, "Population dependency ratio": 53.0, "Food insecurity level (IPC)": 0.17, "Poverty Level (Relative Vulnerability - AMAAN)": 0.0, "Poverty Level (Internal Vulnerability - AMAAN)": 0.0, "composite_score": 0.308417827 }, "geometry": { "type": "Point", "coordinates": [ 35.688965797930791, 33.831851204043261 ] } },
{ "type": "Feature", "properties": { "rand_point_id": 58, "adm3_name1": "راس المتن", "adm3_pcode": "21351", "Nighttime light radiance": 3.413421043, "Household Deprivation Score": 0.428516821, "Negative Coping Tendency": 13.125, "Unemployment rate": 11.6, "Population dependency ratio": 53.0, "Food insecurity level (IPC)": 0.17, "Poverty Level (Relative Vulnerability - AMAAN)": 0.033339007, "Poverty Level (Internal Vulnerability - AMAAN)": 4.501303009, "composite_score": 0.308561308 }, "geometry": { "type": "Point", "coordinates": [ 35.645249449475635, 33.838139722916004 ] } },
{ "type": "Feature", "properties": { "rand_point_id": 59, "adm3_name1": "شويت", "adm3_pcode": "21354", "Nighttime light radiance": 5.726428577, "Household Deprivation Score": 0.428516821, "Negative Coping Tendency": 13.125, "Unemployment rate": 11.6, "Population dependency ratio": 53.0, "Food insecurity level (IPC)": 0.17, "Poverty Level (Relative Vulnerability - AMAAN)": 0.009650765, "Poverty Level (Internal Vulnerability - AMAAN)": 6.329113924, "composite_score": 0.306758035 }, "geometry": { "type": "Point", "coordinates": [ 35.608178535061562, 33.821202753035784 ] } },
{ "type": "Feature", "properties": { "rand_point_id": 60, "adm3_name1": "قبيع", "adm3_pcode": "21357", "Nighttime light radiance": 3.231666691, "Household Deprivation Score": 0.428516821, "Negative Coping Tendency": 13.125, "Unemployment rate": 11.6, "Population dependency ratio": 53.0, "Food insecurity level (IPC)": 0.17, "Poverty Level (Relative Vulnerability - AMAAN)": 0.021407152, "Poverty Level (Internal Vulnerability - AMAAN)": 5.158562368, "composite_score": 0.308303195 }, "geometry": { "type": "Point", "coordinates": [ 35.697767404789047, 33.817924146757001 ] } },
{ "type": "Feature", "properties": { "rand_point_id": 61, "adm3_name1": "قرطادة", "adm3_pcode": "21361", "Nighttime light radiance": 4.31249996, "Household Deprivation Score": 0.428516821, "Negative Coping Tendency": 13.125, "Unemployment rate": 11.6, "Population dependency ratio": 53.0, "Food insecurity level (IPC)": 0.17, "Poverty Level (Relative Vulnerability - AMAAN)": 0.000877342, "Poverty Level (Internal Vulnerability - AMAAN)": 4.06504065, "composite_score": 0.307173301 }, "geometry": { "type": "Point", "coordinates": [ 35.618951007502368, 33.856893983578523 ] } },
{ "type": "Feature", "properties": { "rand_point_id": 62, "adm3_name1": "قصيبة", "adm3_pcode": "21364", "Nighttime light radiance": 4.117647073, "Household Deprivation Score": 0.428516821, "Negative Coping Tendency": 13.125, "Unemployment rate": 11.6, "Population dependency ratio": 53.0, "Food insecurity level (IPC)": 0.17, "Poverty Level (Relative Vulnerability - AMAAN)": 0.0, "Poverty Level (Internal Vulnerability - AMAAN)": 0.0, "composite_score": 0.307226244 }, "geometry": { "type": "Point", "coordinates": [ 35.653537962808826, 33.863319602040896 ] } },
{ "type": "Feature", "properties": { "rand_point_id": 63, "adm3_name1": "دير الحرف", "adm3_pcode": "21367", "Nighttime light radiance": 3.046428527, "Household Deprivation Score": 0.428516821, "Negative Coping Tendency": 13.125, "Unemployment rate": 11.6, "Population dependency ratio": 53.0, "Food insecurity level (IPC)": 0.17, "Poverty Level (Relative Vulnerability - AMAAN)": 0.008071549, "Poverty Level (Internal Vulnerability - AMAAN)": 11.5, "composite_score": 0.308034807 }, "geometry": { "type": "Point", "coordinates": [ 35.692754933198934, 33.8520488797813 ] } },
{ "type": "Feature", "properties": { "rand_point_id": 64, "adm3_name1": "عاريا", "adm3_pcode": "21371", "Nighttime light radiance": 10.78277765, "Household Deprivation Score": 0.428516821, "Negative Coping Tendency": 13.125, "Unemployment rate": 11.6, "Population dependency ratio": 53.0, "Food insecurity level (IPC)": 0.17, "Poverty Level (Relative Vulnerability - AMAAN)": 0.006492333, "Poverty Level (Internal Vulnerability - AMAAN)": 1.632112925, "composite_score": 0.30423801 }, "geometry": { "type": "Point", "coordinates": [ 35.588178062744625, 33.83298018457927 ] } },
{ "type": "Feature", "properties": { "rand_point_id": 65, "adm3_name1": "زندوقة", "adm3_pcode": "21374", "Nighttime light radiance": 4.515714271, "Household Deprivation Score": 0.428516821, "Negative Coping Tendency": 13.125, "Unemployment rate": 11.6, "Population dependency ratio": 53.0, "Food insecurity level (IPC)": 0.17, "Poverty Level (Relative Vulnerability - AMAAN)": 0.000701874, "Poverty Level (Internal Vulnerability - AMAAN)": 6.779661017, "composite_score": 0.307098022 }, "geometry": { "type": "Point", "coordinates": [ 35.634310927405323, 33.867993953947796 ] } },
{ "type": "Feature", "properties": { "rand_point_id": 66, "adm3_name1": "كنيسة بعبدا", "adm3_pcode": "21377", "Nighttime light radiance": 2.999333318, "Household Deprivation Score": 0.428516821, "Negative Coping Tendency": 13.125, "Unemployment rate": 11.6, "Population dependency ratio": 53.0, "Food insecurity level (IPC)": 0.17, "Poverty Level (Relative Vulnerability - AMAAN)": 0.000701874, "Poverty Level (Internal Vulnerability - AMAAN)": 12.12121212, "composite_score": 0.307852548 }, "geometry": { "type": "Point", "coordinates": [ 35.667963661041554, 33.866769831762561 ] } },
{ "type": "Feature", "properties": { "rand_point_id": 67, "adm3_name1": "عربانية", "adm3_pcode": "21381", "Nighttime light radiance": 4.587999988, "Household Deprivation Score": 0.428516821, "Negative Coping Tendency": 13.125, "Unemployment rate": 11.6, "Population dependency ratio": 53.0, "Food insecurity level (IPC)": 0.17, "Poverty Level (Relative Vulnerability - AMAAN)": 0.0, "Poverty Level (Internal Vulnerability - AMAAN)": 0.0, "composite_score": 0.307020807 }, "geometry": { "type": "Point", "coordinates": [ 35.666789632760974, 33.877623093784926 ] } },
{ "type": "Feature", "properties": { "rand_point_id": 68, "adm3_name1": "دليبه", "adm3_pcode": "21391", "Nighttime light radiance": 9.106666724, "Household Deprivation Score": 0.428516821, "Negative Coping Tendency": 13.125, "Unemployment rate": 11.6, "Population dependency ratio": 53.0, "Food insecurity level (IPC)": 0.17, "Poverty Level (Relative Vulnerability - AMAAN)": 0.0, "Poverty Level (Internal Vulnerability - AMAAN)": 0.0, "composite_score": 0.30486519 }, "geometry": { "type": "Point", "coordinates": [ 35.684019366220163, 33.878131645108049 ] } },
{ "type": "Feature", "properties": { "rand_point_id": 69, "adm3_name1": "صليما بعبدا", "adm3_pcode": "21394", "Nighttime light radiance": 4.265666684, "Household Deprivation Score": 0.428516821, "Negative Coping Tendency": 13.125, "Unemployment rate": 11.6, "Population dependency ratio": 53.0, "Food insecurity level (IPC)": 0.17, "Poverty Level (Relative Vulnerability - AMAAN)": 0.0, "Poverty Level (Internal Vulnerability - AMAAN)": 0.0, "composite_score": 0.307190853 }, "geometry": { "type": "Point", "coordinates": [ 35.705856321384246, 33.88097411488512 ] } },
{ "type": "Feature", "properties": { "rand_point_id": 70, "adm3_name1": "حاصبيّا المتن", "adm3_pcode": "21397", "Nighttime light radiance": 2.641999984, "Household Deprivation Score": 0.428516821, "Negative Coping Tendency": 13.125, "Unemployment rate": 11.6, "Population dependency ratio": 53.0, "Food insecurity level (IPC)": 0.17, "Poverty Level (Relative Vulnerability - AMAAN)": 0.00228109, "Poverty Level (Internal Vulnerability - AMAAN)": 4.62633452, "composite_score": 0.308061611 }, "geometry": { "type": "Point", "coordinates": [ 35.723419614513091, 33.869319636873506 ] } },
{ "type": "Feature", "properties": { "rand_point_id": 71, "adm3_name1": "حمانا", "adm3_pcode": "21411", "Nighttime light radiance": 3.943829777, "Household Deprivation Score": 0.428516821, "Negative Coping Tendency": 13.125, "Unemployment rate": 11.6, "Population dependency ratio": 53.0, "Food insecurity level (IPC)": 0.17, "Poverty Level (Relative Vulnerability - AMAAN)": 0.01245826, "Poverty Level (Internal Vulnerability - AMAAN)": 1.983240223, "composite_score": 0.307745168 }, "geometry": { "type": "Point", "coordinates": [ 35.725928394978041, 33.817673079878283 ] } },
{ "type": "Feature", "properties": { "rand_point_id": 72, "adm3_name1": "القلعة", "adm3_pcode": "21416", "Nighttime light radiance": 4.693333268, "Household Deprivation Score": 0.428516821, "Negative Coping Tendency": 13.125, "Unemployment rate": 11.6, "Population dependency ratio": 53.0, "Food insecurity level (IPC)": 0.17, "Poverty Level (Relative Vulnerability - AMAAN)": 0.00684327, "Poverty Level (Internal Vulnerability - AMAAN)": 4.122621564, "composite_score": 0.307233826 }, "geometry": { "type": "Point", "coordinates": [ 35.727133000942352, 33.834225079326906 ] } },
{ "type": "Feature", "properties": { "rand_point_id": 73, "adm3_name1": "خلوات", "adm3_pcode": "21421", "Nighttime light radiance": 7.947203536, "Household Deprivation Score": 0.428516821, "Negative Coping Tendency": 13.125, "Unemployment rate": 11.6, "Population dependency ratio": 53.0, "Food insecurity level (IPC)": 0.17, "Poverty Level (Relative Vulnerability - AMAAN)": 0.002807495, "Poverty Level (Internal Vulnerability - AMAAN)": 4.04040404, "composite_score": 0.305558418 }, "geometry": { "type": "Point", "coordinates": [ 35.736542136831225, 33.839334260597219 ] } },
{ "type": "Feature", "properties": { "rand_point_id": 74, "adm3_name1": "شبانية", "adm3_pcode": "21426", "Nighttime light radiance": 4.255517257, "Household Deprivation Score": 0.428516821, "Negative Coping Tendency": 13.125, "Unemployment rate": 11.6, "Population dependency ratio": 53.0, "Food insecurity level (IPC)": 0.17, "Poverty Level (Relative Vulnerability - AMAAN)": 0.005965928, "Poverty Level (Internal Vulnerability - AMAAN)": 2.5, "composite_score": 0.30742241 }, "geometry": { "type": "Point", "coordinates": [ 35.698411443239458, 33.82039398013552 ] } },
{ "type": "Feature", "properties": { "rand_point_id": 75, "adm3_name1": "خريبة بعبدا", "adm3_pcode": "21431", "Nighttime light radiance": 4.3816667, "Household Deprivation Score": 0.428516821, "Negative Coping Tendency": 13.125, "Unemployment rate": 11.6, "Population dependency ratio": 53.0, "Food insecurity level (IPC)": 0.17, "Poverty Level (Relative Vulnerability - AMAAN)": 0.008773423, "Poverty Level (Internal Vulnerability - AMAAN)": 8.077544426, "composite_score": 0.307476079 }, "geometry": { "type": "Point", "coordinates": [ 35.708988190835953, 33.826131961025062 ] } },
{ "type": "Feature", "properties": { "rand_point_id": 76, "adm3_name1": "بمريم", "adm3_pcode": "21436", "Nighttime light radiance": 2.426999986, "Household Deprivation Score": 0.428516821, "Negative Coping Tendency": 13.125, "Unemployment rate": 11.6, "Population dependency ratio": 53.0, "Food insecurity level (IPC)": 0.17, "Poverty Level (Relative Vulnerability - AMAAN)": 0.003333901, "Poverty Level (Internal Vulnerability - AMAAN)": 4.691358025, "composite_score": 0.308242673 }, "geometry": { "type": "Point", "coordinates": [ 35.722385051768129, 33.82824656859669 ] } },
{ "type": "Feature", "properties": { "rand_point_id": 77, "adm3_name1": "بتخناي", "adm3_pcode": "21441", "Nighttime light radiance": 3.4600000039999999, "Household Deprivation Score": 0.428516821, "Negative Coping Tendency": 13.125, "Unemployment rate": 11.6, "Population dependency ratio": 53.0, "Food insecurity level (IPC)": 0.17, "Poverty Level (Relative Vulnerability - AMAAN)": 0.003158432, "Poverty Level (Internal Vulnerability - AMAAN)": 2.567760342, "composite_score": 0.307738498 }, "geometry": { "type": "Point", "coordinates": [ 35.713277816871354, 33.838289998708774 ] } },
{ "type": "Feature", "properties": { "rand_point_id": 78, "adm3_name1": "فالوغا", "adm3_pcode": "21446", "Nighttime light radiance": 2.17595505, "Household Deprivation Score": 0.428516821, "Negative Coping Tendency": 13.125, "Unemployment rate": 11.6, "Population dependency ratio": 53.0, "Food insecurity level (IPC)": 0.17, "Poverty Level (Relative Vulnerability - AMAAN)": 0.012282792, "Poverty Level (Internal Vulnerability - AMAAN)": 3.526448363, "composite_score": 0.308636308 }, "geometry": { "type": "Point", "coordinates": [ 35.783846529089239, 33.832758265747458 ] } },
{ "type": "Feature", "properties": { "rand_point_id": 79, "adm3_name1": "بتبيات", "adm3_pcode": "21451", "Nighttime light radiance": 2.24533333, "Household Deprivation Score": 0.428516821, "Negative Coping Tendency": 13.125, "Unemployment rate": 11.6, "Population dependency ratio": 53.0, "Food insecurity level (IPC)": 0.17, "Poverty Level (Relative Vulnerability - AMAAN)": 0.005614991, "Poverty Level (Internal Vulnerability - AMAAN)": 20.51282051, "composite_score": 0.30848544 }, "geometry": { "type": "Point", "coordinates": [ 35.692548768916687, 33.831170704029581 ] } },
{ "type": "Feature", "properties": { "rand_point_id": 80, "adm3_name1": "قرنايل", "adm3_pcode": "21456", "Nighttime light radiance": 2.891818187, "Household Deprivation Score": 0.428516821, "Negative Coping Tendency": 13.125, "Unemployment rate": 11.6, "Population dependency ratio": 53.0, "Food insecurity level (IPC)": 0.17, "Poverty Level (Relative Vulnerability - AMAAN)": 0.024390116, "Poverty Level (Internal Vulnerability - AMAAN)": 4.778274321, "composite_score": 0.308670875 }, "geometry": { "type": "Point", "coordinates": [ 35.717962141625698, 33.858441148455334 ] } },
{ "type": "Feature", "properties": { "rand_point_id": 81, "adm3_name1": "جوار الحوز", "adm3_pcode": "21461", "Nighttime light radiance": 1.674999994, "Household Deprivation Score": 0.428516821, "Negative Coping Tendency": 13.125, "Unemployment rate": 11.6, "Population dependency ratio": 53.0, "Food insecurity level (IPC)": 0.17, "Poverty Level (Relative Vulnerability - AMAAN)": 0.001403748, "Poverty Level (Internal Vulnerability - AMAAN)": 4.301075269, "composite_score": 0.30857386 }, "geometry": { "type": "Point", "coordinates": [ 35.752867044857801, 33.86203633087603 ] } },
{ "type": "Feature", "properties": { "rand_point_id": 82, "adm3_name1": "بزبدين", "adm3_pcode": "21466", "Nighttime light radiance": 3.381071436, "Household Deprivation Score": 0.428516821, "Negative Coping Tendency": 13.125, "Unemployment rate": 11.6, "Population dependency ratio": 53.0, "Food insecurity level (IPC)": 0.17, "Poverty Level (Relative Vulnerability - AMAAN)": 0.005088585, "Poverty Level (Internal Vulnerability - AMAAN)": 2.962206333, "composite_score": 0.307865255 }, "geometry": { "type": "Point", "coordinates": [ 35.741310883302013, 33.87984997167996 ] } },
{ "type": "Feature", "properties": { "rand_point_id": 83, "adm3_name1": "ارصون", "adm3_pcode": "21471", "Nighttime light radiance": 2.894761886, "Household Deprivation Score": 0.428516821, "Negative Coping Tendency": 13.125, "Unemployment rate": 11.6, "Population dependency ratio": 53.0, "Food insecurity level (IPC)": 0.17, "Poverty Level (Relative Vulnerability - AMAAN)": 0.000877342, "Poverty Level (Internal Vulnerability - AMAAN)": 1.84501845, "composite_score": 0.307974117 }, "geometry": { "type": "Point", "coordinates": [ 35.698274984335661, 33.862679177610964 ] } },
{ "type": "Feature", "properties": { "rand_point_id": 84, "adm3_name1": "كفرسلوان", "adm3_pcode": "21476", "Nighttime light radiance": 1.25862745, "Household Deprivation Score": 0.428516821, "Negative Coping Tendency": 13.125, "Unemployment rate": 11.6, "Population dependency ratio": 53.0, "Food insecurity level (IPC)": 0.17, "Poverty Level (Relative Vulnerability - AMAAN)": 0.019126062, "Poverty Level (Internal Vulnerability - AMAAN)": 7.430129516, "composite_score": 0.309332969 }, "geometry": { "type": "Point", "coordinates": [ 35.777092291234112, 33.86728955057324 ] } },
{ "type": "Feature", "properties": { "rand_point_id": 85, "adm3_name1": "ترشيش", "adm3_pcode": "21481", "Nighttime light radiance": 1.832372875, "Household Deprivation Score": 0.428516821, "Negative Coping Tendency": 13.125, "Unemployment rate": 11.6, "Population dependency ratio": 53.0, "Food insecurity level (IPC)": 0.17, "Poverty Level (Relative Vulnerability - AMAAN)": 0.006141396, "Poverty Level (Internal Vulnerability - AMAAN)": 20.34883721, "composite_score": 0.308734088 }, "geometry": { "type": "Point", "coordinates": [ 35.806309134936775, 33.875836289561484 ] } },
{ "type": "Feature", "properties": { "rand_point_id": 86, "adm3_name1": "جورة ارصون", "adm3_pcode": "21487", "Nighttime light radiance": 2.334999979, "Household Deprivation Score": 0.428516821, "Negative Coping Tendency": 13.125, "Unemployment rate": 11.6, "Population dependency ratio": 53.0, "Food insecurity level (IPC)": 0.17, "Poverty Level (Relative Vulnerability - AMAAN)": 0.0, "Poverty Level (Internal Vulnerability - AMAAN)": 0.0, "composite_score": 0.308227335 }, "geometry": { "type": "Point", "coordinates": [ 35.711197351427401, 33.85273861786203 ] } },
{ "type": "Feature", "properties": { "rand_point_id": 87, "adm3_name1": null, "adm3_pcode": "22001", "Nighttime light radiance": null, "Household Deprivation Score": null, "Negative Coping Tendency": null, "Unemployment rate": null, "Population dependency ratio": null, "Food insecurity level (IPC)": null, "Poverty Level (Relative Vulnerability - AMAAN)": null, "Poverty Level (Internal Vulnerability - AMAAN)": null, "composite_score": null }, "geometry": { "type": "Point", "coordinates": [ 35.706058020203152, 33.892563181672209 ] } },
{ "type": "Feature", "properties": { "rand_point_id": 88, "adm3_name1": null, "adm3_pcode": "22002", "Nighttime light radiance": null, "Household Deprivation Score": null, "Negative Coping Tendency": null, "Unemployment rate": null, "Population dependency ratio": null, "Food insecurity level (IPC)": null, "Poverty Level (Relative Vulnerability - AMAAN)": null, "Poverty Level (Internal Vulnerability - AMAAN)": null, "composite_score": null }, "geometry": { "type": "Point", "coordinates": [ 35.771302511183457, 33.885860677312543 ] } },
{ "type": "Feature", "properties": { "rand_point_id": 89, "adm3_name1": "برج حمّود", "adm3_pcode": "22111", "Nighttime light radiance": 74.19923107, "Household Deprivation Score": 0.449477051, "Negative Coping Tendency": 0.7, "Unemployment rate": 11.6, "Population dependency ratio": 53.0, "Food insecurity level (IPC)": 0.06, "Poverty Level (Relative Vulnerability - AMAAN)": 0.316194159, "Poverty Level (Internal Vulnerability - AMAAN)": 1.780403703, "composite_score": 0.139583559 }, "geometry": { "type": "Point", "coordinates": [ 35.538979452129297, 33.88839956524324 ] } },
{ "type": "Feature", "properties": { "rand_point_id": 90, "adm3_name1": "سن الفيل", "adm3_pcode": "22155", "Nighttime light radiance": 66.94571386, "Household Deprivation Score": 0.449477051, "Negative Coping Tendency": 0.7, "Unemployment rate": 11.6, "Population dependency ratio": 53.0, "Food insecurity level (IPC)": 0.06, "Poverty Level (Relative Vulnerability - AMAAN)": 0.08071549, "Poverty Level (Internal Vulnerability - AMAAN)": 1.195177718, "composite_score": 0.13610014 }, "geometry": { "type": "Point", "coordinates": [ 35.541333518896927, 33.872012818577325 ] } },
{ "type": "Feature", "properties": { "rand_point_id": 91, "adm3_name1": "جديدة المتن", "adm3_pcode": "22211", "Nighttime light radiance": 60.82555517, "Household Deprivation Score": 0.449477051, "Negative Coping Tendency": 0.7, "Unemployment rate": 11.6, "Population dependency ratio": 53.0, "Food insecurity level (IPC)": 0.06, "Poverty Level (Relative Vulnerability - AMAAN)": 0.199507636, "Poverty Level (Internal Vulnerability - AMAAN)": 6.567319355, "composite_score": 0.14266357 }, "geometry": { "type": "Point", "coordinates": [ 35.569368457819095, 33.894209381112141 ] } },
{ "type": "Feature", "properties": { "rand_point_id": 92, "adm3_name1": "بوشرية", "adm3_pcode": "22228", "Nighttime light radiance": 63.4069563, "Household Deprivation Score": 0.449477051, "Negative Coping Tendency": 0.7, "Unemployment rate": 11.6, "Population dependency ratio": 53.0, "Food insecurity level (IPC)": 0.06, "Poverty Level (Relative Vulnerability - AMAAN)": 0.099490615, "Poverty Level (Internal Vulnerability - AMAAN)": 0.836616352, "composite_score": 0.138441767 }, "geometry": { "type": "Point", "coordinates": [ 35.562333699600408, 33.892799138504081 ] } },
{ "type": "Feature", "properties": { "rand_point_id": 93, "adm3_name1": "مار روكز", "adm3_pcode": "22245", "Nighttime light radiance": 34.07909116, "Household Deprivation Score": 0.449477051, "Negative Coping Tendency": 0.7, "Unemployment rate": 11.6, "Population dependency ratio": 53.0, "Food insecurity level (IPC)": 0.06, "Poverty Level (Relative Vulnerability - AMAAN)": 0.0, "Poverty Level (Internal Vulnerability - AMAAN)": 0.0, "composite_score": 0.149563308 }, "geometry": { "type": "Point", "coordinates": [ 35.569116797393555, 33.865619079763825 ] } },
{ "type": "Feature", "properties": { "rand_point_id": 94, "adm3_name1": "دكوانة", "adm3_pcode": "22262", "Nighttime light radiance": 69.2845459, "Household Deprivation Score": 0.449477051, "Negative Coping Tendency": 0.7, "Unemployment rate": 11.6, "Population dependency ratio": 53.0, "Food insecurity level (IPC)": 0.06, "Poverty Level (Relative Vulnerability - AMAAN)": 0.036321971, "Poverty Level (Internal Vulnerability - AMAAN)": 0.773629331, "composite_score": 0.133781403 }, "geometry": { "type": "Point", "coordinates": [ 35.545818380856872, 33.883893597611589 ] } },
{ "type": "Feature", "properties": { "rand_point_id": 95, "adm3_name1": "مكلس", "adm3_pcode": "22279", "Nighttime light radiance": 32.63181842, "Household Deprivation Score": 0.449477051, "Negative Coping Tendency": 0.7, "Unemployment rate": 11.6, "Population dependency ratio": 53.0, "Food insecurity level (IPC)": 0.06, "Poverty Level (Relative Vulnerability - AMAAN)": 0.0, "Poverty Level (Internal Vulnerability - AMAAN)": 0.0, "composite_score": 0.150297885 }, "geometry": { "type": "Point", "coordinates": [ 35.547731380565232, 33.863616527238953 ] } },
{ "type": "Feature", "properties": { "rand_point_id": 96, "adm3_name1": "انطلياس", "adm3_pcode": "22311", "Nighttime light radiance": 66.55916627000001, "Household Deprivation Score": 0.449477051, "Negative Coping Tendency": 0.7, "Unemployment rate": 11.6, "Population dependency ratio": 53.0, "Food insecurity level (IPC)": 0.06, "Poverty Level (Relative Vulnerability - AMAAN)": 0.01140545, "Poverty Level (Internal Vulnerability - AMAAN)": 0.439070521, "composite_score": 0.134403386 }, "geometry": { "type": "Point", "coordinates": [ 35.60043327339681, 33.912671148504295 ] } },
{ "type": "Feature", "properties": { "rand_point_id": 97, "adm3_name1": "مزهر", "adm3_pcode": "22319", "Nighttime light radiance": 43.18666712, "Household Deprivation Score": 0.449477051, "Negative Coping Tendency": 0.7, "Unemployment rate": 11.6, "Population dependency ratio": 53.0, "Food insecurity level (IPC)": 0.06, "Poverty Level (Relative Vulnerability - AMAAN)": 0.0, "Poverty Level (Internal Vulnerability - AMAAN)": 0.0, "composite_score": 0.145282478 }, "geometry": { "type": "Point", "coordinates": [ 35.595098087173071, 33.909617322899592 ] } },
{ "type": "Feature", "properties": { "rand_point_id": 98, "adm3_name1": "جل الديب", "adm3_pcode": "22327", "Nighttime light radiance": 78.98800049, "Household Deprivation Score": 0.449477051, "Negative Coping Tendency": 0.7, "Unemployment rate": 11.6, "Population dependency ratio": 53.0, "Food insecurity level (IPC)": 0.06, "Poverty Level (Relative Vulnerability - AMAAN)": 0.001579216, "Poverty Level (Internal Vulnerability - AMAAN)": 0.085657181, "composite_score": 0.128166409 }, "geometry": { "type": "Point", "coordinates": [ 35.580305527733231, 33.909536006213948 ] } },
{ "type": "Feature", "properties": { "rand_point_id": 99, "adm3_name1": "نقاش", "adm3_pcode": "22335", "Nighttime light radiance": 68.88750013000001, "Household Deprivation Score": 0.449477051, "Negative Coping Tendency": 0.7, "Unemployment rate": 11.6, "Population dependency ratio": 53.0, "Food insecurity level (IPC)": 0.06, "Poverty Level (Relative Vulnerability - AMAAN)": 0.00456218, "Poverty Level (Internal Vulnerability - AMAAN)": 0.237507993, "composite_score": 0.133110354 }, "geometry": { "type": "Point", "coordinates": [ 35.600681763907915, 33.91711927968133 ] } },
{ "type": "Feature", "properties": { "rand_point_id": 100, "adm3_name1": "الوطى عمارة شلهوب", "adm3_pcode": "22343", "Nighttime light radiance": 56.8466657, "Household Deprivation Score": 0.449477051, "Negative Coping Tendency": 0.7, "Unemployment rate": 11.6, "Population dependency ratio": 53.0, "Food insecurity level (IPC)": 0.06, "Poverty Level (Relative Vulnerability - AMAAN)": 0.0, "Poverty Level (Internal Vulnerability - AMAAN)": 0.0, "composite_score": 0.138758619 }, "geometry": { "type": "Point", "coordinates": [ 35.564925371160122, 33.901724875187632 ] } },
{ "type": "Feature", "properties": { "rand_point_id": 101, "adm3_name1": "الزلقا", "adm3_pcode": "22351", "Nighttime light radiance": 83.89333407, "Household Deprivation Score": 0.449477051, "Negative Coping Tendency": 0.7, "Unemployment rate": 11.6, "Population dependency ratio": 53.0, "Food insecurity level (IPC)": 0.06, "Poverty Level (Relative Vulnerability - AMAAN)": 0.008773423, "Poverty Level (Internal Vulnerability - AMAAN)": 0.355189316, "composite_score": 0.126057364 }, "geometry": { "type": "Point", "coordinates": [ 35.582169181773374, 33.899277951034719 ] } },
{ "type": "Feature", "properties": { "rand_point_id": 102, "adm3_name1": "بياقوت", "adm3_pcode": "22359", "Nighttime light radiance": 34.47749996, "Household Deprivation Score": 0.449477051, "Negative Coping Tendency": 0.7, "Unemployment rate": 11.6, "Population dependency ratio": 53.0, "Food insecurity level (IPC)": 0.06, "Poverty Level (Relative Vulnerability - AMAAN)": 0.060010212, "Poverty Level (Internal Vulnerability - AMAAN)": 9.06200318, "composite_score": 0.151334612 }, "geometry": { "type": "Point", "coordinates": [ 35.593003185236512, 33.894977562362605 ] } },
{ "type": "Feature", "properties": { "rand_point_id": 103, "adm3_name1": "مزرعة الحضيرة", "adm3_pcode": "22367", "Nighttime light radiance": 59.5700016, "Household Deprivation Score": 0.449477051, "Negative Coping Tendency": 0.7, "Unemployment rate": 11.6, "Population dependency ratio": 53.0, "Food insecurity level (IPC)": 0.06, "Poverty Level (Relative Vulnerability - AMAAN)": 0.0, "Poverty Level (Internal Vulnerability - AMAAN)": 0.0, "composite_score": 0.137480793 }, "geometry": { "type": "Point", "coordinates": [ 35.604391723180598, 33.937646391147773 ] } },
{ "type": "Feature", "properties": { "rand_point_id": 104, "adm3_name1": "ضبية", "adm3_pcode": "22375", "Nighttime light radiance": 57.54399996, "Household Deprivation Score": 0.449477051, "Negative Coping Tendency": 0.7, "Unemployment rate": 11.6, "Population dependency ratio": 53.0, "Food insecurity level (IPC)": 0.06, "Poverty Level (Relative Vulnerability - AMAAN)": 0.018775125, "Poverty Level (Internal Vulnerability - AMAAN)": 2.141713371, "composite_score": 0.13903068 }, "geometry": { "type": "Point", "coordinates": [ 35.593555882582656, 33.936708363512089 ] } },
{ "type": "Feature", "properties": { "rand_point_id": 105, "adm3_name1": "حارة البلان", "adm3_pcode": "22383", "Nighttime light radiance": 32.30250025, "Household Deprivation Score": 0.449477051, "Negative Coping Tendency": 0.7, "Unemployment rate": 11.6, "Population dependency ratio": 53.0, "Food insecurity level (IPC)": 0.06, "Poverty Level (Relative Vulnerability - AMAAN)": 0.000526405, "Poverty Level (Internal Vulnerability - AMAAN)": 0.083079479, "composite_score": 0.150595342 }, "geometry": { "type": "Point", "coordinates": [ 35.598752829282475, 33.940257261382989 ] } },
{ "type": "Feature", "properties": { "rand_point_id": 106, "adm3_name1": "مزرعة دير عوكر", "adm3_pcode": "22391", "Nighttime light radiance": 75.11600113, "Household Deprivation Score": 0.449477051, "Negative Coping Tendency": 0.7, "Unemployment rate": 11.6, "Population dependency ratio": 53.0, "Food insecurity level (IPC)": 0.06, "Poverty Level (Relative Vulnerability - AMAAN)": 0.001228279, "Poverty Level (Internal Vulnerability - AMAAN)": 0.66539924, "composite_score": 0.130091785 }, "geometry": { "type": "Point", "coordinates": [ 35.603921553934448, 33.935779738295651 ] } },
{ "type": "Feature", "properties": { "rand_point_id": 107, "adm3_name1": "منصورية", "adm3_pcode": "22411", "Nighttime light radiance": 24.86538476, "Household Deprivation Score": 0.449477051, "Negative Coping Tendency": 0.7, "Unemployment rate": 11.6, "Population dependency ratio": 53.0, "Food insecurity level (IPC)": 0.06, "Poverty Level (Relative Vulnerability - AMAAN)": 0.009826234, "Poverty Level (Internal Vulnerability - AMAAN)": 0.437636761, "composite_score": 0.154474478 }, "geometry": { "type": "Point", "coordinates": [ 35.574670212873151, 33.858281694712993 ] } },
{ "type": "Feature", "properties": { "rand_point_id": 108, "adm3_name1": "ديشونية", "adm3_pcode": "22415", "Nighttime light radiance": 21.14714282, "Household Deprivation Score": 0.449477051, "Negative Coping Tendency": 0.7, "Unemployment rate": 11.6, "Population dependency ratio": 53.0, "Food insecurity level (IPC)": 0.06, "Poverty Level (Relative Vulnerability - AMAAN)": 0.0, "Poverty Level (Internal Vulnerability - AMAAN)": 0.0, "composite_score": 0.155968219 }, "geometry": { "type": "Point", "coordinates": [ 35.579326370724687, 33.84955587105766 ] } },
{ "type": "Feature", "properties": { "rand_point_id": 109, "adm3_name1": "الفنار", "adm3_pcode": "22419", "Nighttime light radiance": 36.92833376, "Household Deprivation Score": 0.449477051, "Negative Coping Tendency": 0.7, "Unemployment rate": 11.6, "Population dependency ratio": 53.0, "Food insecurity level (IPC)": 0.06, "Poverty Level (Relative Vulnerability - AMAAN)": 0.12967119, "Poverty Level (Internal Vulnerability - AMAAN)": 5.778855177, "composite_score": 0.152290182 }, "geometry": { "type": "Point", "coordinates": [ 35.581630233852096, 33.876274931167856 ] } },
{ "type": "Feature", "properties": { "rand_point_id": 110, "adm3_name1": "عين سعادة", "adm3_pcode": "22423", "Nighttime light radiance": 21.41066667, "Household Deprivation Score": 0.449477051, "Negative Coping Tendency": 0.7, "Unemployment rate": 11.6, "Population dependency ratio": 53.0, "Food insecurity level (IPC)": 0.06, "Poverty Level (Relative Vulnerability - AMAAN)": 0.002632027, "Poverty Level (Internal Vulnerability - AMAAN)": 0.270709258, "composite_score": 0.155930885 }, "geometry": { "type": "Point", "coordinates": [ 35.584922101786603, 33.876753066612345 ] } },
{ "type": "Feature", "properties": { "rand_point_id": 111, "adm3_name1": "روميه المتن", "adm3_pcode": "22427", "Nighttime light radiance": 16.45199995, "Household Deprivation Score": 0.449477051, "Negative Coping Tendency": 0.7, "Unemployment rate": 11.6, "Population dependency ratio": 53.0, "Food insecurity level (IPC)": 0.06, "Poverty Level (Relative Vulnerability - AMAAN)": 0.000701874, "Poverty Level (Internal Vulnerability - AMAAN)": 0.132144037, "composite_score": 0.158256086 }, "geometry": { "type": "Point", "coordinates": [ 35.586164177816038, 33.885718209644722 ] } },
{ "type": "Feature", "properties": { "rand_point_id": 112, "adm3_name1": "بقنايا", "adm3_pcode": "22431", "Nighttime light radiance": 47.62249851, "Household Deprivation Score": 0.449477051, "Negative Coping Tendency": 0.7, "Unemployment rate": 11.6, "Population dependency ratio": 53.0, "Food insecurity level (IPC)": 0.06, "Poverty Level (Relative Vulnerability - AMAAN)": 0.001754685, "Poverty Level (Internal Vulnerability - AMAAN)": 0.386697602, "composite_score": 0.14334163 }, "geometry": { "type": "Point", "coordinates": [ 35.588377293129, 33.900955420855617 ] } },
{ "type": "Feature", "properties": { "rand_point_id": 113, "adm3_name1": "مجذوب", "adm3_pcode": "22435", "Nighttime light radiance": 32.91375017, "Household Deprivation Score": 0.449477051, "Negative Coping Tendency": 0.7, "Unemployment rate": 11.6, "Population dependency ratio": 53.0, "Food insecurity level (IPC)": 0.06, "Poverty Level (Relative Vulnerability - AMAAN)": 0.0, "Poverty Level (Internal Vulnerability - AMAAN)": 0.0, "composite_score": 0.150347822 }, "geometry": { "type": "Point", "coordinates": [ 35.596342047160896, 33.893819766460503 ] } },
{ "type": "Feature", "properties": { "rand_point_id": 114, "adm3_name1": "بصاليم", "adm3_pcode": "22439", "Nighttime light radiance": 20.37000036, "Household Deprivation Score": 0.449477051, "Negative Coping Tendency": 0.7, "Unemployment rate": 11.6, "Population dependency ratio": 53.0, "Food insecurity level (IPC)": 0.06, "Poverty Level (Relative Vulnerability - AMAAN)": 0.001052811, "Poverty Level (Internal Vulnerability - AMAAN)": 0.270027003, "composite_score": 0.156402027 }, "geometry": { "type": "Point", "coordinates": [ 35.607882670317842, 33.90498651149322 ] } },
{ "type": "Feature", "properties": { "rand_point_id": 115, "adm3_name1": "نابيه", "adm3_pcode": "22443", "Nighttime light radiance": 16.30500018, "Household Deprivation Score": 0.449477051, "Negative Coping Tendency": 0.7, "Unemployment rate": 11.6, "Population dependency ratio": 53.0, "Food insecurity level (IPC)": 0.06, "Poverty Level (Relative Vulnerability - AMAAN)": 0.001930153, "Poverty Level (Internal Vulnerability - AMAAN)": 0.449162924, "composite_score": 0.158383568 }, "geometry": { "type": "Point", "coordinates": [ 35.632531684712873, 33.910644766128826 ] } },
{ "type": "Feature", "properties": { "rand_point_id": 116, "adm3_name1": "مطيلب", "adm3_pcode": "22447", "Nighttime light radiance": 48.70250034, "Household Deprivation Score": 0.449477051, "Negative Coping Tendency": 0.7, "Unemployment rate": 11.6, "Population dependency ratio": 53.0, "Food insecurity level (IPC)": 0.06, "Poverty Level (Relative Vulnerability - AMAAN)": 0.0, "Poverty Level (Internal Vulnerability - AMAAN)": 0.0, "composite_score": 0.142788612 }, "geometry": { "type": "Point", "coordinates": [ 35.615607650991421, 33.926236079456181 ] } },
{ "type": "Feature", "properties": { "rand_point_id": 117, "adm3_name1": "بيت الككو", "adm3_pcode": "22451", "Nighttime light radiance": 48.90499878, "Household Deprivation Score": 0.449477051, "Negative Coping Tendency": 0.7, "Unemployment rate": 11.6, "Population dependency ratio": 53.0, "Food insecurity level (IPC)": 0.06, "Poverty Level (Relative Vulnerability - AMAAN)": 0.000701874, "Poverty Level (Internal Vulnerability - AMAAN)": 0.263504611, "composite_score": 0.142718292 }, "geometry": { "type": "Point", "coordinates": [ 35.639733375971197, 33.924945875142285 ] } },
{ "type": "Feature", "properties": { "rand_point_id": 118, "adm3_name1": "قرنة شهوان", "adm3_pcode": "22455", "Nighttime light radiance": 39.70499978, "Household Deprivation Score": 0.449477051, "Negative Coping Tendency": 0.7, "Unemployment rate": 11.6, "Population dependency ratio": 53.0, "Food insecurity level (IPC)": 0.06, "Poverty Level (Relative Vulnerability - AMAAN)": 0.000877342, "Poverty Level (Internal Vulnerability - AMAAN)": 0.055884654, "composite_score": 0.147140349 }, "geometry": { "type": "Point", "coordinates": [ 35.618509548069376, 33.919849030952015 ] } },
{ "type": "Feature", "properties": { "rand_point_id": 119, "adm3_name1": "مزرعة بيت الشعّار", "adm3_pcode": "22459", "Nighttime light radiance": 38.16500044, "Household Deprivation Score": 0.449477051, "Negative Coping Tendency": 0.7, "Unemployment rate": 11.6, "Population dependency ratio": 53.0, "Food insecurity level (IPC)": 0.06, "Poverty Level (Relative Vulnerability - AMAAN)": 0.0, "Poverty Level (Internal Vulnerability - AMAAN)": 0.0, "composite_score": 0.147857421 }, "geometry": { "type": "Point", "coordinates": [ 35.617705367193679, 33.927080655621985 ] } },
{ "type": "Feature", "properties": { "rand_point_id": 120, "adm3_name1": "ديك المحدي", "adm3_pcode": "22463", "Nighttime light radiance": 25.02333323, "Household Deprivation Score": 0.449477051, "Negative Coping Tendency": 0.7, "Unemployment rate": 11.6, "Population dependency ratio": 53.0, "Food insecurity level (IPC)": 0.06, "Poverty Level (Relative Vulnerability - AMAAN)": 0.0, "Poverty Level (Internal Vulnerability - AMAAN)": 0.0, "composite_score": 0.154165887 }, "geometry": { "type": "Point", "coordinates": [ 35.625641246670803, 33.927476089913888 ] } },
{ "type": "Feature", "properties": { "rand_point_id": 121, "adm3_name1": "ذوق الخراب", "adm3_pcode": "22467", "Nighttime light radiance": 29.73846171, "Household Deprivation Score": 0.449477051, "Negative Coping Tendency": 0.7, "Unemployment rate": 11.6, "Population dependency ratio": 53.0, "Food insecurity level (IPC)": 0.06, "Poverty Level (Relative Vulnerability - AMAAN)": 0.003860306, "Poverty Level (Internal Vulnerability - AMAAN)": 0.269014429, "composite_score": 0.152025055 }, "geometry": { "type": "Point", "coordinates": [ 35.609738909327639, 33.940712818641032 ] } },
{ "type": "Feature", "properties": { "rand_point_id": 122, "adm3_name1": "عين عار", "adm3_pcode": "22471", "Nighttime light radiance": 42.01000023, "Household Deprivation Score": 0.449477051, "Negative Coping Tendency": 0.7, "Unemployment rate": 11.6, "Population dependency ratio": 53.0, "Food insecurity level (IPC)": 0.06, "Poverty Level (Relative Vulnerability - AMAAN)": 0.0, "Poverty Level (Internal Vulnerability - AMAAN)": 0.0, "composite_score": 0.146027319 }, "geometry": { "type": "Point", "coordinates": [ 35.64447300340926, 33.923271234174685 ] } },
{ "type": "Feature", "properties": { "rand_point_id": 123, "adm3_name1": "مزرعة يشوع", "adm3_pcode": "22475", "Nighttime light radiance": 39.61499958, "Household Deprivation Score": 0.449477051, "Negative Coping Tendency": 0.7, "Unemployment rate": 11.6, "Population dependency ratio": 53.0, "Food insecurity level (IPC)": 0.06, "Poverty Level (Relative Vulnerability - AMAAN)": 0.007194207, "Poverty Level (Internal Vulnerability - AMAAN)": 0.639127046, "composite_score": 0.147397948 }, "geometry": { "type": "Point", "coordinates": [ 35.629841218514265, 33.932852190788402 ] } },
{ "type": "Feature", "properties": { "rand_point_id": 124, "adm3_name1": "دير طاميش", "adm3_pcode": "22479", "Nighttime light radiance": 17.08333333, "Household Deprivation Score": 0.449477051, "Negative Coping Tendency": 0.7, "Unemployment rate": 11.6, "Population dependency ratio": 53.0, "Food insecurity level (IPC)": 0.06, "Poverty Level (Relative Vulnerability - AMAAN)": 0.0, "Poverty Level (Internal Vulnerability - AMAAN)": 0.0, "composite_score": 0.157993491 }, "geometry": { "type": "Point", "coordinates": [ 35.621286070418421, 33.942716201972296 ] } },
{ "type": "Feature", "properties": { "rand_point_id": 125, "adm3_name1": "زكريت", "adm3_pcode": "22483", "Nighttime light radiance": 18.4083333, "Household Deprivation Score": 0.449477051, "Negative Coping Tendency": 0.7, "Unemployment rate": 11.6, "Population dependency ratio": 53.0, "Food insecurity level (IPC)": 0.06, "Poverty Level (Relative Vulnerability - AMAAN)": 0.000877342, "Poverty Level (Internal Vulnerability - AMAAN)": 0.523012552, "composite_score": 0.157391108 }, "geometry": { "type": "Point", "coordinates": [ 35.629728211273424, 33.937903071013302 ] } },
{ "type": "Feature", "properties": { "rand_point_id": 126, "adm3_name1": "دير مار عبدا المشمر", "adm3_pcode": "22487", "Nighttime light radiance": 10.98999993, "Household Deprivation Score": 0.449477051, "Negative Coping Tendency": 0.7, "Unemployment rate": 11.6, "Population dependency ratio": 53.0, "Food insecurity level (IPC)": 0.06, "Poverty Level (Relative Vulnerability - AMAAN)": 0.0, "Poverty Level (Internal Vulnerability - AMAAN)": 0.0, "composite_score": 0.160925801 }, "geometry": { "type": "Point", "coordinates": [ 35.622752032879717, 33.944779207406619 ] } },
{ "type": "Feature", "properties": { "rand_point_id": 127, "adm3_name1": "بكفيا", "adm3_pcode": "22511", "Nighttime light radiance": 19.38041671, "Household Deprivation Score": 0.449477051, "Negative Coping Tendency": 0.7, "Unemployment rate": 11.6, "Population dependency ratio": 53.0, "Food insecurity level (IPC)": 0.06, "Poverty Level (Relative Vulnerability - AMAAN)": 0.0, "Poverty Level (Internal Vulnerability - AMAAN)": 0.0, "composite_score": 0.156929623 }, "geometry": { "type": "Point", "coordinates": [ 35.703218246815041, 33.913481901041578 ] } },
{ "type": "Feature", "properties": { "rand_point_id": 128, "adm3_name1": "محيدثة المتن", "adm3_pcode": "22515", "Nighttime light radiance": 18.73750019, "Household Deprivation Score": 0.449477051, "Negative Coping Tendency": 0.7, "Unemployment rate": 11.6, "Population dependency ratio": 53.0, "Food insecurity level (IPC)": 0.06, "Poverty Level (Relative Vulnerability - AMAAN)": 0.0, "Poverty Level (Internal Vulnerability - AMAAN)": 0.0, "composite_score": 0.157242762 }, "geometry": { "type": "Point", "coordinates": [ 35.697794129083171, 33.919964862354711 ] } },
{ "type": "Feature", "properties": { "rand_point_id": 129, "adm3_name1": "وادي شاهين", "adm3_pcode": "22519", "Nighttime light radiance": 8.627453186, "Household Deprivation Score": 0.449477051, "Negative Coping Tendency": 0.7, "Unemployment rate": 11.6, "Population dependency ratio": 53.0, "Food insecurity level (IPC)": 0.06, "Poverty Level (Relative Vulnerability - AMAAN)": 0.0, "Poverty Level (Internal Vulnerability - AMAAN)": 0.0, "composite_score": 0.162097037 }, "geometry": { "type": "Point", "coordinates": [ 35.694893203213368, 33.932388743700955 ] } },
{ "type": "Feature", "properties": { "rand_point_id": 130, "adm3_name1": "عين القش", "adm3_pcode": "22523", "Nighttime light radiance": 10.28666655, "Household Deprivation Score": 0.449477051, "Negative Coping Tendency": 0.7, "Unemployment rate": 11.6, "Population dependency ratio": 53.0, "Food insecurity level (IPC)": 0.06, "Poverty Level (Relative Vulnerability - AMAAN)": 0.0, "Poverty Level (Internal Vulnerability - AMAAN)": 0.0, "composite_score": 0.161305904 }, "geometry": { "type": "Point", "coordinates": [ 35.707705463131354, 33.923596510467057 ] } },
{ "type": "Feature", "properties": { "rand_point_id": 131, "adm3_name1": "مار بطرس كرم التين", "adm3_pcode": "22527", "Nighttime light radiance": 7.387500048, "Household Deprivation Score": 0.449477051, "Negative Coping Tendency": 0.7, "Unemployment rate": 11.6, "Population dependency ratio": 53.0, "Food insecurity level (IPC)": 0.06, "Poverty Level (Relative Vulnerability - AMAAN)": 0.0, "Poverty Level (Internal Vulnerability - AMAAN)": 0.0, "composite_score": 0.162701307 }, "geometry": { "type": "Point", "coordinates": [ 35.686327348703301, 33.943454864460072 ] } },
{ "type": "Feature", "properties": { "rand_point_id": 132, "adm3_name1": "بيت شباب", "adm3_pcode": "22531", "Nighttime light radiance": 16.93476182, "Household Deprivation Score": 0.449477051, "Negative Coping Tendency": 0.7, "Unemployment rate": 11.6, "Population dependency ratio": 53.0, "Food insecurity level (IPC)": 0.06, "Poverty Level (Relative Vulnerability - AMAAN)": 0.000701874, "Poverty Level (Internal Vulnerability - AMAAN)": 0.078125, "composite_score": 0.158147727 }, "geometry": { "type": "Point", "coordinates": [ 35.673018440636454, 33.933495403716698 ] } },
{ "type": "Feature", "properties": { "rand_point_id": 133, "adm3_name1": "بحرصاف", "adm3_pcode": "22535", "Nighttime light radiance": 16.89117642, "Household Deprivation Score": 0.449477051, "Negative Coping Tendency": 0.7, "Unemployment rate": 11.6, "Population dependency ratio": 53.0, "Food insecurity level (IPC)": 0.06, "Poverty Level (Relative Vulnerability - AMAAN)": 0.0, "Poverty Level (Internal Vulnerability - AMAAN)": 0.0, "composite_score": 0.158152136 }, "geometry": { "type": "Point", "coordinates": [ 35.672733544833008, 33.908260082846205 ] } },
{ "type": "Feature", "properties": { "rand_point_id": 134, "adm3_name1": "مياسة", "adm3_pcode": "22539", "Nighttime light radiance": 5.422000074, "Household Deprivation Score": 0.449477051, "Negative Coping Tendency": 0.7, "Unemployment rate": 11.6, "Population dependency ratio": 53.0, "Food insecurity level (IPC)": 0.06, "Poverty Level (Relative Vulnerability - AMAAN)": 0.000877342, "Poverty Level (Internal Vulnerability - AMAAN)": 0.803858521, "composite_score": 0.163688028 }, "geometry": { "type": "Point", "coordinates": [ 35.695740213472888, 33.937028049809626 ] } },
{ "type": "Feature", "properties": { "rand_point_id": 135, "adm3_name1": "عين الخروبة", "adm3_pcode": "22543", "Nighttime light radiance": 10.58250004, "Household Deprivation Score": 0.449477051, "Negative Coping Tendency": 0.7, "Unemployment rate": 11.6, "Population dependency ratio": 53.0, "Food insecurity level (IPC)": 0.06, "Poverty Level (Relative Vulnerability - AMAAN)": 0.0, "Poverty Level (Internal Vulnerability - AMAAN)": 0.0, "composite_score": 0.16118774 }, "geometry": { "type": "Point", "coordinates": [ 35.707049937709471, 33.930219821403234 ] } },
{ "type": "Feature", "properties": { "rand_point_id": 136, "adm3_name1": "حملايا", "adm3_pcode": "22547", "Nighttime light radiance": 7.184285777, "Household Deprivation Score": 0.449477051, "Negative Coping Tendency": 0.7, "Unemployment rate": 11.6, "Population dependency ratio": 53.0, "Food insecurity level (IPC)": 0.06, "Poverty Level (Relative Vulnerability - AMAAN)": 0.0, "Poverty Level (Internal Vulnerability - AMAAN)": 0.0, "composite_score": 0.162822523 }, "geometry": { "type": "Point", "coordinates": [ 35.706862789966891, 33.943991568550672 ] } },
{ "type": "Feature", "properties": { "rand_point_id": 137, "adm3_name1": "عين علق", "adm3_pcode": "22551", "Nighttime light radiance": 24.51800003, "Household Deprivation Score": 0.449477051, "Negative Coping Tendency": 0.7, "Unemployment rate": 11.6, "Population dependency ratio": 53.0, "Food insecurity level (IPC)": 0.06, "Poverty Level (Relative Vulnerability - AMAAN)": 0.000701874, "Poverty Level (Internal Vulnerability - AMAAN)": 0.31225605, "composite_score": 0.154535019 }, "geometry": { "type": "Point", "coordinates": [ 35.655691399909884, 33.916796636903207 ] } },
{ "type": "Feature", "properties": { "rand_point_id": 138, "adm3_name1": "عطشانة", "adm3_pcode": "22555", "Nighttime light radiance": 21.27125025, "Household Deprivation Score": 0.449477051, "Negative Coping Tendency": 0.7, "Unemployment rate": 11.6, "Population dependency ratio": 53.0, "Food insecurity level (IPC)": 0.06, "Poverty Level (Relative Vulnerability - AMAAN)": 0.000877342, "Poverty Level (Internal Vulnerability - AMAAN)": 0.562429696, "composite_score": 0.156103479 }, "geometry": { "type": "Point", "coordinates": [ 35.644683335277598, 33.9115627536451 ] } },
{ "type": "Feature", "properties": { "rand_point_id": 139, "adm3_name1": "شاوية", "adm3_pcode": "22559", "Nighttime light radiance": 21.25599976, "Household Deprivation Score": 0.449477051, "Negative Coping Tendency": 0.7, "Unemployment rate": 11.6, "Population dependency ratio": 53.0, "Food insecurity level (IPC)": 0.06, "Poverty Level (Relative Vulnerability - AMAAN)": 0.0, "Poverty Level (Internal Vulnerability - AMAAN)": 0.0, "composite_score": 0.156086931 }, "geometry": { "type": "Point", "coordinates": [ 35.660351567029871, 33.926889091267199 ] } },
{ "type": "Feature", "properties": { "rand_point_id": 140, "adm3_name1": "عين التفاحة", "adm3_pcode": "22563", "Nighttime light radiance": 6.225000143, "Household Deprivation Score": 0.449477051, "Negative Coping Tendency": 0.7, "Unemployment rate": 11.6, "Population dependency ratio": 53.0, "Food insecurity level (IPC)": 0.06, "Poverty Level (Relative Vulnerability - AMAAN)": 0.0, "Poverty Level (Internal Vulnerability - AMAAN)": 0.0, "composite_score": 0.16330166 }, "geometry": { "type": "Point", "coordinates": [ 35.726823812824883, 33.934924483245666 ] } },
{ "type": "Feature", "properties": { "rand_point_id": 141, "adm3_name1": "سفيلة بكفيا", "adm3_pcode": "22567", "Nighttime light radiance": 6.514999986, "Household Deprivation Score": 0.449477051, "Negative Coping Tendency": 0.7, "Unemployment rate": 11.6, "Population dependency ratio": 53.0, "Food insecurity level (IPC)": 0.06, "Poverty Level (Relative Vulnerability - AMAAN)": 0.0, "Poverty Level (Internal Vulnerability - AMAAN)": 0.0, "composite_score": 0.163167302 }, "geometry": { "type": "Point", "coordinates": [ 35.698132307766144, 33.94147573941536 ] } },
{ "type": "Feature", "properties": { "rand_point_id": 142, "adm3_name1": "فريكه", "adm3_pcode": "22571", "Nighttime light radiance": 8.922500014000001, "Household Deprivation Score": 0.449477051, "Negative Coping Tendency": 0.7, "Unemployment rate": 11.6, "Population dependency ratio": 53.0, "Food insecurity level (IPC)": 0.06, "Poverty Level (Relative Vulnerability - AMAAN)": 0.001052811, "Poverty Level (Internal Vulnerability - AMAAN)": 0.831024931, "composite_score": 0.162052258 }, "geometry": { "type": "Point", "coordinates": [ 35.660393754571516, 33.932311975996576 ] } },
{ "type": "Feature", "properties": { "rand_point_id": 143, "adm3_name1": "أبو ميزان", "adm3_pcode": "22575", "Nighttime light radiance": 4.909999967, "Household Deprivation Score": 0.449477051, "Negative Coping Tendency": 0.7, "Unemployment rate": 11.6, "Population dependency ratio": 53.0, "Food insecurity level (IPC)": 0.06, "Poverty Level (Relative Vulnerability - AMAAN)": 0.0, "Poverty Level (Internal Vulnerability - AMAAN)": 0.0, "composite_score": 0.163946675 }, "geometry": { "type": "Point", "coordinates": [ 35.719604797305209, 33.941156198668111 ] } },
{ "type": "Feature", "properties": { "rand_point_id": 144, "adm3_name1": "دير شمرا", "adm3_pcode": "22579", "Nighttime light radiance": 4.005833348, "Household Deprivation Score": 0.449477051, "Negative Coping Tendency": 0.7, "Unemployment rate": 11.6, "Population dependency ratio": 53.0, "Food insecurity level (IPC)": 0.06, "Poverty Level (Relative Vulnerability - AMAAN)": 0.0, "Poverty Level (Internal Vulnerability - AMAAN)": 0.0, "composite_score": 0.164385129 }, "geometry": { "type": "Point", "coordinates": [ 35.724889352890898, 33.946413383350908 ] } },
{ "type": "Feature", "properties": { "rand_point_id": 145, "adm3_name1": "حبوس", "adm3_pcode": "22583", "Nighttime light radiance": 30.02499962, "Household Deprivation Score": 0.449477051, "Negative Coping Tendency": 0.7, "Unemployment rate": 11.6, "Population dependency ratio": 53.0, "Food insecurity level (IPC)": 0.06, "Poverty Level (Relative Vulnerability - AMAAN)": 0.0, "Poverty Level (Internal Vulnerability - AMAAN)": 0.0, "composite_score": 0.151909157 }, "geometry": { "type": "Point", "coordinates": [ 35.642079011383856, 33.928591626793548 ] } },
{ "type": "Feature", "properties": { "rand_point_id": 146, "adm3_name1": "جوار المتن", "adm3_pcode": "22587", "Nighttime light radiance": 6.892499924, "Household Deprivation Score": 0.449477051, "Negative Coping Tendency": 0.7, "Unemployment rate": 11.6, "Population dependency ratio": 53.0, "Food insecurity level (IPC)": 0.06, "Poverty Level (Relative Vulnerability - AMAAN)": 0.001403748, "Poverty Level (Internal Vulnerability - AMAAN)": 1.57480315, "composite_score": 0.163058725 }, "geometry": { "type": "Point", "coordinates": [ 35.729994683247682, 33.923390577252725 ] } },
{ "type": "Feature", "properties": { "rand_point_id": 147, "adm3_name1": "شرين", "adm3_pcode": "22591", "Nighttime light radiance": 5.419999981, "Household Deprivation Score": 0.449477051, "Negative Coping Tendency": 0.7, "Unemployment rate": 11.6, "Population dependency ratio": 53.0, "Food insecurity level (IPC)": 0.06, "Poverty Level (Relative Vulnerability - AMAAN)": 0.002982964, "Poverty Level (Internal Vulnerability - AMAAN)": 3.990610329, "composite_score": 0.163827493 }, "geometry": { "type": "Point", "coordinates": [ 35.736451087373041, 33.935118674781599 ] } },
{ "type": "Feature", "properties": { "rand_point_id": 148, "adm3_name1": "قرنة الحمرا", "adm3_pcode": "22595", "Nighttime light radiance": 16.2875001, "Household Deprivation Score": 0.449477051, "Negative Coping Tendency": 0.7, "Unemployment rate": 11.6, "Population dependency ratio": 53.0, "Food insecurity level (IPC)": 0.06, "Poverty Level (Relative Vulnerability - AMAAN)": 0.001754685, "Poverty Level (Internal Vulnerability - AMAAN)": 0.436300175, "composite_score": 0.158567104 }, "geometry": { "type": "Point", "coordinates": [ 35.648211223224834, 33.926915229463518 ] } },
{ "type": "Feature", "properties": { "rand_point_id": 149, "adm3_name1": "برمانا المتن", "adm3_pcode": "22611", "Nighttime light radiance": 18.52409092, "Household Deprivation Score": 0.449477051, "Negative Coping Tendency": 0.7, "Unemployment rate": 11.6, "Population dependency ratio": 53.0, "Food insecurity level (IPC)": 0.06, "Poverty Level (Relative Vulnerability - AMAAN)": 0.004211243, "Poverty Level (Internal Vulnerability - AMAAN)": 0.273910066, "composite_score": 0.157585699 }, "geometry": { "type": "Point", "coordinates": [ 35.630938632235761, 33.878295263436549 ] } },
{ "type": "Feature", "properties": { "rand_point_id": 150, "adm3_name1": "جورة البلوط", "adm3_pcode": "22619", "Nighttime light radiance": 13.35299997, "Household Deprivation Score": 0.449477051, "Negative Coping Tendency": 0.7, "Unemployment rate": 11.6, "Population dependency ratio": 53.0, "Food insecurity level (IPC)": 0.06, "Poverty Level (Relative Vulnerability - AMAAN)": 0.002982964, "Poverty Level (Internal Vulnerability - AMAAN)": 1.0625, "composite_score": 0.160042539 }, "geometry": { "type": "Point", "coordinates": [ 35.635784992753635, 33.891051039287689 ] } },
{ "type": "Feature", "properties": { "rand_point_id": 151, "adm3_name1": "المسقى", "adm3_pcode": "22627", "Nighttime light radiance": 14.36181821, "Household Deprivation Score": 0.449477051, "Negative Coping Tendency": 0.7, "Unemployment rate": 11.6, "Population dependency ratio": 53.0, "Food insecurity level (IPC)": 0.06, "Poverty Level (Relative Vulnerability - AMAAN)": 0.000877342, "Poverty Level (Internal Vulnerability - AMAAN)": 0.442869796, "composite_score": 0.15950269 }, "geometry": { "type": "Point", "coordinates": [ 35.647769229584426, 33.879332662870382 ] } },
{ "type": "Feature", "properties": { "rand_point_id": 152, "adm3_name1": "عيون المتن", "adm3_pcode": "22635", "Nighttime light radiance": 14.41714294, "Household Deprivation Score": 0.449477051, "Negative Coping Tendency": 0.7, "Unemployment rate": 11.6, "Population dependency ratio": 53.0, "Food insecurity level (IPC)": 0.06, "Poverty Level (Relative Vulnerability - AMAAN)": 0.0, "Poverty Level (Internal Vulnerability - AMAAN)": 0.0, "composite_score": 0.159457565 }, "geometry": { "type": "Point", "coordinates": [ 35.65786531661189, 33.882894014174312 ] } },
{ "type": "Feature", "properties": { "rand_point_id": 153, "adm3_name1": "قنابة برمانا", "adm3_pcode": "22643", "Nighttime light radiance": 15.97999986, "Household Deprivation Score": 0.449477051, "Negative Coping Tendency": 0.7, "Unemployment rate": 11.6, "Population dependency ratio": 53.0, "Food insecurity level (IPC)": 0.06, "Poverty Level (Relative Vulnerability - AMAAN)": 0.0, "Poverty Level (Internal Vulnerability - AMAAN)": 0.0, "composite_score": 0.1587174 }, "geometry": { "type": "Point", "coordinates": [ 35.617487752870794, 33.890264014501177 ] } },
{ "type": "Feature", "properties": { "rand_point_id": 154, "adm3_name1": "مزكة", "adm3_pcode": "22651", "Nighttime light radiance": 8.10272737, "Household Deprivation Score": 0.449477051, "Negative Coping Tendency": 0.7, "Unemployment rate": 11.6, "Population dependency ratio": 53.0, "Food insecurity level (IPC)": 0.06, "Poverty Level (Relative Vulnerability - AMAAN)": 0.000701874, "Poverty Level (Internal Vulnerability - AMAAN)": 0.255102041, "composite_score": 0.162527447 }, "geometry": { "type": "Point", "coordinates": [ 35.645988317318562, 33.900447899204927 ] } },
{ "type": "Feature", "properties": { "rand_point_id": 155, "adm3_name1": "بعبدات", "adm3_pcode": "22659", "Nighttime light radiance": 16.12466669, "Household Deprivation Score": 0.449477051, "Negative Coping Tendency": 0.7, "Unemployment rate": 11.6, "Population dependency ratio": 53.0, "Food insecurity level (IPC)": 0.06, "Poverty Level (Relative Vulnerability - AMAAN)": 0.004386711, "Poverty Level (Internal Vulnerability - AMAAN)": 0.398787685, "composite_score": 0.158799393 }, "geometry": { "type": "Point", "coordinates": [ 35.67733974247578, 33.901331103538269 ] } },
{ "type": "Feature", "properties": { "rand_point_id": 156, "adm3_name1": "بيت مري", "adm3_pcode": "22667", "Nighttime light radiance": 20.5857144, "Household Deprivation Score": 0.449477051, "Negative Coping Tendency": 0.7, "Unemployment rate": 11.6, "Population dependency ratio": 53.0, "Food insecurity level (IPC)": 0.06, "Poverty Level (Relative Vulnerability - AMAAN)": 0.006141396, "Poverty Level (Internal Vulnerability - AMAAN)": 0.333778371, "composite_score": 0.156721007 }, "geometry": { "type": "Point", "coordinates": [ 35.608512639080018, 33.846987394493617 ] } },
{ "type": "Feature", "properties": { "rand_point_id": 157, "adm3_name1": "ضهر الصوان المتن", "adm3_pcode": "22675", "Nighttime light radiance": 10.84055559, "Household Deprivation Score": 0.449477051, "Negative Coping Tendency": 0.7, "Unemployment rate": 11.6, "Population dependency ratio": 53.0, "Food insecurity level (IPC)": 0.06, "Poverty Level (Relative Vulnerability - AMAAN)": 0.00228109, "Poverty Level (Internal Vulnerability - AMAAN)": 0.527383367, "composite_score": 0.161290901 }, "geometry": { "type": "Point", "coordinates": [ 35.668772007366904, 33.905634338771236 ] } },
{ "type": "Feature", "properties": { "rand_point_id": 158, "adm3_name1": "قنابة صليما", "adm3_pcode": "22683", "Nighttime light radiance": 7.705714294, "Household Deprivation Score": 0.449477051, "Negative Coping Tendency": 0.7, "Unemployment rate": 11.6, "Population dependency ratio": 53.0, "Food insecurity level (IPC)": 0.06, "Poverty Level (Relative Vulnerability - AMAAN)": 0.0, "Poverty Level (Internal Vulnerability - AMAAN)": 0.0, "composite_score": 0.16273384 }, "geometry": { "type": "Point", "coordinates": [ 35.694769684263818, 33.887698835080307 ] } },
{ "type": "Feature", "properties": { "rand_point_id": 159, "adm3_name1": "بسفرين", "adm3_pcode": "22691", "Nighttime light radiance": 5.210000038, "Household Deprivation Score": 0.449477051, "Negative Coping Tendency": 0.7, "Unemployment rate": 11.6, "Population dependency ratio": 53.0, "Food insecurity level (IPC)": 0.06, "Poverty Level (Relative Vulnerability - AMAAN)": 0.0, "Poverty Level (Internal Vulnerability - AMAAN)": 0.0, "composite_score": 0.163940465 }, "geometry": { "type": "Point", "coordinates": [ 35.704386422731382, 33.88810838983499 ] } },
{ "type": "Feature", "properties": { "rand_point_id": 160, "adm3_name1": "المتين", "adm3_pcode": "22711", "Nighttime light radiance": 2.204321422, "Household Deprivation Score": 0.449477051, "Negative Coping Tendency": 0.7, "Unemployment rate": 11.6, "Population dependency ratio": 53.0, "Food insecurity level (IPC)": 0.06, "Poverty Level (Relative Vulnerability - AMAAN)": 0.011229981, "Poverty Level (Internal Vulnerability - AMAAN)": 3.897685749, "composite_score": 0.16575759 }, "geometry": { "type": "Point", "coordinates": [ 35.771753344779512, 33.892952829844766 ] } },
{ "type": "Feature", "properties": { "rand_point_id": 161, "adm3_name1": "عين الزيتونة", "adm3_pcode": "22714", "Nighttime light radiance": 12.46000036, "Household Deprivation Score": 0.449477051, "Negative Coping Tendency": 0.7, "Unemployment rate": 11.6, "Population dependency ratio": 53.0, "Food insecurity level (IPC)": 0.06, "Poverty Level (Relative Vulnerability - AMAAN)": 0.0, "Poverty Level (Internal Vulnerability - AMAAN)": 0.0, "composite_score": 0.160490129 }, "geometry": { "type": "Point", "coordinates": [ 35.739262428664631, 33.906319624192712 ] } },
{ "type": "Feature", "properties": { "rand_point_id": 162, "adm3_name1": "مشيخا", "adm3_pcode": "22717", "Nighttime light radiance": 5.365999937, "Household Deprivation Score": 0.449477051, "Negative Coping Tendency": 0.7, "Unemployment rate": 11.6, "Population dependency ratio": 53.0, "Food insecurity level (IPC)": 0.06, "Poverty Level (Relative Vulnerability - AMAAN)": 0.0, "Poverty Level (Internal Vulnerability - AMAAN)": 0.0, "composite_score": 0.163896498 }, "geometry": { "type": "Point", "coordinates": [ 35.746398401295657, 33.886885915674341 ] } },
{ "type": "Feature", "properties": { "rand_point_id": 163, "adm3_name1": "خلة المتين", "adm3_pcode": "22722", "Nighttime light radiance": 5.049999952, "Household Deprivation Score": 0.449477051, "Negative Coping Tendency": 0.7, "Unemployment rate": 11.6, "Population dependency ratio": 53.0, "Food insecurity level (IPC)": 0.06, "Poverty Level (Relative Vulnerability - AMAAN)": 0.0, "Poverty Level (Internal Vulnerability - AMAAN)": 0.0, "composite_score": 0.16405401 }, "geometry": { "type": "Point", "coordinates": [ 35.724676643232158, 33.900575990693824 ] } },
{ "type": "Feature", "properties": { "rand_point_id": 164, "adm3_name1": "بنابيل", "adm3_pcode": "22724", "Nighttime light radiance": 5.515999889, "Household Deprivation Score": 0.449477051, "Negative Coping Tendency": 0.7, "Unemployment rate": 11.6, "Population dependency ratio": 53.0, "Food insecurity level (IPC)": 0.06, "Poverty Level (Relative Vulnerability - AMAAN)": 0.0, "Poverty Level (Internal Vulnerability - AMAAN)": 0.0, "composite_score": 0.163832856 }, "geometry": { "type": "Point", "coordinates": [ 35.735834541978129, 33.897954773250021 ] } },
{ "type": "Feature", "properties": { "rand_point_id": 165, "adm3_name1": "عين الصفصاف المتن", "adm3_pcode": "22727", "Nighttime light radiance": 9.727999973, "Household Deprivation Score": 0.449477051, "Negative Coping Tendency": 0.7, "Unemployment rate": 11.6, "Population dependency ratio": 53.0, "Food insecurity level (IPC)": 0.06, "Poverty Level (Relative Vulnerability - AMAAN)": 0.0, "Poverty Level (Internal Vulnerability - AMAAN)": 0.0, "composite_score": 0.16181603 }, "geometry": { "type": "Point", "coordinates": [ 35.726987332992287, 33.912007590614984 ] } },
{ "type": "Feature", "properties": { "rand_point_id": 166, "adm3_name1": "وطى المروج", "adm3_pcode": "22731", "Nighttime light radiance": 12.86000013, "Household Deprivation Score": 0.449477051, "Negative Coping Tendency": 0.7, "Unemployment rate": 11.6, "Population dependency ratio": 53.0, "Food insecurity level (IPC)": 0.06, "Poverty Level (Relative Vulnerability - AMAAN)": 0.0, "Poverty Level (Internal Vulnerability - AMAAN)": 0.0, "composite_score": 0.160318439 }, "geometry": { "type": "Point", "coordinates": [ 35.742670341246424, 33.911207814527231 ] } },
{ "type": "Feature", "properties": { "rand_point_id": 167, "adm3_name1": "المروج", "adm3_pcode": "22733", "Nighttime light radiance": 9.286666658, "Household Deprivation Score": 0.449477051, "Negative Coping Tendency": 0.7, "Unemployment rate": 11.6, "Population dependency ratio": 53.0, "Food insecurity level (IPC)": 0.06, "Poverty Level (Relative Vulnerability - AMAAN)": 0.001930153, "Poverty Level (Internal Vulnerability - AMAAN)": 0.672371638, "composite_score": 0.162095297 }, "geometry": { "type": "Point", "coordinates": [ 35.758066447469155, 33.909604934980536 ] } },
{ "type": "Feature", "properties": { "rand_point_id": 168, "adm3_name1": "مرجبا", "adm3_pcode": "22734", "Nighttime light radiance": 5.981999969, "Household Deprivation Score": 0.449477051, "Negative Coping Tendency": 0.7, "Unemployment rate": 11.6, "Population dependency ratio": 53.0, "Food insecurity level (IPC)": 0.06, "Poverty Level (Relative Vulnerability - AMAAN)": 0.002632027, "Poverty Level (Internal Vulnerability - AMAAN)": 2.595155709, "composite_score": 0.163711042 }, "geometry": { "type": "Point", "coordinates": [ 35.766336109533185, 33.920813496545385 ] } },
{ "type": "Feature", "properties": { "rand_point_id": 169, "adm3_name1": "عين السنديانة", "adm3_pcode": "22737", "Nighttime light radiance": 5.545000076, "Household Deprivation Score": 0.449477051, "Negative Coping Tendency": 0.7, "Unemployment rate": 11.6, "Population dependency ratio": 53.0, "Food insecurity level (IPC)": 0.06, "Poverty Level (Relative Vulnerability - AMAAN)": 0.0, "Poverty Level (Internal Vulnerability - AMAAN)": 0.0, "composite_score": 0.163834377 }, "geometry": { "type": "Point", "coordinates": [ 35.730898582590711, 33.901743634333805 ] } },
{ "type": "Feature", "properties": { "rand_point_id": 170, "adm3_name1": "زرعون", "adm3_pcode": "22741", "Nighttime light radiance": 5.626666705, "Household Deprivation Score": 0.449477051, "Negative Coping Tendency": 0.7, "Unemployment rate": 11.6, "Population dependency ratio": 53.0, "Food insecurity level (IPC)": 0.06, "Poverty Level (Relative Vulnerability - AMAAN)": 0.001930153, "Poverty Level (Internal Vulnerability - AMAAN)": 1.806239737, "composite_score": 0.163865409 }, "geometry": { "type": "Point", "coordinates": [ 35.70756502557839, 33.900168521969725 ] } },
{ "type": "Feature", "properties": { "rand_point_id": 171, "adm3_name1": "القعقور", "adm3_pcode": "22744", "Nighttime light radiance": 5.248666636, "Household Deprivation Score": 0.449477051, "Negative Coping Tendency": 0.7, "Unemployment rate": 11.6, "Population dependency ratio": 53.0, "Food insecurity level (IPC)": 0.06, "Poverty Level (Relative Vulnerability - AMAAN)": 0.006316864, "Poverty Level (Internal Vulnerability - AMAAN)": 3.296703297, "composite_score": 0.164187504 }, "geometry": { "type": "Point", "coordinates": [ 35.723109507035353, 33.901444629931113 ] } },
{ "type": "Feature", "properties": { "rand_point_id": 172, "adm3_name1": "خنشارة", "adm3_pcode": "22747", "Nighttime light radiance": 14.42999986, "Household Deprivation Score": 0.449477051, "Negative Coping Tendency": 0.7, "Unemployment rate": 11.6, "Population dependency ratio": 53.0, "Food insecurity level (IPC)": 0.06, "Poverty Level (Relative Vulnerability - AMAAN)": 0.0, "Poverty Level (Internal Vulnerability - AMAAN)": 0.0, "composite_score": 0.159584343 }, "geometry": { "type": "Point", "coordinates": [ 35.744757941002192, 33.913347803315048 ] } },
{ "type": "Feature", "properties": { "rand_point_id": 173, "adm3_name1": "عينطورة المتن", "adm3_pcode": "22751", "Nighttime light radiance": 3.408222228, "Household Deprivation Score": 0.449477051, "Negative Coping Tendency": 0.7, "Unemployment rate": 11.6, "Population dependency ratio": 53.0, "Food insecurity level (IPC)": 0.06, "Poverty Level (Relative Vulnerability - AMAAN)": 0.000701874, "Poverty Level (Internal Vulnerability - AMAAN)": 0.23880597, "composite_score": 0.164897908 }, "geometry": { "type": "Point", "coordinates": [ 35.796223479953476, 33.904312966124131 ] } },
{ "type": "Feature", "properties": { "rand_point_id": 174, "adm3_name1": "شوير", "adm3_pcode": "22754", "Nighttime light radiance": 8.874999976, "Household Deprivation Score": 0.449477051, "Negative Coping Tendency": 0.7, "Unemployment rate": 11.6, "Population dependency ratio": 53.0, "Food insecurity level (IPC)": 0.06, "Poverty Level (Relative Vulnerability - AMAAN)": 0.007194207, "Poverty Level (Internal Vulnerability - AMAAN)": 1.220601369, "composite_score": 0.162476871 }, "geometry": { "type": "Point", "coordinates": [ 35.717660487059405, 33.916665449177181 ] } },
{ "type": "Feature", "properties": { "rand_point_id": 175, "adm3_name1": "بتغرين", "adm3_pcode": "22757", "Nighttime light radiance": 7.453928543, "Household Deprivation Score": 0.449477051, "Negative Coping Tendency": 0.7, "Unemployment rate": 11.6, "Population dependency ratio": 53.0, "Food insecurity level (IPC)": 0.06, "Poverty Level (Relative Vulnerability - AMAAN)": 0.010177171, "Poverty Level (Internal Vulnerability - AMAAN)": 1.697892272, "composite_score": 0.163253022 }, "geometry": { "type": "Point", "coordinates": [ 35.749841482036381, 33.923979342807165 ] } },
{ "type": "Feature", "properties": { "rand_point_id": 176, "adm3_name1": "دوار", "adm3_pcode": "22761", "Nighttime light radiance": 7.550000054, "Household Deprivation Score": 0.449477051, "Negative Coping Tendency": 0.7, "Unemployment rate": 11.6, "Population dependency ratio": 53.0, "Food insecurity level (IPC)": 0.06, "Poverty Level (Relative Vulnerability - AMAAN)": 0.0, "Poverty Level (Internal Vulnerability - AMAAN)": 0.0, "composite_score": 0.162901118 }, "geometry": { "type": "Point", "coordinates": [ 35.698097687338908, 33.898684890868246 ] } },
{ "type": "Feature", "properties": { "rand_point_id": 177, "adm3_name1": "شويا", "adm3_pcode": "22764", "Nighttime light radiance": 9.725714139000001, "Household Deprivation Score": 0.449477051, "Negative Coping Tendency": 0.7, "Unemployment rate": 11.6, "Population dependency ratio": 53.0, "Food insecurity level (IPC)": 0.06, "Poverty Level (Relative Vulnerability - AMAAN)": 0.002105621, "Poverty Level (Internal Vulnerability - AMAAN)": 1.843317972, "composite_score": 0.161931892 }, "geometry": { "type": "Point", "coordinates": [ 35.70998280772627, 33.933968410360109 ] } },
{ "type": "Feature", "properties": { "rand_point_id": 178, "adm3_name1": "عيرون", "adm3_pcode": "22767", "Nighttime light radiance": 9.506666819, "Household Deprivation Score": 0.449477051, "Negative Coping Tendency": 0.7, "Unemployment rate": 11.6, "Population dependency ratio": 53.0, "Food insecurity level (IPC)": 0.06, "Poverty Level (Relative Vulnerability - AMAAN)": 0.0, "Poverty Level (Internal Vulnerability - AMAAN)": 0.0, "composite_score": 0.161969678 }, "geometry": { "type": "Point", "coordinates": [ 35.704363955454554, 33.905892683730897 ] } },
{ "type": "Feature", "properties": { "rand_point_id": 179, "adm3_name1": "زغرين المتن", "adm3_pcode": "22771", "Nighttime light radiance": 11.76749986, "Household Deprivation Score": 0.449477051, "Negative Coping Tendency": 0.7, "Unemployment rate": 11.6, "Population dependency ratio": 53.0, "Food insecurity level (IPC)": 0.06, "Poverty Level (Relative Vulnerability - AMAAN)": 0.0, "Poverty Level (Internal Vulnerability - AMAAN)": 0.0, "composite_score": 0.160889963 }, "geometry": { "type": "Point", "coordinates": [ 35.715757898004341, 33.926670395512836 ] } },
{ "type": "Feature", "properties": { "rand_point_id": 180, "adm3_name1": "مجدل ترشيش", "adm3_pcode": "22774", "Nighttime light radiance": 1.440952369, "Household Deprivation Score": 0.449477051, "Negative Coping Tendency": 0.7, "Unemployment rate": 11.6, "Population dependency ratio": 53.0, "Food insecurity level (IPC)": 0.06, "Poverty Level (Relative Vulnerability - AMAAN)": 0.0, "Poverty Level (Internal Vulnerability - AMAAN)": 0.0, "composite_score": 0.165846901 }, "geometry": { "type": "Point", "coordinates": [ 35.804883225570684, 33.894536702619249 ] } },
{ "type": "Feature", "properties": { "rand_point_id": 181, "adm3_name1": "عين القبو", "adm3_pcode": "22777", "Nighttime light radiance": 3.044666656, "Household Deprivation Score": 0.449477051, "Negative Coping Tendency": 0.7, "Unemployment rate": 11.6, "Population dependency ratio": 53.0, "Food insecurity level (IPC)": 0.06, "Poverty Level (Relative Vulnerability - AMAAN)": 0.0, "Poverty Level (Internal Vulnerability - AMAAN)": 0.0, "composite_score": 0.165081202 }, "geometry": { "type": "Point", "coordinates": [ 35.758949935334506, 33.932597153557879 ] } },
{ "type": "Feature", "properties": { "rand_point_id": 182, "adm3_name1": "كفرعقاب", "adm3_pcode": "22781", "Nighttime light radiance": 4.618666681, "Household Deprivation Score": 0.449477051, "Negative Coping Tendency": 0.7, "Unemployment rate": 11.6, "Population dependency ratio": 53.0, "Food insecurity level (IPC)": 0.06, "Poverty Level (Relative Vulnerability - AMAAN)": 0.001052811, "Poverty Level (Internal Vulnerability - AMAAN)": 1.20240481, "composite_score": 0.164367606 }, "geometry": { "type": "Point", "coordinates": [ 35.737173871312855, 33.94225966010427 ] } },
{ "type": "Feature", "properties": { "rand_point_id": 183, "adm3_name1": "مار موسى الدوار", "adm3_pcode": "22784", "Nighttime light radiance": 8.86000009, "Household Deprivation Score": 0.449477051, "Negative Coping Tendency": 0.7, "Unemployment rate": 11.6, "Population dependency ratio": 53.0, "Food insecurity level (IPC)": 0.06, "Poverty Level (Relative Vulnerability - AMAAN)": 0.0, "Poverty Level (Internal Vulnerability - AMAAN)": 0.0, "composite_score": 0.162300046 }, "geometry": { "type": "Point", "coordinates": [ 35.690796139708105, 33.894687328332942 ] } },
{ "type": "Feature", "properties": { "rand_point_id": 184, "adm3_name1": "مشرح", "adm3_pcode": "22787", "Nighttime light radiance": 4.546666622, "Household Deprivation Score": 0.449477051, "Negative Coping Tendency": 0.7, "Unemployment rate": 11.6, "Population dependency ratio": 53.0, "Food insecurity level (IPC)": 0.06, "Poverty Level (Relative Vulnerability - AMAAN)": 0.0, "Poverty Level (Internal Vulnerability - AMAAN)": 0.0, "composite_score": 0.164372601 }, "geometry": { "type": "Point", "coordinates": [ 35.757353029017537, 33.939702398199195 ] } },
{ "type": "Feature", "properties": { "rand_point_id": 185, "adm3_name1": "وادي الكرم المتن", "adm3_pcode": "22791", "Nighttime light radiance": 2.694999993, "Household Deprivation Score": 0.449477051, "Negative Coping Tendency": 0.7, "Unemployment rate": 11.6, "Population dependency ratio": 53.0, "Food insecurity level (IPC)": 0.06, "Poverty Level (Relative Vulnerability - AMAAN)": 0.0, "Poverty Level (Internal Vulnerability - AMAAN)": 0.0, "composite_score": 0.165265546 }, "geometry": { "type": "Point", "coordinates": [ 35.744273706473393, 33.956389480616686 ] } },
{ "type": "Feature", "properties": { "rand_point_id": 186, "adm3_name1": "زبوغا", "adm3_pcode": "22794", "Nighttime light radiance": 2.732500037, "Household Deprivation Score": 0.449477051, "Negative Coping Tendency": 0.7, "Unemployment rate": 11.6, "Population dependency ratio": 53.0, "Food insecurity level (IPC)": 0.06, "Poverty Level (Relative Vulnerability - AMAAN)": 0.0, "Poverty Level (Internal Vulnerability - AMAAN)": 0.0, "composite_score": 0.165251119 }, "geometry": { "type": "Point", "coordinates": [ 35.74338153430169, 33.957130515479172 ] } },
{ "type": "Feature", "properties": { "rand_point_id": 187, "adm3_name1": "بسكنتا", "adm3_pcode": "22797", "Nighttime light radiance": 2.907968749, "Household Deprivation Score": 0.449477051, "Negative Coping Tendency": 0.7, "Unemployment rate": 11.6, "Population dependency ratio": 53.0, "Food insecurity level (IPC)": 0.06, "Poverty Level (Relative Vulnerability - AMAAN)": 0.007545144, "Poverty Level (Internal Vulnerability - AMAAN)": 0.978161965, "composite_score": 0.165399522 }, "geometry": { "type": "Point", "coordinates": [ 35.836728122799364, 33.925416245216518 ] } },
{ "type": "Feature", "properties": { "rand_point_id": 188, "adm3_name1": "كفرتيه", "adm3_pcode": "22799", "Nighttime light radiance": 14.55400023, "Household Deprivation Score": 0.449477051, "Negative Coping Tendency": 0.7, "Unemployment rate": 11.6, "Population dependency ratio": 53.0, "Food insecurity level (IPC)": 0.06, "Poverty Level (Relative Vulnerability - AMAAN)": 0.0, "Poverty Level (Internal Vulnerability - AMAAN)": 0.0, "composite_score": 0.159586587 }, "geometry": { "type": "Point", "coordinates": [ 35.764859267536316, 33.951210735144066 ] } },
{ "type": "Feature", "properties": { "rand_point_id": 189, "adm3_name1": null, "adm3_pcode": "23001", "Nighttime light radiance": null, "Household Deprivation Score": null, "Negative Coping Tendency": null, "Unemployment rate": null, "Population dependency ratio": null, "Food insecurity level (IPC)": null, "Poverty Level (Relative Vulnerability - AMAAN)": null, "Poverty Level (Internal Vulnerability - AMAAN)": null, "composite_score": null }, "geometry": { "type": "Point", "coordinates": [ 35.723385163860833, 33.745055697830765 ] } },
{ "type": "Feature", "properties": { "rand_point_id": 190, "adm3_name1": null, "adm3_pcode": "23002", "Nighttime light radiance": null, "Household Deprivation Score": null, "Negative Coping Tendency": null, "Unemployment rate": null, "Population dependency ratio": null, "Food insecurity level (IPC)": null, "Poverty Level (Relative Vulnerability - AMAAN)": null, "Poverty Level (Internal Vulnerability - AMAAN)": null, "composite_score": null }, "geometry": { "type": "Point", "coordinates": [ 35.671683390940444, 33.731454580008361 ] } },
{ "type": "Feature", "properties": { "rand_point_id": 191, "adm3_name1": null, "adm3_pcode": "23003", "Nighttime light radiance": null, "Household Deprivation Score": null, "Negative Coping Tendency": null, "Unemployment rate": null, "Population dependency ratio": null, "Food insecurity level (IPC)": null, "Poverty Level (Relative Vulnerability - AMAAN)": null, "Poverty Level (Internal Vulnerability - AMAAN)": null, "composite_score": null }, "geometry": { "type": "Point", "coordinates": [ 35.559173084107321, 33.668560884970518 ] } },
{ "type": "Feature", "properties": { "rand_point_id": 192, "adm3_name1": null, "adm3_pcode": "23004", "Nighttime light radiance": null, "Household Deprivation Score": null, "Negative Coping Tendency": null, "Unemployment rate": null, "Population dependency ratio": null, "Food insecurity level (IPC)": null, "Poverty Level (Relative Vulnerability - AMAAN)": null, "Poverty Level (Internal Vulnerability - AMAAN)": null, "composite_score": null }, "geometry": { "type": "Point", "coordinates": [ 35.672373427548393, 33.626992320761424 ] } },
{ "type": "Feature", "properties": { "rand_point_id": 193, "adm3_name1": null, "adm3_pcode": "23005", "Nighttime light radiance": null, "Household Deprivation Score": null, "Negative Coping Tendency": null, "Unemployment rate": null, "Population dependency ratio": null, "Food insecurity level (IPC)": null, "Poverty Level (Relative Vulnerability - AMAAN)": null, "Poverty Level (Internal Vulnerability - AMAAN)": null, "composite_score": null }, "geometry": { "type": "Point", "coordinates": [ 35.476717571741638, 33.621655044299786 ] } },
{ "type": "Feature", "properties": { "rand_point_id": 194, "adm3_name1": null, "adm3_pcode": "23006", "Nighttime light radiance": null, "Household Deprivation Score": null, "Negative Coping Tendency": null, "Unemployment rate": null, "Population dependency ratio": null, "Food insecurity level (IPC)": null, "Poverty Level (Relative Vulnerability - AMAAN)": null, "Poverty Level (Internal Vulnerability - AMAAN)": null, "composite_score": null }, "geometry": { "type": "Point", "coordinates": [ 35.473215225076295, 33.591125157327014 ] } },
{ "type": "Feature", "properties": { "rand_point_id": 195, "adm3_name1": null, "adm3_pcode": "23007", "Nighttime light radiance": null, "Household Deprivation Score": null, "Negative Coping Tendency": null, "Unemployment rate": null, "Population dependency ratio": null, "Food insecurity level (IPC)": null, "Poverty Level (Relative Vulnerability - AMAAN)": null, "Poverty Level (Internal Vulnerability - AMAAN)": null, "composite_score": null }, "geometry": { "type": "Point", "coordinates": [ 35.589346698278973, 33.586743917332818 ] } },
{ "type": "Feature", "properties": { "rand_point_id": 196, "adm3_name1": "الدامور", "adm3_pcode": "23111", "Nighttime light radiance": 7.677833343, "Household Deprivation Score": 0.647885972, "Negative Coping Tendency": 0.1125, "Unemployment rate": 16.5, "Population dependency ratio": 55.3, "Food insecurity level (IPC)": 0.12, "Poverty Level (Relative Vulnerability - AMAAN)": 0.053868816, "Poverty Level (Internal Vulnerability - AMAAN)": 5.611405593, "composite_score": 0.314842011 }, "geometry": { "type": "Point", "coordinates": [ 35.44589186432917, 33.707452269615324 ] } },
{ "type": "Feature", "properties": { "rand_point_id": 197, "adm3_name1": "ناعمه", "adm3_pcode": "23141", "Nighttime light radiance": 6.262162196, "Household Deprivation Score": 0.647885972, "Negative Coping Tendency": 0.1125, "Unemployment rate": 16.5, "Population dependency ratio": 55.3, "Food insecurity level (IPC)": 0.12, "Poverty Level (Relative Vulnerability - AMAAN)": 0.327424141, "Poverty Level (Internal Vulnerability - AMAAN)": 10.93466159, "composite_score": 0.323726479 }, "geometry": { "type": "Point", "coordinates": [ 35.461292481343918, 33.738812613007859 ] } },
{ "type": "Feature", "properties": { "rand_point_id": 198, "adm3_name1": "مشرف", "adm3_pcode": "23171", "Nighttime light radiance": 4.403157843, "Household Deprivation Score": 0.647885972, "Negative Coping Tendency": 0.1125, "Unemployment rate": 16.5, "Population dependency ratio": 55.3, "Food insecurity level (IPC)": 0.12, "Poverty Level (Relative Vulnerability - AMAAN)": 0.0, "Poverty Level (Internal Vulnerability - AMAAN)": 0.0, "composite_score": 0.314855045 }, "geometry": { "type": "Point", "coordinates": [ 35.480771335299977, 33.706655495814097 ] } },
{ "type": "Feature", "properties": { "rand_point_id": 199, "adm3_name1": "شحيم", "adm3_pcode": "23211", "Nighttime light radiance": 4.077234017, "Household Deprivation Score": 0.647885972, "Negative Coping Tendency": 0.1125, "Unemployment rate": 16.5, "Population dependency ratio": 55.3, "Food insecurity level (IPC)": 0.12, "Poverty Level (Relative Vulnerability - AMAAN)": 0.146516162, "Poverty Level (Internal Vulnerability - AMAAN)": 3.386462262, "composite_score": 0.319436968 }, "geometry": { "type": "Point", "coordinates": [ 35.477649867502976, 33.642331280183633 ] } },
{ "type": "Feature", "properties": { "rand_point_id": 200, "adm3_name1": "مزبود", "adm3_pcode": "23215", "Nighttime light radiance": 9.096521647, "Household Deprivation Score": 0.647885972, "Negative Coping Tendency": 0.1125, "Unemployment rate": 16.5, "Population dependency ratio": 55.3, "Food insecurity level (IPC)": 0.12, "Poverty Level (Relative Vulnerability - AMAAN)": 0.035620097, "Poverty Level (Internal Vulnerability - AMAAN)": 4.053514377, "composite_score": 0.313734636 }, "geometry": { "type": "Point", "coordinates": [ 35.469775652757733, 33.606224766000615 ] } },
{ "type": "Feature", "properties": { "rand_point_id": 201, "adm3_name1": "دلهون", "adm3_pcode": "23219", "Nighttime light radiance": 2.665714281, "Household Deprivation Score": 0.647885972, "Negative Coping Tendency": 0.1125, "Unemployment rate": 16.5, "Population dependency ratio": 55.3, "Food insecurity level (IPC)": 0.12, "Poverty Level (Relative Vulnerability - AMAAN)": 0.008773423, "Poverty Level (Internal Vulnerability - AMAAN)": 1.843657817, "composite_score": 0.316014839 }, "geometry": { "type": "Point", "coordinates": [ 35.472179548457937, 33.62809066955505 ] } },
{ "type": "Feature", "properties": { "rand_point_id": 202, "adm3_name1": "شميس", "adm3_pcode": "23223", "Nighttime light radiance": 2.457272736, "Household Deprivation Score": 0.647885972, "Negative Coping Tendency": 0.1125, "Unemployment rate": 16.5, "Population dependency ratio": 55.3, "Food insecurity level (IPC)": 0.12, "Poverty Level (Relative Vulnerability - AMAAN)": 0.0, "Poverty Level (Internal Vulnerability - AMAAN)": 0.0, "composite_score": 0.31585016 }, "geometry": { "type": "Point", "coordinates": [ 35.465574762775816, 33.643167320627541 ] } },
{ "type": "Feature", "properties": { "rand_point_id": 203, "adm3_name1": "داريا الشوف", "adm3_pcode": "23227", "Nighttime light radiance": 2.883214278, "Household Deprivation Score": 0.647885972, "Negative Coping Tendency": 0.1125, "Unemployment rate": 16.5, "Population dependency ratio": 55.3, "Food insecurity level (IPC)": 0.12, "Poverty Level (Relative Vulnerability - AMAAN)": 0.049306636, "Poverty Level (Internal Vulnerability - AMAAN)": 4.89888424, "composite_score": 0.317140552 }, "geometry": { "type": "Point", "coordinates": [ 35.488714714584425, 33.645772469248342 ] } },
{ "type": "Feature", "properties": { "rand_point_id": 204, "adm3_name1": "كترمايا", "adm3_pcode": "23231", "Nighttime light radiance": 6.36999993, "Household Deprivation Score": 0.647885972, "Negative Coping Tendency": 0.1125, "Unemployment rate": 16.5, "Population dependency ratio": 55.3, "Food insecurity level (IPC)": 0.12, "Poverty Level (Relative Vulnerability - AMAAN)": 0.25127083, "Poverty Level (Internal Vulnerability - AMAAN)": 20.04759905, "composite_score": 0.321554048 }, "geometry": { "type": "Point", "coordinates": [ 35.4589704324164, 33.61455944729628 ] } },
{ "type": "Feature", "properties": { "rand_point_id": 205, "adm3_name1": "معنيه", "adm3_pcode": "23235", "Nighttime light radiance": 2.186999977, "Household Deprivation Score": 0.647885972, "Negative Coping Tendency": 0.1125, "Unemployment rate": 16.5, "Population dependency ratio": 55.3, "Food insecurity level (IPC)": 0.12, "Poverty Level (Relative Vulnerability - AMAAN)": 0.001930153, "Poverty Level (Internal Vulnerability - AMAAN)": 10.57692308, "composite_score": 0.316098249 }, "geometry": { "type": "Point", "coordinates": [ 35.446437701973316, 33.630005956631578 ] } },
{ "type": "Feature", "properties": { "rand_point_id": 206, "adm3_name1": "وادي ابو يوسف", "adm3_pcode": "23237", "Nighttime light radiance": 1.733333349, "Household Deprivation Score": 0.647885972, "Negative Coping Tendency": 0.1125, "Unemployment rate": 16.5, "Population dependency ratio": 55.3, "Food insecurity level (IPC)": 0.12, "Poverty Level (Relative Vulnerability - AMAAN)": 0.0, "Poverty Level (Internal Vulnerability - AMAAN)": 0.0, "composite_score": 0.316214033 }, "geometry": { "type": "Point", "coordinates": [ 35.500669503306646, 33.676134215187332 ] } },
{ "type": "Feature", "properties": { "rand_point_id": 207, "adm3_name1": "عانوت", "adm3_pcode": "23239", "Nighttime light radiance": 4.515909103, "Household Deprivation Score": 0.647885972, "Negative Coping Tendency": 0.1125, "Unemployment rate": 16.5, "Population dependency ratio": 55.3, "Food insecurity level (IPC)": 0.12, "Poverty Level (Relative Vulnerability - AMAAN)": 0.013160134, "Poverty Level (Internal Vulnerability - AMAAN)": 1.226492232, "composite_score": 0.315278995 }, "geometry": { "type": "Point", "coordinates": [ 35.500754371241214, 33.612887401399313 ] } },
{ "type": "Feature", "properties": { "rand_point_id": 208, "adm3_name1": "سبلين", "adm3_pcode": "23243", "Nighttime light radiance": 8.079705876, "Household Deprivation Score": 0.647885972, "Negative Coping Tendency": 0.1125, "Unemployment rate": 16.5, "Population dependency ratio": 55.3, "Food insecurity level (IPC)": 0.12, "Poverty Level (Relative Vulnerability - AMAAN)": 0.124056199, "Poverty Level (Internal Vulnerability - AMAAN)": 8.351051264000001, "composite_score": 0.31690816 }, "geometry": { "type": "Point", "coordinates": [ 35.434129858754012, 33.617597840291687 ] } },
{ "type": "Feature", "properties": { "rand_point_id": 209, "adm3_name1": "البرجين", "adm3_pcode": "23247", "Nighttime light radiance": 2.712608674, "Household Deprivation Score": 0.647885972, "Negative Coping Tendency": 0.1125, "Unemployment rate": 16.5, "Population dependency ratio": 55.3, "Food insecurity level (IPC)": 0.12, "Poverty Level (Relative Vulnerability - AMAAN)": 0.001930153, "Poverty Level (Internal Vulnerability - AMAAN)": 0.436334788, "composite_score": 0.315815576 }, "geometry": { "type": "Point", "coordinates": [ 35.47607787387075, 33.648243026775319 ] } },
{ "type": "Feature", "properties": { "rand_point_id": 210, "adm3_name1": "برجا", "adm3_pcode": "23251", "Nighttime light radiance": 6.611282043, "Household Deprivation Score": 0.647885972, "Negative Coping Tendency": 0.1125, "Unemployment rate": 16.5, "Population dependency ratio": 55.3, "Food insecurity level (IPC)": 0.12, "Poverty Level (Relative Vulnerability - AMAAN)": 0.314439475, "Poverty Level (Internal Vulnerability - AMAAN)": 7.716487965, "composite_score": 0.323288695 }, "geometry": { "type": "Point", "coordinates": [ 35.426930975520385, 33.650750366431339 ] } },
{ "type": "Feature", "properties": { "rand_point_id": 211, "adm3_name1": "بكشتين", "adm3_pcode": "23253", "Nighttime light radiance": 1.923333327, "Household Deprivation Score": 0.647885972, "Negative Coping Tendency": 0.1125, "Unemployment rate": 16.5, "Population dependency ratio": 55.3, "Food insecurity level (IPC)": 0.12, "Poverty Level (Relative Vulnerability - AMAAN)": 0.0, "Poverty Level (Internal Vulnerability - AMAAN)": 0.0, "composite_score": 0.316141887 }, "geometry": { "type": "Point", "coordinates": [ 35.496631931648764, 33.677464960743677 ] } },
{ "type": "Feature", "properties": { "rand_point_id": 212, "adm3_name1": "بعاصير", "adm3_pcode": "23255", "Nighttime light radiance": 5.608823527, "Household Deprivation Score": 0.647885972, "Negative Coping Tendency": 0.1125, "Unemployment rate": 16.5, "Population dependency ratio": 55.3, "Food insecurity level (IPC)": 0.12, "Poverty Level (Relative Vulnerability - AMAAN)": 0.045270862, "Poverty Level (Internal Vulnerability - AMAAN)": 5.243902439, "composite_score": 0.315747726 }, "geometry": { "type": "Point", "coordinates": [ 35.452258219258212, 33.660277356537215 ] } },
{ "type": "Feature", "properties": { "rand_point_id": 213, "adm3_name1": "دبية", "adm3_pcode": "23259", "Nighttime light radiance": 5.475052647, "Household Deprivation Score": 0.647885972, "Negative Coping Tendency": 0.1125, "Unemployment rate": 16.5, "Population dependency ratio": 55.3, "Food insecurity level (IPC)": 0.12, "Poverty Level (Relative Vulnerability - AMAAN)": 0.050534916, "Poverty Level (Internal Vulnerability - AMAAN)": 16.12541993, "composite_score": 0.316021469 }, "geometry": { "type": "Point", "coordinates": [ 35.488387067863023, 33.67055777298409 ] } },
{ "type": "Feature", "properties": { "rand_point_id": 214, "adm3_name1": "بنواتي", "adm3_pcode": "23263", "Nighttime light radiance": 1.894999981, "Household Deprivation Score": 0.647885972, "Negative Coping Tendency": 0.1125, "Unemployment rate": 16.5, "Population dependency ratio": 55.3, "Food insecurity level (IPC)": 0.12, "Poverty Level (Relative Vulnerability - AMAAN)": 0.0, "Poverty Level (Internal Vulnerability - AMAAN)": 0.0, "composite_score": 0.316167348 }, "geometry": { "type": "Point", "coordinates": [ 35.510003416578179, 33.676631121271896 ] } },
{ "type": "Feature", "properties": { "rand_point_id": 215, "adm3_name1": "جية", "adm3_pcode": "23267", "Nighttime light radiance": 8.278510682, "Household Deprivation Score": 0.647885972, "Negative Coping Tendency": 0.1125, "Unemployment rate": 16.5, "Population dependency ratio": 55.3, "Food insecurity level (IPC)": 0.12, "Poverty Level (Relative Vulnerability - AMAAN)": 0.109843254, "Poverty Level (Internal Vulnerability - AMAAN)": 7.011648746, "composite_score": 0.316412118 }, "geometry": { "type": "Point", "coordinates": [ 35.412052715569125, 33.650080288576127 ] } },
{ "type": "Feature", "properties": { "rand_point_id": 216, "adm3_name1": "جدرا", "adm3_pcode": "23271", "Nighttime light radiance": 8.699444453, "Household Deprivation Score": 0.647885972, "Negative Coping Tendency": 0.1125, "Unemployment rate": 16.5, "Population dependency ratio": 55.3, "Food insecurity level (IPC)": 0.12, "Poverty Level (Relative Vulnerability - AMAAN)": 0.111773407, "Poverty Level (Internal Vulnerability - AMAAN)": 13.41617523, "composite_score": 0.316300726 }, "geometry": { "type": "Point", "coordinates": [ 35.415034796890879, 33.638893025906846 ] } },
{ "type": "Feature", "properties": { "rand_point_id": 217, "adm3_name1": "شمعرين", "adm3_pcode": "23275", "Nighttime light radiance": 1.171666642, "Household Deprivation Score": 0.647885972, "Negative Coping Tendency": 0.1125, "Unemployment rate": 16.5, "Population dependency ratio": 55.3, "Food insecurity level (IPC)": 0.12, "Poverty Level (Relative Vulnerability - AMAAN)": 0.0, "Poverty Level (Internal Vulnerability - AMAAN)": 0.0, "composite_score": 0.316528556 }, "geometry": { "type": "Point", "coordinates": [ 35.506437657065113, 33.674547336435111 ] } },
{ "type": "Feature", "properties": { "rand_point_id": 218, "adm3_name1": "ضهر المغارة", "adm3_pcode": "23279", "Nighttime light radiance": 6.57636365, "Household Deprivation Score": 0.647885972, "Negative Coping Tendency": 0.1125, "Unemployment rate": 16.5, "Population dependency ratio": 55.3, "Food insecurity level (IPC)": 0.12, "Poverty Level (Relative Vulnerability - AMAAN)": 0.0, "Poverty Level (Internal Vulnerability - AMAAN)": 0.0, "composite_score": 0.313940811 }, "geometry": { "type": "Point", "coordinates": [ 35.449608993208457, 33.672073787918116 ] } },
{ "type": "Feature", "properties": { "rand_point_id": 219, "adm3_name1": "علمان الشوف", "adm3_pcode": "23311", "Nighttime light radiance": 5.198695686, "Household Deprivation Score": 0.647885972, "Negative Coping Tendency": 0.1125, "Unemployment rate": 16.5, "Population dependency ratio": 55.3, "Food insecurity level (IPC)": 0.12, "Poverty Level (Relative Vulnerability - AMAAN)": 0.0, "Poverty Level (Internal Vulnerability - AMAAN)": 0.0, "composite_score": 0.314639627 }, "geometry": { "type": "Point", "coordinates": [ 35.409115937378957, 33.59554935893685 ] } },
{ "type": "Feature", "properties": { "rand_point_id": 220, "adm3_name1": "جميلية", "adm3_pcode": "23316", "Nighttime light radiance": 2.465714284, "Household Deprivation Score": 0.647885972, "Negative Coping Tendency": 0.1125, "Unemployment rate": 16.5, "Population dependency ratio": 55.3, "Food insecurity level (IPC)": 0.12, "Poverty Level (Relative Vulnerability - AMAAN)": 0.001930153, "Poverty Level (Internal Vulnerability - AMAAN)": 6.832298137, "composite_score": 0.316044162 }, "geometry": { "type": "Point", "coordinates": [ 35.428826564941346, 33.595712992733404 ] } },
{ "type": "Feature", "properties": { "rand_point_id": 221, "adm3_name1": "رميلة", "adm3_pcode": "23321", "Nighttime light radiance": 4.6696552, "Household Deprivation Score": 0.647885972, "Negative Coping Tendency": 0.1125, "Unemployment rate": 16.5, "Population dependency ratio": 55.3, "Food insecurity level (IPC)": 0.12, "Poverty Level (Relative Vulnerability - AMAAN)": 0.01596763, "Poverty Level (Internal Vulnerability - AMAAN)": 1.672794118, "composite_score": 0.315388158 }, "geometry": { "type": "Point", "coordinates": [ 35.407918724599703, 33.606473244058833 ] } },
{ "type": "Feature", "properties": { "rand_point_id": 222, "adm3_name1": "مجدلونا", "adm3_pcode": "23326", "Nighttime light radiance": 2.375000012, "Household Deprivation Score": 0.647885972, "Negative Coping Tendency": 0.1125, "Unemployment rate": 16.5, "Population dependency ratio": 55.3, "Food insecurity level (IPC)": 0.12, "Poverty Level (Relative Vulnerability - AMAAN)": 0.0, "Poverty Level (Internal Vulnerability - AMAAN)": 0.0, "composite_score": 0.316011885 }, "geometry": { "type": "Point", "coordinates": [ 35.450020889800349, 33.592581161616536 ] } },
{ "type": "Feature", "properties": { "rand_point_id": 223, "adm3_name1": "وردانيه", "adm3_pcode": "23331", "Nighttime light radiance": 8.040476186, "Household Deprivation Score": 0.647885972, "Negative Coping Tendency": 0.1125, "Unemployment rate": 16.5, "Population dependency ratio": 55.3, "Food insecurity level (IPC)": 0.12, "Poverty Level (Relative Vulnerability - AMAAN)": 0.049482105, "Poverty Level (Internal Vulnerability - AMAAN)": 6.390210741, "composite_score": 0.314802009 }, "geometry": { "type": "Point", "coordinates": [ 35.426892577659778, 33.610070284989938 ] } },
{ "type": "Feature", "properties": { "rand_point_id": 224, "adm3_name1": "جون", "adm3_pcode": "23336", "Nighttime light radiance": 2.592238793, "Household Deprivation Score": 0.647885972, "Negative Coping Tendency": 0.1125, "Unemployment rate": 16.5, "Population dependency ratio": 55.3, "Food insecurity level (IPC)": 0.12, "Poverty Level (Relative Vulnerability - AMAAN)": 0.010352639, "Poverty Level (Internal Vulnerability - AMAAN)": 1.475737869, "composite_score": 0.316234365 }, "geometry": { "type": "Point", "coordinates": [ 35.473424978228373, 33.569018363219797 ] } },
{ "type": "Feature", "properties": { "rand_point_id": 225, "adm3_name1": "مغيرية الشوف", "adm3_pcode": "23341", "Nighttime light radiance": 5.004230802, "Household Deprivation Score": 0.647885972, "Negative Coping Tendency": 0.1125, "Unemployment rate": 16.5, "Population dependency ratio": 55.3, "Food insecurity level (IPC)": 0.12, "Poverty Level (Relative Vulnerability - AMAAN)": 0.028952295, "Poverty Level (Internal Vulnerability - AMAAN)": 4.217791411, "composite_score": 0.315649327 }, "geometry": { "type": "Point", "coordinates": [ 35.465995546926749, 33.600658296588762 ] } },
{ "type": "Feature", "properties": { "rand_point_id": 226, "adm3_name1": "دير المخلص الشوف", "adm3_pcode": "23346", "Nighttime light radiance": 2.081851844, "Household Deprivation Score": 0.647885972, "Negative Coping Tendency": 0.1125, "Unemployment rate": 16.5, "Population dependency ratio": 55.3, "Food insecurity level (IPC)": 0.12, "Poverty Level (Relative Vulnerability - AMAAN)": 0.0, "Poverty Level (Internal Vulnerability - AMAAN)": 0.0, "composite_score": 0.316176241 }, "geometry": { "type": "Point", "coordinates": [ 35.490363385635632, 33.579681936441446 ] } },
{ "type": "Feature", "properties": { "rand_point_id": 227, "adm3_name1": "قريعة", "adm3_pcode": "23351", "Nighttime light radiance": 2.1300000049999999, "Household Deprivation Score": 0.647885972, "Negative Coping Tendency": 0.1125, "Unemployment rate": 16.5, "Population dependency ratio": 55.3, "Food insecurity level (IPC)": 0.12, "Poverty Level (Relative Vulnerability - AMAAN)": 0.0, "Poverty Level (Internal Vulnerability - AMAAN)": 0.0, "composite_score": 0.31615908 }, "geometry": { "type": "Point", "coordinates": [ 35.482396524532646, 33.595107463740263 ] } },
{ "type": "Feature", "properties": { "rand_point_id": 228, "adm3_name1": "بكيفا", "adm3_pcode": "23356", "Nighttime light radiance": 1.678750008, "Household Deprivation Score": 0.647885972, "Negative Coping Tendency": 0.1125, "Unemployment rate": 16.5, "Population dependency ratio": 55.3, "Food insecurity level (IPC)": 0.12, "Poverty Level (Relative Vulnerability - AMAAN)": 0.000877342, "Poverty Level (Internal Vulnerability - AMAAN)": 4.95049505, "composite_score": 0.316429464 }, "geometry": { "type": "Point", "coordinates": [ 35.49131973784867, 33.588542261674448 ] } },
{ "type": "Feature", "properties": { "rand_point_id": 229, "adm3_name1": "مزمورة", "adm3_pcode": "23361", "Nighttime light radiance": 2.846666654, "Household Deprivation Score": 0.647885972, "Negative Coping Tendency": 0.1125, "Unemployment rate": 16.5, "Population dependency ratio": 55.3, "Food insecurity level (IPC)": 0.12, "Poverty Level (Relative Vulnerability - AMAAN)": 0.0, "Poverty Level (Internal Vulnerability - AMAAN)": 0.0, "composite_score": 0.315827184 }, "geometry": { "type": "Point", "coordinates": [ 35.506676367375867, 33.599133309116567 ] } },
{ "type": "Feature", "properties": { "rand_point_id": 230, "adm3_name1": "مطله", "adm3_pcode": "23365", "Nighttime light radiance": 1.62833335, "Household Deprivation Score": 0.647885972, "Negative Coping Tendency": 0.1125, "Unemployment rate": 16.5, "Population dependency ratio": 55.3, "Food insecurity level (IPC)": 0.12, "Poverty Level (Relative Vulnerability - AMAAN)": 0.0, "Poverty Level (Internal Vulnerability - AMAAN)": 0.0, "composite_score": 0.316416335 }, "geometry": { "type": "Point", "coordinates": [ 35.53652348614731, 33.610814270766966 ] } },
{ "type": "Feature", "properties": { "rand_point_id": 231, "adm3_name1": "مزرعة الضهر", "adm3_pcode": "23366", "Nighttime light radiance": 2.114999984, "Household Deprivation Score": 0.647885972, "Negative Coping Tendency": 0.1125, "Unemployment rate": 16.5, "Population dependency ratio": 55.3, "Food insecurity level (IPC)": 0.12, "Poverty Level (Relative Vulnerability - AMAAN)": 0.0, "Poverty Level (Internal Vulnerability - AMAAN)": 0.0, "composite_score": 0.316184081 }, "geometry": { "type": "Point", "coordinates": [ 35.521022066992238, 33.600027252125102 ] } },
{ "type": "Feature", "properties": { "rand_point_id": 232, "adm3_name1": "خربة بسري", "adm3_pcode": "23371", "Nighttime light radiance": 1.7759999989999999, "Household Deprivation Score": 0.647885972, "Negative Coping Tendency": 0.1125, "Unemployment rate": 16.5, "Population dependency ratio": 55.3, "Food insecurity level (IPC)": 0.12, "Poverty Level (Relative Vulnerability - AMAAN)": 0.001052811, "Poverty Level (Internal Vulnerability - AMAAN)": 7.594936709, "composite_score": 0.316417528 }, "geometry": { "type": "Point", "coordinates": [ 35.53201525714784, 33.58662050408271 ] } },
{ "type": "Feature", "properties": { "rand_point_id": 233, "adm3_name1": "جليلية", "adm3_pcode": "23376", "Nighttime light radiance": 1.682222221, "Household Deprivation Score": 0.647885972, "Negative Coping Tendency": 0.1125, "Unemployment rate": 16.5, "Population dependency ratio": 55.3, "Food insecurity level (IPC)": 0.12, "Poverty Level (Relative Vulnerability - AMAAN)": 0.0, "Poverty Level (Internal Vulnerability - AMAAN)": 0.0, "composite_score": 0.316403543 }, "geometry": { "type": "Point", "coordinates": [ 35.519033690665658, 33.601944959498802 ] } },
{ "type": "Feature", "properties": { "rand_point_id": 234, "adm3_name1": "زعرورية", "adm3_pcode": "23381", "Nighttime light radiance": 2.866250008, "Household Deprivation Score": 0.647885972, "Negative Coping Tendency": 0.1125, "Unemployment rate": 16.5, "Population dependency ratio": 55.3, "Food insecurity level (IPC)": 0.12, "Poverty Level (Relative Vulnerability - AMAAN)": 0.012984666, "Poverty Level (Internal Vulnerability - AMAAN)": 5.138888889, "composite_score": 0.316250906 }, "geometry": { "type": "Point", "coordinates": [ 35.515184317223799, 33.610192059556553 ] } },
{ "type": "Feature", "properties": { "rand_point_id": 235, "adm3_name1": "بسابا", "adm3_pcode": "23386", "Nighttime light radiance": 1.155714282, "Household Deprivation Score": 0.647885972, "Negative Coping Tendency": 0.1125, "Unemployment rate": 16.5, "Population dependency ratio": 55.3, "Food insecurity level (IPC)": 0.12, "Poverty Level (Relative Vulnerability - AMAAN)": 0.016318566, "Poverty Level (Internal Vulnerability - AMAAN)": 5.093099671, "composite_score": 0.317176419 }, "geometry": { "type": "Point", "coordinates": [ 35.569233612443618, 33.605877739439428 ] } },
{ "type": "Feature", "properties": { "rand_point_id": 236, "adm3_name1": "بيت الدين", "adm3_pcode": "23411", "Nighttime light radiance": 3.766923033, "Household Deprivation Score": 0.647885972, "Negative Coping Tendency": 0.1125, "Unemployment rate": 16.5, "Population dependency ratio": 55.3, "Food insecurity level (IPC)": 0.12, "Poverty Level (Relative Vulnerability - AMAAN)": 0.0, "Poverty Level (Internal Vulnerability - AMAAN)": 0.0, "composite_score": 0.315445111 }, "geometry": { "type": "Point", "coordinates": [ 35.576481585496225, 33.692755893887615 ] } },
{ "type": "Feature", "properties": { "rand_point_id": 237, "adm3_name1": "دير القمر", "adm3_pcode": "23413", "Nighttime light radiance": 3.54302324, "Household Deprivation Score": 0.647885972, "Negative Coping Tendency": 0.1125, "Unemployment rate": 16.5, "Population dependency ratio": 55.3, "Food insecurity level (IPC)": 0.12, "Poverty Level (Relative Vulnerability - AMAAN)": 0.011931855, "Poverty Level (Internal Vulnerability - AMAAN)": 1.15391142, "composite_score": 0.315915303 }, "geometry": { "type": "Point", "coordinates": [ 35.584484462417905, 33.698468232005929 ] } },
{ "type": "Feature", "properties": { "rand_point_id": 238, "adm3_name1": "كفر حمل", "adm3_pcode": "23415", "Nighttime light radiance": 1.804285697, "Household Deprivation Score": 0.647885972, "Negative Coping Tendency": 0.1125, "Unemployment rate": 16.5, "Population dependency ratio": 55.3, "Food insecurity level (IPC)": 0.12, "Poverty Level (Relative Vulnerability - AMAAN)": 0.0, "Poverty Level (Internal Vulnerability - AMAAN)": 0.0, "composite_score": 0.316391285 }, "geometry": { "type": "Point", "coordinates": [ 35.561150837450164, 33.705378851585408 ] } },
{ "type": "Feature", "properties": { "rand_point_id": 239, "adm3_name1": "سمقانية", "adm3_pcode": "23417", "Nighttime light radiance": 3.156363625, "Household Deprivation Score": 0.647885972, "Negative Coping Tendency": 0.1125, "Unemployment rate": 16.5, "Population dependency ratio": 55.3, "Food insecurity level (IPC)": 0.12, "Poverty Level (Relative Vulnerability - AMAAN)": 0.050359447, "Poverty Level (Internal Vulnerability - AMAAN)": 5.851172273, "composite_score": 0.317270618 }, "geometry": { "type": "Point", "coordinates": [ 35.597211307639249, 33.681318172505151 ] } },
{ "type": "Feature", "properties": { "rand_point_id": 240, "adm3_name1": "كفرقطرة", "adm3_pcode": "23419", "Nighttime light radiance": 1.973636389, "Household Deprivation Score": 0.647885972, "Negative Coping Tendency": 0.1125, "Unemployment rate": 16.5, "Population dependency ratio": 55.3, "Food insecurity level (IPC)": 0.12, "Poverty Level (Relative Vulnerability - AMAAN)": 0.007194207, "Poverty Level (Internal Vulnerability - AMAAN)": 4.083665339, "composite_score": 0.316547078 }, "geometry": { "type": "Point", "coordinates": [ 35.579009935650348, 33.713431009325667 ] } },
{ "type": "Feature", "properties": { "rand_point_id": 241, "adm3_name1": "معاصر بيت الدين", "adm3_pcode": "23421", "Nighttime light radiance": 1.921500003, "Household Deprivation Score": 0.647885972, "Negative Coping Tendency": 0.1125, "Unemployment rate": 16.5, "Population dependency ratio": 55.3, "Food insecurity level (IPC)": 0.12, "Poverty Level (Relative Vulnerability - AMAAN)": 0.0, "Poverty Level (Internal Vulnerability - AMAAN)": 0.0, "composite_score": 0.316342183 }, "geometry": { "type": "Point", "coordinates": [ 35.588737703423526, 33.701012949942054 ] } },
{ "type": "Feature", "properties": { "rand_point_id": 242, "adm3_name1": "بشتفين", "adm3_pcode": "23423", "Nighttime light radiance": 1.754000016, "Household Deprivation Score": 0.647885972, "Negative Coping Tendency": 0.1125, "Unemployment rate": 16.5, "Population dependency ratio": 55.3, "Food insecurity level (IPC)": 0.12, "Poverty Level (Relative Vulnerability - AMAAN)": 0.006492333, "Poverty Level (Internal Vulnerability - AMAAN)": 1.512055578, "composite_score": 0.316624919 }, "geometry": { "type": "Point", "coordinates": [ 35.551026368965594, 33.705243793404115 ] } },
{ "type": "Feature", "properties": { "rand_point_id": 243, "adm3_name1": "كنيسة الشوف", "adm3_pcode": "23425", "Nighttime light radiance": 2.008333345, "Household Deprivation Score": 0.647885972, "Negative Coping Tendency": 0.1125, "Unemployment rate": 16.5, "Population dependency ratio": 55.3, "Food insecurity level (IPC)": 0.12, "Poverty Level (Relative Vulnerability - AMAAN)": 0.0, "Poverty Level (Internal Vulnerability - AMAAN)": 0.0, "composite_score": 0.316305279 }, "geometry": { "type": "Point", "coordinates": [ 35.57844971429472, 33.722566940331689 ] } },
{ "type": "Feature", "properties": { "rand_point_id": 244, "adm3_name1": "عميق الشوف", "adm3_pcode": "23427", "Nighttime light radiance": 1.415454545, "Household Deprivation Score": 0.647885972, "Negative Coping Tendency": 0.1125, "Unemployment rate": 16.5, "Population dependency ratio": 55.3, "Food insecurity level (IPC)": 0.12, "Poverty Level (Relative Vulnerability - AMAAN)": 0.0, "Poverty Level (Internal Vulnerability - AMAAN)": 0.0, "composite_score": 0.316592041 }, "geometry": { "type": "Point", "coordinates": [ 35.602656689998959, 33.714994166000622 ] } },
{ "type": "Feature", "properties": { "rand_point_id": 245, "adm3_name1": "دير كوشه", "adm3_pcode": "23429", "Nighttime light radiance": 2.484285695, "Household Deprivation Score": 0.647885972, "Negative Coping Tendency": 0.1125, "Unemployment rate": 16.5, "Population dependency ratio": 55.3, "Food insecurity level (IPC)": 0.12, "Poverty Level (Relative Vulnerability - AMAAN)": 0.008071549, "Poverty Level (Internal Vulnerability - AMAAN)": 4.545454545, "composite_score": 0.316342169 }, "geometry": { "type": "Point", "coordinates": [ 35.561994065056041, 33.716697021123643 ] } },
{ "type": "Feature", "properties": { "rand_point_id": 246, "adm3_name1": "مزرعة الدوير", "adm3_pcode": "23431", "Nighttime light radiance": 1.09857142, "Household Deprivation Score": 0.647885972, "Negative Coping Tendency": 0.1125, "Unemployment rate": 16.5, "Population dependency ratio": 55.3, "Food insecurity level (IPC)": 0.12, "Poverty Level (Relative Vulnerability - AMAAN)": 0.0, "Poverty Level (Internal Vulnerability - AMAAN)": 0.0, "composite_score": 0.31674879 }, "geometry": { "type": "Point", "coordinates": [ 35.605024453436201, 33.709603117327376 ] } },
{ "type": "Feature", "properties": { "rand_point_id": 247, "adm3_name1": "كفرفاقود", "adm3_pcode": "23433", "Nighttime light radiance": 1.801428591, "Household Deprivation Score": 0.647885972, "Negative Coping Tendency": 0.1125, "Unemployment rate": 16.5, "Population dependency ratio": 55.3, "Food insecurity level (IPC)": 0.12, "Poverty Level (Relative Vulnerability - AMAAN)": 0.011229981, "Poverty Level (Internal Vulnerability - AMAAN)": 2.2543149, "composite_score": 0.316758401 }, "geometry": { "type": "Point", "coordinates": [ 35.536257507008386, 33.700304115703169 ] } },
{ "type": "Feature", "properties": { "rand_point_id": 248, "adm3_name1": "دير بابا", "adm3_pcode": "23435", "Nighttime light radiance": 1.184545457, "Household Deprivation Score": 0.647885972, "Negative Coping Tendency": 0.1125, "Unemployment rate": 16.5, "Population dependency ratio": 55.3, "Food insecurity level (IPC)": 0.12, "Poverty Level (Relative Vulnerability - AMAAN)": 0.011756387, "Poverty Level (Internal Vulnerability - AMAAN)": 6.864754098, "composite_score": 0.31709272 }, "geometry": { "type": "Point", "coordinates": [ 35.520382075680295, 33.699382961352867 ] } },
{ "type": "Feature", "properties": { "rand_point_id": 249, "adm3_name1": "سرجبال", "adm3_pcode": "23437", "Nighttime light radiance": 2.137142846, "Household Deprivation Score": 0.647885972, "Negative Coping Tendency": 0.1125, "Unemployment rate": 16.5, "Population dependency ratio": 55.3, "Food insecurity level (IPC)": 0.12, "Poverty Level (Relative Vulnerability - AMAAN)": 0.002105621, "Poverty Level (Internal Vulnerability - AMAAN)": 0.991735537, "composite_score": 0.316324821 }, "geometry": { "type": "Point", "coordinates": [ 35.511522909757069, 33.682735360575627 ] } },
{ "type": "Feature", "properties": { "rand_point_id": 250, "adm3_name1": "غابة جعفر", "adm3_pcode": "23438", "Nighttime light radiance": 3.251780999, "Household Deprivation Score": 0.647885972, "Negative Coping Tendency": 0.1125, "Unemployment rate": 16.5, "Population dependency ratio": 55.3, "Food insecurity level (IPC)": 0.12, "Poverty Level (Relative Vulnerability - AMAAN)": 0.0, "Poverty Level (Internal Vulnerability - AMAAN)": 0.0, "composite_score": 0.31572426 }, "geometry": { "type": "Point", "coordinates": [ 35.527282649121894, 33.694403759399059 ] } },
{ "type": "Feature", "properties": { "rand_point_id": 251, "adm3_name1": "كفرحيم", "adm3_pcode": "23439", "Nighttime light radiance": 4.068571465, "Household Deprivation Score": 0.647885972, "Negative Coping Tendency": 0.1125, "Unemployment rate": 16.5, "Population dependency ratio": 55.3, "Food insecurity level (IPC)": 0.12, "Poverty Level (Relative Vulnerability - AMAAN)": 0.0, "Poverty Level (Internal Vulnerability - AMAAN)": 0.0, "composite_score": 0.315333654 }, "geometry": { "type": "Point", "coordinates": [ 35.52638059579899, 33.684790385076617 ] } },
{ "type": "Feature", "properties": { "rand_point_id": 252, "adm3_name1": "وادي الدير", "adm3_pcode": "23441", "Nighttime light radiance": 2.679999987, "Household Deprivation Score": 0.647885972, "Negative Coping Tendency": 0.1125, "Unemployment rate": 16.5, "Population dependency ratio": 55.3, "Food insecurity level (IPC)": 0.12, "Poverty Level (Relative Vulnerability - AMAAN)": 0.0, "Poverty Level (Internal Vulnerability - AMAAN)": 0.0, "composite_score": 0.31600209 }, "geometry": { "type": "Point", "coordinates": [ 35.536816396806181, 33.688543482480881 ] } },
{ "type": "Feature", "properties": { "rand_point_id": 253, "adm3_name1": "وادي الست", "adm3_pcode": "23443", "Nighttime light radiance": 1.658571431, "Household Deprivation Score": 0.647885972, "Negative Coping Tendency": 0.1125, "Unemployment rate": 16.5, "Population dependency ratio": 55.3, "Food insecurity level (IPC)": 0.12, "Poverty Level (Relative Vulnerability - AMAAN)": 0.001052811, "Poverty Level (Internal Vulnerability - AMAAN)": 0.502512563, "composite_score": 0.316527988 }, "geometry": { "type": "Point", "coordinates": [ 35.630061510986252, 33.716689615206938 ] } },
{ "type": "Feature", "properties": { "rand_point_id": 254, "adm3_name1": "مجدل المعوش", "adm3_pcode": "23445", "Nighttime light radiance": 1.424318189, "Household Deprivation Score": 0.647885972, "Negative Coping Tendency": 0.1125, "Unemployment rate": 16.5, "Population dependency ratio": 55.3, "Food insecurity level (IPC)": 0.12, "Poverty Level (Relative Vulnerability - AMAAN)": 0.004035775, "Poverty Level (Internal Vulnerability - AMAAN)": 0.96679277, "composite_score": 0.316733609 }, "geometry": { "type": "Point", "coordinates": [ 35.633406070309199, 33.734185443430903 ] } },
{ "type": "Feature", "properties": { "rand_point_id": 255, "adm3_name1": "دميت", "adm3_pcode": "23447", "Nighttime light radiance": 1.382500011, "Household Deprivation Score": 0.647885972, "Negative Coping Tendency": 0.1125, "Unemployment rate": 16.5, "Population dependency ratio": 55.3, "Food insecurity level (IPC)": 0.12, "Poverty Level (Relative Vulnerability - AMAAN)": 0.008948891, "Poverty Level (Internal Vulnerability - AMAAN)": 2.164685908, "composite_score": 0.316907643 }, "geometry": { "type": "Point", "coordinates": [ 35.489798048866902, 33.692108046409906 ] } },
{ "type": "Feature", "properties": { "rand_point_id": 256, "adm3_name1": "فوارة جعفر", "adm3_pcode": "23449", "Nighttime light radiance": 1.699999958, "Household Deprivation Score": 0.647885972, "Negative Coping Tendency": 0.1125, "Unemployment rate": 16.5, "Population dependency ratio": 55.3, "Food insecurity level (IPC)": 0.12, "Poverty Level (Relative Vulnerability - AMAAN)": 0.001228279, "Poverty Level (Internal Vulnerability - AMAAN)": 0.879396985, "composite_score": 0.316522128 }, "geometry": { "type": "Point", "coordinates": [ 35.639649367658997, 33.715672950892447 ] } },
{ "type": "Feature", "properties": { "rand_point_id": 257, "adm3_name1": "بيرة", "adm3_pcode": "23451", "Nighttime light radiance": 1.870833342, "Household Deprivation Score": 0.647885972, "Negative Coping Tendency": 0.1125, "Unemployment rate": 16.5, "Population dependency ratio": 55.3, "Food insecurity level (IPC)": 0.12, "Poverty Level (Relative Vulnerability - AMAAN)": 0.001930153, "Poverty Level (Internal Vulnerability - AMAAN)": 0.65204505, "composite_score": 0.316462455 }, "geometry": { "type": "Point", "coordinates": [ 35.672766467725197, 33.733689124142458 ] } },
{ "type": "Feature", "properties": { "rand_point_id": 258, "adm3_name1": "شوريت", "adm3_pcode": "23453", "Nighttime light radiance": 2.341428603, "Household Deprivation Score": 0.647885972, "Negative Coping Tendency": 0.1125, "Unemployment rate": 16.5, "Population dependency ratio": 55.3, "Food insecurity level (IPC)": 0.12, "Poverty Level (Relative Vulnerability - AMAAN)": 0.0, "Poverty Level (Internal Vulnerability - AMAAN)": 0.0, "composite_score": 0.316178738 }, "geometry": { "type": "Point", "coordinates": [ 35.635832384196235, 33.741194534171449 ] } },
{ "type": "Feature", "properties": { "rand_point_id": 259, "adm3_name1": "كفر حي", "adm3_pcode": "23454", "Nighttime light radiance": 2.888513926, "Household Deprivation Score": 0.647885972, "Negative Coping Tendency": 0.1125, "Unemployment rate": 16.5, "Population dependency ratio": 55.3, "Food insecurity level (IPC)": 0.12, "Poverty Level (Relative Vulnerability - AMAAN)": 0.011931855, "Poverty Level (Internal Vulnerability - AMAAN)": 31.33640553, "composite_score": 0.316411253 }, "geometry": { "type": "Point", "coordinates": [ 35.640043873248771, 33.748001101395189 ] } },
{ "type": "Feature", "properties": { "rand_point_id": 260, "adm3_name1": "كفرنيس", "adm3_pcode": "23455", "Nighttime light radiance": 1.566111108, "Household Deprivation Score": 0.647885972, "Negative Coping Tendency": 0.1125, "Unemployment rate": 16.5, "Population dependency ratio": 55.3, "Food insecurity level (IPC)": 0.12, "Poverty Level (Relative Vulnerability - AMAAN)": 0.002807495, "Poverty Level (Internal Vulnerability - AMAAN)": 1.459854015, "composite_score": 0.316643066 }, "geometry": { "type": "Point", "coordinates": [ 35.639638235015518, 33.729311995109434 ] } },
{ "type": "Feature", "properties": { "rand_point_id": 261, "adm3_name1": "بقيعة", "adm3_pcode": "23457", "Nighttime light radiance": 1.043333332, "Household Deprivation Score": 0.647885972, "Negative Coping Tendency": 0.1125, "Unemployment rate": 16.5, "Population dependency ratio": 55.3, "Food insecurity level (IPC)": 0.12, "Poverty Level (Relative Vulnerability - AMAAN)": 0.0, "Poverty Level (Internal Vulnerability - AMAAN)": 0.0, "composite_score": 0.316806148 }, "geometry": { "type": "Point", "coordinates": [ 35.492562762493371, 33.687261524336328 ] } },
{ "type": "Feature", "properties": { "rand_point_id": 262, "adm3_name1": "بريح", "adm3_pcode": "23459", "Nighttime light radiance": 2.011874989, "Household Deprivation Score": 0.647885972, "Negative Coping Tendency": 0.1125, "Unemployment rate": 16.5, "Population dependency ratio": 55.3, "Food insecurity level (IPC)": 0.12, "Poverty Level (Relative Vulnerability - AMAAN)": 0.014212945, "Poverty Level (Internal Vulnerability - AMAAN)": 4.571106095, "composite_score": 0.316787382 }, "geometry": { "type": "Point", "coordinates": [ 35.657129818334205, 33.719952756669834 ] } },
{ "type": "Feature", "properties": { "rand_point_id": 263, "adm3_name1": "مغيره", "adm3_pcode": "23461", "Nighttime light radiance": 1.324285712, "Household Deprivation Score": 0.647885972, "Negative Coping Tendency": 0.1125, "Unemployment rate": 16.5, "Population dependency ratio": 55.3, "Food insecurity level (IPC)": 0.12, "Poverty Level (Relative Vulnerability - AMAAN)": 0.0, "Poverty Level (Internal Vulnerability - AMAAN)": 0.0, "composite_score": 0.316676131 }, "geometry": { "type": "Point", "coordinates": [ 35.488253114544669, 33.698030963931551 ] } },
{ "type": "Feature", "properties": { "rand_point_id": 264, "adm3_name1": "ورهانية", "adm3_pcode": "23463", "Nighttime light radiance": 2.050909097, "Household Deprivation Score": 0.647885972, "Negative Coping Tendency": 0.1125, "Unemployment rate": 16.5, "Population dependency ratio": 55.3, "Food insecurity level (IPC)": 0.12, "Poverty Level (Relative Vulnerability - AMAAN)": 0.001579216, "Poverty Level (Internal Vulnerability - AMAAN)": 0.498063088, "composite_score": 0.316379191 }, "geometry": { "type": "Point", "coordinates": [ 35.673162480166823, 33.72229493329408 ] } },
{ "type": "Feature", "properties": { "rand_point_id": 265, "adm3_name1": "فريديس الشوف", "adm3_pcode": "23467", "Nighttime light radiance": 1.543541655, "Household Deprivation Score": 0.647885972, "Negative Coping Tendency": 0.1125, "Unemployment rate": 16.5, "Population dependency ratio": 55.3, "Food insecurity level (IPC)": 0.12, "Poverty Level (Relative Vulnerability - AMAAN)": 0.004211243, "Poverty Level (Internal Vulnerability - AMAAN)": 3.519061584, "composite_score": 0.316719035 }, "geometry": { "type": "Point", "coordinates": [ 35.740763250722537, 33.708118516906211 ] } },
{ "type": "Feature", "properties": { "rand_point_id": 266, "adm3_name1": "عين زحلتا", "adm3_pcode": "23469", "Nighttime light radiance": 1.246440678, "Household Deprivation Score": 0.647885972, "Negative Coping Tendency": 0.1125, "Unemployment rate": 16.5, "Population dependency ratio": 55.3, "Food insecurity level (IPC)": 0.12, "Poverty Level (Relative Vulnerability - AMAAN)": 0.01824872, "Poverty Level (Internal Vulnerability - AMAAN)": 4.035700427, "composite_score": 0.317284229 }, "geometry": { "type": "Point", "coordinates": [ 35.708665519955545, 33.745858039970848 ] } },
{ "type": "Feature", "properties": { "rand_point_id": 267, "adm3_name1": "بعقلين", "adm3_pcode": "23511", "Nighttime light radiance": 2.378985509, "Household Deprivation Score": 0.647885972, "Negative Coping Tendency": 0.1125, "Unemployment rate": 16.5, "Population dependency ratio": 55.3, "Food insecurity level (IPC)": 0.12, "Poverty Level (Relative Vulnerability - AMAAN)": 0.016318566, "Poverty Level (Internal Vulnerability - AMAAN)": 0.802415876, "composite_score": 0.316719069 }, "geometry": { "type": "Point", "coordinates": [ 35.534382835684717, 33.65154898591522 ] } },
{ "type": "Feature", "properties": { "rand_point_id": 268, "adm3_name1": "دير دوريت", "adm3_pcode": "23522", "Nighttime light radiance": 1.633571416, "Household Deprivation Score": 0.647885972, "Negative Coping Tendency": 0.1125, "Unemployment rate": 16.5, "Population dependency ratio": 55.3, "Food insecurity level (IPC)": 0.12, "Poverty Level (Relative Vulnerability - AMAAN)": 0.000877342, "Poverty Level (Internal Vulnerability - AMAAN)": 5.102040816, "composite_score": 0.316648847 }, "geometry": { "type": "Point", "coordinates": [ 35.536008485813099, 33.678992584061454 ] } },
{ "type": "Feature", "properties": { "rand_point_id": 269, "adm3_name1": "عينبال", "adm3_pcode": "23533", "Nighttime light radiance": 1.416190474, "Household Deprivation Score": 0.647885972, "Negative Coping Tendency": 0.1125, "Unemployment rate": 16.5, "Population dependency ratio": 55.3, "Food insecurity level (IPC)": 0.12, "Poverty Level (Relative Vulnerability - AMAAN)": 0.003860306, "Poverty Level (Internal Vulnerability - AMAAN)": 1.803278689, "composite_score": 0.316840434 }, "geometry": { "type": "Point", "coordinates": [ 35.560245046416085, 33.656677311662442 ] } },
{ "type": "Feature", "properties": { "rand_point_id": 270, "adm3_name1": "عترين", "adm3_pcode": "23544", "Nighttime light radiance": 1.690500018, "Household Deprivation Score": 0.647885972, "Negative Coping Tendency": 0.1125, "Unemployment rate": 16.5, "Population dependency ratio": 55.3, "Food insecurity level (IPC)": 0.12, "Poverty Level (Relative Vulnerability - AMAAN)": 0.005088585, "Poverty Level (Internal Vulnerability - AMAAN)": 3.558282209, "composite_score": 0.316766242 }, "geometry": { "type": "Point", "coordinates": [ 35.575178310948232, 33.670641081404902 ] } },
{ "type": "Feature", "properties": { "rand_point_id": 271, "adm3_name1": "وادي بنحليه", "adm3_pcode": "23555", "Nighttime light radiance": 1.557999969, "Household Deprivation Score": 0.647885972, "Negative Coping Tendency": 0.1125, "Unemployment rate": 16.5, "Population dependency ratio": 55.3, "Food insecurity level (IPC)": 0.12, "Poverty Level (Relative Vulnerability - AMAAN)": 0.0, "Poverty Level (Internal Vulnerability - AMAAN)": 0.0, "composite_score": 0.316675602 }, "geometry": { "type": "Point", "coordinates": [ 35.522962556429263, 33.680475224649129 ] } },
{ "type": "Feature", "properties": { "rand_point_id": 272, "adm3_name1": "غريفة", "adm3_pcode": "23566", "Nighttime light radiance": 1.692941169, "Household Deprivation Score": 0.647885972, "Negative Coping Tendency": 0.1125, "Unemployment rate": 16.5, "Population dependency ratio": 55.3, "Food insecurity level (IPC)": 0.12, "Poverty Level (Relative Vulnerability - AMAAN)": 0.007545144, "Poverty Level (Internal Vulnerability - AMAAN)": 1.166259832, "composite_score": 0.316853773 }, "geometry": { "type": "Point", "coordinates": [ 35.553246149197051, 33.62608081699166 ] } },
{ "type": "Feature", "properties": { "rand_point_id": 273, "adm3_name1": "جاهلية", "adm3_pcode": "23577", "Nighttime light radiance": 1.968095257, "Household Deprivation Score": 0.647885972, "Negative Coping Tendency": 0.1125, "Unemployment rate": 16.5, "Population dependency ratio": 55.3, "Food insecurity level (IPC)": 0.12, "Poverty Level (Relative Vulnerability - AMAAN)": 0.028952295, "Poverty Level (Internal Vulnerability - AMAAN)": 4.580788451, "composite_score": 0.317387419 }, "geometry": { "type": "Point", "coordinates": [ 35.510742987480917, 33.663165230122679 ] } },
{ "type": "Feature", "properties": { "rand_point_id": 274, "adm3_name1": "حصروت", "adm3_pcode": "23588", "Nighttime light radiance": 2.639500013, "Household Deprivation Score": 0.647885972, "Negative Coping Tendency": 0.1125, "Unemployment rate": 16.5, "Population dependency ratio": 55.3, "Food insecurity level (IPC)": 0.12, "Poverty Level (Relative Vulnerability - AMAAN)": 0.009299828, "Poverty Level (Internal Vulnerability - AMAAN)": 4.351395731, "composite_score": 0.31649217 }, "geometry": { "type": "Point", "coordinates": [ 35.532525393430028, 33.619563807347312 ] } },
{ "type": "Feature", "properties": { "rand_point_id": 275, "adm3_name1": "مختارة", "adm3_pcode": "23611", "Nighttime light radiance": 2.377272693, "Household Deprivation Score": 0.647885972, "Negative Coping Tendency": 0.1125, "Unemployment rate": 16.5, "Population dependency ratio": 55.3, "Food insecurity level (IPC)": 0.12, "Poverty Level (Relative Vulnerability - AMAAN)": 0.001754685, "Poverty Level (Internal Vulnerability - AMAAN)": 0.884173298, "composite_score": 0.31640525 }, "geometry": { "type": "Point", "coordinates": [ 35.618079224589728, 33.656641401560634 ] } },
{ "type": "Feature", "properties": { "rand_point_id": 276, "adm3_name1": "بطمة", "adm3_pcode": "23615", "Nighttime light radiance": 1.402571411, "Household Deprivation Score": 0.647885972, "Negative Coping Tendency": 0.1125, "Unemployment rate": 16.5, "Population dependency ratio": 55.3, "Food insecurity level (IPC)": 0.12, "Poverty Level (Relative Vulnerability - AMAAN)": 0.003333901, "Poverty Level (Internal Vulnerability - AMAAN)": 1.121605667, "composite_score": 0.316925613 }, "geometry": { "type": "Point", "coordinates": [ 35.625000153907884, 33.660914958395104 ] } },
{ "type": "Feature", "properties": { "rand_point_id": 277, "adm3_name1": "عين قني", "adm3_pcode": "23619", "Nighttime light radiance": 1.867142848, "Household Deprivation Score": 0.647885972, "Negative Coping Tendency": 0.1125, "Unemployment rate": 16.5, "Population dependency ratio": 55.3, "Food insecurity level (IPC)": 0.12, "Poverty Level (Relative Vulnerability - AMAAN)": 0.003158432, "Poverty Level (Internal Vulnerability - AMAAN)": 1.272984441, "composite_score": 0.316702962 }, "geometry": { "type": "Point", "coordinates": [ 35.611979486085765, 33.652050291496025 ] } },
{ "type": "Feature", "properties": { "rand_point_id": 278, "adm3_name1": "جديدة الشوف", "adm3_pcode": "23623", "Nighttime light radiance": 4.367368441, "Household Deprivation Score": 0.647885972, "Negative Coping Tendency": 0.1125, "Unemployment rate": 16.5, "Population dependency ratio": 55.3, "Food insecurity level (IPC)": 0.12, "Poverty Level (Relative Vulnerability - AMAAN)": 0.048780231, "Poverty Level (Internal Vulnerability - AMAAN)": 3.414394498, "composite_score": 0.316876461 }, "geometry": { "type": "Point", "coordinates": [ 35.606149003940594, 33.664043832854922 ] } },
{ "type": "Feature", "properties": { "rand_point_id": 279, "adm3_name1": "نيحا", "adm3_pcode": "23625", "Nighttime light radiance": 0.923236713, "Household Deprivation Score": 0.647885972, "Negative Coping Tendency": 0.1125, "Unemployment rate": 16.5, "Population dependency ratio": 55.3, "Food insecurity level (IPC)": 0.12, "Poverty Level (Relative Vulnerability - AMAAN)": 0.018950593, "Poverty Level (Internal Vulnerability - AMAAN)": 2.657480315, "composite_score": 0.317639246 }, "geometry": { "type": "Point", "coordinates": [ 35.624633732097081, 33.588183144411666 ] } },
{ "type": "Feature", "properties": { "rand_point_id": 280, "adm3_name1": "عين وزين", "adm3_pcode": "23627", "Nighttime light radiance": 2.473703707, "Household Deprivation Score": 0.647885972, "Negative Coping Tendency": 0.1125, "Unemployment rate": 16.5, "Population dependency ratio": 55.3, "Food insecurity level (IPC)": 0.12, "Poverty Level (Relative Vulnerability - AMAAN)": 0.009650765, "Poverty Level (Internal Vulnerability - AMAAN)": 2.972972973, "composite_score": 0.316622353 }, "geometry": { "type": "Point", "coordinates": [ 35.609078559615334, 33.681548333204667 ] } },
{ "type": "Feature", "properties": { "rand_point_id": 281, "adm3_name1": "بعدران", "adm3_pcode": "23631", "Nighttime light radiance": 1.200612245, "Household Deprivation Score": 0.647885972, "Negative Coping Tendency": 0.1125, "Unemployment rate": 16.5, "Population dependency ratio": 55.3, "Food insecurity level (IPC)": 0.12, "Poverty Level (Relative Vulnerability - AMAAN)": 0.005614991, "Poverty Level (Internal Vulnerability - AMAAN)": 1.420328451, "composite_score": 0.317110729 }, "geometry": { "type": "Point", "coordinates": [ 35.621145022379174, 33.647043681261927 ] } },
{ "type": "Feature", "properties": { "rand_point_id": 282, "adm3_name1": "خريبة الشوف", "adm3_pcode": "23635", "Nighttime light radiance": 1.020454544, "Household Deprivation Score": 0.647885972, "Negative Coping Tendency": 0.1125, "Unemployment rate": 16.5, "Population dependency ratio": 55.3, "Food insecurity level (IPC)": 0.12, "Poverty Level (Relative Vulnerability - AMAAN)": 0.010177171, "Poverty Level (Internal Vulnerability - AMAAN)": 3.011422638, "composite_score": 0.317344781 }, "geometry": { "type": "Point", "coordinates": [ 35.654785438431269, 33.640312847376769 ] } },
{ "type": "Feature", "properties": { "rand_point_id": 283, "adm3_name1": "عمّاطور", "adm3_pcode": "23639", "Nighttime light radiance": 0.902187504, "Household Deprivation Score": 0.647885972, "Negative Coping Tendency": 0.1125, "Unemployment rate": 16.5, "Population dependency ratio": 55.3, "Food insecurity level (IPC)": 0.12, "Poverty Level (Relative Vulnerability - AMAAN)": 0.001403748, "Poverty Level (Internal Vulnerability - AMAAN)": 0.32800328, "composite_score": 0.317133138 }, "geometry": { "type": "Point", "coordinates": [ 35.600752483243305, 33.613793586206839 ] } },
{ "type": "Feature", "properties": { "rand_point_id": 284, "adm3_name1": "كحلونية الشوف", "adm3_pcode": "23643", "Nighttime light radiance": 1.703043484, "Household Deprivation Score": 0.647885972, "Negative Coping Tendency": 0.1125, "Unemployment rate": 16.5, "Population dependency ratio": 55.3, "Food insecurity level (IPC)": 0.12, "Poverty Level (Relative Vulnerability - AMAAN)": 0.009299828, "Poverty Level (Internal Vulnerability - AMAAN)": 3.042479908, "composite_score": 0.317000867 }, "geometry": { "type": "Point", "coordinates": [ 35.59617297020921, 33.641048529358024 ] } },
{ "type": "Feature", "properties": { "rand_point_id": 285, "adm3_name1": "حارة جندل", "adm3_pcode": "23647", "Nighttime light radiance": 0.964444449, "Household Deprivation Score": 0.647885972, "Negative Coping Tendency": 0.1125, "Unemployment rate": 16.5, "Population dependency ratio": 55.3, "Food insecurity level (IPC)": 0.12, "Poverty Level (Relative Vulnerability - AMAAN)": 0.001579216, "Poverty Level (Internal Vulnerability - AMAAN)": 1.538461538, "composite_score": 0.317123344 }, "geometry": { "type": "Point", "coordinates": [ 35.61895419012675, 33.615153767047943 ] } },
{ "type": "Feature", "properties": { "rand_point_id": 286, "adm3_name1": "مزرعة", "adm3_pcode": "23651", "Nighttime light radiance": 1.033194447, "Household Deprivation Score": 0.647885972, "Negative Coping Tendency": 0.1125, "Unemployment rate": 16.5, "Population dependency ratio": 55.3, "Food insecurity level (IPC)": 0.12, "Poverty Level (Relative Vulnerability - AMAAN)": 0.0, "Poverty Level (Internal Vulnerability - AMAAN)": 0.0, "composite_score": 0.31704129 }, "geometry": { "type": "Point", "coordinates": [ 35.577044756163033, 33.60605255818858 ] } },
{ "type": "Feature", "properties": { "rand_point_id": 287, "adm3_name1": "كفرنبرخ", "adm3_pcode": "23655", "Nighttime light radiance": 1.996346125, "Household Deprivation Score": 0.647885972, "Negative Coping Tendency": 0.1125, "Unemployment rate": 16.5, "Population dependency ratio": 55.3, "Food insecurity level (IPC)": 0.12, "Poverty Level (Relative Vulnerability - AMAAN)": 0.03070698, "Poverty Level (Internal Vulnerability - AMAAN)": 3.692762186, "composite_score": 0.317514784 }, "geometry": { "type": "Point", "coordinates": [ 35.636075170665855, 33.699397597350377 ] } },
{ "type": "Feature", "properties": { "rand_point_id": 288, "adm3_name1": "مرستى", "adm3_pcode": "23659", "Nighttime light radiance": 0.87999999699999998, "Household Deprivation Score": 0.647885972, "Negative Coping Tendency": 0.1125, "Unemployment rate": 16.5, "Population dependency ratio": 55.3, "Food insecurity level (IPC)": 0.12, "Poverty Level (Relative Vulnerability - AMAAN)": 0.003684838, "Poverty Level (Internal Vulnerability - AMAAN)": 1.439342015, "composite_score": 0.31724036 }, "geometry": { "type": "Point", "coordinates": [ 35.641830333125945, 33.615503224600872 ] } },
{ "type": "Feature", "properties": { "rand_point_id": 289, "adm3_name1": "بتلون", "adm3_pcode": "23663", "Nighttime light radiance": 4.694374997, "Household Deprivation Score": 0.647885972, "Negative Coping Tendency": 0.1125, "Unemployment rate": 16.5, "Population dependency ratio": 55.3, "Food insecurity level (IPC)": 0.12, "Poverty Level (Relative Vulnerability - AMAAN)": 0.023337305, "Poverty Level (Internal Vulnerability - AMAAN)": 4.520734194, "composite_score": 0.316014299 }, "geometry": { "type": "Point", "coordinates": [ 35.644429408435002, 33.693198937758204 ] } },
{ "type": "Feature", "properties": { "rand_point_id": 290, "adm3_name1": "معاصر الشوف", "adm3_pcode": "23667", "Nighttime light radiance": 1.216299993, "Household Deprivation Score": 0.647885972, "Negative Coping Tendency": 0.1125, "Unemployment rate": 16.5, "Population dependency ratio": 55.3, "Food insecurity level (IPC)": 0.12, "Poverty Level (Relative Vulnerability - AMAAN)": 0.002807495, "Poverty Level (Internal Vulnerability - AMAAN)": 0.597460792, "composite_score": 0.317058696 }, "geometry": { "type": "Point", "coordinates": [ 35.665014301590197, 33.656320431393183 ] } },
{ "type": "Feature", "properties": { "rand_point_id": 291, "adm3_name1": "جباع", "adm3_pcode": "23671", "Nighttime light radiance": 1.061875001, "Household Deprivation Score": 0.647885972, "Negative Coping Tendency": 0.1125, "Unemployment rate": 16.5, "Population dependency ratio": 55.3, "Food insecurity level (IPC)": 0.12, "Poverty Level (Relative Vulnerability - AMAAN)": 0.021231683, "Poverty Level (Internal Vulnerability - AMAAN)": 9.618441971, "composite_score": 0.317726027 }, "geometry": { "type": "Point", "coordinates": [ 35.654011573229965, 33.595774988977311 ] } },
{ "type": "Feature", "properties": { "rand_point_id": 292, "adm3_name1": "باتر", "adm3_pcode": "23675", "Nighttime light radiance": 1.685862066, "Household Deprivation Score": 0.647885972, "Negative Coping Tendency": 0.1125, "Unemployment rate": 16.5, "Population dependency ratio": 55.3, "Food insecurity level (IPC)": 0.12, "Poverty Level (Relative Vulnerability - AMAAN)": 0.008948891, "Poverty Level (Internal Vulnerability - AMAAN)": 1.675977654, "composite_score": 0.317030606 }, "geometry": { "type": "Point", "coordinates": [ 35.61831023277216, 33.604062823297625 ] } },
{ "type": "Feature", "properties": { "rand_point_id": 293, "adm3_name1": "الباروك", "adm3_pcode": "23679", "Nighttime light radiance": 1.909126219, "Household Deprivation Score": 0.647885972, "Negative Coping Tendency": 0.1125, "Unemployment rate": 16.5, "Population dependency ratio": 55.3, "Food insecurity level (IPC)": 0.12, "Poverty Level (Relative Vulnerability - AMAAN)": 0.020354341, "Poverty Level (Internal Vulnerability - AMAAN)": 3.063110642, "composite_score": 0.317274033 }, "geometry": { "type": "Point", "coordinates": [ 35.722168464634578, 33.701318415462545 ] } },
{ "type": "Feature", "properties": { "rand_point_id": 294, "adm3_name1": "بيقون", "adm3_pcode": "23687", "Nighttime light radiance": 0.913999995, "Household Deprivation Score": 0.647885972, "Negative Coping Tendency": 0.1125, "Unemployment rate": 16.5, "Population dependency ratio": 55.3, "Food insecurity level (IPC)": 0.12, "Poverty Level (Relative Vulnerability - AMAAN)": 0.0, "Poverty Level (Internal Vulnerability - AMAAN)": 0.0, "composite_score": 0.317141197 }, "geometry": { "type": "Point", "coordinates": [ 35.584622534523852, 33.618300151939842 ] } },
{ "type": "Feature", "properties": { "rand_point_id": 295, "adm3_name1": null, "adm3_pcode": "24001", "Nighttime light radiance": null, "Household Deprivation Score": null, "Negative Coping Tendency": null, "Unemployment rate": null, "Population dependency ratio": null, "Food insecurity level (IPC)": null, "Poverty Level (Relative Vulnerability - AMAAN)": null, "Poverty Level (Internal Vulnerability - AMAAN)": null, "composite_score": null }, "geometry": { "type": "Point", "coordinates": [ 35.641822641352178, 33.768745977889395 ] } },
{ "type": "Feature", "properties": { "rand_point_id": 296, "adm3_name1": null, "adm3_pcode": "24002", "Nighttime light radiance": null, "Household Deprivation Score": null, "Negative Coping Tendency": null, "Unemployment rate": null, "Population dependency ratio": null, "Food insecurity level (IPC)": null, "Poverty Level (Relative Vulnerability - AMAAN)": null, "Poverty Level (Internal Vulnerability - AMAAN)": null, "composite_score": null }, "geometry": { "type": "Point", "coordinates": [ 35.595721821767363, 33.761578367589898 ] } },
{ "type": "Feature", "properties": { "rand_point_id": 297, "adm3_name1": null, "adm3_pcode": "24003", "Nighttime light radiance": null, "Household Deprivation Score": null, "Negative Coping Tendency": null, "Unemployment rate": null, "Population dependency ratio": null, "Food insecurity level (IPC)": null, "Poverty Level (Relative Vulnerability - AMAAN)": null, "Poverty Level (Internal Vulnerability - AMAAN)": null, "composite_score": null }, "geometry": { "type": "Point", "coordinates": [ 35.6383502823359, 33.761386694053201 ] } },
{ "type": "Feature", "properties": { "rand_point_id": 298, "adm3_name1": null, "adm3_pcode": "24004", "Nighttime light radiance": null, "Household Deprivation Score": null, "Negative Coping Tendency": null, "Unemployment rate": null, "Population dependency ratio": null, "Food insecurity level (IPC)": null, "Poverty Level (Relative Vulnerability - AMAAN)": null, "Poverty Level (Internal Vulnerability - AMAAN)": null, "composite_score": null }, "geometry": { "type": "Point", "coordinates": [ 35.63148437921852, 33.751042212527921 ] } },
{ "type": "Feature", "properties": { "rand_point_id": 299, "adm3_name1": null, "adm3_pcode": "24005", "Nighttime light radiance": null, "Household Deprivation Score": null, "Negative Coping Tendency": null, "Unemployment rate": null, "Population dependency ratio": null, "Food insecurity level (IPC)": null, "Poverty Level (Relative Vulnerability - AMAAN)": null, "Poverty Level (Internal Vulnerability - AMAAN)": null, "composite_score": null }, "geometry": { "type": "Point", "coordinates": [ 35.642077397130628, 33.750198920089012 ] } },
{ "type": "Feature", "properties": { "rand_point_id": 300, "adm3_name1": null, "adm3_pcode": "24006", "Nighttime light radiance": null, "Household Deprivation Score": null, "Negative Coping Tendency": null, "Unemployment rate": null, "Population dependency ratio": null, "Food insecurity level (IPC)": null, "Poverty Level (Relative Vulnerability - AMAAN)": null, "Poverty Level (Internal Vulnerability - AMAAN)": null, "composite_score": null }, "geometry": { "type": "Point", "coordinates": [ 35.640218985229886, 33.749407706281509 ] } },
{ "type": "Feature", "properties": { "rand_point_id": 301, "adm3_name1": null, "adm3_pcode": "24007", "Nighttime light radiance": null, "Household Deprivation Score": null, "Negative Coping Tendency": null, "Unemployment rate": null, "Population dependency ratio": null, "Food insecurity level (IPC)": null, "Poverty Level (Relative Vulnerability - AMAAN)": null, "Poverty Level (Internal Vulnerability - AMAAN)": null, "composite_score": null }, "geometry": { "type": "Point", "coordinates": [ 35.573492764187115, 33.742024841429846 ] } },
{ "type": "Feature", "properties": { "rand_point_id": 302, "adm3_name1": null, "adm3_pcode": "24008", "Nighttime light radiance": null, "Household Deprivation Score": null, "Negative Coping Tendency": null, "Unemployment rate": null, "Population dependency ratio": null, "Food insecurity level (IPC)": null, "Poverty Level (Relative Vulnerability - AMAAN)": null, "Poverty Level (Internal Vulnerability - AMAAN)": null, "composite_score": null }, "geometry": { "type": "Point", "coordinates": [ 35.543942747936988, 33.743708750719691 ] } },
{ "type": "Feature", "properties": { "rand_point_id": 303, "adm3_name1": null, "adm3_pcode": "24009", "Nighttime light radiance": null, "Household Deprivation Score": null, "Negative Coping Tendency": null, "Unemployment rate": null, "Population dependency ratio": null, "Food insecurity level (IPC)": null, "Poverty Level (Relative Vulnerability - AMAAN)": null, "Poverty Level (Internal Vulnerability - AMAAN)": null, "composite_score": null }, "geometry": { "type": "Point", "coordinates": [ 35.551366628067861, 33.719862408697118 ] } },
{ "type": "Feature", "properties": { "rand_point_id": 304, "adm3_name1": "عمروسية الشويفات", "adm3_pcode": "24111", "Nighttime light radiance": 26.16200013, "Household Deprivation Score": 0.441431948, "Negative Coping Tendency": 9.0625, "Unemployment rate": 13.0, "Population dependency ratio": 53.0, "Food insecurity level (IPC)": 0.11, "Poverty Level (Relative Vulnerability - AMAAN)": 2.713093281, "Poverty Level (Internal Vulnerability - AMAAN)": 15.74990832, "composite_score": 0.331438723 }, "geometry": { "type": "Point", "coordinates": [ 35.523889374509025, 33.805141039259716 ] } },
{ "type": "Feature", "properties": { "rand_point_id": 305, "adm3_name1": "قبة الشويفات", "adm3_pcode": "24133", "Nighttime light radiance": 22.18442301, "Household Deprivation Score": 0.441431948, "Negative Coping Tendency": 9.0625, "Unemployment rate": 13.0, "Population dependency ratio": 53.0, "Food insecurity level (IPC)": 0.11, "Poverty Level (Relative Vulnerability - AMAAN)": 0.211965896, "Poverty Level (Internal Vulnerability - AMAAN)": 3.078726712, "composite_score": 0.258835022 }, "geometry": { "type": "Point", "coordinates": [ 35.488494610583942, 33.789572791717696 ] } },
{ "type": "Feature", "properties": { "rand_point_id": 306, "adm3_name1": "الشويفات الامراء", "adm3_pcode": "24155", "Nighttime light radiance": 16.94039993, "Household Deprivation Score": 0.441431948, "Negative Coping Tendency": 9.0625, "Unemployment rate": 13.0, "Population dependency ratio": 53.0, "Food insecurity level (IPC)": 0.11, "Poverty Level (Relative Vulnerability - AMAAN)": 0.604839771, "Poverty Level (Internal Vulnerability - AMAAN)": 46.85333696, "composite_score": 0.273269435 }, "geometry": { "type": "Point", "coordinates": [ 35.486099897985589, 33.816502684206547 ] } },
{ "type": "Feature", "properties": { "rand_point_id": 307, "adm3_name1": "دير قوبل", "adm3_pcode": "24177", "Nighttime light radiance": 13.70230755, "Household Deprivation Score": 0.441431948, "Negative Coping Tendency": 9.0625, "Unemployment rate": 13.0, "Population dependency ratio": 53.0, "Food insecurity level (IPC)": 0.11, "Poverty Level (Relative Vulnerability - AMAAN)": 0.018599656, "Poverty Level (Internal Vulnerability - AMAAN)": 3.278688525, "composite_score": 0.257198476 }, "geometry": { "type": "Point", "coordinates": [ 35.50164700761119, 33.798420763210807 ] } },
{ "type": "Feature", "properties": { "rand_point_id": 308, "adm3_name1": "عرمون", "adm3_pcode": "24211", "Nighttime light radiance": 9.425454526, "Household Deprivation Score": 0.441431948, "Negative Coping Tendency": 9.0625, "Unemployment rate": 13.0, "Population dependency ratio": 53.0, "Food insecurity level (IPC)": 0.11, "Poverty Level (Relative Vulnerability - AMAAN)": 0.265483775, "Poverty Level (Internal Vulnerability - AMAAN)": 7.28314239, "composite_score": 0.266660052 }, "geometry": { "type": "Point", "coordinates": [ 35.486206798575282, 33.770703990427549 ] } },
{ "type": "Feature", "properties": { "rand_point_id": 309, "adm3_name1": "عين درافيل", "adm3_pcode": "24219", "Nighttime light radiance": 3.104999974, "Household Deprivation Score": 0.441431948, "Negative Coping Tendency": 9.0625, "Unemployment rate": 13.0, "Population dependency ratio": 53.0, "Food insecurity level (IPC)": 0.11, "Poverty Level (Relative Vulnerability - AMAAN)": 0.0, "Poverty Level (Internal Vulnerability - AMAAN)": 0.0, "composite_score": 0.261763216 }, "geometry": { "type": "Point", "coordinates": [ 35.502892553992282, 33.752070944211589 ] } },
{ "type": "Feature", "properties": { "rand_point_id": 310, "adm3_name1": "سرحمول", "adm3_pcode": "24227", "Nighttime light radiance": 3.67909089, "Household Deprivation Score": 0.441431948, "Negative Coping Tendency": 9.0625, "Unemployment rate": 13.0, "Population dependency ratio": 53.0, "Food insecurity level (IPC)": 0.11, "Poverty Level (Relative Vulnerability - AMAAN)": 0.005614991, "Poverty Level (Internal Vulnerability - AMAAN)": 2.6272578, "composite_score": 0.261676152 }, "geometry": { "type": "Point", "coordinates": [ 35.531291024547187, 33.774653668808249 ] } },
{ "type": "Feature", "properties": { "rand_point_id": 311, "adm3_name1": "بعورته", "adm3_pcode": "24235", "Nighttime light radiance": 2.37500001, "Household Deprivation Score": 0.441431948, "Negative Coping Tendency": 9.0625, "Unemployment rate": 13.0, "Population dependency ratio": 53.0, "Food insecurity level (IPC)": 0.11, "Poverty Level (Relative Vulnerability - AMAAN)": 0.017546846, "Poverty Level (Internal Vulnerability - AMAAN)": 10.22494888, "composite_score": 0.262700072 }, "geometry": { "type": "Point", "coordinates": [ 35.486174763670711, 33.748813658129215 ] } },
{ "type": "Feature", "properties": { "rand_point_id": 312, "adm3_name1": "بشامون", "adm3_pcode": "24243", "Nighttime light radiance": 14.31916665, "Household Deprivation Score": 0.441431948, "Negative Coping Tendency": 9.0625, "Unemployment rate": 13.0, "Population dependency ratio": 53.0, "Food insecurity level (IPC)": 0.11, "Poverty Level (Relative Vulnerability - AMAAN)": 0.098086867, "Poverty Level (Internal Vulnerability - AMAAN)": 4.231642695, "composite_score": 0.259352209 }, "geometry": { "type": "Point", "coordinates": [ 35.501457855945077, 33.791597298086181 ] } },
{ "type": "Feature", "properties": { "rand_point_id": 313, "adm3_name1": "دقون", "adm3_pcode": "24251", "Nighttime light radiance": 1.751499987, "Household Deprivation Score": 0.441431948, "Negative Coping Tendency": 9.0625, "Unemployment rate": 13.0, "Population dependency ratio": 53.0, "Food insecurity level (IPC)": 0.11, "Poverty Level (Relative Vulnerability - AMAAN)": 0.0, "Poverty Level (Internal Vulnerability - AMAAN)": 0.0, "composite_score": 0.262450439 }, "geometry": { "type": "Point", "coordinates": [ 35.490659737837802, 33.72876077974945 ] } },
{ "type": "Feature", "properties": { "rand_point_id": 314, "adm3_name1": "عين عنوب", "adm3_pcode": "24259", "Nighttime light radiance": 5.118500018, "Household Deprivation Score": 0.441431948, "Negative Coping Tendency": 9.0625, "Unemployment rate": 13.0, "Population dependency ratio": 53.0, "Food insecurity level (IPC)": 0.11, "Poverty Level (Relative Vulnerability - AMAAN)": 0.018599656, "Poverty Level (Internal Vulnerability - AMAAN)": 2.729145211, "composite_score": 0.261410813 }, "geometry": { "type": "Point", "coordinates": [ 35.534493368900293, 33.784651424284284 ] } },
{ "type": "Feature", "properties": { "rand_point_id": 315, "adm3_name1": "بليبل", "adm3_pcode": "24267", "Nighttime light radiance": 13.00500011, "Household Deprivation Score": 0.441431948, "Negative Coping Tendency": 9.0625, "Unemployment rate": 13.0, "Population dependency ratio": 53.0, "Food insecurity level (IPC)": 0.11, "Poverty Level (Relative Vulnerability - AMAAN)": 0.011054513, "Poverty Level (Internal Vulnerability - AMAAN)": 6.803455724, "composite_score": 0.257430669 }, "geometry": { "type": "Point", "coordinates": [ 35.547677271881668, 33.814124343137166 ] } },
{ "type": "Feature", "properties": { "rand_point_id": 316, "adm3_name1": "حومال", "adm3_pcode": "24275", "Nighttime light radiance": 13.8579998, "Household Deprivation Score": 0.441431948, "Negative Coping Tendency": 9.0625, "Unemployment rate": 13.0, "Population dependency ratio": 53.0, "Food insecurity level (IPC)": 0.11, "Poverty Level (Relative Vulnerability - AMAAN)": 0.003684838, "Poverty Level (Internal Vulnerability - AMAAN)": 1.238938053, "composite_score": 0.256786958 }, "geometry": { "type": "Point", "coordinates": [ 35.559240511469049, 33.807612839914661 ] } },
{ "type": "Feature", "properties": { "rand_point_id": 317, "adm3_name1": "بدادون", "adm3_pcode": "24283", "Nighttime light radiance": 14.71250021, "Household Deprivation Score": 0.441431948, "Negative Coping Tendency": 9.0625, "Unemployment rate": 13.0, "Population dependency ratio": 53.0, "Food insecurity level (IPC)": 0.11, "Poverty Level (Relative Vulnerability - AMAAN)": 0.004035775, "Poverty Level (Internal Vulnerability - AMAAN)": 1.184346035, "composite_score": 0.256396782 }, "geometry": { "type": "Point", "coordinates": [ 35.559866189021442, 33.803940134539403 ] } },
{ "type": "Feature", "properties": { "rand_point_id": 318, "adm3_name1": "بسوس", "adm3_pcode": "24291", "Nighttime light radiance": 9.554615498, "Household Deprivation Score": 0.441431948, "Negative Coping Tendency": 9.0625, "Unemployment rate": 13.0, "Population dependency ratio": 53.0, "Food insecurity level (IPC)": 0.11, "Poverty Level (Relative Vulnerability - AMAAN)": 0.008422486, "Poverty Level (Internal Vulnerability - AMAAN)": 3.026481715, "composite_score": 0.259019152 }, "geometry": { "type": "Point", "coordinates": [ 35.585295631887853, 33.811110104200736 ] } },
{ "type": "Feature", "properties": { "rand_point_id": 319, "adm3_name1": "عاليه", "adm3_pcode": "24311", "Nighttime light radiance": 13.16553189, "Household Deprivation Score": 0.441431948, "Negative Coping Tendency": 9.0625, "Unemployment rate": 13.0, "Population dependency ratio": 53.0, "Food insecurity level (IPC)": 0.11, "Poverty Level (Relative Vulnerability - AMAAN)": 0.197577482, "Poverty Level (Internal Vulnerability - AMAAN)": 3.649564062, "composite_score": 0.262946482 }, "geometry": { "type": "Point", "coordinates": [ 35.600846773236718, 33.801171374450661 ] } },
{ "type": "Feature", "properties": { "rand_point_id": 320, "adm3_name1": "الكحاله", "adm3_pcode": "24313", "Nighttime light radiance": 12.00818162, "Household Deprivation Score": 0.441431948, "Negative Coping Tendency": 9.0625, "Unemployment rate": 13.0, "Population dependency ratio": 53.0, "Food insecurity level (IPC)": 0.11, "Poverty Level (Relative Vulnerability - AMAAN)": 0.007194207, "Poverty Level (Internal Vulnerability - AMAAN)": 1.266213712, "composite_score": 0.257824001 }, "geometry": { "type": "Point", "coordinates": [ 35.599048747159472, 33.816311121632936 ] } },
{ "type": "Feature", "properties": { "rand_point_id": 321, "adm3_name1": "قماطية", "adm3_pcode": "24315", "Nighttime light radiance": 10.03600006, "Household Deprivation Score": 0.441431948, "Negative Coping Tendency": 9.0625, "Unemployment rate": 13.0, "Population dependency ratio": 53.0, "Food insecurity level (IPC)": 0.11, "Poverty Level (Relative Vulnerability - AMAAN)": 0.110545128, "Poverty Level (Internal Vulnerability - AMAAN)": 11.7581187, "composite_score": 0.261896444 }, "geometry": { "type": "Point", "coordinates": [ 35.577034819007636, 33.801672012010954 ] } },
{ "type": "Feature", "properties": { "rand_point_id": 322, "adm3_name1": "عين الرمانة", "adm3_pcode": "24317", "Nighttime light radiance": 6.51666673, "Household Deprivation Score": 0.441431948, "Negative Coping Tendency": 9.0625, "Unemployment rate": 13.0, "Population dependency ratio": 53.0, "Food insecurity level (IPC)": 0.11, "Poverty Level (Relative Vulnerability - AMAAN)": 0.006316864, "Poverty Level (Internal Vulnerability - AMAAN)": 5.78778135, "composite_score": 0.260456734 }, "geometry": { "type": "Point", "coordinates": [ 35.586659921175531, 33.80565295704212 ] } },
{ "type": "Feature", "properties": { "rand_point_id": 323, "adm3_name1": "بمكين", "adm3_pcode": "24319", "Nighttime light radiance": 6.861999989, "Household Deprivation Score": 0.441431948, "Negative Coping Tendency": 9.0625, "Unemployment rate": 13.0, "Population dependency ratio": 53.0, "Food insecurity level (IPC)": 0.11, "Poverty Level (Relative Vulnerability - AMAAN)": 0.006316864, "Poverty Level (Internal Vulnerability - AMAAN)": 6.14334471, "composite_score": 0.260295031 }, "geometry": { "type": "Point", "coordinates": [ 35.571141063624495, 33.795241426633403 ] } },
{ "type": "Feature", "properties": { "rand_point_id": 324, "adm3_name1": "بخشتيه", "adm3_pcode": "24321", "Nighttime light radiance": 11.02833343, "Household Deprivation Score": 0.441431948, "Negative Coping Tendency": 9.0625, "Unemployment rate": 13.0, "Population dependency ratio": 53.0, "Food insecurity level (IPC)": 0.11, "Poverty Level (Relative Vulnerability - AMAAN)": 0.007720612, "Poverty Level (Internal Vulnerability - AMAAN)": 5.263157895, "composite_score": 0.258336837 }, "geometry": { "type": "Point", "coordinates": [ 35.62426208719323, 33.798212372420501 ] } },
{ "type": "Feature", "properties": { "rand_point_id": 325, "adm3_name1": "الغابون", "adm3_pcode": "24323", "Nighttime light radiance": 3.025384628, "Household Deprivation Score": 0.441431948, "Negative Coping Tendency": 9.0625, "Unemployment rate": 13.0, "Population dependency ratio": 53.0, "Food insecurity level (IPC)": 0.11, "Poverty Level (Relative Vulnerability - AMAAN)": 0.021758089, "Poverty Level (Internal Vulnerability - AMAAN)": 8.806818182000001, "composite_score": 0.262611698 }, "geometry": { "type": "Point", "coordinates": [ 35.586565395421921, 33.782664946507843 ] } },
{ "type": "Feature", "properties": { "rand_point_id": 326, "adm3_name1": "عين الجديدة", "adm3_pcode": "24325", "Nighttime light radiance": 8.584285668, "Household Deprivation Score": 0.441431948, "Negative Coping Tendency": 9.0625, "Unemployment rate": 13.0, "Population dependency ratio": 53.0, "Food insecurity level (IPC)": 0.11, "Poverty Level (Relative Vulnerability - AMAAN)": 0.006316864, "Poverty Level (Internal Vulnerability - AMAAN)": 6.818181818, "composite_score": 0.259478998 }, "geometry": { "type": "Point", "coordinates": [ 35.633787198726729, 33.808265709072657 ] } },
{ "type": "Feature", "properties": { "rand_point_id": 327, "adm3_name1": "بحوارا", "adm3_pcode": "24327", "Nighttime light radiance": 4.572857176, "Household Deprivation Score": 0.441431948, "Negative Coping Tendency": 9.0625, "Unemployment rate": 13.0, "Population dependency ratio": 53.0, "Food insecurity level (IPC)": 0.11, "Poverty Level (Relative Vulnerability - AMAAN)": 0.0, "Poverty Level (Internal Vulnerability - AMAAN)": 0.0, "composite_score": 0.261187319 }, "geometry": { "type": "Point", "coordinates": [ 35.591429659567162, 33.792317334982293 ] } },
{ "type": "Feature", "properties": { "rand_point_id": 328, "adm3_name1": "عيتات", "adm3_pcode": "24329", "Nighttime light radiance": 5.679285748, "Household Deprivation Score": 0.441431948, "Negative Coping Tendency": 9.0625, "Unemployment rate": 13.0, "Population dependency ratio": 53.0, "Food insecurity level (IPC)": 0.11, "Poverty Level (Relative Vulnerability - AMAAN)": 0.020354341, "Poverty Level (Internal Vulnerability - AMAAN)": 6.531531532, "composite_score": 0.261293959 }, "geometry": { "type": "Point", "coordinates": [ 35.559643750088291, 33.786534331211875 ] } },
{ "type": "Feature", "properties": { "rand_point_id": 329, "adm3_name1": "سوق الغرب", "adm3_pcode": "24331", "Nighttime light radiance": 5.469285675, "Household Deprivation Score": 0.441431948, "Negative Coping Tendency": 9.0625, "Unemployment rate": 13.0, "Population dependency ratio": 53.0, "Food insecurity level (IPC)": 0.11, "Poverty Level (Relative Vulnerability - AMAAN)": 0.008773423, "Poverty Level (Internal Vulnerability - AMAAN)": 3.875968992, "composite_score": 0.261040462 }, "geometry": { "type": "Point", "coordinates": [ 35.574893362666238, 33.792092706730301 ] } },
{ "type": "Feature", "properties": { "rand_point_id": 330, "adm3_name1": "تعزانية", "adm3_pcode": "24333", "Nighttime light radiance": 3.433333357, "Household Deprivation Score": 0.441431948, "Negative Coping Tendency": 9.0625, "Unemployment rate": 13.0, "Population dependency ratio": 53.0, "Food insecurity level (IPC)": 0.11, "Poverty Level (Relative Vulnerability - AMAAN)": 0.000701874, "Poverty Level (Internal Vulnerability - AMAAN)": 4.255319149, "composite_score": 0.261780741 }, "geometry": { "type": "Point", "coordinates": [ 35.620999036807284, 33.785549187095079 ] } },
{ "type": "Feature", "properties": { "rand_point_id": 331, "adm3_name1": "رجمة", "adm3_pcode": "24335", "Nighttime light radiance": 5.00800004, "Household Deprivation Score": 0.441431948, "Negative Coping Tendency": 9.0625, "Unemployment rate": 13.0, "Population dependency ratio": 53.0, "Food insecurity level (IPC)": 0.11, "Poverty Level (Relative Vulnerability - AMAAN)": 0.0, "Poverty Level (Internal Vulnerability - AMAAN)": 0.0, "composite_score": 0.260988089 }, "geometry": { "type": "Point", "coordinates": [ 35.612225926714608, 33.792078976743007 ] } },
{ "type": "Feature", "properties": { "rand_point_id": 332, "adm3_name1": "كيفون", "adm3_pcode": "24337", "Nighttime light radiance": 8.052500109, "Household Deprivation Score": 0.441431948, "Negative Coping Tendency": 9.0625, "Unemployment rate": 13.0, "Population dependency ratio": 53.0, "Food insecurity level (IPC)": 0.11, "Poverty Level (Relative Vulnerability - AMAAN)": 0.04316524, "Poverty Level (Internal Vulnerability - AMAAN)": 7.330154946, "composite_score": 0.260847906 }, "geometry": { "type": "Point", "coordinates": [ 35.560560269926647, 33.783234810640607 ] } },
{ "type": "Feature", "properties": { "rand_point_id": 333, "adm3_name1": "شملان", "adm3_pcode": "24339", "Nighttime light radiance": 7.9150002, "Household Deprivation Score": 0.441431948, "Negative Coping Tendency": 9.0625, "Unemployment rate": 13.0, "Population dependency ratio": 53.0, "Food insecurity level (IPC)": 0.11, "Poverty Level (Relative Vulnerability - AMAAN)": 0.0, "Poverty Level (Internal Vulnerability - AMAAN)": 0.0, "composite_score": 0.259598424 }, "geometry": { "type": "Point", "coordinates": [ 35.541284114171432, 33.779830869711475 ] } },
{ "type": "Feature", "properties": { "rand_point_id": 334, "adm3_name1": "كفرعميه", "adm3_pcode": "24341", "Nighttime light radiance": 2.303333362, "Household Deprivation Score": 0.441431948, "Negative Coping Tendency": 9.0625, "Unemployment rate": 13.0, "Population dependency ratio": 53.0, "Food insecurity level (IPC)": 0.11, "Poverty Level (Relative Vulnerability - AMAAN)": 0.0, "Poverty Level (Internal Vulnerability - AMAAN)": 0.0, "composite_score": 0.262292569 }, "geometry": { "type": "Point", "coordinates": [ 35.592552069151104, 33.762343227250831 ] } },
{ "type": "Feature", "properties": { "rand_point_id": 335, "adm3_name1": "بيصور", "adm3_pcode": "24343", "Nighttime light radiance": 4.738484852, "Household Deprivation Score": 0.441431948, "Negative Coping Tendency": 9.0625, "Unemployment rate": 13.0, "Population dependency ratio": 53.0, "Food insecurity level (IPC)": 0.11, "Poverty Level (Relative Vulnerability - AMAAN)": 0.070362851, "Poverty Level (Internal Vulnerability - AMAAN)": 4.213955443, "composite_score": 0.263240834 }, "geometry": { "type": "Point", "coordinates": [ 35.567946857417923, 33.770509298008164 ] } },
{ "type": "Feature", "properties": { "rand_point_id": 336, "adm3_name1": "دوير الرمان", "adm3_pcode": "24345", "Nighttime light radiance": 3.064999968, "Household Deprivation Score": 0.441431948, "Negative Coping Tendency": 9.0625, "Unemployment rate": 13.0, "Population dependency ratio": 53.0, "Food insecurity level (IPC)": 0.11, "Poverty Level (Relative Vulnerability - AMAAN)": 0.0, "Poverty Level (Internal Vulnerability - AMAAN)": 0.0, "composite_score": 0.261931965 }, "geometry": { "type": "Point", "coordinates": [ 35.576042148609389, 33.753110174023163 ] } },
{ "type": "Feature", "properties": { "rand_point_id": 337, "adm3_name1": "رويسة النعمان", "adm3_pcode": "24347", "Nighttime light radiance": 1.462857144, "Household Deprivation Score": 0.441431948, "Negative Coping Tendency": 9.0625, "Unemployment rate": 13.0, "Population dependency ratio": 53.0, "Food insecurity level (IPC)": 0.11, "Poverty Level (Relative Vulnerability - AMAAN)": 0.0, "Poverty Level (Internal Vulnerability - AMAAN)": 0.0, "composite_score": 0.262702846 }, "geometry": { "type": "Point", "coordinates": [ 35.604940833891774, 33.754331801034496 ] } },
{ "type": "Feature", "properties": { "rand_point_id": 338, "adm3_name1": "مجدليا", "adm3_pcode": "24349", "Nighttime light radiance": 4.59571416, "Household Deprivation Score": 0.441431948, "Negative Coping Tendency": 9.0625, "Unemployment rate": 13.0, "Population dependency ratio": 53.0, "Food insecurity level (IPC)": 0.11, "Poverty Level (Relative Vulnerability - AMAAN)": 0.664849983, "Poverty Level (Internal Vulnerability - AMAAN)": 163.1080499, "composite_score": 0.281721756 }, "geometry": { "type": "Point", "coordinates": [ 35.575195858079056, 33.752086771329623 ] } },
{ "type": "Feature", "properties": { "rand_point_id": 339, "adm3_name1": "عيناب", "adm3_pcode": "24351", "Nighttime light radiance": 4.75850004, "Household Deprivation Score": 0.441431948, "Negative Coping Tendency": 9.0625, "Unemployment rate": 13.0, "Population dependency ratio": 53.0, "Food insecurity level (IPC)": 0.11, "Poverty Level (Relative Vulnerability - AMAAN)": 0.004035775, "Poverty Level (Internal Vulnerability - AMAAN)": 1.755725191, "composite_score": 0.261254698 }, "geometry": { "type": "Point", "coordinates": [ 35.552463144821729, 33.760895101864392 ] } },
{ "type": "Feature", "properties": { "rand_point_id": 340, "adm3_name1": "شرتون", "adm3_pcode": "24353", "Nighttime light radiance": 2.418235316, "Household Deprivation Score": 0.441431948, "Negative Coping Tendency": 9.0625, "Unemployment rate": 13.0, "Population dependency ratio": 53.0, "Food insecurity level (IPC)": 0.11, "Poverty Level (Relative Vulnerability - AMAAN)": 0.0, "Poverty Level (Internal Vulnerability - AMAAN)": 0.0, "composite_score": 0.262251698 }, "geometry": { "type": "Point", "coordinates": [ 35.585742400487106, 33.768140160525789 ] } },
{ "type": "Feature", "properties": { "rand_point_id": 341, "adm3_name1": "بو زريده", "adm3_pcode": "24355", "Nighttime light radiance": 2.096666654, "Household Deprivation Score": 0.441431948, "Negative Coping Tendency": 9.0625, "Unemployment rate": 13.0, "Population dependency ratio": 53.0, "Food insecurity level (IPC)": 0.11, "Poverty Level (Relative Vulnerability - AMAAN)": 0.0, "Poverty Level (Internal Vulnerability - AMAAN)": 0.0, "composite_score": 0.26240832 }, "geometry": { "type": "Point", "coordinates": [ 35.575311412459939, 33.751088183944347 ] } },
{ "type": "Feature", "properties": { "rand_point_id": 342, "adm3_name1": "دفون", "adm3_pcode": "24357", "Nighttime light radiance": 4.762500077, "Household Deprivation Score": 0.441431948, "Negative Coping Tendency": 9.0625, "Unemployment rate": 13.0, "Population dependency ratio": 53.0, "Food insecurity level (IPC)": 0.11, "Poverty Level (Relative Vulnerability - AMAAN)": 0.0, "Poverty Level (Internal Vulnerability - AMAAN)": 0.0, "composite_score": 0.261131963 }, "geometry": { "type": "Point", "coordinates": [ 35.561409235768778, 33.747760101702049 ] } },
{ "type": "Feature", "properties": { "rand_point_id": 343, "adm3_name1": "رشميا", "adm3_pcode": "24359", "Nighttime light radiance": 2.178205132, "Household Deprivation Score": 0.441431948, "Negative Coping Tendency": 9.0625, "Unemployment rate": 13.0, "Population dependency ratio": 53.0, "Food insecurity level (IPC)": 0.11, "Poverty Level (Relative Vulnerability - AMAAN)": 0.001579216, "Poverty Level (Internal Vulnerability - AMAAN)": 1.910828025, "composite_score": 0.262429425 }, "geometry": { "type": "Point", "coordinates": [ 35.603785066203912, 33.73505713745935 ] } },
{ "type": "Feature", "properties": { "rand_point_id": 344, "adm3_name1": "عين تراز", "adm3_pcode": "24361", "Nighttime light radiance": 1.575625002, "Household Deprivation Score": 0.441431948, "Negative Coping Tendency": 9.0625, "Unemployment rate": 13.0, "Population dependency ratio": 53.0, "Food insecurity level (IPC)": 0.11, "Poverty Level (Relative Vulnerability - AMAAN)": 0.0, "Poverty Level (Internal Vulnerability - AMAAN)": 0.0, "composite_score": 0.262665372 }, "geometry": { "type": "Point", "coordinates": [ 35.580675755147219, 33.724943225953851 ] } },
{ "type": "Feature", "properties": { "rand_point_id": 345, "adm3_name1": "سلفايا", "adm3_pcode": "24363", "Nighttime light radiance": 2.555999994, "Household Deprivation Score": 0.441431948, "Negative Coping Tendency": 9.0625, "Unemployment rate": 13.0, "Population dependency ratio": 53.0, "Food insecurity level (IPC)": 0.11, "Poverty Level (Relative Vulnerability - AMAAN)": 0.000877342, "Poverty Level (Internal Vulnerability - AMAAN)": 16.12903226, "composite_score": 0.262294862 }, "geometry": { "type": "Point", "coordinates": [ 35.573431687775496, 33.726800750258484 ] } },
{ "type": "Feature", "properties": { "rand_point_id": 346, "adm3_name1": "البساتين", "adm3_pcode": "24365", "Nighttime light radiance": 3.607777754, "Household Deprivation Score": 0.441431948, "Negative Coping Tendency": 9.0625, "Unemployment rate": 13.0, "Population dependency ratio": 53.0, "Food insecurity level (IPC)": 0.11, "Poverty Level (Relative Vulnerability - AMAAN)": 0.010352639, "Poverty Level (Internal Vulnerability - AMAAN)": 3.34846765, "composite_score": 0.262018435 }, "geometry": { "type": "Point", "coordinates": [ 35.535358175557491, 33.754256728053981 ] } },
{ "type": "Feature", "properties": { "rand_point_id": 347, "adm3_name1": "رمحالا", "adm3_pcode": "24367", "Nighttime light radiance": 5.391499972, "Household Deprivation Score": 0.441431948, "Negative Coping Tendency": 9.0625, "Unemployment rate": 13.0, "Population dependency ratio": 53.0, "Food insecurity level (IPC)": 0.11, "Poverty Level (Relative Vulnerability - AMAAN)": 0.017371377, "Poverty Level (Internal Vulnerability - AMAAN)": 3.908409001, "composite_score": 0.26137669 }, "geometry": { "type": "Point", "coordinates": [ 35.564367603010197, 33.739123920279681 ] } },
{ "type": "Feature", "properties": { "rand_point_id": 348, "adm3_name1": "البينه", "adm3_pcode": "24369", "Nighttime light radiance": 3.482499965, "Household Deprivation Score": 0.441431948, "Negative Coping Tendency": 9.0625, "Unemployment rate": 13.0, "Population dependency ratio": 53.0, "Food insecurity level (IPC)": 0.11, "Poverty Level (Relative Vulnerability - AMAAN)": 0.011580918, "Poverty Level (Internal Vulnerability - AMAAN)": 3.821656051, "composite_score": 0.262121943 }, "geometry": { "type": "Point", "coordinates": [ 35.540068796671669, 33.731552159909995 ] } },
{ "type": "Feature", "properties": { "rand_point_id": 349, "adm3_name1": "عين كسور", "adm3_pcode": "24371", "Nighttime light radiance": 3.0300000040000001, "Household Deprivation Score": 0.441431948, "Negative Coping Tendency": 9.0625, "Unemployment rate": 13.0, "Population dependency ratio": 53.0, "Food insecurity level (IPC)": 0.11, "Poverty Level (Relative Vulnerability - AMAAN)": 0.0, "Poverty Level (Internal Vulnerability - AMAAN)": 0.0, "composite_score": 0.261979616 }, "geometry": { "type": "Point", "coordinates": [ 35.530906195295898, 33.748610532672274 ] } },
{ "type": "Feature", "properties": { "rand_point_id": 350, "adm3_name1": "جسر القاضي", "adm3_pcode": "24373", "Nighttime light radiance": 1.676666697, "Household Deprivation Score": 0.441431948, "Negative Coping Tendency": 9.0625, "Unemployment rate": 13.0, "Population dependency ratio": 53.0, "Food insecurity level (IPC)": 0.11, "Poverty Level (Relative Vulnerability - AMAAN)": 0.0, "Poverty Level (Internal Vulnerability - AMAAN)": 0.0, "composite_score": 0.262631149 }, "geometry": { "type": "Point", "coordinates": [ 35.564407320398736, 33.731794370212334 ] } },
{ "type": "Feature", "properties": { "rand_point_id": 351, "adm3_name1": "عبيه", "adm3_pcode": "24375", "Nighttime light radiance": 3.384999985, "Household Deprivation Score": 0.441431948, "Negative Coping Tendency": 9.0625, "Unemployment rate": 13.0, "Population dependency ratio": 53.0, "Food insecurity level (IPC)": 0.11, "Poverty Level (Relative Vulnerability - AMAAN)": 0.001754685, "Poverty Level (Internal Vulnerability - AMAAN)": 0.412711515, "composite_score": 0.261868156 }, "geometry": { "type": "Point", "coordinates": [ 35.514553575303701, 33.735625052178008 ] } },
{ "type": "Feature", "properties": { "rand_point_id": 352, "adm3_name1": "كفرمتى", "adm3_pcode": "24377", "Nighttime light radiance": 2.981538457, "Household Deprivation Score": 0.441431948, "Negative Coping Tendency": 9.0625, "Unemployment rate": 13.0, "Population dependency ratio": 53.0, "Food insecurity level (IPC)": 0.11, "Poverty Level (Relative Vulnerability - AMAAN)": 0.013160134, "Poverty Level (Internal Vulnerability - AMAAN)": 2.339363693, "composite_score": 0.262412217 }, "geometry": { "type": "Point", "coordinates": [ 35.531936016469018, 33.712394310454059 ] } },
{ "type": "Feature", "properties": { "rand_point_id": 353, "adm3_name1": "بحمدون المحطة", "adm3_pcode": "24411", "Nighttime light radiance": 5.982727181, "Household Deprivation Score": 0.441431948, "Negative Coping Tendency": 9.0625, "Unemployment rate": 13.0, "Population dependency ratio": 53.0, "Food insecurity level (IPC)": 0.11, "Poverty Level (Relative Vulnerability - AMAAN)": 0.019476999, "Poverty Level (Internal Vulnerability - AMAAN)": 7.012002527, "composite_score": 0.261221736 }, "geometry": { "type": "Point", "coordinates": [ 35.654115254226618, 33.812753128528897 ] } },
{ "type": "Feature", "properties": { "rand_point_id": 354, "adm3_name1": "بحمدون الضيعة", "adm3_pcode": "24414", "Nighttime light radiance": 4.370333378, "Household Deprivation Score": 0.441431948, "Negative Coping Tendency": 9.0625, "Unemployment rate": 13.0, "Population dependency ratio": 53.0, "Food insecurity level (IPC)": 0.11, "Poverty Level (Relative Vulnerability - AMAAN)": 0.003684838, "Poverty Level (Internal Vulnerability - AMAAN)": 1.310861423, "composite_score": 0.261503256 }, "geometry": { "type": "Point", "coordinates": [ 35.643455509650252, 33.795425285192856 ] } },
{ "type": "Feature", "properties": { "rand_point_id": 355, "adm3_name1": "شانيه", "adm3_pcode": "24417", "Nighttime light radiance": 3.55916665, "Household Deprivation Score": 0.441431948, "Negative Coping Tendency": 9.0625, "Unemployment rate": 13.0, "Population dependency ratio": 53.0, "Food insecurity level (IPC)": 0.11, "Poverty Level (Relative Vulnerability - AMAAN)": 0.022284494, "Poverty Level (Internal Vulnerability - AMAAN)": 6.86857761, "composite_score": 0.262474349 }, "geometry": { "type": "Point", "coordinates": [ 35.662927111841348, 33.78877305010235 ] } },
{ "type": "Feature", "properties": { "rand_point_id": 356, "adm3_name1": "بطلون", "adm3_pcode": "24421", "Nighttime light radiance": 3.805384627, "Household Deprivation Score": 0.441431948, "Negative Coping Tendency": 9.0625, "Unemployment rate": 13.0, "Population dependency ratio": 53.0, "Food insecurity level (IPC)": 0.11, "Poverty Level (Relative Vulnerability - AMAAN)": 0.0, "Poverty Level (Internal Vulnerability - AMAAN)": 0.0, "composite_score": 0.261667034 }, "geometry": { "type": "Point", "coordinates": [ 35.634031158567254, 33.788015740770632 ] } },
{ "type": "Feature", "properties": { "rand_point_id": 357, "adm3_name1": "مجدل بعنا", "adm3_pcode": "24424", "Nighttime light radiance": 4.386756739, "Household Deprivation Score": 0.441431948, "Negative Coping Tendency": 9.0625, "Unemployment rate": 13.0, "Population dependency ratio": 53.0, "Food insecurity level (IPC)": 0.11, "Poverty Level (Relative Vulnerability - AMAAN)": 0.029829638, "Poverty Level (Internal Vulnerability - AMAAN)": 4.941860465, "composite_score": 0.262301862 }, "geometry": { "type": "Point", "coordinates": [ 35.680779030304755, 33.78867068062177 ] } },
{ "type": "Feature", "properties": { "rand_point_id": 358, "adm3_name1": "صوفر", "adm3_pcode": "24427", "Nighttime light radiance": 6.033125043, "Household Deprivation Score": 0.441431948, "Negative Coping Tendency": 9.0625, "Unemployment rate": 13.0, "Population dependency ratio": 53.0, "Food insecurity level (IPC)": 0.11, "Poverty Level (Relative Vulnerability - AMAAN)": 0.02386371, "Poverty Level (Internal Vulnerability - AMAAN)": 4.865831843, "composite_score": 0.261337706 }, "geometry": { "type": "Point", "coordinates": [ 35.689272549615964, 33.798835725118096 ] } },
{ "type": "Feature", "properties": { "rand_point_id": 359, "adm3_name1": "عين الحلزون", "adm3_pcode": "24431", "Nighttime light radiance": 1.683333357, "Household Deprivation Score": 0.441431948, "Negative Coping Tendency": 9.0625, "Unemployment rate": 13.0, "Population dependency ratio": 53.0, "Food insecurity level (IPC)": 0.11, "Poverty Level (Relative Vulnerability - AMAAN)": 0.0, "Poverty Level (Internal Vulnerability - AMAAN)": 0.0, "composite_score": 0.262696797 }, "geometry": { "type": "Point", "coordinates": [ 35.651375565952122, 33.76971219487816 ] } },
{ "type": "Feature", "properties": { "rand_point_id": 360, "adm3_name1": "بدغان", "adm3_pcode": "24434", "Nighttime light radiance": 4.789375037, "Household Deprivation Score": 0.441431948, "Negative Coping Tendency": 9.0625, "Unemployment rate": 13.0, "Population dependency ratio": 53.0, "Food insecurity level (IPC)": 0.11, "Poverty Level (Relative Vulnerability - AMAAN)": 0.02158262, "Poverty Level (Internal Vulnerability - AMAAN)": 10.72362685, "composite_score": 0.261900557 }, "geometry": { "type": "Point", "coordinates": [ 35.689557636473765, 33.79378742432224 ] } },
{ "type": "Feature", "properties": { "rand_point_id": 361, "adm3_name1": "حمص وحمى", "adm3_pcode": "24437", "Nighttime light radiance": 1.500744477, "Household Deprivation Score": 0.441431948, "Negative Coping Tendency": 9.0625, "Unemployment rate": 13.0, "Population dependency ratio": 53.0, "Food insecurity level (IPC)": 0.11, "Poverty Level (Relative Vulnerability - AMAAN)": 0.0, "Poverty Level (Internal Vulnerability - AMAAN)": 0.0, "composite_score": 0.262791502 }, "geometry": { "type": "Point", "coordinates": [ 35.652512170238296, 33.768267050838908 ] } },
{ "type": "Feature", "properties": { "rand_point_id": 362, "adm3_name1": "منصورية بحمدون", "adm3_pcode": "24441", "Nighttime light radiance": 3.526111093, "Household Deprivation Score": 0.441431948, "Negative Coping Tendency": 9.0625, "Unemployment rate": 13.0, "Population dependency ratio": 53.0, "Food insecurity level (IPC)": 0.11, "Poverty Level (Relative Vulnerability - AMAAN)": 0.001754685, "Poverty Level (Internal Vulnerability - AMAAN)": 2.89017341, "composite_score": 0.261889755 }, "geometry": { "type": "Point", "coordinates": [ 35.609486654619346, 33.778466163293977 ] } },
{ "type": "Feature", "properties": { "rand_point_id": 363, "adm3_name1": "مشاقتي", "adm3_pcode": "24443", "Nighttime light radiance": 3.40471998, "Household Deprivation Score": 0.441431948, "Negative Coping Tendency": 9.0625, "Unemployment rate": 13.0, "Population dependency ratio": 53.0, "Food insecurity level (IPC)": 0.11, "Poverty Level (Relative Vulnerability - AMAAN)": 0.000877342, "Poverty Level (Internal Vulnerability - AMAAN)": 16.66666667, "composite_score": 0.261985088 }, "geometry": { "type": "Point", "coordinates": [ 35.70623803783544, 33.761194668348693 ] } },
{ "type": "Feature", "properties": { "rand_point_id": 364, "adm3_name1": "شارون", "adm3_pcode": "24444", "Nighttime light radiance": 3.525454565, "Household Deprivation Score": 0.441431948, "Negative Coping Tendency": 9.0625, "Unemployment rate": 13.0, "Population dependency ratio": 53.0, "Food insecurity level (IPC)": 0.11, "Poverty Level (Relative Vulnerability - AMAAN)": 0.09668312, "Poverty Level (Internal Vulnerability - AMAAN)": 14.94034707, "composite_score": 0.264773763 }, "geometry": { "type": "Point", "coordinates": [ 35.685536018876803, 33.774811684900932 ] } },
{ "type": "Feature", "properties": { "rand_point_id": 365, "adm3_name1": "بتاتر", "adm3_pcode": "24447", "Nighttime light radiance": 1.832222229, "Household Deprivation Score": 0.441431948, "Negative Coping Tendency": 9.0625, "Unemployment rate": 13.0, "Population dependency ratio": 53.0, "Food insecurity level (IPC)": 0.11, "Poverty Level (Relative Vulnerability - AMAAN)": 0.107913101, "Poverty Level (Internal Vulnerability - AMAAN)": 23.92996109, "composite_score": 0.265963657 }, "geometry": { "type": "Point", "coordinates": [ 35.638751367868821, 33.763855540546395 ] } },
{ "type": "Feature", "properties": { "rand_point_id": 366, "adm3_name1": "اغميد", "adm3_pcode": "24451", "Nighttime light radiance": 2.975882376, "Household Deprivation Score": 0.441431948, "Negative Coping Tendency": 9.0625, "Unemployment rate": 13.0, "Population dependency ratio": 53.0, "Food insecurity level (IPC)": 0.11, "Poverty Level (Relative Vulnerability - AMAAN)": 0.009299828, "Poverty Level (Internal Vulnerability - AMAAN)": 3.126843658, "composite_score": 0.26239129 }, "geometry": { "type": "Point", "coordinates": [ 35.679265115935713, 33.753561990952306 ] } },
{ "type": "Feature", "properties": { "rand_point_id": 367, "adm3_name1": "العزونيه", "adm3_pcode": "24454", "Nighttime light radiance": 3.005555537, "Household Deprivation Score": 0.441431948, "Negative Coping Tendency": 9.0625, "Unemployment rate": 13.0, "Population dependency ratio": 53.0, "Food insecurity level (IPC)": 0.11, "Poverty Level (Relative Vulnerability - AMAAN)": 0.026320269, "Poverty Level (Internal Vulnerability - AMAAN)": 12.19512195, "composite_score": 0.262927533 }, "geometry": { "type": "Point", "coordinates": [ 35.709413153608999, 33.774327207770966 ] } },
{ "type": "Feature", "properties": { "rand_point_id": 368, "adm3_name1": "مشرفه", "adm3_pcode": "24457", "Nighttime light radiance": 2.938749984, "Household Deprivation Score": 0.441431948, "Negative Coping Tendency": 9.0625, "Unemployment rate": 13.0, "Population dependency ratio": 53.0, "Food insecurity level (IPC)": 0.11, "Poverty Level (Relative Vulnerability - AMAAN)": 0.045972736, "Poverty Level (Internal Vulnerability - AMAAN)": 17.2823219, "composite_score": 0.263570848 }, "geometry": { "type": "Point", "coordinates": [ 35.662421360710596, 33.760362602558345 ] } },
{ "type": "Feature", "properties": { "rand_point_id": 369, "adm3_name1": "حبرمون", "adm3_pcode": "24461", "Nighttime light radiance": 2.722856015, "Household Deprivation Score": 0.441431948, "Negative Coping Tendency": 9.0625, "Unemployment rate": 13.0, "Population dependency ratio": 53.0, "Food insecurity level (IPC)": 0.11, "Poverty Level (Relative Vulnerability - AMAAN)": 0.0, "Poverty Level (Internal Vulnerability - AMAAN)": 0.0, "composite_score": 0.262233775 }, "geometry": { "type": "Point", "coordinates": [ 35.646080997975083, 33.761754343872042 ] } },
{ "type": "Feature", "properties": { "rand_point_id": 370, "adm3_name1": "بسرين", "adm3_pcode": "24464", "Nighttime light radiance": 3.049999952, "Household Deprivation Score": 0.441431948, "Negative Coping Tendency": 9.0625, "Unemployment rate": 13.0, "Population dependency ratio": 53.0, "Food insecurity level (IPC)": 0.11, "Poverty Level (Relative Vulnerability - AMAAN)": 0.0, "Poverty Level (Internal Vulnerability - AMAAN)": 0.0, "composite_score": 0.262080414 }, "geometry": { "type": "Point", "coordinates": [ 35.637485907115064, 33.755606901749758 ] } },
{ "type": "Feature", "properties": { "rand_point_id": 371, "adm3_name1": "رملية", "adm3_pcode": "24467", "Nighttime light radiance": 2.908333361, "Household Deprivation Score": 0.441431948, "Negative Coping Tendency": 9.0625, "Unemployment rate": 13.0, "Population dependency ratio": 53.0, "Food insecurity level (IPC)": 0.11, "Poverty Level (Relative Vulnerability - AMAAN)": 0.003860306, "Poverty Level (Internal Vulnerability - AMAAN)": 1.97486535, "composite_score": 0.26227561 }, "geometry": { "type": "Point", "coordinates": [ 35.664763471940297, 33.740702397672635 ] } },
{ "type": "Feature", "properties": { "rand_point_id": 372, "adm3_name1": "معصريتي", "adm3_pcode": "24471", "Nighttime light radiance": 1.936000013, "Household Deprivation Score": 0.441431948, "Negative Coping Tendency": 9.0625, "Unemployment rate": 13.0, "Population dependency ratio": 53.0, "Food insecurity level (IPC)": 0.11, "Poverty Level (Relative Vulnerability - AMAAN)": 0.008948891, "Poverty Level (Internal Vulnerability - AMAAN)": 8.374384236, "composite_score": 0.262926565 }, "geometry": { "type": "Point", "coordinates": [ 35.627762116994717, 33.745544486494445 ] } },
{ "type": "Feature", "properties": { "rand_point_id": 373, "adm3_name1": "مزرعة النهر", "adm3_pcode": "24474", "Nighttime light radiance": 3.988784129, "Household Deprivation Score": 0.441431948, "Negative Coping Tendency": 9.0625, "Unemployment rate": 13.0, "Population dependency ratio": 53.0, "Food insecurity level (IPC)": 0.11, "Poverty Level (Relative Vulnerability - AMAAN)": 0.0, "Poverty Level (Internal Vulnerability - AMAAN)": 0.0, "composite_score": 0.261641973 }, "geometry": { "type": "Point", "coordinates": [ 35.644371369945809, 33.752509978313981 ] } },
{ "type": "Feature", "properties": { "rand_point_id": 374, "adm3_name1": "عين داره", "adm3_pcode": "24477", "Nighttime light radiance": 2.033835617, "Household Deprivation Score": 0.441431948, "Negative Coping Tendency": 9.0625, "Unemployment rate": 13.0, "Population dependency ratio": 53.0, "Food insecurity level (IPC)": 0.11, "Poverty Level (Relative Vulnerability - AMAAN)": 0.010528107, "Poverty Level (Internal Vulnerability - AMAAN)": 2.223045572, "composite_score": 0.262906612 }, "geometry": { "type": "Point", "coordinates": [ 35.761674460406084, 33.77438449576799 ] } },
{ "type": "Feature", "properties": { "rand_point_id": 375, "adm3_name1": "مريجات عاليه", "adm3_pcode": "24481", "Nighttime light radiance": 1.606428581, "Household Deprivation Score": 0.441431948, "Negative Coping Tendency": 9.0625, "Unemployment rate": 13.0, "Population dependency ratio": 53.0, "Food insecurity level (IPC)": 0.11, "Poverty Level (Relative Vulnerability - AMAAN)": 0.0, "Poverty Level (Internal Vulnerability - AMAAN)": 0.0, "composite_score": 0.262793037 }, "geometry": { "type": "Point", "coordinates": [ 35.680382504198022, 33.742736790329907 ] } },
{ "type": "Feature", "properties": { "rand_point_id": 376, "adm3_name1": "بمهريه", "adm3_pcode": "24484", "Nighttime light radiance": 1.042384616, "Household Deprivation Score": 0.441431948, "Negative Coping Tendency": 9.0625, "Unemployment rate": 13.0, "Population dependency ratio": 53.0, "Food insecurity level (IPC)": 0.11, "Poverty Level (Relative Vulnerability - AMAAN)": 0.001052811, "Poverty Level (Internal Vulnerability - AMAAN)": 8.108108108, "composite_score": 0.263134324 }, "geometry": { "type": "Point", "coordinates": [ 35.719850468969163, 33.747460368788339 ] } },
{ "type": "Feature", "properties": { "rand_point_id": 377, "adm3_name1": null, "adm3_pcode": "25001", "Nighttime light radiance": null, "Household Deprivation Score": null, "Negative Coping Tendency": null, "Unemployment rate": null, "Population dependency ratio": null, "Food insecurity level (IPC)": null, "Poverty Level (Relative Vulnerability - AMAAN)": null, "Poverty Level (Internal Vulnerability - AMAAN)": null, "composite_score": null }, "geometry": { "type": "Point", "coordinates": [ 35.925488772013942, 34.051865914502152 ] } },
{ "type": "Feature", "properties": { "rand_point_id": 378, "adm3_name1": null, "adm3_pcode": "25002", "Nighttime light radiance": null, "Household Deprivation Score": null, "Negative Coping Tendency": null, "Unemployment rate": null, "Population dependency ratio": null, "Food insecurity level (IPC)": null, "Poverty Level (Relative Vulnerability - AMAAN)": null, "Poverty Level (Internal Vulnerability - AMAAN)": null, "composite_score": null }, "geometry": { "type": "Point", "coordinates": [ 35.866531539173906, 34.026852533239229 ] } },
{ "type": "Feature", "properties": { "rand_point_id": 379, "adm3_name1": null, "adm3_pcode": "25003", "Nighttime light radiance": null, "Household Deprivation Score": null, "Negative Coping Tendency": null, "Unemployment rate": null, "Population dependency ratio": null, "Food insecurity level (IPC)": null, "Poverty Level (Relative Vulnerability - AMAAN)": null, "Poverty Level (Internal Vulnerability - AMAAN)": null, "composite_score": null }, "geometry": { "type": "Point", "coordinates": [ 35.689113557751973, 33.976581789270156 ] } },
{ "type": "Feature", "properties": { "rand_point_id": 380, "adm3_name1": "صربا", "adm3_pcode": "25111", "Nighttime light radiance": 51.04999952, "Household Deprivation Score": 0.6963446, "Negative Coping Tendency": 4.0, "Unemployment rate": 17.8, "Population dependency ratio": 55.3, "Food insecurity level (IPC)": 0.23, "Poverty Level (Relative Vulnerability - AMAAN)": 0.029829638, "Poverty Level (Internal Vulnerability - AMAAN)": 0.7103163, "composite_score": 0.409009202 }, "geometry": { "type": "Point", "coordinates": [ 35.616367234477934, 33.983942441090861 ] } },
{ "type": "Feature", "properties": { "rand_point_id": 381, "adm3_name1": "ذوق مكايل", "adm3_pcode": "25116", "Nighttime light radiance": 44.48549981, "Household Deprivation Score": 0.6963446, "Negative Coping Tendency": 4.0, "Unemployment rate": 17.8, "Population dependency ratio": 55.3, "Food insecurity level (IPC)": 0.23, "Poverty Level (Relative Vulnerability - AMAAN)": 0.022635431, "Poverty Level (Internal Vulnerability - AMAAN)": 0.444643596, "composite_score": 0.411948545 }, "geometry": { "type": "Point", "coordinates": [ 35.604202558680306, 33.970098182100649 ] } },
{ "type": "Feature", "properties": { "rand_point_id": 382, "adm3_name1": "جونيه", "adm3_pcode": "25121", "Nighttime light radiance": 47.41083415, "Household Deprivation Score": 0.6963446, "Negative Coping Tendency": 4.0, "Unemployment rate": 17.8, "Population dependency ratio": 55.3, "Food insecurity level (IPC)": 0.23, "Poverty Level (Relative Vulnerability - AMAAN)": 0.008773423, "Poverty Level (Internal Vulnerability - AMAAN)": 0.329576165, "composite_score": 0.410137964 }, "geometry": { "type": "Point", "coordinates": [ 35.636897593906525, 33.970606008879997 ] } },
{ "type": "Feature", "properties": { "rand_point_id": 383, "adm3_name1": "ذوق مصبح", "adm3_pcode": "25126", "Nighttime light radiance": 41.76296312, "Household Deprivation Score": 0.6963446, "Negative Coping Tendency": 4.0, "Unemployment rate": 17.8, "Population dependency ratio": 55.3, "Food insecurity level (IPC)": 0.23, "Poverty Level (Relative Vulnerability - AMAAN)": 0.010001702, "Poverty Level (Internal Vulnerability - AMAAN)": 0.205612871, "composite_score": 0.412889066 }, "geometry": { "type": "Point", "coordinates": [ 35.610616891807886, 33.951154962105981 ] } },
{ "type": "Feature", "properties": { "rand_point_id": 384, "adm3_name1": "حارة صخر", "adm3_pcode": "25131", "Nighttime light radiance": 51.12999948, "Household Deprivation Score": 0.6963446, "Negative Coping Tendency": 4.0, "Unemployment rate": 17.8, "Population dependency ratio": 55.3, "Food insecurity level (IPC)": 0.23, "Poverty Level (Relative Vulnerability - AMAAN)": 0.007896081, "Poverty Level (Internal Vulnerability - AMAAN)": 0.280059746, "composite_score": 0.408339502 }, "geometry": { "type": "Point", "coordinates": [ 35.64603872748804, 33.999668348255526 ] } },
{ "type": "Feature", "properties": { "rand_point_id": 385, "adm3_name1": "ساحل علما", "adm3_pcode": "25136", "Nighttime light radiance": 39.86249987, "Household Deprivation Score": 0.6963446, "Negative Coping Tendency": 4.0, "Unemployment rate": 17.8, "Population dependency ratio": 55.3, "Food insecurity level (IPC)": 0.23, "Poverty Level (Relative Vulnerability - AMAAN)": 0.000877342, "Poverty Level (Internal Vulnerability - AMAAN)": 0.063291139, "composite_score": 0.413540194 }, "geometry": { "type": "Point", "coordinates": [ 35.655170585603507, 33.999105073370657 ] } },
{ "type": "Feature", "properties": { "rand_point_id": 386, "adm3_name1": "وطى سلام", "adm3_pcode": "25141", "Nighttime light radiance": 33.3579998, "Household Deprivation Score": 0.6963446, "Negative Coping Tendency": 4.0, "Unemployment rate": 17.8, "Population dependency ratio": 55.3, "Food insecurity level (IPC)": 0.23, "Poverty Level (Relative Vulnerability - AMAAN)": 0.0, "Poverty Level (Internal Vulnerability - AMAAN)": 0.0, "composite_score": 0.416639762 }, "geometry": { "type": "Point", "coordinates": [ 35.62512571208174, 34.023546789595976 ] } },
{ "type": "Feature", "properties": { "rand_point_id": 387, "adm3_name1": "كفر ياسين", "adm3_pcode": "25146", "Nighttime light radiance": 37.85000006, "Household Deprivation Score": 0.6963446, "Negative Coping Tendency": 4.0, "Unemployment rate": 17.8, "Population dependency ratio": 55.3, "Food insecurity level (IPC)": 0.23, "Poverty Level (Relative Vulnerability - AMAAN)": 0.003333901, "Poverty Level (Internal Vulnerability - AMAAN)": 0.673281361, "composite_score": 0.414593257 }, "geometry": { "type": "Point", "coordinates": [ 35.633846651532821, 34.026884688874738 ] } },
{ "type": "Feature", "properties": { "rand_point_id": 388, "adm3_name1": "طبرجا", "adm3_pcode": "25151", "Nighttime light radiance": 23.62666639, "Household Deprivation Score": 0.6963446, "Negative Coping Tendency": 4.0, "Unemployment rate": 17.8, "Population dependency ratio": 55.3, "Food insecurity level (IPC)": 0.23, "Poverty Level (Relative Vulnerability - AMAAN)": 0.007369675, "Poverty Level (Internal Vulnerability - AMAAN)": 3.065693431, "composite_score": 0.421552507 }, "geometry": { "type": "Point", "coordinates": [ 35.636430491943052, 34.032778357924151 ] } },
{ "type": "Feature", "properties": { "rand_point_id": 389, "adm3_name1": "أدما والدفنه", "adm3_pcode": "25156", "Nighttime light radiance": 27.81812531, "Household Deprivation Score": 0.6963446, "Negative Coping Tendency": 4.0, "Unemployment rate": 17.8, "Population dependency ratio": 55.3, "Food insecurity level (IPC)": 0.23, "Poverty Level (Relative Vulnerability - AMAAN)": 0.001930153, "Poverty Level (Internal Vulnerability - AMAAN)": 0.383810188, "composite_score": 0.419374076 }, "geometry": { "type": "Point", "coordinates": [ 35.648192089437053, 34.017276009685958 ] } },
{ "type": "Feature", "properties": { "rand_point_id": 390, "adm3_name1": "صفرا كسروان", "adm3_pcode": "25161", "Nighttime light radiance": 23.11777767, "Household Deprivation Score": 0.6963446, "Negative Coping Tendency": 4.0, "Unemployment rate": 17.8, "Population dependency ratio": 55.3, "Food insecurity level (IPC)": 0.23, "Poverty Level (Relative Vulnerability - AMAAN)": 0.0, "Poverty Level (Internal Vulnerability - AMAAN)": 0.0, "composite_score": 0.421575472 }, "geometry": { "type": "Point", "coordinates": [ 35.626261472305323, 34.034534027131542 ] } },
{ "type": "Feature", "properties": { "rand_point_id": 391, "adm3_name1": "بوار", "adm3_pcode": "25166", "Nighttime light radiance": 15.22916675, "Household Deprivation Score": 0.6963446, "Negative Coping Tendency": 4.0, "Unemployment rate": 17.8, "Population dependency ratio": 55.3, "Food insecurity level (IPC)": 0.23, "Poverty Level (Relative Vulnerability - AMAAN)": 0.01824872, "Poverty Level (Internal Vulnerability - AMAAN)": 2.324022346, "composite_score": 0.425919069 }, "geometry": { "type": "Point", "coordinates": [ 35.63682333996077, 34.042344752482322 ] } },
{ "type": "Feature", "properties": { "rand_point_id": 392, "adm3_name1": "عقيبة", "adm3_pcode": "25171", "Nighttime light radiance": 11.14399996, "Household Deprivation Score": 0.6963446, "Negative Coping Tendency": 4.0, "Unemployment rate": 17.8, "Population dependency ratio": 55.3, "Food insecurity level (IPC)": 0.23, "Poverty Level (Relative Vulnerability - AMAAN)": 0.011931855, "Poverty Level (Internal Vulnerability - AMAAN)": 5.324980423, "composite_score": 0.427709698 }, "geometry": { "type": "Point", "coordinates": [ 35.637169501067504, 34.051550486695035 ] } },
{ "type": "Feature", "properties": { "rand_point_id": 393, "adm3_name1": "بقاق الدين", "adm3_pcode": "25176", "Nighttime light radiance": 12.93499994, "Household Deprivation Score": 0.6963446, "Negative Coping Tendency": 4.0, "Unemployment rate": 17.8, "Population dependency ratio": 55.3, "Food insecurity level (IPC)": 0.23, "Poverty Level (Relative Vulnerability - AMAAN)": 0.003158432, "Poverty Level (Internal Vulnerability - AMAAN)": 0.486618005, "composite_score": 0.426573897 }, "geometry": { "type": "Point", "coordinates": [ 35.647788134170042, 34.060177194803607 ] } },
{ "type": "Feature", "properties": { "rand_point_id": 394, "adm3_name1": "زاير", "adm3_pcode": "25181", "Nighttime light radiance": 13.78666687, "Household Deprivation Score": 0.6963446, "Negative Coping Tendency": 4.0, "Unemployment rate": 17.8, "Population dependency ratio": 55.3, "Food insecurity level (IPC)": 0.23, "Poverty Level (Relative Vulnerability - AMAAN)": 0.0, "Poverty Level (Internal Vulnerability - AMAAN)": 0.0, "composite_score": 0.426075104 }, "geometry": { "type": "Point", "coordinates": [ 35.665321805013782, 34.072949275487048 ] } },
{ "type": "Feature", "properties": { "rand_point_id": 395, "adm3_name1": "عجلتون", "adm3_pcode": "25211", "Nighttime light radiance": 20.05333318, "Household Deprivation Score": 0.6963446, "Negative Coping Tendency": 4.0, "Unemployment rate": 17.8, "Population dependency ratio": 55.3, "Food insecurity level (IPC)": 0.23, "Poverty Level (Relative Vulnerability - AMAAN)": 0.010879044, "Poverty Level (Internal Vulnerability - AMAAN)": 0.902474527, "composite_score": 0.423432713 }, "geometry": { "type": "Point", "coordinates": [ 35.677996197995455, 33.956554439577438 ] } },
{ "type": "Feature", "properties": { "rand_point_id": 396, "adm3_name1": "بلونة", "adm3_pcode": "25221", "Nighttime light radiance": 20.07826113, "Household Deprivation Score": 0.6963446, "Negative Coping Tendency": 4.0, "Unemployment rate": 17.8, "Population dependency ratio": 55.3, "Food insecurity level (IPC)": 0.23, "Poverty Level (Relative Vulnerability - AMAAN)": 0.005264054, "Poverty Level (Internal Vulnerability - AMAAN)": 0.460193281, "composite_score": 0.423263462 }, "geometry": { "type": "Point", "coordinates": [ 35.667198071068029, 33.951985999578 ] } },
{ "type": "Feature", "properties": { "rand_point_id": 397, "adm3_name1": "سهيلة", "adm3_pcode": "25231", "Nighttime light radiance": 13.10199992, "Household Deprivation Score": 0.6963446, "Negative Coping Tendency": 4.0, "Unemployment rate": 17.8, "Population dependency ratio": 55.3, "Food insecurity level (IPC)": 0.23, "Poverty Level (Relative Vulnerability - AMAAN)": 0.004386711, "Poverty Level (Internal Vulnerability - AMAAN)": 0.472857953, "composite_score": 0.426595593 }, "geometry": { "type": "Point", "coordinates": [ 35.652065133483269, 33.960491182979247 ] } },
{ "type": "Feature", "properties": { "rand_point_id": 398, "adm3_name1": "داريا كسروان", "adm3_pcode": "25241", "Nighttime light radiance": 16.63399982, "Household Deprivation Score": 0.6963446, "Negative Coping Tendency": 4.0, "Unemployment rate": 17.8, "Population dependency ratio": 55.3, "Food insecurity level (IPC)": 0.23, "Poverty Level (Relative Vulnerability - AMAAN)": 0.0, "Poverty Level (Internal Vulnerability - AMAAN)": 0.0, "composite_score": 0.424780532 }, "geometry": { "type": "Point", "coordinates": [ 35.694995665212168, 33.954601125941728 ] } },
{ "type": "Feature", "properties": { "rand_point_id": 399, "adm3_name1": "عين الريحان", "adm3_pcode": "25251", "Nighttime light radiance": 8.200909051, "Household Deprivation Score": 0.6963446, "Negative Coping Tendency": 4.0, "Unemployment rate": 17.8, "Population dependency ratio": 55.3, "Food insecurity level (IPC)": 0.23, "Poverty Level (Relative Vulnerability - AMAAN)": 0.000701874, "Poverty Level (Internal Vulnerability - AMAAN)": 0.208659364, "composite_score": 0.42885936 }, "geometry": { "type": "Point", "coordinates": [ 35.642487979740366, 33.964420376235111 ] } },
{ "type": "Feature", "properties": { "rand_point_id": 400, "adm3_name1": "جعيتا", "adm3_pcode": "25261", "Nighttime light radiance": 14.2742859, "Household Deprivation Score": 0.6963446, "Negative Coping Tendency": 4.0, "Unemployment rate": 17.8, "Population dependency ratio": 55.3, "Food insecurity level (IPC)": 0.23, "Poverty Level (Relative Vulnerability - AMAAN)": 0.000877342, "Poverty Level (Internal Vulnerability - AMAAN)": 0.155714731, "composite_score": 0.42596298 }, "geometry": { "type": "Point", "coordinates": [ 35.648870685512627, 33.946991329750844 ] } },
{ "type": "Feature", "properties": { "rand_point_id": 401, "adm3_name1": "عينطورة", "adm3_pcode": "25271", "Nighttime light radiance": 24.3499999, "Household Deprivation Score": 0.6963446, "Negative Coping Tendency": 4.0, "Unemployment rate": 17.8, "Population dependency ratio": 55.3, "Food insecurity level (IPC)": 0.23, "Poverty Level (Relative Vulnerability - AMAAN)": 0.001754685, "Poverty Level (Internal Vulnerability - AMAAN)": 0.375234522, "composite_score": 0.421168888 }, "geometry": { "type": "Point", "coordinates": [ 35.635223516920824, 33.957809977213536 ] } },
{ "type": "Feature", "properties": { "rand_point_id": 402, "adm3_name1": "مزرعة الراس", "adm3_pcode": "25281", "Nighttime light radiance": 33.02571406, "Household Deprivation Score": 0.6963446, "Negative Coping Tendency": 4.0, "Unemployment rate": 17.8, "Population dependency ratio": 55.3, "Food insecurity level (IPC)": 0.23, "Poverty Level (Relative Vulnerability - AMAAN)": 0.0, "Poverty Level (Internal Vulnerability - AMAAN)": 0.0, "composite_score": 0.416965332 }, "geometry": { "type": "Point", "coordinates": [ 35.627402472445361, 33.950759925582695 ] } },
{ "type": "Feature", "properties": { "rand_point_id": 403, "adm3_name1": "غزير", "adm3_pcode": "25311", "Nighttime light radiance": 25.84225788, "Household Deprivation Score": 0.6963446, "Negative Coping Tendency": 4.0, "Unemployment rate": 17.8, "Population dependency ratio": 55.3, "Food insecurity level (IPC)": 0.23, "Poverty Level (Relative Vulnerability - AMAAN)": 0.004386711, "Poverty Level (Internal Vulnerability - AMAAN)": 0.223813787, "composite_score": 0.420578281 }, "geometry": { "type": "Point", "coordinates": [ 35.672586107013693, 34.014201784638928 ] } },
{ "type": "Feature", "properties": { "rand_point_id": 404, "adm3_name1": "فتقا", "adm3_pcode": "25313", "Nighttime light radiance": 9.206666674, "Household Deprivation Score": 0.6963446, "Negative Coping Tendency": 4.0, "Unemployment rate": 17.8, "Population dependency ratio": 55.3, "Food insecurity level (IPC)": 0.23, "Poverty Level (Relative Vulnerability - AMAAN)": 0.002807495, "Poverty Level (Internal Vulnerability - AMAAN)": 0.809716599, "composite_score": 0.428515877 }, "geometry": { "type": "Point", "coordinates": [ 35.661834129471963, 34.030816136653378 ] } },
{ "type": "Feature", "properties": { "rand_point_id": 405, "adm3_name1": "شننعير", "adm3_pcode": "25315", "Nighttime light radiance": 16.53083356, "Household Deprivation Score": 0.6963446, "Negative Coping Tendency": 4.0, "Unemployment rate": 17.8, "Population dependency ratio": 55.3, "Food insecurity level (IPC)": 0.23, "Poverty Level (Relative Vulnerability - AMAAN)": 0.0, "Poverty Level (Internal Vulnerability - AMAAN)": 0.0, "composite_score": 0.424917856 }, "geometry": { "type": "Point", "coordinates": [ 35.665001985701068, 34.008050087112764 ] } },
{ "type": "Feature", "properties": { "rand_point_id": 406, "adm3_name1": "جديدة غزير", "adm3_pcode": "25317", "Nighttime light radiance": 10.04999987, "Household Deprivation Score": 0.6963446, "Negative Coping Tendency": 4.0, "Unemployment rate": 17.8, "Population dependency ratio": 55.3, "Food insecurity level (IPC)": 0.23, "Poverty Level (Relative Vulnerability - AMAAN)": 0.0, "Poverty Level (Internal Vulnerability - AMAAN)": 0.0, "composite_score": 0.428028918 }, "geometry": { "type": "Point", "coordinates": [ 35.689143233249325, 34.01562542119958 ] } },
{ "type": "Feature", "properties": { "rand_point_id": 407, "adm3_name1": "غوسطا", "adm3_pcode": "25319", "Nighttime light radiance": 7.796153802, "Household Deprivation Score": 0.6963446, "Negative Coping Tendency": 4.0, "Unemployment rate": 17.8, "Population dependency ratio": 55.3, "Food insecurity level (IPC)": 0.23, "Poverty Level (Relative Vulnerability - AMAAN)": 0.002632027, "Poverty Level (Internal Vulnerability - AMAAN)": 0.461680517, "composite_score": 0.429192823 }, "geometry": { "type": "Point", "coordinates": [ 35.690557269616917, 33.995418212487849 ] } },
{ "type": "Feature", "properties": { "rand_point_id": 408, "adm3_name1": "معراب", "adm3_pcode": "25321", "Nighttime light radiance": 6.549999986, "Household Deprivation Score": 0.6963446, "Negative Coping Tendency": 4.0, "Unemployment rate": 17.8, "Population dependency ratio": 55.3, "Food insecurity level (IPC)": 0.23, "Poverty Level (Relative Vulnerability - AMAAN)": 0.000701874, "Poverty Level (Internal Vulnerability - AMAAN)": 1.659751037, "composite_score": 0.429740759 }, "geometry": { "type": "Point", "coordinates": [ 35.682505620201653, 33.99965777904427 ] } },
{ "type": "Feature", "properties": { "rand_point_id": 409, "adm3_name1": "دلبتا", "adm3_pcode": "25323", "Nighttime light radiance": 6.846842051, "Household Deprivation Score": 0.6963446, "Negative Coping Tendency": 4.0, "Unemployment rate": 17.8, "Population dependency ratio": 55.3, "Food insecurity level (IPC)": 0.23, "Poverty Level (Relative Vulnerability - AMAAN)": 0.0, "Poverty Level (Internal Vulnerability - AMAAN)": 0.0, "composite_score": 0.429572512 }, "geometry": { "type": "Point", "coordinates": [ 35.689684429770381, 34.008470404831534 ] } },
{ "type": "Feature", "properties": { "rand_point_id": 410, "adm3_name1": "بطحا", "adm3_pcode": "25325", "Nighttime light radiance": 14.76999974, "Household Deprivation Score": 0.6963446, "Negative Coping Tendency": 4.0, "Unemployment rate": 17.8, "Population dependency ratio": 55.3, "Food insecurity level (IPC)": 0.23, "Poverty Level (Relative Vulnerability - AMAAN)": 0.0, "Poverty Level (Internal Vulnerability - AMAAN)": 0.0, "composite_score": 0.425774353 }, "geometry": { "type": "Point", "coordinates": [ 35.665153922632541, 33.991372260607655 ] } },
{ "type": "Feature", "properties": { "rand_point_id": 411, "adm3_name1": "عرمون كسروان", "adm3_pcode": "25327", "Nighttime light radiance": 10.28625, "Household Deprivation Score": 0.6963446, "Negative Coping Tendency": 4.0, "Unemployment rate": 17.8, "Population dependency ratio": 55.3, "Food insecurity level (IPC)": 0.23, "Poverty Level (Relative Vulnerability - AMAAN)": 0.0, "Poverty Level (Internal Vulnerability - AMAAN)": 0.0, "composite_score": 0.427927465 }, "geometry": { "type": "Point", "coordinates": [ 35.706542626960506, 34.021188343346104 ] } },
{ "type": "Feature", "properties": { "rand_point_id": 412, "adm3_name1": "الكفور", "adm3_pcode": "25329", "Nighttime light radiance": 6.483999958, "Household Deprivation Score": 0.6963446, "Negative Coping Tendency": 4.0, "Unemployment rate": 17.8, "Population dependency ratio": 55.3, "Food insecurity level (IPC)": 0.23, "Poverty Level (Relative Vulnerability - AMAAN)": 0.020529809, "Poverty Level (Internal Vulnerability - AMAAN)": 5.220883534, "composite_score": 0.430388106 }, "geometry": { "type": "Point", "coordinates": [ 35.687349608294568, 34.038660383199804 ] } },
{ "type": "Feature", "properties": { "rand_point_id": 413, "adm3_name1": "غدراس", "adm3_pcode": "25331", "Nighttime light radiance": 2.070000052, "Household Deprivation Score": 0.6963446, "Negative Coping Tendency": 4.0, "Unemployment rate": 17.8, "Population dependency ratio": 55.3, "Food insecurity level (IPC)": 0.23, "Poverty Level (Relative Vulnerability - AMAAN)": 0.002982964, "Poverty Level (Internal Vulnerability - AMAAN)": 2.306648575, "composite_score": 0.431972355 }, "geometry": { "type": "Point", "coordinates": [ 35.681178815342221, 34.04370623901476 ] } },
{ "type": "Feature", "properties": { "rand_point_id": 414, "adm3_name1": "هرهريا", "adm3_pcode": "25333", "Nighttime light radiance": 6.207499981, "Household Deprivation Score": 0.6963446, "Negative Coping Tendency": 4.0, "Unemployment rate": 17.8, "Population dependency ratio": 55.3, "Food insecurity level (IPC)": 0.23, "Poverty Level (Relative Vulnerability - AMAAN)": 0.000877342, "Poverty Level (Internal Vulnerability - AMAAN)": 0.787401575, "composite_score": 0.429920663 }, "geometry": { "type": "Point", "coordinates": [ 35.712905838108718, 34.032079688320934 ] } },
{ "type": "Feature", "properties": { "rand_point_id": 415, "adm3_name1": "دير بقلوش", "adm3_pcode": "25335", "Nighttime light radiance": 22.10612551, "Household Deprivation Score": 0.6963446, "Negative Coping Tendency": 4.0, "Unemployment rate": 17.8, "Population dependency ratio": 55.3, "Food insecurity level (IPC)": 0.23, "Poverty Level (Relative Vulnerability - AMAAN)": 0.0, "Poverty Level (Internal Vulnerability - AMAAN)": 0.0, "composite_score": 0.422267273 }, "geometry": { "type": "Point", "coordinates": [ 35.658999063298452, 33.992781311703908 ] } },
{ "type": "Feature", "properties": { "rand_point_id": 416, "adm3_name1": "بزمار", "adm3_pcode": "25337", "Nighttime light radiance": 8.879999797, "Household Deprivation Score": 0.6963446, "Negative Coping Tendency": 4.0, "Unemployment rate": 17.8, "Population dependency ratio": 55.3, "Food insecurity level (IPC)": 0.23, "Poverty Level (Relative Vulnerability - AMAAN)": 0.000526405, "Poverty Level (Internal Vulnerability - AMAAN)": 0.407608696, "composite_score": 0.428631353 }, "geometry": { "type": "Point", "coordinates": [ 35.68550617867858, 33.983717924416084 ] } },
{ "type": "Feature", "properties": { "rand_point_id": 417, "adm3_name1": "حريصا", "adm3_pcode": "25339", "Nighttime light radiance": 16.46749997, "Household Deprivation Score": 0.6963446, "Negative Coping Tendency": 4.0, "Unemployment rate": 17.8, "Population dependency ratio": 55.3, "Food insecurity level (IPC)": 0.23, "Poverty Level (Relative Vulnerability - AMAAN)": 0.0, "Poverty Level (Internal Vulnerability - AMAAN)": 0.0, "composite_score": 0.424976724 }, "geometry": { "type": "Point", "coordinates": [ 35.654217184284299, 33.982487948753494 ] } },
{ "type": "Feature", "properties": { "rand_point_id": 418, "adm3_name1": "نمورة", "adm3_pcode": "25341", "Nighttime light radiance": 4.642499983, "Household Deprivation Score": 0.6963446, "Negative Coping Tendency": 4.0, "Unemployment rate": 17.8, "Population dependency ratio": 55.3, "Food insecurity level (IPC)": 0.23, "Poverty Level (Relative Vulnerability - AMAAN)": 0.0, "Poverty Level (Internal Vulnerability - AMAAN)": 0.0, "composite_score": 0.430651244 }, "geometry": { "type": "Point", "coordinates": [ 35.670167406683824, 34.053245064203047 ] } },
{ "type": "Feature", "properties": { "rand_point_id": 419, "adm3_name1": "غينة", "adm3_pcode": "25343", "Nighttime light radiance": 3.988181829, "Household Deprivation Score": 0.6963446, "Negative Coping Tendency": 4.0, "Unemployment rate": 17.8, "Population dependency ratio": 55.3, "Food insecurity level (IPC)": 0.23, "Poverty Level (Relative Vulnerability - AMAAN)": 0.002456558, "Poverty Level (Internal Vulnerability - AMAAN)": 0.535987749, "composite_score": 0.431042999 }, "geometry": { "type": "Point", "coordinates": [ 35.710497145920982, 34.040422861676326 ] } },
{ "type": "Feature", "properties": { "rand_point_id": 420, "adm3_name1": "حصين", "adm3_pcode": "25345", "Nighttime light radiance": 1.801428591, "Household Deprivation Score": 0.6963446, "Negative Coping Tendency": 4.0, "Unemployment rate": 17.8, "Population dependency ratio": 55.3, "Food insecurity level (IPC)": 0.23, "Poverty Level (Relative Vulnerability - AMAAN)": 0.002456558, "Poverty Level (Internal Vulnerability - AMAAN)": 4.388714734, "composite_score": 0.432111322 }, "geometry": { "type": "Point", "coordinates": [ 35.700303930406896, 34.052992922842371 ] } },
{ "type": "Feature", "properties": { "rand_point_id": 421, "adm3_name1": "درعون", "adm3_pcode": "25347", "Nighttime light radiance": 11.26473683, "Household Deprivation Score": 0.6963446, "Negative Coping Tendency": 4.0, "Unemployment rate": 17.8, "Population dependency ratio": 55.3, "Food insecurity level (IPC)": 0.23, "Poverty Level (Relative Vulnerability - AMAAN)": 0.002456558, "Poverty Level (Internal Vulnerability - AMAAN)": 0.466977985, "composite_score": 0.427557068 }, "geometry": { "type": "Point", "coordinates": [ 35.642178583307491, 33.967498304492018 ] } },
{ "type": "Feature", "properties": { "rand_point_id": 422, "adm3_name1": "حياطة", "adm3_pcode": "25349", "Nighttime light radiance": 4.952857128, "Household Deprivation Score": 0.6963446, "Negative Coping Tendency": 4.0, "Unemployment rate": 17.8, "Population dependency ratio": 55.3, "Food insecurity level (IPC)": 0.23, "Poverty Level (Relative Vulnerability - AMAAN)": 0.000877342, "Poverty Level (Internal Vulnerability - AMAAN)": 0.809061489, "composite_score": 0.43054157 }, "geometry": { "type": "Point", "coordinates": [ 35.714211556360759, 34.027885199713175 ] } },
{ "type": "Feature", "properties": { "rand_point_id": 423, "adm3_name1": "شحتول", "adm3_pcode": "25351", "Nighttime light radiance": 5.4646667, "Household Deprivation Score": 0.6963446, "Negative Coping Tendency": 4.0, "Unemployment rate": 17.8, "Population dependency ratio": 55.3, "Food insecurity level (IPC)": 0.23, "Poverty Level (Relative Vulnerability - AMAAN)": 0.001403748, "Poverty Level (Internal Vulnerability - AMAAN)": 0.898876404, "composite_score": 0.430314515 }, "geometry": { "type": "Point", "coordinates": [ 35.717837229633489, 34.031679742668608 ] } },
{ "type": "Feature", "properties": { "rand_point_id": 424, "adm3_name1": "زعيتره", "adm3_pcode": "25353", "Nighttime light radiance": 3.363333265, "Household Deprivation Score": 0.6963446, "Negative Coping Tendency": 4.0, "Unemployment rate": 17.8, "Population dependency ratio": 55.3, "Food insecurity level (IPC)": 0.23, "Poverty Level (Relative Vulnerability - AMAAN)": 0.001403748, "Poverty Level (Internal Vulnerability - AMAAN)": 0.81300813, "composite_score": 0.431324465 }, "geometry": { "type": "Point", "coordinates": [ 35.694120474415136, 34.069999389954752 ] } },
{ "type": "Feature", "properties": { "rand_point_id": 425, "adm3_name1": "جورة الترمس", "adm3_pcode": "25355", "Nighttime light radiance": 2.365714278, "Household Deprivation Score": 0.6963446, "Negative Coping Tendency": 4.0, "Unemployment rate": 17.8, "Population dependency ratio": 55.3, "Food insecurity level (IPC)": 0.23, "Poverty Level (Relative Vulnerability - AMAAN)": 0.000701874, "Poverty Level (Internal Vulnerability - AMAAN)": 0.544959128, "composite_score": 0.431783285 }, "geometry": { "type": "Point", "coordinates": [ 35.708003394851538, 34.043942198546773 ] } },
{ "type": "Feature", "properties": { "rand_point_id": 426, "adm3_name1": "المعيصرة", "adm3_pcode": "25357", "Nighttime light radiance": 5.418260849, "Household Deprivation Score": 0.6963446, "Negative Coping Tendency": 4.0, "Unemployment rate": 17.8, "Population dependency ratio": 55.3, "Food insecurity level (IPC)": 0.23, "Poverty Level (Relative Vulnerability - AMAAN)": 0.00684327, "Poverty Level (Internal Vulnerability - AMAAN)": 6.724137931, "composite_score": 0.430531615 }, "geometry": { "type": "Point", "coordinates": [ 35.68449224012538, 34.066064392181147 ] } },
{ "type": "Feature", "properties": { "rand_point_id": 427, "adm3_name1": "جورة مهاد", "adm3_pcode": "25359", "Nighttime light radiance": 3.324000072, "Household Deprivation Score": 0.6963446, "Negative Coping Tendency": 4.0, "Unemployment rate": 17.8, "Population dependency ratio": 55.3, "Food insecurity level (IPC)": 0.23, "Poverty Level (Relative Vulnerability - AMAAN)": 0.0, "Poverty Level (Internal Vulnerability - AMAAN)": 0.0, "composite_score": 0.43130506 }, "geometry": { "type": "Point", "coordinates": [ 35.741578557875883, 34.040047965474905 ] } },
{ "type": "Feature", "properties": { "rand_point_id": 428, "adm3_name1": "عذره والعذر", "adm3_pcode": "25361", "Nighttime light radiance": 3.498333295, "Household Deprivation Score": 0.6963446, "Negative Coping Tendency": 4.0, "Unemployment rate": 17.8, "Population dependency ratio": 55.3, "Food insecurity level (IPC)": 0.23, "Poverty Level (Relative Vulnerability - AMAAN)": 0.00228109, "Poverty Level (Internal Vulnerability - AMAAN)": 1.884057971, "composite_score": 0.431300063 }, "geometry": { "type": "Point", "coordinates": [ 35.711838960469009, 34.064627345417883 ] } },
{ "type": "Feature", "properties": { "rand_point_id": 429, "adm3_name1": "غبالة", "adm3_pcode": "25363", "Nighttime light radiance": 3.524117638, "Household Deprivation Score": 0.6963446, "Negative Coping Tendency": 4.0, "Unemployment rate": 17.8, "Population dependency ratio": 55.3, "Food insecurity level (IPC)": 0.23, "Poverty Level (Relative Vulnerability - AMAAN)": 0.004035775, "Poverty Level (Internal Vulnerability - AMAAN)": 1.409313725, "composite_score": 0.431340225 }, "geometry": { "type": "Point", "coordinates": [ 35.718292965309921, 34.058777692799637 ] } },
{ "type": "Feature", "properties": { "rand_point_id": 430, "adm3_name1": "جورة بدران", "adm3_pcode": "25365", "Nighttime light radiance": 4.094285761, "Household Deprivation Score": 0.6963446, "Negative Coping Tendency": 4.0, "Unemployment rate": 17.8, "Population dependency ratio": 55.3, "Food insecurity level (IPC)": 0.23, "Poverty Level (Relative Vulnerability - AMAAN)": 0.0, "Poverty Level (Internal Vulnerability - AMAAN)": 0.0, "composite_score": 0.430942696 }, "geometry": { "type": "Point", "coordinates": [ 35.719594061720798, 34.063894599424387 ] } },
{ "type": "Feature", "properties": { "rand_point_id": 431, "adm3_name1": "مرادية", "adm3_pcode": "25367", "Nighttime light radiance": 2.203333338, "Household Deprivation Score": 0.6963446, "Negative Coping Tendency": 4.0, "Unemployment rate": 17.8, "Population dependency ratio": 55.3, "Food insecurity level (IPC)": 0.23, "Poverty Level (Relative Vulnerability - AMAAN)": 0.010352639, "Poverty Level (Internal Vulnerability - AMAAN)": 19.09385113, "composite_score": 0.432244752 }, "geometry": { "type": "Point", "coordinates": [ 35.70085666188568, 34.074208754945978 ] } },
{ "type": "Feature", "properties": { "rand_point_id": 432, "adm3_name1": "بزحل", "adm3_pcode": "25369", "Nighttime light radiance": 3.108333336, "Household Deprivation Score": 0.6963446, "Negative Coping Tendency": 4.0, "Unemployment rate": 17.8, "Population dependency ratio": 55.3, "Food insecurity level (IPC)": 0.23, "Poverty Level (Relative Vulnerability - AMAAN)": 0.001052811, "Poverty Level (Internal Vulnerability - AMAAN)": 1.276595745, "composite_score": 0.431457371 }, "geometry": { "type": "Point", "coordinates": [ 35.702626322909481, 34.081681518010882 ] } },
{ "type": "Feature", "properties": { "rand_point_id": 433, "adm3_name1": "نهر الدهب", "adm3_pcode": "25371", "Nighttime light radiance": 1.419375005, "Household Deprivation Score": 0.6963446, "Negative Coping Tendency": 4.0, "Unemployment rate": 17.8, "Population dependency ratio": 55.3, "Food insecurity level (IPC)": 0.23, "Poverty Level (Relative Vulnerability - AMAAN)": 0.0, "Poverty Level (Internal Vulnerability - AMAAN)": 0.0, "composite_score": 0.432232903 }, "geometry": { "type": "Point", "coordinates": [ 35.766364587421315, 34.053715549338825 ] } },
{ "type": "Feature", "properties": { "rand_point_id": 434, "adm3_name1": "يحشوش", "adm3_pcode": "25373", "Nighttime light radiance": 2.665142853, "Household Deprivation Score": 0.6963446, "Negative Coping Tendency": 4.0, "Unemployment rate": 17.8, "Population dependency ratio": 55.3, "Food insecurity level (IPC)": 0.23, "Poverty Level (Relative Vulnerability - AMAAN)": 0.030882448, "Poverty Level (Internal Vulnerability - AMAAN)": 9.287598945, "composite_score": 0.4325984 }, "geometry": { "type": "Point", "coordinates": [ 35.745230921264969, 34.059896841385267 ] } },
{ "type": "Feature", "properties": { "rand_point_id": 435, "adm3_name1": "زيتون", "adm3_pcode": "25375", "Nighttime light radiance": 5.332500021, "Household Deprivation Score": 0.6963446, "Negative Coping Tendency": 4.0, "Unemployment rate": 17.8, "Population dependency ratio": 55.3, "Food insecurity level (IPC)": 0.23, "Poverty Level (Relative Vulnerability - AMAAN)": 0.002982964, "Poverty Level (Internal Vulnerability - AMAAN)": 3.096539162, "composite_score": 0.430463136 }, "geometry": { "type": "Point", "coordinates": [ 35.665608600022139, 34.059492394473089 ] } },
{ "type": "Feature", "properties": { "rand_point_id": 436, "adm3_name1": "إغبة", "adm3_pcode": "25391", "Nighttime light radiance": 4.0300000010000003, "Household Deprivation Score": 0.6963446, "Negative Coping Tendency": 4.0, "Unemployment rate": 17.8, "Population dependency ratio": 55.3, "Food insecurity level (IPC)": 0.23, "Poverty Level (Relative Vulnerability - AMAAN)": 0.0, "Poverty Level (Internal Vulnerability - AMAAN)": 0.0, "composite_score": 0.431004394 }, "geometry": { "type": "Point", "coordinates": [ 35.719428168361489, 34.014103978774095 ] } },
{ "type": "Feature", "properties": { "rand_point_id": 437, "adm3_name1": "ريفون", "adm3_pcode": "25411", "Nighttime light radiance": 16.29250002, "Household Deprivation Score": 0.6963446, "Negative Coping Tendency": 4.0, "Unemployment rate": 17.8, "Population dependency ratio": 55.3, "Food insecurity level (IPC)": 0.23, "Poverty Level (Relative Vulnerability - AMAAN)": 0.000877342, "Poverty Level (Internal Vulnerability - AMAAN)": 0.253421186, "composite_score": 0.425173377 }, "geometry": { "type": "Point", "coordinates": [ 35.697580008921598, 33.977421468275971 ] } },
{ "type": "Feature", "properties": { "rand_point_id": 438, "adm3_name1": "قليعات كسروان", "adm3_pcode": "25415", "Nighttime light radiance": 10.24736844, "Household Deprivation Score": 0.6963446, "Negative Coping Tendency": 4.0, "Unemployment rate": 17.8, "Population dependency ratio": 55.3, "Food insecurity level (IPC)": 0.23, "Poverty Level (Relative Vulnerability - AMAAN)": 0.009475297, "Poverty Level (Internal Vulnerability - AMAAN)": 1.188641867, "composite_score": 0.42833799 }, "geometry": { "type": "Point", "coordinates": [ 35.70444753130031, 33.957021537091492 ] } },
{ "type": "Feature", "properties": { "rand_point_id": 439, "adm3_name1": "مراح المير", "adm3_pcode": "25419", "Nighttime light radiance": 13.35499978, "Household Deprivation Score": 0.6963446, "Negative Coping Tendency": 4.0, "Unemployment rate": 17.8, "Population dependency ratio": 55.3, "Food insecurity level (IPC)": 0.23, "Poverty Level (Relative Vulnerability - AMAAN)": 0.0, "Poverty Level (Internal Vulnerability - AMAAN)": 0.0, "composite_score": 0.42656467 }, "geometry": { "type": "Point", "coordinates": [ 35.696191308041463, 33.958852441992519 ] } },
{ "type": "Feature", "properties": { "rand_point_id": 440, "adm3_name1": "عشقوت", "adm3_pcode": "25423", "Nighttime light radiance": 9.18233331, "Household Deprivation Score": 0.6963446, "Negative Coping Tendency": 4.0, "Unemployment rate": 17.8, "Population dependency ratio": 55.3, "Food insecurity level (IPC)": 0.23, "Poverty Level (Relative Vulnerability - AMAAN)": 0.007018738, "Poverty Level (Internal Vulnerability - AMAAN)": 0.59568131, "composite_score": 0.428782582 }, "geometry": { "type": "Point", "coordinates": [ 35.692226083067212, 33.99152455444834 ] } },
{ "type": "Feature", "properties": { "rand_point_id": 441, "adm3_name1": "فيطرون", "adm3_pcode": "25427", "Nighttime light radiance": 8.28292678, "Household Deprivation Score": 0.6963446, "Negative Coping Tendency": 4.0, "Unemployment rate": 17.8, "Population dependency ratio": 55.3, "Food insecurity level (IPC)": 0.23, "Poverty Level (Relative Vulnerability - AMAAN)": 0.000877342, "Poverty Level (Internal Vulnerability - AMAAN)": 0.230414747, "composite_score": 0.429034252 }, "geometry": { "type": "Point", "coordinates": [ 35.75542161047165, 33.999969142261676 ] } },
{ "type": "Feature", "properties": { "rand_point_id": 442, "adm3_name1": "بقعاتة عشقوت", "adm3_pcode": "25431", "Nighttime light radiance": 8.996874958, "Household Deprivation Score": 0.6963446, "Negative Coping Tendency": 4.0, "Unemployment rate": 17.8, "Population dependency ratio": 55.3, "Food insecurity level (IPC)": 0.23, "Poverty Level (Relative Vulnerability - AMAAN)": 0.0, "Poverty Level (Internal Vulnerability - AMAAN)": 0.0, "composite_score": 0.428669393 }, "geometry": { "type": "Point", "coordinates": [ 35.728557982104071, 34.006030332824963 ] } },
{ "type": "Feature", "properties": { "rand_point_id": 443, "adm3_name1": "رعشين", "adm3_pcode": "25435", "Nighttime light radiance": 3.391153845, "Household Deprivation Score": 0.6963446, "Negative Coping Tendency": 4.0, "Unemployment rate": 17.8, "Population dependency ratio": 55.3, "Food insecurity level (IPC)": 0.23, "Poverty Level (Relative Vulnerability - AMAAN)": 0.003333901, "Poverty Level (Internal Vulnerability - AMAAN)": 1.087578706, "composite_score": 0.431467146 }, "geometry": { "type": "Point", "coordinates": [ 35.72214444325963, 34.012874104420696 ] } },
{ "type": "Feature", "properties": { "rand_point_id": 444, "adm3_name1": "كفر دبيان", "adm3_pcode": "25439", "Nighttime light radiance": 6.932048174, "Household Deprivation Score": 0.6963446, "Negative Coping Tendency": 4.0, "Unemployment rate": 17.8, "Population dependency ratio": 55.3, "Food insecurity level (IPC)": 0.23, "Poverty Level (Relative Vulnerability - AMAAN)": 0.007369675, "Poverty Level (Internal Vulnerability - AMAAN)": 0.349737697, "composite_score": 0.429890342 }, "geometry": { "type": "Point", "coordinates": [ 35.760123444436964, 33.991555745468283 ] } },
{ "type": "Feature", "properties": { "rand_point_id": 445, "adm3_name1": "بقعاتة كنعان", "adm3_pcode": "25443", "Nighttime light radiance": 2.963124998, "Household Deprivation Score": 0.6963446, "Negative Coping Tendency": 4.0, "Unemployment rate": 17.8, "Population dependency ratio": 55.3, "Food insecurity level (IPC)": 0.23, "Poverty Level (Relative Vulnerability - AMAAN)": 0.002456558, "Poverty Level (Internal Vulnerability - AMAAN)": 2.469135802, "composite_score": 0.431661932 }, "geometry": { "type": "Point", "coordinates": [ 35.757441089812325, 33.969359201408771 ] } },
{ "type": "Feature", "properties": { "rand_point_id": 446, "adm3_name1": "دير زرعيا", "adm3_pcode": "25447", "Nighttime light radiance": 1.742500007, "Household Deprivation Score": 0.6963446, "Negative Coping Tendency": 4.0, "Unemployment rate": 17.8, "Population dependency ratio": 55.3, "Food insecurity level (IPC)": 0.23, "Poverty Level (Relative Vulnerability - AMAAN)": 0.0, "Poverty Level (Internal Vulnerability - AMAAN)": 0.0, "composite_score": 0.432168121 }, "geometry": { "type": "Point", "coordinates": [ 35.752367451356456, 33.962108019590673 ] } },
{ "type": "Feature", "properties": { "rand_point_id": 447, "adm3_name1": "بقعتوتا", "adm3_pcode": "25451", "Nighttime light radiance": 4.510714275, "Household Deprivation Score": 0.6963446, "Negative Coping Tendency": 4.0, "Unemployment rate": 17.8, "Population dependency ratio": 55.3, "Food insecurity level (IPC)": 0.23, "Poverty Level (Relative Vulnerability - AMAAN)": 0.002807495, "Poverty Level (Internal Vulnerability - AMAAN)": 1.641025641, "composite_score": 0.430935882 }, "geometry": { "type": "Point", "coordinates": [ 35.790871433021422, 33.982154603814571 ] } },
{ "type": "Feature", "properties": { "rand_point_id": 448, "adm3_name1": "وطى الجوز", "adm3_pcode": "25455", "Nighttime light radiance": 2.27613636, "Household Deprivation Score": 0.6963446, "Negative Coping Tendency": 4.0, "Unemployment rate": 17.8, "Population dependency ratio": 55.3, "Food insecurity level (IPC)": 0.23, "Poverty Level (Relative Vulnerability - AMAAN)": 0.001228279, "Poverty Level (Internal Vulnerability - AMAAN)": 0.750267953, "composite_score": 0.431961537 }, "geometry": { "type": "Point", "coordinates": [ 35.739680858732477, 34.015918163900068 ] } },
{ "type": "Feature", "properties": { "rand_point_id": 449, "adm3_name1": "ميروبا", "adm3_pcode": "25459", "Nighttime light radiance": 2.401363621, "Household Deprivation Score": 0.6963446, "Negative Coping Tendency": 4.0, "Unemployment rate": 17.8, "Population dependency ratio": 55.3, "Food insecurity level (IPC)": 0.23, "Poverty Level (Relative Vulnerability - AMAAN)": 0.008597954, "Poverty Level (Internal Vulnerability - AMAAN)": 2.684931507, "composite_score": 0.432134227 }, "geometry": { "type": "Point", "coordinates": [ 35.768945521693382, 34.01230679002802 ] } },
{ "type": "Feature", "properties": { "rand_point_id": 450, "adm3_name1": "عين الدلبة", "adm3_pcode": "25463", "Nighttime light radiance": 1.8500000089999999, "Household Deprivation Score": 0.6963446, "Negative Coping Tendency": 4.0, "Unemployment rate": 17.8, "Population dependency ratio": 55.3, "Food insecurity level (IPC)": 0.23, "Poverty Level (Relative Vulnerability - AMAAN)": 0.0, "Poverty Level (Internal Vulnerability - AMAAN)": 0.0, "composite_score": 0.432135548 }, "geometry": { "type": "Point", "coordinates": [ 35.763345471085799, 34.027680570142053 ] } },
{ "type": "Feature", "properties": { "rand_point_id": 451, "adm3_name1": "المغاير", "adm3_pcode": "25467", "Nighttime light radiance": 1.2699999959999999, "Household Deprivation Score": 0.6963446, "Negative Coping Tendency": 4.0, "Unemployment rate": 17.8, "Population dependency ratio": 55.3, "Food insecurity level (IPC)": 0.23, "Poverty Level (Relative Vulnerability - AMAAN)": 0.0, "Poverty Level (Internal Vulnerability - AMAAN)": 0.0, "composite_score": 0.432418507 }, "geometry": { "type": "Point", "coordinates": [ 35.765954606405998, 34.035966772079242 ] } },
{ "type": "Feature", "properties": { "rand_point_id": 452, "adm3_name1": "حراجل", "adm3_pcode": "25471", "Nighttime light radiance": 2.756323512, "Household Deprivation Score": 0.6963446, "Negative Coping Tendency": 4.0, "Unemployment rate": 17.8, "Population dependency ratio": 55.3, "Food insecurity level (IPC)": 0.23, "Poverty Level (Relative Vulnerability - AMAAN)": 0.015441224, "Poverty Level (Internal Vulnerability - AMAAN)": 1.62152202, "composite_score": 0.432177296 }, "geometry": { "type": "Point", "coordinates": [ 35.799319187693548, 34.024136767137051 ] } },
{ "type": "Feature", "properties": { "rand_point_id": 453, "adm3_name1": "فاريا", "adm3_pcode": "25475", "Nighttime light radiance": 6.338125015, "Household Deprivation Score": 0.6963446, "Negative Coping Tendency": 4.0, "Unemployment rate": 17.8, "Population dependency ratio": 55.3, "Food insecurity level (IPC)": 0.23, "Poverty Level (Relative Vulnerability - AMAAN)": 0.004737648, "Poverty Level (Internal Vulnerability - AMAAN)": 0.589906052, "composite_score": 0.430140644 }, "geometry": { "type": "Point", "coordinates": [ 35.84610214745345, 34.025920474288057 ] } },
{ "type": "Feature", "properties": { "rand_point_id": 454, "adm3_name1": "شوان", "adm3_pcode": "25479", "Nighttime light radiance": 1.373809511, "Household Deprivation Score": 0.6963446, "Negative Coping Tendency": 4.0, "Unemployment rate": 17.8, "Population dependency ratio": 55.3, "Food insecurity level (IPC)": 0.23, "Poverty Level (Relative Vulnerability - AMAAN)": 0.0, "Poverty Level (Internal Vulnerability - AMAAN)": 0.0, "composite_score": 0.432382956 }, "geometry": { "type": "Point", "coordinates": [ 35.776681079344677, 34.079630339716118 ] } },
{ "type": "Feature", "properties": { "rand_point_id": 455, "adm3_name1": "مشاع كفر ذبيان", "adm3_pcode": "25482", "Nighttime light radiance": 1.811783784, "Household Deprivation Score": 0.6963446, "Negative Coping Tendency": 4.0, "Unemployment rate": 17.8, "Population dependency ratio": 55.3, "Food insecurity level (IPC)": 0.23, "Poverty Level (Relative Vulnerability - AMAAN)": 0.0, "Poverty Level (Internal Vulnerability - AMAAN)": 0.0, "composite_score": 0.432176432 }, "geometry": { "type": "Point", "coordinates": [ 35.880961137425942, 33.98045459034585 ] } },
{ "type": "Feature", "properties": { "rand_point_id": 456, "adm3_name1": "مشاع فاريا", "adm3_pcode": "25485", "Nighttime light radiance": 0.754042549, "Household Deprivation Score": 0.6963446, "Negative Coping Tendency": 4.0, "Unemployment rate": 17.8, "Population dependency ratio": 55.3, "Food insecurity level (IPC)": 0.23, "Poverty Level (Relative Vulnerability - AMAAN)": 0.0, "Poverty Level (Internal Vulnerability - AMAAN)": 0.0, "composite_score": 0.432687364 }, "geometry": { "type": "Point", "coordinates": [ 35.841390661191859, 34.046125879235582 ] } },
{ "type": "Feature", "properties": { "rand_point_id": 457, "adm3_name1": "مشاع الفتوح", "adm3_pcode": "25488", "Nighttime light radiance": 0.586408837, "Household Deprivation Score": 0.6963446, "Negative Coping Tendency": 4.0, "Unemployment rate": 17.8, "Population dependency ratio": 55.3, "Food insecurity level (IPC)": 0.23, "Poverty Level (Relative Vulnerability - AMAAN)": 0.0, "Poverty Level (Internal Vulnerability - AMAAN)": 0.0, "composite_score": 0.432771335 }, "geometry": { "type": "Point", "coordinates": [ 35.94140487022576, 34.047497988983345 ] } },
{ "type": "Feature", "properties": { "rand_point_id": 458, "adm3_name1": null, "adm3_pcode": "26001", "Nighttime light radiance": null, "Household Deprivation Score": null, "Negative Coping Tendency": null, "Unemployment rate": null, "Population dependency ratio": null, "Food insecurity level (IPC)": null, "Poverty Level (Relative Vulnerability - AMAAN)": null, "Poverty Level (Internal Vulnerability - AMAAN)": null, "composite_score": null }, "geometry": { "type": "Point", "coordinates": [ 35.756486112619768, 34.121263539584739 ] } },
{ "type": "Feature", "properties": { "rand_point_id": 459, "adm3_name1": null, "adm3_pcode": "26002", "Nighttime light radiance": null, "Household Deprivation Score": null, "Negative Coping Tendency": null, "Unemployment rate": null, "Population dependency ratio": null, "Food insecurity level (IPC)": null, "Poverty Level (Relative Vulnerability - AMAAN)": null, "Poverty Level (Internal Vulnerability - AMAAN)": null, "composite_score": null }, "geometry": { "type": "Point", "coordinates": [ 35.761189815104139, 34.097207908097516 ] } },
{ "type": "Feature", "properties": { "rand_point_id": 460, "adm3_name1": null, "adm3_pcode": "26003", "Nighttime light radiance": null, "Household Deprivation Score": null, "Negative Coping Tendency": null, "Unemployment rate": null, "Population dependency ratio": null, "Food insecurity level (IPC)": null, "Poverty Level (Relative Vulnerability - AMAAN)": null, "Poverty Level (Internal Vulnerability - AMAAN)": null, "composite_score": null }, "geometry": { "type": "Point", "coordinates": [ 35.849536728552096, 34.082194873983703 ] } },
{ "type": "Feature", "properties": { "rand_point_id": 461, "adm3_name1": null, "adm3_pcode": "26004", "Nighttime light radiance": null, "Household Deprivation Score": null, "Negative Coping Tendency": null, "Unemployment rate": null, "Population dependency ratio": null, "Food insecurity level (IPC)": null, "Poverty Level (Relative Vulnerability - AMAAN)": null, "Poverty Level (Internal Vulnerability - AMAAN)": null, "composite_score": null }, "geometry": { "type": "Point", "coordinates": [ 35.832731739498747, 34.078271957538064 ] } },
{ "type": "Feature", "properties": { "rand_point_id": 462, "adm3_name1": null, "adm3_pcode": "26005", "Nighttime light radiance": null, "Household Deprivation Score": null, "Negative Coping Tendency": null, "Unemployment rate": null, "Population dependency ratio": null, "Food insecurity level (IPC)": null, "Poverty Level (Relative Vulnerability - AMAAN)": null, "Poverty Level (Internal Vulnerability - AMAAN)": null, "composite_score": null }, "geometry": { "type": "Point", "coordinates": [ 35.879886466554552, 34.075667128611585 ] } },
{ "type": "Feature", "properties": { "rand_point_id": 463, "adm3_name1": null, "adm3_pcode": "26006", "Nighttime light radiance": null, "Household Deprivation Score": null, "Negative Coping Tendency": null, "Unemployment rate": null, "Population dependency ratio": null, "Food insecurity level (IPC)": null, "Poverty Level (Relative Vulnerability - AMAAN)": null, "Poverty Level (Internal Vulnerability - AMAAN)": null, "composite_score": null }, "geometry": { "type": "Point", "coordinates": [ 35.866804383164499, 34.079527476396912 ] } },
{ "type": "Feature", "properties": { "rand_point_id": 464, "adm3_name1": null, "adm3_pcode": "26007", "Nighttime light radiance": null, "Household Deprivation Score": null, "Negative Coping Tendency": null, "Unemployment rate": null, "Population dependency ratio": null, "Food insecurity level (IPC)": null, "Poverty Level (Relative Vulnerability - AMAAN)": null, "Poverty Level (Internal Vulnerability - AMAAN)": null, "composite_score": null }, "geometry": { "type": "Point", "coordinates": [ 35.859335950471632, 34.0633315698933 ] } },
{ "type": "Feature", "properties": { "rand_point_id": 465, "adm3_name1": null, "adm3_pcode": "26008", "Nighttime light radiance": null, "Household Deprivation Score": null, "Negative Coping Tendency": null, "Unemployment rate": null, "Population dependency ratio": null, "Food insecurity level (IPC)": null, "Poverty Level (Relative Vulnerability - AMAAN)": null, "Poverty Level (Internal Vulnerability - AMAAN)": null, "composite_score": null }, "geometry": { "type": "Point", "coordinates": [ 35.944147518735988, 34.071361958993975 ] } },
{ "type": "Feature", "properties": { "rand_point_id": 466, "adm3_name1": null, "adm3_pcode": "26009", "Nighttime light radiance": null, "Household Deprivation Score": null, "Negative Coping Tendency": null, "Unemployment rate": null, "Population dependency ratio": null, "Food insecurity level (IPC)": null, "Poverty Level (Relative Vulnerability - AMAAN)": null, "Poverty Level (Internal Vulnerability - AMAAN)": null, "composite_score": null }, "geometry": { "type": "Point", "coordinates": [ 35.835587149890316, 34.069667930375743 ] } },
{ "type": "Feature", "properties": { "rand_point_id": 467, "adm3_name1": "جبيل", "adm3_pcode": "26111", "Nighttime light radiance": 25.02291691, "Household Deprivation Score": 0.565645921, "Negative Coping Tendency": 5.4875, "Unemployment rate": 16.6, "Population dependency ratio": 60.7, "Food insecurity level (IPC)": 0.21, "Poverty Level (Relative Vulnerability - AMAAN)": 0.024390116, "Poverty Level (Internal Vulnerability - AMAAN)": 0.620785137, "composite_score": 0.445632103 }, "geometry": { "type": "Point", "coordinates": [ 35.648715261643325, 34.116780004335673 ] } },
{ "type": "Feature", "properties": { "rand_point_id": 468, "adm3_name1": "مستيتا", "adm3_pcode": "26117", "Nighttime light radiance": 25.50571374, "Household Deprivation Score": 0.565645921, "Negative Coping Tendency": 5.4875, "Unemployment rate": 16.6, "Population dependency ratio": 60.7, "Food insecurity level (IPC)": 0.21, "Poverty Level (Relative Vulnerability - AMAAN)": 0.006316864, "Poverty Level (Internal Vulnerability - AMAAN)": 3.220035778, "composite_score": 0.444880913 }, "geometry": { "type": "Point", "coordinates": [ 35.657383424869188, 34.102198651366926 ] } },
{ "type": "Feature", "properties": { "rand_point_id": 469, "adm3_name1": "قرطبون", "adm3_pcode": "26123", "Nighttime light radiance": 19.03999972, "Household Deprivation Score": 0.565645921, "Negative Coping Tendency": 5.4875, "Unemployment rate": 16.6, "Population dependency ratio": 60.7, "Food insecurity level (IPC)": 0.21, "Poverty Level (Relative Vulnerability - AMAAN)": 0.0, "Poverty Level (Internal Vulnerability - AMAAN)": 0.0, "composite_score": 0.447787135 }, "geometry": { "type": "Point", "coordinates": [ 35.66113410781076, 34.107092821665532 ] } },
{ "type": "Feature", "properties": { "rand_point_id": 470, "adm3_name1": "بلاط", "adm3_pcode": "26129", "Nighttime light radiance": 8.456153851, "Household Deprivation Score": 0.565645921, "Negative Coping Tendency": 5.4875, "Unemployment rate": 16.6, "Population dependency ratio": 60.7, "Food insecurity level (IPC)": 0.21, "Poverty Level (Relative Vulnerability - AMAAN)": 0.022284494, "Poverty Level (Internal Vulnerability - AMAAN)": 0.924847073, "composite_score": 0.453538755 }, "geometry": { "type": "Point", "coordinates": [ 35.691743543632221, 34.107974880952113 ] } },
{ "type": "Feature", "properties": { "rand_point_id": 471, "adm3_name1": "إده", "adm3_pcode": "26135", "Nighttime light radiance": 7.745000005, "Household Deprivation Score": 0.565645921, "Negative Coping Tendency": 5.4875, "Unemployment rate": 16.6, "Population dependency ratio": 60.7, "Food insecurity level (IPC)": 0.21, "Poverty Level (Relative Vulnerability - AMAAN)": 0.007194207, "Poverty Level (Internal Vulnerability - AMAAN)": 2.334851936, "composite_score": 0.45344385 }, "geometry": { "type": "Point", "coordinates": [ 35.662308909774559, 34.139599029731826 ] } },
{ "type": "Feature", "properties": { "rand_point_id": 472, "adm3_name1": "عمشيت", "adm3_pcode": "26141", "Nighttime light radiance": 13.61965513, "Household Deprivation Score": 0.565645921, "Negative Coping Tendency": 5.4875, "Unemployment rate": 16.6, "Population dependency ratio": 60.7, "Food insecurity level (IPC)": 0.21, "Poverty Level (Relative Vulnerability - AMAAN)": 0.061940365, "Poverty Level (Internal Vulnerability - AMAAN)": 1.633276269, "composite_score": 0.452260254 }, "geometry": { "type": "Point", "coordinates": [ 35.634386985080795, 34.153702271110411 ] } },
{ "type": "Feature", "properties": { "rand_point_id": 473, "adm3_name1": "حالات", "adm3_pcode": "26147", "Nighttime light radiance": 9.980384597, "Household Deprivation Score": 0.565645921, "Negative Coping Tendency": 5.4875, "Unemployment rate": 16.6, "Population dependency ratio": 60.7, "Food insecurity level (IPC)": 0.21, "Poverty Level (Relative Vulnerability - AMAAN)": 0.041761493, "Poverty Level (Internal Vulnerability - AMAAN)": 2.448055956, "composite_score": 0.453415727 }, "geometry": { "type": "Point", "coordinates": [ 35.651111701134226, 34.077197124167348 ] } },
{ "type": "Feature", "properties": { "rand_point_id": 474, "adm3_name1": "حصرايل", "adm3_pcode": "26153", "Nighttime light radiance": 5.713124998, "Household Deprivation Score": 0.565645921, "Negative Coping Tendency": 5.4875, "Unemployment rate": 16.6, "Population dependency ratio": 60.7, "Food insecurity level (IPC)": 0.21, "Poverty Level (Relative Vulnerability - AMAAN)": 0.002982964, "Poverty Level (Internal Vulnerability - AMAAN)": 1.207386364, "composite_score": 0.454309465 }, "geometry": { "type": "Point", "coordinates": [ 35.656324055417628, 34.162761521225207 ] } },
{ "type": "Feature", "properties": { "rand_point_id": 475, "adm3_name1": "ريحانة", "adm3_pcode": "26159", "Nighttime light radiance": 2.421428595, "Household Deprivation Score": 0.565645921, "Negative Coping Tendency": 5.4875, "Unemployment rate": 16.6, "Population dependency ratio": 60.7, "Food insecurity level (IPC)": 0.21, "Poverty Level (Relative Vulnerability - AMAAN)": 0.0, "Poverty Level (Internal Vulnerability - AMAAN)": 0.0, "composite_score": 0.455801364 }, "geometry": { "type": "Point", "coordinates": [ 35.633619803754371, 34.172860673919878 ] } },
{ "type": "Feature", "properties": { "rand_point_id": 476, "adm3_name1": "جدايل", "adm3_pcode": "26165", "Nighttime light radiance": 4.228000021, "Household Deprivation Score": 0.565645921, "Negative Coping Tendency": 5.4875, "Unemployment rate": 16.6, "Population dependency ratio": 60.7, "Food insecurity level (IPC)": 0.21, "Poverty Level (Relative Vulnerability - AMAAN)": 0.0, "Poverty Level (Internal Vulnerability - AMAAN)": 0.0, "composite_score": 0.454941921 }, "geometry": { "type": "Point", "coordinates": [ 35.642111959348327, 34.162158728818113 ] } },
{ "type": "Feature", "properties": { "rand_point_id": 477, "adm3_name1": "نهر ابراهيم", "adm3_pcode": "26171", "Nighttime light radiance": 15.10888879, "Household Deprivation Score": 0.565645921, "Negative Coping Tendency": 5.4875, "Unemployment rate": 16.6, "Population dependency ratio": 60.7, "Food insecurity level (IPC)": 0.21, "Poverty Level (Relative Vulnerability - AMAAN)": 0.01596763, "Poverty Level (Internal Vulnerability - AMAAN)": 1.79558011, "composite_score": 0.450213199 }, "geometry": { "type": "Point", "coordinates": [ 35.650806785559467, 34.068094330638125 ] } },
{ "type": "Feature", "properties": { "rand_point_id": 478, "adm3_name1": "المنصف", "adm3_pcode": "26177", "Nighttime light radiance": 3.295263165, "Household Deprivation Score": 0.565645921, "Negative Coping Tendency": 5.4875, "Unemployment rate": 16.6, "Population dependency ratio": 60.7, "Food insecurity level (IPC)": 0.21, "Poverty Level (Relative Vulnerability - AMAAN)": 0.001754685, "Poverty Level (Internal Vulnerability - AMAAN)": 0.479846449, "composite_score": 0.455457948 }, "geometry": { "type": "Point", "coordinates": [ 35.642542913680991, 34.186006726327427 ] } },
{ "type": "Feature", "properties": { "rand_point_id": 479, "adm3_name1": "بربارة", "adm3_pcode": "26183", "Nighttime light radiance": 3.287777735, "Household Deprivation Score": 0.565645921, "Negative Coping Tendency": 5.4875, "Unemployment rate": 16.6, "Population dependency ratio": 60.7, "Food insecurity level (IPC)": 0.21, "Poverty Level (Relative Vulnerability - AMAAN)": 0.0, "Poverty Level (Internal Vulnerability - AMAAN)": 0.0, "composite_score": 0.455414287 }, "geometry": { "type": "Point", "coordinates": [ 35.641951519672034, 34.194175266928681 ] } },
{ "type": "Feature", "properties": { "rand_point_id": 480, "adm3_name1": "كفر كده", "adm3_pcode": "26189", "Nighttime light radiance": 2.798750013, "Household Deprivation Score": 0.565645921, "Negative Coping Tendency": 5.4875, "Unemployment rate": 16.6, "Population dependency ratio": 60.7, "Food insecurity level (IPC)": 0.21, "Poverty Level (Relative Vulnerability - AMAAN)": 0.0, "Poverty Level (Internal Vulnerability - AMAAN)": 0.0, "composite_score": 0.455655983 }, "geometry": { "type": "Point", "coordinates": [ 35.657605500586399, 34.195487056809938 ] } },
{ "type": "Feature", "properties": { "rand_point_id": 481, "adm3_name1": "اهمج", "adm3_pcode": "26211", "Nighttime light radiance": 1.635744683, "Household Deprivation Score": 0.565645921, "Negative Coping Tendency": 5.4875, "Unemployment rate": 16.6, "Population dependency ratio": 60.7, "Food insecurity level (IPC)": 0.21, "Poverty Level (Relative Vulnerability - AMAAN)": 0.001228279, "Poverty Level (Internal Vulnerability - AMAAN)": 0.354609929, "composite_score": 0.456278104 }, "geometry": { "type": "Point", "coordinates": [ 35.822417661219355, 34.116439001710198 ] } },
{ "type": "Feature", "properties": { "rand_point_id": 482, "adm3_name1": "علمات الشمالية", "adm3_pcode": "26212", "Nighttime light radiance": 2.290833327, "Household Deprivation Score": 0.565645921, "Negative Coping Tendency": 5.4875, "Unemployment rate": 16.6, "Population dependency ratio": 60.7, "Food insecurity level (IPC)": 0.21, "Poverty Level (Relative Vulnerability - AMAAN)": 0.007545144, "Poverty Level (Internal Vulnerability - AMAAN)": 4.847801578, "composite_score": 0.456173023 }, "geometry": { "type": "Point", "coordinates": [ 35.776640184393088, 34.108473499860636 ] } },
{ "type": "Feature", "properties": { "rand_point_id": 483, "adm3_name1": "مزرعة المعادن", "adm3_pcode": "26213", "Nighttime light radiance": 2.379999971, "Household Deprivation Score": 0.565645921, "Negative Coping Tendency": 5.4875, "Unemployment rate": 16.6, "Population dependency ratio": 60.7, "Food insecurity level (IPC)": 0.21, "Poverty Level (Relative Vulnerability - AMAAN)": 0.0, "Poverty Level (Internal Vulnerability - AMAAN)": 0.0, "composite_score": 0.455885335 }, "geometry": { "type": "Point", "coordinates": [ 35.79307892300384, 34.112917561173674 ] } },
{ "type": "Feature", "properties": { "rand_point_id": 484, "adm3_name1": "حصنا", "adm3_pcode": "26214", "Nighttime light radiance": 1.378235293, "Household Deprivation Score": 0.565645921, "Negative Coping Tendency": 5.4875, "Unemployment rate": 16.6, "Population dependency ratio": 60.7, "Food insecurity level (IPC)": 0.21, "Poverty Level (Relative Vulnerability - AMAAN)": 0.001228279, "Poverty Level (Internal Vulnerability - AMAAN)": 8.860759494, "composite_score": 0.456442762 }, "geometry": { "type": "Point", "coordinates": [ 35.800318132954672, 34.104704648174639 ] } },
{ "type": "Feature", "properties": { "rand_point_id": 485, "adm3_name1": "طورزيا", "adm3_pcode": "26215", "Nighttime light radiance": 3.517272776, "Household Deprivation Score": 0.565645921, "Negative Coping Tendency": 5.4875, "Unemployment rate": 16.6, "Population dependency ratio": 60.7, "Food insecurity level (IPC)": 0.21, "Poverty Level (Relative Vulnerability - AMAAN)": 0.001403748, "Poverty Level (Internal Vulnerability - AMAAN)": 0.826446281, "composite_score": 0.455387642 }, "geometry": { "type": "Point", "coordinates": [ 35.739916446086795, 34.104511852078886 ] } },
{ "type": "Feature", "properties": { "rand_point_id": 486, "adm3_name1": "فرحت", "adm3_pcode": "26217", "Nighttime light radiance": 2.804999987, "Household Deprivation Score": 0.565645921, "Negative Coping Tendency": 5.4875, "Unemployment rate": 16.6, "Population dependency ratio": 60.7, "Food insecurity level (IPC)": 0.21, "Poverty Level (Relative Vulnerability - AMAAN)": 0.004913117, "Poverty Level (Internal Vulnerability - AMAAN)": 5.821205821, "composite_score": 0.455858246 }, "geometry": { "type": "Point", "coordinates": [ 35.764428870918678, 34.103038782178459 ] } },
{ "type": "Feature", "properties": { "rand_point_id": 487, "adm3_name1": "مشمش جبيل", "adm3_pcode": "26218", "Nighttime light radiance": 2.05475001, "Household Deprivation Score": 0.565645921, "Negative Coping Tendency": 5.4875, "Unemployment rate": 16.6, "Population dependency ratio": 60.7, "Food insecurity level (IPC)": 0.21, "Poverty Level (Relative Vulnerability - AMAAN)": 0.001403748, "Poverty Level (Internal Vulnerability - AMAAN)": 0.399400899, "composite_score": 0.456090851 }, "geometry": { "type": "Point", "coordinates": [ 35.773849998848746, 34.152321864592295 ] } },
{ "type": "Feature", "properties": { "rand_point_id": 488, "adm3_name1": "عاليتا", "adm3_pcode": "26219", "Nighttime light radiance": 4.032499969, "Household Deprivation Score": 0.565645921, "Negative Coping Tendency": 5.4875, "Unemployment rate": 16.6, "Population dependency ratio": 60.7, "Food insecurity level (IPC)": 0.21, "Poverty Level (Relative Vulnerability - AMAAN)": 0.001052811, "Poverty Level (Internal Vulnerability - AMAAN)": 17.14285714, "composite_score": 0.455206876 }, "geometry": { "type": "Point", "coordinates": [ 35.692510157369504, 34.091188565091166 ] } },
{ "type": "Feature", "properties": { "rand_point_id": 489, "adm3_name1": "صوانة", "adm3_pcode": "26220", "Nighttime light radiance": 2.0000000400000002, "Household Deprivation Score": 0.565645921, "Negative Coping Tendency": 5.4875, "Unemployment rate": 16.6, "Population dependency ratio": 60.7, "Food insecurity level (IPC)": 0.21, "Poverty Level (Relative Vulnerability - AMAAN)": 0.003333901, "Poverty Level (Internal Vulnerability - AMAAN)": 28.78787879, "composite_score": 0.456302372 }, "geometry": { "type": "Point", "coordinates": [ 35.773129256126481, 34.095963592155769 ] } },
{ "type": "Feature", "properties": { "rand_point_id": 490, "adm3_name1": "عين الدلبة جبيل", "adm3_pcode": "26221", "Nighttime light radiance": 2.95999999, "Household Deprivation Score": 0.565645921, "Negative Coping Tendency": 5.4875, "Unemployment rate": 16.6, "Population dependency ratio": 60.7, "Food insecurity level (IPC)": 0.21, "Poverty Level (Relative Vulnerability - AMAAN)": 0.0, "Poverty Level (Internal Vulnerability - AMAAN)": 0.0, "composite_score": 0.45561662 }, "geometry": { "type": "Point", "coordinates": [ 35.761587294699204, 34.092838915917937 ] } },
{ "type": "Feature", "properties": { "rand_point_id": 491, "adm3_name1": "فرات", "adm3_pcode": "26223", "Nighttime light radiance": 1.427647061, "Household Deprivation Score": 0.565645921, "Negative Coping Tendency": 5.4875, "Unemployment rate": 16.6, "Population dependency ratio": 60.7, "Food insecurity level (IPC)": 0.21, "Poverty Level (Relative Vulnerability - AMAAN)": 0.0, "Poverty Level (Internal Vulnerability - AMAAN)": 0.0, "composite_score": 0.456354024 }, "geometry": { "type": "Point", "coordinates": [ 35.780262044947904, 34.081551674840995 ] } },
{ "type": "Feature", "properties": { "rand_point_id": 492, "adm3_name1": "كفر بعال", "adm3_pcode": "26224", "Nighttime light radiance": 5.491874948, "Household Deprivation Score": 0.565645921, "Negative Coping Tendency": 5.4875, "Unemployment rate": 16.6, "Population dependency ratio": 60.7, "Food insecurity level (IPC)": 0.21, "Poverty Level (Relative Vulnerability - AMAAN)": 0.0, "Poverty Level (Internal Vulnerability - AMAAN)": 0.0, "composite_score": 0.454405706 }, "geometry": { "type": "Point", "coordinates": [ 35.74548086273451, 34.120839316421169 ] } },
{ "type": "Feature", "properties": { "rand_point_id": 493, "adm3_name1": "حجولا", "adm3_pcode": "26226", "Nighttime light radiance": 1.717199998, "Household Deprivation Score": 0.565645921, "Negative Coping Tendency": 5.4875, "Unemployment rate": 16.6, "Population dependency ratio": 60.7, "Food insecurity level (IPC)": 0.21, "Poverty Level (Relative Vulnerability - AMAAN)": 0.0, "Poverty Level (Internal Vulnerability - AMAAN)": 0.0, "composite_score": 0.456218694 }, "geometry": { "type": "Point", "coordinates": [ 35.744444833643705, 34.129725539509096 ] } },
{ "type": "Feature", "properties": { "rand_point_id": 494, "adm3_name1": "عين جرين", "adm3_pcode": "26227", "Nighttime light radiance": 2.431538453, "Household Deprivation Score": 0.565645921, "Negative Coping Tendency": 5.4875, "Unemployment rate": 16.6, "Population dependency ratio": 60.7, "Food insecurity level (IPC)": 0.21, "Poverty Level (Relative Vulnerability - AMAAN)": 0.000877342, "Poverty Level (Internal Vulnerability - AMAAN)": 2.109704641, "composite_score": 0.455912677 }, "geometry": { "type": "Point", "coordinates": [ 35.769148323726519, 34.086262512613047 ] } },
{ "type": "Feature", "properties": { "rand_point_id": 495, "adm3_name1": "حصون", "adm3_pcode": "26229", "Nighttime light radiance": 5.014736891, "Household Deprivation Score": 0.565645921, "Negative Coping Tendency": 5.4875, "Unemployment rate": 16.6, "Population dependency ratio": 60.7, "Food insecurity level (IPC)": 0.21, "Poverty Level (Relative Vulnerability - AMAAN)": 0.0, "Poverty Level (Internal Vulnerability - AMAAN)": 0.0, "composite_score": 0.454640512 }, "geometry": { "type": "Point", "coordinates": [ 35.732179679098344, 34.092495715827951 ] } },
{ "type": "Feature", "properties": { "rand_point_id": 496, "adm3_name1": "مشان", "adm3_pcode": "26231", "Nighttime light radiance": 6.49545455, "Household Deprivation Score": 0.565645921, "Negative Coping Tendency": 5.4875, "Unemployment rate": 16.6, "Population dependency ratio": 60.7, "Food insecurity level (IPC)": 0.21, "Poverty Level (Relative Vulnerability - AMAAN)": 0.001579216, "Poverty Level (Internal Vulnerability - AMAAN)": 0.919305414, "composite_score": 0.453983713 }, "geometry": { "type": "Point", "coordinates": [ 35.743935297232539, 34.07748500414057 ] } },
{ "type": "Feature", "properties": { "rand_point_id": 497, "adm3_name1": "لحفد", "adm3_pcode": "26233", "Nighttime light radiance": 2.543571434, "Household Deprivation Score": 0.565645921, "Negative Coping Tendency": 5.4875, "Unemployment rate": 16.6, "Population dependency ratio": 60.7, "Food insecurity level (IPC)": 0.21, "Poverty Level (Relative Vulnerability - AMAAN)": 0.004737648, "Poverty Level (Internal Vulnerability - AMAAN)": 1.464208243, "composite_score": 0.455978166 }, "geometry": { "type": "Point", "coordinates": [ 35.776363683651425, 34.162081156499575 ] } },
{ "type": "Feature", "properties": { "rand_point_id": 498, "adm3_name1": "هابيل", "adm3_pcode": "26234", "Nighttime light radiance": 1.364999995, "Household Deprivation Score": 0.565645921, "Negative Coping Tendency": 5.4875, "Unemployment rate": 16.6, "Population dependency ratio": 60.7, "Food insecurity level (IPC)": 0.21, "Poverty Level (Relative Vulnerability - AMAAN)": 0.001579216, "Poverty Level (Internal Vulnerability - AMAAN)": 3.658536585, "composite_score": 0.45646032 }, "geometry": { "type": "Point", "coordinates": [ 35.734527975285985, 34.155681836702769 ] } },
{ "type": "Feature", "properties": { "rand_point_id": 499, "adm3_name1": "جورة القطين", "adm3_pcode": "26236", "Nighttime light radiance": 1.686666674, "Household Deprivation Score": 0.565645921, "Negative Coping Tendency": 5.4875, "Unemployment rate": 16.6, "Population dependency ratio": 60.7, "Food insecurity level (IPC)": 0.21, "Poverty Level (Relative Vulnerability - AMAAN)": 0.0, "Poverty Level (Internal Vulnerability - AMAAN)": 0.0, "composite_score": 0.45624521 }, "geometry": { "type": "Point", "coordinates": [ 35.735150083145776, 34.103211075376009 ] } },
{ "type": "Feature", "properties": { "rand_point_id": 500, "adm3_name1": "بركة حجولا", "adm3_pcode": "26237", "Nighttime light radiance": 1.420454545, "Household Deprivation Score": 0.565645921, "Negative Coping Tendency": 5.4875, "Unemployment rate": 16.6, "Population dependency ratio": 60.7, "Food insecurity level (IPC)": 0.21, "Poverty Level (Relative Vulnerability - AMAAN)": 0.001228279, "Poverty Level (Internal Vulnerability - AMAAN)": 5.982905983, "composite_score": 0.456437099 }, "geometry": { "type": "Point", "coordinates": [ 35.735321081701592, 34.147084915038903 ] } },
{ "type": "Feature", "properties": { "rand_point_id": 501, "adm3_name1": "ادونيس", "adm3_pcode": "26239", "Nighttime light radiance": 6.580769245, "Household Deprivation Score": 0.565645921, "Negative Coping Tendency": 5.4875, "Unemployment rate": 16.6, "Population dependency ratio": 60.7, "Food insecurity level (IPC)": 0.21, "Poverty Level (Relative Vulnerability - AMAAN)": 0.003860306, "Poverty Level (Internal Vulnerability - AMAAN)": 2.370689655, "composite_score": 0.454026626 }, "geometry": { "type": "Point", "coordinates": [ 35.734518186828211, 34.07719349573015 ] } },
{ "type": "Feature", "properties": { "rand_point_id": 502, "adm3_name1": "راس اسطا", "adm3_pcode": "26241", "Nighttime light radiance": 1.814999998, "Household Deprivation Score": 0.565645921, "Negative Coping Tendency": 5.4875, "Unemployment rate": 16.6, "Population dependency ratio": 60.7, "Food insecurity level (IPC)": 0.21, "Poverty Level (Relative Vulnerability - AMAAN)": 0.004913117, "Poverty Level (Internal Vulnerability - AMAAN)": 3.894297636, "composite_score": 0.456353099 }, "geometry": { "type": "Point", "coordinates": [ 35.74202952901922, 34.1130698972039 ] } },
{ "type": "Feature", "properties": { "rand_point_id": 503, "adm3_name1": "بشتليدا", "adm3_pcode": "26243", "Nighttime light radiance": 1.614166662, "Household Deprivation Score": 0.565645921, "Negative Coping Tendency": 5.4875, "Unemployment rate": 16.6, "Population dependency ratio": 60.7, "Food insecurity level (IPC)": 0.21, "Poverty Level (Relative Vulnerability - AMAAN)": 0.003333901, "Poverty Level (Internal Vulnerability - AMAAN)": 3.448275862, "composite_score": 0.456402809 }, "geometry": { "type": "Point", "coordinates": [ 35.721714030887405, 34.130132342949231 ] } },
{ "type": "Feature", "properties": { "rand_point_id": 504, "adm3_name1": "بشلّلي", "adm3_pcode": "26244", "Nighttime light radiance": 1.890000001, "Household Deprivation Score": 0.565645921, "Negative Coping Tendency": 5.4875, "Unemployment rate": 16.6, "Population dependency ratio": 60.7, "Food insecurity level (IPC)": 0.21, "Poverty Level (Relative Vulnerability - AMAAN)": 0.010703576, "Poverty Level (Internal Vulnerability - AMAAN)": 9.697933227, "composite_score": 0.456518758 }, "geometry": { "type": "Point", "coordinates": [ 35.708764555893573, 34.10256627509095 ] } },
{ "type": "Feature", "properties": { "rand_point_id": 505, "adm3_name1": "زبدين", "adm3_pcode": "26246", "Nighttime light radiance": 3.094999989, "Household Deprivation Score": 0.565645921, "Negative Coping Tendency": 5.4875, "Unemployment rate": 16.6, "Population dependency ratio": 60.7, "Food insecurity level (IPC)": 0.21, "Poverty Level (Relative Vulnerability - AMAAN)": 0.002982964, "Poverty Level (Internal Vulnerability - AMAAN)": 2.016607355, "composite_score": 0.455679278 }, "geometry": { "type": "Point", "coordinates": [ 35.723410376718697, 34.091630823356681 ] } },
{ "type": "Feature", "properties": { "rand_point_id": 506, "adm3_name1": "حقل", "adm3_pcode": "26247", "Nighttime light radiance": 1.988846155, "Household Deprivation Score": 0.565645921, "Negative Coping Tendency": 5.4875, "Unemployment rate": 16.6, "Population dependency ratio": 60.7, "Food insecurity level (IPC)": 0.21, "Poverty Level (Relative Vulnerability - AMAAN)": 0.0, "Poverty Level (Internal Vulnerability - AMAAN)": 0.0, "composite_score": 0.456113319 }, "geometry": { "type": "Point", "coordinates": [ 35.738285576235732, 34.174194541707813 ] } },
{ "type": "Feature", "properties": { "rand_point_id": 507, "adm3_name1": "خاربة جبيل", "adm3_pcode": "26249", "Nighttime light radiance": 1.929999985, "Household Deprivation Score": 0.565645921, "Negative Coping Tendency": 5.4875, "Unemployment rate": 16.6, "Population dependency ratio": 60.7, "Food insecurity level (IPC)": 0.21, "Poverty Level (Relative Vulnerability - AMAAN)": 0.001754685, "Poverty Level (Internal Vulnerability - AMAAN)": 3.623188406, "composite_score": 0.456212179 }, "geometry": { "type": "Point", "coordinates": [ 35.741064345077618, 34.182699282074068 ] } },
{ "type": "Feature", "properties": { "rand_point_id": 508, "adm3_name1": "قطارة", "adm3_pcode": "26251", "Nighttime light radiance": 1.583999997, "Household Deprivation Score": 0.565645921, "Negative Coping Tendency": 5.4875, "Unemployment rate": 16.6, "Population dependency ratio": 60.7, "Food insecurity level (IPC)": 0.21, "Poverty Level (Relative Vulnerability - AMAAN)": 0.0, "Poverty Level (Internal Vulnerability - AMAAN)": 0.0, "composite_score": 0.456312261 }, "geometry": { "type": "Point", "coordinates": [ 35.804207083819179, 34.175422549802931 ] } },
{ "type": "Feature", "properties": { "rand_point_id": 509, "adm3_name1": "بريج", "adm3_pcode": "26253", "Nighttime light radiance": 3.374285766, "Household Deprivation Score": 0.565645921, "Negative Coping Tendency": 5.4875, "Unemployment rate": 16.6, "Population dependency ratio": 60.7, "Food insecurity level (IPC)": 0.21, "Poverty Level (Relative Vulnerability - AMAAN)": 0.0, "Poverty Level (Internal Vulnerability - AMAAN)": 0.0, "composite_score": 0.455455882 }, "geometry": { "type": "Point", "coordinates": [ 35.703183515929005, 34.115798915910162 ] } },
{ "type": "Feature", "properties": { "rand_point_id": 510, "adm3_name1": "سربين", "adm3_pcode": "26254", "Nighttime light radiance": 1.959999979, "Household Deprivation Score": 0.565645921, "Negative Coping Tendency": 5.4875, "Unemployment rate": 16.6, "Population dependency ratio": 60.7, "Food insecurity level (IPC)": 0.21, "Poverty Level (Relative Vulnerability - AMAAN)": 0.0, "Poverty Level (Internal Vulnerability - AMAAN)": 0.0, "composite_score": 0.456135465 }, "geometry": { "type": "Point", "coordinates": [ 35.710328474649224, 34.111125966507863 ] } },
{ "type": "Feature", "properties": { "rand_point_id": 511, "adm3_name1": "عبيدات", "adm3_pcode": "26256", "Nighttime light radiance": 2.759375006, "Household Deprivation Score": 0.565645921, "Negative Coping Tendency": 5.4875, "Unemployment rate": 16.6, "Population dependency ratio": 60.7, "Food insecurity level (IPC)": 0.21, "Poverty Level (Relative Vulnerability - AMAAN)": 0.002105621, "Poverty Level (Internal Vulnerability - AMAAN)": 1.21703854, "composite_score": 0.45582248 }, "geometry": { "type": "Point", "coordinates": [ 35.725695959782982, 34.161410773329386 ] } },
{ "type": "Feature", "properties": { "rand_point_id": 512, "adm3_name1": "ميفوق", "adm3_pcode": "26257", "Nighttime light radiance": 2.5614706, "Household Deprivation Score": 0.565645921, "Negative Coping Tendency": 5.4875, "Unemployment rate": 16.6, "Population dependency ratio": 60.7, "Food insecurity level (IPC)": 0.21, "Poverty Level (Relative Vulnerability - AMAAN)": 0.0, "Poverty Level (Internal Vulnerability - AMAAN)": 0.0, "composite_score": 0.455850516 }, "geometry": { "type": "Point", "coordinates": [ 35.780753117090782, 34.184945925136695 ] } },
{ "type": "Feature", "properties": { "rand_point_id": 513, "adm3_name1": "بحديدات", "adm3_pcode": "26259", "Nighttime light radiance": 3.266666671, "Household Deprivation Score": 0.565645921, "Negative Coping Tendency": 5.4875, "Unemployment rate": 16.6, "Population dependency ratio": 60.7, "Food insecurity level (IPC)": 0.21, "Poverty Level (Relative Vulnerability - AMAAN)": 0.0, "Poverty Level (Internal Vulnerability - AMAAN)": 0.0, "composite_score": 0.455514626 }, "geometry": { "type": "Point", "coordinates": [ 35.717308345206618, 34.145333234661848 ] } },
{ "type": "Feature", "properties": { "rand_point_id": 514, "adm3_name1": "الراموط", "adm3_pcode": "26261", "Nighttime light radiance": 5.686382225, "Household Deprivation Score": 0.565645921, "Negative Coping Tendency": 5.4875, "Unemployment rate": 16.6, "Population dependency ratio": 60.7, "Food insecurity level (IPC)": 0.21, "Poverty Level (Relative Vulnerability - AMAAN)": 0.0, "Poverty Level (Internal Vulnerability - AMAAN)": 0.0, "composite_score": 0.454356325 }, "geometry": { "type": "Point", "coordinates": [ 35.70970212288362, 34.167510648748006 ] } },
{ "type": "Feature", "properties": { "rand_point_id": 515, "adm3_name1": "ساقية الخيط", "adm3_pcode": "26263", "Nighttime light radiance": 6.0099999899999998, "Household Deprivation Score": 0.565645921, "Negative Coping Tendency": 5.4875, "Unemployment rate": 16.6, "Population dependency ratio": 60.7, "Food insecurity level (IPC)": 0.21, "Poverty Level (Relative Vulnerability - AMAAN)": 0.0, "Poverty Level (Internal Vulnerability - AMAAN)": 0.0, "composite_score": 0.454203468 }, "geometry": { "type": "Point", "coordinates": [ 35.714187627516644, 34.164011376211732 ] } },
{ "type": "Feature", "properties": { "rand_point_id": 516, "adm3_name1": "كفر قواص", "adm3_pcode": "26264", "Nighttime light radiance": 3.373333375, "Household Deprivation Score": 0.565645921, "Negative Coping Tendency": 5.4875, "Unemployment rate": 16.6, "Population dependency ratio": 60.7, "Food insecurity level (IPC)": 0.21, "Poverty Level (Relative Vulnerability - AMAAN)": 0.0, "Poverty Level (Internal Vulnerability - AMAAN)": 0.0, "composite_score": 0.455469396 }, "geometry": { "type": "Point", "coordinates": [ 35.695763785655288, 34.124267646840217 ] } },
{ "type": "Feature", "properties": { "rand_point_id": 517, "adm3_name1": "فتري", "adm3_pcode": "26266", "Nighttime light radiance": 4.330000051, "Household Deprivation Score": 0.565645921, "Negative Coping Tendency": 5.4875, "Unemployment rate": 16.6, "Population dependency ratio": 60.7, "Food insecurity level (IPC)": 0.21, "Poverty Level (Relative Vulnerability - AMAAN)": 0.001052811, "Poverty Level (Internal Vulnerability - AMAAN)": 0.710900474, "composite_score": 0.455047374 }, "geometry": { "type": "Point", "coordinates": [ 35.722014784851304, 34.084723303962818 ] } },
{ "type": "Feature", "properties": { "rand_point_id": 518, "adm3_name1": "كفون", "adm3_pcode": "26267", "Nighttime light radiance": 2.223333349, "Household Deprivation Score": 0.565645921, "Negative Coping Tendency": 5.4875, "Unemployment rate": 16.6, "Population dependency ratio": 60.7, "Food insecurity level (IPC)": 0.21, "Poverty Level (Relative Vulnerability - AMAAN)": 0.001930153, "Poverty Level (Internal Vulnerability - AMAAN)": 1.238738739, "composite_score": 0.456087532 }, "geometry": { "type": "Point", "coordinates": [ 35.710237108665602, 34.15749098001141 ] } },
{ "type": "Feature", "properties": { "rand_point_id": 519, "adm3_name1": "بنتاعل", "adm3_pcode": "26269", "Nighttime light radiance": 3.805384627, "Household Deprivation Score": 0.565645921, "Negative Coping Tendency": 5.4875, "Unemployment rate": 16.6, "Population dependency ratio": 60.7, "Food insecurity level (IPC)": 0.21, "Poverty Level (Relative Vulnerability - AMAAN)": 0.002105621, "Poverty Level (Internal Vulnerability - AMAAN)": 1.826484018, "composite_score": 0.455338859 }, "geometry": { "type": "Point", "coordinates": [ 35.694309324882703, 34.139371462695543 ] } },
{ "type": "Feature", "properties": { "rand_point_id": 520, "adm3_name1": "بيت حبّاق", "adm3_pcode": "26271", "Nighttime light radiance": 5.425000072, "Household Deprivation Score": 0.565645921, "Negative Coping Tendency": 5.4875, "Unemployment rate": 16.6, "Population dependency ratio": 60.7, "Food insecurity level (IPC)": 0.21, "Poverty Level (Relative Vulnerability - AMAAN)": 0.002632027, "Poverty Level (Internal Vulnerability - AMAAN)": 8.474576271, "composite_score": 0.45460939 }, "geometry": { "type": "Point", "coordinates": [ 35.709343242742989, 34.161567505909574 ] } },
{ "type": "Feature", "properties": { "rand_point_id": 521, "adm3_name1": "كفر الفتوح", "adm3_pcode": "26273", "Nighttime light radiance": 3.127499998, "Household Deprivation Score": 0.565645921, "Negative Coping Tendency": 5.4875, "Unemployment rate": 16.6, "Population dependency ratio": 60.7, "Food insecurity level (IPC)": 0.21, "Poverty Level (Relative Vulnerability - AMAAN)": 0.007194207, "Poverty Level (Internal Vulnerability - AMAAN)": 9.927360775, "composite_score": 0.455856091 }, "geometry": { "type": "Point", "coordinates": [ 35.696573368364717, 34.153742309128518 ] } },
{ "type": "Feature", "properties": { "rand_point_id": 522, "adm3_name1": "جليسه", "adm3_pcode": "26274", "Nighttime light radiance": 2.218571442, "Household Deprivation Score": 0.565645921, "Negative Coping Tendency": 5.4875, "Unemployment rate": 16.6, "Population dependency ratio": 60.7, "Food insecurity level (IPC)": 0.21, "Poverty Level (Relative Vulnerability - AMAAN)": 0.001052811, "Poverty Level (Internal Vulnerability - AMAAN)": 7.407407407, "composite_score": 0.456099249 }, "geometry": { "type": "Point", "coordinates": [ 35.695157566163893, 34.112134278572114 ] } },
{ "type": "Feature", "properties": { "rand_point_id": 523, "adm3_name1": "بجه", "adm3_pcode": "26276", "Nighttime light radiance": 2.524814809, "Household Deprivation Score": 0.565645921, "Negative Coping Tendency": 5.4875, "Unemployment rate": 16.6, "Population dependency ratio": 60.7, "Food insecurity level (IPC)": 0.21, "Poverty Level (Relative Vulnerability - AMAAN)": 0.002456558, "Poverty Level (Internal Vulnerability - AMAAN)": 1.587301587, "composite_score": 0.455970818 }, "geometry": { "type": "Point", "coordinates": [ 35.7067454832927, 34.187317614006773 ] } },
{ "type": "Feature", "properties": { "rand_point_id": 524, "adm3_name1": "غلبون", "adm3_pcode": "26277", "Nighttime light radiance": 1.84428571, "Household Deprivation Score": 0.565645921, "Negative Coping Tendency": 5.4875, "Unemployment rate": 16.6, "Population dependency ratio": 60.7, "Food insecurity level (IPC)": 0.21, "Poverty Level (Relative Vulnerability - AMAAN)": 0.0, "Poverty Level (Internal Vulnerability - AMAAN)": 0.0, "composite_score": 0.456218271 }, "geometry": { "type": "Point", "coordinates": [ 35.684948558799007, 34.178315867786708 ] } },
{ "type": "Feature", "properties": { "rand_point_id": 525, "adm3_name1": "شامات", "adm3_pcode": "26279", "Nighttime light radiance": 3.269999981, "Household Deprivation Score": 0.565645921, "Negative Coping Tendency": 5.4875, "Unemployment rate": 16.6, "Population dependency ratio": 60.7, "Food insecurity level (IPC)": 0.21, "Poverty Level (Relative Vulnerability - AMAAN)": 0.0, "Poverty Level (Internal Vulnerability - AMAAN)": 0.0, "composite_score": 0.455536767 }, "geometry": { "type": "Point", "coordinates": [ 35.70298992754654, 34.168657792520605 ] } },
{ "type": "Feature", "properties": { "rand_point_id": 526, "adm3_name1": "حبالين", "adm3_pcode": "26281", "Nighttime light radiance": 3.519090891, "Household Deprivation Score": 0.565645921, "Negative Coping Tendency": 5.4875, "Unemployment rate": 16.6, "Population dependency ratio": 60.7, "Food insecurity level (IPC)": 0.21, "Poverty Level (Relative Vulnerability - AMAAN)": 0.0, "Poverty Level (Internal Vulnerability - AMAAN)": 0.0, "composite_score": 0.455419658 }, "geometry": { "type": "Point", "coordinates": [ 35.687346033967664, 34.159713143465439 ] } },
{ "type": "Feature", "properties": { "rand_point_id": 527, "adm3_name1": "بمهرين", "adm3_pcode": "26283", "Nighttime light radiance": 6.56249994, "Household Deprivation Score": 0.565645921, "Negative Coping Tendency": 5.4875, "Unemployment rate": 16.6, "Population dependency ratio": 60.7, "Food insecurity level (IPC)": 0.21, "Poverty Level (Relative Vulnerability - AMAAN)": 0.0, "Poverty Level (Internal Vulnerability - AMAAN)": 0.0, "composite_score": 0.453962188 }, "geometry": { "type": "Point", "coordinates": [ 35.676626035062974, 34.123167660255191 ] } },
{ "type": "Feature", "properties": { "rand_point_id": 528, "adm3_name1": "حبوب", "adm3_pcode": "26284", "Nighttime light radiance": 6.413846126, "Household Deprivation Score": 0.565645921, "Negative Coping Tendency": 5.4875, "Unemployment rate": 16.6, "Population dependency ratio": 60.7, "Food insecurity level (IPC)": 0.21, "Poverty Level (Relative Vulnerability - AMAAN)": 0.004737648, "Poverty Level (Internal Vulnerability - AMAAN)": 1.563404748, "composite_score": 0.454182671 }, "geometry": { "type": "Point", "coordinates": [ 35.673342931877315, 34.134435342180275 ] } },
{ "type": "Feature", "properties": { "rand_point_id": 529, "adm3_name1": "حصارات", "adm3_pcode": "26286", "Nighttime light radiance": 1.879999979, "Household Deprivation Score": 0.565645921, "Negative Coping Tendency": 5.4875, "Unemployment rate": 16.6, "Population dependency ratio": 60.7, "Food insecurity level (IPC)": 0.21, "Poverty Level (Relative Vulnerability - AMAAN)": 0.007545144, "Poverty Level (Internal Vulnerability - AMAAN)": 2.915254237, "composite_score": 0.45644939 }, "geometry": { "type": "Point", "coordinates": [ 35.672570284768661, 34.165759337727003 ] } },
{ "type": "Feature", "properties": { "rand_point_id": 530, "adm3_name1": "كفر مسحون", "adm3_pcode": "26287", "Nighttime light radiance": 6.66666672, "Household Deprivation Score": 0.565645921, "Negative Coping Tendency": 5.4875, "Unemployment rate": 16.6, "Population dependency ratio": 60.7, "Food insecurity level (IPC)": 0.21, "Poverty Level (Relative Vulnerability - AMAAN)": 0.002105621, "Poverty Level (Internal Vulnerability - AMAAN)": 1.5625, "composite_score": 0.453986576 }, "geometry": { "type": "Point", "coordinates": [ 35.671748427994274, 34.147205884720243 ] } },
{ "type": "Feature", "properties": { "rand_point_id": 531, "adm3_name1": "عين كفاع", "adm3_pcode": "26289", "Nighttime light radiance": 1.443333333, "Household Deprivation Score": 0.565645921, "Negative Coping Tendency": 5.4875, "Unemployment rate": 16.6, "Population dependency ratio": 60.7, "Food insecurity level (IPC)": 0.21, "Poverty Level (Relative Vulnerability - AMAAN)": 0.001228279, "Poverty Level (Internal Vulnerability - AMAAN)": 3.723404255, "composite_score": 0.456477867 }, "geometry": { "type": "Point", "coordinates": [ 35.696250510099169, 34.188743475341596 ] } },
{ "type": "Feature", "properties": { "rand_point_id": 532, "adm3_name1": "غرفين", "adm3_pcode": "26291", "Nighttime light radiance": 11.3191667, "Household Deprivation Score": 0.565645921, "Negative Coping Tendency": 5.4875, "Unemployment rate": 16.6, "Population dependency ratio": 60.7, "Food insecurity level (IPC)": 0.21, "Poverty Level (Relative Vulnerability - AMAAN)": 0.001052811, "Poverty Level (Internal Vulnerability - AMAAN)": 0.843881857, "composite_score": 0.451725114 }, "geometry": { "type": "Point", "coordinates": [ 35.665500123955582, 34.156129879125785 ] } },
{ "type": "Feature", "properties": { "rand_point_id": 533, "adm3_name1": "معاد", "adm3_pcode": "26293", "Nighttime light radiance": 1.933333351, "Household Deprivation Score": 0.565645921, "Negative Coping Tendency": 5.4875, "Unemployment rate": 16.6, "Population dependency ratio": 60.7, "Food insecurity level (IPC)": 0.21, "Poverty Level (Relative Vulnerability - AMAAN)": 0.0, "Poverty Level (Internal Vulnerability - AMAAN)": 0.0, "composite_score": 0.456194549 }, "geometry": { "type": "Point", "coordinates": [ 35.681226550069717, 34.203523334336325 ] } },
{ "type": "Feature", "properties": { "rand_point_id": 534, "adm3_name1": "غرزوز", "adm3_pcode": "26294", "Nighttime light radiance": 2.106666668, "Household Deprivation Score": 0.565645921, "Negative Coping Tendency": 5.4875, "Unemployment rate": 16.6, "Population dependency ratio": 60.7, "Food insecurity level (IPC)": 0.21, "Poverty Level (Relative Vulnerability - AMAAN)": 0.001403748, "Poverty Level (Internal Vulnerability - AMAAN)": 1.785714286, "composite_score": 0.456162284 }, "geometry": { "type": "Point", "coordinates": [ 35.677357640446409, 34.181298457843525 ] } },
{ "type": "Feature", "properties": { "rand_point_id": 535, "adm3_name1": "شيخان", "adm3_pcode": "26295", "Nighttime light radiance": 2.216666659, "Household Deprivation Score": 0.565645921, "Negative Coping Tendency": 5.4875, "Unemployment rate": 16.6, "Population dependency ratio": 60.7, "Food insecurity level (IPC)": 0.21, "Poverty Level (Relative Vulnerability - AMAAN)": 0.0, "Poverty Level (Internal Vulnerability - AMAAN)": 0.0, "composite_score": 0.456061016 }, "geometry": { "type": "Point", "coordinates": [ 35.659060749108171, 34.171238718710974 ] } },
{ "type": "Feature", "properties": { "rand_point_id": 536, "adm3_name1": "شموت", "adm3_pcode": "26296", "Nighttime light radiance": 1.581428562, "Household Deprivation Score": 0.565645921, "Negative Coping Tendency": 5.4875, "Unemployment rate": 16.6, "Population dependency ratio": 60.7, "Food insecurity level (IPC)": 0.21, "Poverty Level (Relative Vulnerability - AMAAN)": 0.0, "Poverty Level (Internal Vulnerability - AMAAN)": 0.0, "composite_score": 0.45636691 }, "geometry": { "type": "Point", "coordinates": [ 35.663009613573209, 34.195441216545397 ] } },
{ "type": "Feature", "properties": { "rand_point_id": 537, "adm3_name1": "بخعاز", "adm3_pcode": "26297", "Nighttime light radiance": 1.928999984, "Household Deprivation Score": 0.565645921, "Negative Coping Tendency": 5.4875, "Unemployment rate": 16.6, "Population dependency ratio": 60.7, "Food insecurity level (IPC)": 0.21, "Poverty Level (Relative Vulnerability - AMAAN)": 0.0, "Poverty Level (Internal Vulnerability - AMAAN)": 0.0, "composite_score": 0.456201376 }, "geometry": { "type": "Point", "coordinates": [ 35.65994318000628, 34.189919065272072 ] } },
{ "type": "Feature", "properties": { "rand_point_id": 538, "adm3_name1": "فغال", "adm3_pcode": "26298", "Nighttime light radiance": 3.984000039, "Household Deprivation Score": 0.565645921, "Negative Coping Tendency": 5.4875, "Unemployment rate": 16.6, "Population dependency ratio": 60.7, "Food insecurity level (IPC)": 0.21, "Poverty Level (Relative Vulnerability - AMAAN)": 0.0, "Poverty Level (Internal Vulnerability - AMAAN)": 0.0, "composite_score": 0.455216833 }, "geometry": { "type": "Point", "coordinates": [ 35.679175707080518, 34.207786425254547 ] } },
{ "type": "Feature", "properties": { "rand_point_id": 539, "adm3_name1": "بزيون", "adm3_pcode": "26299", "Nighttime light radiance": 4.521999931, "Household Deprivation Score": 0.565645921, "Negative Coping Tendency": 5.4875, "Unemployment rate": 16.6, "Population dependency ratio": 60.7, "Food insecurity level (IPC)": 0.21, "Poverty Level (Relative Vulnerability - AMAAN)": 0.006667801, "Poverty Level (Internal Vulnerability - AMAAN)": 16.23931624, "composite_score": 0.455230255 }, "geometry": { "type": "Point", "coordinates": [ 35.764077620002965, 34.095908896812453 ] } },
{ "type": "Feature", "properties": { "rand_point_id": 540, "adm3_name1": "قرطبا", "adm3_pcode": "26311", "Nighttime light radiance": 2.095319149, "Household Deprivation Score": 0.565645921, "Negative Coping Tendency": 5.4875, "Unemployment rate": 16.6, "Population dependency ratio": 60.7, "Food insecurity level (IPC)": 0.21, "Poverty Level (Relative Vulnerability - AMAAN)": 0.0, "Poverty Level (Internal Vulnerability - AMAAN)": 0.0, "composite_score": 0.456138215 }, "geometry": { "type": "Point", "coordinates": [ 35.820158543434054, 34.089939946544597 ] } },
{ "type": "Feature", "properties": { "rand_point_id": 541, "adm3_name1": "دير مار سركيس", "adm3_pcode": "26314", "Nighttime light radiance": 2.769999957, "Household Deprivation Score": 0.565645921, "Negative Coping Tendency": 5.4875, "Unemployment rate": 16.6, "Population dependency ratio": 60.7, "Food insecurity level (IPC)": 0.21, "Poverty Level (Relative Vulnerability - AMAAN)": 0.0, "Poverty Level (Internal Vulnerability - AMAAN)": 0.0, "composite_score": 0.455818149 }, "geometry": { "type": "Point", "coordinates": [ 35.858253882117225, 34.090610622524906 ] } },
{ "type": "Feature", "properties": { "rand_point_id": 542, "adm3_name1": "عين الغويبة", "adm3_pcode": "26317", "Nighttime light radiance": 1.655000001, "Household Deprivation Score": 0.565645921, "Negative Coping Tendency": 5.4875, "Unemployment rate": 16.6, "Population dependency ratio": 60.7, "Food insecurity level (IPC)": 0.21, "Poverty Level (Relative Vulnerability - AMAAN)": 0.0, "Poverty Level (Internal Vulnerability - AMAAN)": 0.0, "composite_score": 0.456356547 }, "geometry": { "type": "Point", "coordinates": [ 35.859121669969667, 34.080709668217885 ] } },
{ "type": "Feature", "properties": { "rand_point_id": 543, "adm3_name1": "مزرعة السياد", "adm3_pcode": "26321", "Nighttime light radiance": 1.132916667, "Household Deprivation Score": 0.565645921, "Negative Coping Tendency": 5.4875, "Unemployment rate": 16.6, "Population dependency ratio": 60.7, "Food insecurity level (IPC)": 0.21, "Poverty Level (Relative Vulnerability - AMAAN)": 0.0, "Poverty Level (Internal Vulnerability - AMAAN)": 0.0, "composite_score": 0.456611724 }, "geometry": { "type": "Point", "coordinates": [ 35.872111245025565, 34.110421891442861 ] } },
{ "type": "Feature", "properties": { "rand_point_id": 544, "adm3_name1": "هدينة", "adm3_pcode": "26324", "Nighttime light radiance": 4.227500066, "Household Deprivation Score": 0.565645921, "Negative Coping Tendency": 5.4875, "Unemployment rate": 16.6, "Population dependency ratio": 60.7, "Food insecurity level (IPC)": 0.21, "Poverty Level (Relative Vulnerability - AMAAN)": 0.0, "Poverty Level (Internal Vulnerability - AMAAN)": 0.0, "composite_score": 0.455130894 }, "geometry": { "type": "Point", "coordinates": [ 35.868580176363501, 34.091490735037688 ] } },
{ "type": "Feature", "properties": { "rand_point_id": 545, "adm3_name1": "جنة", "adm3_pcode": "26327", "Nighttime light radiance": 1.01000001, "Household Deprivation Score": 0.565645921, "Negative Coping Tendency": 5.4875, "Unemployment rate": 16.6, "Population dependency ratio": 60.7, "Food insecurity level (IPC)": 0.21, "Poverty Level (Relative Vulnerability - AMAAN)": 0.0, "Poverty Level (Internal Vulnerability - AMAAN)": 0.0, "composite_score": 0.456677806 }, "geometry": { "type": "Point", "coordinates": [ 35.833204325527376, 34.081615134197449 ] } },
{ "type": "Feature", "properties": { "rand_point_id": 546, "adm3_name1": "لاسا", "adm3_pcode": "26331", "Nighttime light radiance": 1.133255817, "Household Deprivation Score": 0.565645921, "Negative Coping Tendency": 5.4875, "Unemployment rate": 16.6, "Population dependency ratio": 60.7, "Food insecurity level (IPC)": 0.21, "Poverty Level (Relative Vulnerability - AMAAN)": 0.002632027, "Poverty Level (Internal Vulnerability - AMAAN)": 4.491017964, "composite_score": 0.456721651 }, "geometry": { "type": "Point", "coordinates": [ 35.860779236515612, 34.072551248937863 ] } },
{ "type": "Feature", "properties": { "rand_point_id": 547, "adm3_name1": "سرعيتا", "adm3_pcode": "26334", "Nighttime light radiance": 3.007499993, "Household Deprivation Score": 0.565645921, "Negative Coping Tendency": 5.4875, "Unemployment rate": 16.6, "Population dependency ratio": 60.7, "Food insecurity level (IPC)": 0.21, "Poverty Level (Relative Vulnerability - AMAAN)": 0.0, "Poverty Level (Internal Vulnerability - AMAAN)": 0.0, "composite_score": 0.455727966 }, "geometry": { "type": "Point", "coordinates": [ 35.865120274657777, 34.088274507993717 ] } },
{ "type": "Feature", "properties": { "rand_point_id": 548, "adm3_name1": "غابات", "adm3_pcode": "26337", "Nighttime light radiance": 3.0000000240000002, "Household Deprivation Score": 0.565645921, "Negative Coping Tendency": 5.4875, "Unemployment rate": 16.6, "Population dependency ratio": 60.7, "Food insecurity level (IPC)": 0.21, "Poverty Level (Relative Vulnerability - AMAAN)": 0.0, "Poverty Level (Internal Vulnerability - AMAAN)": 0.0, "composite_score": 0.455735125 }, "geometry": { "type": "Point", "coordinates": [ 35.868956329189878, 34.0814832599645 ] } },
{ "type": "Feature", "properties": { "rand_point_id": 549, "adm3_name1": "مغيره", "adm3_pcode": "26341", "Nighttime light radiance": 1.866249997, "Household Deprivation Score": 0.565645921, "Negative Coping Tendency": 5.4875, "Unemployment rate": 16.6, "Population dependency ratio": 60.7, "Food insecurity level (IPC)": 0.21, "Poverty Level (Relative Vulnerability - AMAAN)": 0.000877342, "Poverty Level (Internal Vulnerability - AMAAN)": 0.501002004, "composite_score": 0.456312043 }, "geometry": { "type": "Point", "coordinates": [ 35.87967066903677, 34.104445817168077 ] } },
{ "type": "Feature", "properties": { "rand_point_id": 550, "adm3_name1": "تدمر", "adm3_pcode": "26344", "Nighttime light radiance": 1.274999976, "Household Deprivation Score": 0.565645921, "Negative Coping Tendency": 5.4875, "Unemployment rate": 16.6, "Population dependency ratio": 60.7, "Food insecurity level (IPC)": 0.21, "Poverty Level (Relative Vulnerability - AMAAN)": 0.0, "Poverty Level (Internal Vulnerability - AMAAN)": 0.0, "composite_score": 0.456570872 }, "geometry": { "type": "Point", "coordinates": [ 35.871142496757557, 34.106710503339059 ] } },
{ "type": "Feature", "properties": { "rand_point_id": 551, "adm3_name1": "يانوح", "adm3_pcode": "26347", "Nighttime light radiance": 5.384285722, "Household Deprivation Score": 0.565645921, "Negative Coping Tendency": 5.4875, "Unemployment rate": 16.6, "Population dependency ratio": 60.7, "Food insecurity level (IPC)": 0.21, "Poverty Level (Relative Vulnerability - AMAAN)": 0.018599656, "Poverty Level (Internal Vulnerability - AMAAN)": 141.3333333, "composite_score": 0.45578154 }, "geometry": { "type": "Point", "coordinates": [ 35.883712948688462, 34.097610523879659 ] } },
{ "type": "Feature", "properties": { "rand_point_id": 552, "adm3_name1": "قرقريا", "adm3_pcode": "26351", "Nighttime light radiance": 0.91999999200000004, "Household Deprivation Score": 0.565645921, "Negative Coping Tendency": 5.4875, "Unemployment rate": 16.6, "Population dependency ratio": 60.7, "Food insecurity level (IPC)": 0.21, "Poverty Level (Relative Vulnerability - AMAAN)": 0.0, "Poverty Level (Internal Vulnerability - AMAAN)": 0.0, "composite_score": 0.456749465 }, "geometry": { "type": "Point", "coordinates": [ 35.810037486057723, 34.073070448576807 ] } },
{ "type": "Feature", "properties": { "rand_point_id": 553, "adm3_name1": "بلحص", "adm3_pcode": "26354", "Nighttime light radiance": 1.18, "Household Deprivation Score": 0.565645921, "Negative Coping Tendency": 5.4875, "Unemployment rate": 16.6, "Population dependency ratio": 60.7, "Food insecurity level (IPC)": 0.21, "Poverty Level (Relative Vulnerability - AMAAN)": 0.00228109, "Poverty Level (Internal Vulnerability - AMAAN)": 650.0, "composite_score": 0.459567619 }, "geometry": { "type": "Point", "coordinates": [ 35.808367851462961, 34.093731871614395 ] } },
{ "type": "Feature", "properties": { "rand_point_id": 554, "adm3_name1": "المجدل", "adm3_pcode": "26357", "Nighttime light radiance": 1.331379311, "Household Deprivation Score": 0.565645921, "Negative Coping Tendency": 5.4875, "Unemployment rate": 16.6, "Population dependency ratio": 60.7, "Food insecurity level (IPC)": 0.21, "Poverty Level (Relative Vulnerability - AMAAN)": 0.0, "Poverty Level (Internal Vulnerability - AMAAN)": 0.0, "composite_score": 0.456559259 }, "geometry": { "type": "Point", "coordinates": [ 35.891432727364261, 34.089149612855429 ] } },
{ "type": "Feature", "properties": { "rand_point_id": 555, "adm3_name1": "اللقلوق", "adm3_pcode": "26361", "Nighttime light radiance": 2.106363632, "Household Deprivation Score": 0.565645921, "Negative Coping Tendency": 5.4875, "Unemployment rate": 16.6, "Population dependency ratio": 60.7, "Food insecurity level (IPC)": 0.21, "Poverty Level (Relative Vulnerability - AMAAN)": 0.0, "Poverty Level (Internal Vulnerability - AMAAN)": 0.0, "composite_score": 0.456192267 }, "geometry": { "type": "Point", "coordinates": [ 35.863164977193968, 34.136786644830721 ] } },
{ "type": "Feature", "properties": { "rand_point_id": 556, "adm3_name1": "افقا", "adm3_pcode": "26364", "Nighttime light radiance": 0.88823529, "Household Deprivation Score": 0.565645921, "Negative Coping Tendency": 5.4875, "Unemployment rate": 16.6, "Population dependency ratio": 60.7, "Food insecurity level (IPC)": 0.21, "Poverty Level (Relative Vulnerability - AMAAN)": 0.008422486, "Poverty Level (Internal Vulnerability - AMAAN)": 94.11764706, "composite_score": 0.457446714 }, "geometry": { "type": "Point", "coordinates": [ 35.880429910227797, 34.057198448831919 ] } },
{ "type": "Feature", "properties": { "rand_point_id": 557, "adm3_name1": "قهمز", "adm3_pcode": "26367", "Nighttime light radiance": 0.969014083, "Household Deprivation Score": 0.565645921, "Negative Coping Tendency": 5.4875, "Unemployment rate": 16.6, "Population dependency ratio": 60.7, "Food insecurity level (IPC)": 0.21, "Poverty Level (Relative Vulnerability - AMAAN)": 0.0, "Poverty Level (Internal Vulnerability - AMAAN)": 0.0, "composite_score": 0.456744946 }, "geometry": { "type": "Point", "coordinates": [ 35.82729071710208, 34.063127866257226 ] } },
{ "type": "Feature", "properties": { "rand_point_id": 558, "adm3_name1": "عاقورة", "adm3_pcode": "26371", "Nighttime light radiance": 0.77250877, "Household Deprivation Score": 0.565645921, "Negative Coping Tendency": 5.4875, "Unemployment rate": 16.6, "Population dependency ratio": 60.7, "Food insecurity level (IPC)": 0.21, "Poverty Level (Relative Vulnerability - AMAAN)": 0.001052811, "Poverty Level (Internal Vulnerability - AMAAN)": 0.710059172, "composite_score": 0.456878442 }, "geometry": { "type": "Point", "coordinates": [ 35.936424631659882, 34.112483246958092 ] } },
{ "type": "Feature", "properties": { "rand_point_id": 559, "adm3_name1": "عرب اللهيب", "adm3_pcode": "26374", "Nighttime light radiance": 1.127499983, "Household Deprivation Score": 0.565645921, "Negative Coping Tendency": 5.4875, "Unemployment rate": 16.6, "Population dependency ratio": 60.7, "Food insecurity level (IPC)": 0.21, "Poverty Level (Relative Vulnerability - AMAAN)": 0.0, "Poverty Level (Internal Vulnerability - AMAAN)": 0.0, "composite_score": 0.456677234 }, "geometry": { "type": "Point", "coordinates": [ 35.895421377229276, 34.153230688113908 ] } },
{ "type": "Feature", "properties": { "rand_point_id": 560, "adm3_name1": "سقي رشميا", "adm3_pcode": "26377", "Nighttime light radiance": 1.699230775, "Household Deprivation Score": 0.565645921, "Negative Coping Tendency": 5.4875, "Unemployment rate": 16.6, "Population dependency ratio": 60.7, "Food insecurity level (IPC)": 0.21, "Poverty Level (Relative Vulnerability - AMAAN)": 0.0, "Poverty Level (Internal Vulnerability - AMAAN)": 0.0, "composite_score": 0.45640655 }, "geometry": { "type": "Point", "coordinates": [ 35.82037060425214, 34.145328651644448 ] } },
{ "type": "Feature", "properties": { "rand_point_id": 561, "adm3_name1": "جاج", "adm3_pcode": "26381", "Nighttime light radiance": 1.457164181, "Household Deprivation Score": 0.565645921, "Negative Coping Tendency": 5.4875, "Unemployment rate": 16.6, "Population dependency ratio": 60.7, "Food insecurity level (IPC)": 0.21, "Poverty Level (Relative Vulnerability - AMAAN)": 0.002982964, "Poverty Level (Internal Vulnerability - AMAAN)": 3.413654618, "composite_score": 0.456631322 }, "geometry": { "type": "Point", "coordinates": [ 35.802014577158246, 34.16834252753786 ] } },
{ "type": "Feature", "properties": { "rand_point_id": 562, "adm3_name1": "ترتج", "adm3_pcode": "26384", "Nighttime light radiance": 0.862878785, "Household Deprivation Score": 0.565645921, "Negative Coping Tendency": 5.4875, "Unemployment rate": 16.6, "Population dependency ratio": 60.7, "Food insecurity level (IPC)": 0.21, "Poverty Level (Relative Vulnerability - AMAAN)": 0.003158432, "Poverty Level (Internal Vulnerability - AMAAN)": 1.223657376, "composite_score": 0.456915497 }, "geometry": { "type": "Point", "coordinates": [ 35.840019351802354, 34.172815072896938 ] } },
{ "type": "Feature", "properties": { "rand_point_id": 563, "adm3_name1": "حمى مار مارون عنَايا", "adm3_pcode": "26388", "Nighttime light radiance": 1.489464884, "Household Deprivation Score": 0.565645921, "Negative Coping Tendency": 5.4875, "Unemployment rate": 16.6, "Population dependency ratio": 60.7, "Food insecurity level (IPC)": 0.21, "Poverty Level (Relative Vulnerability - AMAAN)": 0.0, "Poverty Level (Internal Vulnerability - AMAAN)": 0.0, "composite_score": 0.456520227 }, "geometry": { "type": "Point", "coordinates": [ 35.851573679358722, 34.132893560484128 ] } },
{ "type": "Feature", "properties": { "rand_point_id": 564, "adm3_name1": "حمى الرهبان", "adm3_pcode": "26390", "Nighttime light radiance": 1.529166684, "Household Deprivation Score": 0.565645921, "Negative Coping Tendency": 5.4875, "Unemployment rate": 16.6, "Population dependency ratio": 60.7, "Food insecurity level (IPC)": 0.21, "Poverty Level (Relative Vulnerability - AMAAN)": 0.0, "Poverty Level (Internal Vulnerability - AMAAN)": 0.0, "composite_score": 0.456503557 }, "geometry": { "type": "Point", "coordinates": [ 35.86399365534065, 34.140806869289079 ] } },
{ "type": "Feature", "properties": { "rand_point_id": 565, "adm3_name1": "عرستا", "adm3_pcode": "26392", "Nighttime light radiance": 5.378000116, "Household Deprivation Score": 0.565645921, "Negative Coping Tendency": 5.4875, "Unemployment rate": 16.6, "Population dependency ratio": 60.7, "Food insecurity level (IPC)": 0.21, "Poverty Level (Relative Vulnerability - AMAAN)": 0.004035775, "Poverty Level (Internal Vulnerability - AMAAN)": 27.38095238, "composite_score": 0.454900883 }, "geometry": { "type": "Point", "coordinates": [ 35.877216902890645, 34.088581664945067 ] } },
{ "type": "Feature", "properties": { "rand_point_id": 566, "adm3_name1": "طرابلس الزيتون", "adm3_pcode": "31111", "Nighttime light radiance": 21.42861539, "Household Deprivation Score": 0.619072508, "Negative Coping Tendency": 6.4875, "Unemployment rate": 10.0, "Population dependency ratio": 52.8, "Food insecurity level (IPC)": 0.16, "Poverty Level (Relative Vulnerability - AMAAN)": 1.282323483, "Poverty Level (Internal Vulnerability - AMAAN)": 60.92538558, "composite_score": 0.335502623 }, "geometry": { "type": "Point", "coordinates": [ 35.858068334387212, 34.437126479811212 ] } },
{ "type": "Feature", "properties": { "rand_point_id": 567, "adm3_name1": "الحدادين", "adm3_pcode": "31116", "Nighttime light radiance": 59.69499969, "Household Deprivation Score": 0.619072508, "Negative Coping Tendency": 6.4875, "Unemployment rate": 10.0, "Population dependency ratio": 52.8, "Food insecurity level (IPC)": 0.16, "Poverty Level (Relative Vulnerability - AMAAN)": 1.06211057, "Poverty Level (Internal Vulnerability - AMAAN)": 14.50202449, "composite_score": 0.310390307 }, "geometry": { "type": "Point", "coordinates": [ 35.838960975669465, 34.427007900492704 ] } },
{ "type": "Feature", "properties": { "rand_point_id": 568, "adm3_name1": "التل", "adm3_pcode": "31121", "Nighttime light radiance": 79.24666595, "Household Deprivation Score": 0.619072508, "Negative Coping Tendency": 6.4875, "Unemployment rate": 10.0, "Population dependency ratio": 52.8, "Food insecurity level (IPC)": 0.16, "Poverty Level (Relative Vulnerability - AMAAN)": 0.190909681, "Poverty Level (Internal Vulnerability - AMAAN)": 2.385860269, "composite_score": 0.275020554 }, "geometry": { "type": "Point", "coordinates": [ 35.837460335147625, 34.434217273849626 ] } },
{ "type": "Feature", "properties": { "rand_point_id": 569, "adm3_name1": "النوري", "adm3_pcode": "31126", "Nighttime light radiance": 67.17105466, "Household Deprivation Score": 0.619072508, "Negative Coping Tendency": 6.4875, "Unemployment rate": 10.0, "Population dependency ratio": 52.8, "Food insecurity level (IPC)": 0.16, "Poverty Level (Relative Vulnerability - AMAAN)": 0.171959088, "Poverty Level (Internal Vulnerability - AMAAN)": 44.3639656, "composite_score": 0.28043995 }, "geometry": { "type": "Point", "coordinates": [ 35.840382417401266, 34.435209208750067 ] } },
{ "type": "Feature", "properties": { "rand_point_id": 570, "adm3_name1": "المهاترة", "adm3_pcode": "31131", "Nighttime light radiance": 61.76271377, "Household Deprivation Score": 0.619072508, "Negative Coping Tendency": 6.4875, "Unemployment rate": 10.0, "Population dependency ratio": 52.8, "Food insecurity level (IPC)": 0.16, "Poverty Level (Relative Vulnerability - AMAAN)": 0.083873922, "Poverty Level (Internal Vulnerability - AMAAN)": 205.1502146, "composite_score": 0.281127287 }, "geometry": { "type": "Point", "coordinates": [ 35.845046995474952, 34.43332465695638 ] } },
{ "type": "Feature", "properties": { "rand_point_id": 571, "adm3_name1": "الرمانة", "adm3_pcode": "31136", "Nighttime light radiance": 65.12999725, "Household Deprivation Score": 0.619072508, "Negative Coping Tendency": 6.4875, "Unemployment rate": 10.0, "Population dependency ratio": 52.8, "Food insecurity level (IPC)": 0.16, "Poverty Level (Relative Vulnerability - AMAAN)": 0.020178873, "Poverty Level (Internal Vulnerability - AMAAN)": 7.501630789, "composite_score": 0.276748116 }, "geometry": { "type": "Point", "coordinates": [ 35.843566852322532, 34.436312148407382 ] } },
{ "type": "Feature", "properties": { "rand_point_id": 572, "adm3_name1": "السويقة", "adm3_pcode": "31141", "Nighttime light radiance": 54.19000053, "Household Deprivation Score": 0.619072508, "Negative Coping Tendency": 6.4875, "Unemployment rate": 10.0, "Population dependency ratio": 52.8, "Food insecurity level (IPC)": 0.16, "Poverty Level (Relative Vulnerability - AMAAN)": 0.073345815, "Poverty Level (Internal Vulnerability - AMAAN)": 5.458344215, "composite_score": 0.283575932 }, "geometry": { "type": "Point", "coordinates": [ 35.84774279367943, 34.434585825041502 ] } },
{ "type": "Feature", "properties": { "rand_point_id": 573, "adm3_name1": "الحديد", "adm3_pcode": "31146", "Nighttime light radiance": 53.58116546, "Household Deprivation Score": 0.619072508, "Negative Coping Tendency": 6.4875, "Unemployment rate": 10.0, "Population dependency ratio": 52.8, "Food insecurity level (IPC)": 0.16, "Poverty Level (Relative Vulnerability - AMAAN)": 0.138971018, "Poverty Level (Internal Vulnerability - AMAAN)": 96.35036496, "composite_score": 0.286229696 }, "geometry": { "type": "Point", "coordinates": [ 35.844960326023518, 34.435811776215388 ] } },
{ "type": "Feature", "properties": { "rand_point_id": 574, "adm3_name1": "القبة", "adm3_pcode": "31151", "Nighttime light radiance": 50.51499939, "Household Deprivation Score": 0.619072508, "Negative Coping Tendency": 6.4875, "Unemployment rate": 10.0, "Population dependency ratio": 52.8, "Food insecurity level (IPC)": 0.16, "Poverty Level (Relative Vulnerability - AMAAN)": 4.251951648, "Poverty Level (Internal Vulnerability - AMAAN)": 51.8298291, "composite_score": 0.409991336 }, "geometry": { "type": "Point", "coordinates": [ 35.850871460287394, 34.435740273048339 ] } },
{ "type": "Feature", "properties": { "rand_point_id": 575, "adm3_name1": "الزاهرية", "adm3_pcode": "31156", "Nighttime light radiance": 59.60419586, "Household Deprivation Score": 0.619072508, "Negative Coping Tendency": 6.4875, "Unemployment rate": 10.0, "Population dependency ratio": 52.8, "Food insecurity level (IPC)": 0.16, "Poverty Level (Relative Vulnerability - AMAAN)": 0.578694971, "Poverty Level (Internal Vulnerability - AMAAN)": 63.69254538, "composite_score": 0.296302873 }, "geometry": { "type": "Point", "coordinates": [ 35.842855310976859, 34.438349293091427 ] } },
{ "type": "Feature", "properties": { "rand_point_id": 576, "adm3_name1": "التبانة", "adm3_pcode": "31161", "Nighttime light radiance": 48.18948535, "Household Deprivation Score": 0.619072508, "Negative Coping Tendency": 6.4875, "Unemployment rate": 10.0, "Population dependency ratio": 52.8, "Food insecurity level (IPC)": 0.16, "Poverty Level (Relative Vulnerability - AMAAN)": 2.29811038, "Poverty Level (Internal Vulnerability - AMAAN)": 46.70327711, "composite_score": 0.352912056 }, "geometry": { "type": "Point", "coordinates": [ 35.850304352155312, 34.440917275240828 ] } },
{ "type": "Feature", "properties": { "rand_point_id": 577, "adm3_name1": "بساتين طرابلس", "adm3_pcode": "31166", "Nighttime light radiance": 42.28842073, "Household Deprivation Score": 0.619072508, "Negative Coping Tendency": 6.4875, "Unemployment rate": 10.0, "Population dependency ratio": 52.8, "Food insecurity level (IPC)": 0.16, "Poverty Level (Relative Vulnerability - AMAAN)": 0.122301514, "Poverty Level (Internal Vulnerability - AMAAN)": 14.64901219, "composite_score": 0.290812951 }, "geometry": { "type": "Point", "coordinates": [ 35.853864261164993, 34.44741284995947 ] } },
{ "type": "Feature", "properties": { "rand_point_id": 578, "adm3_name1": "مينا طرابلس 1", "adm3_pcode": "31171", "Nighttime light radiance": 45.1099987, "Household Deprivation Score": 0.619072508, "Negative Coping Tendency": 6.4875, "Unemployment rate": 10.0, "Population dependency ratio": 52.8, "Food insecurity level (IPC)": 0.16, "Poverty Level (Relative Vulnerability - AMAAN)": 0.002982964, "Poverty Level (Internal Vulnerability - AMAAN)": 0.199553938, "composite_score": 0.285848397 }, "geometry": { "type": "Point", "coordinates": [ 35.816762425644271, 34.451771498508329 ] } },
{ "type": "Feature", "properties": { "rand_point_id": 579, "adm3_name1": "مينا طرابلس 2", "adm3_pcode": "31176", "Nighttime light radiance": 33.85999934, "Household Deprivation Score": 0.619072508, "Negative Coping Tendency": 6.4875, "Unemployment rate": 10.0, "Population dependency ratio": 52.8, "Food insecurity level (IPC)": 0.16, "Poverty Level (Relative Vulnerability - AMAAN)": 0.0, "Poverty Level (Internal Vulnerability - AMAAN)": 0.0, "composite_score": 0.291160953 }, "geometry": { "type": "Point", "coordinates": [ 35.810885454888655, 34.448860071612465 ] } },
{ "type": "Feature", "properties": { "rand_point_id": 580, "adm3_name1": "المينا", "adm3_pcode": "31181", "Nighttime light radiance": 31.14500046, "Household Deprivation Score": 0.619072508, "Negative Coping Tendency": 6.4875, "Unemployment rate": 10.0, "Population dependency ratio": 52.8, "Food insecurity level (IPC)": 0.16, "Poverty Level (Relative Vulnerability - AMAAN)": 1.332507462, "Poverty Level (Internal Vulnerability - AMAAN)": 72.60038241, "composite_score": 0.332471032 }, "geometry": { "type": "Point", "coordinates": [ 35.808508470209468, 34.453668389203997 ] } },
{ "type": "Feature", "properties": { "rand_point_id": 581, "adm3_name1": "بساتين المينا", "adm3_pcode": "31186", "Nighttime light radiance": 27.21400016, "Household Deprivation Score": 0.619072508, "Negative Coping Tendency": 6.4875, "Unemployment rate": 10.0, "Population dependency ratio": 52.8, "Food insecurity level (IPC)": 0.16, "Poverty Level (Relative Vulnerability - AMAAN)": 0.018950593, "Poverty Level (Internal Vulnerability - AMAAN)": 0.843354677, "composite_score": 0.294928797 }, "geometry": { "type": "Point", "coordinates": [ 35.826869521868396, 34.442567796918375 ] } },
{ "type": "Feature", "properties": { "rand_point_id": 582, "adm3_name1": "القلمون", "adm3_pcode": "31221", "Nighttime light radiance": 12.96823542, "Household Deprivation Score": 0.619072508, "Negative Coping Tendency": 6.4875, "Unemployment rate": 10.0, "Population dependency ratio": 52.8, "Food insecurity level (IPC)": 0.16, "Poverty Level (Relative Vulnerability - AMAAN)": 0.090015318, "Poverty Level (Internal Vulnerability - AMAAN)": 8.530096442, "composite_score": 0.303953879 }, "geometry": { "type": "Point", "coordinates": [ 35.793694162239554, 34.394364631539112 ] } },
{ "type": "Feature", "properties": { "rand_point_id": 583, "adm3_name1": "اميون", "adm3_pcode": "32111", "Nighttime light radiance": 6.618095224, "Household Deprivation Score": 0.800501183, "Negative Coping Tendency": 7.025, "Unemployment rate": 10.2, "Population dependency ratio": 55.8, "Food insecurity level (IPC)": 0.33, "Poverty Level (Relative Vulnerability - AMAAN)": 0.014563882, "Poverty Level (Internal Vulnerability - AMAAN)": 1.157278305, "composite_score": 0.497580979 }, "geometry": { "type": "Point", "coordinates": [ 35.794506893444755, 34.29906100190707 ] } },
{ "type": "Feature", "properties": { "rand_point_id": 584, "adm3_name1": "كفر عقا", "adm3_pcode": "32113", "Nighttime light radiance": 4.350303057, "Household Deprivation Score": 0.800501183, "Negative Coping Tendency": 7.025, "Unemployment rate": 10.2, "Population dependency ratio": 55.8, "Food insecurity level (IPC)": 0.33, "Poverty Level (Relative Vulnerability - AMAAN)": 0.003860306, "Poverty Level (Internal Vulnerability - AMAAN)": 0.426273978, "composite_score": 0.49834918 }, "geometry": { "type": "Point", "coordinates": [ 35.837750753939119, 34.319257234800922 ] } },
{ "type": "Feature", "properties": { "rand_point_id": 585, "adm3_name1": "كفرصارون", "adm3_pcode": "32115", "Nighttime light radiance": 10.90499988, "Household Deprivation Score": 0.800501183, "Negative Coping Tendency": 7.025, "Unemployment rate": 10.2, "Population dependency ratio": 55.8, "Food insecurity level (IPC)": 0.33, "Poverty Level (Relative Vulnerability - AMAAN)": 0.002105621, "Poverty Level (Internal Vulnerability - AMAAN)": 0.845070423, "composite_score": 0.495157032 }, "geometry": { "type": "Point", "coordinates": [ 35.828992564971088, 34.295361999726467 ] } },
{ "type": "Feature", "properties": { "rand_point_id": 586, "adm3_name1": "بشمزين", "adm3_pcode": "32117", "Nighttime light radiance": 3.306896567, "Household Deprivation Score": 0.800501183, "Negative Coping Tendency": 7.025, "Unemployment rate": 10.2, "Population dependency ratio": 55.8, "Food insecurity level (IPC)": 0.33, "Poverty Level (Relative Vulnerability - AMAAN)": 0.001403748, "Poverty Level (Internal Vulnerability - AMAAN)": 0.308285164, "composite_score": 0.498780747 }, "geometry": { "type": "Point", "coordinates": [ 35.78837582060364, 34.316375698259151 ] } },
{ "type": "Feature", "properties": { "rand_point_id": 587, "adm3_name1": "بطرام", "adm3_pcode": "32119", "Nighttime light radiance": 2.639999967, "Household Deprivation Score": 0.800501183, "Negative Coping Tendency": 7.025, "Unemployment rate": 10.2, "Population dependency ratio": 55.8, "Food insecurity level (IPC)": 0.33, "Poverty Level (Relative Vulnerability - AMAAN)": 0.031759791, "Poverty Level (Internal Vulnerability - AMAAN)": 3.767693589, "composite_score": 0.500022277 }, "geometry": { "type": "Point", "coordinates": [ 35.809637382609992, 34.328887935626923 ] } },
{ "type": "Feature", "properties": { "rand_point_id": 588, "adm3_name1": "بزيزا", "adm3_pcode": "32121", "Nighttime light radiance": 2.025517242, "Household Deprivation Score": 0.800501183, "Negative Coping Tendency": 7.025, "Unemployment rate": 10.2, "Population dependency ratio": 55.8, "Food insecurity level (IPC)": 0.33, "Poverty Level (Relative Vulnerability - AMAAN)": 0.010352639, "Poverty Level (Internal Vulnerability - AMAAN)": 3.60415394, "composite_score": 0.499681191 }, "geometry": { "type": "Point", "coordinates": [ 35.812602166963309, 34.272586380777092 ] } },
{ "type": "Feature", "properties": { "rand_point_id": 589, "adm3_name1": "كفرحزير", "adm3_pcode": "32123", "Nighttime light radiance": 3.638028183, "Household Deprivation Score": 0.800501183, "Negative Coping Tendency": 7.025, "Unemployment rate": 10.2, "Population dependency ratio": 55.8, "Food insecurity level (IPC)": 0.33, "Poverty Level (Relative Vulnerability - AMAAN)": 0.005264054, "Poverty Level (Internal Vulnerability - AMAAN)": 0.945179584, "composite_score": 0.498746805 }, "geometry": { "type": "Point", "coordinates": [ 35.749565012942689, 34.311070191900292 ] } },
{ "type": "Feature", "properties": { "rand_point_id": 590, "adm3_name1": "بصرما", "adm3_pcode": "32125", "Nighttime light radiance": 3.323333334, "Household Deprivation Score": 0.800501183, "Negative Coping Tendency": 7.025, "Unemployment rate": 10.2, "Population dependency ratio": 55.8, "Food insecurity level (IPC)": 0.33, "Poverty Level (Relative Vulnerability - AMAAN)": 0.009475297, "Poverty Level (Internal Vulnerability - AMAAN)": 2.537593985, "composite_score": 0.499032572 }, "geometry": { "type": "Point", "coordinates": [ 35.849563659793695, 34.327784138315245 ] } },
{ "type": "Feature", "properties": { "rand_point_id": 591, "adm3_name1": "عفصديق", "adm3_pcode": "32127", "Nighttime light radiance": 3.341999968, "Household Deprivation Score": 0.800501183, "Negative Coping Tendency": 7.025, "Unemployment rate": 10.2, "Population dependency ratio": 55.8, "Food insecurity level (IPC)": 0.33, "Poverty Level (Relative Vulnerability - AMAAN)": 0.006667801, "Poverty Level (Internal Vulnerability - AMAAN)": 2.749638205, "composite_score": 0.498943323 }, "geometry": { "type": "Point", "coordinates": [ 35.77851346007234, 34.331918032808659 ] } },
{ "type": "Feature", "properties": { "rand_point_id": 592, "adm3_name1": "دار شمزين", "adm3_pcode": "32129", "Nighttime light radiance": 1.514499992, "Household Deprivation Score": 0.800501183, "Negative Coping Tendency": 7.025, "Unemployment rate": 10.2, "Population dependency ratio": 55.8, "Food insecurity level (IPC)": 0.33, "Poverty Level (Relative Vulnerability - AMAAN)": 0.0, "Poverty Level (Internal Vulnerability - AMAAN)": 0.0, "composite_score": 0.499611593 }, "geometry": { "type": "Point", "coordinates": [ 35.766149853813786, 34.288751989570869 ] } },
{ "type": "Feature", "properties": { "rand_point_id": 593, "adm3_name1": "دار بعشتار", "adm3_pcode": "32131", "Nighttime light radiance": 1.753030304, "Household Deprivation Score": 0.800501183, "Negative Coping Tendency": 7.025, "Unemployment rate": 10.2, "Population dependency ratio": 55.8, "Food insecurity level (IPC)": 0.33, "Poverty Level (Relative Vulnerability - AMAAN)": 0.005965928, "Poverty Level (Internal Vulnerability - AMAAN)": 1.142089352, "composite_score": 0.499682256 }, "geometry": { "type": "Point", "coordinates": [ 35.791770612964079, 34.277456333107132 ] } },
{ "type": "Feature", "properties": { "rand_point_id": 594, "adm3_name1": "بحبوش", "adm3_pcode": "32133", "Nighttime light radiance": 2.353000021, "Household Deprivation Score": 0.800501183, "Negative Coping Tendency": 7.025, "Unemployment rate": 10.2, "Population dependency ratio": 55.8, "Food insecurity level (IPC)": 0.33, "Poverty Level (Relative Vulnerability - AMAAN)": 0.002632027, "Poverty Level (Internal Vulnerability - AMAAN)": 2.559726962, "composite_score": 0.499303822 }, "geometry": { "type": "Point", "coordinates": [ 35.832625115252057, 34.276061326394796 ] } },
{ "type": "Feature", "properties": { "rand_point_id": 595, "adm3_name1": "عين عكرين", "adm3_pcode": "32135", "Nighttime light radiance": 2.351428543, "Household Deprivation Score": 0.800501183, "Negative Coping Tendency": 7.025, "Unemployment rate": 10.2, "Population dependency ratio": 55.8, "Food insecurity level (IPC)": 0.33, "Poverty Level (Relative Vulnerability - AMAAN)": 0.0, "Poverty Level (Internal Vulnerability - AMAAN)": 0.0, "composite_score": 0.499217262 }, "geometry": { "type": "Point", "coordinates": [ 35.844369655947972, 34.280666648002743 ] } },
{ "type": "Feature", "properties": { "rand_point_id": 596, "adm3_name1": "كوسبا", "adm3_pcode": "32137", "Nighttime light radiance": 5.029722197, "Household Deprivation Score": 0.800501183, "Negative Coping Tendency": 7.025, "Unemployment rate": 10.2, "Population dependency ratio": 55.8, "Food insecurity level (IPC)": 0.33, "Poverty Level (Relative Vulnerability - AMAAN)": 0.034918223, "Poverty Level (Internal Vulnerability - AMAAN)": 3.098723139, "composite_score": 0.498988456 }, "geometry": { "type": "Point", "coordinates": [ 35.855665241637944, 34.321682826326956 ] } },
{ "type": "Feature", "properties": { "rand_point_id": 597, "adm3_name1": "رشدبين", "adm3_pcode": "32139", "Nighttime light radiance": 3.269130401, "Household Deprivation Score": 0.800501183, "Negative Coping Tendency": 7.025, "Unemployment rate": 10.2, "Population dependency ratio": 55.8, "Food insecurity level (IPC)": 0.33, "Poverty Level (Relative Vulnerability - AMAAN)": 0.002456558, "Poverty Level (Internal Vulnerability - AMAAN)": 0.993612491, "composite_score": 0.498859356 }, "geometry": { "type": "Point", "coordinates": [ 35.861146798684345, 34.292891843035072 ] } },
{ "type": "Feature", "properties": { "rand_point_id": 598, "adm3_name1": "بنهران", "adm3_pcode": "32141", "Nighttime light radiance": 1.432142862, "Household Deprivation Score": 0.800501183, "Negative Coping Tendency": 7.025, "Unemployment rate": 10.2, "Population dependency ratio": 55.8, "Food insecurity level (IPC)": 0.33, "Poverty Level (Relative Vulnerability - AMAAN)": 0.0, "Poverty Level (Internal Vulnerability - AMAAN)": 0.0, "composite_score": 0.499665342 }, "geometry": { "type": "Point", "coordinates": [ 35.867714860716283, 34.275993394755837 ] } },
{ "type": "Feature", "properties": { "rand_point_id": 599, "adm3_name1": "عبا الكورة", "adm3_pcode": "32143", "Nighttime light radiance": 2.4999999640000001, "Household Deprivation Score": 0.800501183, "Negative Coping Tendency": 7.025, "Unemployment rate": 10.2, "Population dependency ratio": 55.8, "Food insecurity level (IPC)": 0.33, "Poverty Level (Relative Vulnerability - AMAAN)": 0.003333901, "Poverty Level (Internal Vulnerability - AMAAN)": 2.442159383, "composite_score": 0.499265562 }, "geometry": { "type": "Point", "coordinates": [ 35.830037993954363, 34.347478268611482 ] } },
{ "type": "Feature", "properties": { "rand_point_id": 600, "adm3_name1": "بدبا", "adm3_pcode": "32145", "Nighttime light radiance": 1.959090926, "Household Deprivation Score": 0.800501183, "Negative Coping Tendency": 7.025, "Unemployment rate": 10.2, "Population dependency ratio": 55.8, "Food insecurity level (IPC)": 0.33, "Poverty Level (Relative Vulnerability - AMAAN)": 0.0, "Poverty Level (Internal Vulnerability - AMAAN)": 0.0, "composite_score": 0.499417326 }, "geometry": { "type": "Point", "coordinates": [ 35.828975953901924, 34.351048699731862 ] } },
{ "type": "Feature", "properties": { "rand_point_id": 601, "adm3_name1": "فيع", "adm3_pcode": "32147", "Nighttime light radiance": 1.998787887, "Household Deprivation Score": 0.800501183, "Negative Coping Tendency": 7.025, "Unemployment rate": 10.2, "Population dependency ratio": 55.8, "Food insecurity level (IPC)": 0.33, "Poverty Level (Relative Vulnerability - AMAAN)": 0.00228109, "Poverty Level (Internal Vulnerability - AMAAN)": 0.66872428, "composite_score": 0.499471542 }, "geometry": { "type": "Point", "coordinates": [ 35.779619781785811, 34.343228399273208 ] } },
{ "type": "Feature", "properties": { "rand_point_id": 602, "adm3_name1": "مجدل الكورة", "adm3_pcode": "32149", "Nighttime light radiance": 1.196551726, "Household Deprivation Score": 0.800501183, "Negative Coping Tendency": 7.025, "Unemployment rate": 10.2, "Population dependency ratio": 55.8, "Food insecurity level (IPC)": 0.33, "Poverty Level (Relative Vulnerability - AMAAN)": 0.0, "Poverty Level (Internal Vulnerability - AMAAN)": 0.0, "composite_score": 0.499787844 }, "geometry": { "type": "Point", "coordinates": [ 35.802090922369985, 34.255752772237585 ] } },
{ "type": "Feature", "properties": { "rand_point_id": 603, "adm3_name1": "كفتون", "adm3_pcode": "32151", "Nighttime light radiance": 4.04749997, "Household Deprivation Score": 0.800501183, "Negative Coping Tendency": 7.025, "Unemployment rate": 10.2, "Population dependency ratio": 55.8, "Food insecurity level (IPC)": 0.33, "Poverty Level (Relative Vulnerability - AMAAN)": 0.00228109, "Poverty Level (Internal Vulnerability - AMAAN)": 1.897810219, "composite_score": 0.498499005 }, "geometry": { "type": "Point", "coordinates": [ 35.762305843765645, 34.264876697844521 ] } },
{ "type": "Feature", "properties": { "rand_point_id": 604, "adm3_name1": "بتعبورة", "adm3_pcode": "32153", "Nighttime light radiance": 3.569999971, "Household Deprivation Score": 0.800501183, "Negative Coping Tendency": 7.025, "Unemployment rate": 10.2, "Population dependency ratio": 55.8, "Food insecurity level (IPC)": 0.33, "Poverty Level (Relative Vulnerability - AMAAN)": 0.000701874, "Poverty Level (Internal Vulnerability - AMAAN)": 0.475624257, "composite_score": 0.498677113 }, "geometry": { "type": "Point", "coordinates": [ 35.768672470013804, 34.275291042793818 ] } },
{ "type": "Feature", "properties": { "rand_point_id": 605, "adm3_name1": "كفرحاتا", "adm3_pcode": "32155", "Nighttime light radiance": 4.893928604, "Household Deprivation Score": 0.800501183, "Negative Coping Tendency": 7.025, "Unemployment rate": 10.2, "Population dependency ratio": 55.8, "Food insecurity level (IPC)": 0.33, "Poverty Level (Relative Vulnerability - AMAAN)": 0.002807495, "Poverty Level (Internal Vulnerability - AMAAN)": 0.955794504, "composite_score": 0.498109258 }, "geometry": { "type": "Point", "coordinates": [ 35.749433018263758, 34.287354614035578 ] } },
{ "type": "Feature", "properties": { "rand_point_id": 606, "adm3_name1": "اجدعبرين", "adm3_pcode": "32157", "Nighttime light radiance": 2.688000019, "Household Deprivation Score": 0.800501183, "Negative Coping Tendency": 7.025, "Unemployment rate": 10.2, "Population dependency ratio": 55.8, "Food insecurity level (IPC)": 0.33, "Poverty Level (Relative Vulnerability - AMAAN)": 0.002456558, "Poverty Level (Internal Vulnerability - AMAAN)": 1.947148818, "composite_score": 0.499163687 }, "geometry": { "type": "Point", "coordinates": [ 35.738005255496795, 34.265045674954521 ] } },
{ "type": "Feature", "properties": { "rand_point_id": 607, "adm3_name1": "بترومين", "adm3_pcode": "32159", "Nighttime light radiance": 4.286111097, "Household Deprivation Score": 0.800501183, "Negative Coping Tendency": 7.025, "Unemployment rate": 10.2, "Population dependency ratio": 55.8, "Food insecurity level (IPC)": 0.33, "Poverty Level (Relative Vulnerability - AMAAN)": 0.010001702, "Poverty Level (Internal Vulnerability - AMAAN)": 3.467153285, "composite_score": 0.498630893 }, "geometry": { "type": "Point", "coordinates": [ 35.820094952078179, 34.370424381269132 ] } },
{ "type": "Feature", "properties": { "rand_point_id": 608, "adm3_name1": "بدبهون", "adm3_pcode": "32161", "Nighttime light radiance": 2.791153844, "Household Deprivation Score": 0.800501183, "Negative Coping Tendency": 7.025, "Unemployment rate": 10.2, "Population dependency ratio": 55.8, "Food insecurity level (IPC)": 0.33, "Poverty Level (Relative Vulnerability - AMAAN)": 0.001403748, "Poverty Level (Internal Vulnerability - AMAAN)": 2.675585284, "composite_score": 0.499090821 }, "geometry": { "type": "Point", "coordinates": [ 35.754120384270678, 34.331825757965682 ] } },
{ "type": "Feature", "properties": { "rand_point_id": 609, "adm3_name1": "برغون", "adm3_pcode": "32163", "Nighttime light radiance": 2.366249979, "Household Deprivation Score": 0.800501183, "Negative Coping Tendency": 7.025, "Unemployment rate": 10.2, "Population dependency ratio": 55.8, "Food insecurity level (IPC)": 0.33, "Poverty Level (Relative Vulnerability - AMAAN)": 0.004737648, "Poverty Level (Internal Vulnerability - AMAAN)": 5.625, "composite_score": 0.499409321 }, "geometry": { "type": "Point", "coordinates": [ 35.763199092476668, 34.343855681676843 ] } },
{ "type": "Feature", "properties": { "rand_point_id": 610, "adm3_name1": "بدنايل الكورة", "adm3_pcode": "32165", "Nighttime light radiance": 3.605555508, "Household Deprivation Score": 0.800501183, "Negative Coping Tendency": 7.025, "Unemployment rate": 10.2, "Population dependency ratio": 55.8, "Food insecurity level (IPC)": 0.33, "Poverty Level (Relative Vulnerability - AMAAN)": 0.0, "Poverty Level (Internal Vulnerability - AMAAN)": 0.0, "composite_score": 0.4986513 }, "geometry": { "type": "Point", "coordinates": [ 35.741017531797688, 34.297743474963553 ] } },
{ "type": "Feature", "properties": { "rand_point_id": 611, "adm3_name1": "كفرقاهل", "adm3_pcode": "32167", "Nighttime light radiance": 3.418000015, "Household Deprivation Score": 0.800501183, "Negative Coping Tendency": 7.025, "Unemployment rate": 10.2, "Population dependency ratio": 55.8, "Food insecurity level (IPC)": 0.33, "Poverty Level (Relative Vulnerability - AMAAN)": 0.004211243, "Poverty Level (Internal Vulnerability - AMAAN)": 2.948402948, "composite_score": 0.498882072 }, "geometry": { "type": "Point", "coordinates": [ 35.852700332791201, 34.344657333491895 ] } },
{ "type": "Feature", "properties": { "rand_point_id": 612, "adm3_name1": "بتوراتيج", "adm3_pcode": "32169", "Nighttime light radiance": 7.094705862, "Household Deprivation Score": 0.800501183, "Negative Coping Tendency": 7.025, "Unemployment rate": 10.2, "Population dependency ratio": 55.8, "Food insecurity level (IPC)": 0.33, "Poverty Level (Relative Vulnerability - AMAAN)": 0.033339007, "Poverty Level (Internal Vulnerability - AMAAN)": 9.683995923, "composite_score": 0.498017984 }, "geometry": { "type": "Point", "coordinates": [ 35.835592013779902, 34.356052618879609 ] } },
{ "type": "Feature", "properties": { "rand_point_id": 613, "adm3_name1": "قلحات", "adm3_pcode": "32171", "Nighttime light radiance": 2.766000004, "Household Deprivation Score": 0.800501183, "Negative Coping Tendency": 7.025, "Unemployment rate": 10.2, "Population dependency ratio": 55.8, "Food insecurity level (IPC)": 0.33, "Poverty Level (Relative Vulnerability - AMAAN)": 0.0, "Poverty Level (Internal Vulnerability - AMAAN)": 0.0, "composite_score": 0.499061135 }, "geometry": { "type": "Point", "coordinates": [ 35.784575851512479, 34.358536962448412 ] } },
{ "type": "Feature", "properties": { "rand_point_id": 614, "adm3_name1": "دير البلمند", "adm3_pcode": "32173", "Nighttime light radiance": 7.663636273, "Household Deprivation Score": 0.800501183, "Negative Coping Tendency": 7.025, "Unemployment rate": 10.2, "Population dependency ratio": 55.8, "Food insecurity level (IPC)": 0.33, "Poverty Level (Relative Vulnerability - AMAAN)": 0.0, "Poverty Level (Internal Vulnerability - AMAAN)": 0.0, "composite_score": 0.49671424 }, "geometry": { "type": "Point", "coordinates": [ 35.7872783099915, 34.361058632807222 ] } },
{ "type": "Feature", "properties": { "rand_point_id": 615, "adm3_name1": "زكرون", "adm3_pcode": "32175", "Nighttime light radiance": 2.855384607, "Household Deprivation Score": 0.800501183, "Negative Coping Tendency": 7.025, "Unemployment rate": 10.2, "Population dependency ratio": 55.8, "Food insecurity level (IPC)": 0.33, "Poverty Level (Relative Vulnerability - AMAAN)": 0.0, "Poverty Level (Internal Vulnerability - AMAAN)": 0.0, "composite_score": 0.499023007 }, "geometry": { "type": "Point", "coordinates": [ 35.749856030305608, 34.353168362607562 ] } },
{ "type": "Feature", "properties": { "rand_point_id": 616, "adm3_name1": "كفريا الكورة", "adm3_pcode": "32177", "Nighttime light radiance": 9.870000045, "Household Deprivation Score": 0.800501183, "Negative Coping Tendency": 7.025, "Unemployment rate": 10.2, "Population dependency ratio": 55.8, "Food insecurity level (IPC)": 0.33, "Poverty Level (Relative Vulnerability - AMAAN)": 0.004035775, "Poverty Level (Internal Vulnerability - AMAAN)": 1.341890315, "composite_score": 0.495786762 }, "geometry": { "type": "Point", "coordinates": [ 35.729678705468892, 34.306071186293934 ] } },
{ "type": "Feature", "properties": { "rand_point_id": 617, "adm3_name1": "دده", "adm3_pcode": "32179", "Nighttime light radiance": 6.104761896, "Household Deprivation Score": 0.800501183, "Negative Coping Tendency": 7.025, "Unemployment rate": 10.2, "Population dependency ratio": 55.8, "Food insecurity level (IPC)": 0.33, "Poverty Level (Relative Vulnerability - AMAAN)": 0.04544633, "Poverty Level (Internal Vulnerability - AMAAN)": 3.927813163, "composite_score": 0.498839824 }, "geometry": { "type": "Point", "coordinates": [ 35.816828662383323, 34.383027675074729 ] } },
{ "type": "Feature", "properties": { "rand_point_id": 618, "adm3_name1": "أنفه", "adm3_pcode": "32181", "Nighttime light radiance": 10.00741942, "Household Deprivation Score": 0.800501183, "Negative Coping Tendency": 7.025, "Unemployment rate": 10.2, "Population dependency ratio": 55.8, "Food insecurity level (IPC)": 0.33, "Poverty Level (Relative Vulnerability - AMAAN)": 0.074574094, "Poverty Level (Internal Vulnerability - AMAAN)": 4.895749338, "composite_score": 0.497841874 }, "geometry": { "type": "Point", "coordinates": [ 35.742640197667527, 34.354903507256616 ] } },
{ "type": "Feature", "properties": { "rand_point_id": 619, "adm3_name1": "حريشه", "adm3_pcode": "32183", "Nighttime light radiance": 4.55296289, "Household Deprivation Score": 0.800501183, "Negative Coping Tendency": 7.025, "Unemployment rate": 10.2, "Population dependency ratio": 55.8, "Food insecurity level (IPC)": 0.33, "Poverty Level (Relative Vulnerability - AMAAN)": 0.0, "Poverty Level (Internal Vulnerability - AMAAN)": 0.0, "composite_score": 0.498218219 }, "geometry": { "type": "Point", "coordinates": [ 35.74433526863826, 34.366891097032074 ] } },
{ "type": "Feature", "properties": { "rand_point_id": 620, "adm3_name1": "راس مسقا الجنوبية", "adm3_pcode": "32185", "Nighttime light radiance": 13.09365864, "Household Deprivation Score": 0.800501183, "Negative Coping Tendency": 7.025, "Unemployment rate": 10.2, "Population dependency ratio": 55.8, "Food insecurity level (IPC)": 0.33, "Poverty Level (Relative Vulnerability - AMAAN)": 0.075977842, "Poverty Level (Internal Vulnerability - AMAAN)": 5.515923567, "composite_score": 0.496410775 }, "geometry": { "type": "Point", "coordinates": [ 35.808178932484417, 34.393447385495683 ] } },
{ "type": "Feature", "properties": { "rand_point_id": 621, "adm3_name1": "برصا", "adm3_pcode": "32187", "Nighttime light radiance": 7.652352964, "Household Deprivation Score": 0.800501183, "Negative Coping Tendency": 7.025, "Unemployment rate": 10.2, "Population dependency ratio": 55.8, "Food insecurity level (IPC)": 0.33, "Poverty Level (Relative Vulnerability - AMAAN)": 0.038603061, "Poverty Level (Internal Vulnerability - AMAAN)": 6.88791484, "composite_score": 0.497916269 }, "geometry": { "type": "Point", "coordinates": [ 35.819543122960766, 34.384545742015291 ] } },
{ "type": "Feature", "properties": { "rand_point_id": 622, "adm3_name1": "بكفتين", "adm3_pcode": "32189", "Nighttime light radiance": 4.451428601, "Household Deprivation Score": 0.800501183, "Negative Coping Tendency": 7.025, "Unemployment rate": 10.2, "Population dependency ratio": 55.8, "Food insecurity level (IPC)": 0.33, "Poverty Level (Relative Vulnerability - AMAAN)": 0.005439522, "Poverty Level (Internal Vulnerability - AMAAN)": 2.339622642, "composite_score": 0.498446365 }, "geometry": { "type": "Point", "coordinates": [ 35.865898963394358, 34.390559244575662 ] } },
{ "type": "Feature", "properties": { "rand_point_id": 623, "adm3_name1": "نخلة", "adm3_pcode": "32191", "Nighttime light radiance": 5.903611117, "Household Deprivation Score": 0.800501183, "Negative Coping Tendency": 7.025, "Unemployment rate": 10.2, "Population dependency ratio": 55.8, "Food insecurity level (IPC)": 0.33, "Poverty Level (Relative Vulnerability - AMAAN)": 0.029654169, "Poverty Level (Internal Vulnerability - AMAAN)": 5.358275206, "composite_score": 0.498486594 }, "geometry": { "type": "Point", "coordinates": [ 35.831317870560262, 34.370240834954807 ] } },
{ "type": "Feature", "properties": { "rand_point_id": 624, "adm3_name1": "البقيعة", "adm3_pcode": "32193", "Nighttime light radiance": 5.049999905, "Household Deprivation Score": 0.800501183, "Negative Coping Tendency": 7.025, "Unemployment rate": 10.2, "Population dependency ratio": 55.8, "Food insecurity level (IPC)": 0.33, "Poverty Level (Relative Vulnerability - AMAAN)": 0.0, "Poverty Level (Internal Vulnerability - AMAAN)": 0.0, "composite_score": 0.497991673 }, "geometry": { "type": "Point", "coordinates": [ 35.855344592335562, 34.370726673660592 ] } },
{ "type": "Feature", "properties": { "rand_point_id": 625, "adm3_name1": "زغرتا المتاولة", "adm3_pcode": "32195", "Nighttime light radiance": 1.209000021, "Household Deprivation Score": 0.800501183, "Negative Coping Tendency": 7.025, "Unemployment rate": 10.2, "Population dependency ratio": 55.8, "Food insecurity level (IPC)": 0.33, "Poverty Level (Relative Vulnerability - AMAAN)": 0.00228109, "Poverty Level (Internal Vulnerability - AMAAN)": 36.11111111, "composite_score": 0.500063926 }, "geometry": { "type": "Point", "coordinates": [ 35.842720436661509, 34.252135156394274 ] } },
{ "type": "Feature", "properties": { "rand_point_id": 626, "adm3_name1": "زغرتا", "adm3_pcode": "33111", "Nighttime light radiance": 9.827142835, "Household Deprivation Score": 0.547060915, "Negative Coping Tendency": 1.3, "Unemployment rate": 14.1, "Population dependency ratio": 55.3, "Food insecurity level (IPC)": 0.12, "Poverty Level (Relative Vulnerability - AMAAN)": 0.10001702, "Poverty Level (Internal Vulnerability - AMAAN)": 2.86360211, "composite_score": 0.290225481 }, "geometry": { "type": "Point", "coordinates": [ 35.882324527313806, 34.393406510281835 ] } },
{ "type": "Feature", "properties": { "rand_point_id": 627, "adm3_name1": "عردات", "adm3_pcode": "33113", "Nighttime light radiance": 6.968333337, "Household Deprivation Score": 0.547060915, "Negative Coping Tendency": 1.3, "Unemployment rate": 14.1, "Population dependency ratio": 55.3, "Food insecurity level (IPC)": 0.12, "Poverty Level (Relative Vulnerability - AMAAN)": 0.001754685, "Poverty Level (Internal Vulnerability - AMAAN)": 0.247402276, "composite_score": 0.288661413 }, "geometry": { "type": "Point", "coordinates": [ 35.88694287326782, 34.413959822461443 ] } },
{ "type": "Feature", "properties": { "rand_point_id": 628, "adm3_name1": "كفردلاقوس", "adm3_pcode": "33115", "Nighttime light radiance": 9.200526263, "Household Deprivation Score": 0.547060915, "Negative Coping Tendency": 1.3, "Unemployment rate": 14.1, "Population dependency ratio": 55.3, "Food insecurity level (IPC)": 0.12, "Poverty Level (Relative Vulnerability - AMAAN)": 0.007545144, "Poverty Level (Internal Vulnerability - AMAAN)": 1.052889324, "composite_score": 0.287769056 }, "geometry": { "type": "Point", "coordinates": [ 35.914379358866562, 34.394524808312262 ] } },
{ "type": "Feature", "properties": { "rand_point_id": 629, "adm3_name1": "رشعين", "adm3_pcode": "33117", "Nighttime light radiance": 7.150000044, "Household Deprivation Score": 0.547060915, "Negative Coping Tendency": 1.3, "Unemployment rate": 14.1, "Population dependency ratio": 55.3, "Food insecurity level (IPC)": 0.12, "Poverty Level (Relative Vulnerability - AMAAN)": 0.032110728, "Poverty Level (Internal Vulnerability - AMAAN)": 3.330300273, "composite_score": 0.28949662 }, "geometry": { "type": "Point", "coordinates": [ 35.922545531046012, 34.395921054930682 ] } },
{ "type": "Feature", "properties": { "rand_point_id": 630, "adm3_name1": "قره باش", "adm3_pcode": "33119", "Nighttime light radiance": 3.140000045, "Household Deprivation Score": 0.547060915, "Negative Coping Tendency": 1.3, "Unemployment rate": 14.1, "Population dependency ratio": 55.3, "Food insecurity level (IPC)": 0.12, "Poverty Level (Relative Vulnerability - AMAAN)": 0.0, "Poverty Level (Internal Vulnerability - AMAAN)": 0.0, "composite_score": 0.290451541 }, "geometry": { "type": "Point", "coordinates": [ 35.893960303153371, 34.379515645919412 ] } },
{ "type": "Feature", "properties": { "rand_point_id": 631, "adm3_name1": "كفر حاتا", "adm3_pcode": "33121", "Nighttime light radiance": 10.27142852, "Household Deprivation Score": 0.547060915, "Negative Coping Tendency": 1.3, "Unemployment rate": 14.1, "Population dependency ratio": 55.3, "Food insecurity level (IPC)": 0.12, "Poverty Level (Relative Vulnerability - AMAAN)": 0.0, "Poverty Level (Internal Vulnerability - AMAAN)": 0.0, "composite_score": 0.287033154 }, "geometry": { "type": "Point", "coordinates": [ 35.899282641090458, 34.384319198215962 ] } },
{ "type": "Feature", "properties": { "rand_point_id": 632, "adm3_name1": "أرده", "adm3_pcode": "33123", "Nighttime light radiance": 6.263939417, "Household Deprivation Score": 0.547060915, "Negative Coping Tendency": 1.3, "Unemployment rate": 14.1, "Population dependency ratio": 55.3, "Food insecurity level (IPC)": 0.12, "Poverty Level (Relative Vulnerability - AMAAN)": 0.031759791, "Poverty Level (Internal Vulnerability - AMAAN)": 3.032333724, "composite_score": 0.289916996 }, "geometry": { "type": "Point", "coordinates": [ 35.921627649793656, 34.409915266265543 ] } },
{ "type": "Feature", "properties": { "rand_point_id": 633, "adm3_name1": "اصنون", "adm3_pcode": "33125", "Nighttime light radiance": 3.621999979, "Household Deprivation Score": 0.547060915, "Negative Coping Tendency": 1.3, "Unemployment rate": 14.1, "Population dependency ratio": 55.3, "Food insecurity level (IPC)": 0.12, "Poverty Level (Relative Vulnerability - AMAAN)": 0.001052811, "Poverty Level (Internal Vulnerability - AMAAN)": 1.488833747, "composite_score": 0.290265389 }, "geometry": { "type": "Point", "coordinates": [ 35.888309167071093, 34.38373918234074 ] } },
{ "type": "Feature", "properties": { "rand_point_id": 634, "adm3_name1": "مزرعة إجبع", "adm3_pcode": "33127", "Nighttime light radiance": 2.294999957, "Household Deprivation Score": 0.547060915, "Negative Coping Tendency": 1.3, "Unemployment rate": 14.1, "Population dependency ratio": 55.3, "Food insecurity level (IPC)": 0.12, "Poverty Level (Relative Vulnerability - AMAAN)": 0.0, "Poverty Level (Internal Vulnerability - AMAAN)": 0.0, "composite_score": 0.290866362 }, "geometry": { "type": "Point", "coordinates": [ 35.878601419552567, 34.380979710089136 ] } },
{ "type": "Feature", "properties": { "rand_point_id": 635, "adm3_name1": "مجدليا زغرتا", "adm3_pcode": "33129", "Nighttime light radiance": 9.818166669, "Household Deprivation Score": 0.547060915, "Negative Coping Tendency": 1.3, "Unemployment rate": 14.1, "Population dependency ratio": 55.3, "Food insecurity level (IPC)": 0.12, "Poverty Level (Relative Vulnerability - AMAAN)": 0.0, "Poverty Level (Internal Vulnerability - AMAAN)": 0.0, "composite_score": 0.287260068 }, "geometry": { "type": "Point", "coordinates": [ 35.89706251610788, 34.44776065620794 ] } },
{ "type": "Feature", "properties": { "rand_point_id": 636, "adm3_name1": "حريق زغرتا", "adm3_pcode": "33131", "Nighttime light radiance": 3.803333362, "Household Deprivation Score": 0.547060915, "Negative Coping Tendency": 1.3, "Unemployment rate": 14.1, "Population dependency ratio": 55.3, "Food insecurity level (IPC)": 0.12, "Poverty Level (Relative Vulnerability - AMAAN)": 0.0, "Poverty Level (Internal Vulnerability - AMAAN)": 0.0, "composite_score": 0.290147602 }, "geometry": { "type": "Point", "coordinates": [ 35.913733699727786, 34.387004389478754 ] } },
{ "type": "Feature", "properties": { "rand_point_id": 637, "adm3_name1": "علما", "adm3_pcode": "33133", "Nighttime light radiance": 5.416000005, "Household Deprivation Score": 0.547060915, "Negative Coping Tendency": 1.3, "Unemployment rate": 14.1, "Population dependency ratio": 55.3, "Food insecurity level (IPC)": 0.12, "Poverty Level (Relative Vulnerability - AMAAN)": 0.266887523, "Poverty Level (Internal Vulnerability - AMAAN)": 59.48377004, "composite_score": 0.29758691 }, "geometry": { "type": "Point", "coordinates": [ 35.898339182001159, 34.43772171765383 ] } },
{ "type": "Feature", "properties": { "rand_point_id": 638, "adm3_name1": "مزرعة جنيد", "adm3_pcode": "33135", "Nighttime light radiance": 1.890000045, "Household Deprivation Score": 0.547060915, "Negative Coping Tendency": 1.3, "Unemployment rate": 14.1, "Population dependency ratio": 55.3, "Food insecurity level (IPC)": 0.12, "Poverty Level (Relative Vulnerability - AMAAN)": 0.0, "Poverty Level (Internal Vulnerability - AMAAN)": 0.0, "composite_score": 0.291070126 }, "geometry": { "type": "Point", "coordinates": [ 35.890545056714537, 34.375827049848887 ] } },
{ "type": "Feature", "properties": { "rand_point_id": 639, "adm3_name1": "الجديدة زغرتا", "adm3_pcode": "33137", "Nighttime light radiance": 5.922857165, "Household Deprivation Score": 0.547060915, "Negative Coping Tendency": 1.3, "Unemployment rate": 14.1, "Population dependency ratio": 55.3, "Food insecurity level (IPC)": 0.12, "Poverty Level (Relative Vulnerability - AMAAN)": 0.0, "Poverty Level (Internal Vulnerability - AMAAN)": 0.0, "composite_score": 0.289138043 }, "geometry": { "type": "Point", "coordinates": [ 35.888248259297136, 34.354805345718084 ] } },
{ "type": "Feature", "properties": { "rand_point_id": 640, "adm3_name1": "خالدية", "adm3_pcode": "33139", "Nighttime light radiance": 3.525000006, "Household Deprivation Score": 0.547060915, "Negative Coping Tendency": 1.3, "Unemployment rate": 14.1, "Population dependency ratio": 55.3, "Food insecurity level (IPC)": 0.12, "Poverty Level (Relative Vulnerability - AMAAN)": 0.002105621, "Poverty Level (Internal Vulnerability - AMAAN)": 4.285714286, "composite_score": 0.290372243 }, "geometry": { "type": "Point", "coordinates": [ 35.917228406405862, 34.372176305476309 ] } },
{ "type": "Feature", "properties": { "rand_point_id": 641, "adm3_name1": "إيعال", "adm3_pcode": "33141", "Nighttime light radiance": 2.791249998, "Household Deprivation Score": 0.547060915, "Negative Coping Tendency": 1.3, "Unemployment rate": 14.1, "Population dependency ratio": 55.3, "Food insecurity level (IPC)": 0.12, "Poverty Level (Relative Vulnerability - AMAAN)": 0.007896081, "Poverty Level (Internal Vulnerability - AMAAN)": 4.269449715, "composite_score": 0.290898942 }, "geometry": { "type": "Point", "coordinates": [ 35.903736024197137, 34.366552442777234 ] } },
{ "type": "Feature", "properties": { "rand_point_id": 642, "adm3_name1": "كفر حورا", "adm3_pcode": "33143", "Nighttime light radiance": 2.713888877, "Household Deprivation Score": 0.547060915, "Negative Coping Tendency": 1.3, "Unemployment rate": 14.1, "Population dependency ratio": 55.3, "Food insecurity level (IPC)": 0.12, "Poverty Level (Relative Vulnerability - AMAAN)": 0.0, "Poverty Level (Internal Vulnerability - AMAAN)": 0.0, "composite_score": 0.290684424 }, "geometry": { "type": "Point", "coordinates": [ 35.873435829019158, 34.382288539320655 ] } },
{ "type": "Feature", "properties": { "rand_point_id": 643, "adm3_name1": "كفر زينا", "adm3_pcode": "33145", "Nighttime light radiance": 2.788181847, "Household Deprivation Score": 0.547060915, "Negative Coping Tendency": 1.3, "Unemployment rate": 14.1, "Population dependency ratio": 55.3, "Food insecurity level (IPC)": 0.12, "Poverty Level (Relative Vulnerability - AMAAN)": 0.004211243, "Poverty Level (Internal Vulnerability - AMAAN)": 2.053036784, "composite_score": 0.290785639 }, "geometry": { "type": "Point", "coordinates": [ 35.887687146827425, 34.382756948424792 ] } },
{ "type": "Feature", "properties": { "rand_point_id": 644, "adm3_name1": "كفر شخنا", "adm3_pcode": "33147", "Nighttime light radiance": 2.273571423, "Household Deprivation Score": 0.547060915, "Negative Coping Tendency": 1.3, "Unemployment rate": 14.1, "Population dependency ratio": 55.3, "Food insecurity level (IPC)": 0.12, "Poverty Level (Relative Vulnerability - AMAAN)": 0.0, "Poverty Level (Internal Vulnerability - AMAAN)": 0.0, "composite_score": 0.290900381 }, "geometry": { "type": "Point", "coordinates": [ 35.856998963148691, 34.358988372237135 ] } },
{ "type": "Feature", "properties": { "rand_point_id": 645, "adm3_name1": "بسبعل", "adm3_pcode": "33149", "Nighttime light radiance": 3.281818184, "Household Deprivation Score": 0.547060915, "Negative Coping Tendency": 1.3, "Unemployment rate": 14.1, "Population dependency ratio": 55.3, "Food insecurity level (IPC)": 0.12, "Poverty Level (Relative Vulnerability - AMAAN)": 0.002982964, "Poverty Level (Internal Vulnerability - AMAAN)": 3.703703704, "composite_score": 0.290524317 }, "geometry": { "type": "Point", "coordinates": [ 35.871982281024884, 34.349166722129347 ] } },
{ "type": "Feature", "properties": { "rand_point_id": 646, "adm3_name1": "صخرة", "adm3_pcode": "33151", "Nighttime light radiance": 2.281999993, "Household Deprivation Score": 0.547060915, "Negative Coping Tendency": 1.3, "Unemployment rate": 14.1, "Population dependency ratio": 55.3, "Food insecurity level (IPC)": 0.12, "Poverty Level (Relative Vulnerability - AMAAN)": 0.00456218, "Poverty Level (Internal Vulnerability - AMAAN)": 7.386363636, "composite_score": 0.291069573 }, "geometry": { "type": "Point", "coordinates": [ 35.921133998262718, 34.365577823302111 ] } },
{ "type": "Feature", "properties": { "rand_point_id": 647, "adm3_name1": "حواكير", "adm3_pcode": "33152", "Nighttime light radiance": 2.655000031, "Household Deprivation Score": 0.547060915, "Negative Coping Tendency": 1.3, "Unemployment rate": 14.1, "Population dependency ratio": 55.3, "Food insecurity level (IPC)": 0.12, "Poverty Level (Relative Vulnerability - AMAAN)": 0.0, "Poverty Level (Internal Vulnerability - AMAAN)": 0.0, "composite_score": 0.290723354 }, "geometry": { "type": "Point", "coordinates": [ 35.928766080894768, 34.367941718955734 ] } },
{ "type": "Feature", "properties": { "rand_point_id": 648, "adm3_name1": "كفر ياشيت", "adm3_pcode": "33153", "Nighttime light radiance": 5.126999974, "Household Deprivation Score": 0.547060915, "Negative Coping Tendency": 1.3, "Unemployment rate": 14.1, "Population dependency ratio": 55.3, "Food insecurity level (IPC)": 0.12, "Poverty Level (Relative Vulnerability - AMAAN)": 0.0, "Poverty Level (Internal Vulnerability - AMAAN)": 0.0, "composite_score": 0.289538787 }, "geometry": { "type": "Point", "coordinates": [ 35.89597735707256, 34.347562658060696 ] } },
{ "type": "Feature", "properties": { "rand_point_id": 649, "adm3_name1": "كفرصغاب", "adm3_pcode": "33155", "Nighttime light radiance": 1.759333324, "Household Deprivation Score": 0.547060915, "Negative Coping Tendency": 1.3, "Unemployment rate": 14.1, "Population dependency ratio": 55.3, "Food insecurity level (IPC)": 0.12, "Poverty Level (Relative Vulnerability - AMAAN)": 0.001228279, "Poverty Level (Internal Vulnerability - AMAAN)": 0.4778157, "composite_score": 0.291195231 }, "geometry": { "type": "Point", "coordinates": [ 35.908128205634618, 34.35036454308716 ] } },
{ "type": "Feature", "properties": { "rand_point_id": 650, "adm3_name1": "بشنين", "adm3_pcode": "33157", "Nighttime light radiance": 2.127692278, "Household Deprivation Score": 0.547060915, "Negative Coping Tendency": 1.3, "Unemployment rate": 14.1, "Population dependency ratio": 55.3, "Food insecurity level (IPC)": 0.12, "Poverty Level (Relative Vulnerability - AMAAN)": 0.0, "Poverty Level (Internal Vulnerability - AMAAN)": 0.0, "composite_score": 0.290982225 }, "geometry": { "type": "Point", "coordinates": [ 35.87198505079612, 34.344321130059896 ] } },
{ "type": "Feature", "properties": { "rand_point_id": 651, "adm3_name1": "بنشعي", "adm3_pcode": "33159", "Nighttime light radiance": 2.824999983, "Household Deprivation Score": 0.547060915, "Negative Coping Tendency": 1.3, "Unemployment rate": 14.1, "Population dependency ratio": 55.3, "Food insecurity level (IPC)": 0.12, "Poverty Level (Relative Vulnerability - AMAAN)": 0.0, "Poverty Level (Internal Vulnerability - AMAAN)": 0.0, "composite_score": 0.290650119 }, "geometry": { "type": "Point", "coordinates": [ 35.890206911814396, 34.326377301685426 ] } },
{ "type": "Feature", "properties": { "rand_point_id": 652, "adm3_name1": "عرجس", "adm3_pcode": "33161", "Nighttime light radiance": 1.913333327, "Household Deprivation Score": 0.547060915, "Negative Coping Tendency": 1.3, "Unemployment rate": 14.1, "Population dependency ratio": 55.3, "Food insecurity level (IPC)": 0.12, "Poverty Level (Relative Vulnerability - AMAAN)": 0.000701874, "Poverty Level (Internal Vulnerability - AMAAN)": 0.421052632, "composite_score": 0.291112557 }, "geometry": { "type": "Point", "coordinates": [ 35.878457550766448, 34.347622843272667 ] } },
{ "type": "Feature", "properties": { "rand_point_id": 653, "adm3_name1": "داريا", "adm3_pcode": "33163", "Nighttime light radiance": 1.610588249, "Household Deprivation Score": 0.547060915, "Negative Coping Tendency": 1.3, "Unemployment rate": 14.1, "Population dependency ratio": 55.3, "Food insecurity level (IPC)": 0.12, "Poverty Level (Relative Vulnerability - AMAAN)": 0.0, "Poverty Level (Internal Vulnerability - AMAAN)": 0.0, "composite_score": 0.291237389 }, "geometry": { "type": "Point", "coordinates": [ 35.863107879090748, 34.328200615466137 ] } },
{ "type": "Feature", "properties": { "rand_point_id": 654, "adm3_name1": "كفر فو", "adm3_pcode": "33165", "Nighttime light radiance": 2.3499999900000001, "Household Deprivation Score": 0.547060915, "Negative Coping Tendency": 1.3, "Unemployment rate": 14.1, "Population dependency ratio": 55.3, "Food insecurity level (IPC)": 0.12, "Poverty Level (Relative Vulnerability - AMAAN)": 0.002105621, "Poverty Level (Internal Vulnerability - AMAAN)": 1.777777778, "composite_score": 0.290955643 }, "geometry": { "type": "Point", "coordinates": [ 35.878425334365943, 34.317882947348366 ] } },
{ "type": "Feature", "properties": { "rand_point_id": 655, "adm3_name1": "راس كيفا", "adm3_pcode": "33167", "Nighttime light radiance": 1.924999982, "Household Deprivation Score": 0.547060915, "Negative Coping Tendency": 1.3, "Unemployment rate": 14.1, "Population dependency ratio": 55.3, "Food insecurity level (IPC)": 0.12, "Poverty Level (Relative Vulnerability - AMAAN)": 0.001930153, "Poverty Level (Internal Vulnerability - AMAAN)": 1.76565008, "composite_score": 0.2911566 }, "geometry": { "type": "Point", "coordinates": [ 35.868068647673532, 34.322919139726849 ] } },
{ "type": "Feature", "properties": { "rand_point_id": 656, "adm3_name1": "كرم سده", "adm3_pcode": "33169", "Nighttime light radiance": 2.04976192, "Household Deprivation Score": 0.547060915, "Negative Coping Tendency": 1.3, "Unemployment rate": 14.1, "Population dependency ratio": 55.3, "Food insecurity level (IPC)": 0.12, "Poverty Level (Relative Vulnerability - AMAAN)": 0.001930153, "Poverty Level (Internal Vulnerability - AMAAN)": 0.752908966, "composite_score": 0.291094655 }, "geometry": { "type": "Point", "coordinates": [ 35.889546501088958, 34.302917836473334 ] } },
{ "type": "Feature", "properties": { "rand_point_id": 657, "adm3_name1": "تلة زغرتا", "adm3_pcode": "33171", "Nighttime light radiance": 2.5099999899999998, "Household Deprivation Score": 0.547060915, "Negative Coping Tendency": 1.3, "Unemployment rate": 14.1, "Population dependency ratio": 55.3, "Food insecurity level (IPC)": 0.12, "Poverty Level (Relative Vulnerability - AMAAN)": 0.000877342, "Poverty Level (Internal Vulnerability - AMAAN)": 10.86956522, "composite_score": 0.290889603 }, "geometry": { "type": "Point", "coordinates": [ 35.876411264198182, 34.396652997864493 ] } },
{ "type": "Feature", "properties": { "rand_point_id": 658, "adm3_name1": "اهدن", "adm3_pcode": "33211", "Nighttime light radiance": 2.512919718, "Household Deprivation Score": 0.547060915, "Negative Coping Tendency": 1.3, "Unemployment rate": 14.1, "Population dependency ratio": 55.3, "Food insecurity level (IPC)": 0.12, "Poverty Level (Relative Vulnerability - AMAAN)": 0.0, "Poverty Level (Internal Vulnerability - AMAAN)": 0.0, "composite_score": 0.29086154 }, "geometry": { "type": "Point", "coordinates": [ 35.978852307836, 34.300454689571254 ] } },
{ "type": "Feature", "properties": { "rand_point_id": 659, "adm3_name1": "بسلوقيت", "adm3_pcode": "33215", "Nighttime light radiance": 1.761250004, "Household Deprivation Score": 0.547060915, "Negative Coping Tendency": 1.3, "Unemployment rate": 14.1, "Population dependency ratio": 55.3, "Food insecurity level (IPC)": 0.12, "Poverty Level (Relative Vulnerability - AMAAN)": 0.000701874, "Poverty Level (Internal Vulnerability - AMAAN)": 400.0, "composite_score": 0.293014748 }, "geometry": { "type": "Point", "coordinates": [ 35.97390055928058, 34.312003488990754 ] } },
{ "type": "Feature", "properties": { "rand_point_id": 660, "adm3_name1": "عينطورين", "adm3_pcode": "33219", "Nighttime light radiance": 4.471111086, "Household Deprivation Score": 0.547060915, "Negative Coping Tendency": 1.3, "Unemployment rate": 14.1, "Population dependency ratio": 55.3, "Food insecurity level (IPC)": 0.12, "Poverty Level (Relative Vulnerability - AMAAN)": 0.000526405, "Poverty Level (Internal Vulnerability - AMAAN)": 3.529411765, "composite_score": 0.289963009 }, "geometry": { "type": "Point", "coordinates": [ 35.954157618230653, 34.285229585185427 ] } },
{ "type": "Feature", "properties": { "rand_point_id": 661, "adm3_name1": "كفر صغاب", "adm3_pcode": "33223", "Nighttime light radiance": 2.14600001, "Household Deprivation Score": 0.547060915, "Negative Coping Tendency": 1.3, "Unemployment rate": 14.1, "Population dependency ratio": 55.3, "Food insecurity level (IPC)": 0.12, "Poverty Level (Relative Vulnerability - AMAAN)": 0.001579216, "Poverty Level (Internal Vulnerability - AMAAN)": 6.293706294, "composite_score": 0.291126616 }, "geometry": { "type": "Point", "coordinates": [ 35.99070654747878, 34.27004030889006 ] } },
{ "type": "Feature", "properties": { "rand_point_id": 662, "adm3_name1": "عربة قزحيا", "adm3_pcode": "33227", "Nighttime light radiance": 1.957428569, "Household Deprivation Score": 0.547060915, "Negative Coping Tendency": 1.3, "Unemployment rate": 14.1, "Population dependency ratio": 55.3, "Food insecurity level (IPC)": 0.12, "Poverty Level (Relative Vulnerability - AMAAN)": 0.002456558, "Poverty Level (Internal Vulnerability - AMAAN)": 1.307189542, "composite_score": 0.291225915 }, "geometry": { "type": "Point", "coordinates": [ 35.940635300034408, 34.2757617520842 ] } },
{ "type": "Feature", "properties": { "rand_point_id": 663, "adm3_name1": "تولا زغرتا", "adm3_pcode": "33231", "Nighttime light radiance": 3.134166663, "Household Deprivation Score": 0.547060915, "Negative Coping Tendency": 1.3, "Unemployment rate": 14.1, "Population dependency ratio": 55.3, "Food insecurity level (IPC)": 0.12, "Poverty Level (Relative Vulnerability - AMAAN)": 0.0, "Poverty Level (Internal Vulnerability - AMAAN)": 0.0, "composite_score": 0.290587284 }, "geometry": { "type": "Point", "coordinates": [ 35.956601428702555, 34.330788857763423 ] } },
{ "type": "Feature", "properties": { "rand_point_id": 664, "adm3_name1": "مزرعة التفاح", "adm3_pcode": "33235", "Nighttime light radiance": 2.508999991, "Household Deprivation Score": 0.547060915, "Negative Coping Tendency": 1.3, "Unemployment rate": 14.1, "Population dependency ratio": 55.3, "Food insecurity level (IPC)": 0.12, "Poverty Level (Relative Vulnerability - AMAAN)": 0.00456218, "Poverty Level (Internal Vulnerability - AMAAN)": 12.09302326, "composite_score": 0.291081187 }, "geometry": { "type": "Point", "coordinates": [ 35.953643296296434, 34.322787634784852 ] } },
{ "type": "Feature", "properties": { "rand_point_id": 665, "adm3_name1": "بحيرة تولا", "adm3_pcode": "33239", "Nighttime light radiance": 3.257475452, "Household Deprivation Score": 0.547060915, "Negative Coping Tendency": 1.3, "Unemployment rate": 14.1, "Population dependency ratio": 55.3, "Food insecurity level (IPC)": 0.12, "Poverty Level (Relative Vulnerability - AMAAN)": 0.0, "Poverty Level (Internal Vulnerability - AMAAN)": 0.0, "composite_score": 0.290537632 }, "geometry": { "type": "Point", "coordinates": [ 35.967912279997265, 34.323272347090672 ] } },
{ "type": "Feature", "properties": { "rand_point_id": 666, "adm3_name1": "أيطو", "adm3_pcode": "33243", "Nighttime light radiance": 2.148461553, "Household Deprivation Score": 0.547060915, "Negative Coping Tendency": 1.3, "Unemployment rate": 14.1, "Population dependency ratio": 55.3, "Food insecurity level (IPC)": 0.12, "Poverty Level (Relative Vulnerability - AMAAN)": 0.001930153, "Poverty Level (Internal Vulnerability - AMAAN)": 0.94017094, "composite_score": 0.291135977 }, "geometry": { "type": "Point", "coordinates": [ 35.920011238983442, 34.297317571653352 ] } },
{ "type": "Feature", "properties": { "rand_point_id": 667, "adm3_name1": "مزيارة", "adm3_pcode": "33251", "Nighttime light radiance": 4.704615391, "Household Deprivation Score": 0.547060915, "Negative Coping Tendency": 1.3, "Unemployment rate": 14.1, "Population dependency ratio": 55.3, "Food insecurity level (IPC)": 0.12, "Poverty Level (Relative Vulnerability - AMAAN)": 0.004386711, "Poverty Level (Internal Vulnerability - AMAAN)": 0.58630394, "composite_score": 0.289990943 }, "geometry": { "type": "Point", "coordinates": [ 35.918218374132522, 34.335988865194381 ] } },
{ "type": "Feature", "properties": { "rand_point_id": 668, "adm3_name1": "سرعيل", "adm3_pcode": "33255", "Nighttime light radiance": 1.647222228, "Household Deprivation Score": 0.547060915, "Negative Coping Tendency": 1.3, "Unemployment rate": 14.1, "Population dependency ratio": 55.3, "Food insecurity level (IPC)": 0.12, "Poverty Level (Relative Vulnerability - AMAAN)": 0.002632027, "Poverty Level (Internal Vulnerability - AMAAN)": 2.106741573, "composite_score": 0.291416707 }, "geometry": { "type": "Point", "coordinates": [ 35.899121876480429, 34.293489219857484 ] } },
{ "type": "Feature", "properties": { "rand_point_id": 669, "adm3_name1": "سبعل زغرتا", "adm3_pcode": "33259", "Nighttime light radiance": 2.043749973, "Household Deprivation Score": 0.547060915, "Negative Coping Tendency": 1.3, "Unemployment rate": 14.1, "Population dependency ratio": 55.3, "Food insecurity level (IPC)": 0.12, "Poverty Level (Relative Vulnerability - AMAAN)": 0.006667801, "Poverty Level (Internal Vulnerability - AMAAN)": 2.747650036, "composite_score": 0.291354264 }, "geometry": { "type": "Point", "coordinates": [ 35.90500637331705, 34.323935445812538 ] } },
{ "type": "Feature", "properties": { "rand_point_id": 670, "adm3_name1": "دنها", "adm3_pcode": "33263", "Nighttime light radiance": 3.480000039, "Household Deprivation Score": 0.547060915, "Negative Coping Tendency": 1.3, "Unemployment rate": 14.1, "Population dependency ratio": 55.3, "Food insecurity level (IPC)": 0.12, "Poverty Level (Relative Vulnerability - AMAAN)": 0.0, "Poverty Level (Internal Vulnerability - AMAAN)": 0.0, "composite_score": 0.29045938 }, "geometry": { "type": "Point", "coordinates": [ 35.940721093781434, 34.400040528809456 ] } },
{ "type": "Feature", "properties": { "rand_point_id": 671, "adm3_name1": "عشاش", "adm3_pcode": "33267", "Nighttime light radiance": 4.998260923, "Household Deprivation Score": 0.547060915, "Negative Coping Tendency": 1.3, "Unemployment rate": 14.1, "Population dependency ratio": 55.3, "Food insecurity level (IPC)": 0.12, "Poverty Level (Relative Vulnerability - AMAAN)": 0.006316864, "Poverty Level (Internal Vulnerability - AMAAN)": 2.948402948, "composite_score": 0.289936994 }, "geometry": { "type": "Point", "coordinates": [ 35.937537358379593, 34.428521621907969 ] } },
{ "type": "Feature", "properties": { "rand_point_id": 672, "adm3_name1": "مرياطا", "adm3_pcode": "33271", "Nighttime light radiance": 13.19428587, "Household Deprivation Score": 0.547060915, "Negative Coping Tendency": 1.3, "Unemployment rate": 14.1, "Population dependency ratio": 55.3, "Food insecurity level (IPC)": 0.12, "Poverty Level (Relative Vulnerability - AMAAN)": 0.25021802, "Poverty Level (Internal Vulnerability - AMAAN)": 26.7391712, "composite_score": 0.293378619 }, "geometry": { "type": "Point", "coordinates": [ 35.93027543077573, 34.418317722782028 ] } },
{ "type": "Feature", "properties": { "rand_point_id": 673, "adm3_name1": "حيلان زغرتا", "adm3_pcode": "33275", "Nighttime light radiance": 2.366923066, "Household Deprivation Score": 0.547060915, "Negative Coping Tendency": 1.3, "Unemployment rate": 14.1, "Population dependency ratio": 55.3, "Food insecurity level (IPC)": 0.12, "Poverty Level (Relative Vulnerability - AMAAN)": 0.088962508, "Poverty Level (Internal Vulnerability - AMAAN)": 52.92275574, "composite_score": 0.293890565 }, "geometry": { "type": "Point", "coordinates": [ 35.959665804346528, 34.42723490039689 ] } },
{ "type": "Feature", "properties": { "rand_point_id": 674, "adm3_name1": "بوسيط", "adm3_pcode": "33279", "Nighttime light radiance": 2.022758632, "Household Deprivation Score": 0.547060915, "Negative Coping Tendency": 1.3, "Unemployment rate": 14.1, "Population dependency ratio": 55.3, "Food insecurity level (IPC)": 0.12, "Poverty Level (Relative Vulnerability - AMAAN)": 0.00228109, "Poverty Level (Internal Vulnerability - AMAAN)": 7.142857143, "composite_score": 0.291276856 }, "geometry": { "type": "Point", "coordinates": [ 35.90386068935495, 34.442574341906841 ] } },
{ "type": "Feature", "properties": { "rand_point_id": 675, "adm3_name1": "كفريا زغرتا", "adm3_pcode": "33283", "Nighttime light radiance": 1.433125004, "Household Deprivation Score": 0.547060915, "Negative Coping Tendency": 1.3, "Unemployment rate": 14.1, "Population dependency ratio": 55.3, "Food insecurity level (IPC)": 0.12, "Poverty Level (Relative Vulnerability - AMAAN)": 0.0, "Poverty Level (Internal Vulnerability - AMAAN)": 0.0, "composite_score": 0.291464953 }, "geometry": { "type": "Point", "coordinates": [ 35.960424020375456, 34.442127013717865 ] } },
{ "type": "Feature", "properties": { "rand_point_id": 676, "adm3_name1": "حريقص", "adm3_pcode": "33287", "Nighttime light radiance": 3.25, "Household Deprivation Score": 0.547060915, "Negative Coping Tendency": 1.3, "Unemployment rate": 14.1, "Population dependency ratio": 55.3, "Food insecurity level (IPC)": 0.12, "Poverty Level (Relative Vulnerability - AMAAN)": 0.025267458, "Poverty Level (Internal Vulnerability - AMAAN)": 29.3877551, "composite_score": 0.291480461 }, "geometry": { "type": "Point", "coordinates": [ 35.936181282896484, 34.452747454855057 ] } },
{ "type": "Feature", "properties": { "rand_point_id": 677, "adm3_name1": "اجبع", "adm3_pcode": "33291", "Nighttime light radiance": 1.637857139, "Household Deprivation Score": 0.547060915, "Negative Coping Tendency": 1.3, "Unemployment rate": 14.1, "Population dependency ratio": 55.3, "Food insecurity level (IPC)": 0.12, "Poverty Level (Relative Vulnerability - AMAAN)": 0.0, "Poverty Level (Internal Vulnerability - AMAAN)": 0.0, "composite_score": 0.291376245 }, "geometry": { "type": "Point", "coordinates": [ 35.943965550963789, 34.310400751423465 ] } },
{ "type": "Feature", "properties": { "rand_point_id": 678, "adm3_name1": null, "adm3_pcode": "34001", "Nighttime light radiance": null, "Household Deprivation Score": null, "Negative Coping Tendency": null, "Unemployment rate": null, "Population dependency ratio": null, "Food insecurity level (IPC)": null, "Poverty Level (Relative Vulnerability - AMAAN)": null, "Poverty Level (Internal Vulnerability - AMAAN)": null, "composite_score": null }, "geometry": { "type": "Point", "coordinates": [ 35.758720629875242, 34.264505317792782 ] } },
{ "type": "Feature", "properties": { "rand_point_id": 679, "adm3_name1": null, "adm3_pcode": "34002", "Nighttime light radiance": null, "Household Deprivation Score": null, "Negative Coping Tendency": null, "Unemployment rate": null, "Population dependency ratio": null, "Food insecurity level (IPC)": null, "Poverty Level (Relative Vulnerability - AMAAN)": null, "Poverty Level (Internal Vulnerability - AMAAN)": null, "composite_score": null }, "geometry": { "type": "Point", "coordinates": [ 35.749190908790098, 34.240352955262914 ] } },
{ "type": "Feature", "properties": { "rand_point_id": 680, "adm3_name1": "بترون", "adm3_pcode": "34111", "Nighttime light radiance": 20.60119977, "Household Deprivation Score": 0.441002111, "Negative Coping Tendency": 1.6, "Unemployment rate": 12.4, "Population dependency ratio": 53.0, "Food insecurity level (IPC)": 0.12, "Poverty Level (Relative Vulnerability - AMAAN)": 0.040533214, "Poverty Level (Internal Vulnerability - AMAAN)": 5.163164953, "composite_score": 0.215662109 }, "geometry": { "type": "Point", "coordinates": [ 35.664302457258977, 34.259677817447141 ] } },
{ "type": "Feature", "properties": { "rand_point_id": 681, "adm3_name1": "راشانا", "adm3_pcode": "34122", "Nighttime light radiance": 4.570000035, "Household Deprivation Score": 0.441002111, "Negative Coping Tendency": 1.6, "Unemployment rate": 12.4, "Population dependency ratio": 53.0, "Food insecurity level (IPC)": 0.12, "Poverty Level (Relative Vulnerability - AMAAN)": 0.0, "Poverty Level (Internal Vulnerability - AMAAN)": 0.0, "composite_score": 0.222135058 }, "geometry": { "type": "Point", "coordinates": [ 35.677552654306801, 34.215641945172827 ] } },
{ "type": "Feature", "properties": { "rand_point_id": 682, "adm3_name1": "تحوم", "adm3_pcode": "34133", "Nighttime light radiance": 12.25777751, "Household Deprivation Score": 0.441002111, "Negative Coping Tendency": 1.6, "Unemployment rate": 12.4, "Population dependency ratio": 53.0, "Food insecurity level (IPC)": 0.12, "Poverty Level (Relative Vulnerability - AMAAN)": 0.001579216, "Poverty Level (Internal Vulnerability - AMAAN)": 1.417322835, "composite_score": 0.218513777 }, "geometry": { "type": "Point", "coordinates": [ 35.655659382994806, 34.210412852253832 ] } },
{ "type": "Feature", "properties": { "rand_point_id": 683, "adm3_name1": "كفر عبيدا", "adm3_pcode": "34144", "Nighttime light radiance": 14.87349997, "Household Deprivation Score": 0.441002111, "Negative Coping Tendency": 1.6, "Unemployment rate": 12.4, "Population dependency ratio": 53.0, "Food insecurity level (IPC)": 0.12, "Poverty Level (Relative Vulnerability - AMAAN)": 0.022459962, "Poverty Level (Internal Vulnerability - AMAAN)": 1.228171176, "composite_score": 0.217893118 }, "geometry": { "type": "Point", "coordinates": [ 35.667201708932616, 34.241538364960604 ] } },
{ "type": "Feature", "properties": { "rand_point_id": 684, "adm3_name1": "كوبا", "adm3_pcode": "34155", "Nighttime light radiance": 8.998750061000001, "Household Deprivation Score": 0.441002111, "Negative Coping Tendency": 1.6, "Unemployment rate": 12.4, "Population dependency ratio": 53.0, "Food insecurity level (IPC)": 0.12, "Poverty Level (Relative Vulnerability - AMAAN)": 0.00684327, "Poverty Level (Internal Vulnerability - AMAAN)": 2.028081123, "composite_score": 0.22026262 }, "geometry": { "type": "Point", "coordinates": [ 35.666771588120632, 34.269444359469638 ] } },
{ "type": "Feature", "properties": { "rand_point_id": 685, "adm3_name1": "سلعاتا", "adm3_pcode": "34166", "Nighttime light radiance": 7.6775, "Household Deprivation Score": 0.441002111, "Negative Coping Tendency": 1.6, "Unemployment rate": 12.4, "Population dependency ratio": 53.0, "Food insecurity level (IPC)": 0.12, "Poverty Level (Relative Vulnerability - AMAAN)": 0.001754685, "Poverty Level (Internal Vulnerability - AMAAN)": 1.912045889, "composite_score": 0.220757399 }, "geometry": { "type": "Point", "coordinates": [ 35.655863787893281, 34.27648499581511 ] } },
{ "type": "Feature", "properties": { "rand_point_id": 686, "adm3_name1": "هري", "adm3_pcode": "34177", "Nighttime light radiance": 13.13571439, "Household Deprivation Score": 0.441002111, "Negative Coping Tendency": 1.6, "Unemployment rate": 12.4, "Population dependency ratio": 53.0, "Food insecurity level (IPC)": 0.12, "Poverty Level (Relative Vulnerability - AMAAN)": 0.01930153, "Poverty Level (Internal Vulnerability - AMAAN)": 8.040935673, "composite_score": 0.218701899 }, "geometry": { "type": "Point", "coordinates": [ 35.710668891933288, 34.302678213605688 ] } },
{ "type": "Feature", "properties": { "rand_point_id": 687, "adm3_name1": "شكَا", "adm3_pcode": "34188", "Nighttime light radiance": 11.83422218, "Household Deprivation Score": 0.441002111, "Negative Coping Tendency": 1.6, "Unemployment rate": 12.4, "Population dependency ratio": 53.0, "Food insecurity level (IPC)": 0.12, "Poverty Level (Relative Vulnerability - AMAAN)": 0.058430996, "Poverty Level (Internal Vulnerability - AMAAN)": 2.713273038, "composite_score": 0.22048096 }, "geometry": { "type": "Point", "coordinates": [ 35.727176655797464, 34.330630655351243 ] } },
{ "type": "Feature", "properties": { "rand_point_id": 688, "adm3_name1": "ضهر ابي ياغي", "adm3_pcode": "34211", "Nighttime light radiance": 1.474999994, "Household Deprivation Score": 0.441002111, "Negative Coping Tendency": 1.6, "Unemployment rate": 12.4, "Population dependency ratio": 53.0, "Food insecurity level (IPC)": 0.12, "Poverty Level (Relative Vulnerability - AMAAN)": 0.0, "Poverty Level (Internal Vulnerability - AMAAN)": 0.0, "composite_score": 0.223725293 }, "geometry": { "type": "Point", "coordinates": [ 35.723613604947516, 34.191129985643613 ] } },
{ "type": "Feature", "properties": { "rand_point_id": 689, "adm3_name1": "تولا", "adm3_pcode": "34212", "Nighttime light radiance": 1.957333326, "Household Deprivation Score": 0.441002111, "Negative Coping Tendency": 1.6, "Unemployment rate": 12.4, "Population dependency ratio": 53.0, "Food insecurity level (IPC)": 0.12, "Poverty Level (Relative Vulnerability - AMAAN)": 0.003158432, "Poverty Level (Internal Vulnerability - AMAAN)": 3.564356436, "composite_score": 0.223604918 }, "geometry": { "type": "Point", "coordinates": [ 35.736393885271958, 34.202601424631411 ] } },
{ "type": "Feature", "properties": { "rand_point_id": 690, "adm3_name1": "مسرح", "adm3_pcode": "34214", "Nighttime light radiance": 1.955714285, "Household Deprivation Score": 0.441002111, "Negative Coping Tendency": 1.6, "Unemployment rate": 12.4, "Population dependency ratio": 53.0, "Food insecurity level (IPC)": 0.12, "Poverty Level (Relative Vulnerability - AMAAN)": 0.0, "Poverty Level (Internal Vulnerability - AMAAN)": 0.0, "composite_score": 0.223498268 }, "geometry": { "type": "Point", "coordinates": [ 35.736098864849851, 34.188466821809193 ] } },
{ "type": "Feature", "properties": { "rand_point_id": 691, "adm3_name1": "دريا", "adm3_pcode": "34215", "Nighttime light radiance": 4.085000038, "Household Deprivation Score": 0.441002111, "Negative Coping Tendency": 1.6, "Unemployment rate": 12.4, "Population dependency ratio": 53.0, "Food insecurity level (IPC)": 0.12, "Poverty Level (Relative Vulnerability - AMAAN)": 0.0, "Poverty Level (Internal Vulnerability - AMAAN)": 0.0, "composite_score": 0.222478091 }, "geometry": { "type": "Point", "coordinates": [ 35.732974030190249, 34.215688866577395 ] } },
{ "type": "Feature", "properties": { "rand_point_id": 692, "adm3_name1": "عبدللي", "adm3_pcode": "34217", "Nighttime light radiance": 2.25199999, "Household Deprivation Score": 0.441002111, "Negative Coping Tendency": 1.6, "Unemployment rate": 12.4, "Population dependency ratio": 53.0, "Food insecurity level (IPC)": 0.12, "Poverty Level (Relative Vulnerability - AMAAN)": 0.001228279, "Poverty Level (Internal Vulnerability - AMAAN)": 0.951086957, "composite_score": 0.223400487 }, "geometry": { "type": "Point", "coordinates": [ 35.727375469986974, 34.21437061574315 ] } },
{ "type": "Feature", "properties": { "rand_point_id": 693, "adm3_name1": "دوق", "adm3_pcode": "34218", "Nighttime light radiance": 1.47818179, "Household Deprivation Score": 0.441002111, "Negative Coping Tendency": 1.6, "Unemployment rate": 12.4, "Population dependency ratio": 53.0, "Food insecurity level (IPC)": 0.12, "Poverty Level (Relative Vulnerability - AMAAN)": 0.0, "Poverty Level (Internal Vulnerability - AMAAN)": 0.0, "composite_score": 0.223732076 }, "geometry": { "type": "Point", "coordinates": [ 35.753048896296185, 34.193554442348272 ] } },
{ "type": "Feature", "properties": { "rand_point_id": 694, "adm3_name1": "جربتا", "adm3_pcode": "34219", "Nighttime light radiance": 1.622727264, "Household Deprivation Score": 0.441002111, "Negative Coping Tendency": 1.6, "Unemployment rate": 12.4, "Population dependency ratio": 53.0, "Food insecurity level (IPC)": 0.12, "Poverty Level (Relative Vulnerability - AMAAN)": 0.0, "Poverty Level (Internal Vulnerability - AMAAN)": 0.0, "composite_score": 0.223663928 }, "geometry": { "type": "Point", "coordinates": [ 35.710889151296435, 34.197072764053921 ] } },
{ "type": "Feature", "properties": { "rand_point_id": 695, "adm3_name1": "شبطين", "adm3_pcode": "34221", "Nighttime light radiance": 3.243793138, "Household Deprivation Score": 0.441002111, "Negative Coping Tendency": 1.6, "Unemployment rate": 12.4, "Population dependency ratio": 53.0, "Food insecurity level (IPC)": 0.12, "Poverty Level (Relative Vulnerability - AMAAN)": 0.0, "Poverty Level (Internal Vulnerability - AMAAN)": 0.0, "composite_score": 0.222888719 }, "geometry": { "type": "Point", "coordinates": [ 35.746347288391078, 34.217437419374029 ] } },
{ "type": "Feature", "properties": { "rand_point_id": 696, "adm3_name1": "دير كفيفان", "adm3_pcode": "34223", "Nighttime light radiance": 4.895625025, "Household Deprivation Score": 0.441002111, "Negative Coping Tendency": 1.6, "Unemployment rate": 12.4, "Population dependency ratio": 53.0, "Food insecurity level (IPC)": 0.12, "Poverty Level (Relative Vulnerability - AMAAN)": 0.0, "Poverty Level (Internal Vulnerability - AMAAN)": 0.0, "composite_score": 0.222098752 }, "geometry": { "type": "Point", "coordinates": [ 35.727169594479804, 34.218658247982106 ] } },
{ "type": "Feature", "properties": { "rand_point_id": 697, "adm3_name1": "صغار", "adm3_pcode": "34224", "Nighttime light radiance": 1.347857135, "Household Deprivation Score": 0.441002111, "Negative Coping Tendency": 1.6, "Unemployment rate": 12.4, "Population dependency ratio": 53.0, "Food insecurity level (IPC)": 0.12, "Poverty Level (Relative Vulnerability - AMAAN)": 0.0, "Poverty Level (Internal Vulnerability - AMAAN)": 0.0, "composite_score": 0.223801711 }, "geometry": { "type": "Point", "coordinates": [ 35.689369451577313, 34.201503358249333 ] } },
{ "type": "Feature", "properties": { "rand_point_id": 698, "adm3_name1": "مار ماما", "adm3_pcode": "34226", "Nighttime light radiance": 1.271999979, "Household Deprivation Score": 0.441002111, "Negative Coping Tendency": 1.6, "Unemployment rate": 12.4, "Population dependency ratio": 53.0, "Food insecurity level (IPC)": 0.12, "Poverty Level (Relative Vulnerability - AMAAN)": 0.0, "Poverty Level (Internal Vulnerability - AMAAN)": 0.0, "composite_score": 0.223840472 }, "geometry": { "type": "Point", "coordinates": [ 35.749357077301958, 34.18466853724459 ] } },
{ "type": "Feature", "properties": { "rand_point_id": 699, "adm3_name1": "دير مار يوسف جربتا", "adm3_pcode": "34227", "Nighttime light radiance": 2.0999999520000001, "Household Deprivation Score": 0.441002111, "Negative Coping Tendency": 1.6, "Unemployment rate": 12.4, "Population dependency ratio": 53.0, "Food insecurity level (IPC)": 0.12, "Poverty Level (Relative Vulnerability - AMAAN)": 0.0, "Poverty Level (Internal Vulnerability - AMAAN)": 0.0, "composite_score": 0.223444488 }, "geometry": { "type": "Point", "coordinates": [ 35.705212091874422, 34.209358916114454 ] } },
{ "type": "Feature", "properties": { "rand_point_id": 700, "adm3_name1": "مراح الزيات", "adm3_pcode": "34229", "Nighttime light radiance": 4.146666646, "Household Deprivation Score": 0.441002111, "Negative Coping Tendency": 1.6, "Unemployment rate": 12.4, "Population dependency ratio": 53.0, "Food insecurity level (IPC)": 0.12, "Poverty Level (Relative Vulnerability - AMAAN)": 0.0, "Poverty Level (Internal Vulnerability - AMAAN)": 0.0, "composite_score": 0.22246513 }, "geometry": { "type": "Point", "coordinates": [ 35.714396570178984, 34.215694485535884 ] } },
{ "type": "Feature", "properties": { "rand_point_id": 701, "adm3_name1": "غوما", "adm3_pcode": "34231", "Nighttime light radiance": 3.523999977, "Household Deprivation Score": 0.441002111, "Negative Coping Tendency": 1.6, "Unemployment rate": 12.4, "Population dependency ratio": 53.0, "Food insecurity level (IPC)": 0.12, "Poverty Level (Relative Vulnerability - AMAAN)": 0.0, "Poverty Level (Internal Vulnerability - AMAAN)": 0.0, "composite_score": 0.222766181 }, "geometry": { "type": "Point", "coordinates": [ 35.687816035649163, 34.211970488044109 ] } },
{ "type": "Feature", "properties": { "rand_point_id": 702, "adm3_name1": "كفيفان", "adm3_pcode": "34233", "Nighttime light radiance": 4.623750001, "Household Deprivation Score": 0.441002111, "Negative Coping Tendency": 1.6, "Unemployment rate": 12.4, "Population dependency ratio": 53.0, "Food insecurity level (IPC)": 0.12, "Poverty Level (Relative Vulnerability - AMAAN)": 0.0, "Poverty Level (Internal Vulnerability - AMAAN)": 0.0, "composite_score": 0.222241033 }, "geometry": { "type": "Point", "coordinates": [ 35.723911998601345, 34.230439393989514 ] } },
{ "type": "Feature", "properties": { "rand_point_id": 703, "adm3_name1": "جران", "adm3_pcode": "34234", "Nighttime light radiance": 5.722727234, "Household Deprivation Score": 0.441002111, "Negative Coping Tendency": 1.6, "Unemployment rate": 12.4, "Population dependency ratio": 53.0, "Food insecurity level (IPC)": 0.12, "Poverty Level (Relative Vulnerability - AMAAN)": 0.0, "Poverty Level (Internal Vulnerability - AMAAN)": 0.0, "composite_score": 0.221715069 }, "geometry": { "type": "Point", "coordinates": [ 35.711184512001786, 34.225527567764395 ] } },
{ "type": "Feature", "properties": { "rand_point_id": 704, "adm3_name1": "محمرش", "adm3_pcode": "34236", "Nighttime light radiance": 2.266363599, "Household Deprivation Score": 0.441002111, "Negative Coping Tendency": 1.6, "Unemployment rate": 12.4, "Population dependency ratio": 53.0, "Food insecurity level (IPC)": 0.12, "Poverty Level (Relative Vulnerability - AMAAN)": 0.001052811, "Poverty Level (Internal Vulnerability - AMAAN)": 1.348314607, "composite_score": 0.223412679 }, "geometry": { "type": "Point", "coordinates": [ 35.769719375507599, 34.19713877712865 ] } },
{ "type": "Feature", "properties": { "rand_point_id": 705, "adm3_name1": "علالي", "adm3_pcode": "34237", "Nighttime light radiance": 2.067500025, "Household Deprivation Score": 0.441002111, "Negative Coping Tendency": 1.6, "Unemployment rate": 12.4, "Population dependency ratio": 53.0, "Food insecurity level (IPC)": 0.12, "Poverty Level (Relative Vulnerability - AMAAN)": 0.0, "Poverty Level (Internal Vulnerability - AMAAN)": 0.0, "composite_score": 0.223471948 }, "geometry": { "type": "Point", "coordinates": [ 35.773290529422518, 34.210068321657019 ] } },
{ "type": "Feature", "properties": { "rand_point_id": 706, "adm3_name1": "سمار جبيل", "adm3_pcode": "34239", "Nighttime light radiance": 4.048181794, "Household Deprivation Score": 0.441002111, "Negative Coping Tendency": 1.6, "Unemployment rate": 12.4, "Population dependency ratio": 53.0, "Food insecurity level (IPC)": 0.12, "Poverty Level (Relative Vulnerability - AMAAN)": 0.0, "Poverty Level (Internal Vulnerability - AMAAN)": 0.0, "composite_score": 0.22252424 }, "geometry": { "type": "Point", "coordinates": [ 35.67565851304753, 34.225038349486972 ] } },
{ "type": "Feature", "properties": { "rand_point_id": 707, "adm3_name1": "كفرحتنا", "adm3_pcode": "34241", "Nighttime light radiance": 3.56250006, "Household Deprivation Score": 0.441002111, "Negative Coping Tendency": 1.6, "Unemployment rate": 12.4, "Population dependency ratio": 53.0, "Food insecurity level (IPC)": 0.12, "Poverty Level (Relative Vulnerability - AMAAN)": 0.0, "Poverty Level (Internal Vulnerability - AMAAN)": 0.0, "composite_score": 0.222759583 }, "geometry": { "type": "Point", "coordinates": [ 35.750376882255331, 34.231637173986961 ] } },
{ "type": "Feature", "properties": { "rand_point_id": 708, "adm3_name1": "زان", "adm3_pcode": "34243", "Nighttime light radiance": 2.914999992, "Household Deprivation Score": 0.441002111, "Negative Coping Tendency": 1.6, "Unemployment rate": 12.4, "Population dependency ratio": 53.0, "Food insecurity level (IPC)": 0.12, "Poverty Level (Relative Vulnerability - AMAAN)": 0.0, "Poverty Level (Internal Vulnerability - AMAAN)": 0.0, "composite_score": 0.223072546 }, "geometry": { "type": "Point", "coordinates": [ 35.741658365977415, 34.223271190703514 ] } },
{ "type": "Feature", "properties": { "rand_point_id": 709, "adm3_name1": "فتاحات", "adm3_pcode": "34244", "Nighttime light radiance": 3.284999967, "Household Deprivation Score": 0.441002111, "Negative Coping Tendency": 1.6, "Unemployment rate": 12.4, "Population dependency ratio": 53.0, "Food insecurity level (IPC)": 0.12, "Poverty Level (Relative Vulnerability - AMAAN)": 0.0, "Poverty Level (Internal Vulnerability - AMAAN)": 0.0, "composite_score": 0.222896254 }, "geometry": { "type": "Point", "coordinates": [ 35.75802822548409, 34.230935683103375 ] } },
{ "type": "Feature", "properties": { "rand_point_id": 710, "adm3_name1": "كور", "adm3_pcode": "34246", "Nighttime light radiance": 3.757058817, "Household Deprivation Score": 0.441002111, "Negative Coping Tendency": 1.6, "Unemployment rate": 12.4, "Population dependency ratio": 53.0, "Food insecurity level (IPC)": 0.12, "Poverty Level (Relative Vulnerability - AMAAN)": 0.0, "Poverty Level (Internal Vulnerability - AMAAN)": 0.0, "composite_score": 0.222672193 }, "geometry": { "type": "Point", "coordinates": [ 35.734906959449503, 34.237223136382433 ] } },
{ "type": "Feature", "properties": { "rand_point_id": 711, "adm3_name1": "راشا", "adm3_pcode": "34247", "Nighttime light radiance": 1.655384596, "Household Deprivation Score": 0.441002111, "Negative Coping Tendency": 1.6, "Unemployment rate": 12.4, "Population dependency ratio": 53.0, "Food insecurity level (IPC)": 0.12, "Poverty Level (Relative Vulnerability - AMAAN)": 0.0, "Poverty Level (Internal Vulnerability - AMAAN)": 0.0, "composite_score": 0.223681499 }, "geometry": { "type": "Point", "coordinates": [ 35.789138784587038, 34.200189614894072 ] } },
{ "type": "Feature", "properties": { "rand_point_id": 712, "adm3_name1": "بسبينا", "adm3_pcode": "34249", "Nighttime light radiance": 26.26000023, "Household Deprivation Score": 0.441002111, "Negative Coping Tendency": 1.6, "Unemployment rate": 12.4, "Population dependency ratio": 53.0, "Food insecurity level (IPC)": 0.12, "Poverty Level (Relative Vulnerability - AMAAN)": 0.0, "Poverty Level (Internal Vulnerability - AMAAN)": 0.0, "composite_score": 0.211881677 }, "geometry": { "type": "Point", "coordinates": [ 35.704519220187748, 34.232037907720446 ] } },
{ "type": "Feature", "properties": { "rand_point_id": 713, "adm3_name1": "عرطز", "adm3_pcode": "34251", "Nighttime light radiance": 2.2099999979999998, "Household Deprivation Score": 0.441002111, "Negative Coping Tendency": 1.6, "Unemployment rate": 12.4, "Population dependency ratio": 53.0, "Food insecurity level (IPC)": 0.12, "Poverty Level (Relative Vulnerability - AMAAN)": 0.0, "Poverty Level (Internal Vulnerability - AMAAN)": 0.0, "composite_score": 0.223420212 }, "geometry": { "type": "Point", "coordinates": [ 35.749511056509498, 34.238166084186297 ] } },
{ "type": "Feature", "properties": { "rand_point_id": 714, "adm3_name1": "حربونا", "adm3_pcode": "34253", "Nighttime light radiance": 2.675000072, "Household Deprivation Score": 0.441002111, "Negative Coping Tendency": 1.6, "Unemployment rate": 12.4, "Population dependency ratio": 53.0, "Food insecurity level (IPC)": 0.12, "Poverty Level (Relative Vulnerability - AMAAN)": 0.0, "Poverty Level (Internal Vulnerability - AMAAN)": 0.0, "composite_score": 0.223199538 }, "geometry": { "type": "Point", "coordinates": [ 35.74569202327357, 34.238287418123015 ] } },
{ "type": "Feature", "properties": { "rand_point_id": 715, "adm3_name1": "مراح الحاج", "adm3_pcode": "34254", "Nighttime light radiance": 1.550000032, "Household Deprivation Score": 0.441002111, "Negative Coping Tendency": 1.6, "Unemployment rate": 12.4, "Population dependency ratio": 53.0, "Food insecurity level (IPC)": 0.12, "Poverty Level (Relative Vulnerability - AMAAN)": 0.0, "Poverty Level (Internal Vulnerability - AMAAN)": 0.0, "composite_score": 0.223740358 }, "geometry": { "type": "Point", "coordinates": [ 35.778434564326652, 34.211287340217666 ] } },
{ "type": "Feature", "properties": { "rand_point_id": 716, "adm3_name1": "مراح شديد", "adm3_pcode": "34256", "Nighttime light radiance": 3.8449999990000001, "Household Deprivation Score": 0.441002111, "Negative Coping Tendency": 1.6, "Unemployment rate": 12.4, "Population dependency ratio": 53.0, "Food insecurity level (IPC)": 0.12, "Poverty Level (Relative Vulnerability - AMAAN)": 0.0, "Poverty Level (Internal Vulnerability - AMAAN)": 0.0, "composite_score": 0.22264188 }, "geometry": { "type": "Point", "coordinates": [ 35.693309467766674, 34.223716860755971 ] } },
{ "type": "Feature", "properties": { "rand_point_id": 717, "adm3_name1": "كفر شليمان", "adm3_pcode": "34257", "Nighttime light radiance": 2.170000046, "Household Deprivation Score": 0.441002111, "Negative Coping Tendency": 1.6, "Unemployment rate": 12.4, "Population dependency ratio": 53.0, "Food insecurity level (IPC)": 0.12, "Poverty Level (Relative Vulnerability - AMAAN)": 0.0, "Poverty Level (Internal Vulnerability - AMAAN)": 0.0, "composite_score": 0.223446521 }, "geometry": { "type": "Point", "coordinates": [ 35.779261218797998, 34.230773743610186 ] } },
{ "type": "Feature", "properties": { "rand_point_id": 718, "adm3_name1": "إده البترون", "adm3_pcode": "34259", "Nighttime light radiance": 6.8199999990000002, "Household Deprivation Score": 0.441002111, "Negative Coping Tendency": 1.6, "Unemployment rate": 12.4, "Population dependency ratio": 53.0, "Food insecurity level (IPC)": 0.12, "Poverty Level (Relative Vulnerability - AMAAN)": 0.0, "Poverty Level (Internal Vulnerability - AMAAN)": 0.0, "composite_score": 0.221218411 }, "geometry": { "type": "Point", "coordinates": [ 35.683835712539839, 34.239867155472616 ] } },
{ "type": "Feature", "properties": { "rand_point_id": 719, "adm3_name1": "صورات", "adm3_pcode": "34261", "Nighttime light radiance": 2.204166681, "Household Deprivation Score": 0.441002111, "Negative Coping Tendency": 1.6, "Unemployment rate": 12.4, "Population dependency ratio": 53.0, "Food insecurity level (IPC)": 0.12, "Poverty Level (Relative Vulnerability - AMAAN)": 0.0, "Poverty Level (Internal Vulnerability - AMAAN)": 0.0, "composite_score": 0.22343488 }, "geometry": { "type": "Point", "coordinates": [ 35.763983149042375, 34.24196139093101 ] } },
{ "type": "Feature", "properties": { "rand_point_id": 720, "adm3_name1": "اسيا", "adm3_pcode": "34263", "Nighttime light radiance": 1.307777773, "Household Deprivation Score": 0.441002111, "Negative Coping Tendency": 1.6, "Unemployment rate": 12.4, "Population dependency ratio": 53.0, "Food insecurity level (IPC)": 0.12, "Poverty Level (Relative Vulnerability - AMAAN)": 0.0, "Poverty Level (Internal Vulnerability - AMAAN)": 0.0, "composite_score": 0.223867229 }, "geometry": { "type": "Point", "coordinates": [ 35.788449908559123, 34.217478258281162 ] } },
{ "type": "Feature", "properties": { "rand_point_id": 721, "adm3_name1": "بجدرفل", "adm3_pcode": "34264", "Nighttime light radiance": 5.12764707, "Household Deprivation Score": 0.441002111, "Negative Coping Tendency": 1.6, "Unemployment rate": 12.4, "Population dependency ratio": 53.0, "Food insecurity level (IPC)": 0.12, "Poverty Level (Relative Vulnerability - AMAAN)": 0.0, "Poverty Level (Internal Vulnerability - AMAAN)": 0.0, "composite_score": 0.222036124 }, "geometry": { "type": "Point", "coordinates": [ 35.726330714029586, 34.2576073151439 ] } },
{ "type": "Feature", "properties": { "rand_point_id": 722, "adm3_name1": "اجدبرا", "adm3_pcode": "34266", "Nighttime light radiance": 6.537333298, "Household Deprivation Score": 0.441002111, "Negative Coping Tendency": 1.6, "Unemployment rate": 12.4, "Population dependency ratio": 53.0, "Food insecurity level (IPC)": 0.12, "Poverty Level (Relative Vulnerability - AMAAN)": 0.0, "Poverty Level (Internal Vulnerability - AMAAN)": 0.0, "composite_score": 0.221362308 }, "geometry": { "type": "Point", "coordinates": [ 35.683690943571015, 34.244535621239962 ] } },
{ "type": "Feature", "properties": { "rand_point_id": 723, "adm3_name1": "حلتا", "adm3_pcode": "34267", "Nighttime light radiance": 1.842142846, "Household Deprivation Score": 0.441002111, "Negative Coping Tendency": 1.6, "Unemployment rate": 12.4, "Population dependency ratio": 53.0, "Food insecurity level (IPC)": 0.12, "Poverty Level (Relative Vulnerability - AMAAN)": 0.0, "Poverty Level (Internal Vulnerability - AMAAN)": 0.0, "composite_score": 0.223615656 }, "geometry": { "type": "Point", "coordinates": [ 35.787371698871731, 34.243678656875787 ] } },
{ "type": "Feature", "properties": { "rand_point_id": 724, "adm3_name1": "عبرين", "adm3_pcode": "34269", "Nighttime light radiance": 4.622500028, "Household Deprivation Score": 0.441002111, "Negative Coping Tendency": 1.6, "Unemployment rate": 12.4, "Population dependency ratio": 53.0, "Food insecurity level (IPC)": 0.12, "Poverty Level (Relative Vulnerability - AMAAN)": 0.001228279, "Poverty Level (Internal Vulnerability - AMAAN)": 0.373333333, "composite_score": 0.222322591 }, "geometry": { "type": "Point", "coordinates": [ 35.701968986652851, 34.271711261311637 ] } },
{ "type": "Feature", "properties": { "rand_point_id": 725, "adm3_name1": "كفرحي", "adm3_pcode": "34271", "Nighttime light radiance": 1.526785714, "Household Deprivation Score": 0.441002111, "Negative Coping Tendency": 1.6, "Unemployment rate": 12.4, "Population dependency ratio": 53.0, "Food insecurity level (IPC)": 0.12, "Poverty Level (Relative Vulnerability - AMAAN)": 0.0, "Poverty Level (Internal Vulnerability - AMAAN)": 0.0, "composite_score": 0.223771673 }, "geometry": { "type": "Point", "coordinates": [ 35.755685097206232, 34.25187573174312 ] } },
{ "type": "Feature", "properties": { "rand_point_id": 726, "adm3_name1": "نحلا البترون", "adm3_pcode": "34273", "Nighttime light radiance": 1.432500005, "Household Deprivation Score": 0.441002111, "Negative Coping Tendency": 1.6, "Unemployment rate": 12.4, "Population dependency ratio": 53.0, "Food insecurity level (IPC)": 0.12, "Poverty Level (Relative Vulnerability - AMAAN)": 0.0, "Poverty Level (Internal Vulnerability - AMAAN)": 0.0, "composite_score": 0.223819273 }, "geometry": { "type": "Point", "coordinates": [ 35.801009004356807, 34.219517756267855 ] } },
{ "type": "Feature", "properties": { "rand_point_id": 727, "adm3_name1": "جبلا", "adm3_pcode": "34274", "Nighttime light radiance": 1.424444444, "Household Deprivation Score": 0.441002111, "Negative Coping Tendency": 1.6, "Unemployment rate": 12.4, "Population dependency ratio": 53.0, "Food insecurity level (IPC)": 0.12, "Poverty Level (Relative Vulnerability - AMAAN)": 0.0, "Poverty Level (Internal Vulnerability - AMAAN)": 0.0, "composite_score": 0.223824324 }, "geometry": { "type": "Point", "coordinates": [ 35.785759631024369, 34.240561957037627 ] } },
{ "type": "Feature", "properties": { "rand_point_id": 728, "adm3_name1": "راشكيدا", "adm3_pcode": "34276", "Nighttime light radiance": 2.165500003, "Household Deprivation Score": 0.441002111, "Negative Coping Tendency": 1.6, "Unemployment rate": 12.4, "Population dependency ratio": 53.0, "Food insecurity level (IPC)": 0.12, "Poverty Level (Relative Vulnerability - AMAAN)": 0.004737648, "Poverty Level (Internal Vulnerability - AMAAN)": 5.018587361, "composite_score": 0.223634486 }, "geometry": { "type": "Point", "coordinates": [ 35.725273997492202, 34.259576885082403 ] } },
{ "type": "Feature", "properties": { "rand_point_id": 729, "adm3_name1": "بقسميا", "adm3_pcode": "34277", "Nighttime light radiance": 1.876666673, "Household Deprivation Score": 0.441002111, "Negative Coping Tendency": 1.6, "Unemployment rate": 12.4, "Population dependency ratio": 53.0, "Food insecurity level (IPC)": 0.12, "Poverty Level (Relative Vulnerability - AMAAN)": 0.0, "Poverty Level (Internal Vulnerability - AMAAN)": 0.0, "composite_score": 0.223610966 }, "geometry": { "type": "Point", "coordinates": [ 35.756915591619077, 34.256163578158947 ] } },
{ "type": "Feature", "properties": { "rand_point_id": 730, "adm3_name1": "داعل", "adm3_pcode": "34279", "Nighttime light radiance": 1.55250001, "Household Deprivation Score": 0.441002111, "Negative Coping Tendency": 1.6, "Unemployment rate": 12.4, "Population dependency ratio": 53.0, "Food insecurity level (IPC)": 0.12, "Poverty Level (Relative Vulnerability - AMAAN)": 0.0, "Poverty Level (Internal Vulnerability - AMAAN)": 0.0, "composite_score": 0.223768834 }, "geometry": { "type": "Point", "coordinates": [ 35.799595568816677, 34.247750250344055 ] } },
{ "type": "Feature", "properties": { "rand_point_id": 731, "adm3_name1": "كفر خلص", "adm3_pcode": "34281", "Nighttime light radiance": 2.85357144, "Household Deprivation Score": 0.441002111, "Negative Coping Tendency": 1.6, "Unemployment rate": 12.4, "Population dependency ratio": 53.0, "Food insecurity level (IPC)": 0.12, "Poverty Level (Relative Vulnerability - AMAAN)": 0.0, "Poverty Level (Internal Vulnerability - AMAAN)": 0.0, "composite_score": 0.223147118 }, "geometry": { "type": "Point", "coordinates": [ 35.680572636831812, 34.261278232768788 ] } },
{ "type": "Feature", "properties": { "rand_point_id": 732, "adm3_name1": "قرنعون", "adm3_pcode": "34283", "Nighttime light radiance": 3.581999969, "Household Deprivation Score": 0.441002111, "Negative Coping Tendency": 1.6, "Unemployment rate": 12.4, "Population dependency ratio": 53.0, "Food insecurity level (IPC)": 0.12, "Poverty Level (Relative Vulnerability - AMAAN)": 0.0, "Poverty Level (Internal Vulnerability - AMAAN)": 0.0, "composite_score": 0.222800084 }, "geometry": { "type": "Point", "coordinates": [ 35.690487929161534, 34.26940143933156 ] } },
{ "type": "Feature", "properties": { "rand_point_id": 733, "adm3_name1": "راس نحاش", "adm3_pcode": "34284", "Nighttime light radiance": 2.789130434, "Household Deprivation Score": 0.441002111, "Negative Coping Tendency": 1.6, "Unemployment rate": 12.4, "Population dependency ratio": 53.0, "Food insecurity level (IPC)": 0.12, "Poverty Level (Relative Vulnerability - AMAAN)": 0.011931855, "Poverty Level (Internal Vulnerability - AMAAN)": 4.133738602, "composite_score": 0.223555172 }, "geometry": { "type": "Point", "coordinates": [ 35.704202427151266, 34.285469931568919 ] } },
{ "type": "Feature", "properties": { "rand_point_id": 734, "adm3_name1": "وجه الحجر", "adm3_pcode": "34286", "Nighttime light radiance": 3.136999977, "Household Deprivation Score": 0.441002111, "Negative Coping Tendency": 1.6, "Unemployment rate": 12.4, "Population dependency ratio": 53.0, "Food insecurity level (IPC)": 0.12, "Poverty Level (Relative Vulnerability - AMAAN)": 0.0, "Poverty Level (Internal Vulnerability - AMAAN)": 0.0, "composite_score": 0.2230171 }, "geometry": { "type": "Point", "coordinates": [ 35.674698202351884, 34.28992400221167 ] } },
{ "type": "Feature", "properties": { "rand_point_id": 735, "adm3_name1": "حامات", "adm3_pcode": "34287", "Nighttime light radiance": 2.18249997, "Household Deprivation Score": 0.441002111, "Negative Coping Tendency": 1.6, "Unemployment rate": 12.4, "Population dependency ratio": 53.0, "Food insecurity level (IPC)": 0.12, "Poverty Level (Relative Vulnerability - AMAAN)": 0.00228109, "Poverty Level (Internal Vulnerability - AMAAN)": 0.531479967, "composite_score": 0.223546413 }, "geometry": { "type": "Point", "coordinates": [ 35.687936463471466, 34.291773325690187 ] } },
{ "type": "Feature", "properties": { "rand_point_id": 736, "adm3_name1": "دوما", "adm3_pcode": "34311", "Nighttime light radiance": 1.853548382, "Household Deprivation Score": 0.441002111, "Negative Coping Tendency": 1.6, "Unemployment rate": 12.4, "Population dependency ratio": 53.0, "Food insecurity level (IPC)": 0.12, "Poverty Level (Relative Vulnerability - AMAAN)": 0.002632027, "Poverty Level (Internal Vulnerability - AMAAN)": 0.815660685, "composite_score": 0.223744396 }, "geometry": { "type": "Point", "coordinates": [ 35.840185902726766, 34.211938659699221 ] } },
{ "type": "Feature", "properties": { "rand_point_id": 737, "adm3_name1": "بشعلة", "adm3_pcode": "34316", "Nighttime light radiance": 1.127714283, "Household Deprivation Score": 0.441002111, "Negative Coping Tendency": 1.6, "Unemployment rate": 12.4, "Population dependency ratio": 53.0, "Food insecurity level (IPC)": 0.12, "Poverty Level (Relative Vulnerability - AMAAN)": 0.001052811, "Poverty Level (Internal Vulnerability - AMAAN)": 1.162790698, "composite_score": 0.224053 }, "geometry": { "type": "Point", "coordinates": [ 35.813160446835724, 34.199971532447393 ] } },
{ "type": "Feature", "properties": { "rand_point_id": 738, "adm3_name1": "بيت شلالا", "adm3_pcode": "34321", "Nighttime light radiance": 1.916428604, "Household Deprivation Score": 0.441002111, "Negative Coping Tendency": 1.6, "Unemployment rate": 12.4, "Population dependency ratio": 53.0, "Food insecurity level (IPC)": 0.12, "Poverty Level (Relative Vulnerability - AMAAN)": 0.0, "Poverty Level (Internal Vulnerability - AMAAN)": 0.0, "composite_score": 0.223644121 }, "geometry": { "type": "Point", "coordinates": [ 35.844250168555185, 34.217976630857414 ] } },
{ "type": "Feature", "properties": { "rand_point_id": 739, "adm3_name1": "دير مار يوحنا دوما", "adm3_pcode": "34326", "Nighttime light radiance": 1.666666667, "Household Deprivation Score": 0.441002111, "Negative Coping Tendency": 1.6, "Unemployment rate": 12.4, "Population dependency ratio": 53.0, "Food insecurity level (IPC)": 0.12, "Poverty Level (Relative Vulnerability - AMAAN)": 0.0, "Poverty Level (Internal Vulnerability - AMAAN)": 0.0, "composite_score": 0.22376986 }, "geometry": { "type": "Point", "coordinates": [ 35.834798988642191, 34.220449893363906 ] } },
{ "type": "Feature", "properties": { "rand_point_id": 740, "adm3_name1": "بشتودار", "adm3_pcode": "34331", "Nighttime light radiance": 1.113333337, "Household Deprivation Score": 0.441002111, "Negative Coping Tendency": 1.6, "Unemployment rate": 12.4, "Population dependency ratio": 53.0, "Food insecurity level (IPC)": 0.12, "Poverty Level (Relative Vulnerability - AMAAN)": 0.002105621, "Poverty Level (Internal Vulnerability - AMAAN)": 2.321083172, "composite_score": 0.224114172 }, "geometry": { "type": "Point", "coordinates": [ 35.823320506012713, 34.22178405270742 ] } },
{ "type": "Feature", "properties": { "rand_point_id": 741, "adm3_name1": "كفر حلدا", "adm3_pcode": "34336", "Nighttime light radiance": 1.522941176, "Household Deprivation Score": 0.441002111, "Negative Coping Tendency": 1.6, "Unemployment rate": 12.4, "Population dependency ratio": 53.0, "Food insecurity level (IPC)": 0.12, "Poverty Level (Relative Vulnerability - AMAAN)": 0.0, "Poverty Level (Internal Vulnerability - AMAAN)": 0.0, "composite_score": 0.223850672 }, "geometry": { "type": "Point", "coordinates": [ 35.81985317330696, 34.237547661834832 ] } },
{ "type": "Feature", "properties": { "rand_point_id": 742, "adm3_name1": "كفور العربي", "adm3_pcode": "34341", "Nighttime light radiance": 1.041500007, "Household Deprivation Score": 0.441002111, "Negative Coping Tendency": 1.6, "Unemployment rate": 12.4, "Population dependency ratio": 53.0, "Food insecurity level (IPC)": 0.12, "Poverty Level (Relative Vulnerability - AMAAN)": 0.001930153, "Poverty Level (Internal Vulnerability - AMAAN)": 2.588235294, "composite_score": 0.224156454 }, "geometry": { "type": "Point", "coordinates": [ 35.870752068927686, 34.221785171008506 ] } },
{ "type": "Feature", "properties": { "rand_point_id": 743, "adm3_name1": "الرام البترون", "adm3_pcode": "34346", "Nighttime light radiance": 1.955714311, "Household Deprivation Score": 0.441002111, "Negative Coping Tendency": 1.6, "Unemployment rate": 12.4, "Population dependency ratio": 53.0, "Food insecurity level (IPC)": 0.12, "Poverty Level (Relative Vulnerability - AMAAN)": 0.0, "Poverty Level (Internal Vulnerability - AMAAN)": 0.0, "composite_score": 0.223654952 }, "geometry": { "type": "Point", "coordinates": [ 35.801317326251286, 34.182554530794185 ] } },
{ "type": "Feature", "properties": { "rand_point_id": 744, "adm3_name1": "حدتون", "adm3_pcode": "34351", "Nighttime light radiance": 1.7599999989999999, "Household Deprivation Score": 0.441002111, "Negative Coping Tendency": 1.6, "Unemployment rate": 12.4, "Population dependency ratio": 53.0, "Food insecurity level (IPC)": 0.12, "Poverty Level (Relative Vulnerability - AMAAN)": 0.0, "Poverty Level (Internal Vulnerability - AMAAN)": 0.0, "composite_score": 0.223754766 }, "geometry": { "type": "Point", "coordinates": [ 35.809284086196079, 34.194762517615352 ] } },
{ "type": "Feature", "properties": { "rand_point_id": 745, "adm3_name1": "تنورين التحتا", "adm3_pcode": "34356", "Nighttime light radiance": 1.193829782, "Household Deprivation Score": 0.441002111, "Negative Coping Tendency": 1.6, "Unemployment rate": 12.4, "Population dependency ratio": 53.0, "Food insecurity level (IPC)": 0.12, "Poverty Level (Relative Vulnerability - AMAAN)": 0.001403748, "Poverty Level (Internal Vulnerability - AMAAN)": 0.711111111, "composite_score": 0.224077222 }, "geometry": { "type": "Point", "coordinates": [ 35.905451602627039, 34.204770831904561 ] } },
{ "type": "Feature", "properties": { "rand_point_id": 746, "adm3_name1": "حردين", "adm3_pcode": "34361", "Nighttime light radiance": 0.901944447, "Household Deprivation Score": 0.441002111, "Negative Coping Tendency": 1.6, "Unemployment rate": 12.4, "Population dependency ratio": 53.0, "Food insecurity level (IPC)": 0.12, "Poverty Level (Relative Vulnerability - AMAAN)": 0.0, "Poverty Level (Internal Vulnerability - AMAAN)": 0.0, "composite_score": 0.224178223 }, "geometry": { "type": "Point", "coordinates": [ 35.849445956386297, 34.239553365096612 ] } },
{ "type": "Feature", "properties": { "rand_point_id": 747, "adm3_name1": "شاتين", "adm3_pcode": "34366", "Nighttime light radiance": 1.290512815, "Household Deprivation Score": 0.441002111, "Negative Coping Tendency": 1.6, "Unemployment rate": 12.4, "Population dependency ratio": 53.0, "Food insecurity level (IPC)": 0.12, "Poverty Level (Relative Vulnerability - AMAAN)": 0.0, "Poverty Level (Internal Vulnerability - AMAAN)": 0.0, "composite_score": 0.223997772 }, "geometry": { "type": "Point", "coordinates": [ 35.874357868329547, 34.184166350455193 ] } },
{ "type": "Feature", "properties": { "rand_point_id": 748, "adm3_name1": "بيت كسّاب", "adm3_pcode": "34371", "Nighttime light radiance": 0.865000002, "Household Deprivation Score": 0.441002111, "Negative Coping Tendency": 1.6, "Unemployment rate": 12.4, "Population dependency ratio": 53.0, "Food insecurity level (IPC)": 0.12, "Poverty Level (Relative Vulnerability - AMAAN)": 0.0, "Poverty Level (Internal Vulnerability - AMAAN)": 0.0, "composite_score": 0.224207814 }, "geometry": { "type": "Point", "coordinates": [ 35.852746645704222, 34.246117315098211 ] } },
{ "type": "Feature", "properties": { "rand_point_id": 749, "adm3_name1": "ديربلا", "adm3_pcode": "34374", "Nighttime light radiance": 1.401428563, "Household Deprivation Score": 0.441002111, "Negative Coping Tendency": 1.6, "Unemployment rate": 12.4, "Population dependency ratio": 53.0, "Food insecurity level (IPC)": 0.12, "Poverty Level (Relative Vulnerability - AMAAN)": 0.001754685, "Poverty Level (Internal Vulnerability - AMAAN)": 1.303780965, "composite_score": 0.224012077 }, "geometry": { "type": "Point", "coordinates": [ 35.825659302560219, 34.254804624883676 ] } },
{ "type": "Feature", "properties": { "rand_point_id": 750, "adm3_name1": "نيحا البترون", "adm3_pcode": "34376", "Nighttime light radiance": 0.641666662, "Household Deprivation Score": 0.441002111, "Negative Coping Tendency": 1.6, "Unemployment rate": 12.4, "Population dependency ratio": 53.0, "Food insecurity level (IPC)": 0.12, "Poverty Level (Relative Vulnerability - AMAAN)": 0.001052811, "Poverty Level (Internal Vulnerability - AMAAN)": 2.666666667, "composite_score": 0.224364008 }, "geometry": { "type": "Point", "coordinates": [ 35.881165059483415, 34.229422347899842 ] } },
{ "type": "Feature", "properties": { "rand_point_id": 751, "adm3_name1": "وطى حوب", "adm3_pcode": "34381", "Nighttime light radiance": 1.410476185, "Household Deprivation Score": 0.441002111, "Negative Coping Tendency": 1.6, "Unemployment rate": 12.4, "Population dependency ratio": 53.0, "Food insecurity level (IPC)": 0.12, "Poverty Level (Relative Vulnerability - AMAAN)": 0.001403748, "Poverty Level (Internal Vulnerability - AMAAN)": 1.007556675, "composite_score": 0.224004287 }, "geometry": { "type": "Point", "coordinates": [ 35.906016470661541, 34.197040062856459 ] } },
{ "type": "Feature", "properties": { "rand_point_id": 752, "adm3_name1": "تنورين الفوقا", "adm3_pcode": "34386", "Nighttime light radiance": 0.799736147, "Household Deprivation Score": 0.441002111, "Negative Coping Tendency": 1.6, "Unemployment rate": 12.4, "Population dependency ratio": 53.0, "Food insecurity level (IPC)": 0.12, "Poverty Level (Relative Vulnerability - AMAAN)": 0.003509369, "Poverty Level (Internal Vulnerability - AMAAN)": 0.790826414, "composite_score": 0.224364925 }, "geometry": { "type": "Point", "coordinates": [ 35.921605262606612, 34.190963460274979 ] } },
{ "type": "Feature", "properties": { "rand_point_id": 753, "adm3_name1": null, "adm3_pcode": "35001", "Nighttime light radiance": null, "Household Deprivation Score": null, "Negative Coping Tendency": null, "Unemployment rate": null, "Population dependency ratio": null, "Food insecurity level (IPC)": null, "Poverty Level (Relative Vulnerability - AMAAN)": null, "Poverty Level (Internal Vulnerability - AMAAN)": null, "composite_score": null }, "geometry": { "type": "Point", "coordinates": [ 36.115864062584123, 34.633383176580928 ] } },
{ "type": "Feature", "properties": { "rand_point_id": 754, "adm3_name1": null, "adm3_pcode": "35002", "Nighttime light radiance": null, "Household Deprivation Score": null, "Negative Coping Tendency": null, "Unemployment rate": null, "Population dependency ratio": null, "Food insecurity level (IPC)": null, "Poverty Level (Relative Vulnerability - AMAAN)": null, "Poverty Level (Internal Vulnerability - AMAAN)": null, "composite_score": null }, "geometry": { "type": "Point", "coordinates": [ 36.261167115987568, 34.491421455919109 ] } },
{ "type": "Feature", "properties": { "rand_point_id": 755, "adm3_name1": null, "adm3_pcode": "35003", "Nighttime light radiance": null, "Household Deprivation Score": null, "Negative Coping Tendency": null, "Unemployment rate": null, "Population dependency ratio": null, "Food insecurity level (IPC)": null, "Poverty Level (Relative Vulnerability - AMAAN)": null, "Poverty Level (Internal Vulnerability - AMAAN)": null, "composite_score": null }, "geometry": { "type": "Point", "coordinates": [ 36.264685553505778, 34.498609739131901 ] } },
{ "type": "Feature", "properties": { "rand_point_id": 756, "adm3_name1": "حلبا", "adm3_pcode": "35111", "Nighttime light radiance": 5.1403125, "Household Deprivation Score": 0.74189455, "Negative Coping Tendency": 16.225, "Unemployment rate": 9.3, "Population dependency ratio": 57.4, "Food insecurity level (IPC)": 0.27, "Poverty Level (Relative Vulnerability - AMAAN)": 0.345321923, "Poverty Level (Internal Vulnerability - AMAAN)": 12.38047307, "composite_score": 0.539041846 }, "geometry": { "type": "Point", "coordinates": [ 36.069775041031207, 34.56488865097969 ] } },
{ "type": "Feature", "properties": { "rand_point_id": 757, "adm3_name1": "الشيخ محمد", "adm3_pcode": "35113", "Nighttime light radiance": 4.679999948, "Household Deprivation Score": 0.74189455, "Negative Coping Tendency": 16.225, "Unemployment rate": 9.3, "Population dependency ratio": 57.4, "Food insecurity level (IPC)": 0.27, "Poverty Level (Relative Vulnerability - AMAAN)": 0.017195909, "Poverty Level (Internal Vulnerability - AMAAN)": 3.119032463, "composite_score": 0.52945275 }, "geometry": { "type": "Point", "coordinates": [ 36.083149365416581, 34.552420848635343 ] } },
{ "type": "Feature", "properties": { "rand_point_id": 758, "adm3_name1": "النفيسة", "adm3_pcode": "35115", "Nighttime light radiance": 4.573999977, "Household Deprivation Score": 0.74189455, "Negative Coping Tendency": 16.225, "Unemployment rate": 9.3, "Population dependency ratio": 57.4, "Food insecurity level (IPC)": 0.27, "Poverty Level (Relative Vulnerability - AMAAN)": 0.002105621, "Poverty Level (Internal Vulnerability - AMAAN)": 1.183431953, "composite_score": 0.529048041 }, "geometry": { "type": "Point", "coordinates": [ 36.088094165073755, 34.54756924702555 ] } },
{ "type": "Feature", "properties": { "rand_point_id": 759, "adm3_name1": "عدبل", "adm3_pcode": "35117", "Nighttime light radiance": 2.957000017, "Household Deprivation Score": 0.74189455, "Negative Coping Tendency": 16.225, "Unemployment rate": 9.3, "Population dependency ratio": 57.4, "Food insecurity level (IPC)": 0.27, "Poverty Level (Relative Vulnerability - AMAAN)": 0.010703576, "Poverty Level (Internal Vulnerability - AMAAN)": 3.448275862, "composite_score": 0.530092094 }, "geometry": { "type": "Point", "coordinates": [ 36.09227427049958, 34.531407761543647 ] } },
{ "type": "Feature", "properties": { "rand_point_id": 760, "adm3_name1": "كروم العرب", "adm3_pcode": "35119", "Nighttime light radiance": 3.764999986, "Household Deprivation Score": 0.74189455, "Negative Coping Tendency": 16.225, "Unemployment rate": 9.3, "Population dependency ratio": 57.4, "Food insecurity level (IPC)": 0.27, "Poverty Level (Relative Vulnerability - AMAAN)": 0.041059619, "Poverty Level (Internal Vulnerability - AMAAN)": 25.40716612, "composite_score": 0.530707876 }, "geometry": { "type": "Point", "coordinates": [ 36.091828119678688, 34.558838208583815 ] } },
{ "type": "Feature", "properties": { "rand_point_id": 761, "adm3_name1": "الشيخ طابا السهل", "adm3_pcode": "35121", "Nighttime light radiance": 1.898000002, "Household Deprivation Score": 0.74189455, "Negative Coping Tendency": 16.225, "Unemployment rate": 9.3, "Population dependency ratio": 57.4, "Food insecurity level (IPC)": 0.27, "Poverty Level (Relative Vulnerability - AMAAN)": 0.013160134, "Poverty Level (Internal Vulnerability - AMAAN)": 40.54054054, "composite_score": 0.530841827 }, "geometry": { "type": "Point", "coordinates": [ 36.066973011456426, 34.548047985148166 ] } },
{ "type": "Feature", "properties": { "rand_point_id": 762, "adm3_name1": "الشيخ طابا", "adm3_pcode": "35123", "Nighttime light radiance": 4.044444402, "Household Deprivation Score": 0.74189455, "Negative Coping Tendency": 16.225, "Unemployment rate": 9.3, "Population dependency ratio": 57.4, "Food insecurity level (IPC)": 0.27, "Poverty Level (Relative Vulnerability - AMAAN)": 0.013511071, "Poverty Level (Internal Vulnerability - AMAAN)": 3.293413174, "composite_score": 0.529660518 }, "geometry": { "type": "Point", "coordinates": [ 36.074660147454146, 34.533721680523648 ] } },
{ "type": "Feature", "properties": { "rand_point_id": 763, "adm3_name1": "جديدة الجومه", "adm3_pcode": "35125", "Nighttime light radiance": 4.689999938, "Household Deprivation Score": 0.74189455, "Negative Coping Tendency": 16.225, "Unemployment rate": 9.3, "Population dependency ratio": 57.4, "Food insecurity level (IPC)": 0.27, "Poverty Level (Relative Vulnerability - AMAAN)": 0.009826234, "Poverty Level (Internal Vulnerability - AMAAN)": 2.148062908, "composite_score": 0.529238444 }, "geometry": { "type": "Point", "coordinates": [ 36.064553977793402, 34.53384741582687 ] } },
{ "type": "Feature", "properties": { "rand_point_id": 764, "adm3_name1": "الدوره", "adm3_pcode": "35126", "Nighttime light radiance": 1.412750001, "Household Deprivation Score": 0.74189455, "Negative Coping Tendency": 16.225, "Unemployment rate": 9.3, "Population dependency ratio": 57.4, "Food insecurity level (IPC)": 0.27, "Poverty Level (Relative Vulnerability - AMAAN)": 0.124056199, "Poverty Level (Internal Vulnerability - AMAAN)": 27.82369146, "composite_score": 0.534326752 }, "geometry": { "type": "Point", "coordinates": [ 36.210720570360387, 34.555262043109813 ] } },
{ "type": "Feature", "properties": { "rand_point_id": 765, "adm3_name1": "الزواريب", "adm3_pcode": "35127", "Nighttime light radiance": 4.716666698, "Household Deprivation Score": 0.74189455, "Negative Coping Tendency": 16.225, "Unemployment rate": 9.3, "Population dependency ratio": 57.4, "Food insecurity level (IPC)": 0.27, "Poverty Level (Relative Vulnerability - AMAAN)": 0.007018738, "Poverty Level (Internal Vulnerability - AMAAN)": 1.874414246, "composite_score": 0.529143213 }, "geometry": { "type": "Point", "coordinates": [ 36.069824581506573, 34.526593823039178 ] } },
{ "type": "Feature", "properties": { "rand_point_id": 766, "adm3_name1": "المجدل عكار", "adm3_pcode": "35128", "Nighttime light radiance": 0.953333335, "Household Deprivation Score": 0.74189455, "Negative Coping Tendency": 16.225, "Unemployment rate": 9.3, "Population dependency ratio": 57.4, "Food insecurity level (IPC)": 0.27, "Poverty Level (Relative Vulnerability - AMAAN)": 0.344970986, "Poverty Level (Internal Vulnerability - AMAAN)": 174.1364039, "composite_score": 0.541774517 }, "geometry": { "type": "Point", "coordinates": [ 36.214904463953189, 34.577309624834307 ] } },
{ "type": "Feature", "properties": { "rand_point_id": 767, "adm3_name1": "منيارة", "adm3_pcode": "35129", "Nighttime light radiance": 6.63833338, "Household Deprivation Score": 0.74189455, "Negative Coping Tendency": 16.225, "Unemployment rate": 9.3, "Population dependency ratio": 57.4, "Food insecurity level (IPC)": 0.27, "Poverty Level (Relative Vulnerability - AMAAN)": 0.027373079, "Poverty Level (Internal Vulnerability - AMAAN)": 2.309058615, "composite_score": 0.528831871 }, "geometry": { "type": "Point", "coordinates": [ 36.061068507723455, 34.539948597012497 ] } },
{ "type": "Feature", "properties": { "rand_point_id": 768, "adm3_name1": "مشيلحة الحاكور", "adm3_pcode": "35131", "Nighttime light radiance": 3.095000029, "Household Deprivation Score": 0.74189455, "Negative Coping Tendency": 16.225, "Unemployment rate": 9.3, "Population dependency ratio": 57.4, "Food insecurity level (IPC)": 0.27, "Poverty Level (Relative Vulnerability - AMAAN)": 0.001754685, "Poverty Level (Internal Vulnerability - AMAAN)": 1.560062402, "composite_score": 0.529767684 }, "geometry": { "type": "Point", "coordinates": [ 36.051790143604663, 34.526528186323482 ] } },
{ "type": "Feature", "properties": { "rand_point_id": 769, "adm3_name1": "كرم عصفور", "adm3_pcode": "35133", "Nighttime light radiance": 3.092000008, "Household Deprivation Score": 0.74189455, "Negative Coping Tendency": 16.225, "Unemployment rate": 9.3, "Population dependency ratio": 57.4, "Food insecurity level (IPC)": 0.27, "Poverty Level (Relative Vulnerability - AMAAN)": 0.001754685, "Poverty Level (Internal Vulnerability - AMAAN)": 1.328021248, "composite_score": 0.529770472 }, "geometry": { "type": "Point", "coordinates": [ 36.060818862623869, 34.527425784526194 ] } },
{ "type": "Feature", "properties": { "rand_point_id": 770, "adm3_name1": "بيت غطاس", "adm3_pcode": "35134", "Nighttime light radiance": 2.497206202, "Household Deprivation Score": 0.74189455, "Negative Coping Tendency": 16.225, "Unemployment rate": 9.3, "Population dependency ratio": 57.4, "Food insecurity level (IPC)": 0.27, "Poverty Level (Relative Vulnerability - AMAAN)": 0.0, "Poverty Level (Internal Vulnerability - AMAAN)": 0.0, "composite_score": 0.529998846 }, "geometry": { "type": "Point", "coordinates": [ 36.059939947094264, 34.525038421245569 ] } },
{ "type": "Feature", "properties": { "rand_point_id": 771, "adm3_name1": "القنطرة", "adm3_pcode": "35135", "Nighttime light radiance": 1.750909079, "Household Deprivation Score": 0.74189455, "Negative Coping Tendency": 16.225, "Unemployment rate": 9.3, "Population dependency ratio": 57.4, "Food insecurity level (IPC)": 0.27, "Poverty Level (Relative Vulnerability - AMAAN)": 0.018073251, "Poverty Level (Internal Vulnerability - AMAAN)": 13.57048748, "composite_score": 0.530956169 }, "geometry": { "type": "Point", "coordinates": [ 36.069375443033529, 34.520207249471419 ] } },
{ "type": "Feature", "properties": { "rand_point_id": 772, "adm3_name1": "مشحة", "adm3_pcode": "35137", "Nighttime light radiance": 2.420000012, "Household Deprivation Score": 0.74189455, "Negative Coping Tendency": 16.225, "Unemployment rate": 9.3, "Population dependency ratio": 57.4, "Food insecurity level (IPC)": 0.27, "Poverty Level (Relative Vulnerability - AMAAN)": 0.225301499, "Poverty Level (Internal Vulnerability - AMAAN)": 23.85287015, "composite_score": 0.536854129 }, "geometry": { "type": "Point", "coordinates": [ 36.128064178434691, 34.542869949149782 ] } },
{ "type": "Feature", "properties": { "rand_point_id": 773, "adm3_name1": "حيزوق", "adm3_pcode": "35139", "Nighttime light radiance": 2.365882369, "Household Deprivation Score": 0.74189455, "Negative Coping Tendency": 16.225, "Unemployment rate": 9.3, "Population dependency ratio": 57.4, "Food insecurity level (IPC)": 0.27, "Poverty Level (Relative Vulnerability - AMAAN)": 0.038252124, "Poverty Level (Internal Vulnerability - AMAAN)": 14.66039005, "composite_score": 0.531271657 }, "geometry": { "type": "Point", "coordinates": [ 36.126708464203098, 34.552583908192126 ] } },
{ "type": "Feature", "properties": { "rand_point_id": 774, "adm3_name1": "عرقا", "adm3_pcode": "35141", "Nighttime light radiance": 2.820408152, "Household Deprivation Score": 0.74189455, "Negative Coping Tendency": 16.225, "Unemployment rate": 9.3, "Population dependency ratio": 57.4, "Food insecurity level (IPC)": 0.27, "Poverty Level (Relative Vulnerability - AMAAN)": 0.095279372, "Poverty Level (Internal Vulnerability - AMAAN)": 9.903337589, "composite_score": 0.532733223 }, "geometry": { "type": "Point", "coordinates": [ 36.042387022696388, 34.552089342391781 ] } },
{ "type": "Feature", "properties": { "rand_point_id": 775, "adm3_name1": "السويسة", "adm3_pcode": "35143", "Nighttime light radiance": 2.2900000020000002, "Household Deprivation Score": 0.74189455, "Negative Coping Tendency": 16.225, "Unemployment rate": 9.3, "Population dependency ratio": 57.4, "Food insecurity level (IPC)": 0.27, "Poverty Level (Relative Vulnerability - AMAAN)": 0.133356027, "Poverty Level (Internal Vulnerability - AMAAN)": 58.86909373, "composite_score": 0.534340222 }, "geometry": { "type": "Point", "coordinates": [ 36.122789755925574, 34.551596018300984 ] } },
{ "type": "Feature", "properties": { "rand_point_id": 776, "adm3_name1": "ايلات", "adm3_pcode": "35145", "Nighttime light radiance": 1.4100000029999999, "Household Deprivation Score": 0.74189455, "Negative Coping Tendency": 16.225, "Unemployment rate": 9.3, "Population dependency ratio": 57.4, "Food insecurity level (IPC)": 0.27, "Poverty Level (Relative Vulnerability - AMAAN)": 0.028776827, "Poverty Level (Internal Vulnerability - AMAAN)": 15.63393708, "composite_score": 0.531459424 }, "geometry": { "type": "Point", "coordinates": [ 36.105644135064026, 34.527193137857786 ] } },
{ "type": "Feature", "properties": { "rand_point_id": 777, "adm3_name1": "بقرزلا", "adm3_pcode": "35147", "Nighttime light radiance": 2.15659575, "Household Deprivation Score": 0.74189455, "Negative Coping Tendency": 16.225, "Unemployment rate": 9.3, "Population dependency ratio": 57.4, "Food insecurity level (IPC)": 0.27, "Poverty Level (Relative Vulnerability - AMAAN)": 0.013511071, "Poverty Level (Internal Vulnerability - AMAAN)": 2.93668955, "composite_score": 0.530592982 }, "geometry": { "type": "Point", "coordinates": [ 36.070802087200498, 34.510047257225473 ] } },
{ "type": "Feature", "properties": { "rand_point_id": 778, "adm3_name1": "دير دلوم", "adm3_pcode": "35149", "Nighttime light radiance": 7.164736923, "Household Deprivation Score": 0.74189455, "Negative Coping Tendency": 16.225, "Unemployment rate": 9.3, "Population dependency ratio": 57.4, "Food insecurity level (IPC)": 0.27, "Poverty Level (Relative Vulnerability - AMAAN)": 0.45937642, "Poverty Level (Internal Vulnerability - AMAAN)": 32.83170303, "composite_score": 0.541602693 }, "geometry": { "type": "Point", "coordinates": [ 36.019747280819303, 34.52700966466336 ] } },
{ "type": "Feature", "properties": { "rand_point_id": 779, "adm3_name1": "ذوق الحصينة", "adm3_pcode": "35151", "Nighttime light radiance": 3.753999949, "Household Deprivation Score": 0.74189455, "Negative Coping Tendency": 16.225, "Unemployment rate": 9.3, "Population dependency ratio": 57.4, "Food insecurity level (IPC)": 0.27, "Poverty Level (Relative Vulnerability - AMAAN)": 0.27408173, "Poverty Level (Internal Vulnerability - AMAAN)": 90.81395349, "composite_score": 0.537979303 }, "geometry": { "type": "Point", "coordinates": [ 36.042459616813879, 34.525025610608274 ] } },
{ "type": "Feature", "properties": { "rand_point_id": 780, "adm3_name1": "ذوق الحبالصة", "adm3_pcode": "35153", "Nighttime light radiance": 2.892499983, "Household Deprivation Score": 0.74189455, "Negative Coping Tendency": 16.225, "Unemployment rate": 9.3, "Population dependency ratio": 57.4, "Food insecurity level (IPC)": 0.27, "Poverty Level (Relative Vulnerability - AMAAN)": 0.0261448, "Poverty Level (Internal Vulnerability - AMAAN)": 23.42767296, "composite_score": 0.530713853 }, "geometry": { "type": "Point", "coordinates": [ 36.039739713577667, 34.513514142136771 ] } },
{ "type": "Feature", "properties": { "rand_point_id": 781, "adm3_name1": "ضهر ليسينه", "adm3_pcode": "35155", "Nighttime light radiance": 2.471249998, "Household Deprivation Score": 0.74189455, "Negative Coping Tendency": 16.225, "Unemployment rate": 9.3, "Population dependency ratio": 57.4, "Food insecurity level (IPC)": 0.27, "Poverty Level (Relative Vulnerability - AMAAN)": 0.004386711, "Poverty Level (Internal Vulnerability - AMAAN)": 4.071661238, "composite_score": 0.530184844 }, "geometry": { "type": "Point", "coordinates": [ 36.137153877478404, 34.543003226568175 ] } },
{ "type": "Feature", "properties": { "rand_point_id": 782, "adm3_name1": "كفرحره", "adm3_pcode": "35157", "Nighttime light radiance": 1.66444444, "Household Deprivation Score": 0.74189455, "Negative Coping Tendency": 16.225, "Unemployment rate": 9.3, "Population dependency ratio": 57.4, "Food insecurity level (IPC)": 0.27, "Poverty Level (Relative Vulnerability - AMAAN)": 0.003158432, "Poverty Level (Internal Vulnerability - AMAAN)": 5.538461538, "composite_score": 0.530544124 }, "geometry": { "type": "Point", "coordinates": [ 36.136005378405983, 34.564474743261393 ] } },
{ "type": "Feature", "properties": { "rand_point_id": 783, "adm3_name1": "بلدي", "adm3_pcode": "35158", "Nighttime light radiance": 2.153636358, "Household Deprivation Score": 0.74189455, "Negative Coping Tendency": 16.225, "Unemployment rate": 9.3, "Population dependency ratio": 57.4, "Food insecurity level (IPC)": 0.27, "Poverty Level (Relative Vulnerability - AMAAN)": 0.052640537, "Poverty Level (Internal Vulnerability - AMAAN)": 25.75107296, "composite_score": 0.531873489 }, "geometry": { "type": "Point", "coordinates": [ 36.151832178374171, 34.554508542736954 ] } },
{ "type": "Feature", "properties": { "rand_point_id": 784, "adm3_name1": "ذوق حدارة", "adm3_pcode": "35159", "Nighttime light radiance": 3.332499981, "Household Deprivation Score": 0.74189455, "Negative Coping Tendency": 16.225, "Unemployment rate": 9.3, "Population dependency ratio": 57.4, "Food insecurity level (IPC)": 0.27, "Poverty Level (Relative Vulnerability - AMAAN)": 0.025267458, "Poverty Level (Internal Vulnerability - AMAAN)": 24.04006678, "composite_score": 0.530486497 }, "geometry": { "type": "Point", "coordinates": [ 36.032644411918433, 34.512316590436491 ] } },
{ "type": "Feature", "properties": { "rand_point_id": 785, "adm3_name1": "ذوق المقشرين", "adm3_pcode": "35161", "Nighttime light radiance": 4.914999962, "Household Deprivation Score": 0.74189455, "Negative Coping Tendency": 16.225, "Unemployment rate": 9.3, "Population dependency ratio": 57.4, "Food insecurity level (IPC)": 0.27, "Poverty Level (Relative Vulnerability - AMAAN)": 0.004211243, "Poverty Level (Internal Vulnerability - AMAAN)": 5.183585313, "composite_score": 0.529019449 }, "geometry": { "type": "Point", "coordinates": [ 36.025646629473833, 34.519023089682449 ] } },
{ "type": "Feature", "properties": { "rand_point_id": 786, "adm3_name1": "جبرائيل", "adm3_pcode": "35163", "Nighttime light radiance": 1.466250017, "Household Deprivation Score": 0.74189455, "Negative Coping Tendency": 16.225, "Unemployment rate": 9.3, "Population dependency ratio": 57.4, "Food insecurity level (IPC)": 0.27, "Poverty Level (Relative Vulnerability - AMAAN)": 0.010528107, "Poverty Level (Internal Vulnerability - AMAAN)": 4.672897196, "composite_score": 0.530861955 }, "geometry": { "type": "Point", "coordinates": [ 36.118410846879755, 34.518804740566672 ] } },
{ "type": "Feature", "properties": { "rand_point_id": 787, "adm3_name1": "مار توما", "adm3_pcode": "35167", "Nighttime light radiance": 4.130000012, "Household Deprivation Score": 0.74189455, "Negative Coping Tendency": 16.225, "Unemployment rate": 9.3, "Population dependency ratio": 57.4, "Food insecurity level (IPC)": 0.27, "Poverty Level (Relative Vulnerability - AMAAN)": 0.062291302, "Poverty Level (Internal Vulnerability - AMAAN)": 33.7773549, "composite_score": 0.531259011 }, "geometry": { "type": "Point", "coordinates": [ 36.017451183462349, 34.517884070534812 ] } },
{ "type": "Feature", "properties": { "rand_point_id": 788, "adm3_name1": "الهد", "adm3_pcode": "35169", "Nighttime light radiance": 1.841428569, "Household Deprivation Score": 0.74189455, "Negative Coping Tendency": 16.225, "Unemployment rate": 9.3, "Population dependency ratio": 57.4, "Food insecurity level (IPC)": 0.27, "Poverty Level (Relative Vulnerability - AMAAN)": 0.0, "Poverty Level (Internal Vulnerability - AMAAN)": 0.0, "composite_score": 0.530354951 }, "geometry": { "type": "Point", "coordinates": [ 36.162850204142778, 34.560772484673329 ] } },
{ "type": "Feature", "properties": { "rand_point_id": 789, "adm3_name1": "تكريت", "adm3_pcode": "35171", "Nighttime light radiance": 2.193333344, "Household Deprivation Score": 0.74189455, "Negative Coping Tendency": 16.225, "Unemployment rate": 9.3, "Population dependency ratio": 57.4, "Food insecurity level (IPC)": 0.27, "Poverty Level (Relative Vulnerability - AMAAN)": 0.279872189, "Poverty Level (Internal Vulnerability - AMAAN)": 27.85539644, "composite_score": 0.53864597 }, "geometry": { "type": "Point", "coordinates": [ 36.148783353447904, 34.531247501611027 ] } },
{ "type": "Feature", "properties": { "rand_point_id": 790, "adm3_name1": "شطاحة", "adm3_pcode": "35173", "Nighttime light radiance": 3.548328257, "Household Deprivation Score": 0.74189455, "Negative Coping Tendency": 16.225, "Unemployment rate": 9.3, "Population dependency ratio": 57.4, "Food insecurity level (IPC)": 0.27, "Poverty Level (Relative Vulnerability - AMAAN)": 0.0, "Poverty Level (Internal Vulnerability - AMAAN)": 0.0, "composite_score": 0.529540944 }, "geometry": { "type": "Point", "coordinates": [ 36.170289233156289, 34.533379221409177 ] } },
{ "type": "Feature", "properties": { "rand_point_id": 791, "adm3_name1": "بيت ملات", "adm3_pcode": "35174", "Nighttime light radiance": 2.4, "Household Deprivation Score": 0.74189455, "Negative Coping Tendency": 16.225, "Unemployment rate": 9.3, "Population dependency ratio": 57.4, "Food insecurity level (IPC)": 0.27, "Poverty Level (Relative Vulnerability - AMAAN)": 0.002807495, "Poverty Level (Internal Vulnerability - AMAAN)": 1.557935735, "composite_score": 0.530183441 }, "geometry": { "type": "Point", "coordinates": [ 36.155664107385235, 34.535452245526386 ] } },
{ "type": "Feature", "properties": { "rand_point_id": 792, "adm3_name1": "بينو", "adm3_pcode": "35175", "Nighttime light radiance": 1.33727273, "Household Deprivation Score": 0.74189455, "Negative Coping Tendency": 16.225, "Unemployment rate": 9.3, "Population dependency ratio": 57.4, "Food insecurity level (IPC)": 0.27, "Poverty Level (Relative Vulnerability - AMAAN)": 0.024390116, "Poverty Level (Internal Vulnerability - AMAAN)": 6.261261261, "composite_score": 0.531357883 }, "geometry": { "type": "Point", "coordinates": [ 36.197176278598981, 34.548459009885484 ] } },
{ "type": "Feature", "properties": { "rand_point_id": 793, "adm3_name1": "العيون", "adm3_pcode": "35177", "Nighttime light radiance": 3.514999986, "Household Deprivation Score": 0.74189455, "Negative Coping Tendency": 16.225, "Unemployment rate": 9.3, "Population dependency ratio": 57.4, "Food insecurity level (IPC)": 0.27, "Poverty Level (Relative Vulnerability - AMAAN)": 0.0, "Poverty Level (Internal Vulnerability - AMAAN)": 0.0, "composite_score": 0.529561678 }, "geometry": { "type": "Point", "coordinates": [ 36.17171067632529, 34.529416493531535 ] } },
{ "type": "Feature", "properties": { "rand_point_id": 794, "adm3_name1": "قبولا", "adm3_pcode": "35179", "Nighttime light radiance": 4.372000027, "Household Deprivation Score": 0.74189455, "Negative Coping Tendency": 16.225, "Unemployment rate": 9.3, "Population dependency ratio": 57.4, "Food insecurity level (IPC)": 0.27, "Poverty Level (Relative Vulnerability - AMAAN)": 0.0, "Poverty Level (Internal Vulnerability - AMAAN)": 0.0, "composite_score": 0.529152972 }, "geometry": { "type": "Point", "coordinates": [ 36.182742013730753, 34.534316142158502 ] } },
{ "type": "Feature", "properties": { "rand_point_id": 795, "adm3_name1": "الشقدوف", "adm3_pcode": "35181", "Nighttime light radiance": 4.617255519, "Household Deprivation Score": 0.74189455, "Negative Coping Tendency": 16.225, "Unemployment rate": 9.3, "Population dependency ratio": 57.4, "Food insecurity level (IPC)": 0.27, "Poverty Level (Relative Vulnerability - AMAAN)": 0.014037477, "Poverty Level (Internal Vulnerability - AMAAN)": 19.13875598, "composite_score": 0.529540274 }, "geometry": { "type": "Point", "coordinates": [ 36.19116718316598, 34.529434941044073 ] } },
{ "type": "Feature", "properties": { "rand_point_id": 796, "adm3_name1": "البرج عكار", "adm3_pcode": "35183", "Nighttime light radiance": 5.210000038, "Household Deprivation Score": 0.74189455, "Negative Coping Tendency": 16.225, "Unemployment rate": 9.3, "Population dependency ratio": 57.4, "Food insecurity level (IPC)": 0.27, "Poverty Level (Relative Vulnerability - AMAAN)": 0.0, "Poverty Level (Internal Vulnerability - AMAAN)": 0.0, "composite_score": 0.528755753 }, "geometry": { "type": "Point", "coordinates": [ 36.182897406740814, 34.530560667348986 ] } },
{ "type": "Feature", "properties": { "rand_point_id": 797, "adm3_name1": "عيات", "adm3_pcode": "35185", "Nighttime light radiance": 2.126875013, "Household Deprivation Score": 0.74189455, "Negative Coping Tendency": 16.225, "Unemployment rate": 9.3, "Population dependency ratio": 57.4, "Food insecurity level (IPC)": 0.27, "Poverty Level (Relative Vulnerability - AMAAN)": 0.105105606, "Poverty Level (Internal Vulnerability - AMAAN)": 31.77718833, "composite_score": 0.533507367 }, "geometry": { "type": "Point", "coordinates": [ 36.203258591923905, 34.539745742056432 ] } },
{ "type": "Feature", "properties": { "rand_point_id": 798, "adm3_name1": "عين يعقوب", "adm3_pcode": "35187", "Nighttime light radiance": 2.620476209, "Household Deprivation Score": 0.74189455, "Negative Coping Tendency": 16.225, "Unemployment rate": 9.3, "Population dependency ratio": 57.4, "Food insecurity level (IPC)": 0.27, "Poverty Level (Relative Vulnerability - AMAAN)": 0.050359447, "Poverty Level (Internal Vulnerability - AMAAN)": 15.76923077, "composite_score": 0.531571957 }, "geometry": { "type": "Point", "coordinates": [ 36.197735425306774, 34.526507603668279 ] } },
{ "type": "Feature", "properties": { "rand_point_id": 799, "adm3_name1": "بزبينا", "adm3_pcode": "35189", "Nighttime light radiance": 1.366176472, "Household Deprivation Score": 0.74189455, "Negative Coping Tendency": 16.225, "Unemployment rate": 9.3, "Population dependency ratio": 57.4, "Food insecurity level (IPC)": 0.27, "Poverty Level (Relative Vulnerability - AMAAN)": 0.047376483, "Poverty Level (Internal Vulnerability - AMAAN)": 9.233926129, "composite_score": 0.532058286 }, "geometry": { "type": "Point", "coordinates": [ 36.194205746778941, 34.516480111297454 ] } },
{ "type": "Feature", "properties": { "rand_point_id": 800, "adm3_name1": "عكار العتيقة", "adm3_pcode": "35191", "Nighttime light radiance": 1.15411393, "Household Deprivation Score": 0.74189455, "Negative Coping Tendency": 16.225, "Unemployment rate": 9.3, "Population dependency ratio": 57.4, "Food insecurity level (IPC)": 0.27, "Poverty Level (Relative Vulnerability - AMAAN)": 0.433056152, "Poverty Level (Internal Vulnerability - AMAAN)": 24.32245984, "composite_score": 0.543714298 }, "geometry": { "type": "Point", "coordinates": [ 36.253689396942264, 34.515278940560215 ] } },
{ "type": "Feature", "properties": { "rand_point_id": 801, "adm3_name1": "تلعباس غربي", "adm3_pcode": "35211", "Nighttime light radiance": 2.284285724, "Household Deprivation Score": 0.74189455, "Negative Coping Tendency": 16.225, "Unemployment rate": 9.3, "Population dependency ratio": 57.4, "Food insecurity level (IPC)": 0.27, "Poverty Level (Relative Vulnerability - AMAAN)": 0.069660977, "Poverty Level (Internal Vulnerability - AMAAN)": 4.732951836, "composite_score": 0.53228774 }, "geometry": { "type": "Point", "coordinates": [ 36.07573349800645, 34.574682681880866 ] } },
{ "type": "Feature", "properties": { "rand_point_id": 802, "adm3_name1": "تل عباس الشرقي", "adm3_pcode": "35213", "Nighttime light radiance": 1.938888871, "Household Deprivation Score": 0.74189455, "Negative Coping Tendency": 16.225, "Unemployment rate": 9.3, "Population dependency ratio": 57.4, "Food insecurity level (IPC)": 0.27, "Poverty Level (Relative Vulnerability - AMAAN)": 0.058430996, "Poverty Level (Internal Vulnerability - AMAAN)": 14.76718404, "composite_score": 0.532165697 }, "geometry": { "type": "Point", "coordinates": [ 36.069576381085803, 34.603153743934499 ] } },
{ "type": "Feature", "properties": { "rand_point_id": 803, "adm3_name1": "الكويخات", "adm3_pcode": "35215", "Nighttime light radiance": 3.41999997, "Household Deprivation Score": 0.74189455, "Negative Coping Tendency": 16.225, "Unemployment rate": 9.3, "Population dependency ratio": 57.4, "Food insecurity level (IPC)": 0.27, "Poverty Level (Relative Vulnerability - AMAAN)": 0.22512603, "Poverty Level (Internal Vulnerability - AMAAN)": 64.63476071, "composite_score": 0.53664197 }, "geometry": { "type": "Point", "coordinates": [ 36.087787864412007, 34.581444418388159 ] } },
{ "type": "Feature", "properties": { "rand_point_id": 804, "adm3_name1": "خريبة الجندي", "adm3_pcode": "35216", "Nighttime light radiance": 6.279615366, "Household Deprivation Score": 0.74189455, "Negative Coping Tendency": 16.225, "Unemployment rate": 9.3, "Population dependency ratio": 57.4, "Food insecurity level (IPC)": 0.27, "Poverty Level (Relative Vulnerability - AMAAN)": 0.268115802, "Poverty Level (Internal Vulnerability - AMAAN)": 22.83323371, "composite_score": 0.536367019 }, "geometry": { "type": "Point", "coordinates": [ 36.090782315031291, 34.568551852428179 ] } },
{ "type": "Feature", "properties": { "rand_point_id": 805, "adm3_name1": "سعدين", "adm3_pcode": "35217", "Nighttime light radiance": 1.127647056, "Household Deprivation Score": 0.74189455, "Negative Coping Tendency": 16.225, "Unemployment rate": 9.3, "Population dependency ratio": 57.4, "Food insecurity level (IPC)": 0.27, "Poverty Level (Relative Vulnerability - AMAAN)": 0.005088585, "Poverty Level (Internal Vulnerability - AMAAN)": 2.432885906, "composite_score": 0.530916591 }, "geometry": { "type": "Point", "coordinates": [ 36.084668893286526, 34.593885688588713 ] } },
{ "type": "Feature", "properties": { "rand_point_id": 806, "adm3_name1": "هوشب", "adm3_pcode": "35219", "Nighttime light radiance": 2.134285722, "Household Deprivation Score": 0.74189455, "Negative Coping Tendency": 16.225, "Unemployment rate": 9.3, "Population dependency ratio": 57.4, "Food insecurity level (IPC)": 0.27, "Poverty Level (Relative Vulnerability - AMAAN)": 0.149499125, "Poverty Level (Internal Vulnerability - AMAAN)": 38.60444042, "composite_score": 0.534896337 }, "geometry": { "type": "Point", "coordinates": [ 36.109246006261664, 34.588558929797244 ] } },
{ "type": "Feature", "properties": { "rand_point_id": 807, "adm3_name1": "الحيصة", "adm3_pcode": "35221", "Nighttime light radiance": 2.298333367, "Household Deprivation Score": 0.74189455, "Negative Coping Tendency": 16.225, "Unemployment rate": 9.3, "Population dependency ratio": 57.4, "Food insecurity level (IPC)": 0.27, "Poverty Level (Relative Vulnerability - AMAAN)": 0.363746111, "Poverty Level (Internal Vulnerability - AMAAN)": 44.57105999, "composite_score": 0.541226501 }, "geometry": { "type": "Point", "coordinates": [ 36.05351868667902, 34.587612194323043 ] } },
{ "type": "Feature", "properties": { "rand_point_id": 808, "adm3_name1": "حكر قتة", "adm3_pcode": "35223", "Nighttime light radiance": 2.65882356, "Household Deprivation Score": 0.74189455, "Negative Coping Tendency": 16.225, "Unemployment rate": 9.3, "Population dependency ratio": 57.4, "Food insecurity level (IPC)": 0.27, "Poverty Level (Relative Vulnerability - AMAAN)": 0.092998282, "Poverty Level (Internal Vulnerability - AMAAN)": 106.0, "composite_score": 0.533264644 }, "geometry": { "type": "Point", "coordinates": [ 36.098564294717292, 34.573772347517085 ] } },
{ "type": "Feature", "properties": { "rand_point_id": 809, "adm3_name1": "شير حمارين", "adm3_pcode": "35224", "Nighttime light radiance": 2.201481497, "Household Deprivation Score": 0.74189455, "Negative Coping Tendency": 16.225, "Unemployment rate": 9.3, "Population dependency ratio": 57.4, "Food insecurity level (IPC)": 0.27, "Poverty Level (Relative Vulnerability - AMAAN)": 0.174415646, "Poverty Level (Internal Vulnerability - AMAAN)": 22.71480804, "composite_score": 0.535541844 }, "geometry": { "type": "Point", "coordinates": [ 36.100210322417581, 34.625305923304175 ] } },
{ "type": "Feature", "properties": { "rand_point_id": 810, "adm3_name1": "دارين", "adm3_pcode": "35225", "Nighttime light radiance": 0.905714285, "Household Deprivation Score": 0.74189455, "Negative Coping Tendency": 16.225, "Unemployment rate": 9.3, "Population dependency ratio": 57.4, "Food insecurity level (IPC)": 0.27, "Poverty Level (Relative Vulnerability - AMAAN)": 0.023161836, "Poverty Level (Internal Vulnerability - AMAAN)": 11.82795699, "composite_score": 0.531612254 }, "geometry": { "type": "Point", "coordinates": [ 36.091996171365999, 34.60458063740866 ] } },
{ "type": "Feature", "properties": { "rand_point_id": 811, "adm3_name1": "السمونيه", "adm3_pcode": "35227", "Nighttime light radiance": 1.415714282, "Household Deprivation Score": 0.74189455, "Negative Coping Tendency": 16.225, "Unemployment rate": 9.3, "Population dependency ratio": 57.4, "Food insecurity level (IPC)": 0.27, "Poverty Level (Relative Vulnerability - AMAAN)": 0.044568988, "Poverty Level (Internal Vulnerability - AMAAN)": 11.17957746, "composite_score": 0.53200462 }, "geometry": { "type": "Point", "coordinates": [ 36.049601610721055, 34.577018302422303 ] } },
{ "type": "Feature", "properties": { "rand_point_id": 812, "adm3_name1": "المسعودية", "adm3_pcode": "35229", "Nighttime light radiance": 1.508275862, "Household Deprivation Score": 0.74189455, "Negative Coping Tendency": 16.225, "Unemployment rate": 9.3, "Population dependency ratio": 57.4, "Food insecurity level (IPC)": 0.27, "Poverty Level (Relative Vulnerability - AMAAN)": 0.228108994, "Poverty Level (Internal Vulnerability - AMAAN)": 27.08333333, "composite_score": 0.537498539 }, "geometry": { "type": "Point", "coordinates": [ 36.063741002866756, 34.600301825956606 ] } },
{ "type": "Feature", "properties": { "rand_point_id": 813, "adm3_name1": "تلمعيان", "adm3_pcode": "35231", "Nighttime light radiance": 1.703589745, "Household Deprivation Score": 0.74189455, "Negative Coping Tendency": 16.225, "Unemployment rate": 9.3, "Population dependency ratio": 57.4, "Food insecurity level (IPC)": 0.27, "Poverty Level (Relative Vulnerability - AMAAN)": 0.251095362, "Poverty Level (Internal Vulnerability - AMAAN)": 44.3583385, "composite_score": 0.538168056 }, "geometry": { "type": "Point", "coordinates": [ 36.020188916620192, 34.6067324537944 ] } },
{ "type": "Feature", "properties": { "rand_point_id": 814, "adm3_name1": "قعبرين", "adm3_pcode": "35233", "Nighttime light radiance": 1.702916669, "Household Deprivation Score": 0.74189455, "Negative Coping Tendency": 16.225, "Unemployment rate": 9.3, "Population dependency ratio": 57.4, "Food insecurity level (IPC)": 0.27, "Poverty Level (Relative Vulnerability - AMAAN)": 0.090541724, "Poverty Level (Internal Vulnerability - AMAAN)": 21.56289177, "composite_score": 0.533288882 }, "geometry": { "type": "Point", "coordinates": [ 36.022974281590017, 34.577238915468172 ] } },
{ "type": "Feature", "properties": { "rand_point_id": 815, "adm3_name1": "كفرملكي", "adm3_pcode": "35234", "Nighttime light radiance": 1.394166666, "Household Deprivation Score": 0.74189455, "Negative Coping Tendency": 16.225, "Unemployment rate": 9.3, "Population dependency ratio": 57.4, "Food insecurity level (IPC)": 0.27, "Poverty Level (Relative Vulnerability - AMAAN)": 0.052640537, "Poverty Level (Internal Vulnerability - AMAAN)": 17.27115717, "composite_score": 0.532290539 }, "geometry": { "type": "Point", "coordinates": [ 36.026975709967907, 34.546621898767128 ] } },
{ "type": "Feature", "properties": { "rand_point_id": 816, "adm3_name1": "تلبيرة", "adm3_pcode": "35235", "Nighttime light radiance": 0.959333336, "Household Deprivation Score": 0.74189455, "Negative Coping Tendency": 16.225, "Unemployment rate": 9.3, "Population dependency ratio": 57.4, "Food insecurity level (IPC)": 0.27, "Poverty Level (Relative Vulnerability - AMAAN)": 0.097911399, "Poverty Level (Internal Vulnerability - AMAAN)": 19.80830671, "composite_score": 0.533859646 }, "geometry": { "type": "Point", "coordinates": [ 36.061855589888452, 34.607998680761973 ] } },
{ "type": "Feature", "properties": { "rand_point_id": 817, "adm3_name1": "تلحميرة", "adm3_pcode": "35237", "Nighttime light radiance": 1.257727271, "Household Deprivation Score": 0.74189455, "Negative Coping Tendency": 16.225, "Unemployment rate": 9.3, "Population dependency ratio": 57.4, "Food insecurity level (IPC)": 0.27, "Poverty Level (Relative Vulnerability - AMAAN)": 0.187400312, "Poverty Level (Internal Vulnerability - AMAAN)": 34.66407011, "composite_score": 0.536449429 }, "geometry": { "type": "Point", "coordinates": [ 36.080535162971188, 34.629999558777598 ] } },
{ "type": "Feature", "properties": { "rand_point_id": 818, "adm3_name1": "حكر جورة سرار", "adm3_pcode": "35239", "Nighttime light radiance": 4.891666631, "Household Deprivation Score": 0.74189455, "Negative Coping Tendency": 16.225, "Unemployment rate": 9.3, "Population dependency ratio": 57.4, "Food insecurity level (IPC)": 0.27, "Poverty Level (Relative Vulnerability - AMAAN)": 0.0, "Poverty Level (Internal Vulnerability - AMAAN)": 0.0, "composite_score": 0.528974921 }, "geometry": { "type": "Point", "coordinates": [ 36.109347797412546, 34.628942441017564 ] } },
{ "type": "Feature", "properties": { "rand_point_id": 819, "adm3_name1": "برشا", "adm3_pcode": "35241", "Nighttime light radiance": 2.484999994, "Household Deprivation Score": 0.74189455, "Negative Coping Tendency": 16.225, "Unemployment rate": 9.3, "Population dependency ratio": 57.4, "Food insecurity level (IPC)": 0.27, "Poverty Level (Relative Vulnerability - AMAAN)": 0.0, "Poverty Level (Internal Vulnerability - AMAAN)": 0.0, "composite_score": 0.530131711 }, "geometry": { "type": "Point", "coordinates": [ 36.123052748953832, 34.627620918592207 ] } },
{ "type": "Feature", "properties": { "rand_point_id": 820, "adm3_name1": "القليعات", "adm3_pcode": "35243", "Nighttime light radiance": 0.970789472, "Household Deprivation Score": 0.74189455, "Negative Coping Tendency": 16.225, "Unemployment rate": 9.3, "Population dependency ratio": 57.4, "Food insecurity level (IPC)": 0.27, "Poverty Level (Relative Vulnerability - AMAAN)": 0.430073188, "Poverty Level (Internal Vulnerability - AMAAN)": 54.345898, "composite_score": 0.543907757 }, "geometry": { "type": "Point", "coordinates": [ 35.995685493966313, 34.590014044862365 ] } },
{ "type": "Feature", "properties": { "rand_point_id": 821, "adm3_name1": "الكنيسة", "adm3_pcode": "35245", "Nighttime light radiance": 1.265454542, "Household Deprivation Score": 0.74189455, "Negative Coping Tendency": 16.225, "Unemployment rate": 9.3, "Population dependency ratio": 57.4, "Food insecurity level (IPC)": 0.27, "Poverty Level (Relative Vulnerability - AMAAN)": 0.054395222, "Poverty Level (Internal Vulnerability - AMAAN)": 36.04651163, "composite_score": 0.532500529 }, "geometry": { "type": "Point", "coordinates": [ 36.021144633438972, 34.617382404730641 ] } },
{ "type": "Feature", "properties": { "rand_point_id": 822, "adm3_name1": "تل سبعل", "adm3_pcode": "35247", "Nighttime light radiance": 1.296000004, "Household Deprivation Score": 0.74189455, "Negative Coping Tendency": 16.225, "Unemployment rate": 9.3, "Population dependency ratio": 57.4, "Food insecurity level (IPC)": 0.27, "Poverty Level (Relative Vulnerability - AMAAN)": 0.01245826, "Poverty Level (Internal Vulnerability - AMAAN)": 39.44444444, "composite_score": 0.531254409 }, "geometry": { "type": "Point", "coordinates": [ 36.032849629696948, 34.551604434603476 ] } },
{ "type": "Feature", "properties": { "rand_point_id": 823, "adm3_name1": "العبودية", "adm3_pcode": "35249", "Nighttime light radiance": 4.846142098, "Household Deprivation Score": 0.74189455, "Negative Coping Tendency": 16.225, "Unemployment rate": 9.3, "Population dependency ratio": 57.4, "Food insecurity level (IPC)": 0.27, "Poverty Level (Relative Vulnerability - AMAAN)": 0.379713741, "Poverty Level (Internal Vulnerability - AMAAN)": 81.9386596, "composite_score": 0.540678195 }, "geometry": { "type": "Point", "coordinates": [ 36.117285486945775, 34.635769510258811 ] } },
{ "type": "Feature", "properties": { "rand_point_id": 824, "adm3_name1": "المغراق", "adm3_pcode": "35251", "Nighttime light radiance": 0.795000002, "Household Deprivation Score": 0.74189455, "Negative Coping Tendency": 16.225, "Unemployment rate": 9.3, "Population dependency ratio": 57.4, "Food insecurity level (IPC)": 0.27, "Poverty Level (Relative Vulnerability - AMAAN)": 0.003158432, "Poverty Level (Internal Vulnerability - AMAAN)": 6.691449814, "composite_score": 0.531077845 }, "geometry": { "type": "Point", "coordinates": [ 36.01556174051295, 34.612046691364661 ] } },
{ "type": "Feature", "properties": { "rand_point_id": 825, "adm3_name1": "حكر الضاهري", "adm3_pcode": "35253", "Nighttime light radiance": 0.967499986, "Household Deprivation Score": 0.74189455, "Negative Coping Tendency": 16.225, "Unemployment rate": 9.3, "Population dependency ratio": 57.4, "Food insecurity level (IPC)": 0.27, "Poverty Level (Relative Vulnerability - AMAAN)": 0.029829638, "Poverty Level (Internal Vulnerability - AMAAN)": 14.21404682, "composite_score": 0.531824956 }, "geometry": { "type": "Point", "coordinates": [ 36.022497805910795, 34.627959050073102 ] } },
{ "type": "Feature", "properties": { "rand_point_id": 826, "adm3_name1": "مار ليا ملحم", "adm3_pcode": "35255", "Nighttime light radiance": 1.587142876, "Household Deprivation Score": 0.74189455, "Negative Coping Tendency": 16.225, "Unemployment rate": 9.3, "Population dependency ratio": 57.4, "Food insecurity level (IPC)": 0.27, "Poverty Level (Relative Vulnerability - AMAAN)": 0.0, "Poverty Level (Internal Vulnerability - AMAAN)": 0.0, "composite_score": 0.530579007 }, "geometry": { "type": "Point", "coordinates": [ 36.024538795154406, 34.534824803721555 ] } },
{ "type": "Feature", "properties": { "rand_point_id": 827, "adm3_name1": "الخرنوبه", "adm3_pcode": "35257", "Nighttime light radiance": 2.047142846, "Household Deprivation Score": 0.74189455, "Negative Coping Tendency": 16.225, "Unemployment rate": 9.3, "Population dependency ratio": 57.4, "Food insecurity level (IPC)": 0.27, "Poverty Level (Relative Vulnerability - AMAAN)": 0.0, "Poverty Level (Internal Vulnerability - AMAAN)": 0.0, "composite_score": 0.530360731 }, "geometry": { "type": "Point", "coordinates": [ 36.131066507244121, 34.624813769925289 ] } },
{ "type": "Feature", "properties": { "rand_point_id": 828, "adm3_name1": "سمقالي", "adm3_pcode": "35259", "Nighttime light radiance": 1.889999986, "Household Deprivation Score": 0.74189455, "Negative Coping Tendency": 16.225, "Unemployment rate": 9.3, "Population dependency ratio": 57.4, "Food insecurity level (IPC)": 0.27, "Poverty Level (Relative Vulnerability - AMAAN)": 0.0, "Poverty Level (Internal Vulnerability - AMAAN)": 0.0, "composite_score": 0.530438483 }, "geometry": { "type": "Point", "coordinates": [ 36.015350545459228, 34.545606821021494 ] } },
{ "type": "Feature", "properties": { "rand_point_id": 829, "adm3_name1": "المقيطع", "adm3_pcode": "35261", "Nighttime light radiance": 1.192608693, "Household Deprivation Score": 0.74189455, "Negative Coping Tendency": 16.225, "Unemployment rate": 9.3, "Population dependency ratio": 57.4, "Food insecurity level (IPC)": 0.27, "Poverty Level (Relative Vulnerability - AMAAN)": 0.243725687, "Poverty Level (Internal Vulnerability - AMAAN)": 26.17297908, "composite_score": 0.538148973 }, "geometry": { "type": "Point", "coordinates": [ 35.998638724251805, 34.559860088777086 ] } },
{ "type": "Feature", "properties": { "rand_point_id": 830, "adm3_name1": "جنين", "adm3_pcode": "35263", "Nighttime light radiance": 1.531250007, "Household Deprivation Score": 0.74189455, "Negative Coping Tendency": 16.225, "Unemployment rate": 9.3, "Population dependency ratio": 57.4, "Food insecurity level (IPC)": 0.27, "Poverty Level (Relative Vulnerability - AMAAN)": 0.014212945, "Poverty Level (Internal Vulnerability - AMAAN)": 45.0, "composite_score": 0.531237353 }, "geometry": { "type": "Point", "coordinates": [ 36.126984688600537, 34.636067101928468 ] } },
{ "type": "Feature", "properties": { "rand_point_id": 831, "adm3_name1": "عماره", "adm3_pcode": "35265", "Nighttime light radiance": 5.227500101, "Household Deprivation Score": 0.74189455, "Negative Coping Tendency": 16.225, "Unemployment rate": 9.3, "Population dependency ratio": 57.4, "Food insecurity level (IPC)": 0.27, "Poverty Level (Relative Vulnerability - AMAAN)": 0.137040865, "Poverty Level (Internal Vulnerability - AMAAN)": 59.80091884, "composite_score": 0.533189842 }, "geometry": { "type": "Point", "coordinates": [ 36.001657219100153, 34.526245981907252 ] } },
{ "type": "Feature", "properties": { "rand_point_id": 832, "adm3_name1": "الشيخ زناد", "adm3_pcode": "35267", "Nighttime light radiance": 0.633673469, "Household Deprivation Score": 0.74189455, "Negative Coping Tendency": 16.225, "Unemployment rate": 9.3, "Population dependency ratio": 57.4, "Food insecurity level (IPC)": 0.27, "Poverty Level (Relative Vulnerability - AMAAN)": 0.10580748, "Poverty Level (Internal Vulnerability - AMAAN)": 38.23715916, "composite_score": 0.53437039 }, "geometry": { "type": "Point", "coordinates": [ 35.988064362507835, 34.60896850765679 ] } },
{ "type": "Feature", "properties": { "rand_point_id": 833, "adm3_name1": "قبة شمرا", "adm3_pcode": "35269", "Nighttime light radiance": 2.500952369, "Household Deprivation Score": 0.74189455, "Negative Coping Tendency": 16.225, "Unemployment rate": 9.3, "Population dependency ratio": 57.4, "Food insecurity level (IPC)": 0.27, "Poverty Level (Relative Vulnerability - AMAAN)": 0.127916505, "Poverty Level (Internal Vulnerability - AMAAN)": 11.4317077, "composite_score": 0.534017056 }, "geometry": { "type": "Point", "coordinates": [ 36.008707932361375, 34.541691211001421 ] } },
{ "type": "Feature", "properties": { "rand_point_id": 834, "adm3_name1": "السماقية", "adm3_pcode": "35271", "Nighttime light radiance": 0.716666667, "Household Deprivation Score": 0.74189455, "Negative Coping Tendency": 16.225, "Unemployment rate": 9.3, "Population dependency ratio": 57.4, "Food insecurity level (IPC)": 0.27, "Poverty Level (Relative Vulnerability - AMAAN)": 0.106509353, "Poverty Level (Internal Vulnerability - AMAAN)": 20.20639148, "composite_score": 0.534276578 }, "geometry": { "type": "Point", "coordinates": [ 36.017668333323513, 34.635194842110415 ] } },
{ "type": "Feature", "properties": { "rand_point_id": 835, "adm3_name1": "العريضة", "adm3_pcode": "35273", "Nighttime light radiance": 0.732916663, "Household Deprivation Score": 0.74189455, "Negative Coping Tendency": 16.225, "Unemployment rate": 9.3, "Population dependency ratio": 57.4, "Food insecurity level (IPC)": 0.27, "Poverty Level (Relative Vulnerability - AMAAN)": 0.145814288, "Poverty Level (Internal Vulnerability - AMAAN)": 78.76777251, "composite_score": 0.535700326 }, "geometry": { "type": "Point", "coordinates": [ 35.981676556371561, 34.649239485964465 ] } },
{ "type": "Feature", "properties": { "rand_point_id": 836, "adm3_name1": "ببنين", "adm3_pcode": "35275", "Nighttime light radiance": 6.112285737, "Household Deprivation Score": 0.74189455, "Negative Coping Tendency": 16.225, "Unemployment rate": 9.3, "Population dependency ratio": 57.4, "Food insecurity level (IPC)": 0.27, "Poverty Level (Relative Vulnerability - AMAAN)": 2.262314815, "Poverty Level (Internal Vulnerability - AMAAN)": 54.68465029, "composite_score": 0.596043837 }, "geometry": { "type": "Point", "coordinates": [ 35.997802009992462, 34.490109258198238 ] } },
{ "type": "Feature", "properties": { "rand_point_id": 837, "adm3_name1": "المحمرة", "adm3_pcode": "35277", "Nighttime light radiance": 12.98190473, "Household Deprivation Score": 0.74189455, "Negative Coping Tendency": 16.225, "Unemployment rate": 9.3, "Population dependency ratio": 57.4, "Food insecurity level (IPC)": 0.27, "Poverty Level (Relative Vulnerability - AMAAN)": 0.632914724, "Poverty Level (Internal Vulnerability - AMAAN)": 5.247537716, "composite_score": 0.544010277 }, "geometry": { "type": "Point", "coordinates": [ 35.975093239879747, 34.508197510962383 ] } },
{ "type": "Feature", "properties": { "rand_point_id": 838, "adm3_name1": "رمول", "adm3_pcode": "35281", "Nighttime light radiance": 1.600769231, "Household Deprivation Score": 0.74189455, "Negative Coping Tendency": 16.225, "Unemployment rate": 9.3, "Population dependency ratio": 57.4, "Food insecurity level (IPC)": 0.27, "Poverty Level (Relative Vulnerability - AMAAN)": 0.0, "Poverty Level (Internal Vulnerability - AMAAN)": 0.0, "composite_score": 0.530603333 }, "geometry": { "type": "Point", "coordinates": [ 36.001538964743354, 34.578813268088162 ] } },
{ "type": "Feature", "properties": { "rand_point_id": 839, "adm3_name1": "سيسوق", "adm3_pcode": "35311", "Nighttime light radiance": 1.701428579, "Household Deprivation Score": 0.74189455, "Negative Coping Tendency": 16.225, "Unemployment rate": 9.3, "Population dependency ratio": 57.4, "Food insecurity level (IPC)": 0.27, "Poverty Level (Relative Vulnerability - AMAAN)": 0.003158432, "Poverty Level (Internal Vulnerability - AMAAN)": 10.22727273, "composite_score": 0.530729895 }, "geometry": { "type": "Point", "coordinates": [ 36.062512485368607, 34.483642611711417 ] } },
{ "type": "Feature", "properties": { "rand_point_id": 840, "adm3_name1": "برقايل", "adm3_pcode": "35314", "Nighttime light radiance": 4.404000003, "Household Deprivation Score": 0.74189455, "Negative Coping Tendency": 16.225, "Unemployment rate": 9.3, "Population dependency ratio": 57.4, "Food insecurity level (IPC)": 0.27, "Poverty Level (Relative Vulnerability - AMAAN)": 0.703979449, "Poverty Level (Internal Vulnerability - AMAAN)": 32.04216916, "composite_score": 0.550403417 }, "geometry": { "type": "Point", "coordinates": [ 36.035865965114702, 34.48498363693551 ] } },
{ "type": "Feature", "properties": { "rand_point_id": 841, "adm3_name1": "بزال", "adm3_pcode": "35316", "Nighttime light radiance": 1.619591831, "Household Deprivation Score": 0.74189455, "Negative Coping Tendency": 16.225, "Unemployment rate": 9.3, "Population dependency ratio": 57.4, "Food insecurity level (IPC)": 0.27, "Poverty Level (Relative Vulnerability - AMAAN)": 0.179504231, "Poverty Level (Internal Vulnerability - AMAAN)": 34.85519591, "composite_score": 0.53613533 }, "geometry": { "type": "Point", "coordinates": [ 36.055350812646132, 34.475488851253409 ] } },
{ "type": "Feature", "properties": { "rand_point_id": 842, "adm3_name1": "قلود الباقية", "adm3_pcode": "35317", "Nighttime light radiance": 1.980000059, "Household Deprivation Score": 0.74189455, "Negative Coping Tendency": 16.225, "Unemployment rate": 9.3, "Population dependency ratio": 57.4, "Food insecurity level (IPC)": 0.27, "Poverty Level (Relative Vulnerability - AMAAN)": 0.001228279, "Poverty Level (Internal Vulnerability - AMAAN)": 3.743315508, "composite_score": 0.530517272 }, "geometry": { "type": "Point", "coordinates": [ 36.061474596768385, 34.497953136496484 ] } },
{ "type": "Feature", "properties": { "rand_point_id": 843, "adm3_name1": "دنبو عين الذهب", "adm3_pcode": "35318", "Nighttime light radiance": 1.607230766, "Household Deprivation Score": 0.74189455, "Negative Coping Tendency": 16.225, "Unemployment rate": 9.3, "Population dependency ratio": 57.4, "Food insecurity level (IPC)": 0.27, "Poverty Level (Relative Vulnerability - AMAAN)": 0.988062881, "Poverty Level (Internal Vulnerability - AMAAN)": 94.40067058, "composite_score": 0.560484973 }, "geometry": { "type": "Point", "coordinates": [ 36.102718866030919, 34.479815011911562 ] } },
{ "type": "Feature", "properties": { "rand_point_id": 844, "adm3_name1": "شان", "adm3_pcode": "35320", "Nighttime light radiance": 1.272142853, "Household Deprivation Score": 0.74189455, "Negative Coping Tendency": 16.225, "Unemployment rate": 9.3, "Population dependency ratio": 57.4, "Food insecurity level (IPC)": 0.27, "Poverty Level (Relative Vulnerability - AMAAN)": 0.167572376, "Poverty Level (Internal Vulnerability - AMAAN)": 56.91299166, "composite_score": 0.536048859 }, "geometry": { "type": "Point", "coordinates": [ 36.107850107572617, 34.482737920202183 ] } },
{ "type": "Feature", "properties": { "rand_point_id": 845, "adm3_name1": "بيت يونس", "adm3_pcode": "35321", "Nighttime light radiance": 2.197142839, "Household Deprivation Score": 0.74189455, "Negative Coping Tendency": 16.225, "Unemployment rate": 9.3, "Population dependency ratio": 57.4, "Food insecurity level (IPC)": 0.27, "Poverty Level (Relative Vulnerability - AMAAN)": 0.06141396, "Poverty Level (Internal Vulnerability - AMAAN)": 35.97122302, "composite_score": 0.532352515 }, "geometry": { "type": "Point", "coordinates": [ 36.147544676389693, 34.476237533734206 ] } },
{ "type": "Feature", "properties": { "rand_point_id": 846, "adm3_name1": "الحويش", "adm3_pcode": "35322", "Nighttime light radiance": 1.801052624, "Household Deprivation Score": 0.74189455, "Negative Coping Tendency": 16.225, "Unemployment rate": 9.3, "Population dependency ratio": 57.4, "Food insecurity level (IPC)": 0.27, "Poverty Level (Relative Vulnerability - AMAAN)": 0.151604747, "Poverty Level (Internal Vulnerability - AMAAN)": 47.29064039, "composite_score": 0.535279517 }, "geometry": { "type": "Point", "coordinates": [ 36.104739896551671, 34.507048836995686 ] } },
{ "type": "Feature", "properties": { "rand_point_id": 847, "adm3_name1": "سفينة القيطع", "adm3_pcode": "35324", "Nighttime light radiance": 1.675531907, "Household Deprivation Score": 0.74189455, "Negative Coping Tendency": 16.225, "Unemployment rate": 9.3, "Population dependency ratio": 57.4, "Food insecurity level (IPC)": 0.27, "Poverty Level (Relative Vulnerability - AMAAN)": 0.271976108, "Poverty Level (Internal Vulnerability - AMAAN)": 99.67845659, "composite_score": 0.539158096 }, "geometry": { "type": "Point", "coordinates": [ 36.013813495858635, 34.448521711992562 ] } },
{ "type": "Feature", "properties": { "rand_point_id": 848, "adm3_name1": "قبعيت", "adm3_pcode": "35325", "Nighttime light radiance": 2.18111112, "Household Deprivation Score": 0.74189455, "Negative Coping Tendency": 16.225, "Unemployment rate": 9.3, "Population dependency ratio": 57.4, "Food insecurity level (IPC)": 0.27, "Poverty Level (Relative Vulnerability - AMAAN)": 0.259342379, "Poverty Level (Internal Vulnerability - AMAAN)": 44.17214585, "composite_score": 0.538295347 }, "geometry": { "type": "Point", "coordinates": [ 36.060027567145674, 34.449846797693787 ] } },
{ "type": "Feature", "properties": { "rand_point_id": 849, "adm3_name1": "حبشيت", "adm3_pcode": "35326", "Nighttime light radiance": 1.362173918, "Household Deprivation Score": 0.74189455, "Negative Coping Tendency": 16.225, "Unemployment rate": 9.3, "Population dependency ratio": 57.4, "Food insecurity level (IPC)": 0.27, "Poverty Level (Relative Vulnerability - AMAAN)": 0.049306636, "Poverty Level (Internal Vulnerability - AMAAN)": 19.05084746, "composite_score": 0.53232367 }, "geometry": { "type": "Point", "coordinates": [ 36.062241265482541, 34.467629426852398 ] } },
{ "type": "Feature", "properties": { "rand_point_id": 850, "adm3_name1": "صدقة", "adm3_pcode": "35327", "Nighttime light radiance": 1.484999955, "Household Deprivation Score": 0.74189455, "Negative Coping Tendency": 16.225, "Unemployment rate": 9.3, "Population dependency ratio": 57.4, "Food insecurity level (IPC)": 0.27, "Poverty Level (Relative Vulnerability - AMAAN)": 0.0, "Poverty Level (Internal Vulnerability - AMAAN)": 0.0, "composite_score": 0.530713467 }, "geometry": { "type": "Point", "coordinates": [ 36.153213922367406, 34.471202285202963 ] } },
{ "type": "Feature", "properties": { "rand_point_id": 851, "adm3_name1": "حرار", "adm3_pcode": "35328", "Nighttime light radiance": 2.329565228, "Household Deprivation Score": 0.74189455, "Negative Coping Tendency": 16.225, "Unemployment rate": 9.3, "Population dependency ratio": 57.4, "Food insecurity level (IPC)": 0.27, "Poverty Level (Relative Vulnerability - AMAAN)": 0.227582589, "Poverty Level (Internal Vulnerability - AMAAN)": 31.08820709, "composite_score": 0.537224116 }, "geometry": { "type": "Point", "coordinates": [ 36.116935466786238, 34.458558265127238 ] } },
{ "type": "Feature", "properties": { "rand_point_id": 852, "adm3_name1": "الخريبة", "adm3_pcode": "35330", "Nighttime light radiance": 1.28727273, "Household Deprivation Score": 0.74189455, "Negative Coping Tendency": 16.225, "Unemployment rate": 9.3, "Population dependency ratio": 57.4, "Food insecurity level (IPC)": 0.27, "Poverty Level (Relative Vulnerability - AMAAN)": 0.0, "Poverty Level (Internal Vulnerability - AMAAN)": 0.0, "composite_score": 0.530811873 }, "geometry": { "type": "Point", "coordinates": [ 36.127945971765357, 34.481348525394836 ] } },
{ "type": "Feature", "properties": { "rand_point_id": 853, "adm3_name1": "الحميرة", "adm3_pcode": "35331", "Nighttime light radiance": 3.168571421, "Household Deprivation Score": 0.74189455, "Negative Coping Tendency": 16.225, "Unemployment rate": 9.3, "Population dependency ratio": 57.4, "Food insecurity level (IPC)": 0.27, "Poverty Level (Relative Vulnerability - AMAAN)": 0.006667801, "Poverty Level (Internal Vulnerability - AMAAN)": 6.761565836, "composite_score": 0.530139081 }, "geometry": { "type": "Point", "coordinates": [ 36.051286852489909, 34.49666719384787 ] } },
{ "type": "Feature", "properties": { "rand_point_id": 854, "adm3_name1": "القريات", "adm3_pcode": "35334", "Nighttime light radiance": 1.479000014, "Household Deprivation Score": 0.74189455, "Negative Coping Tendency": 16.225, "Unemployment rate": 9.3, "Population dependency ratio": 57.4, "Food insecurity level (IPC)": 0.27, "Poverty Level (Relative Vulnerability - AMAAN)": 0.012984666, "Poverty Level (Internal Vulnerability - AMAAN)": 8.705882353, "composite_score": 0.531149786 }, "geometry": { "type": "Point", "coordinates": [ 36.149283623477778, 34.487297042799483 ] } },
{ "type": "Feature", "properties": { "rand_point_id": 855, "adm3_name1": "بيت ايوب", "adm3_pcode": "35337", "Nighttime light radiance": 3.410000086, "Household Deprivation Score": 0.74189455, "Negative Coping Tendency": 16.225, "Unemployment rate": 9.3, "Population dependency ratio": 57.4, "Food insecurity level (IPC)": 0.27, "Poverty Level (Relative Vulnerability - AMAAN)": 0.049657573, "Poverty Level (Internal Vulnerability - AMAAN)": 27.63671875, "composite_score": 0.531402817 }, "geometry": { "type": "Point", "coordinates": [ 36.160686056463987, 34.470986538620856 ] } },
{ "type": "Feature", "properties": { "rand_point_id": 856, "adm3_name1": "القرقف", "adm3_pcode": "35341", "Nighttime light radiance": 2.798750028, "Household Deprivation Score": 0.74189455, "Negative Coping Tendency": 16.225, "Unemployment rate": 9.3, "Population dependency ratio": 57.4, "Food insecurity level (IPC)": 0.27, "Poverty Level (Relative Vulnerability - AMAAN)": 0.33198632, "Poverty Level (Internal Vulnerability - AMAAN)": 84.95734172, "composite_score": 0.540361527 }, "geometry": { "type": "Point", "coordinates": [ 36.018990661104624, 34.487736736081288 ] } },
{ "type": "Feature", "properties": { "rand_point_id": 857, "adm3_name1": "جديدة القيطع", "adm3_pcode": "35344", "Nighttime light radiance": 1.95636362, "Household Deprivation Score": 0.74189455, "Negative Coping Tendency": 16.225, "Unemployment rate": 9.3, "Population dependency ratio": 57.4, "Food insecurity level (IPC)": 0.27, "Poverty Level (Relative Vulnerability - AMAAN)": 0.406034009, "Poverty Level (Internal Vulnerability - AMAAN)": 69.57306073, "composite_score": 0.542906286 }, "geometry": { "type": "Point", "coordinates": [ 35.993025225407536, 34.458609569436391 ] } },
{ "type": "Feature", "properties": { "rand_point_id": 858, "adm3_name1": "عيون الغزلان", "adm3_pcode": "35347", "Nighttime light radiance": 2.658333341, "Household Deprivation Score": 0.74189455, "Negative Coping Tendency": 16.225, "Unemployment rate": 9.3, "Population dependency ratio": 57.4, "Food insecurity level (IPC)": 0.27, "Poverty Level (Relative Vulnerability - AMAAN)": 0.002632027, "Poverty Level (Internal Vulnerability - AMAAN)": 6.198347107, "composite_score": 0.53028015 }, "geometry": { "type": "Point", "coordinates": [ 36.012504944759719, 34.468314984828744 ] } },
{ "type": "Feature", "properties": { "rand_point_id": 859, "adm3_name1": "مشمش", "adm3_pcode": "35351", "Nighttime light radiance": 1.029014082, "Household Deprivation Score": 0.74189455, "Negative Coping Tendency": 16.225, "Unemployment rate": 9.3, "Population dependency ratio": 57.4, "Food insecurity level (IPC)": 0.27, "Poverty Level (Relative Vulnerability - AMAAN)": 0.656252029, "Poverty Level (Internal Vulnerability - AMAAN)": 56.47840532, "composite_score": 0.550752888 }, "geometry": { "type": "Point", "coordinates": [ 36.146872098677719, 34.436178876159403 ] } },
{ "type": "Feature", "properties": { "rand_point_id": 860, "adm3_name1": "القرنة", "adm3_pcode": "35352", "Nighttime light radiance": 2.834999979, "Household Deprivation Score": 0.74189455, "Negative Coping Tendency": 16.225, "Unemployment rate": 9.3, "Population dependency ratio": 57.4, "Food insecurity level (IPC)": 0.27, "Poverty Level (Relative Vulnerability - AMAAN)": 0.196349203, "Poverty Level (Internal Vulnerability - AMAAN)": 38.20416524, "composite_score": 0.536111488 }, "geometry": { "type": "Point", "coordinates": [ 36.179234810499565, 34.480843823121923 ] } },
{ "type": "Feature", "properties": { "rand_point_id": 861, "adm3_name1": "النبي خالد", "adm3_pcode": "35353", "Nighttime light radiance": 1.637868857, "Household Deprivation Score": 0.74189455, "Negative Coping Tendency": 16.225, "Unemployment rate": 9.3, "Population dependency ratio": 57.4, "Food insecurity level (IPC)": 0.27, "Poverty Level (Relative Vulnerability - AMAAN)": 1.269338817, "Poverty Level (Internal Vulnerability - AMAAN)": 59.43148209, "composite_score": 0.56873354 }, "geometry": { "type": "Point", "coordinates": [ 36.233853560944098, 34.426295866890214 ] } },
{ "type": "Feature", "properties": { "rand_point_id": 862, "adm3_name1": "مجدلا", "adm3_pcode": "35354", "Nighttime light radiance": 3.826666633, "Household Deprivation Score": 0.74189455, "Negative Coping Tendency": 16.225, "Unemployment rate": 9.3, "Population dependency ratio": 57.4, "Food insecurity level (IPC)": 0.27, "Poverty Level (Relative Vulnerability - AMAAN)": 0.16371207, "Poverty Level (Internal Vulnerability - AMAAN)": 70.73540561, "composite_score": 0.534809981 }, "geometry": { "type": "Point", "coordinates": [ 36.031768633339297, 34.506832133226446 ] } },
{ "type": "Feature", "properties": { "rand_point_id": 863, "adm3_name1": "تاشع", "adm3_pcode": "35356", "Nighttime light radiance": 0.988500002, "Household Deprivation Score": 0.74189455, "Negative Coping Tendency": 16.225, "Unemployment rate": 9.3, "Population dependency ratio": 57.4, "Food insecurity level (IPC)": 0.27, "Poverty Level (Relative Vulnerability - AMAAN)": 0.01140545, "Poverty Level (Internal Vulnerability - AMAAN)": 24.25373134, "composite_score": 0.531432835 }, "geometry": { "type": "Point", "coordinates": [ 36.202159772281149, 34.499694308604148 ] } },
{ "type": "Feature", "properties": { "rand_point_id": 864, "adm3_name1": "رحبة", "adm3_pcode": "35357", "Nighttime light radiance": 1.891515151, "Household Deprivation Score": 0.74189455, "Negative Coping Tendency": 16.225, "Unemployment rate": 9.3, "Population dependency ratio": 57.4, "Food insecurity level (IPC)": 0.27, "Poverty Level (Relative Vulnerability - AMAAN)": 0.041586024, "Poverty Level (Internal Vulnerability - AMAAN)": 2.883211679, "composite_score": 0.531805221 }, "geometry": { "type": "Point", "coordinates": [ 36.120667527958773, 34.507884488040908 ] } },
{ "type": "Feature", "properties": { "rand_point_id": 865, "adm3_name1": "وادي الجاموس", "adm3_pcode": "35364", "Nighttime light radiance": 4.539999974, "Household Deprivation Score": 0.74189455, "Negative Coping Tendency": 16.225, "Unemployment rate": 9.3, "Population dependency ratio": 57.4, "Food insecurity level (IPC)": 0.27, "Poverty Level (Relative Vulnerability - AMAAN)": 0.752057806, "Poverty Level (Internal Vulnerability - AMAAN)": 57.5533772, "composite_score": 0.551941966 }, "geometry": { "type": "Point", "coordinates": [ 35.993879175026642, 34.514026233532171 ] } },
{ "type": "Feature", "properties": { "rand_point_id": 866, "adm3_name1": "بيت الحوش", "adm3_pcode": "35367", "Nighttime light radiance": 2.334000027, "Household Deprivation Score": 0.74189455, "Negative Coping Tendency": 16.225, "Unemployment rate": 9.3, "Population dependency ratio": 57.4, "Food insecurity level (IPC)": 0.27, "Poverty Level (Relative Vulnerability - AMAAN)": 0.015792161, "Poverty Level (Internal Vulnerability - AMAAN)": 50.0, "composite_score": 0.531044858 }, "geometry": { "type": "Point", "coordinates": [ 35.994369802741282, 34.469890130706716 ] } },
{ "type": "Feature", "properties": { "rand_point_id": 867, "adm3_name1": "ممنع", "adm3_pcode": "35371", "Nighttime light radiance": 1.284285716, "Household Deprivation Score": 0.74189455, "Negative Coping Tendency": 16.225, "Unemployment rate": 9.3, "Population dependency ratio": 57.4, "Food insecurity level (IPC)": 0.27, "Poverty Level (Relative Vulnerability - AMAAN)": 0.0, "Poverty Level (Internal Vulnerability - AMAAN)": 0.0, "composite_score": 0.530861972 }, "geometry": { "type": "Point", "coordinates": [ 36.170480314146289, 34.503530950134198 ] } },
{ "type": "Feature", "properties": { "rand_point_id": 868, "adm3_name1": "شيخلار", "adm3_pcode": "35402", "Nighttime light radiance": 1.42142857, "Household Deprivation Score": 0.74189455, "Negative Coping Tendency": 16.225, "Unemployment rate": 9.3, "Population dependency ratio": 57.4, "Food insecurity level (IPC)": 0.27, "Poverty Level (Relative Vulnerability - AMAAN)": 0.007896081, "Poverty Level (Internal Vulnerability - AMAAN)": 5.739795918, "composite_score": 0.531093481 }, "geometry": { "type": "Point", "coordinates": [ 36.273775089260056, 34.625292721839358 ] } },
{ "type": "Feature", "properties": { "rand_point_id": 869, "adm3_name1": "رماح النهريه", "adm3_pcode": "35404", "Nighttime light radiance": 1.165384618, "Household Deprivation Score": 0.74189455, "Negative Coping Tendency": 16.225, "Unemployment rate": 9.3, "Population dependency ratio": 57.4, "Food insecurity level (IPC)": 0.27, "Poverty Level (Relative Vulnerability - AMAAN)": 0.00912436, "Poverty Level (Internal Vulnerability - AMAAN)": 6.924101198, "composite_score": 0.531260481 }, "geometry": { "type": "Point", "coordinates": [ 36.265841767664448, 34.62628412279004 ] } },
{ "type": "Feature", "properties": { "rand_point_id": 870, "adm3_name1": "كفرنون", "adm3_pcode": "35406", "Nighttime light radiance": 1.057499997, "Household Deprivation Score": 0.74189455, "Negative Coping Tendency": 16.225, "Unemployment rate": 9.3, "Population dependency ratio": 57.4, "Food insecurity level (IPC)": 0.27, "Poverty Level (Relative Vulnerability - AMAAN)": 0.000701874, "Poverty Level (Internal Vulnerability - AMAAN)": 1.843317972, "composite_score": 0.531041345 }, "geometry": { "type": "Point", "coordinates": [ 36.2505319974127, 34.624265980492979 ] } },
{ "type": "Feature", "properties": { "rand_point_id": 871, "adm3_name1": "بردي", "adm3_pcode": "35408", "Nighttime light radiance": 1.140999997, "Household Deprivation Score": 0.74189455, "Negative Coping Tendency": 16.225, "Unemployment rate": 9.3, "Population dependency ratio": 57.4, "Food insecurity level (IPC)": 0.27, "Poverty Level (Relative Vulnerability - AMAAN)": 0.0, "Poverty Level (Internal Vulnerability - AMAAN)": 0.0, "composite_score": 0.530974622 }, "geometry": { "type": "Point", "coordinates": [ 36.262259135599237, 34.601907565221637 ] } },
{ "type": "Feature", "properties": { "rand_point_id": 872, "adm3_name1": "خربة الرمان", "adm3_pcode": "35410", "Nighttime light radiance": 0.854999995, "Household Deprivation Score": 0.74189455, "Negative Coping Tendency": 16.225, "Unemployment rate": 9.3, "Population dependency ratio": 57.4, "Food insecurity level (IPC)": 0.27, "Poverty Level (Relative Vulnerability - AMAAN)": 0.0, "Poverty Level (Internal Vulnerability - AMAAN)": 0.0, "composite_score": 0.531114183 }, "geometry": { "type": "Point", "coordinates": [ 36.284138482084373, 34.624692273444666 ] } },
{ "type": "Feature", "properties": { "rand_point_id": 873, "adm3_name1": "سنديانة زيدان", "adm3_pcode": "35411", "Nighttime light radiance": 1.355999997, "Household Deprivation Score": 0.74189455, "Negative Coping Tendency": 16.225, "Unemployment rate": 9.3, "Population dependency ratio": 57.4, "Food insecurity level (IPC)": 0.27, "Poverty Level (Relative Vulnerability - AMAAN)": 0.066502545, "Poverty Level (Internal Vulnerability - AMAAN)": 19.29735234, "composite_score": 0.532940697 }, "geometry": { "type": "Point", "coordinates": [ 36.234745769889663, 34.581622513672954 ] } },
{ "type": "Feature", "properties": { "rand_point_id": 874, "adm3_name1": "فريديس", "adm3_pcode": "35412", "Nighttime light radiance": 1.019000006, "Household Deprivation Score": 0.74189455, "Negative Coping Tendency": 16.225, "Unemployment rate": 9.3, "Population dependency ratio": 57.4, "Food insecurity level (IPC)": 0.27, "Poverty Level (Relative Vulnerability - AMAAN)": 0.01140545, "Poverty Level (Internal Vulnerability - AMAAN)": 21.24183007, "composite_score": 0.531471372 }, "geometry": { "type": "Point", "coordinates": [ 36.229105885909291, 34.618558038279019 ] } },
{ "type": "Feature", "properties": { "rand_point_id": 875, "adm3_name1": "منجز", "adm3_pcode": "35414", "Nighttime light radiance": 0.946060612, "Household Deprivation Score": 0.74189455, "Negative Coping Tendency": 16.225, "Unemployment rate": 9.3, "Population dependency ratio": 57.4, "Food insecurity level (IPC)": 0.27, "Poverty Level (Relative Vulnerability - AMAAN)": 0.002105621, "Poverty Level (Internal Vulnerability - AMAAN)": 0.974817222, "composite_score": 0.531142261 }, "geometry": { "type": "Point", "coordinates": [ 36.231225386611484, 34.620886299623137 ] } },
{ "type": "Feature", "properties": { "rand_point_id": 876, "adm3_name1": "القصير", "adm3_pcode": "35415", "Nighttime light radiance": 0.912000012, "Household Deprivation Score": 0.74189455, "Negative Coping Tendency": 16.225, "Unemployment rate": 9.3, "Population dependency ratio": 57.4, "Food insecurity level (IPC)": 0.27, "Poverty Level (Relative Vulnerability - AMAAN)": 0.001052811, "Poverty Level (Internal Vulnerability - AMAAN)": 4.87804878, "composite_score": 0.531145677 }, "geometry": { "type": "Point", "coordinates": [ 36.236309462919827, 34.610916498092351 ] } },
{ "type": "Feature", "properties": { "rand_point_id": 877, "adm3_name1": "البيره عكار", "adm3_pcode": "35416", "Nighttime light radiance": 3.442105256, "Household Deprivation Score": 0.74189455, "Negative Coping Tendency": 16.225, "Unemployment rate": 9.3, "Population dependency ratio": 57.4, "Food insecurity level (IPC)": 0.27, "Poverty Level (Relative Vulnerability - AMAAN)": 0.228635399, "Poverty Level (Internal Vulnerability - AMAAN)": 17.48054736, "composite_score": 0.536766156 }, "geometry": { "type": "Point", "coordinates": [ 36.23412841300452, 34.591733146830499 ] } },
{ "type": "Feature", "properties": { "rand_point_id": 878, "adm3_name1": "خربة داوود", "adm3_pcode": "35417", "Nighttime light radiance": 1.873333335, "Household Deprivation Score": 0.74189455, "Negative Coping Tendency": 16.225, "Unemployment rate": 9.3, "Population dependency ratio": 57.4, "Food insecurity level (IPC)": 0.27, "Poverty Level (Relative Vulnerability - AMAAN)": 0.082119238, "Poverty Level (Internal Vulnerability - AMAAN)": 16.98113208, "composite_score": 0.53315449 }, "geometry": { "type": "Point", "coordinates": [ 36.216950469071655, 34.587791669760833 ] } },
{ "type": "Feature", "properties": { "rand_point_id": 879, "adm3_name1": "الدغلة", "adm3_pcode": "35419", "Nighttime light radiance": 1.5099999900000001, "Household Deprivation Score": 0.74189455, "Negative Coping Tendency": 16.225, "Unemployment rate": 9.3, "Population dependency ratio": 57.4, "Food insecurity level (IPC)": 0.27, "Poverty Level (Relative Vulnerability - AMAAN)": 0.021056215, "Poverty Level (Internal Vulnerability - AMAAN)": 16.66666667, "composite_score": 0.531511343 }, "geometry": { "type": "Point", "coordinates": [ 36.210949969634854, 34.58016054677627 ] } },
{ "type": "Feature", "properties": { "rand_point_id": 880, "adm3_name1": "العوينات", "adm3_pcode": "35420", "Nighttime light radiance": 1.290714294, "Household Deprivation Score": 0.74189455, "Negative Coping Tendency": 16.225, "Unemployment rate": 9.3, "Population dependency ratio": 57.4, "Food insecurity level (IPC)": 0.27, "Poverty Level (Relative Vulnerability - AMAAN)": 0.002982964, "Poverty Level (Internal Vulnerability - AMAAN)": 1.806588735, "composite_score": 0.531013863 }, "geometry": { "type": "Point", "coordinates": [ 36.300601224941644, 34.620386062924091 ] } },
{ "type": "Feature", "properties": { "rand_point_id": 881, "adm3_name1": "العمارية", "adm3_pcode": "35421", "Nighttime light radiance": 1.718888912, "Household Deprivation Score": 0.74189455, "Negative Coping Tendency": 16.225, "Unemployment rate": 9.3, "Population dependency ratio": 57.4, "Food insecurity level (IPC)": 0.27, "Poverty Level (Relative Vulnerability - AMAAN)": 0.007369675, "Poverty Level (Internal Vulnerability - AMAAN)": 15.8490566, "composite_score": 0.531002332 }, "geometry": { "type": "Point", "coordinates": [ 36.208398735142076, 34.597640618734268 ] } },
{ "type": "Feature", "properties": { "rand_point_id": 882, "adm3_name1": "كفر الفتوح", "adm3_pcode": "35423", "Nighttime light radiance": 1.2300000019999999, "Household Deprivation Score": 0.74189455, "Negative Coping Tendency": 16.225, "Unemployment rate": 9.3, "Population dependency ratio": 57.4, "Food insecurity level (IPC)": 0.27, "Poverty Level (Relative Vulnerability - AMAAN)": 0.0, "Poverty Level (Internal Vulnerability - AMAAN)": 0.0, "composite_score": 0.530949736 }, "geometry": { "type": "Point", "coordinates": [ 36.205766334086555, 34.588826109464598 ] } },
{ "type": "Feature", "properties": { "rand_point_id": 883, "adm3_name1": "فسقين و عين اشما", "adm3_pcode": "35425", "Nighttime light radiance": 1.315714266, "Household Deprivation Score": 0.74189455, "Negative Coping Tendency": 16.225, "Unemployment rate": 9.3, "Population dependency ratio": 57.4, "Food insecurity level (IPC)": 0.27, "Poverty Level (Relative Vulnerability - AMAAN)": 0.0, "Poverty Level (Internal Vulnerability - AMAAN)": 0.0, "composite_score": 0.530910995 }, "geometry": { "type": "Point", "coordinates": [ 36.199611948714306, 34.580979151383964 ] } },
{ "type": "Feature", "properties": { "rand_point_id": 884, "adm3_name1": "عين الزيت", "adm3_pcode": "35427", "Nighttime light radiance": 1.284444465, "Household Deprivation Score": 0.74189455, "Negative Coping Tendency": 16.225, "Unemployment rate": 9.3, "Population dependency ratio": 57.4, "Food insecurity level (IPC)": 0.27, "Poverty Level (Relative Vulnerability - AMAAN)": 0.097034057, "Poverty Level (Internal Vulnerability - AMAAN)": 29.82740022, "composite_score": 0.533949736 }, "geometry": { "type": "Point", "coordinates": [ 36.197120656828453, 34.593336804469637 ] } },
{ "type": "Feature", "properties": { "rand_point_id": 885, "adm3_name1": "الكواشرة", "adm3_pcode": "35429", "Nighttime light radiance": 1.779000008, "Household Deprivation Score": 0.74189455, "Negative Coping Tendency": 16.225, "Unemployment rate": 9.3, "Population dependency ratio": 57.4, "Food insecurity level (IPC)": 0.27, "Poverty Level (Relative Vulnerability - AMAAN)": 0.14212945, "Poverty Level (Internal Vulnerability - AMAAN)": 20.99533437, "composite_score": 0.535018777 }, "geometry": { "type": "Point", "coordinates": [ 36.215681568850989, 34.612379956800375 ] } },
{ "type": "Feature", "properties": { "rand_point_id": 886, "adm3_name1": "خالصة", "adm3_pcode": "35430", "Nighttime light radiance": 1.329999983, "Household Deprivation Score": 0.74189455, "Negative Coping Tendency": 16.225, "Unemployment rate": 9.3, "Population dependency ratio": 57.4, "Food insecurity level (IPC)": 0.27, "Poverty Level (Relative Vulnerability - AMAAN)": 0.003333901, "Poverty Level (Internal Vulnerability - AMAAN)": 12.5, "composite_score": 0.531064578 }, "geometry": { "type": "Point", "coordinates": [ 36.309134141518321, 34.630887615166735 ] } },
{ "type": "Feature", "properties": { "rand_point_id": 887, "adm3_name1": "خربة شار", "adm3_pcode": "35431", "Nighttime light radiance": 1.622500002, "Household Deprivation Score": 0.74189455, "Negative Coping Tendency": 16.225, "Unemployment rate": 9.3, "Population dependency ratio": 57.4, "Food insecurity level (IPC)": 0.27, "Poverty Level (Relative Vulnerability - AMAAN)": 0.031233385, "Poverty Level (Internal Vulnerability - AMAAN)": 18.05273834, "composite_score": 0.531780816 }, "geometry": { "type": "Point", "coordinates": [ 36.192008035414879, 34.578113058575184 ] } },
{ "type": "Feature", "properties": { "rand_point_id": 888, "adm3_name1": "دبابية", "adm3_pcode": "35432", "Nighttime light radiance": 1.37999999, "Household Deprivation Score": 0.74189455, "Negative Coping Tendency": 16.225, "Unemployment rate": 9.3, "Population dependency ratio": 57.4, "Food insecurity level (IPC)": 0.27, "Poverty Level (Relative Vulnerability - AMAAN)": 0.03983134, "Poverty Level (Internal Vulnerability - AMAAN)": 28.19875776, "composite_score": 0.532199185 }, "geometry": { "type": "Point", "coordinates": [ 36.199256527366103, 34.627639324951936 ] } },
{ "type": "Feature", "properties": { "rand_point_id": 889, "adm3_name1": "برباره", "adm3_pcode": "35433", "Nighttime light radiance": 1.025714287, "Household Deprivation Score": 0.74189455, "Negative Coping Tendency": 16.225, "Unemployment rate": 9.3, "Population dependency ratio": 57.4, "Food insecurity level (IPC)": 0.27, "Poverty Level (Relative Vulnerability - AMAAN)": 0.008071549, "Poverty Level (Internal Vulnerability - AMAAN)": 8.79541109, "composite_score": 0.531338815 }, "geometry": { "type": "Point", "coordinates": [ 36.180649620506316, 34.575712918328549 ] } },
{ "type": "Feature", "properties": { "rand_point_id": 890, "adm3_name1": "عين تنتا", "adm3_pcode": "35435", "Nighttime light radiance": 1.674285735, "Household Deprivation Score": 0.74189455, "Negative Coping Tendency": 16.225, "Unemployment rate": 9.3, "Population dependency ratio": 57.4, "Food insecurity level (IPC)": 0.27, "Poverty Level (Relative Vulnerability - AMAAN)": 0.030531512, "Poverty Level (Internal Vulnerability - AMAAN)": 29.59183673, "composite_score": 0.531790796 }, "geometry": { "type": "Point", "coordinates": [ 36.177456326759781, 34.585886499017903 ] } },
{ "type": "Feature", "properties": { "rand_point_id": 891, "adm3_name1": "مشتى حمود", "adm3_pcode": "35437", "Nighttime light radiance": 2.26336364, "Household Deprivation Score": 0.74189455, "Negative Coping Tendency": 16.225, "Unemployment rate": 9.3, "Population dependency ratio": 57.4, "Food insecurity level (IPC)": 0.27, "Poverty Level (Relative Vulnerability - AMAAN)": 0.417614927, "Poverty Level (Internal Vulnerability - AMAAN)": 17.80371035, "composite_score": 0.542985597 }, "geometry": { "type": "Point", "coordinates": [ 36.364956287670879, 34.641715216923465 ] } },
{ "type": "Feature", "properties": { "rand_point_id": 892, "adm3_name1": "دوسة بغدادي", "adm3_pcode": "35439", "Nighttime light radiance": 1.606666664, "Household Deprivation Score": 0.74189455, "Negative Coping Tendency": 16.225, "Unemployment rate": 9.3, "Population dependency ratio": 57.4, "Food insecurity level (IPC)": 0.27, "Poverty Level (Relative Vulnerability - AMAAN)": 0.039480403, "Poverty Level (Internal Vulnerability - AMAAN)": 8.710801394000001, "composite_score": 0.532002229 }, "geometry": { "type": "Point", "coordinates": [ 36.186271121509847, 34.601040091123707 ] } },
{ "type": "Feature", "properties": { "rand_point_id": 893, "adm3_name1": "دير جنين", "adm3_pcode": "35441", "Nighttime light radiance": 1.032812502, "Household Deprivation Score": 0.74189455, "Negative Coping Tendency": 16.225, "Unemployment rate": 9.3, "Population dependency ratio": 57.4, "Food insecurity level (IPC)": 0.27, "Poverty Level (Relative Vulnerability - AMAAN)": 0.000877342, "Poverty Level (Internal Vulnerability - AMAAN)": 0.58685446, "composite_score": 0.531094407 }, "geometry": { "type": "Point", "coordinates": [ 36.174511472687556, 34.562239905444635 ] } },
{ "type": "Feature", "properties": { "rand_point_id": 894, "adm3_name1": "دوير عدويه", "adm3_pcode": "35443", "Nighttime light radiance": 1.1699999969999999, "Household Deprivation Score": 0.74189455, "Negative Coping Tendency": 16.225, "Unemployment rate": 9.3, "Population dependency ratio": 57.4, "Food insecurity level (IPC)": 0.27, "Poverty Level (Relative Vulnerability - AMAAN)": 0.054219753, "Poverty Level (Internal Vulnerability - AMAAN)": 56.38686131, "composite_score": 0.532865971 }, "geometry": { "type": "Point", "coordinates": [ 36.169118496998699, 34.581481075323524 ] } },
{ "type": "Feature", "properties": { "rand_point_id": 895, "adm3_name1": "نورا التحتا", "adm3_pcode": "35445", "Nighttime light radiance": 1.064999995, "Household Deprivation Score": 0.74189455, "Negative Coping Tendency": 16.225, "Unemployment rate": 9.3, "Population dependency ratio": 57.4, "Food insecurity level (IPC)": 0.27, "Poverty Level (Relative Vulnerability - AMAAN)": 0.04772742, "Poverty Level (Internal Vulnerability - AMAAN)": 35.14211886, "composite_score": 0.532631525 }, "geometry": { "type": "Point", "coordinates": [ 36.179242905829895, 34.616639055202583 ] } },
{ "type": "Feature", "properties": { "rand_point_id": 896, "adm3_name1": "سفينة الدريب", "adm3_pcode": "35447", "Nighttime light radiance": 1.00923077, "Household Deprivation Score": 0.74189455, "Negative Coping Tendency": 16.225, "Unemployment rate": 9.3, "Population dependency ratio": 57.4, "Food insecurity level (IPC)": 0.27, "Poverty Level (Relative Vulnerability - AMAAN)": 0.007369675, "Poverty Level (Internal Vulnerability - AMAAN)": 8.219178082000001, "composite_score": 0.531339893 }, "geometry": { "type": "Point", "coordinates": [ 36.158646556391773, 34.580680905584522 ] } },
{ "type": "Feature", "properties": { "rand_point_id": 897, "adm3_name1": "عمار البيكات", "adm3_pcode": "35449", "Nighttime light radiance": 1.428421058, "Household Deprivation Score": 0.74189455, "Negative Coping Tendency": 16.225, "Unemployment rate": 9.3, "Population dependency ratio": 57.4, "Food insecurity level (IPC)": 0.27, "Poverty Level (Relative Vulnerability - AMAAN)": 0.047201015, "Poverty Level (Internal Vulnerability - AMAAN)": 17.1884984, "composite_score": 0.532366963 }, "geometry": { "type": "Point", "coordinates": [ 36.159264773066099, 34.603464211770209 ] } },
{ "type": "Feature", "properties": { "rand_point_id": 898, "adm3_name1": "مصلا", "adm3_pcode": "35451", "Nighttime light radiance": 1.158999991, "Household Deprivation Score": 0.74189455, "Negative Coping Tendency": 16.225, "Unemployment rate": 9.3, "Population dependency ratio": 57.4, "Food insecurity level (IPC)": 0.27, "Poverty Level (Relative Vulnerability - AMAAN)": 0.001930153, "Poverty Level (Internal Vulnerability - AMAAN)": 16.41791045, "composite_score": 0.531147034 }, "geometry": { "type": "Point", "coordinates": [ 36.161484953335894, 34.591167684725775 ] } },
{ "type": "Feature", "properties": { "rand_point_id": 899, "adm3_name1": "قشلق", "adm3_pcode": "35453", "Nighttime light radiance": 1.932727294, "Household Deprivation Score": 0.74189455, "Negative Coping Tendency": 16.225, "Unemployment rate": 9.3, "Population dependency ratio": 57.4, "Food insecurity level (IPC)": 0.27, "Poverty Level (Relative Vulnerability - AMAAN)": 0.028776827, "Poverty Level (Internal Vulnerability - AMAAN)": 58.78136201, "composite_score": 0.531764886 }, "geometry": { "type": "Point", "coordinates": [ 36.155148450507319, 34.619605546944506 ] } },
{ "type": "Feature", "properties": { "rand_point_id": 900, "adm3_name1": "وادي الحور", "adm3_pcode": "35455", "Nighttime light radiance": 1.705000013, "Household Deprivation Score": 0.74189455, "Negative Coping Tendency": 16.225, "Unemployment rate": 9.3, "Population dependency ratio": 57.4, "Food insecurity level (IPC)": 0.27, "Poverty Level (Relative Vulnerability - AMAAN)": 0.034391818, "Poverty Level (Internal Vulnerability - AMAAN)": 44.3438914, "composite_score": 0.531979928 }, "geometry": { "type": "Point", "coordinates": [ 36.149523128950683, 34.612352372933707 ] } },
{ "type": "Feature", "properties": { "rand_point_id": 901, "adm3_name1": "شربيلا", "adm3_pcode": "35457", "Nighttime light radiance": 1.083571426, "Household Deprivation Score": 0.74189455, "Negative Coping Tendency": 16.225, "Unemployment rate": 9.3, "Population dependency ratio": 57.4, "Food insecurity level (IPC)": 0.27, "Poverty Level (Relative Vulnerability - AMAAN)": 0.005439522, "Poverty Level (Internal Vulnerability - AMAAN)": 5.973025048, "composite_score": 0.531248703 }, "geometry": { "type": "Point", "coordinates": [ 36.139590484265717, 34.578274391351869 ] } },
{ "type": "Feature", "properties": { "rand_point_id": 902, "adm3_name1": "التليل", "adm3_pcode": "35459", "Nighttime light radiance": 1.71125, "Household Deprivation Score": 0.74189455, "Negative Coping Tendency": 16.225, "Unemployment rate": 9.3, "Population dependency ratio": 57.4, "Food insecurity level (IPC)": 0.27, "Poverty Level (Relative Vulnerability - AMAAN)": 0.014388413, "Poverty Level (Internal Vulnerability - AMAAN)": 2.68061458, "composite_score": 0.531201943 }, "geometry": { "type": "Point", "coordinates": [ 36.142324129296114, 34.593050800884349 ] } },
{ "type": "Feature", "properties": { "rand_point_id": 903, "adm3_name1": "مزيحمة", "adm3_pcode": "35461", "Nighttime light radiance": 1.810000002, "Household Deprivation Score": 0.74189455, "Negative Coping Tendency": 16.225, "Unemployment rate": 9.3, "Population dependency ratio": 57.4, "Food insecurity level (IPC)": 0.27, "Poverty Level (Relative Vulnerability - AMAAN)": 0.000877342, "Poverty Level (Internal Vulnerability - AMAAN)": 62.5, "composite_score": 0.531018852 }, "geometry": { "type": "Point", "coordinates": [ 36.140291400898576, 34.613864708201604 ] } },
{ "type": "Feature", "properties": { "rand_point_id": 904, "adm3_name1": "هيتلا", "adm3_pcode": "35463", "Nighttime light radiance": 0.934999991, "Household Deprivation Score": 0.74189455, "Negative Coping Tendency": 16.225, "Unemployment rate": 9.3, "Population dependency ratio": 57.4, "Food insecurity level (IPC)": 0.27, "Poverty Level (Relative Vulnerability - AMAAN)": 0.010528107, "Poverty Level (Internal Vulnerability - AMAAN)": 6.160164271, "composite_score": 0.531479452 }, "geometry": { "type": "Point", "coordinates": [ 36.123365597999225, 34.601872831666562 ] } },
{ "type": "Feature", "properties": { "rand_point_id": 905, "adm3_name1": "كنيسة", "adm3_pcode": "35465", "Nighttime light radiance": 1.864285725, "Household Deprivation Score": 0.74189455, "Negative Coping Tendency": 16.225, "Unemployment rate": 9.3, "Population dependency ratio": 57.4, "Food insecurity level (IPC)": 0.27, "Poverty Level (Relative Vulnerability - AMAAN)": 0.058430996, "Poverty Level (Internal Vulnerability - AMAAN)": 62.12686567, "composite_score": 0.532709819 }, "geometry": { "type": "Point", "coordinates": [ 36.123734276353915, 34.564100256097127 ] } },
{ "type": "Feature", "properties": { "rand_point_id": 906, "adm3_name1": "الريحانية", "adm3_pcode": "35467", "Nighttime light radiance": 1.445000004, "Household Deprivation Score": 0.74189455, "Negative Coping Tendency": 16.225, "Unemployment rate": 9.3, "Population dependency ratio": 57.4, "Food insecurity level (IPC)": 0.27, "Poverty Level (Relative Vulnerability - AMAAN)": 0.09212094, "Poverty Level (Internal Vulnerability - AMAAN)": 12.39962211, "composite_score": 0.533696905 }, "geometry": { "type": "Point", "coordinates": [ 36.110825370435478, 34.581348336178024 ] } },
{ "type": "Feature", "properties": { "rand_point_id": 907, "adm3_name1": "السنديانة", "adm3_pcode": "35469", "Nighttime light radiance": 2.10599997, "Household Deprivation Score": 0.74189455, "Negative Coping Tendency": 16.225, "Unemployment rate": 9.3, "Population dependency ratio": 57.4, "Food insecurity level (IPC)": 0.27, "Poverty Level (Relative Vulnerability - AMAAN)": 0.0, "Poverty Level (Internal Vulnerability - AMAAN)": 0.0, "composite_score": 0.530584144 }, "geometry": { "type": "Point", "coordinates": [ 36.12269807754263, 34.58680703136033 ] } },
{ "type": "Feature", "properties": { "rand_point_id": 908, "adm3_name1": "حميص", "adm3_pcode": "35470", "Nighttime light radiance": 1.035555561, "Household Deprivation Score": 0.74189455, "Negative Coping Tendency": 16.225, "Unemployment rate": 9.3, "Population dependency ratio": 57.4, "Food insecurity level (IPC)": 0.27, "Poverty Level (Relative Vulnerability - AMAAN)": 0.0, "Poverty Level (Internal Vulnerability - AMAAN)": 0.0, "composite_score": 0.531098795 }, "geometry": { "type": "Point", "coordinates": [ 36.126983881271769, 34.569338539816066 ] } },
{ "type": "Feature", "properties": { "rand_point_id": 909, "adm3_name1": "سرار", "adm3_pcode": "35471", "Nighttime light radiance": 1.866363655, "Household Deprivation Score": 0.74189455, "Negative Coping Tendency": 16.225, "Unemployment rate": 9.3, "Population dependency ratio": 57.4, "Food insecurity level (IPC)": 0.27, "Poverty Level (Relative Vulnerability - AMAAN)": 0.0, "Poverty Level (Internal Vulnerability - AMAAN)": 0.0, "composite_score": 0.530701465 }, "geometry": { "type": "Point", "coordinates": [ 36.13101556223161, 34.616980367004615 ] } },
{ "type": "Feature", "properties": { "rand_point_id": 910, "adm3_name1": "الغزيله", "adm3_pcode": "35475", "Nighttime light radiance": 1.862352939, "Household Deprivation Score": 0.74189455, "Negative Coping Tendency": 16.225, "Unemployment rate": 9.3, "Population dependency ratio": 57.4, "Food insecurity level (IPC)": 0.27, "Poverty Level (Relative Vulnerability - AMAAN)": 0.0261448, "Poverty Level (Internal Vulnerability - AMAAN)": 15.47248183, "composite_score": 0.53155506 }, "geometry": { "type": "Point", "coordinates": [ 36.118016424048847, 34.595642541774389 ] } },
{ "type": "Feature", "properties": { "rand_point_id": 911, "adm3_name1": "عرمه", "adm3_pcode": "35484", "Nighttime light radiance": 0.873000002, "Household Deprivation Score": 0.74189455, "Negative Coping Tendency": 16.225, "Unemployment rate": 9.3, "Population dependency ratio": 57.4, "Food insecurity level (IPC)": 0.27, "Poverty Level (Relative Vulnerability - AMAAN)": 0.0, "Poverty Level (Internal Vulnerability - AMAAN)": 0.0, "composite_score": 0.531193387 }, "geometry": { "type": "Point", "coordinates": [ 36.173071134633396, 34.627414465424209 ] } },
{ "type": "Feature", "properties": { "rand_point_id": 912, "adm3_name1": "النهريه", "adm3_pcode": "35486", "Nighttime light radiance": 1.326511627, "Household Deprivation Score": 0.74189455, "Negative Coping Tendency": 16.225, "Unemployment rate": 9.3, "Population dependency ratio": 57.4, "Food insecurity level (IPC)": 0.27, "Poverty Level (Relative Vulnerability - AMAAN)": 0.095981246, "Poverty Level (Internal Vulnerability - AMAAN)": 16.51570048, "composite_score": 0.533909434 }, "geometry": { "type": "Point", "coordinates": [ 36.275568130975117, 34.596862304825102 ] } },
{ "type": "Feature", "properties": { "rand_point_id": 913, "adm3_name1": "القبيات", "adm3_pcode": "35487", "Nighttime light radiance": 1.101573029, "Household Deprivation Score": 0.74189455, "Negative Coping Tendency": 16.225, "Unemployment rate": 9.3, "Population dependency ratio": 57.4, "Food insecurity level (IPC)": 0.27, "Poverty Level (Relative Vulnerability - AMAAN)": 0.024565584, "Poverty Level (Internal Vulnerability - AMAAN)": 1.650943396, "composite_score": 0.531826146 }, "geometry": { "type": "Point", "coordinates": [ 36.267947865630909, 34.555493749996643 ] } },
{ "type": "Feature", "properties": { "rand_point_id": 914, "adm3_name1": "عندقت", "adm3_pcode": "35498", "Nighttime light radiance": 1.290927153, "Household Deprivation Score": 0.74189455, "Negative Coping Tendency": 16.225, "Unemployment rate": 9.3, "Population dependency ratio": 57.4, "Food insecurity level (IPC)": 0.27, "Poverty Level (Relative Vulnerability - AMAAN)": 0.01473935, "Poverty Level (Internal Vulnerability - AMAAN)": 1.903898459, "composite_score": 0.531456874 }, "geometry": { "type": "Point", "coordinates": [ 36.291207673439047, 34.612870224282176 ] } },
{ "type": "Feature", "properties": { "rand_point_id": 915, "adm3_name1": "دائرة النهر الكبير", "adm3_pcode": "35511", "Nighttime light radiance": 1.212463768, "Household Deprivation Score": 0.74189455, "Negative Coping Tendency": 16.225, "Unemployment rate": 9.3, "Population dependency ratio": 57.4, "Food insecurity level (IPC)": 0.27, "Poverty Level (Relative Vulnerability - AMAAN)": 0.024390116, "Poverty Level (Internal Vulnerability - AMAAN)": 4.030153668, "composite_score": 0.531806727 }, "geometry": { "type": "Point", "coordinates": [ 36.32872129090007, 34.667818336918337 ] } },
{ "type": "Feature", "properties": { "rand_point_id": 916, "adm3_name1": "العماير", "adm3_pcode": "35512", "Nighttime light radiance": 2.005909095, "Household Deprivation Score": 0.74189455, "Negative Coping Tendency": 16.225, "Unemployment rate": 9.3, "Population dependency ratio": 57.4, "Food insecurity level (IPC)": 0.27, "Poverty Level (Relative Vulnerability - AMAAN)": 2.804336878, "Poverty Level (Internal Vulnerability - AMAAN)": 78.30858935000001, "composite_score": 0.614540266 }, "geometry": { "type": "Point", "coordinates": [ 36.372947898946101, 34.606939769068646 ] } },
{ "type": "Feature", "properties": { "rand_point_id": 917, "adm3_name1": "حنيدر", "adm3_pcode": "35514", "Nighttime light radiance": 1.103584904, "Household Deprivation Score": 0.74189455, "Negative Coping Tendency": 16.225, "Unemployment rate": 9.3, "Population dependency ratio": 57.4, "Food insecurity level (IPC)": 0.27, "Poverty Level (Relative Vulnerability - AMAAN)": 0.127741037, "Poverty Level (Internal Vulnerability - AMAAN)": 33.0758746, "composite_score": 0.535068541 }, "geometry": { "type": "Point", "coordinates": [ 36.434135975200533, 34.619184272697247 ] } },
{ "type": "Feature", "properties": { "rand_point_id": 918, "adm3_name1": "كنيسة هنيدر", "adm3_pcode": "35515", "Nighttime light radiance": 0.768235294, "Household Deprivation Score": 0.74189455, "Negative Coping Tendency": 16.225, "Unemployment rate": 9.3, "Population dependency ratio": 57.4, "Food insecurity level (IPC)": 0.27, "Poverty Level (Relative Vulnerability - AMAAN)": 0.222494003, "Poverty Level (Internal Vulnerability - AMAAN)": 70.32723239000001, "composite_score": 0.53821682 }, "geometry": { "type": "Point", "coordinates": [ 36.440155440464025, 34.597599928423101 ] } },
{ "type": "Feature", "properties": { "rand_point_id": 919, "adm3_name1": "اكروم", "adm3_pcode": "35516", "Nighttime light radiance": 0.7457085, "Household Deprivation Score": 0.74189455, "Negative Coping Tendency": 16.225, "Unemployment rate": 9.3, "Population dependency ratio": 57.4, "Food insecurity level (IPC)": 0.27, "Poverty Level (Relative Vulnerability - AMAAN)": 0.393926686, "Poverty Level (Internal Vulnerability - AMAAN)": 17.68273472, "composite_score": 0.543101397 }, "geometry": { "type": "Point", "coordinates": [ 36.383250125019984, 34.54701740597352 ] } },
{ "type": "Feature", "properties": { "rand_point_id": 920, "adm3_name1": "قرحه عكار", "adm3_pcode": "35518", "Nighttime light radiance": 0.628888885, "Household Deprivation Score": 0.74189455, "Negative Coping Tendency": 16.225, "Unemployment rate": 9.3, "Population dependency ratio": 57.4, "Food insecurity level (IPC)": 0.27, "Poverty Level (Relative Vulnerability - AMAAN)": 0.0, "Poverty Level (Internal Vulnerability - AMAAN)": 0.0, "composite_score": 0.531350839 }, "geometry": { "type": "Point", "coordinates": [ 36.458993777955655, 34.630350942521986 ] } },
{ "type": "Feature", "properties": { "rand_point_id": 921, "adm3_name1": "مشاع الجبه", "adm3_pcode": "36110", "Nighttime light radiance": 0.6571875, "Household Deprivation Score": 0.41233249, "Negative Coping Tendency": 0.45, "Unemployment rate": 13.4, "Population dependency ratio": 55.3, "Food insecurity level (IPC)": 0.08, "Poverty Level (Relative Vulnerability - AMAAN)": 0.0, "Poverty Level (Internal Vulnerability - AMAAN)": 0.0, "composite_score": 0.223920452 }, "geometry": { "type": "Point", "coordinates": [ 36.013865836487092, 34.199755850205271 ] } },
{ "type": "Feature", "properties": { "rand_point_id": 922, "adm3_name1": "بشري", "adm3_pcode": "36111", "Nighttime light radiance": 1.441139597, "Household Deprivation Score": 0.41233249, "Negative Coping Tendency": 0.45, "Unemployment rate": 13.4, "Population dependency ratio": 55.3, "Food insecurity level (IPC)": 0.08, "Poverty Level (Relative Vulnerability - AMAAN)": 0.025618395, "Poverty Level (Internal Vulnerability - AMAAN)": 14.01151631, "composite_score": 0.224370391 }, "geometry": { "type": "Point", "coordinates": [ 36.028649692338931, 34.241466991513377 ] } },
{ "type": "Feature", "properties": { "rand_point_id": 923, "adm3_name1": "قنيور", "adm3_pcode": "36114", "Nighttime light radiance": 0.850555562, "Household Deprivation Score": 0.41233249, "Negative Coping Tendency": 0.45, "Unemployment rate": 13.4, "Population dependency ratio": 55.3, "Food insecurity level (IPC)": 0.08, "Poverty Level (Relative Vulnerability - AMAAN)": 0.0, "Poverty Level (Internal Vulnerability - AMAAN)": 0.0, "composite_score": 0.223832446 }, "geometry": { "type": "Point", "coordinates": [ 35.923496629080475, 34.267509391755816 ] } },
{ "type": "Feature", "properties": { "rand_point_id": 924, "adm3_name1": "بلا", "adm3_pcode": "36117", "Nighttime light radiance": 1.40571429, "Household Deprivation Score": 0.41233249, "Negative Coping Tendency": 0.45, "Unemployment rate": 13.4, "Population dependency ratio": 55.3, "Food insecurity level (IPC)": 0.08, "Poverty Level (Relative Vulnerability - AMAAN)": 0.000526405, "Poverty Level (Internal Vulnerability - AMAAN)": 1.048951049, "composite_score": 0.223590022 }, "geometry": { "type": "Point", "coordinates": [ 35.891642005348601, 34.263351581286315 ] } },
{ "type": "Feature", "properties": { "rand_point_id": 925, "adm3_name1": "عبدين بشري", "adm3_pcode": "36121", "Nighttime light radiance": 1.576666657, "Household Deprivation Score": 0.41233249, "Negative Coping Tendency": 0.45, "Unemployment rate": 13.4, "Population dependency ratio": 55.3, "Food insecurity level (IPC)": 0.08, "Poverty Level (Relative Vulnerability - AMAAN)": 0.0, "Poverty Level (Internal Vulnerability - AMAAN)": 0.0, "composite_score": 0.223492459 }, "geometry": { "type": "Point", "coordinates": [ 35.880337953615438, 34.270198734961539 ] } },
{ "type": "Feature", "properties": { "rand_point_id": 926, "adm3_name1": "طورزا", "adm3_pcode": "36124", "Nighttime light radiance": 1.570000005, "Household Deprivation Score": 0.41233249, "Negative Coping Tendency": 0.45, "Unemployment rate": 13.4, "Population dependency ratio": 55.3, "Food insecurity level (IPC)": 0.08, "Poverty Level (Relative Vulnerability - AMAAN)": 0.0, "Poverty Level (Internal Vulnerability - AMAAN)": 0.0, "composite_score": 0.223499217 }, "geometry": { "type": "Point", "coordinates": [ 35.9044466181413, 34.273860696125155 ] } },
{ "type": "Feature", "properties": { "rand_point_id": 927, "adm3_name1": "قناة", "adm3_pcode": "36127", "Nighttime light radiance": 0.976052628, "Household Deprivation Score": 0.41233249, "Negative Coping Tendency": 0.45, "Unemployment rate": 13.4, "Population dependency ratio": 55.3, "Food insecurity level (IPC)": 0.08, "Poverty Level (Relative Vulnerability - AMAAN)": 0.000526405, "Poverty Level (Internal Vulnerability - AMAAN)": 0.410958904, "composite_score": 0.223805171 }, "geometry": { "type": "Point", "coordinates": [ 35.909143009355525, 34.253918238617764 ] } },
{ "type": "Feature", "properties": { "rand_point_id": 928, "adm3_name1": "حدث الجبه", "adm3_pcode": "36131", "Nighttime light radiance": 1.091269837, "Household Deprivation Score": 0.41233249, "Negative Coping Tendency": 0.45, "Unemployment rate": 13.4, "Population dependency ratio": 55.3, "Food insecurity level (IPC)": 0.08, "Poverty Level (Relative Vulnerability - AMAAN)": 0.001403748, "Poverty Level (Internal Vulnerability - AMAAN)": 0.796812749, "composite_score": 0.223782483 }, "geometry": { "type": "Point", "coordinates": [ 35.932976709838286, 34.237334799417134 ] } },
{ "type": "Feature", "properties": { "rand_point_id": 929, "adm3_name1": "مزرعة بني صعب", "adm3_pcode": "36134", "Nighttime light radiance": 1.010909091, "Household Deprivation Score": 0.41233249, "Negative Coping Tendency": 0.45, "Unemployment rate": 13.4, "Population dependency ratio": 55.3, "Food insecurity level (IPC)": 0.08, "Poverty Level (Relative Vulnerability - AMAAN)": 0.0, "Poverty Level (Internal Vulnerability - AMAAN)": 0.0, "composite_score": 0.223779269 }, "geometry": { "type": "Point", "coordinates": [ 35.883115529689846, 34.251311468165589 ] } },
{ "type": "Feature", "properties": { "rand_point_id": 930, "adm3_name1": "برحليون", "adm3_pcode": "36137", "Nighttime light radiance": 1.157179484, "Household Deprivation Score": 0.41233249, "Negative Coping Tendency": 0.45, "Unemployment rate": 13.4, "Population dependency ratio": 55.3, "Food insecurity level (IPC)": 0.08, "Poverty Level (Relative Vulnerability - AMAAN)": 0.00228109, "Poverty Level (Internal Vulnerability - AMAAN)": 1.744966443, "composite_score": 0.223788305 }, "geometry": { "type": "Point", "coordinates": [ 35.874942860998338, 34.27452700874835 ] } },
{ "type": "Feature", "properties": { "rand_point_id": 931, "adm3_name1": "وادي قنوبين", "adm3_pcode": "36141", "Nighttime light radiance": 1.024999994, "Household Deprivation Score": 0.41233249, "Negative Coping Tendency": 0.45, "Unemployment rate": 13.4, "Population dependency ratio": 55.3, "Food insecurity level (IPC)": 0.08, "Poverty Level (Relative Vulnerability - AMAAN)": 0.0, "Poverty Level (Internal Vulnerability - AMAAN)": 0.0, "composite_score": 0.223780819 }, "geometry": { "type": "Point", "coordinates": [ 35.954125383316075, 34.251288789294527 ] } },
{ "type": "Feature", "properties": { "rand_point_id": 932, "adm3_name1": "مزرعة عساف", "adm3_pcode": "36144", "Nighttime light radiance": 0.775714287, "Household Deprivation Score": 0.41233249, "Negative Coping Tendency": 0.45, "Unemployment rate": 13.4, "Population dependency ratio": 55.3, "Food insecurity level (IPC)": 0.08, "Poverty Level (Relative Vulnerability - AMAAN)": 0.001052811, "Poverty Level (Internal Vulnerability - AMAAN)": 5.504587156, "composite_score": 0.223959624 }, "geometry": { "type": "Point", "coordinates": [ 35.877480382050749, 34.248363910920631 ] } },
{ "type": "Feature", "properties": { "rand_point_id": 933, "adm3_name1": "بان", "adm3_pcode": "36147", "Nighttime light radiance": 1.001818172, "Household Deprivation Score": 0.41233249, "Negative Coping Tendency": 0.45, "Unemployment rate": 13.4, "Population dependency ratio": 55.3, "Food insecurity level (IPC)": 0.08, "Poverty Level (Relative Vulnerability - AMAAN)": 0.001228279, "Poverty Level (Internal Vulnerability - AMAAN)": 1.100628931, "composite_score": 0.2238405 }, "geometry": { "type": "Point", "coordinates": [ 35.964058724781459, 34.269758474481819 ] } },
{ "type": "Feature", "properties": { "rand_point_id": 934, "adm3_name1": "بلوزا", "adm3_pcode": "36151", "Nighttime light radiance": 1.215714284, "Household Deprivation Score": 0.41233249, "Negative Coping Tendency": 0.45, "Unemployment rate": 13.4, "Population dependency ratio": 55.3, "Food insecurity level (IPC)": 0.08, "Poverty Level (Relative Vulnerability - AMAAN)": 0.001930153, "Poverty Level (Internal Vulnerability - AMAAN)": 2.044609665, "composite_score": 0.223767719 }, "geometry": { "type": "Point", "coordinates": [ 35.95797214439942, 34.264828157541317 ] } },
{ "type": "Feature", "properties": { "rand_point_id": 935, "adm3_name1": "مغر الاحول", "adm3_pcode": "36154", "Nighttime light radiance": 1.844285692, "Household Deprivation Score": 0.41233249, "Negative Coping Tendency": 0.45, "Unemployment rate": 13.4, "Population dependency ratio": 55.3, "Food insecurity level (IPC)": 0.08, "Poverty Level (Relative Vulnerability - AMAAN)": 0.000877342, "Poverty Level (Internal Vulnerability - AMAAN)": 2.631578947, "composite_score": 0.223441011 }, "geometry": { "type": "Point", "coordinates": [ 35.873041725068099, 34.288382844070163 ] } },
{ "type": "Feature", "properties": { "rand_point_id": 936, "adm3_name1": "بريسات", "adm3_pcode": "36157", "Nighttime light radiance": 1.212500006, "Household Deprivation Score": 0.41233249, "Negative Coping Tendency": 0.45, "Unemployment rate": 13.4, "Population dependency ratio": 55.3, "Food insecurity level (IPC)": 0.08, "Poverty Level (Relative Vulnerability - AMAAN)": 0.0, "Poverty Level (Internal Vulnerability - AMAAN)": 0.0, "composite_score": 0.223709872 }, "geometry": { "type": "Point", "coordinates": [ 35.939099683872577, 34.245452700473578 ] } },
{ "type": "Feature", "properties": { "rand_point_id": 937, "adm3_name1": "ديمان", "adm3_pcode": "36161", "Nighttime light radiance": 1.352608707, "Household Deprivation Score": 0.41233249, "Negative Coping Tendency": 0.45, "Unemployment rate": 13.4, "Population dependency ratio": 55.3, "Food insecurity level (IPC)": 0.08, "Poverty Level (Relative Vulnerability - AMAAN)": 0.0, "Poverty Level (Internal Vulnerability - AMAAN)": 0.0, "composite_score": 0.223647414 }, "geometry": { "type": "Point", "coordinates": [ 35.94982001396842, 34.246695548258344 ] } },
{ "type": "Feature", "properties": { "rand_point_id": 938, "adm3_name1": "متريت", "adm3_pcode": "36164", "Nighttime light radiance": 1.415599995, "Household Deprivation Score": 0.41233249, "Negative Coping Tendency": 0.45, "Unemployment rate": 13.4, "Population dependency ratio": 55.3, "Food insecurity level (IPC)": 0.08, "Poverty Level (Relative Vulnerability - AMAAN)": 0.000877342, "Poverty Level (Internal Vulnerability - AMAAN)": 2.155172414, "composite_score": 0.223656406 }, "geometry": { "type": "Point", "coordinates": [ 35.85307758733704, 34.259448158521423 ] } },
{ "type": "Feature", "properties": { "rand_point_id": 939, "adm3_name1": "حصرون", "adm3_pcode": "36171", "Nighttime light radiance": 1.254999993, "Household Deprivation Score": 0.41233249, "Negative Coping Tendency": 0.45, "Unemployment rate": 13.4, "Population dependency ratio": 55.3, "Food insecurity level (IPC)": 0.08, "Poverty Level (Relative Vulnerability - AMAAN)": 0.010001702, "Poverty Level (Internal Vulnerability - AMAAN)": 2.16730038, "composite_score": 0.224013521 }, "geometry": { "type": "Point", "coordinates": [ 35.975994698891647, 34.235757076199299 ] } },
{ "type": "Feature", "properties": { "rand_point_id": 940, "adm3_name1": "حدشيت", "adm3_pcode": "36177", "Nighttime light radiance": 1.293999998, "Household Deprivation Score": 0.41233249, "Negative Coping Tendency": 0.45, "Unemployment rate": 13.4, "Population dependency ratio": 55.3, "Food insecurity level (IPC)": 0.08, "Poverty Level (Relative Vulnerability - AMAAN)": 0.022459962, "Poverty Level (Internal Vulnerability - AMAAN)": 3.56545961, "composite_score": 0.224379111 }, "geometry": { "type": "Point", "coordinates": [ 35.961029700491345, 34.260538893821654 ] } },
{ "type": "Feature", "properties": { "rand_point_id": 941, "adm3_name1": "بزعون", "adm3_pcode": "36181", "Nighttime light radiance": 2.08928571, "Household Deprivation Score": 0.41233249, "Negative Coping Tendency": 0.45, "Unemployment rate": 13.4, "Population dependency ratio": 55.3, "Food insecurity level (IPC)": 0.08, "Poverty Level (Relative Vulnerability - AMAAN)": 0.008597954, "Poverty Level (Internal Vulnerability - AMAAN)": 6.703146375, "composite_score": 0.223603441 }, "geometry": { "type": "Point", "coordinates": [ 35.987330073391398, 34.245802703263699 ] } },
{ "type": "Feature", "properties": { "rand_point_id": 942, "adm3_name1": "بقرقاشا", "adm3_pcode": "36184", "Nighttime light radiance": 1.023703701, "Household Deprivation Score": 0.41233249, "Negative Coping Tendency": 0.45, "Unemployment rate": 13.4, "Population dependency ratio": 55.3, "Food insecurity level (IPC)": 0.08, "Poverty Level (Relative Vulnerability - AMAAN)": 0.018424188, "Poverty Level (Internal Vulnerability - AMAAN)": 10.01908397, "composite_score": 0.2244254 }, "geometry": { "type": "Point", "coordinates": [ 35.993715041001067, 34.238681702563191 ] } },
{ "type": "Feature", "properties": { "rand_point_id": 943, "adm3_name1": "بيت منذر", "adm3_pcode": "36187", "Nighttime light radiance": 1.186923068, "Household Deprivation Score": 0.41233249, "Negative Coping Tendency": 0.45, "Unemployment rate": 13.4, "Population dependency ratio": 55.3, "Food insecurity level (IPC)": 0.08, "Poverty Level (Relative Vulnerability - AMAAN)": 0.000701874, "Poverty Level (Internal Vulnerability - AMAAN)": 0.065370159, "composite_score": 0.223778941 }, "geometry": { "type": "Point", "coordinates": [ 35.918009337051821, 34.264547430411348 ] } },
{ "type": "Feature", "properties": { "rand_point_id": 944, "adm3_name1": "بقاع كفرا", "adm3_pcode": "36191", "Nighttime light radiance": 1.291315796, "Household Deprivation Score": 0.41233249, "Negative Coping Tendency": 0.45, "Unemployment rate": 13.4, "Population dependency ratio": 55.3, "Food insecurity level (IPC)": 0.08, "Poverty Level (Relative Vulnerability - AMAAN)": 0.008247017, "Poverty Level (Internal Vulnerability - AMAAN)": 8.655616943, "composite_score": 0.223996251 }, "geometry": { "type": "Point", "coordinates": [ 36.017475210269012, 34.219700697512934 ] } },
{ "type": "Feature", "properties": { "rand_point_id": 945, "adm3_name1": null, "adm3_pcode": "37001", "Nighttime light radiance": null, "Household Deprivation Score": null, "Negative Coping Tendency": null, "Unemployment rate": null, "Population dependency ratio": null, "Food insecurity level (IPC)": null, "Poverty Level (Relative Vulnerability - AMAAN)": null, "Poverty Level (Internal Vulnerability - AMAAN)": null, "composite_score": null }, "geometry": { "type": "Point", "coordinates": [ 36.047473689475794, 34.410543966406649 ] } },
{ "type": "Feature", "properties": { "rand_point_id": 946, "adm3_name1": null, "adm3_pcode": "37002", "Nighttime light radiance": null, "Household Deprivation Score": null, "Negative Coping Tendency": null, "Unemployment rate": null, "Population dependency ratio": null, "Food insecurity level (IPC)": null, "Poverty Level (Relative Vulnerability - AMAAN)": null, "Poverty Level (Internal Vulnerability - AMAAN)": null, "composite_score": null }, "geometry": { "type": "Point", "coordinates": [ 36.079563173313446, 34.361841814178113 ] } },
{ "type": "Feature", "properties": { "rand_point_id": 947, "adm3_name1": null, "adm3_pcode": "37003", "Nighttime light radiance": null, "Household Deprivation Score": null, "Negative Coping Tendency": null, "Unemployment rate": null, "Population dependency ratio": null, "Food insecurity level (IPC)": null, "Poverty Level (Relative Vulnerability - AMAAN)": null, "Poverty Level (Internal Vulnerability - AMAAN)": null, "composite_score": null }, "geometry": { "type": "Point", "coordinates": [ 35.981848229246516, 34.353267731082276 ] } },
{ "type": "Feature", "properties": { "rand_point_id": 948, "adm3_name1": null, "adm3_pcode": "37004", "Nighttime light radiance": null, "Household Deprivation Score": null, "Negative Coping Tendency": null, "Unemployment rate": null, "Population dependency ratio": null, "Food insecurity level (IPC)": null, "Poverty Level (Relative Vulnerability - AMAAN)": null, "Poverty Level (Internal Vulnerability - AMAAN)": null, "composite_score": null }, "geometry": { "type": "Point", "coordinates": [ 35.96312973594992, 34.349737881664325 ] } },
{ "type": "Feature", "properties": { "rand_point_id": 949, "adm3_name1": null, "adm3_pcode": "37005", "Nighttime light radiance": null, "Household Deprivation Score": null, "Negative Coping Tendency": null, "Unemployment rate": null, "Population dependency ratio": null, "Food insecurity level (IPC)": null, "Poverty Level (Relative Vulnerability - AMAAN)": null, "Poverty Level (Internal Vulnerability - AMAAN)": null, "composite_score": null }, "geometry": { "type": "Point", "coordinates": [ 35.965747843756333, 34.343289492605841 ] } },
{ "type": "Feature", "properties": { "rand_point_id": 950, "adm3_name1": null, "adm3_pcode": "37006", "Nighttime light radiance": null, "Household Deprivation Score": null, "Negative Coping Tendency": null, "Unemployment rate": null, "Population dependency ratio": null, "Food insecurity level (IPC)": null, "Poverty Level (Relative Vulnerability - AMAAN)": null, "Poverty Level (Internal Vulnerability - AMAAN)": null, "composite_score": null }, "geometry": { "type": "Point", "coordinates": [ 36.04672276778247, 34.313592550528355 ] } },
{ "type": "Feature", "properties": { "rand_point_id": 951, "adm3_name1": "بداوي", "adm3_pcode": "37231", "Nighttime light radiance": 22.75393928, "Household Deprivation Score": 0.42335444, "Negative Coping Tendency": 0.9625, "Unemployment rate": 8.3, "Population dependency ratio": 52.8, "Food insecurity level (IPC)": 0.12, "Poverty Level (Relative Vulnerability - AMAAN)": 1.161425716, "Poverty Level (Internal Vulnerability - AMAAN)": 10.48703974, "composite_score": 0.210409812 }, "geometry": { "type": "Point", "coordinates": [ 35.864720483131848, 34.448219390058874 ] } },
{ "type": "Feature", "properties": { "rand_point_id": 952, "adm3_name1": "دير عمار", "adm3_pcode": "37241", "Nighttime light radiance": 9.626315732, "Household Deprivation Score": 0.42335444, "Negative Coping Tendency": 0.9625, "Unemployment rate": 8.3, "Population dependency ratio": 52.8, "Food insecurity level (IPC)": 0.12, "Poverty Level (Relative Vulnerability - AMAAN)": 0.207403716, "Poverty Level (Internal Vulnerability - AMAAN)": 18.93320519, "composite_score": 0.188345883 }, "geometry": { "type": "Point", "coordinates": [ 35.896590680386318, 34.457242150081761 ] } },
{ "type": "Feature", "properties": { "rand_point_id": 953, "adm3_name1": "برج اليهودية", "adm3_pcode": "37251", "Nighttime light radiance": 5.683846125, "Household Deprivation Score": 0.42335444, "Negative Coping Tendency": 0.9625, "Unemployment rate": 8.3, "Population dependency ratio": 52.8, "Food insecurity level (IPC)": 0.12, "Poverty Level (Relative Vulnerability - AMAAN)": 0.068783635, "Poverty Level (Internal Vulnerability - AMAAN)": 62.82051282, "composite_score": 0.186314719 }, "geometry": { "type": "Point", "coordinates": [ 35.911439168231631, 34.453565683599031 ] } },
{ "type": "Feature", "properties": { "rand_point_id": 954, "adm3_name1": "النبي يوشع", "adm3_pcode": "37261", "Nighttime light radiance": 6.083684181, "Household Deprivation Score": 0.42335444, "Negative Coping Tendency": 0.9625, "Unemployment rate": 8.3, "Population dependency ratio": 52.8, "Food insecurity level (IPC)": 0.12, "Poverty Level (Relative Vulnerability - AMAAN)": 0.06369505, "Poverty Level (Internal Vulnerability - AMAAN)": 16.66666667, "composite_score": 0.185779378 }, "geometry": { "type": "Point", "coordinates": [ 35.922284917625724, 34.46711771741046 ] } },
{ "type": "Feature", "properties": { "rand_point_id": 955, "adm3_name1": "المنيه", "adm3_pcode": "37271", "Nighttime light radiance": 11.55614036, "Household Deprivation Score": 0.42335444, "Negative Coping Tendency": 0.9625, "Unemployment rate": 8.3, "Population dependency ratio": 52.8, "Food insecurity level (IPC)": 0.12, "Poverty Level (Relative Vulnerability - AMAAN)": 1.255125872, "Poverty Level (Internal Vulnerability - AMAAN)": 22.48098561, "composite_score": 0.218671893 }, "geometry": { "type": "Point", "coordinates": [ 35.922378171422721, 34.474974919314192 ] } },
{ "type": "Feature", "properties": { "rand_point_id": 956, "adm3_name1": "ريحانيه المنيه", "adm3_pcode": "37281", "Nighttime light radiance": 3.532000041, "Household Deprivation Score": 0.42335444, "Negative Coping Tendency": 0.9625, "Unemployment rate": 8.3, "Population dependency ratio": 52.8, "Food insecurity level (IPC)": 0.12, "Poverty Level (Relative Vulnerability - AMAAN)": 0.04211243, "Poverty Level (Internal Vulnerability - AMAAN)": 109.0909091, "composite_score": 0.186792665 }, "geometry": { "type": "Point", "coordinates": [ 35.9843222654942, 34.496780109994454 ] } },
{ "type": "Feature", "properties": { "rand_point_id": 957, "adm3_name1": "ذوق بحنين", "adm3_pcode": "37291", "Nighttime light radiance": 7.057368417, "Household Deprivation Score": 0.42335444, "Negative Coping Tendency": 0.9625, "Unemployment rate": 8.3, "Population dependency ratio": 52.8, "Food insecurity level (IPC)": 0.12, "Poverty Level (Relative Vulnerability - AMAAN)": 0.445163475, "Poverty Level (Internal Vulnerability - AMAAN)": 23.47769758, "composite_score": 0.196737881 }, "geometry": { "type": "Point", "coordinates": [ 35.949740934067627, 34.506252122984037 ] } },
{ "type": "Feature", "properties": { "rand_point_id": 958, "adm3_name1": "سير الضنية", "adm3_pcode": "37311", "Nighttime light radiance": 4.468571459, "Household Deprivation Score": 0.42335444, "Negative Coping Tendency": 0.9625, "Unemployment rate": 8.3, "Population dependency ratio": 52.8, "Food insecurity level (IPC)": 0.12, "Poverty Level (Relative Vulnerability - AMAAN)": 0.125986352, "Poverty Level (Internal Vulnerability - AMAAN)": 11.42039128, "composite_score": 0.188445271 }, "geometry": { "type": "Point", "coordinates": [ 36.029771466510397, 34.383192082388312 ] } },
{ "type": "Feature", "properties": { "rand_point_id": 959, "adm3_name1": "عاصون", "adm3_pcode": "37313", "Nighttime light radiance": 2.720000029, "Household Deprivation Score": 0.42335444, "Negative Coping Tendency": 0.9625, "Unemployment rate": 8.3, "Population dependency ratio": 52.8, "Food insecurity level (IPC)": 0.12, "Poverty Level (Relative Vulnerability - AMAAN)": 0.118090272, "Poverty Level (Internal Vulnerability - AMAAN)": 27.66132347, "composite_score": 0.189122994 }, "geometry": { "type": "Point", "coordinates": [ 35.999604739969492, 34.39755966938246 ] } },
{ "type": "Feature", "properties": { "rand_point_id": 960, "adm3_name1": "مزرعة كتران", "adm3_pcode": "37314", "Nighttime light radiance": 1.571428571, "Household Deprivation Score": 0.42335444, "Negative Coping Tendency": 0.9625, "Unemployment rate": 8.3, "Population dependency ratio": 52.8, "Food insecurity level (IPC)": 0.12, "Poverty Level (Relative Vulnerability - AMAAN)": 0.0, "Poverty Level (Internal Vulnerability - AMAAN)": 0.0, "composite_score": 0.186036283 }, "geometry": { "type": "Point", "coordinates": [ 35.997894859561121, 34.378435832465726 ] } },
{ "type": "Feature", "properties": { "rand_point_id": 961, "adm3_name1": "القطين المنيه", "adm3_pcode": "37315", "Nighttime light radiance": 3.411999989, "Household Deprivation Score": 0.42335444, "Negative Coping Tendency": 0.9625, "Unemployment rate": 8.3, "Population dependency ratio": 52.8, "Food insecurity level (IPC)": 0.12, "Poverty Level (Relative Vulnerability - AMAAN)": 0.01930153, "Poverty Level (Internal Vulnerability - AMAAN)": 9.197324415000001, "composite_score": 0.185770011 }, "geometry": { "type": "Point", "coordinates": [ 36.022292398726641, 34.398505832360577 ] } },
{ "type": "Feature", "properties": { "rand_point_id": 962, "adm3_name1": "بقاع صفرين", "adm3_pcode": "37317", "Nighttime light radiance": 0.669293848, "Household Deprivation Score": 0.42335444, "Negative Coping Tendency": 0.9625, "Unemployment rate": 8.3, "Population dependency ratio": 52.8, "Food insecurity level (IPC)": 0.12, "Poverty Level (Relative Vulnerability - AMAAN)": 0.069660977, "Poverty Level (Internal Vulnerability - AMAAN)": 14.86891386, "composite_score": 0.188612712 }, "geometry": { "type": "Point", "coordinates": [ 36.044309764711834, 34.359982794412957 ] } },
{ "type": "Feature", "properties": { "rand_point_id": 963, "adm3_name1": "بقرصونه", "adm3_pcode": "37319", "Nighttime light radiance": 5.140999976, "Household Deprivation Score": 0.42335444, "Negative Coping Tendency": 0.9625, "Unemployment rate": 8.3, "Population dependency ratio": 52.8, "Food insecurity level (IPC)": 0.12, "Poverty Level (Relative Vulnerability - AMAAN)": 0.253025515, "Poverty Level (Internal Vulnerability - AMAAN)": 43.17365269, "composite_score": 0.192055626 }, "geometry": { "type": "Point", "coordinates": [ 36.044204389920004, 34.377462366949551 ] } },
{ "type": "Feature", "properties": { "rand_point_id": 964, "adm3_name1": "حازمية المنيه", "adm3_pcode": "37321", "Nighttime light radiance": 3.086666663, "Household Deprivation Score": 0.42335444, "Negative Coping Tendency": 0.9625, "Unemployment rate": 8.3, "Population dependency ratio": 52.8, "Food insecurity level (IPC)": 0.12, "Poverty Level (Relative Vulnerability - AMAAN)": 0.01245826, "Poverty Level (Internal Vulnerability - AMAAN)": 27.95275591, "composite_score": 0.185812251 }, "geometry": { "type": "Point", "coordinates": [ 36.04195161364062, 34.392286396538523 ] } },
{ "type": "Feature", "properties": { "rand_point_id": 965, "adm3_name1": "طاران", "adm3_pcode": "37323", "Nighttime light radiance": 7.904999924, "Household Deprivation Score": 0.42335444, "Negative Coping Tendency": 0.9625, "Unemployment rate": 8.3, "Population dependency ratio": 52.8, "Food insecurity level (IPC)": 0.12, "Poverty Level (Relative Vulnerability - AMAAN)": 0.123354325, "Poverty Level (Internal Vulnerability - AMAAN)": 37.53336893, "composite_score": 0.186848123 }, "geometry": { "type": "Point", "coordinates": [ 36.030177118991119, 34.411376265353177 ] } },
{ "type": "Feature", "properties": { "rand_point_id": 966, "adm3_name1": "نمرين", "adm3_pcode": "37325", "Nighttime light radiance": 1.236511632, "Household Deprivation Score": 0.42335444, "Negative Coping Tendency": 0.9625, "Unemployment rate": 8.3, "Population dependency ratio": 52.8, "Food insecurity level (IPC)": 0.12, "Poverty Level (Relative Vulnerability - AMAAN)": 0.066853482, "Poverty Level (Internal Vulnerability - AMAAN)": 11.81761787, "composite_score": 0.188253044 }, "geometry": { "type": "Point", "coordinates": [ 36.074456301397746, 34.373382987891837 ] } },
{ "type": "Feature", "properties": { "rand_point_id": 967, "adm3_name1": "حقل العزيمة", "adm3_pcode": "37327", "Nighttime light radiance": 3.633333206, "Household Deprivation Score": 0.42335444, "Negative Coping Tendency": 0.9625, "Unemployment rate": 8.3, "Population dependency ratio": 52.8, "Food insecurity level (IPC)": 0.12, "Poverty Level (Relative Vulnerability - AMAAN)": 0.010703576, "Poverty Level (Internal Vulnerability - AMAAN)": 5.0, "composite_score": 0.185403504 }, "geometry": { "type": "Point", "coordinates": [ 36.01745043380761, 34.396834768950932 ] } },
{ "type": "Feature", "properties": { "rand_point_id": 968, "adm3_name1": "بيت الفقس", "adm3_pcode": "37329", "Nighttime light radiance": 8.080000162, "Household Deprivation Score": 0.42335444, "Negative Coping Tendency": 0.9625, "Unemployment rate": 8.3, "Population dependency ratio": 52.8, "Food insecurity level (IPC)": 0.12, "Poverty Level (Relative Vulnerability - AMAAN)": 0.07615331, "Poverty Level (Internal Vulnerability - AMAAN)": 19.60252936, "composite_score": 0.18528648 }, "geometry": { "type": "Point", "coordinates": [ 36.048690955738522, 34.395499649627808 ] } },
{ "type": "Feature", "properties": { "rand_point_id": 969, "adm3_name1": "مراح السفيرة", "adm3_pcode": "37331", "Nighttime light radiance": 4.415000081, "Household Deprivation Score": 0.42335444, "Negative Coping Tendency": 0.9625, "Unemployment rate": 8.3, "Population dependency ratio": 52.8, "Food insecurity level (IPC)": 0.12, "Poverty Level (Relative Vulnerability - AMAAN)": 0.021933557, "Poverty Level (Internal Vulnerability - AMAAN)": 39.18495298, "composite_score": 0.18551874 }, "geometry": { "type": "Point", "coordinates": [ 36.035257316304723, 34.400957054560251 ] } },
{ "type": "Feature", "properties": { "rand_point_id": 970, "adm3_name1": "عين التينه المنيه", "adm3_pcode": "37333", "Nighttime light radiance": 5.534999967, "Household Deprivation Score": 0.42335444, "Negative Coping Tendency": 0.9625, "Unemployment rate": 8.3, "Population dependency ratio": 52.8, "Food insecurity level (IPC)": 0.12, "Poverty Level (Relative Vulnerability - AMAAN)": 0.022986368, "Poverty Level (Internal Vulnerability - AMAAN)": 13.80400421, "composite_score": 0.184903111 }, "geometry": { "type": "Point", "coordinates": [ 36.044972199361474, 34.390451813630882 ] } },
{ "type": "Feature", "properties": { "rand_point_id": 971, "adm3_name1": "خرنوب المنيه", "adm3_pcode": "37335", "Nighttime light radiance": 2.701999998, "Household Deprivation Score": 0.42335444, "Negative Coping Tendency": 0.9625, "Unemployment rate": 8.3, "Population dependency ratio": 52.8, "Food insecurity level (IPC)": 0.12, "Poverty Level (Relative Vulnerability - AMAAN)": 0.0, "Poverty Level (Internal Vulnerability - AMAAN)": 0.0, "composite_score": 0.185518904 }, "geometry": { "type": "Point", "coordinates": [ 36.003070632430031, 34.398645513414586 ] } },
{ "type": "Feature", "properties": { "rand_point_id": 972, "adm3_name1": "سفيرة", "adm3_pcode": "37337", "Nighttime light radiance": 2.882352964, "Household Deprivation Score": 0.42335444, "Negative Coping Tendency": 0.9625, "Unemployment rate": 8.3, "Population dependency ratio": 52.8, "Food insecurity level (IPC)": 0.12, "Poverty Level (Relative Vulnerability - AMAAN)": 0.16037817, "Poverty Level (Internal Vulnerability - AMAAN)": 41.73515982, "composite_score": 0.19039508 }, "geometry": { "type": "Point", "coordinates": [ 36.073133795915957, 34.398141124589827 ] } },
{ "type": "Feature", "properties": { "rand_point_id": 973, "adm3_name1": "قرصيتا", "adm3_pcode": "37339", "Nighttime light radiance": 1.935757572, "Household Deprivation Score": 0.42335444, "Negative Coping Tendency": 0.9625, "Unemployment rate": 8.3, "Population dependency ratio": 52.8, "Food insecurity level (IPC)": 0.12, "Poverty Level (Relative Vulnerability - AMAAN)": 0.208281058, "Poverty Level (Internal Vulnerability - AMAAN)": 50.68317677, "composite_score": 0.192317553 }, "geometry": { "type": "Point", "coordinates": [ 36.073352229600104, 34.391087871005475 ] } },
{ "type": "Feature", "properties": { "rand_point_id": 974, "adm3_name1": "إيزال", "adm3_pcode": "37341", "Nighttime light radiance": 1.562830188, "Household Deprivation Score": 0.42335444, "Negative Coping Tendency": 0.9625, "Unemployment rate": 8.3, "Population dependency ratio": 52.8, "Food insecurity level (IPC)": 0.12, "Poverty Level (Relative Vulnerability - AMAAN)": 0.355148157, "Poverty Level (Internal Vulnerability - AMAAN)": 59.65222517, "composite_score": 0.196912028 }, "geometry": { "type": "Point", "coordinates": [ 35.966313347746528, 34.396284145337752 ] } },
{ "type": "Feature", "properties": { "rand_point_id": 975, "adm3_name1": "بطرماز", "adm3_pcode": "37343", "Nighttime light radiance": 1.884561405, "Household Deprivation Score": 0.42335444, "Negative Coping Tendency": 0.9625, "Unemployment rate": 8.3, "Population dependency ratio": 52.8, "Food insecurity level (IPC)": 0.12, "Poverty Level (Relative Vulnerability - AMAAN)": 0.212843238, "Poverty Level (Internal Vulnerability - AMAAN)": 62.14139344, "composite_score": 0.192533334 }, "geometry": { "type": "Point", "coordinates": [ 36.036350087028303, 34.431747622404664 ] } },
{ "type": "Feature", "properties": { "rand_point_id": 976, "adm3_name1": "قمامين", "adm3_pcode": "37344", "Nighttime light radiance": 0.533499999, "Household Deprivation Score": 0.42335444, "Negative Coping Tendency": 0.9625, "Unemployment rate": 8.3, "Population dependency ratio": 52.8, "Food insecurity level (IPC)": 0.12, "Poverty Level (Relative Vulnerability - AMAAN)": 0.044568988, "Poverty Level (Internal Vulnerability - AMAAN)": 55.45851528, "composite_score": 0.188141981 }, "geometry": { "type": "Point", "coordinates": [ 36.137783665303175, 34.425149436186899 ] } },
{ "type": "Feature", "properties": { "rand_point_id": 977, "adm3_name1": "حرف السياد", "adm3_pcode": "37345", "Nighttime light radiance": 2.431999969, "Household Deprivation Score": 0.42335444, "Negative Coping Tendency": 0.9625, "Unemployment rate": 8.3, "Population dependency ratio": 52.8, "Food insecurity level (IPC)": 0.12, "Poverty Level (Relative Vulnerability - AMAAN)": 0.048253826, "Poverty Level (Internal Vulnerability - AMAAN)": 28.35051546, "composite_score": 0.187222489 }, "geometry": { "type": "Point", "coordinates": [ 36.00664754054489, 34.43438540536021 ] } },
{ "type": "Feature", "properties": { "rand_point_id": 978, "adm3_name1": "كرم المهر", "adm3_pcode": "37347", "Nighttime light radiance": 0.962399998, "Household Deprivation Score": 0.42335444, "Negative Coping Tendency": 0.9625, "Unemployment rate": 8.3, "Population dependency ratio": 52.8, "Food insecurity level (IPC)": 0.12, "Poverty Level (Relative Vulnerability - AMAAN)": 0.002105621, "Poverty Level (Internal Vulnerability - AMAAN)": 1.494396015, "composite_score": 0.186436895 }, "geometry": { "type": "Point", "coordinates": [ 35.986994627311944, 34.361279088481368 ] } },
{ "type": "Feature", "properties": { "rand_point_id": 979, "adm3_name1": "بيت زود", "adm3_pcode": "37349", "Nighttime light radiance": 2.014285701, "Household Deprivation Score": 0.42335444, "Negative Coping Tendency": 0.9625, "Unemployment rate": 8.3, "Population dependency ratio": 52.8, "Food insecurity level (IPC)": 0.12, "Poverty Level (Relative Vulnerability - AMAAN)": 0.098086867, "Poverty Level (Internal Vulnerability - AMAAN)": 107.7071291, "composite_score": 0.189262155 }, "geometry": { "type": "Point", "coordinates": [ 35.984200772419037, 34.404446657786842 ] } },
{ "type": "Feature", "properties": { "rand_point_id": 980, "adm3_name1": "مراح السريج", "adm3_pcode": "37351", "Nighttime light radiance": 3.859285746, "Household Deprivation Score": 0.42335444, "Negative Coping Tendency": 0.9625, "Unemployment rate": 8.3, "Population dependency ratio": 52.8, "Food insecurity level (IPC)": 0.12, "Poverty Level (Relative Vulnerability - AMAAN)": 0.071064725, "Poverty Level (Internal Vulnerability - AMAAN)": 29.19971161, "composite_score": 0.187228023 }, "geometry": { "type": "Point", "coordinates": [ 35.99023587165383, 34.422818214651898 ] } },
{ "type": "Feature", "properties": { "rand_point_id": 981, "adm3_name1": "قرين", "adm3_pcode": "37353", "Nighttime light radiance": 3.350000024, "Household Deprivation Score": 0.42335444, "Negative Coping Tendency": 0.9625, "Unemployment rate": 8.3, "Population dependency ratio": 52.8, "Food insecurity level (IPC)": 0.12, "Poverty Level (Relative Vulnerability - AMAAN)": 0.04667461, "Poverty Level (Internal Vulnerability - AMAAN)": 280.0, "composite_score": 0.18785628 }, "geometry": { "type": "Point", "coordinates": [ 36.034970766243973, 34.395940348846949 ] } },
{ "type": "Feature", "properties": { "rand_point_id": 982, "adm3_name1": "حوارة", "adm3_pcode": "37355", "Nighttime light radiance": 0.977692313, "Household Deprivation Score": 0.42335444, "Negative Coping Tendency": 0.9625, "Unemployment rate": 8.3, "Population dependency ratio": 52.8, "Food insecurity level (IPC)": 0.12, "Poverty Level (Relative Vulnerability - AMAAN)": 0.006492333, "Poverty Level (Internal Vulnerability - AMAAN)": 7.644628099, "composite_score": 0.186596857 }, "geometry": { "type": "Point", "coordinates": [ 36.07160433660669, 34.417952561720199 ] } },
{ "type": "Feature", "properties": { "rand_point_id": 983, "adm3_name1": "دبعل المنيه", "adm3_pcode": "37356", "Nighttime light radiance": 0.843714285, "Household Deprivation Score": 0.42335444, "Negative Coping Tendency": 0.9625, "Unemployment rate": 8.3, "Population dependency ratio": 52.8, "Food insecurity level (IPC)": 0.12, "Poverty Level (Relative Vulnerability - AMAAN)": 0.08299658, "Poverty Level (Internal Vulnerability - AMAAN)": 85.07194245, "composite_score": 0.189282587 }, "geometry": { "type": "Point", "coordinates": [ 36.072417160328769, 34.427272222325442 ] } },
{ "type": "Feature", "properties": { "rand_point_id": 984, "adm3_name1": "بيت حاويك", "adm3_pcode": "37357", "Nighttime light radiance": 0.96000000799999996, "Household Deprivation Score": 0.42335444, "Negative Coping Tendency": 0.9625, "Unemployment rate": 8.3, "Population dependency ratio": 52.8, "Food insecurity level (IPC)": 0.12, "Poverty Level (Relative Vulnerability - AMAAN)": 0.037023844, "Poverty Level (Internal Vulnerability - AMAAN)": 45.47413793, "composite_score": 0.187684036 }, "geometry": { "type": "Point", "coordinates": [ 36.076616054828364, 34.422552932330944 ] } },
{ "type": "Feature", "properties": { "rand_point_id": 985, "adm3_name1": "جيرون", "adm3_pcode": "37358", "Nighttime light radiance": 0.640270269, "Household Deprivation Score": 0.42335444, "Negative Coping Tendency": 0.9625, "Unemployment rate": 8.3, "Population dependency ratio": 52.8, "Food insecurity level (IPC)": 0.12, "Poverty Level (Relative Vulnerability - AMAAN)": 0.088085165, "Poverty Level (Internal Vulnerability - AMAAN)": 90.28776978, "composite_score": 0.189557124 }, "geometry": { "type": "Point", "coordinates": [ 36.11865067444581, 34.407958119449496 ] } },
{ "type": "Feature", "properties": { "rand_point_id": 986, "adm3_name1": "بشناتا", "adm3_pcode": "37359", "Nighttime light radiance": 0.825047615, "Household Deprivation Score": 0.42335444, "Negative Coping Tendency": 0.9625, "Unemployment rate": 8.3, "Population dependency ratio": 52.8, "Food insecurity level (IPC)": 0.12, "Poverty Level (Relative Vulnerability - AMAAN)": 0.0, "Poverty Level (Internal Vulnerability - AMAAN)": 0.0, "composite_score": 0.186447718 }, "geometry": { "type": "Point", "coordinates": [ 35.987879595866687, 34.324511850139388 ] } },
{ "type": "Feature", "properties": { "rand_point_id": 987, "adm3_name1": "قرحيا", "adm3_pcode": "37360", "Nighttime light radiance": 1.110000014, "Household Deprivation Score": 0.42335444, "Negative Coping Tendency": 0.9625, "Unemployment rate": 8.3, "Population dependency ratio": 52.8, "Food insecurity level (IPC)": 0.12, "Poverty Level (Relative Vulnerability - AMAAN)": 0.079136274, "Poverty Level (Internal Vulnerability - AMAAN)": 91.11111111, "composite_score": 0.189071326 }, "geometry": { "type": "Point", "coordinates": [ 36.079728682347181, 34.440258847543909 ] } },
{ "type": "Feature", "properties": { "rand_point_id": 988, "adm3_name1": "عزقي", "adm3_pcode": "37361", "Nighttime light radiance": 2.789565206, "Household Deprivation Score": 0.42335444, "Negative Coping Tendency": 0.9625, "Unemployment rate": 8.3, "Population dependency ratio": 52.8, "Food insecurity level (IPC)": 0.12, "Poverty Level (Relative Vulnerability - AMAAN)": 0.137918207, "Poverty Level (Internal Vulnerability - AMAAN)": 66.38513514, "composite_score": 0.189908126 }, "geometry": { "type": "Point", "coordinates": [ 35.981113809119947, 34.434108453141107 ] } },
{ "type": "Feature", "properties": { "rand_point_id": 989, "adm3_name1": "عصيموت", "adm3_pcode": "37362", "Nighttime light radiance": 0.803333342, "Household Deprivation Score": 0.42335444, "Negative Coping Tendency": 0.9625, "Unemployment rate": 8.3, "Population dependency ratio": 52.8, "Food insecurity level (IPC)": 0.12, "Poverty Level (Relative Vulnerability - AMAAN)": 0.0, "Poverty Level (Internal Vulnerability - AMAAN)": 0.0, "composite_score": 0.186461695 }, "geometry": { "type": "Point", "coordinates": [ 36.100766615836946, 34.443645413611044 ] } },
{ "type": "Feature", "properties": { "rand_point_id": 990, "adm3_name1": "كفر شلان", "adm3_pcode": "37363", "Nighttime light radiance": 4.455714328, "Household Deprivation Score": 0.42335444, "Negative Coping Tendency": 0.9625, "Unemployment rate": 8.3, "Population dependency ratio": 52.8, "Food insecurity level (IPC)": 0.12, "Poverty Level (Relative Vulnerability - AMAAN)": 0.228986336, "Poverty Level (Internal Vulnerability - AMAAN)": 67.65163297, "composite_score": 0.19182883 }, "geometry": { "type": "Point", "coordinates": [ 35.989467304840559, 34.426127715931756 ] } },
{ "type": "Feature", "properties": { "rand_point_id": 991, "adm3_name1": "كفر حبو", "adm3_pcode": "37365", "Nighttime light radiance": 4.075121978, "Household Deprivation Score": 0.42335444, "Negative Coping Tendency": 0.9625, "Unemployment rate": 8.3, "Population dependency ratio": 52.8, "Food insecurity level (IPC)": 0.12, "Poverty Level (Relative Vulnerability - AMAAN)": 0.059659275, "Poverty Level (Internal Vulnerability - AMAAN)": 10.45189056, "composite_score": 0.186718645 }, "geometry": { "type": "Point", "coordinates": [ 35.963478601765026, 34.413310773973116 ] } },
{ "type": "Feature", "properties": { "rand_point_id": 992, "adm3_name1": "عيمر", "adm3_pcode": "37367", "Nighttime light radiance": 1.825000003, "Household Deprivation Score": 0.42335444, "Negative Coping Tendency": 0.9625, "Unemployment rate": 8.3, "Population dependency ratio": 52.8, "Food insecurity level (IPC)": 0.12, "Poverty Level (Relative Vulnerability - AMAAN)": 0.002105621, "Poverty Level (Internal Vulnerability - AMAAN)": 3.045685279, "composite_score": 0.186053721 }, "geometry": { "type": "Point", "coordinates": [ 35.97435256155368, 34.352479247277792 ] } },
{ "type": "Feature", "properties": { "rand_point_id": 993, "adm3_name1": "زغرتغرين", "adm3_pcode": "37369", "Nighttime light radiance": 2.934545463, "Household Deprivation Score": 0.42335444, "Negative Coping Tendency": 0.9625, "Unemployment rate": 8.3, "Population dependency ratio": 52.8, "Food insecurity level (IPC)": 0.12, "Poverty Level (Relative Vulnerability - AMAAN)": 0.004913117, "Poverty Level (Internal Vulnerability - AMAAN)": 3.313609467, "composite_score": 0.185608663 }, "geometry": { "type": "Point", "coordinates": [ 35.946568941539844, 34.355916235823635 ] } },
{ "type": "Feature", "properties": { "rand_point_id": 994, "adm3_name1": "بحويتا", "adm3_pcode": "37371", "Nighttime light radiance": 1.223529409, "Household Deprivation Score": 0.42335444, "Negative Coping Tendency": 0.9625, "Unemployment rate": 8.3, "Population dependency ratio": 52.8, "Food insecurity level (IPC)": 0.12, "Poverty Level (Relative Vulnerability - AMAAN)": 0.001228279, "Poverty Level (Internal Vulnerability - AMAAN)": 1.489361702, "composite_score": 0.186313977 }, "geometry": { "type": "Point", "coordinates": [ 35.965104893596433, 34.332178651740648 ] } },
{ "type": "Feature", "properties": { "rand_point_id": 995, "adm3_name1": "كفَ الملول", "adm3_pcode": "37373", "Nighttime light radiance": 2.199166705, "Household Deprivation Score": 0.42335444, "Negative Coping Tendency": 0.9625, "Unemployment rate": 8.3, "Population dependency ratio": 52.8, "Food insecurity level (IPC)": 0.12, "Poverty Level (Relative Vulnerability - AMAAN)": 0.000877342, "Poverty Level (Internal Vulnerability - AMAAN)": 0.946969697, "composite_score": 0.185835516 }, "geometry": { "type": "Point", "coordinates": [ 35.95154793943184, 34.341708154619958 ] } },
{ "type": "Feature", "properties": { "rand_point_id": 996, "adm3_name1": "جرجور", "adm3_pcode": "37375", "Nighttime light radiance": 1.757500023, "Household Deprivation Score": 0.42335444, "Negative Coping Tendency": 0.9625, "Unemployment rate": 8.3, "Population dependency ratio": 52.8, "Food insecurity level (IPC)": 0.12, "Poverty Level (Relative Vulnerability - AMAAN)": 0.0, "Poverty Level (Internal Vulnerability - AMAAN)": 0.0, "composite_score": 0.186019437 }, "geometry": { "type": "Point", "coordinates": [ 35.941541215417381, 34.350480398342242 ] } },
{ "type": "Feature", "properties": { "rand_point_id": 997, "adm3_name1": "دير نبوح", "adm3_pcode": "37377", "Nighttime light radiance": 3.313749996, "Household Deprivation Score": 0.42335444, "Negative Coping Tendency": 0.9625, "Unemployment rate": 8.3, "Population dependency ratio": 52.8, "Food insecurity level (IPC)": 0.12, "Poverty Level (Relative Vulnerability - AMAAN)": 0.098437804, "Poverty Level (Internal Vulnerability - AMAAN)": 32.92253521, "composite_score": 0.188352161 }, "geometry": { "type": "Point", "coordinates": [ 35.928157449606189, 34.370371372539715 ] } },
{ "type": "Feature", "properties": { "rand_point_id": 998, "adm3_name1": "بشحارة", "adm3_pcode": "37379", "Nighttime light radiance": 1.482000017, "Household Deprivation Score": 0.42335444, "Negative Coping Tendency": 0.9625, "Unemployment rate": 8.3, "Population dependency ratio": 52.8, "Food insecurity level (IPC)": 0.12, "Poverty Level (Relative Vulnerability - AMAAN)": 0.0, "Poverty Level (Internal Vulnerability - AMAAN)": 0.0, "composite_score": 0.186156335 }, "geometry": { "type": "Point", "coordinates": [ 35.938872024043249, 34.357309287058129 ] } },
{ "type": "Feature", "properties": { "rand_point_id": 999, "adm3_name1": "مركبتا", "adm3_pcode": "37381", "Nighttime light radiance": 4.058749989, "Household Deprivation Score": 0.42335444, "Negative Coping Tendency": 0.9625, "Unemployment rate": 8.3, "Population dependency ratio": 52.8, "Food insecurity level (IPC)": 0.12, "Poverty Level (Relative Vulnerability - AMAAN)": 0.018950593, "Poverty Level (Internal Vulnerability - AMAAN)": 4.262036306, "composite_score": 0.185505871 }, "geometry": { "type": "Point", "coordinates": [ 35.966814394603404, 34.451786301177833 ] } },
{ "type": "Feature", "properties": { "rand_point_id": 1000, "adm3_name1": "روضه المنيه", "adm3_pcode": "37382", "Nighttime light radiance": 2.141379303, "Household Deprivation Score": 0.42335444, "Negative Coping Tendency": 0.9625, "Unemployment rate": 8.3, "Population dependency ratio": 52.8, "Food insecurity level (IPC)": 0.12, "Poverty Level (Relative Vulnerability - AMAAN)": 0.110545128, "Poverty Level (Internal Vulnerability - AMAAN)": 87.5, "composite_score": 0.189522095 }, "geometry": { "type": "Point", "coordinates": [ 35.986156135363444, 34.467057419537774 ] } },
{ "type": "Feature", "properties": { "rand_point_id": 1001, "adm3_name1": "القرن", "adm3_pcode": "37383", "Nighttime light radiance": 0.65309524, "Household Deprivation Score": 0.42335444, "Negative Coping Tendency": 0.9625, "Unemployment rate": 8.3, "Population dependency ratio": 52.8, "Food insecurity level (IPC)": 0.12, "Poverty Level (Relative Vulnerability - AMAAN)": 0.0, "Poverty Level (Internal Vulnerability - AMAAN)": 0.0, "composite_score": 0.186558687 }, "geometry": { "type": "Point", "coordinates": [ 36.124217836313065, 34.43668121186159 ] } },
{ "type": "Feature", "properties": { "rand_point_id": 1002, "adm3_name1": "مربين", "adm3_pcode": "37385", "Nighttime light radiance": 0.489322917, "Household Deprivation Score": 0.42335444, "Negative Coping Tendency": 0.9625, "Unemployment rate": 8.3, "Population dependency ratio": 52.8, "Food insecurity level (IPC)": 0.12, "Poverty Level (Relative Vulnerability - AMAAN)": 0.0, "Poverty Level (Internal Vulnerability - AMAAN)": 0.0, "composite_score": 0.186639618 }, "geometry": { "type": "Point", "coordinates": [ 36.159428553127626, 34.358881669559835 ] } },
{ "type": "Feature", "properties": { "rand_point_id": 1003, "adm3_name1": "تربل المنيه", "adm3_pcode": "37387", "Nighttime light radiance": 2.493499994, "Household Deprivation Score": 0.42335444, "Negative Coping Tendency": 0.9625, "Unemployment rate": 8.3, "Population dependency ratio": 52.8, "Food insecurity level (IPC)": 0.12, "Poverty Level (Relative Vulnerability - AMAAN)": 0.0, "Poverty Level (Internal Vulnerability - AMAAN)": 0.0, "composite_score": 0.185680641 }, "geometry": { "type": "Point", "coordinates": [ 35.938766128249128, 34.440158166947377 ] } },
{ "type": "Feature", "properties": { "rand_point_id": 1004, "adm3_name1": "مزرعة الكريم", "adm3_pcode": "37389", "Nighttime light radiance": 1.115999985, "Household Deprivation Score": 0.42335444, "Negative Coping Tendency": 0.9625, "Unemployment rate": 8.3, "Population dependency ratio": 52.8, "Food insecurity level (IPC)": 0.12, "Poverty Level (Relative Vulnerability - AMAAN)": 0.0, "Poverty Level (Internal Vulnerability - AMAAN)": 0.0, "composite_score": 0.186343766 }, "geometry": { "type": "Point", "coordinates": [ 35.961965508615251, 34.365010326940769 ] } },
{ "type": "Feature", "properties": { "rand_point_id": 1005, "adm3_name1": "بخعون", "adm3_pcode": "37391", "Nighttime light radiance": 6.918695616, "Household Deprivation Score": 0.42335444, "Negative Coping Tendency": 0.9625, "Unemployment rate": 8.3, "Population dependency ratio": 52.8, "Food insecurity level (IPC)": 0.12, "Poverty Level (Relative Vulnerability - AMAAN)": 0.335846627, "Poverty Level (Internal Vulnerability - AMAAN)": 18.27731092, "composite_score": 0.193644749 }, "geometry": { "type": "Point", "coordinates": [ 35.998500273556239, 34.424812071368883 ] } },
{ "type": "Feature", "properties": { "rand_point_id": 1006, "adm3_name1": "كفر ببنين", "adm3_pcode": "37395", "Nighttime light radiance": 0.895135137, "Household Deprivation Score": 0.42335444, "Negative Coping Tendency": 0.9625, "Unemployment rate": 8.3, "Population dependency ratio": 52.8, "Food insecurity level (IPC)": 0.12, "Poverty Level (Relative Vulnerability - AMAAN)": 0.057202717, "Poverty Level (Internal Vulnerability - AMAAN)": 41.42312579, "composite_score": 0.188343274 }, "geometry": { "type": "Point", "coordinates": [ 36.091083305359994, 34.392686495330011 ] } },
{ "type": "Feature", "properties": { "rand_point_id": 1007, "adm3_name1": null, "adm3_pcode": "51001", "Nighttime light radiance": null, "Household Deprivation Score": null, "Negative Coping Tendency": null, "Unemployment rate": null, "Population dependency ratio": null, "Food insecurity level (IPC)": null, "Poverty Level (Relative Vulnerability - AMAAN)": null, "Poverty Level (Internal Vulnerability - AMAAN)": null, "composite_score": null }, "geometry": { "type": "Point", "coordinates": [ 35.808734719442469, 33.781402273520698 ] } },
{ "type": "Feature", "properties": { "rand_point_id": 1008, "adm3_name1": "زحلة", "adm3_pcode": "51111", "Nighttime light radiance": 46.37999916, "Household Deprivation Score": 0.624973215, "Negative Coping Tendency": 3.6125, "Unemployment rate": 14.4, "Population dependency ratio": 60.3, "Food insecurity level (IPC)": 0.22, "Poverty Level (Relative Vulnerability - AMAAN)": 0.051236789, "Poverty Level (Internal Vulnerability - AMAAN)": 2.554904191, "composite_score": 0.45404969 }, "geometry": { "type": "Point", "coordinates": [ 35.904828575921556, 33.848116752009084 ] } },
{ "type": "Feature", "properties": { "rand_point_id": 1009, "adm3_name1": "حوش الزراعنة", "adm3_pcode": "51113", "Nighttime light radiance": 37.1099987, "Household Deprivation Score": 0.624973215, "Negative Coping Tendency": 3.6125, "Unemployment rate": 14.4, "Population dependency ratio": 60.3, "Food insecurity level (IPC)": 0.22, "Poverty Level (Relative Vulnerability - AMAAN)": 0.022284494, "Poverty Level (Internal Vulnerability - AMAAN)": 9.47054437, "composite_score": 0.457667015 }, "geometry": { "type": "Point", "coordinates": [ 35.908931671934418, 33.843746651469324 ] } },
{ "type": "Feature", "properties": { "rand_point_id": 1010, "adm3_name1": "زحلة مار جرجس", "adm3_pcode": "51115", "Nighttime light radiance": 46.31254259, "Household Deprivation Score": 0.624973215, "Negative Coping Tendency": 3.6125, "Unemployment rate": 14.4, "Population dependency ratio": 60.3, "Food insecurity level (IPC)": 0.22, "Poverty Level (Relative Vulnerability - AMAAN)": 0.0, "Poverty Level (Internal Vulnerability - AMAAN)": 0.0, "composite_score": 0.452549714 }, "geometry": { "type": "Point", "coordinates": [ 35.906930614570285, 33.843767675312591 ] } },
{ "type": "Feature", "properties": { "rand_point_id": 1011, "adm3_name1": "الراسية", "adm3_pcode": "51117", "Nighttime light radiance": 54.29000092, "Household Deprivation Score": 0.624973215, "Negative Coping Tendency": 3.6125, "Unemployment rate": 14.4, "Population dependency ratio": 60.3, "Food insecurity level (IPC)": 0.22, "Poverty Level (Relative Vulnerability - AMAAN)": 0.022986368, "Poverty Level (Internal Vulnerability - AMAAN)": 3.171145001, "composite_score": 0.449424034 }, "geometry": { "type": "Point", "coordinates": [ 35.898021352260116, 33.848848283604454 ] } },
{ "type": "Feature", "properties": { "rand_point_id": 1012, "adm3_name1": "بربارة زحلة", "adm3_pcode": "51119", "Nighttime light radiance": 58.72000122, "Household Deprivation Score": 0.624973215, "Negative Coping Tendency": 3.6125, "Unemployment rate": 14.4, "Population dependency ratio": 60.3, "Food insecurity level (IPC)": 0.22, "Poverty Level (Relative Vulnerability - AMAAN)": 0.01140545, "Poverty Level (Internal Vulnerability - AMAAN)": 4.070131497, "composite_score": 0.446960552 }, "geometry": { "type": "Point", "coordinates": [ 35.897216797737165, 33.850697440249597 ] } },
{ "type": "Feature", "properties": { "rand_point_id": 1013, "adm3_name1": "زحلة معلقة أراضي", "adm3_pcode": "51121", "Nighttime light radiance": 42.59749985, "Household Deprivation Score": 0.624973215, "Negative Coping Tendency": 3.6125, "Unemployment rate": 14.4, "Population dependency ratio": 60.3, "Food insecurity level (IPC)": 0.22, "Poverty Level (Relative Vulnerability - AMAAN)": 0.234074922, "Poverty Level (Internal Vulnerability - AMAAN)": 8.040503888, "composite_score": 0.461344948 }, "geometry": { "type": "Point", "coordinates": [ 35.914202866428226, 33.845974625777188 ] } },
{ "type": "Feature", "properties": { "rand_point_id": 1014, "adm3_name1": "زحلة مار أنطونيوس", "adm3_pcode": "51123", "Nighttime light radiance": 65.82499903, "Household Deprivation Score": 0.624973215, "Negative Coping Tendency": 3.6125, "Unemployment rate": 14.4, "Population dependency ratio": 60.3, "Food insecurity level (IPC)": 0.22, "Poverty Level (Relative Vulnerability - AMAAN)": 0.001754685, "Poverty Level (Internal Vulnerability - AMAAN)": 20.40816327, "composite_score": 0.443341997 }, "geometry": { "type": "Point", "coordinates": [ 35.897231425966069, 33.84784594609777 ] } },
{ "type": "Feature", "properties": { "rand_point_id": 1015, "adm3_name1": "مدينة الصناعية", "adm3_pcode": "51125", "Nighttime light radiance": 11.18285713, "Household Deprivation Score": 0.624973215, "Negative Coping Tendency": 3.6125, "Unemployment rate": 14.4, "Population dependency ratio": 60.3, "Food insecurity level (IPC)": 0.22, "Poverty Level (Relative Vulnerability - AMAAN)": 0.008422486, "Poverty Level (Internal Vulnerability - AMAAN)": 0.539568345, "composite_score": 0.469665583 }, "geometry": { "type": "Point", "coordinates": [ 35.937429704674166, 33.853749976509455 ] } },
{ "type": "Feature", "properties": { "rand_point_id": 1016, "adm3_name1": "زحلة حوش الامراء أراضي", "adm3_pcode": "51127", "Nighttime light radiance": 13.38182929, "Household Deprivation Score": 0.624973215, "Negative Coping Tendency": 3.6125, "Unemployment rate": 14.4, "Population dependency ratio": 60.3, "Food insecurity level (IPC)": 0.22, "Poverty Level (Relative Vulnerability - AMAAN)": 0.002632027, "Poverty Level (Internal Vulnerability - AMAAN)": 0.360144058, "composite_score": 0.468439939 }, "geometry": { "type": "Point", "coordinates": [ 35.906838209504151, 33.791447916907849 ] } },
{ "type": "Feature", "properties": { "rand_point_id": 1017, "adm3_name1": "زحلة سيدة النجاة", "adm3_pcode": "51129", "Nighttime light radiance": 39.81601597, "Household Deprivation Score": 0.624973215, "Negative Coping Tendency": 3.6125, "Unemployment rate": 14.4, "Population dependency ratio": 60.3, "Food insecurity level (IPC)": 0.22, "Poverty Level (Relative Vulnerability - AMAAN)": 0.006667801, "Poverty Level (Internal Vulnerability - AMAAN)": 79.16666667, "composite_score": 0.456230829 }, "geometry": { "type": "Point", "coordinates": [ 35.892252033743631, 33.845346739369937 ] } },
{ "type": "Feature", "properties": { "rand_point_id": 1018, "adm3_name1": "تل شيحا", "adm3_pcode": "51131", "Nighttime light radiance": 36.26900043, "Household Deprivation Score": 0.624973215, "Negative Coping Tendency": 3.6125, "Unemployment rate": 14.4, "Population dependency ratio": 60.3, "Food insecurity level (IPC)": 0.22, "Poverty Level (Relative Vulnerability - AMAAN)": 0.082119238, "Poverty Level (Internal Vulnerability - AMAAN)": 9.689440994, "composite_score": 0.459874588 }, "geometry": { "type": "Point", "coordinates": [ 35.905599478210107, 33.83639360654783 ] } },
{ "type": "Feature", "properties": { "rand_point_id": 1019, "adm3_name1": "زحلة أراضي", "adm3_pcode": "51133", "Nighttime light radiance": 12.2534569, "Household Deprivation Score": 0.624973215, "Negative Coping Tendency": 3.6125, "Unemployment rate": 14.4, "Population dependency ratio": 60.3, "Food insecurity level (IPC)": 0.22, "Poverty Level (Relative Vulnerability - AMAAN)": 0.005439522, "Poverty Level (Internal Vulnerability - AMAAN)": 0.716266174, "composite_score": 0.46907349 }, "geometry": { "type": "Point", "coordinates": [ 35.900941874067591, 33.841928281251292 ] } },
{ "type": "Feature", "properties": { "rand_point_id": 1020, "adm3_name1": "مار الياس زحلة", "adm3_pcode": "51135", "Nighttime light radiance": 47.47000122, "Household Deprivation Score": 0.624973215, "Negative Coping Tendency": 3.6125, "Unemployment rate": 14.4, "Population dependency ratio": 60.3, "Food insecurity level (IPC)": 0.22, "Poverty Level (Relative Vulnerability - AMAAN)": 0.002982964, "Poverty Level (Internal Vulnerability - AMAAN)": 0.407283182, "composite_score": 0.452108881 }, "geometry": { "type": "Point", "coordinates": [ 35.89968731933233, 33.843607666230355 ] } },
{ "type": "Feature", "properties": { "rand_point_id": 1021, "adm3_name1": "فرزل", "adm3_pcode": "51139", "Nighttime light radiance": 6.560100034, "Household Deprivation Score": 0.624973215, "Negative Coping Tendency": 3.6125, "Unemployment rate": 14.4, "Population dependency ratio": 60.3, "Food insecurity level (IPC)": 0.22, "Poverty Level (Relative Vulnerability - AMAAN)": 0.028601358, "Poverty Level (Internal Vulnerability - AMAAN)": 2.534598041, "composite_score": 0.472509343 }, "geometry": { "type": "Point", "coordinates": [ 35.947278691399056, 33.877995725557916 ] } },
{ "type": "Feature", "properties": { "rand_point_id": 1022, "adm3_name1": "تويتي", "adm3_pcode": "51145", "Nighttime light radiance": 1.613917528, "Household Deprivation Score": 0.624973215, "Negative Coping Tendency": 3.6125, "Unemployment rate": 14.4, "Population dependency ratio": 60.3, "Food insecurity level (IPC)": 0.22, "Poverty Level (Relative Vulnerability - AMAAN)": 0.009475297, "Poverty Level (Internal Vulnerability - AMAAN)": 27.27272727, "composite_score": 0.474428741 }, "geometry": { "type": "Point", "coordinates": [ 35.841902692928223, 33.837113143540272 ] } },
{ "type": "Feature", "properties": { "rand_point_id": 1023, "adm3_name1": "نبي ايلا", "adm3_pcode": "51151", "Nighttime light radiance": 5.598750152, "Household Deprivation Score": 0.624973215, "Negative Coping Tendency": 3.6125, "Unemployment rate": 14.4, "Population dependency ratio": 60.3, "Food insecurity level (IPC)": 0.22, "Poverty Level (Relative Vulnerability - AMAAN)": 0.011054513, "Poverty Level (Internal Vulnerability - AMAAN)": 8.786610879, "composite_score": 0.472489808 }, "geometry": { "type": "Point", "coordinates": [ 35.988292498775103, 33.869485856174236 ] } },
{ "type": "Feature", "properties": { "rand_point_id": 1024, "adm3_name1": "حزرتا", "adm3_pcode": "51157", "Nighttime light radiance": 3.12142857, "Household Deprivation Score": 0.624973215, "Negative Coping Tendency": 3.6125, "Unemployment rate": 14.4, "Population dependency ratio": 60.3, "Food insecurity level (IPC)": 0.22, "Poverty Level (Relative Vulnerability - AMAAN)": 0.131425874, "Poverty Level (Internal Vulnerability - AMAAN)": 38.03961402, "composite_score": 0.477399035 }, "geometry": { "type": "Point", "coordinates": [ 35.872303064718757, 33.865970663183099 ] } },
{ "type": "Feature", "properties": { "rand_point_id": 1025, "adm3_name1": "ابلح", "adm3_pcode": "51163", "Nighttime light radiance": 13.30437501, "Household Deprivation Score": 0.624973215, "Negative Coping Tendency": 3.6125, "Unemployment rate": 14.4, "Population dependency ratio": 60.3, "Food insecurity level (IPC)": 0.22, "Poverty Level (Relative Vulnerability - AMAAN)": 0.088260634, "Poverty Level (Internal Vulnerability - AMAAN)": 9.278730861, "composite_score": 0.47110918 }, "geometry": { "type": "Point", "coordinates": [ 35.983997403344979, 33.861673211655948 ] } },
{ "type": "Feature", "properties": { "rand_point_id": 1026, "adm3_name1": "قاع الريم", "adm3_pcode": "51173", "Nighttime light radiance": 1.696220931, "Household Deprivation Score": 0.624973215, "Negative Coping Tendency": 3.6125, "Unemployment rate": 14.4, "Population dependency ratio": 60.3, "Food insecurity level (IPC)": 0.22, "Poverty Level (Relative Vulnerability - AMAAN)": 0.010177171, "Poverty Level (Internal Vulnerability - AMAAN)": 3.737113402, "composite_score": 0.474339431 }, "geometry": { "type": "Point", "coordinates": [ 35.907257745002667, 33.901561841908702 ] } },
{ "type": "Feature", "properties": { "rand_point_id": 1027, "adm3_name1": "نيحا زحلة", "adm3_pcode": "51177", "Nighttime light radiance": 3.03574075, "Household Deprivation Score": 0.624973215, "Negative Coping Tendency": 3.6125, "Unemployment rate": 14.4, "Population dependency ratio": 60.3, "Food insecurity level (IPC)": 0.22, "Poverty Level (Relative Vulnerability - AMAAN)": 0.0, "Poverty Level (Internal Vulnerability - AMAAN)": 0.0, "composite_score": 0.473382069 }, "geometry": { "type": "Point", "coordinates": [ 35.952992418584245, 33.897002606648549 ] } },
{ "type": "Feature", "properties": { "rand_point_id": 1028, "adm3_name1": "كسارة", "adm3_pcode": "51184", "Nighttime light radiance": 28.55928304, "Household Deprivation Score": 0.624973215, "Negative Coping Tendency": 3.6125, "Unemployment rate": 14.4, "Population dependency ratio": 60.3, "Food insecurity level (IPC)": 0.22, "Poverty Level (Relative Vulnerability - AMAAN)": 0.012107324, "Poverty Level (Internal Vulnerability - AMAAN)": 4.26716141, "composite_score": 0.461526794 }, "geometry": { "type": "Point", "coordinates": [ 35.893324441094506, 33.827854662622102 ] } },
{ "type": "Feature", "properties": { "rand_point_id": 1029, "adm3_name1": "الرمطانية", "adm3_pcode": "51185", "Nighttime light radiance": 1.357307694, "Household Deprivation Score": 0.624973215, "Negative Coping Tendency": 3.6125, "Unemployment rate": 14.4, "Population dependency ratio": 60.3, "Food insecurity level (IPC)": 0.22, "Poverty Level (Relative Vulnerability - AMAAN)": 0.0, "Poverty Level (Internal Vulnerability - AMAAN)": 0.0, "composite_score": 0.474196665 }, "geometry": { "type": "Point", "coordinates": [ 35.814312770233819, 33.849725901504748 ] } },
{ "type": "Feature", "properties": { "rand_point_id": 1030, "adm3_name1": "وادي العرايش", "adm3_pcode": "51189", "Nighttime light radiance": 4.45972975, "Household Deprivation Score": 0.624973215, "Negative Coping Tendency": 3.6125, "Unemployment rate": 14.4, "Population dependency ratio": 60.3, "Food insecurity level (IPC)": 0.22, "Poverty Level (Relative Vulnerability - AMAAN)": 0.003684838, "Poverty Level (Internal Vulnerability - AMAAN)": 1.791808874, "composite_score": 0.472830909 }, "geometry": { "type": "Point", "coordinates": [ 35.913912007997794, 33.868106263682563 ] } },
{ "type": "Feature", "properties": { "rand_point_id": 1031, "adm3_name1": "شتورا", "adm3_pcode": "51211", "Nighttime light radiance": 20.68124962, "Household Deprivation Score": 0.624973215, "Negative Coping Tendency": 3.6125, "Unemployment rate": 14.4, "Population dependency ratio": 60.3, "Food insecurity level (IPC)": 0.22, "Poverty Level (Relative Vulnerability - AMAAN)": 0.07281941, "Poverty Level (Internal Vulnerability - AMAAN)": 11.53098083, "composite_score": 0.467177781 }, "geometry": { "type": "Point", "coordinates": [ 35.856807731297522, 33.818826042612685 ] } },
{ "type": "Feature", "properties": { "rand_point_id": 1032, "adm3_name1": "زبدل", "adm3_pcode": "51214", "Nighttime light radiance": 12.05333328, "Household Deprivation Score": 0.624973215, "Negative Coping Tendency": 3.6125, "Unemployment rate": 14.4, "Population dependency ratio": 60.3, "Food insecurity level (IPC)": 0.22, "Poverty Level (Relative Vulnerability - AMAAN)": 0.0, "Poverty Level (Internal Vulnerability - AMAAN)": 0.0, "composite_score": 0.469100482 }, "geometry": { "type": "Point", "coordinates": [ 35.845302535993966, 33.806365961313759 ] } },
{ "type": "Feature", "properties": { "rand_point_id": 1033, "adm3_name1": "مكسة", "adm3_pcode": "51217", "Nighttime light radiance": 8.762400007, "Household Deprivation Score": 0.624973215, "Negative Coping Tendency": 3.6125, "Unemployment rate": 14.4, "Population dependency ratio": 60.3, "Food insecurity level (IPC)": 0.22, "Poverty Level (Relative Vulnerability - AMAAN)": 0.048429294, "Poverty Level (Internal Vulnerability - AMAAN)": 8.197208197, "composite_score": 0.472161019 }, "geometry": { "type": "Point", "coordinates": [ 35.850992355561893, 33.79459917202972 ] } },
{ "type": "Feature", "properties": { "rand_point_id": 1034, "adm3_name1": "تعلبايا", "adm3_pcode": "51221", "Nighttime light radiance": 27.37033348, "Household Deprivation Score": 0.624973215, "Negative Coping Tendency": 3.6125, "Unemployment rate": 14.4, "Population dependency ratio": 60.3, "Food insecurity level (IPC)": 0.22, "Poverty Level (Relative Vulnerability - AMAAN)": 0.267413928, "Poverty Level (Internal Vulnerability - AMAAN)": 8.670421574000001, "composite_score": 0.46976332 }, "geometry": { "type": "Point", "coordinates": [ 35.869994783128277, 33.801823185663793 ] } },
{ "type": "Feature", "properties": { "rand_point_id": 1035, "adm3_name1": "جديتا", "adm3_pcode": "51224", "Nighttime light radiance": 10.94379317, "Household Deprivation Score": 0.624973215, "Negative Coping Tendency": 3.6125, "Unemployment rate": 14.4, "Population dependency ratio": 60.3, "Food insecurity level (IPC)": 0.22, "Poverty Level (Relative Vulnerability - AMAAN)": 0.063344113, "Poverty Level (Internal Vulnerability - AMAAN)": 5.238717167, "composite_score": 0.471554054 }, "geometry": { "type": "Point", "coordinates": [ 35.847264453772091, 33.822002801783007 ] } },
{ "type": "Feature", "properties": { "rand_point_id": 1036, "adm3_name1": "تعنايل", "adm3_pcode": "51227", "Nighttime light radiance": 12.93545453, "Household Deprivation Score": 0.624973215, "Negative Coping Tendency": 3.6125, "Unemployment rate": 14.4, "Population dependency ratio": 60.3, "Food insecurity level (IPC)": 0.22, "Poverty Level (Relative Vulnerability - AMAAN)": 0.073345815, "Poverty Level (Internal Vulnerability - AMAAN)": 9.714152917, "composite_score": 0.470919881 }, "geometry": { "type": "Point", "coordinates": [ 35.874398594447044, 33.781479679421402 ] } },
{ "type": "Feature", "properties": { "rand_point_id": 1037, "adm3_name1": "سعدنايل", "adm3_pcode": "51231", "Nighttime light radiance": 20.22354841, "Household Deprivation Score": 0.624973215, "Negative Coping Tendency": 3.6125, "Unemployment rate": 14.4, "Population dependency ratio": 60.3, "Food insecurity level (IPC)": 0.22, "Poverty Level (Relative Vulnerability - AMAAN)": 0.416737585, "Poverty Level (Internal Vulnerability - AMAAN)": 13.19591066, "composite_score": 0.47767006 }, "geometry": { "type": "Point", "coordinates": [ 35.872537086016784, 33.827241959385667 ] } },
{ "type": "Feature", "properties": { "rand_point_id": 1038, "adm3_name1": "قب الياس", "adm3_pcode": "51234", "Nighttime light radiance": 5.661666671, "Household Deprivation Score": 0.624973215, "Negative Coping Tendency": 3.6125, "Unemployment rate": 14.4, "Population dependency ratio": 60.3, "Food insecurity level (IPC)": 0.22, "Poverty Level (Relative Vulnerability - AMAAN)": 0.683800577, "Poverty Level (Internal Vulnerability - AMAAN)": 14.771995, "composite_score": 0.492618485 }, "geometry": { "type": "Point", "coordinates": [ 35.827864403591207, 33.802266906046817 ] } },
{ "type": "Feature", "properties": { "rand_point_id": 1039, "adm3_name1": "حوش مندره", "adm3_pcode": "51237", "Nighttime light radiance": 3.561600027, "Household Deprivation Score": 0.624973215, "Negative Coping Tendency": 3.6125, "Unemployment rate": 14.4, "Population dependency ratio": 60.3, "Food insecurity level (IPC)": 0.22, "Poverty Level (Relative Vulnerability - AMAAN)": 0.0, "Poverty Level (Internal Vulnerability - AMAAN)": 0.0, "composite_score": 0.473201048 }, "geometry": { "type": "Point", "coordinates": [ 35.854285479195212, 33.773956826243015 ] } },
{ "type": "Feature", "properties": { "rand_point_id": 1040, "adm3_name1": "مريجات", "adm3_pcode": "51241", "Nighttime light radiance": 3.141538441, "Household Deprivation Score": 0.624973215, "Negative Coping Tendency": 3.6125, "Unemployment rate": 14.4, "Population dependency ratio": 60.3, "Food insecurity level (IPC)": 0.22, "Poverty Level (Relative Vulnerability - AMAAN)": 0.016318566, "Poverty Level (Internal Vulnerability - AMAAN)": 7.187017002, "composite_score": 0.473924992 }, "geometry": { "type": "Point", "coordinates": [ 35.802944566796072, 33.808374988585541 ] } },
{ "type": "Feature", "properties": { "rand_point_id": 1041, "adm3_name1": "بوارج", "adm3_pcode": "51244", "Nighttime light radiance": 3.362631591, "Household Deprivation Score": 0.624973215, "Negative Coping Tendency": 3.6125, "Unemployment rate": 14.4, "Population dependency ratio": 60.3, "Food insecurity level (IPC)": 0.22, "Poverty Level (Relative Vulnerability - AMAAN)": 0.055097095, "Poverty Level (Internal Vulnerability - AMAAN)": 24.55043002, "composite_score": 0.475054 }, "geometry": { "type": "Point", "coordinates": [ 35.814440117834316, 33.810370821148112 ] } },
{ "type": "Feature", "properties": { "rand_point_id": 1042, "adm3_name1": "شبرقية تابت", "adm3_pcode": "51247", "Nighttime light radiance": 23.45333298, "Household Deprivation Score": 0.624973215, "Negative Coping Tendency": 3.6125, "Unemployment rate": 14.4, "Population dependency ratio": 60.3, "Food insecurity level (IPC)": 0.22, "Poverty Level (Relative Vulnerability - AMAAN)": 0.0, "Poverty Level (Internal Vulnerability - AMAAN)": 0.0, "composite_score": 0.463671369 }, "geometry": { "type": "Point", "coordinates": [ 35.875830657443295, 33.779258530058868 ] } },
{ "type": "Feature", "properties": { "rand_point_id": 1043, "adm3_name1": "حوش الصيادي", "adm3_pcode": "51251", "Nighttime light radiance": 2.00444444, "Household Deprivation Score": 0.624973215, "Negative Coping Tendency": 3.6125, "Unemployment rate": 14.4, "Population dependency ratio": 60.3, "Food insecurity level (IPC)": 0.22, "Poverty Level (Relative Vulnerability - AMAAN)": 0.0, "Poverty Level (Internal Vulnerability - AMAAN)": 0.0, "composite_score": 0.473964593 }, "geometry": { "type": "Point", "coordinates": [ 35.821556418019199, 33.762751265217609 ] } },
{ "type": "Feature", "properties": { "rand_point_id": 1044, "adm3_name1": "وادي الدلم", "adm3_pcode": "51257", "Nighttime light radiance": 1.873684215, "Household Deprivation Score": 0.624973215, "Negative Coping Tendency": 3.6125, "Unemployment rate": 14.4, "Population dependency ratio": 60.3, "Food insecurity level (IPC)": 0.22, "Poverty Level (Relative Vulnerability - AMAAN)": 0.0, "Poverty Level (Internal Vulnerability - AMAAN)": 0.0, "composite_score": 0.474034437 }, "geometry": { "type": "Point", "coordinates": [ 35.776379962758497, 33.797166861116665 ] } },
{ "type": "Feature", "properties": { "rand_point_id": 1045, "adm3_name1": "تشفلك قيقانو", "adm3_pcode": "51261", "Nighttime light radiance": 1.233636358, "Household Deprivation Score": 0.624973215, "Negative Coping Tendency": 3.6125, "Unemployment rate": 14.4, "Population dependency ratio": 60.3, "Food insecurity level (IPC)": 0.22, "Poverty Level (Relative Vulnerability - AMAAN)": 0.0, "Poverty Level (Internal Vulnerability - AMAAN)": 0.0, "composite_score": 0.474346199 }, "geometry": { "type": "Point", "coordinates": [ 35.831147554010336, 33.756778030922547 ] } },
{ "type": "Feature", "properties": { "rand_point_id": 1046, "adm3_name1": "قيصر", "adm3_pcode": "51264", "Nighttime light radiance": 4.885714258, "Household Deprivation Score": 0.624973215, "Negative Coping Tendency": 3.6125, "Unemployment rate": 14.4, "Population dependency ratio": 60.3, "Food insecurity level (IPC)": 0.22, "Poverty Level (Relative Vulnerability - AMAAN)": 0.034567286, "Poverty Level (Internal Vulnerability - AMAAN)": 1515.384615, "composite_score": 0.480321563 }, "geometry": { "type": "Point", "coordinates": [ 35.815274235615526, 33.761746326533157 ] } },
{ "type": "Feature", "properties": { "rand_point_id": 1047, "adm3_name1": "بر الياس", "adm3_pcode": "51267", "Nighttime light radiance": 8.720875905, "Household Deprivation Score": 0.624973215, "Negative Coping Tendency": 3.6125, "Unemployment rate": 14.4, "Population dependency ratio": 60.3, "Food insecurity level (IPC)": 0.22, "Poverty Level (Relative Vulnerability - AMAAN)": 0.67432528, "Poverty Level (Internal Vulnerability - AMAAN)": 10.30184431, "composite_score": 0.490888318 }, "geometry": { "type": "Point", "coordinates": [ 35.955159674328378, 33.766923328977384 ] } },
{ "type": "Feature", "properties": { "rand_point_id": 1048, "adm3_name1": "مزرعة زحلة", "adm3_pcode": "51271", "Nighttime light radiance": 4.597500026, "Household Deprivation Score": 0.624973215, "Negative Coping Tendency": 3.6125, "Unemployment rate": 14.4, "Population dependency ratio": 60.3, "Food insecurity level (IPC)": 0.22, "Poverty Level (Relative Vulnerability - AMAAN)": 0.0, "Poverty Level (Internal Vulnerability - AMAAN)": 0.0, "composite_score": 0.472744511 }, "geometry": { "type": "Point", "coordinates": [ 35.810320436215896, 33.763927039920489 ] } },
{ "type": "Feature", "properties": { "rand_point_id": 1049, "adm3_name1": "تشفلك اده حوش", "adm3_pcode": "51274", "Nighttime light radiance": 1.955625035, "Household Deprivation Score": 0.624973215, "Negative Coping Tendency": 3.6125, "Unemployment rate": 14.4, "Population dependency ratio": 60.3, "Food insecurity level (IPC)": 0.22, "Poverty Level (Relative Vulnerability - AMAAN)": 0.0, "Poverty Level (Internal Vulnerability - AMAAN)": 0.0, "composite_score": 0.474015311 }, "geometry": { "type": "Point", "coordinates": [ 35.81219588492894, 33.751858263521548 ] } },
{ "type": "Feature", "properties": { "rand_point_id": 1050, "adm3_name1": "تل الاخضر", "adm3_pcode": "51277", "Nighttime light radiance": 0.916410254, "Household Deprivation Score": 0.624973215, "Negative Coping Tendency": 3.6125, "Unemployment rate": 14.4, "Population dependency ratio": 60.3, "Food insecurity level (IPC)": 0.22, "Poverty Level (Relative Vulnerability - AMAAN)": 0.004035775, "Poverty Level (Internal Vulnerability - AMAAN)": 43.39622642, "composite_score": 0.474829242 }, "geometry": { "type": "Point", "coordinates": [ 35.842673368014182, 33.747876277007236 ] } },
{ "type": "Feature", "properties": { "rand_point_id": 1051, "adm3_name1": "عنجر", "adm3_pcode": "51281", "Nighttime light radiance": 8.467912125, "Household Deprivation Score": 0.624973215, "Negative Coping Tendency": 3.6125, "Unemployment rate": 14.4, "Population dependency ratio": 60.3, "Food insecurity level (IPC)": 0.22, "Poverty Level (Relative Vulnerability - AMAAN)": 0.096332183, "Poverty Level (Internal Vulnerability - AMAAN)": 6.547406082, "composite_score": 0.473797471 }, "geometry": { "type": "Point", "coordinates": [ 35.914847263508925, 33.742565152126424 ] } },
{ "type": "Feature", "properties": { "rand_point_id": 1052, "adm3_name1": "مجدل عنجر", "adm3_pcode": "51284", "Nighttime light radiance": 4.178531475, "Household Deprivation Score": 0.624973215, "Negative Coping Tendency": 3.6125, "Unemployment rate": 14.4, "Population dependency ratio": 60.3, "Food insecurity level (IPC)": 0.22, "Poverty Level (Relative Vulnerability - AMAAN)": 0.447795502, "Poverty Level (Internal Vulnerability - AMAAN)": 14.88393794, "composite_score": 0.486361689 }, "geometry": { "type": "Point", "coordinates": [ 35.957299974197674, 33.690839490313074 ] } },
{ "type": "Feature", "properties": { "rand_point_id": 1053, "adm3_name1": "ناصرية زحلة", "adm3_pcode": "51287", "Nighttime light radiance": 1.515555567, "Household Deprivation Score": 0.624973215, "Negative Coping Tendency": 3.6125, "Unemployment rate": 14.4, "Population dependency ratio": 60.3, "Food insecurity level (IPC)": 0.22, "Poverty Level (Relative Vulnerability - AMAAN)": 0.0, "Poverty Level (Internal Vulnerability - AMAAN)": 0.0, "composite_score": 0.474241832 }, "geometry": { "type": "Point", "coordinates": [ 35.855513650513259, 33.75626012427638 ] } },
{ "type": "Feature", "properties": { "rand_point_id": 1054, "adm3_name1": "رياق", "adm3_pcode": "51311", "Nighttime light radiance": 7.966315746, "Household Deprivation Score": 0.624973215, "Negative Coping Tendency": 3.6125, "Unemployment rate": 14.4, "Population dependency ratio": 60.3, "Food insecurity level (IPC)": 0.22, "Poverty Level (Relative Vulnerability - AMAAN)": 0.260746127, "Poverty Level (Internal Vulnerability - AMAAN)": 17.61289558, "composite_score": 0.479018695 }, "geometry": { "type": "Point", "coordinates": [ 36.019540082236318, 33.84891316599419 ] } },
{ "type": "Feature", "properties": { "rand_point_id": 1055, "adm3_name1": "حوش حالا", "adm3_pcode": "51317", "Nighttime light radiance": 3.920967748, "Household Deprivation Score": 0.624973215, "Negative Coping Tendency": 3.6125, "Unemployment rate": 14.4, "Population dependency ratio": 60.3, "Food insecurity level (IPC)": 0.22, "Poverty Level (Relative Vulnerability - AMAAN)": 0.148446315, "Poverty Level (Internal Vulnerability - AMAAN)": 18.13116159, "composite_score": 0.477624348 }, "geometry": { "type": "Point", "coordinates": [ 35.989405941457512, 33.843028718617987 ] } },
{ "type": "Feature", "properties": { "rand_point_id": 1056, "adm3_name1": "علي النهري", "adm3_pcode": "51323", "Nighttime light radiance": 6.957391304, "Household Deprivation Score": 0.624973215, "Negative Coping Tendency": 3.6125, "Unemployment rate": 14.4, "Population dependency ratio": 60.3, "Food insecurity level (IPC)": 0.22, "Poverty Level (Relative Vulnerability - AMAAN)": 0.528686461, "Poverty Level (Internal Vulnerability - AMAAN)": 34.96982358, "composite_score": 0.48757264 }, "geometry": { "type": "Point", "coordinates": [ 36.016428384889046, 33.868433587046454 ] } },
{ "type": "Feature", "properties": { "rand_point_id": 1057, "adm3_name1": "حوش الغنم", "adm3_pcode": "51329", "Nighttime light radiance": 2.666875005, "Household Deprivation Score": 0.624973215, "Negative Coping Tendency": 3.6125, "Unemployment rate": 14.4, "Population dependency ratio": 60.3, "Food insecurity level (IPC)": 0.22, "Poverty Level (Relative Vulnerability - AMAAN)": 0.009826234, "Poverty Level (Internal Vulnerability - AMAAN)": 7.854137447, "composite_score": 0.474066742 }, "geometry": { "type": "Point", "coordinates": [ 36.023523474468433, 33.878689940787275 ] } },
{ "type": "Feature", "properties": { "rand_point_id": 1058, "adm3_name1": "تل العمارة", "adm3_pcode": "51335", "Nighttime light radiance": 5.683333397, "Household Deprivation Score": 0.624973215, "Negative Coping Tendency": 3.6125, "Unemployment rate": 14.4, "Population dependency ratio": 60.3, "Food insecurity level (IPC)": 0.22, "Poverty Level (Relative Vulnerability - AMAAN)": 0.0, "Poverty Level (Internal Vulnerability - AMAAN)": 0.0, "composite_score": 0.472299633 }, "geometry": { "type": "Point", "coordinates": [ 35.994862025278117, 33.856543592608887 ] } },
{ "type": "Feature", "properties": { "rand_point_id": 1059, "adm3_name1": "حشمش", "adm3_pcode": "51341", "Nighttime light radiance": 1.599230763, "Household Deprivation Score": 0.624973215, "Negative Coping Tendency": 3.6125, "Unemployment rate": 14.4, "Population dependency ratio": 60.3, "Food insecurity level (IPC)": 0.22, "Poverty Level (Relative Vulnerability - AMAAN)": 0.0, "Poverty Level (Internal Vulnerability - AMAAN)": 0.0, "composite_score": 0.474265793 }, "geometry": { "type": "Point", "coordinates": [ 36.024073477790481, 33.824554379594872 ] } },
{ "type": "Feature", "properties": { "rand_point_id": 1060, "adm3_name1": "دير الغزال", "adm3_pcode": "51347", "Nighttime light radiance": 1.62567568, "Household Deprivation Score": 0.624973215, "Negative Coping Tendency": 3.6125, "Unemployment rate": 14.4, "Population dependency ratio": 60.3, "Food insecurity level (IPC)": 0.22, "Poverty Level (Relative Vulnerability - AMAAN)": 0.005614991, "Poverty Level (Internal Vulnerability - AMAAN)": 5.604203152, "composite_score": 0.474452197 }, "geometry": { "type": "Point", "coordinates": [ 36.064131554464254, 33.832257681641522 ] } },
{ "type": "Feature", "properties": { "rand_point_id": 1061, "adm3_name1": "قوسايا", "adm3_pcode": "51353", "Nighttime light radiance": 1.119902915, "Household Deprivation Score": 0.624973215, "Negative Coping Tendency": 3.6125, "Unemployment rate": 14.4, "Population dependency ratio": 60.3, "Food insecurity level (IPC)": 0.22, "Poverty Level (Relative Vulnerability - AMAAN)": 0.007720612, "Poverty Level (Internal Vulnerability - AMAAN)": 6.686930091, "composite_score": 0.474769412 }, "geometry": { "type": "Point", "coordinates": [ 36.046172365153261, 33.782738520754329 ] } },
{ "type": "Feature", "properties": { "rand_point_id": 1062, "adm3_name1": "ناصرية رزق", "adm3_pcode": "51354", "Nighttime light radiance": 1.880749983, "Household Deprivation Score": 0.624973215, "Negative Coping Tendency": 3.6125, "Unemployment rate": 14.4, "Population dependency ratio": 60.3, "Food insecurity level (IPC)": 0.22, "Poverty Level (Relative Vulnerability - AMAAN)": 0.044042583, "Poverty Level (Internal Vulnerability - AMAAN)": 21.76929748, "composite_score": 0.475553909 }, "geometry": { "type": "Point", "coordinates": [ 36.080602021292812, 33.853837006423838 ] } },
{ "type": "Feature", "properties": { "rand_point_id": 1063, "adm3_name1": "رعيت", "adm3_pcode": "51359", "Nighttime light radiance": 2.736363649, "Household Deprivation Score": 0.624973215, "Negative Coping Tendency": 3.6125, "Unemployment rate": 14.4, "Population dependency ratio": 60.3, "Food insecurity level (IPC)": 0.22, "Poverty Level (Relative Vulnerability - AMAAN)": 0.101420768, "Poverty Level (Internal Vulnerability - AMAAN)": 14.83192199, "composite_score": 0.476827464 }, "geometry": { "type": "Point", "coordinates": [ 36.043917908753279, 33.839898936875954 ] } },
{ "type": "Feature", "properties": { "rand_point_id": 1064, "adm3_name1": "تربل", "adm3_pcode": "51365", "Nighttime light radiance": 3.051063822, "Household Deprivation Score": 0.624973215, "Negative Coping Tendency": 3.6125, "Unemployment rate": 14.4, "Population dependency ratio": 60.3, "Food insecurity level (IPC)": 0.22, "Poverty Level (Relative Vulnerability - AMAAN)": 0.078083463, "Poverty Level (Internal Vulnerability - AMAAN)": 7.649991405, "composite_score": 0.475956938 }, "geometry": { "type": "Point", "coordinates": [ 35.980666433060371, 33.814311869113943 ] } },
{ "type": "Feature", "properties": { "rand_point_id": 1065, "adm3_name1": "مسا", "adm3_pcode": "51371", "Nighttime light radiance": 2.315500014, "Household Deprivation Score": 0.624973215, "Negative Coping Tendency": 3.6125, "Unemployment rate": 14.4, "Population dependency ratio": 60.3, "Food insecurity level (IPC)": 0.22, "Poverty Level (Relative Vulnerability - AMAAN)": 0.079487211, "Poverty Level (Internal Vulnerability - AMAAN)": 40.37433155, "composite_score": 0.476503254 }, "geometry": { "type": "Point", "coordinates": [ 36.070458360056492, 33.844070796266607 ] } },
{ "type": "Feature", "properties": { "rand_point_id": 1066, "adm3_name1": "عين كفر زبد", "adm3_pcode": "51377", "Nighttime light radiance": 2.211785712, "Household Deprivation Score": 0.624973215, "Negative Coping Tendency": 3.6125, "Unemployment rate": 14.4, "Population dependency ratio": 60.3, "Food insecurity level (IPC)": 0.22, "Poverty Level (Relative Vulnerability - AMAAN)": 0.012984666, "Poverty Level (Internal Vulnerability - AMAAN)": 5.167597765, "composite_score": 0.474424201 }, "geometry": { "type": "Point", "coordinates": [ 36.014764586849061, 33.781469606997852 ] } },
{ "type": "Feature", "properties": { "rand_point_id": 1067, "adm3_name1": "دلهميه", "adm3_pcode": "51383", "Nighttime light radiance": 3.651379314, "Household Deprivation Score": 0.624973215, "Negative Coping Tendency": 3.6125, "Unemployment rate": 14.4, "Population dependency ratio": 60.3, "Food insecurity level (IPC)": 0.22, "Poverty Level (Relative Vulnerability - AMAAN)": 0.024390116, "Poverty Level (Internal Vulnerability - AMAAN)": 1.41475827, "composite_score": 0.474063855 }, "geometry": { "type": "Point", "coordinates": [ 35.961442366331802, 33.826352349870554 ] } },
{ "type": "Feature", "properties": { "rand_point_id": 1068, "adm3_name1": "كفر زبد", "adm3_pcode": "51389", "Nighttime light radiance": 1.7323741, "Household Deprivation Score": 0.624973215, "Negative Coping Tendency": 3.6125, "Unemployment rate": 14.4, "Population dependency ratio": 60.3, "Food insecurity level (IPC)": 0.22, "Poverty Level (Relative Vulnerability - AMAAN)": 0.746793753, "Poverty Level (Internal Vulnerability - AMAAN)": 50.73915117, "composite_score": 0.496722027 }, "geometry": { "type": "Point", "coordinates": [ 35.957118072365311, 33.747145975872208 ] } },
{ "type": "Feature", "properties": { "rand_point_id": 1069, "adm3_name1": null, "adm3_pcode": "52001", "Nighttime light radiance": null, "Household Deprivation Score": null, "Negative Coping Tendency": null, "Unemployment rate": null, "Population dependency ratio": null, "Food insecurity level (IPC)": null, "Poverty Level (Relative Vulnerability - AMAAN)": null, "Poverty Level (Internal Vulnerability - AMAAN)": null, "composite_score": null }, "geometry": { "type": "Point", "coordinates": [ 35.753504588241228, 33.708175828750548 ] } },
{ "type": "Feature", "properties": { "rand_point_id": 1070, "adm3_name1": null, "adm3_pcode": "52002", "Nighttime light radiance": null, "Household Deprivation Score": null, "Negative Coping Tendency": null, "Unemployment rate": null, "Population dependency ratio": null, "Food insecurity level (IPC)": null, "Poverty Level (Relative Vulnerability - AMAAN)": null, "Poverty Level (Internal Vulnerability - AMAAN)": null, "composite_score": null }, "geometry": { "type": "Point", "coordinates": [ 35.713054329601739, 33.679497822790736 ] } },
{ "type": "Feature", "properties": { "rand_point_id": 1071, "adm3_name1": null, "adm3_pcode": "52003", "Nighttime light radiance": null, "Household Deprivation Score": null, "Negative Coping Tendency": null, "Unemployment rate": null, "Population dependency ratio": null, "Food insecurity level (IPC)": null, "Poverty Level (Relative Vulnerability - AMAAN)": null, "Poverty Level (Internal Vulnerability - AMAAN)": null, "composite_score": null }, "geometry": { "type": "Point", "coordinates": [ 35.680924235083999, 33.637744259616795 ] } },
{ "type": "Feature", "properties": { "rand_point_id": 1072, "adm3_name1": "مشغرة", "adm3_pcode": "52111", "Nighttime light radiance": 1.248201438, "Household Deprivation Score": 0.604434485, "Negative Coping Tendency": 6.0375, "Unemployment rate": 12.3, "Population dependency ratio": 60.3, "Food insecurity level (IPC)": 0.24, "Poverty Level (Relative Vulnerability - AMAAN)": 0.107211227, "Poverty Level (Internal Vulnerability - AMAAN)": 7.475835067, "composite_score": 0.48626795 }, "geometry": { "type": "Point", "coordinates": [ 35.654952146213923, 33.496542142357384 ] } },
{ "type": "Feature", "properties": { "rand_point_id": 1073, "adm3_name1": "عين التينة بقاع الغربي", "adm3_pcode": "52116", "Nighttime light radiance": 1.067428562, "Household Deprivation Score": 0.604434485, "Negative Coping Tendency": 6.0375, "Unemployment rate": 12.3, "Population dependency ratio": 60.3, "Food insecurity level (IPC)": 0.24, "Poverty Level (Relative Vulnerability - AMAAN)": 0.018424188, "Poverty Level (Internal Vulnerability - AMAAN)": 7.037533512, "composite_score": 0.483714647 }, "geometry": { "type": "Point", "coordinates": [ 35.625474467632877, 33.484606828482704 ] } },
{ "type": "Feature", "properties": { "rand_point_id": 1074, "adm3_name1": "عيتنيت", "adm3_pcode": "52121", "Nighttime light radiance": 0.90443038, "Household Deprivation Score": 0.604434485, "Negative Coping Tendency": 6.0375, "Unemployment rate": 12.3, "Population dependency ratio": 60.3, "Food insecurity level (IPC)": 0.24, "Poverty Level (Relative Vulnerability - AMAAN)": 0.003509369, "Poverty Level (Internal Vulnerability - AMAAN)": 2.706359946, "composite_score": 0.483335482 }, "geometry": { "type": "Point", "coordinates": [ 35.661684288560899, 33.557384958984166 ] } },
{ "type": "Feature", "properties": { "rand_point_id": 1075, "adm3_name1": "باب مارع", "adm3_pcode": "52126", "Nighttime light radiance": 1.012727264, "Household Deprivation Score": 0.604434485, "Negative Coping Tendency": 6.0375, "Unemployment rate": 12.3, "Population dependency ratio": 60.3, "Food insecurity level (IPC)": 0.24, "Poverty Level (Relative Vulnerability - AMAAN)": 0.0, "Poverty Level (Internal Vulnerability - AMAAN)": 0.0, "composite_score": 0.483173008 }, "geometry": { "type": "Point", "coordinates": [ 35.669295933731952, 33.585913808725024 ] } },
{ "type": "Feature", "properties": { "rand_point_id": 1076, "adm3_name1": "دير عين الجوزة", "adm3_pcode": "52131", "Nighttime light radiance": 1.093333327, "Household Deprivation Score": 0.604434485, "Negative Coping Tendency": 6.0375, "Unemployment rate": 12.3, "Population dependency ratio": 60.3, "Food insecurity level (IPC)": 0.24, "Poverty Level (Relative Vulnerability - AMAAN)": 0.0, "Poverty Level (Internal Vulnerability - AMAAN)": 0.0, "composite_score": 0.483140279 }, "geometry": { "type": "Point", "coordinates": [ 35.69844242970678, 33.591262016789031 ] } },
{ "type": "Feature", "properties": { "rand_point_id": 1077, "adm3_name1": "صغبين", "adm3_pcode": "52136", "Nighttime light radiance": 1.465925932, "Household Deprivation Score": 0.604434485, "Negative Coping Tendency": 6.0375, "Unemployment rate": 12.3, "Population dependency ratio": 60.3, "Food insecurity level (IPC)": 0.24, "Poverty Level (Relative Vulnerability - AMAAN)": 0.001579216, "Poverty Level (Internal Vulnerability - AMAAN)": 0.411710887, "composite_score": 0.483016337 }, "geometry": { "type": "Point", "coordinates": [ 35.682282552787477, 33.600053442339814 ] } },
{ "type": "Feature", "properties": { "rand_point_id": 1078, "adm3_name1": "لوسيا", "adm3_pcode": "52141", "Nighttime light radiance": 0.848545457, "Household Deprivation Score": 0.604434485, "Negative Coping Tendency": 6.0375, "Unemployment rate": 12.3, "Population dependency ratio": 60.3, "Food insecurity level (IPC)": 0.24, "Poverty Level (Relative Vulnerability - AMAAN)": 0.001228279, "Poverty Level (Internal Vulnerability - AMAAN)": 2.766798419, "composite_score": 0.483318367 }, "geometry": { "type": "Point", "coordinates": [ 35.659444353321902, 33.47590075487107 ] } },
{ "type": "Feature", "properties": { "rand_point_id": 1079, "adm3_name1": "عين زبدة", "adm3_pcode": "52146", "Nighttime light radiance": 2.035925925, "Household Deprivation Score": 0.604434485, "Negative Coping Tendency": 6.0375, "Unemployment rate": 12.3, "Population dependency ratio": 60.3, "Food insecurity level (IPC)": 0.24, "Poverty Level (Relative Vulnerability - AMAAN)": 0.002456558, "Poverty Level (Internal Vulnerability - AMAAN)": 1.271571299, "composite_score": 0.482784718 }, "geometry": { "type": "Point", "coordinates": [ 35.713955707434884, 33.627688589677263 ] } },
{ "type": "Feature", "properties": { "rand_point_id": 1080, "adm3_name1": "خربة قنافار", "adm3_pcode": "52151", "Nighttime light radiance": 1.665040649, "Household Deprivation Score": 0.604434485, "Negative Coping Tendency": 6.0375, "Unemployment rate": 12.3, "Population dependency ratio": 60.3, "Food insecurity level (IPC)": 0.24, "Poverty Level (Relative Vulnerability - AMAAN)": 0.009826234, "Poverty Level (Internal Vulnerability - AMAAN)": 1.331431289, "composite_score": 0.483188285 }, "geometry": { "type": "Point", "coordinates": [ 35.774330084567488, 33.642171946291171 ] } },
{ "type": "Feature", "properties": { "rand_point_id": 1081, "adm3_name1": "كفريا بقاع الغربي", "adm3_pcode": "52156", "Nighttime light radiance": 1.480306131, "Household Deprivation Score": 0.604434485, "Negative Coping Tendency": 6.0375, "Unemployment rate": 12.3, "Population dependency ratio": 60.3, "Food insecurity level (IPC)": 0.24, "Poverty Level (Relative Vulnerability - AMAAN)": 0.007194207, "Poverty Level (Internal Vulnerability - AMAAN)": 2.798634812, "composite_score": 0.483210934 }, "geometry": { "type": "Point", "coordinates": [ 35.722630752575689, 33.670927833102922 ] } },
{ "type": "Feature", "properties": { "rand_point_id": 1082, "adm3_name1": "عانا", "adm3_pcode": "52161", "Nighttime light radiance": 1.262588239, "Household Deprivation Score": 0.604434485, "Negative Coping Tendency": 6.0375, "Unemployment rate": 12.3, "Population dependency ratio": 60.3, "Food insecurity level (IPC)": 0.24, "Poverty Level (Relative Vulnerability - AMAAN)": 0.013160134, "Poverty Level (Internal Vulnerability - AMAAN)": 6.696428571, "composite_score": 0.483516182 }, "geometry": { "type": "Point", "coordinates": [ 35.755428139376768, 33.693876316717123 ] } },
{ "type": "Feature", "properties": { "rand_point_id": 1083, "adm3_name1": "دير طحنيش", "adm3_pcode": "52166", "Nighttime light radiance": 0.947272726, "Household Deprivation Score": 0.604434485, "Negative Coping Tendency": 6.0375, "Unemployment rate": 12.3, "Population dependency ratio": 60.3, "Food insecurity level (IPC)": 0.24, "Poverty Level (Relative Vulnerability - AMAAN)": 0.0, "Poverty Level (Internal Vulnerability - AMAAN)": 0.0, "composite_score": 0.483251885 }, "geometry": { "type": "Point", "coordinates": [ 35.771664563386096, 33.701044891628541 ] } },
{ "type": "Feature", "properties": { "rand_point_id": 1084, "adm3_name1": "المنصورة", "adm3_pcode": "52171", "Nighttime light radiance": 1.78739131, "Household Deprivation Score": 0.604434485, "Negative Coping Tendency": 6.0375, "Unemployment rate": 12.3, "Population dependency ratio": 60.3, "Food insecurity level (IPC)": 0.24, "Poverty Level (Relative Vulnerability - AMAAN)": 0.049657573, "Poverty Level (Internal Vulnerability - AMAAN)": 7.872044506, "composite_score": 0.484368379 }, "geometry": { "type": "Point", "coordinates": [ 35.810042167377219, 33.665222072000837 ] } },
{ "type": "Feature", "properties": { "rand_point_id": 1085, "adm3_name1": "عميق", "adm3_pcode": "52176", "Nighttime light radiance": 0.732959185, "Household Deprivation Score": 0.604434485, "Negative Coping Tendency": 6.0375, "Unemployment rate": 12.3, "Population dependency ratio": 60.3, "Food insecurity level (IPC)": 0.24, "Poverty Level (Relative Vulnerability - AMAAN)": 0.006316864, "Poverty Level (Internal Vulnerability - AMAAN)": 4.884667571, "composite_score": 0.483576246 }, "geometry": { "type": "Point", "coordinates": [ 35.791817974092737, 33.736468407683759 ] } },
{ "type": "Feature", "properties": { "rand_point_id": 1086, "adm3_name1": "شبرقية عميق", "adm3_pcode": "52181", "Nighttime light radiance": 0.726486488, "Household Deprivation Score": 0.604434485, "Negative Coping Tendency": 6.0375, "Unemployment rate": 12.3, "Population dependency ratio": 60.3, "Food insecurity level (IPC)": 0.24, "Poverty Level (Relative Vulnerability - AMAAN)": 0.0, "Poverty Level (Internal Vulnerability - AMAAN)": 0.0, "composite_score": 0.483375596 }, "geometry": { "type": "Point", "coordinates": [ 35.823088555099332, 33.71574890582805 ] } },
{ "type": "Feature", "properties": { "rand_point_id": 1087, "adm3_name1": "جب جنين", "adm3_pcode": "52211", "Nighttime light radiance": 3.312134836, "Household Deprivation Score": 0.604434485, "Negative Coping Tendency": 6.0375, "Unemployment rate": 12.3, "Population dependency ratio": 60.3, "Food insecurity level (IPC)": 0.24, "Poverty Level (Relative Vulnerability - AMAAN)": 0.061764897, "Poverty Level (Internal Vulnerability - AMAAN)": 2.845134174, "composite_score": 0.48402282 }, "geometry": { "type": "Point", "coordinates": [ 35.774980376163079, 33.627332340246397 ] } },
{ "type": "Feature", "properties": { "rand_point_id": 1088, "adm3_name1": "لالا", "adm3_pcode": "52214", "Nighttime light radiance": 2.365194822, "Household Deprivation Score": 0.604434485, "Negative Coping Tendency": 6.0375, "Unemployment rate": 12.3, "Population dependency ratio": 60.3, "Food insecurity level (IPC)": 0.24, "Poverty Level (Relative Vulnerability - AMAAN)": 0.011931855, "Poverty Level (Internal Vulnerability - AMAAN)": 2.149178255, "composite_score": 0.482993537 }, "geometry": { "type": "Point", "coordinates": [ 35.750589258624871, 33.607592352408929 ] } },
{ "type": "Feature", "properties": { "rand_point_id": 1089, "adm3_name1": "كامد اللوز", "adm3_pcode": "52217", "Nighttime light radiance": 4.030674149, "Household Deprivation Score": 0.604434485, "Negative Coping Tendency": 6.0375, "Unemployment rate": 12.3, "Population dependency ratio": 60.3, "Food insecurity level (IPC)": 0.24, "Poverty Level (Relative Vulnerability - AMAAN)": 0.082821112, "Poverty Level (Internal Vulnerability - AMAAN)": 6.285790385, "composite_score": 0.484327515 }, "geometry": { "type": "Point", "coordinates": [ 35.825810999689679, 33.639196469399295 ] } },
{ "type": "Feature", "properties": { "rand_point_id": 1090, "adm3_name1": "تل زنوب", "adm3_pcode": "52221", "Nighttime light radiance": 1.339302325, "Household Deprivation Score": 0.604434485, "Negative Coping Tendency": 6.0375, "Unemployment rate": 12.3, "Population dependency ratio": 60.3, "Food insecurity level (IPC)": 0.24, "Poverty Level (Relative Vulnerability - AMAAN)": 0.026671205, "Poverty Level (Internal Vulnerability - AMAAN)": 43.67816092, "composite_score": 0.484116322 }, "geometry": { "type": "Point", "coordinates": [ 35.761683502625608, 33.655436310083005 ] } },
{ "type": "Feature", "properties": { "rand_point_id": 1091, "adm3_name1": "بعلول", "adm3_pcode": "52224", "Nighttime light radiance": 2.091571432, "Household Deprivation Score": 0.604434485, "Negative Coping Tendency": 6.0375, "Unemployment rate": 12.3, "Population dependency ratio": 60.3, "Food insecurity level (IPC)": 0.24, "Poverty Level (Relative Vulnerability - AMAAN)": 0.000877342, "Poverty Level (Internal Vulnerability - AMAAN)": 0.269106566, "composite_score": 0.482799156 }, "geometry": { "type": "Point", "coordinates": [ 35.753068181381074, 33.595956588148013 ] } },
{ "type": "Feature", "properties": { "rand_point_id": 1092, "adm3_name1": "غزة", "adm3_pcode": "52227", "Nighttime light radiance": 5.405714255, "Household Deprivation Score": 0.604434485, "Negative Coping Tendency": 6.0375, "Unemployment rate": 12.3, "Population dependency ratio": 60.3, "Food insecurity level (IPC)": 0.24, "Poverty Level (Relative Vulnerability - AMAAN)": 0.122126046, "Poverty Level (Internal Vulnerability - AMAAN)": 4.447000192, "composite_score": 0.484842164 }, "geometry": { "type": "Point", "coordinates": [ 35.828174911812852, 33.656013585534417 ] } },
{ "type": "Feature", "properties": { "rand_point_id": 1093, "adm3_name1": "سلطان يعقوب الفوقا", "adm3_pcode": "52231", "Nighttime light radiance": 2.767538461, "Household Deprivation Score": 0.604434485, "Negative Coping Tendency": 6.0375, "Unemployment rate": 12.3, "Population dependency ratio": 60.3, "Food insecurity level (IPC)": 0.24, "Poverty Level (Relative Vulnerability - AMAAN)": 0.005439522, "Poverty Level (Internal Vulnerability - AMAAN)": 1.354303189, "composite_score": 0.482623874 }, "geometry": { "type": "Point", "coordinates": [ 35.860793227997576, 33.653822642970759 ] } },
{ "type": "Feature", "properties": { "rand_point_id": 1094, "adm3_name1": "الخيارة", "adm3_pcode": "52234", "Nighttime light radiance": 4.210576924, "Household Deprivation Score": 0.604434485, "Negative Coping Tendency": 6.0375, "Unemployment rate": 12.3, "Population dependency ratio": 60.3, "Food insecurity level (IPC)": 0.24, "Poverty Level (Relative Vulnerability - AMAAN)": 0.072994878, "Poverty Level (Internal Vulnerability - AMAAN)": 17.26857617, "composite_score": 0.484017298 }, "geometry": { "type": "Point", "coordinates": [ 35.835724368182085, 33.698078316991854 ] } },
{ "type": "Feature", "properties": { "rand_point_id": 1095, "adm3_name1": "القرعون", "adm3_pcode": "52237", "Nighttime light radiance": 3.811874991, "Household Deprivation Score": 0.604434485, "Negative Coping Tendency": 6.0375, "Unemployment rate": 12.3, "Population dependency ratio": 60.3, "Food insecurity level (IPC)": 0.24, "Poverty Level (Relative Vulnerability - AMAAN)": 0.046148204, "Poverty Level (Internal Vulnerability - AMAAN)": 3.715214013, "composite_score": 0.483352759 }, "geometry": { "type": "Point", "coordinates": [ 35.711841993450996, 33.582982327454246 ] } },
{ "type": "Feature", "properties": { "rand_point_id": 1096, "adm3_name1": "سلطان يعقوب أراضي", "adm3_pcode": "52241", "Nighttime light radiance": 1.982222226, "Household Deprivation Score": 0.604434485, "Negative Coping Tendency": 6.0375, "Unemployment rate": 12.3, "Population dependency ratio": 60.3, "Food insecurity level (IPC)": 0.24, "Poverty Level (Relative Vulnerability - AMAAN)": 0.003860306, "Poverty Level (Internal Vulnerability - AMAAN)": 30.55555556, "composite_score": 0.483094408 }, "geometry": { "type": "Point", "coordinates": [ 35.864200050104614, 33.672807557356656 ] } },
{ "type": "Feature", "properties": { "rand_point_id": 1097, "adm3_name1": "حمارة", "adm3_pcode": "52244", "Nighttime light radiance": 2.267124994, "Household Deprivation Score": 0.604434485, "Negative Coping Tendency": 6.0375, "Unemployment rate": 12.3, "Population dependency ratio": 60.3, "Food insecurity level (IPC)": 0.24, "Poverty Level (Relative Vulnerability - AMAAN)": 0.063344113, "Poverty Level (Internal Vulnerability - AMAAN)": 9.751485683, "composite_score": 0.484640792 }, "geometry": { "type": "Point", "coordinates": [ 35.872526197695848, 33.649525883677882 ] } },
{ "type": "Feature", "properties": { "rand_point_id": 1098, "adm3_name1": "خيارة العتيقة", "adm3_pcode": "52247", "Nighttime light radiance": 0.953333323, "Household Deprivation Score": 0.604434485, "Negative Coping Tendency": 6.0375, "Unemployment rate": 12.3, "Population dependency ratio": 60.3, "Food insecurity level (IPC)": 0.24, "Poverty Level (Relative Vulnerability - AMAAN)": 0.0, "Poverty Level (Internal Vulnerability - AMAAN)": 0.0, "composite_score": 0.483345125 }, "geometry": { "type": "Point", "coordinates": [ 35.834974892411516, 33.713231994347311 ] } },
{ "type": "Feature", "properties": { "rand_point_id": 1099, "adm3_name1": "دكوة", "adm3_pcode": "52251", "Nighttime light radiance": 1.690652177, "Household Deprivation Score": 0.604434485, "Negative Coping Tendency": 6.0375, "Unemployment rate": 12.3, "Population dependency ratio": 60.3, "Food insecurity level (IPC)": 0.24, "Poverty Level (Relative Vulnerability - AMAAN)": 0.058606465, "Poverty Level (Internal Vulnerability - AMAAN)": 38.97316219, "composite_score": 0.484913623 }, "geometry": { "type": "Point", "coordinates": [ 35.864381784191522, 33.692619155780498 ] } },
{ "type": "Feature", "properties": { "rand_point_id": 1100, "adm3_name1": "حوش الحريمة", "adm3_pcode": "52254", "Nighttime light radiance": 3.309393941, "Household Deprivation Score": 0.604434485, "Negative Coping Tendency": 6.0375, "Unemployment rate": 12.3, "Population dependency ratio": 60.3, "Food insecurity level (IPC)": 0.24, "Poverty Level (Relative Vulnerability - AMAAN)": 0.242848344, "Poverty Level (Internal Vulnerability - AMAAN)": 26.99960983, "composite_score": 0.489574414 }, "geometry": { "type": "Point", "coordinates": [ 35.850512298510381, 33.706172560262537 ] } },
{ "type": "Feature", "properties": { "rand_point_id": 1101, "adm3_name1": "الجزيرة", "adm3_pcode": "52257", "Nighttime light radiance": 1.968695666, "Household Deprivation Score": 0.604434485, "Negative Coping Tendency": 6.0375, "Unemployment rate": 12.3, "Population dependency ratio": 60.3, "Food insecurity level (IPC)": 0.24, "Poverty Level (Relative Vulnerability - AMAAN)": 0.014212945, "Poverty Level (Internal Vulnerability - AMAAN)": 52.5974026, "composite_score": 0.483525553 }, "geometry": { "type": "Point", "coordinates": [ 35.838257633568624, 33.722449286218101 ] } },
{ "type": "Feature", "properties": { "rand_point_id": 1102, "adm3_name1": "الوقف بقاع الغربي", "adm3_pcode": "52261", "Nighttime light radiance": 1.622000003, "Household Deprivation Score": 0.604434485, "Negative Coping Tendency": 6.0375, "Unemployment rate": 12.3, "Population dependency ratio": 60.3, "Food insecurity level (IPC)": 0.24, "Poverty Level (Relative Vulnerability - AMAAN)": 0.0, "Poverty Level (Internal Vulnerability - AMAAN)": 0.0, "composite_score": 0.483041001 }, "geometry": { "type": "Point", "coordinates": [ 35.847528739488723, 33.733559197784373 ] } },
{ "type": "Feature", "properties": { "rand_point_id": 1103, "adm3_name1": "صويري", "adm3_pcode": "52264", "Nighttime light radiance": 3.168607605, "Household Deprivation Score": 0.604434485, "Negative Coping Tendency": 6.0375, "Unemployment rate": 12.3, "Population dependency ratio": 60.3, "Food insecurity level (IPC)": 0.24, "Poverty Level (Relative Vulnerability - AMAAN)": 0.316720565, "Poverty Level (Internal Vulnerability - AMAAN)": 35.36442006, "composite_score": 0.491890629 }, "geometry": { "type": "Point", "coordinates": [ 35.914492343065106, 33.702313180426181 ] } },
{ "type": "Feature", "properties": { "rand_point_id": 1104, "adm3_name1": "سحمر", "adm3_pcode": "52267", "Nighttime light radiance": 2.318124986, "Household Deprivation Score": 0.604434485, "Negative Coping Tendency": 6.0375, "Unemployment rate": 12.3, "Population dependency ratio": 60.3, "Food insecurity level (IPC)": 0.24, "Poverty Level (Relative Vulnerability - AMAAN)": 0.275660946, "Poverty Level (Internal Vulnerability - AMAAN)": 30.82205219, "composite_score": 0.491059352 }, "geometry": { "type": "Point", "coordinates": [ 35.681927854451736, 33.506106128110602 ] } },
{ "type": "Feature", "properties": { "rand_point_id": 1105, "adm3_name1": "حريمة الصغرى", "adm3_pcode": "52271", "Nighttime light radiance": 2.541153844, "Household Deprivation Score": 0.604434485, "Negative Coping Tendency": 6.0375, "Unemployment rate": 12.3, "Population dependency ratio": 60.3, "Food insecurity level (IPC)": 0.24, "Poverty Level (Relative Vulnerability - AMAAN)": 0.0, "Poverty Level (Internal Vulnerability - AMAAN)": 0.0, "composite_score": 0.482611977 }, "geometry": { "type": "Point", "coordinates": [ 35.880243536773804, 33.738616425534971 ] } },
{ "type": "Feature", "properties": { "rand_point_id": 1106, "adm3_name1": "لبايا", "adm3_pcode": "52274", "Nighttime light radiance": 1.249710142, "Household Deprivation Score": 0.604434485, "Negative Coping Tendency": 6.0375, "Unemployment rate": 12.3, "Population dependency ratio": 60.3, "Food insecurity level (IPC)": 0.24, "Poverty Level (Relative Vulnerability - AMAAN)": 0.105632011, "Poverty Level (Internal Vulnerability - AMAAN)": 25.32604123, "composite_score": 0.486492534 }, "geometry": { "type": "Point", "coordinates": [ 35.706270699904408, 33.483591314549486 ] } },
{ "type": "Feature", "properties": { "rand_point_id": 1107, "adm3_name1": "المرج", "adm3_pcode": "52277", "Nighttime light radiance": 15.75530605, "Household Deprivation Score": 0.604434485, "Negative Coping Tendency": 6.0375, "Unemployment rate": 12.3, "Population dependency ratio": 60.3, "Food insecurity level (IPC)": 0.24, "Poverty Level (Relative Vulnerability - AMAAN)": 0.46165751, "Poverty Level (Internal Vulnerability - AMAAN)": 14.23855396, "composite_score": 0.490091341 }, "geometry": { "type": "Point", "coordinates": [ 35.892836132965378, 33.759499546157194 ] } },
{ "type": "Feature", "properties": { "rand_point_id": 1108, "adm3_name1": "يحمر بقاع الغربي", "adm3_pcode": "52281", "Nighttime light radiance": 1.740980411, "Household Deprivation Score": 0.604434485, "Negative Coping Tendency": 6.0375, "Unemployment rate": 12.3, "Population dependency ratio": 60.3, "Food insecurity level (IPC)": 0.24, "Poverty Level (Relative Vulnerability - AMAAN)": 0.0, "Poverty Level (Internal Vulnerability - AMAAN)": 0.0, "composite_score": 0.483007669 }, "geometry": { "type": "Point", "coordinates": [ 35.674284554866325, 33.484056743049102 ] } },
{ "type": "Feature", "properties": { "rand_point_id": 1109, "adm3_name1": "زلايا", "adm3_pcode": "52284", "Nighttime light radiance": 0.936428564, "Household Deprivation Score": 0.604434485, "Negative Coping Tendency": 6.0375, "Unemployment rate": 12.3, "Population dependency ratio": 60.3, "Food insecurity level (IPC)": 0.24, "Poverty Level (Relative Vulnerability - AMAAN)": 0.009475297, "Poverty Level (Internal Vulnerability - AMAAN)": 28.125, "composite_score": 0.483803563 }, "geometry": { "type": "Point", "coordinates": [ 35.665621107066571, 33.458247792643881 ] } },
{ "type": "Feature", "properties": { "rand_point_id": 1110, "adm3_name1": "ميدون", "adm3_pcode": "52287", "Nighttime light radiance": 0.878500002, "Household Deprivation Score": 0.604434485, "Negative Coping Tendency": 6.0375, "Unemployment rate": 12.3, "Population dependency ratio": 60.3, "Food insecurity level (IPC)": 0.24, "Poverty Level (Relative Vulnerability - AMAAN)": 0.026495737, "Poverty Level (Internal Vulnerability - AMAAN)": 296.0784314, "composite_score": 0.485525453 }, "geometry": { "type": "Point", "coordinates": [ 35.631236667914948, 33.452192863099356 ] } },
{ "type": "Feature", "properties": { "rand_point_id": 1111, "adm3_name1": "قلايا", "adm3_pcode": "52291", "Nighttime light radiance": 1.259677418, "Household Deprivation Score": 0.604434485, "Negative Coping Tendency": 6.0375, "Unemployment rate": 12.3, "Population dependency ratio": 60.3, "Food insecurity level (IPC)": 0.24, "Poverty Level (Relative Vulnerability - AMAAN)": 0.03983134, "Poverty Level (Internal Vulnerability - AMAAN)": 29.86842105, "composite_score": 0.484568501 }, "geometry": { "type": "Point", "coordinates": [ 35.661283345472249, 33.426576837548104 ] } },
{ "type": "Feature", "properties": { "rand_point_id": 1112, "adm3_name1": "روضة إسطبل", "adm3_pcode": "52295", "Nighttime light radiance": 5.685757597, "Household Deprivation Score": 0.604434485, "Negative Coping Tendency": 6.0375, "Unemployment rate": 12.3, "Population dependency ratio": 60.3, "Food insecurity level (IPC)": 0.24, "Poverty Level (Relative Vulnerability - AMAAN)": 0.108439506, "Poverty Level (Internal Vulnerability - AMAAN)": 46.92482916, "composite_score": 0.484568622 }, "geometry": { "type": "Point", "coordinates": [ 35.894919734732241, 33.73848877686833 ] } },
{ "type": "Feature", "properties": { "rand_point_id": 1113, "adm3_name1": null, "adm3_pcode": "53001", "Nighttime light radiance": null, "Household Deprivation Score": null, "Negative Coping Tendency": null, "Unemployment rate": null, "Population dependency ratio": null, "Food insecurity level (IPC)": null, "Poverty Level (Relative Vulnerability - AMAAN)": null, "Poverty Level (Internal Vulnerability - AMAAN)": null, "composite_score": null }, "geometry": { "type": "Point", "coordinates": [ 36.585559932199345, 34.2931174828529 ] } },
{ "type": "Feature", "properties": { "rand_point_id": 1114, "adm3_name1": "حوارته", "adm3_pcode": "53002", "Nighttime light radiance": 0.69490566, "Household Deprivation Score": 0.741293687, "Negative Coping Tendency": 3.7, "Unemployment rate": 11.1, "Population dependency ratio": 55.8, "Food insecurity level (IPC)": 0.33, "Poverty Level (Relative Vulnerability - AMAAN)": 0.0, "Poverty Level (Internal Vulnerability - AMAAN)": 0.0, "composite_score": 0.491706126 }, "geometry": { "type": "Point", "coordinates": [ 36.578827394758285, 34.23602734785468 ] } },
{ "type": "Feature", "properties": { "rand_point_id": 1115, "adm3_name1": null, "adm3_pcode": "53003", "Nighttime light radiance": null, "Household Deprivation Score": null, "Negative Coping Tendency": null, "Unemployment rate": null, "Population dependency ratio": null, "Food insecurity level (IPC)": null, "Poverty Level (Relative Vulnerability - AMAAN)": null, "Poverty Level (Internal Vulnerability - AMAAN)": null, "composite_score": null }, "geometry": { "type": "Point", "coordinates": [ 36.246963262404009, 33.85324693346012 ] } },
{ "type": "Feature", "properties": { "rand_point_id": 1116, "adm3_name1": "بعلبك", "adm3_pcode": "53111", "Nighttime light radiance": 4.361737092, "Household Deprivation Score": 0.741293687, "Negative Coping Tendency": 3.7, "Unemployment rate": 11.1, "Population dependency ratio": 55.8, "Food insecurity level (IPC)": 0.33, "Poverty Level (Relative Vulnerability - AMAAN)": 1.94559425, "Poverty Level (Internal Vulnerability - AMAAN)": 16.91326764, "composite_score": 0.548089741 }, "geometry": { "type": "Point", "coordinates": [ 36.165025385252925, 34.019956541676045 ] } },
{ "type": "Feature", "properties": { "rand_point_id": 1117, "adm3_name1": "عين بورداي", "adm3_pcode": "53115", "Nighttime light radiance": 1.658240739, "Household Deprivation Score": 0.741293687, "Negative Coping Tendency": 3.7, "Unemployment rate": 11.1, "Population dependency ratio": 55.8, "Food insecurity level (IPC)": 0.33, "Poverty Level (Relative Vulnerability - AMAAN)": 0.041936961, "Poverty Level (Internal Vulnerability - AMAAN)": 25.72658773, "composite_score": 0.49274067 }, "geometry": { "type": "Point", "coordinates": [ 36.200052384713665, 33.985770753060564 ] } },
{ "type": "Feature", "properties": { "rand_point_id": 1118, "adm3_name1": "دوريس", "adm3_pcode": "53119", "Nighttime light radiance": 2.886388895, "Household Deprivation Score": 0.741293687, "Negative Coping Tendency": 3.7, "Unemployment rate": 11.1, "Population dependency ratio": 55.8, "Food insecurity level (IPC)": 0.33, "Poverty Level (Relative Vulnerability - AMAAN)": 0.361114084, "Poverty Level (Internal Vulnerability - AMAAN)": 17.98793812, "composite_score": 0.501626987 }, "geometry": { "type": "Point", "coordinates": [ 36.161361279818323, 33.974132889642917 ] } },
{ "type": "Feature", "properties": { "rand_point_id": 1119, "adm3_name1": "ايعات", "adm3_pcode": "53123", "Nighttime light radiance": 0.973821656, "Household Deprivation Score": 0.741293687, "Negative Coping Tendency": 3.7, "Unemployment rate": 11.1, "Population dependency ratio": 55.8, "Food insecurity level (IPC)": 0.33, "Poverty Level (Relative Vulnerability - AMAAN)": 0.117563866, "Poverty Level (Internal Vulnerability - AMAAN)": 10.64844247, "composite_score": 0.495263971 }, "geometry": { "type": "Point", "coordinates": [ 36.131778796335013, 34.040690383870562 ] } },
{ "type": "Feature", "properties": { "rand_point_id": 1120, "adm3_name1": "عدّوس", "adm3_pcode": "53127", "Nighttime light radiance": 0.973333329, "Household Deprivation Score": 0.741293687, "Negative Coping Tendency": 3.7, "Unemployment rate": 11.1, "Population dependency ratio": 55.8, "Food insecurity level (IPC)": 0.33, "Poverty Level (Relative Vulnerability - AMAAN)": 0.16827425, "Poverty Level (Internal Vulnerability - AMAAN)": 57.73630343, "composite_score": 0.496987083 }, "geometry": { "type": "Point", "coordinates": [ 36.160800087280755, 34.026192901594065 ] } },
{ "type": "Feature", "properties": { "rand_point_id": 1121, "adm3_name1": "عمشكي", "adm3_pcode": "53131", "Nighttime light radiance": 0.652907347, "Household Deprivation Score": 0.741293687, "Negative Coping Tendency": 3.7, "Unemployment rate": 11.1, "Population dependency ratio": 55.8, "Food insecurity level (IPC)": 0.33, "Poverty Level (Relative Vulnerability - AMAAN)": 0.003684838, "Poverty Level (Internal Vulnerability - AMAAN)": 45.65217391, "composite_score": 0.492190795 }, "geometry": { "type": "Point", "coordinates": [ 36.314197353214816, 33.972817973771413 ] } },
{ "type": "Feature", "properties": { "rand_point_id": 1122, "adm3_name1": "حوش تل صفية", "adm3_pcode": "53135", "Nighttime light radiance": 1.188214281, "Household Deprivation Score": 0.741293687, "Negative Coping Tendency": 3.7, "Unemployment rate": 11.1, "Population dependency ratio": 55.8, "Food insecurity level (IPC)": 0.33, "Poverty Level (Relative Vulnerability - AMAAN)": 0.041059619, "Poverty Level (Internal Vulnerability - AMAAN)": 18.41070024, "composite_score": 0.492931425 }, "geometry": { "type": "Point", "coordinates": [ 36.131890010582794, 34.024114172507701 ] } },
{ "type": "Feature", "properties": { "rand_point_id": 1123, "adm3_name1": "طيبة بعلبك", "adm3_pcode": "53139", "Nighttime light radiance": 1.321938772, "Household Deprivation Score": 0.741293687, "Negative Coping Tendency": 3.7, "Unemployment rate": 11.1, "Population dependency ratio": 55.8, "Food insecurity level (IPC)": 0.33, "Poverty Level (Relative Vulnerability - AMAAN)": 0.058957402, "Poverty Level (Internal Vulnerability - AMAAN)": 22.81059063, "composite_score": 0.493424448 }, "geometry": { "type": "Point", "coordinates": [ 36.176720025076861, 33.95621583695678 ] } },
{ "type": "Feature", "properties": { "rand_point_id": 1124, "adm3_name1": "نحله", "adm3_pcode": "53143", "Nighttime light radiance": 0.534698274, "Household Deprivation Score": 0.741293687, "Negative Coping Tendency": 3.7, "Unemployment rate": 11.1, "Population dependency ratio": 55.8, "Food insecurity level (IPC)": 0.33, "Poverty Level (Relative Vulnerability - AMAAN)": 0.095103904, "Poverty Level (Internal Vulnerability - AMAAN)": 18.36665537, "composite_score": 0.494863601 }, "geometry": { "type": "Point", "coordinates": [ 36.288617361846939, 34.032894523753178 ] } },
{ "type": "Feature", "properties": { "rand_point_id": 1125, "adm3_name1": "مجدلون", "adm3_pcode": "53147", "Nighttime light radiance": 0.900666665, "Household Deprivation Score": 0.741293687, "Negative Coping Tendency": 3.7, "Unemployment rate": 11.1, "Population dependency ratio": 55.8, "Food insecurity level (IPC)": 0.33, "Poverty Level (Relative Vulnerability - AMAAN)": 0.020880746, "Poverty Level (Internal Vulnerability - AMAAN)": 4.851202609, "composite_score": 0.492422787 }, "geometry": { "type": "Point", "coordinates": [ 36.124214163061446, 33.992385575892612 ] } },
{ "type": "Feature", "properties": { "rand_point_id": 1126, "adm3_name1": "حوش بردى", "adm3_pcode": "53151", "Nighttime light radiance": 0.677272726, "Household Deprivation Score": 0.741293687, "Negative Coping Tendency": 3.7, "Unemployment rate": 11.1, "Population dependency ratio": 55.8, "Food insecurity level (IPC)": 0.33, "Poverty Level (Relative Vulnerability - AMAAN)": 0.020529809, "Poverty Level (Internal Vulnerability - AMAAN)": 14.408867, "composite_score": 0.492566461 }, "geometry": { "type": "Point", "coordinates": [ 36.134066140708349, 33.995781983971497 ] } },
{ "type": "Feature", "properties": { "rand_point_id": 1127, "adm3_name1": "مقنة", "adm3_pcode": "53155", "Nighttime light radiance": 0.799634146, "Household Deprivation Score": 0.741293687, "Negative Coping Tendency": 3.7, "Unemployment rate": 11.1, "Population dependency ratio": 55.8, "Food insecurity level (IPC)": 0.33, "Poverty Level (Relative Vulnerability - AMAAN)": 0.125810884, "Poverty Level (Internal Vulnerability - AMAAN)": 30.53662692, "composite_score": 0.495718955 }, "geometry": { "type": "Point", "coordinates": [ 36.181988100368663, 34.087407153981452 ] } },
{ "type": "Feature", "properties": { "rand_point_id": 1128, "adm3_name1": "حوش الدهب", "adm3_pcode": "53159", "Nighttime light radiance": 0.654444445, "Household Deprivation Score": 0.741293687, "Negative Coping Tendency": 3.7, "Unemployment rate": 11.1, "Population dependency ratio": 55.8, "Food insecurity level (IPC)": 0.33, "Poverty Level (Relative Vulnerability - AMAAN)": 0.008597954, "Poverty Level (Internal Vulnerability - AMAAN)": 67.12328767, "composite_score": 0.492464452 }, "geometry": { "type": "Point", "coordinates": [ 36.125529926962969, 34.037280709689554 ] } },
{ "type": "Feature", "properties": { "rand_point_id": 1129, "adm3_name1": "حصن الشادورا", "adm3_pcode": "53163", "Nighttime light radiance": 0.535971219, "Household Deprivation Score": 0.741293687, "Negative Coping Tendency": 3.7, "Unemployment rate": 11.1, "Population dependency ratio": 55.8, "Food insecurity level (IPC)": 0.33, "Poverty Level (Relative Vulnerability - AMAAN)": 0.0, "Poverty Level (Internal Vulnerability - AMAAN)": 0.0, "composite_score": 0.49197347 }, "geometry": { "type": "Point", "coordinates": [ 36.285240209505375, 33.947144224878592 ] } },
{ "type": "Feature", "properties": { "rand_point_id": 1130, "adm3_name1": "سعيدة", "adm3_pcode": "53167", "Nighttime light radiance": 0.72916667, "Household Deprivation Score": 0.741293687, "Negative Coping Tendency": 3.7, "Unemployment rate": 11.1, "Population dependency ratio": 55.8, "Food insecurity level (IPC)": 0.33, "Poverty Level (Relative Vulnerability - AMAAN)": 0.042814303, "Poverty Level (Internal Vulnerability - AMAAN)": 8.664772727000001, "composite_score": 0.493198803 }, "geometry": { "type": "Point", "coordinates": [ 36.066160774026329, 34.025276618900186 ] } },
{ "type": "Feature", "properties": { "rand_point_id": 1131, "adm3_name1": "جبعا", "adm3_pcode": "53171", "Nighttime light radiance": 0.573947368, "Household Deprivation Score": 0.741293687, "Negative Coping Tendency": 3.7, "Unemployment rate": 11.1, "Population dependency ratio": 55.8, "Food insecurity level (IPC)": 0.33, "Poverty Level (Relative Vulnerability - AMAAN)": 0.006316864, "Poverty Level (Internal Vulnerability - AMAAN)": 22.08588957, "composite_score": 0.492250426 }, "geometry": { "type": "Point", "coordinates": [ 36.035500674784579, 34.011783660130781 ] } },
{ "type": "Feature", "properties": { "rand_point_id": 1132, "adm3_name1": "كفر دان", "adm3_pcode": "53179", "Nighttime light radiance": 0.664098355, "Household Deprivation Score": 0.741293687, "Negative Coping Tendency": 3.7, "Unemployment rate": 11.1, "Population dependency ratio": 55.8, "Food insecurity level (IPC)": 0.33, "Poverty Level (Relative Vulnerability - AMAAN)": 0.088962508, "Poverty Level (Internal Vulnerability - AMAAN)": 32.27243794, "composite_score": 0.494722806 }, "geometry": { "type": "Point", "coordinates": [ 36.095908981743321, 34.012876023324502 ] } },
{ "type": "Feature", "properties": { "rand_point_id": 1133, "adm3_name1": "حدت الهرمل", "adm3_pcode": "53183", "Nighttime light radiance": 0.770568181, "Household Deprivation Score": 0.741293687, "Negative Coping Tendency": 3.7, "Unemployment rate": 11.1, "Population dependency ratio": 55.8, "Food insecurity level (IPC)": 0.33, "Poverty Level (Relative Vulnerability - AMAAN)": 0.104052795, "Poverty Level (Internal Vulnerability - AMAAN)": 18.29682197, "composite_score": 0.495064124 }, "geometry": { "type": "Point", "coordinates": [ 36.082667953144707, 34.005650848468612 ] } },
{ "type": "Feature", "properties": { "rand_point_id": 1134, "adm3_name1": "راس بعلبك", "adm3_pcode": "53211", "Nighttime light radiance": 0.764236842, "Household Deprivation Score": 0.741293687, "Negative Coping Tendency": 3.7, "Unemployment rate": 11.1, "Population dependency ratio": 55.8, "Food insecurity level (IPC)": 0.33, "Poverty Level (Relative Vulnerability - AMAAN)": 0.019827936, "Poverty Level (Internal Vulnerability - AMAAN)": 2.399150743, "composite_score": 0.492522013 }, "geometry": { "type": "Point", "coordinates": [ 36.399663082341611, 34.336614495236667 ] } },
{ "type": "Feature", "properties": { "rand_point_id": 1135, "adm3_name1": "فاكهة", "adm3_pcode": "53214", "Nighttime light radiance": 0.857185628, "Household Deprivation Score": 0.741293687, "Negative Coping Tendency": 3.7, "Unemployment rate": 11.1, "Population dependency ratio": 55.8, "Food insecurity level (IPC)": 0.33, "Poverty Level (Relative Vulnerability - AMAAN)": 0.297243566, "Poverty Level (Internal Vulnerability - AMAAN)": 19.06155058, "composite_score": 0.500815833 }, "geometry": { "type": "Point", "coordinates": [ 36.313801135379244, 34.255224458966254 ] } },
{ "type": "Feature", "properties": { "rand_point_id": 1136, "adm3_name1": "العين", "adm3_pcode": "53217", "Nighttime light radiance": 2.699387745, "Household Deprivation Score": 0.741293687, "Negative Coping Tendency": 3.7, "Unemployment rate": 11.1, "Population dependency ratio": 55.8, "Food insecurity level (IPC)": 0.33, "Poverty Level (Relative Vulnerability - AMAAN)": 0.565359368, "Poverty Level (Internal Vulnerability - AMAAN)": 39.59690304, "composite_score": 0.508010749 }, "geometry": { "type": "Point", "coordinates": [ 36.399759604639002, 34.227565330721632 ] } },
{ "type": "Feature", "properties": { "rand_point_id": 1137, "adm3_name1": "بجاجة", "adm3_pcode": "53221", "Nighttime light radiance": 0.767435901, "Household Deprivation Score": 0.741293687, "Negative Coping Tendency": 3.7, "Unemployment rate": 11.1, "Population dependency ratio": 55.8, "Food insecurity level (IPC)": 0.33, "Poverty Level (Relative Vulnerability - AMAAN)": 0.047201015, "Poverty Level (Internal Vulnerability - AMAAN)": 54.89795918, "composite_score": 0.493579413 }, "geometry": { "type": "Point", "coordinates": [ 36.344313258483233, 34.240733269965226 ] } },
{ "type": "Feature", "properties": { "rand_point_id": 1138, "adm3_name1": "نبي عثمان", "adm3_pcode": "53224", "Nighttime light radiance": 1.577377052, "Household Deprivation Score": 0.741293687, "Negative Coping Tendency": 3.7, "Unemployment rate": 11.1, "Population dependency ratio": 55.8, "Food insecurity level (IPC)": 0.33, "Poverty Level (Relative Vulnerability - AMAAN)": 0.21951104, "Poverty Level (Internal Vulnerability - AMAAN)": 46.07734807, "composite_score": 0.49828677 }, "geometry": { "type": "Point", "coordinates": [ 36.376628982701043, 34.203980223801445 ] } },
{ "type": "Feature", "properties": { "rand_point_id": 1139, "adm3_name1": "راس بعلبك الشرقي", "adm3_pcode": "53227", "Nighttime light radiance": 0.493608561, "Household Deprivation Score": 0.741293687, "Negative Coping Tendency": 3.7, "Unemployment rate": 11.1, "Population dependency ratio": 55.8, "Food insecurity level (IPC)": 0.33, "Poverty Level (Relative Vulnerability - AMAAN)": 0.011054513, "Poverty Level (Internal Vulnerability - AMAAN)": 87.5, "composite_score": 0.492785485 }, "geometry": { "type": "Point", "coordinates": [ 36.450221335293215, 34.26110388152167 ] } },
{ "type": "Feature", "properties": { "rand_point_id": 1140, "adm3_name1": "عرسال", "adm3_pcode": "53231", "Nighttime light radiance": 0.563221475, "Household Deprivation Score": 0.741293687, "Negative Coping Tendency": 3.7, "Unemployment rate": 11.1, "Population dependency ratio": 55.8, "Food insecurity level (IPC)": 0.33, "Poverty Level (Relative Vulnerability - AMAAN)": 2.925761051, "Poverty Level (Internal Vulnerability - AMAAN)": 35.02646836, "composite_score": 0.57932291 }, "geometry": { "type": "Point", "coordinates": [ 36.521898683210772, 34.121412159290152 ] } },
{ "type": "Feature", "properties": { "rand_point_id": 1141, "adm3_name1": "لبوة", "adm3_pcode": "53234", "Nighttime light radiance": 1.388281244, "Household Deprivation Score": 0.741293687, "Negative Coping Tendency": 3.7, "Unemployment rate": 11.1, "Population dependency ratio": 55.8, "Food insecurity level (IPC)": 0.33, "Poverty Level (Relative Vulnerability - AMAAN)": 0.522018659, "Poverty Level (Internal Vulnerability - AMAAN)": 29.37401264, "composite_score": 0.507324017 }, "geometry": { "type": "Point", "coordinates": [ 36.355046530084408, 34.186358673691714 ] } },
{ "type": "Feature", "properties": { "rand_point_id": 1142, "adm3_name1": "زبود", "adm3_pcode": "53237", "Nighttime light radiance": 0.57622222, "Household Deprivation Score": 0.741293687, "Negative Coping Tendency": 3.7, "Unemployment rate": 11.1, "Population dependency ratio": 55.8, "Food insecurity level (IPC)": 0.33, "Poverty Level (Relative Vulnerability - AMAAN)": 0.087909697, "Poverty Level (Internal Vulnerability - AMAAN)": 49.50592885, "composite_score": 0.494878581 }, "geometry": { "type": "Point", "coordinates": [ 36.312534396607646, 34.241030193273005 ] } },
{ "type": "Feature", "properties": { "rand_point_id": 1143, "adm3_name1": "القاع", "adm3_pcode": "53241", "Nighttime light radiance": 1.248243246, "Household Deprivation Score": 0.741293687, "Negative Coping Tendency": 3.7, "Unemployment rate": 11.1, "Population dependency ratio": 55.8, "Food insecurity level (IPC)": 0.33, "Poverty Level (Relative Vulnerability - AMAAN)": 0.334091942, "Poverty Level (Internal Vulnerability - AMAAN)": 12.00580112, "composite_score": 0.501726452 }, "geometry": { "type": "Point", "coordinates": [ 36.466544636628377, 34.329489824973876 ] } },
{ "type": "Feature", "properties": { "rand_point_id": 1144, "adm3_name1": "دير مار مارون بعلبك", "adm3_pcode": "53244", "Nighttime light radiance": 0.446764701, "Household Deprivation Score": 0.741293687, "Negative Coping Tendency": 3.7, "Unemployment rate": 11.1, "Population dependency ratio": 55.8, "Food insecurity level (IPC)": 0.33, "Poverty Level (Relative Vulnerability - AMAAN)": 0.0, "Poverty Level (Internal Vulnerability - AMAAN)": 0.0, "composite_score": 0.492112407 }, "geometry": { "type": "Point", "coordinates": [ 36.412159781518838, 34.361459047645241 ] } },
{ "type": "Feature", "properties": { "rand_point_id": 1145, "adm3_name1": "حلباتا", "adm3_pcode": "53247", "Nighttime light radiance": 0.426458332, "Household Deprivation Score": 0.741293687, "Negative Coping Tendency": 3.7, "Unemployment rate": 11.1, "Population dependency ratio": 55.8, "Food insecurity level (IPC)": 0.33, "Poverty Level (Relative Vulnerability - AMAAN)": 0.083347517, "Poverty Level (Internal Vulnerability - AMAAN)": 64.27604871, "composite_score": 0.494891677 }, "geometry": { "type": "Point", "coordinates": [ 36.270688982175692, 34.267369103442306 ] } },
{ "type": "Feature", "properties": { "rand_point_id": 1146, "adm3_name1": "المقرق", "adm3_pcode": "53251", "Nighttime light radiance": 0.926896547, "Household Deprivation Score": 0.741293687, "Negative Coping Tendency": 3.7, "Unemployment rate": 11.1, "Population dependency ratio": 55.8, "Food insecurity level (IPC)": 0.33, "Poverty Level (Relative Vulnerability - AMAAN)": 0.055272564, "Poverty Level (Internal Vulnerability - AMAAN)": 42.05607477, "composite_score": 0.493722169 }, "geometry": { "type": "Point", "coordinates": [ 36.309824039753288, 34.161019753600449 ] } },
{ "type": "Feature", "properties": { "rand_point_id": 1147, "adm3_name1": "قاع وادي الخنزير", "adm3_pcode": "53254", "Nighttime light radiance": 0.573118278, "Household Deprivation Score": 0.741293687, "Negative Coping Tendency": 3.7, "Unemployment rate": 11.1, "Population dependency ratio": 55.8, "Food insecurity level (IPC)": 0.33, "Poverty Level (Relative Vulnerability - AMAAN)": 0.001754685, "Poverty Level (Internal Vulnerability - AMAAN)": 1.953125, "composite_score": 0.492124549 }, "geometry": { "type": "Point", "coordinates": [ 36.451064102435744, 34.362632416653248 ] } },
{ "type": "Feature", "properties": { "rand_point_id": 1148, "adm3_name1": "قاع بعيون", "adm3_pcode": "53257", "Nighttime light radiance": 0.715614034, "Household Deprivation Score": 0.741293687, "Negative Coping Tendency": 3.7, "Unemployment rate": 11.1, "Population dependency ratio": 55.8, "Food insecurity level (IPC)": 0.33, "Poverty Level (Relative Vulnerability - AMAAN)": 0.000701874, "Poverty Level (Internal Vulnerability - AMAAN)": 0.469483568, "composite_score": 0.492021853 }, "geometry": { "type": "Point", "coordinates": [ 36.525912543984518, 34.287369612353324 ] } },
{ "type": "Feature", "properties": { "rand_point_id": 1149, "adm3_name1": "صبوبا", "adm3_pcode": "53261", "Nighttime light radiance": 0.452333331, "Household Deprivation Score": 0.741293687, "Negative Coping Tendency": 3.7, "Unemployment rate": 11.1, "Population dependency ratio": 55.8, "Food insecurity level (IPC)": 0.33, "Poverty Level (Relative Vulnerability - AMAAN)": 0.024741052, "Poverty Level (Internal Vulnerability - AMAAN)": 60.0, "composite_score": 0.493131736 }, "geometry": { "type": "Point", "coordinates": [ 36.291310675470925, 34.225497687100258 ] } },
{ "type": "Feature", "properties": { "rand_point_id": 1150, "adm3_name1": "حربتا", "adm3_pcode": "53264", "Nighttime light radiance": 0.540211638, "Household Deprivation Score": 0.741293687, "Negative Coping Tendency": 3.7, "Unemployment rate": 11.1, "Population dependency ratio": 55.8, "Food insecurity level (IPC)": 0.33, "Poverty Level (Relative Vulnerability - AMAAN)": 0.058781933, "Poverty Level (Internal Vulnerability - AMAAN)": 22.18543046, "composite_score": 0.493939811 }, "geometry": { "type": "Point", "coordinates": [ 36.316809990620484, 34.208387506094745 ] } },
{ "type": "Feature", "properties": { "rand_point_id": 1151, "adm3_name1": "قاع جوار مكية", "adm3_pcode": "53267", "Nighttime light radiance": 0.777659571, "Household Deprivation Score": 0.741293687, "Negative Coping Tendency": 3.7, "Unemployment rate": 11.1, "Population dependency ratio": 55.8, "Food insecurity level (IPC)": 0.33, "Poverty Level (Relative Vulnerability - AMAAN)": 0.001228279, "Poverty Level (Internal Vulnerability - AMAAN)": 0.981767181, "composite_score": 0.4920219 }, "geometry": { "type": "Point", "coordinates": [ 36.538479490743242, 34.41791279825901 ] } },
{ "type": "Feature", "properties": { "rand_point_id": 1152, "adm3_name1": "نبحا", "adm3_pcode": "53271", "Nighttime light radiance": 0.608246627, "Household Deprivation Score": 0.741293687, "Negative Coping Tendency": 3.7, "Unemployment rate": 11.1, "Population dependency ratio": 55.8, "Food insecurity level (IPC)": 0.33, "Poverty Level (Relative Vulnerability - AMAAN)": 0.090190787, "Poverty Level (Internal Vulnerability - AMAAN)": 25.29527559, "composite_score": 0.494864556 }, "geometry": { "type": "Point", "coordinates": [ 36.184955270452818, 34.207612492225358 ] } },
{ "type": "Feature", "properties": { "rand_point_id": 1153, "adm3_name1": "شعت", "adm3_pcode": "53274", "Nighttime light radiance": 0.762468354, "Household Deprivation Score": 0.741293687, "Negative Coping Tendency": 3.7, "Unemployment rate": 11.1, "Population dependency ratio": 55.8, "Food insecurity level (IPC)": 0.33, "Poverty Level (Relative Vulnerability - AMAAN)": 0.239689912, "Poverty Level (Internal Vulnerability - AMAAN)": 21.59001106, "composite_score": 0.49922975 }, "geometry": { "type": "Point", "coordinates": [ 36.224116744541028, 34.148346306959318 ] } },
{ "type": "Feature", "properties": { "rand_point_id": 1154, "adm3_name1": "قرحا", "adm3_pcode": "53277", "Nighttime light radiance": 0.517083333, "Household Deprivation Score": 0.741293687, "Negative Coping Tendency": 3.7, "Unemployment rate": 11.1, "Population dependency ratio": 55.8, "Food insecurity level (IPC)": 0.33, "Poverty Level (Relative Vulnerability - AMAAN)": 0.039129466, "Poverty Level (Internal Vulnerability - AMAAN)": 48.37310195, "composite_score": 0.493496784 }, "geometry": { "type": "Point", "coordinates": [ 36.191791536407393, 34.162478586658573 ] } },
{ "type": "Feature", "properties": { "rand_point_id": 1155, "adm3_name1": "الرام", "adm3_pcode": "53281", "Nighttime light radiance": 0.540500002, "Household Deprivation Score": 0.741293687, "Negative Coping Tendency": 3.7, "Unemployment rate": 11.1, "Population dependency ratio": 55.8, "Food insecurity level (IPC)": 0.33, "Poverty Level (Relative Vulnerability - AMAAN)": 0.025618395, "Poverty Level (Internal Vulnerability - AMAAN)": 31.46551724, "composite_score": 0.49301326 }, "geometry": { "type": "Point", "coordinates": [ 36.174643776642647, 34.171563993193523 ] } },
{ "type": "Feature", "properties": { "rand_point_id": 1156, "adm3_name1": "يونين", "adm3_pcode": "53284", "Nighttime light radiance": 0.763793101, "Household Deprivation Score": 0.741293687, "Negative Coping Tendency": 3.7, "Unemployment rate": 11.1, "Population dependency ratio": 55.8, "Food insecurity level (IPC)": 0.33, "Poverty Level (Relative Vulnerability - AMAAN)": 0.194243582, "Poverty Level (Internal Vulnerability - AMAAN)": 14.36170213, "composite_score": 0.497855694 }, "geometry": { "type": "Point", "coordinates": [ 36.307221292399063, 34.141223519958714 ] } },
{ "type": "Feature", "properties": { "rand_point_id": 1157, "adm3_name1": "دير الاحمر", "adm3_pcode": "53311", "Nighttime light radiance": 0.887711861, "Household Deprivation Score": 0.741293687, "Negative Coping Tendency": 3.7, "Unemployment rate": 11.1, "Population dependency ratio": 55.8, "Food insecurity level (IPC)": 0.33, "Poverty Level (Relative Vulnerability - AMAAN)": 0.078083463, "Poverty Level (Internal Vulnerability - AMAAN)": 6.391841425, "composite_score": 0.494333931 }, "geometry": { "type": "Point", "coordinates": [ 36.122002581221643, 34.110387182119879 ] } },
{ "type": "Feature", "properties": { "rand_point_id": 1158, "adm3_name1": "كنيسة", "adm3_pcode": "53322", "Nighttime light radiance": 0.691666665, "Household Deprivation Score": 0.741293687, "Negative Coping Tendency": 3.7, "Unemployment rate": 11.1, "Population dependency ratio": 55.8, "Food insecurity level (IPC)": 0.33, "Poverty Level (Relative Vulnerability - AMAAN)": 0.016318566, "Poverty Level (Internal Vulnerability - AMAAN)": 8.635097493, "composite_score": 0.492611621 }, "geometry": { "type": "Point", "coordinates": [ 36.177353037499309, 34.105533104889375 ] } },
{ "type": "Feature", "properties": { "rand_point_id": 1159, "adm3_name1": "بشوات", "adm3_pcode": "53333", "Nighttime light radiance": 0.743249998, "Household Deprivation Score": 0.741293687, "Negative Coping Tendency": 3.7, "Unemployment rate": 11.1, "Population dependency ratio": 55.8, "Food insecurity level (IPC)": 0.33, "Poverty Level (Relative Vulnerability - AMAAN)": 0.032461665, "Poverty Level (Internal Vulnerability - AMAAN)": 21.91943128, "composite_score": 0.493139348 }, "geometry": { "type": "Point", "coordinates": [ 36.121544040264375, 34.147719625811426 ] } },
{ "type": "Feature", "properties": { "rand_point_id": 1160, "adm3_name1": "برقا", "adm3_pcode": "53344", "Nighttime light radiance": 0.523063062, "Household Deprivation Score": 0.741293687, "Negative Coping Tendency": 3.7, "Unemployment rate": 11.1, "Population dependency ratio": 55.8, "Food insecurity level (IPC)": 0.33, "Poverty Level (Relative Vulnerability - AMAAN)": 0.01140545, "Poverty Level (Internal Vulnerability - AMAAN)": 7.23830735, "composite_score": 0.49256613 }, "geometry": { "type": "Point", "coordinates": [ 36.136984621795008, 34.162681730059155 ] } },
{ "type": "Feature", "properties": { "rand_point_id": 1161, "adm3_name1": "ريحا", "adm3_pcode": "53355", "Nighttime light radiance": 0.540533332, "Household Deprivation Score": 0.741293687, "Negative Coping Tendency": 3.7, "Unemployment rate": 11.1, "Population dependency ratio": 55.8, "Food insecurity level (IPC)": 0.33, "Poverty Level (Relative Vulnerability - AMAAN)": 0.008422486, "Poverty Level (Internal Vulnerability - AMAAN)": 10.41214751, "composite_score": 0.492495997 }, "geometry": { "type": "Point", "coordinates": [ 36.20626939148012, 34.138770302236445 ] } },
{ "type": "Feature", "properties": { "rand_point_id": 1162, "adm3_name1": "دار الواسعة", "adm3_pcode": "53366", "Nighttime light radiance": 0.61299999900000002, "Household Deprivation Score": 0.741293687, "Negative Coping Tendency": 3.7, "Unemployment rate": 11.1, "Population dependency ratio": 55.8, "Food insecurity level (IPC)": 0.33, "Poverty Level (Relative Vulnerability - AMAAN)": 0.0, "Poverty Level (Internal Vulnerability - AMAAN)": 0.0, "composite_score": 0.492177482 }, "geometry": { "type": "Point", "coordinates": [ 36.043023860752001, 34.100399467629799 ] } },
{ "type": "Feature", "properties": { "rand_point_id": 1163, "adm3_name1": "بتدعي", "adm3_pcode": "53375", "Nighttime light radiance": 0.648904109, "Household Deprivation Score": 0.741293687, "Negative Coping Tendency": 3.7, "Unemployment rate": 11.1, "Population dependency ratio": 55.8, "Food insecurity level (IPC)": 0.33, "Poverty Level (Relative Vulnerability - AMAAN)": 0.005965928, "Poverty Level (Internal Vulnerability - AMAAN)": 3.423967774, "composite_score": 0.492363729 }, "geometry": { "type": "Point", "coordinates": [ 36.094704360681973, 34.119710630189019 ] } },
{ "type": "Feature", "properties": { "rand_point_id": 1164, "adm3_name1": "عيناتا", "adm3_pcode": "53377", "Nighttime light radiance": 0.514015442, "Household Deprivation Score": 0.741293687, "Negative Coping Tendency": 3.7, "Unemployment rate": 11.1, "Population dependency ratio": 55.8, "Food insecurity level (IPC)": 0.33, "Poverty Level (Relative Vulnerability - AMAAN)": 0.023512773, "Poverty Level (Internal Vulnerability - AMAAN)": 12.18181818, "composite_score": 0.492992026 }, "geometry": { "type": "Point", "coordinates": [ 36.08364676039556, 34.209798749415363 ] } },
{ "type": "Feature", "properties": { "rand_point_id": 1165, "adm3_name1": "يمونة", "adm3_pcode": "53388", "Nighttime light radiance": 0.587951805, "Household Deprivation Score": 0.741293687, "Negative Coping Tendency": 3.7, "Unemployment rate": 11.1, "Population dependency ratio": 55.8, "Food insecurity level (IPC)": 0.33, "Poverty Level (Relative Vulnerability - AMAAN)": 0.036497439, "Poverty Level (Internal Vulnerability - AMAAN)": 12.29314421, "composite_score": 0.493356784 }, "geometry": { "type": "Point", "coordinates": [ 36.026506981514942, 34.101863678772268 ] } },
{ "type": "Feature", "properties": { "rand_point_id": 1166, "adm3_name1": "بدنايل", "adm3_pcode": "53411", "Nighttime light radiance": 0.950669011, "Household Deprivation Score": 0.741293687, "Negative Coping Tendency": 3.7, "Unemployment rate": 11.1, "Population dependency ratio": 55.8, "Food insecurity level (IPC)": 0.33, "Poverty Level (Relative Vulnerability - AMAAN)": 0.228284462, "Poverty Level (Internal Vulnerability - AMAAN)": 16.30530142, "composite_score": 0.498939103 }, "geometry": { "type": "Point", "coordinates": [ 35.971508768024954, 33.955204087204372 ] } },
{ "type": "Feature", "properties": { "rand_point_id": 1167, "adm3_name1": "قصرنابا", "adm3_pcode": "53413", "Nighttime light radiance": 1.416666672, "Household Deprivation Score": 0.741293687, "Negative Coping Tendency": 3.7, "Unemployment rate": 11.1, "Population dependency ratio": 55.8, "Food insecurity level (IPC)": 0.33, "Poverty Level (Relative Vulnerability - AMAAN)": 0.095981246, "Poverty Level (Internal Vulnerability - AMAAN)": 12.52002747, "composite_score": 0.494761333 }, "geometry": { "type": "Point", "coordinates": [ 35.987332073638903, 33.913992014819797 ] } },
{ "type": "Feature", "properties": { "rand_point_id": 1168, "adm3_name1": "تمنين الفوقا", "adm3_pcode": "53415", "Nighttime light radiance": 1.29151515, "Household Deprivation Score": 0.741293687, "Negative Coping Tendency": 3.7, "Unemployment rate": 11.1, "Population dependency ratio": 55.8, "Food insecurity level (IPC)": 0.33, "Poverty Level (Relative Vulnerability - AMAAN)": 0.098086867, "Poverty Level (Internal Vulnerability - AMAAN)": 12.67573696, "composite_score": 0.494887131 }, "geometry": { "type": "Point", "coordinates": [ 35.961997692457935, 33.922991227357258 ] } },
{ "type": "Feature", "properties": { "rand_point_id": 1169, "adm3_name1": "بيت شاما", "adm3_pcode": "53417", "Nighttime light radiance": 1.935806436, "Household Deprivation Score": 0.741293687, "Negative Coping Tendency": 3.7, "Unemployment rate": 11.1, "Population dependency ratio": 55.8, "Food insecurity level (IPC)": 0.33, "Poverty Level (Relative Vulnerability - AMAAN)": 0.095103904, "Poverty Level (Internal Vulnerability - AMAAN)": 20.49149338, "composite_score": 0.494526151 }, "geometry": { "type": "Point", "coordinates": [ 36.032021573838861, 33.915007711503399 ] } },
{ "type": "Feature", "properties": { "rand_point_id": 1170, "adm3_name1": "حوش الرافقة", "adm3_pcode": "53419", "Nighttime light radiance": 1.966451595, "Household Deprivation Score": 0.741293687, "Negative Coping Tendency": 3.7, "Unemployment rate": 11.1, "Population dependency ratio": 55.8, "Food insecurity level (IPC)": 0.33, "Poverty Level (Relative Vulnerability - AMAAN)": 0.214597923, "Poverty Level (Internal Vulnerability - AMAAN)": 17.61993949, "composite_score": 0.498059586 }, "geometry": { "type": "Point", "coordinates": [ 36.03943124749398, 33.900558280580974 ] } },
{ "type": "Feature", "properties": { "rand_point_id": 1171, "adm3_name1": "مطحنة مصراية", "adm3_pcode": "53421", "Nighttime light radiance": 1.559374996, "Household Deprivation Score": 0.741293687, "Negative Coping Tendency": 3.7, "Unemployment rate": 11.1, "Population dependency ratio": 55.8, "Food insecurity level (IPC)": 0.33, "Poverty Level (Relative Vulnerability - AMAAN)": 0.0, "Poverty Level (Internal Vulnerability - AMAAN)": 0.0, "composite_score": 0.491788816 }, "geometry": { "type": "Point", "coordinates": [ 36.048817134155314, 33.918540595064641 ] } },
{ "type": "Feature", "properties": { "rand_point_id": 1172, "adm3_name1": "سلوقي", "adm3_pcode": "53423", "Nighttime light radiance": 0.616236559, "Household Deprivation Score": 0.741293687, "Negative Coping Tendency": 3.7, "Unemployment rate": 11.1, "Population dependency ratio": 55.8, "Food insecurity level (IPC)": 0.33, "Poverty Level (Relative Vulnerability - AMAAN)": 0.0, "Poverty Level (Internal Vulnerability - AMAAN)": 0.0, "composite_score": 0.492243589 }, "geometry": { "type": "Point", "coordinates": [ 36.00160184759882, 33.952108576194341 ] } },
{ "type": "Feature", "properties": { "rand_point_id": 1173, "adm3_name1": "تمنين التحتا", "adm3_pcode": "53425", "Nighttime light radiance": 3.790731692, "Household Deprivation Score": 0.741293687, "Negative Coping Tendency": 3.7, "Unemployment rate": 11.1, "Population dependency ratio": 55.8, "Food insecurity level (IPC)": 0.33, "Poverty Level (Relative Vulnerability - AMAAN)": 0.284434369, "Poverty Level (Internal Vulnerability - AMAAN)": 16.46521077, "composite_score": 0.499266227 }, "geometry": { "type": "Point", "coordinates": [ 35.996564360881486, 33.875091033247507 ] } },
{ "type": "Feature", "properties": { "rand_point_id": 1174, "adm3_name1": "كفر دبش", "adm3_pcode": "53427", "Nighttime light radiance": 2.250689661, "Household Deprivation Score": 0.741293687, "Negative Coping Tendency": 3.7, "Unemployment rate": 11.1, "Population dependency ratio": 55.8, "Food insecurity level (IPC)": 0.33, "Poverty Level (Relative Vulnerability - AMAAN)": 0.008948891, "Poverty Level (Internal Vulnerability - AMAAN)": 8.485856905, "composite_score": 0.49176831 }, "geometry": { "type": "Point", "coordinates": [ 36.04080368099504, 33.933105386328108 ] } },
{ "type": "Feature", "properties": { "rand_point_id": 1175, "adm3_name1": "شمسطار", "adm3_pcode": "53429", "Nighttime light radiance": 1.456250001, "Household Deprivation Score": 0.741293687, "Negative Coping Tendency": 3.7, "Unemployment rate": 11.1, "Population dependency ratio": 55.8, "Food insecurity level (IPC)": 0.33, "Poverty Level (Relative Vulnerability - AMAAN)": 0.402700109, "Poverty Level (Internal Vulnerability - AMAAN)": 21.93443563, "composite_score": 0.503936794 }, "geometry": { "type": "Point", "coordinates": [ 35.996371282298952, 33.963560542430606 ] } },
{ "type": "Feature", "properties": { "rand_point_id": 1176, "adm3_name1": "حوش النبي", "adm3_pcode": "53431", "Nighttime light radiance": 1.411999989, "Household Deprivation Score": 0.741293687, "Negative Coping Tendency": 3.7, "Unemployment rate": 11.1, "Population dependency ratio": 55.8, "Food insecurity level (IPC)": 0.33, "Poverty Level (Relative Vulnerability - AMAAN)": 0.09668312, "Poverty Level (Internal Vulnerability - AMAAN)": 43.14800313, "composite_score": 0.494941138 }, "geometry": { "type": "Point", "coordinates": [ 36.055049443301137, 33.933364565355028 ] } },
{ "type": "Feature", "properties": { "rand_point_id": 1177, "adm3_name1": "حوش سنيد", "adm3_pcode": "53433", "Nighttime light radiance": 1.939400018, "Household Deprivation Score": 0.741293687, "Negative Coping Tendency": 3.7, "Unemployment rate": 11.1, "Population dependency ratio": 55.8, "Food insecurity level (IPC)": 0.33, "Poverty Level (Relative Vulnerability - AMAAN)": 0.038427592, "Poverty Level (Internal Vulnerability - AMAAN)": 23.5483871, "composite_score": 0.492869143 }, "geometry": { "type": "Point", "coordinates": [ 36.060460465136195, 33.928363003576258 ] } },
{ "type": "Feature", "properties": { "rand_point_id": 1178, "adm3_name1": "طاريا", "adm3_pcode": "53435", "Nighttime light radiance": 0.844756944, "Household Deprivation Score": 0.741293687, "Negative Coping Tendency": 3.7, "Unemployment rate": 11.1, "Population dependency ratio": 55.8, "Food insecurity level (IPC)": 0.33, "Poverty Level (Relative Vulnerability - AMAAN)": 0.35479722, "Poverty Level (Internal Vulnerability - AMAAN)": 42.19532554, "composite_score": 0.502900223 }, "geometry": { "type": "Point", "coordinates": [ 36.055470947191189, 33.979523532213101 ] } },
{ "type": "Feature", "properties": { "rand_point_id": 1179, "adm3_name1": "سرعين التحتا", "adm3_pcode": "53437", "Nighttime light radiance": 1.795563917, "Household Deprivation Score": 0.741293687, "Negative Coping Tendency": 3.7, "Unemployment rate": 11.1, "Population dependency ratio": 55.8, "Food insecurity level (IPC)": 0.33, "Poverty Level (Relative Vulnerability - AMAAN)": 0.374976092, "Poverty Level (Internal Vulnerability - AMAAN)": 24.32832423, "composite_score": 0.502968504 }, "geometry": { "type": "Point", "coordinates": [ 36.086236077818761, 33.872144739273644 ] } },
{ "type": "Feature", "properties": { "rand_point_id": 1180, "adm3_name1": "طليا", "adm3_pcode": "53439", "Nighttime light radiance": 1.311395336, "Household Deprivation Score": 0.741293687, "Negative Coping Tendency": 3.7, "Unemployment rate": 11.1, "Population dependency ratio": 55.8, "Food insecurity level (IPC)": 0.33, "Poverty Level (Relative Vulnerability - AMAAN)": 0.086505949, "Poverty Level (Internal Vulnerability - AMAAN)": 15.24899474, "composite_score": 0.494572579 }, "geometry": { "type": "Point", "coordinates": [ 36.085772112221171, 33.944405031366571 ] } },
{ "type": "Feature", "properties": { "rand_point_id": 1181, "adm3_name1": "حزين", "adm3_pcode": "53441", "Nighttime light radiance": 1.144166663, "Household Deprivation Score": 0.741293687, "Negative Coping Tendency": 3.7, "Unemployment rate": 11.1, "Population dependency ratio": 55.8, "Food insecurity level (IPC)": 0.33, "Poverty Level (Relative Vulnerability - AMAAN)": 0.046323673, "Poverty Level (Internal Vulnerability - AMAAN)": 17.31147541, "composite_score": 0.49346768 }, "geometry": { "type": "Point", "coordinates": [ 36.097257556446813, 33.975316563678547 ] } },
{ "type": "Feature", "properties": { "rand_point_id": 1182, "adm3_name1": "خضر", "adm3_pcode": "53443", "Nighttime light radiance": 1.490975617, "Household Deprivation Score": 0.741293687, "Negative Coping Tendency": 3.7, "Unemployment rate": 11.1, "Population dependency ratio": 55.8, "Food insecurity level (IPC)": 0.33, "Poverty Level (Relative Vulnerability - AMAAN)": 0.0, "Poverty Level (Internal Vulnerability - AMAAN)": 0.0, "composite_score": 0.491847739 }, "geometry": { "type": "Point", "coordinates": [ 36.116292691648617, 33.91631882990562 ] } },
{ "type": "Feature", "properties": { "rand_point_id": 1183, "adm3_name1": "نبي شيت", "adm3_pcode": "53445", "Nighttime light radiance": 1.995858583, "Household Deprivation Score": 0.741293687, "Negative Coping Tendency": 3.7, "Unemployment rate": 11.1, "Population dependency ratio": 55.8, "Food insecurity level (IPC)": 0.33, "Poverty Level (Relative Vulnerability - AMAAN)": 0.539214568, "Poverty Level (Internal Vulnerability - AMAAN)": 27.84775714, "composite_score": 0.507788375 }, "geometry": { "type": "Point", "coordinates": [ 36.102735385255045, 33.908742171659981 ] } },
{ "type": "Feature", "properties": { "rand_point_id": 1184, "adm3_name1": "جنتا", "adm3_pcode": "53447", "Nighttime light radiance": 0.790555556, "Household Deprivation Score": 0.741293687, "Negative Coping Tendency": 3.7, "Unemployment rate": 11.1, "Population dependency ratio": 55.8, "Food insecurity level (IPC)": 0.33, "Poverty Level (Relative Vulnerability - AMAAN)": 0.031057917, "Poverty Level (Internal Vulnerability - AMAAN)": 46.21409922, "composite_score": 0.493317494 }, "geometry": { "type": "Point", "coordinates": [ 36.092594713544045, 33.830572912212823 ] } },
{ "type": "Feature", "properties": { "rand_point_id": 1185, "adm3_name1": "يحفوفا", "adm3_pcode": "53449", "Nighttime light radiance": 0.938571428, "Household Deprivation Score": 0.741293687, "Negative Coping Tendency": 3.7, "Unemployment rate": 11.1, "Population dependency ratio": 55.8, "Food insecurity level (IPC)": 0.33, "Poverty Level (Relative Vulnerability - AMAAN)": 0.021933557, "Poverty Level (Internal Vulnerability - AMAAN)": 50.20080321, "composite_score": 0.492994763 }, "geometry": { "type": "Point", "coordinates": [ 36.132973505817816, 33.834917653411701 ] } },
{ "type": "Feature", "properties": { "rand_point_id": 1186, "adm3_name1": "حور تعلا", "adm3_pcode": "53451", "Nighttime light radiance": 1.203228347, "Household Deprivation Score": 0.741293687, "Negative Coping Tendency": 3.7, "Unemployment rate": 11.1, "Population dependency ratio": 55.8, "Food insecurity level (IPC)": 0.33, "Poverty Level (Relative Vulnerability - AMAAN)": 0.213018707, "Poverty Level (Internal Vulnerability - AMAAN)": 34.64611872, "composite_score": 0.498491854 }, "geometry": { "type": "Point", "coordinates": [ 36.205679750478524, 33.890975611900636 ] } },
{ "type": "Feature", "properties": { "rand_point_id": 1187, "adm3_name1": "بريتال", "adm3_pcode": "53453", "Nighttime light radiance": 1.692489627, "Household Deprivation Score": 0.741293687, "Negative Coping Tendency": 3.7, "Unemployment rate": 11.1, "Population dependency ratio": 55.8, "Food insecurity level (IPC)": 0.33, "Poverty Level (Relative Vulnerability - AMAAN)": 0.876289474, "Poverty Level (Internal Vulnerability - AMAAN)": 30.01562688, "composite_score": 0.517990815 }, "geometry": { "type": "Point", "coordinates": [ 36.106832384686903, 33.956472515728237 ] } },
{ "type": "Feature", "properties": { "rand_point_id": 1188, "adm3_name1": "خريبة", "adm3_pcode": "53455", "Nighttime light radiance": 0.677301586, "Household Deprivation Score": 0.741293687, "Negative Coping Tendency": 3.7, "Unemployment rate": 11.1, "Population dependency ratio": 55.8, "Food insecurity level (IPC)": 0.33, "Poverty Level (Relative Vulnerability - AMAAN)": 0.199156699, "Poverty Level (Internal Vulnerability - AMAAN)": 78.16804408, "composite_score": 0.498528333 }, "geometry": { "type": "Point", "coordinates": [ 36.173440700006246, 33.856063131558251 ] } },
{ "type": "Feature", "properties": { "rand_point_id": 1189, "adm3_name1": "مزرعة بيت مشيك", "adm3_pcode": "53457", "Nighttime light radiance": 0.474189187, "Household Deprivation Score": 0.741293687, "Negative Coping Tendency": 3.7, "Unemployment rate": 11.1, "Population dependency ratio": 55.8, "Food insecurity level (IPC)": 0.33, "Poverty Level (Relative Vulnerability - AMAAN)": 0.007018738, "Poverty Level (Internal Vulnerability - AMAAN)": 363.6363636, "composite_score": 0.494167462 }, "geometry": { "type": "Point", "coordinates": [ 36.014589922006842, 34.085730053866286 ] } },
{ "type": "Feature", "properties": { "rand_point_id": 1190, "adm3_name1": "بوداي", "adm3_pcode": "53459", "Nighttime light radiance": 0.676715543, "Household Deprivation Score": 0.741293687, "Negative Coping Tendency": 3.7, "Unemployment rate": 11.1, "Population dependency ratio": 55.8, "Food insecurity level (IPC)": 0.33, "Poverty Level (Relative Vulnerability - AMAAN)": 0.207754653, "Poverty Level (Internal Vulnerability - AMAAN)": 12.85280069, "composite_score": 0.498500873 }, "geometry": { "type": "Point", "coordinates": [ 36.094436463774656, 34.070482961257376 ] } },
{ "type": "Feature", "properties": { "rand_point_id": 1191, "adm3_name1": "معربون", "adm3_pcode": "53461", "Nighttime light radiance": 0.576491222, "Household Deprivation Score": 0.741293687, "Negative Coping Tendency": 3.7, "Unemployment rate": 11.1, "Population dependency ratio": 55.8, "Food insecurity level (IPC)": 0.33, "Poverty Level (Relative Vulnerability - AMAAN)": 0.053166942, "Poverty Level (Internal Vulnerability - AMAAN)": 28.47744361, "composite_score": 0.494016832 }, "geometry": { "type": "Point", "coordinates": [ 36.18407103406976, 33.861120005948777 ] } },
{ "type": "Feature", "properties": { "rand_point_id": 1192, "adm3_name1": "حام", "adm3_pcode": "53463", "Nighttime light radiance": 0.541888884, "Household Deprivation Score": 0.741293687, "Negative Coping Tendency": 3.7, "Unemployment rate": 11.1, "Population dependency ratio": 55.8, "Food insecurity level (IPC)": 0.33, "Poverty Level (Relative Vulnerability - AMAAN)": 0.051412258, "Poverty Level (Internal Vulnerability - AMAAN)": 85.42274052, "composite_score": 0.494235107 }, "geometry": { "type": "Point", "coordinates": [ 36.22646977684105, 33.88068319617534 ] } },
{ "type": "Feature", "properties": { "rand_point_id": 1193, "adm3_name1": "عين البنية", "adm3_pcode": "53465", "Nighttime light radiance": 0.549793812, "Household Deprivation Score": 0.741293687, "Negative Coping Tendency": 3.7, "Unemployment rate": 11.1, "Population dependency ratio": 55.8, "Food insecurity level (IPC)": 0.33, "Poverty Level (Relative Vulnerability - AMAAN)": 0.001052811, "Poverty Level (Internal Vulnerability - AMAAN)": 0.981996727, "composite_score": 0.492361004 }, "geometry": { "type": "Point", "coordinates": [ 36.2502699410852, 33.89560044337896 ] } },
{ "type": "Feature", "properties": { "rand_point_id": 1194, "adm3_name1": "شليفا", "adm3_pcode": "53467", "Nighttime light radiance": 0.707171716, "Household Deprivation Score": 0.741293687, "Negative Coping Tendency": 3.7, "Unemployment rate": 11.1, "Population dependency ratio": 55.8, "Food insecurity level (IPC)": 0.33, "Poverty Level (Relative Vulnerability - AMAAN)": 0.008422486, "Poverty Level (Internal Vulnerability - AMAAN)": 2.656336469, "composite_score": 0.492514748 }, "geometry": { "type": "Point", "coordinates": [ 36.11052848653587, 34.07808845944637 ] } },
{ "type": "Feature", "properties": { "rand_point_id": 1195, "adm3_name1": "جبل الشعيبة", "adm3_pcode": "53469", "Nighttime light radiance": 0.655876284, "Household Deprivation Score": 0.741293687, "Negative Coping Tendency": 3.7, "Unemployment rate": 11.1, "Population dependency ratio": 55.8, "Food insecurity level (IPC)": 0.33, "Poverty Level (Relative Vulnerability - AMAAN)": 0.106684822, "Poverty Level (Internal Vulnerability - AMAAN)": 30400.0, "composite_score": 0.629748353 }, "geometry": { "type": "Point", "coordinates": [ 36.257271218068539, 33.913971280595966 ] } },
{ "type": "Feature", "properties": { "rand_point_id": 1196, "adm3_name1": "النبي سباط", "adm3_pcode": "53471", "Nighttime light radiance": 0.615999997, "Household Deprivation Score": 0.741293687, "Negative Coping Tendency": 3.7, "Unemployment rate": 11.1, "Population dependency ratio": 55.8, "Food insecurity level (IPC)": 0.33, "Poverty Level (Relative Vulnerability - AMAAN)": 0.0, "Poverty Level (Internal Vulnerability - AMAAN)": 0.0, "composite_score": 0.492300678 }, "geometry": { "type": "Point", "coordinates": [ 36.239355062522499, 33.938048814076417 ] } },
{ "type": "Feature", "properties": { "rand_point_id": 1197, "adm3_name1": "عين الجوزة", "adm3_pcode": "53473", "Nighttime light radiance": 0.454657532, "Household Deprivation Score": 0.741293687, "Negative Coping Tendency": 3.7, "Unemployment rate": 11.1, "Population dependency ratio": 55.8, "Food insecurity level (IPC)": 0.33, "Poverty Level (Relative Vulnerability - AMAAN)": 0.004913117, "Poverty Level (Internal Vulnerability - AMAAN)": 75.67567568, "composite_score": 0.492861051 }, "geometry": { "type": "Point", "coordinates": [ 36.279242706397937, 33.857539165411396 ] } },
{ "type": "Feature", "properties": { "rand_point_id": 1198, "adm3_name1": "طفيل", "adm3_pcode": "53475", "Nighttime light radiance": 0.45829268, "Household Deprivation Score": 0.741293687, "Negative Coping Tendency": 3.7, "Unemployment rate": 11.1, "Population dependency ratio": 55.8, "Food insecurity level (IPC)": 0.33, "Poverty Level (Relative Vulnerability - AMAAN)": 0.001930153, "Poverty Level (Internal Vulnerability - AMAAN)": 4.508196721, "composite_score": 0.492458468 }, "geometry": { "type": "Point", "coordinates": [ 36.360331996537482, 33.8527278445805 ] } },
{ "type": "Feature", "properties": { "rand_point_id": 1199, "adm3_name1": null, "adm3_pcode": "54001", "Nighttime light radiance": null, "Household Deprivation Score": null, "Negative Coping Tendency": null, "Unemployment rate": null, "Population dependency ratio": null, "Food insecurity level (IPC)": null, "Poverty Level (Relative Vulnerability - AMAAN)": null, "Poverty Level (Internal Vulnerability - AMAAN)": null, "composite_score": null }, "geometry": { "type": "Point", "coordinates": [ 36.497886084046179, 34.455396083528704 ] } },
{ "type": "Feature", "properties": { "rand_point_id": 1200, "adm3_name1": null, "adm3_pcode": "54002", "Nighttime light radiance": null, "Household Deprivation Score": null, "Negative Coping Tendency": null, "Unemployment rate": null, "Population dependency ratio": null, "Food insecurity level (IPC)": null, "Poverty Level (Relative Vulnerability - AMAAN)": null, "Poverty Level (Internal Vulnerability - AMAAN)": null, "composite_score": null }, "geometry": { "type": "Point", "coordinates": [ 36.247873052582307, 34.438397298684251 ] } },
{ "type": "Feature", "properties": { "rand_point_id": 1201, "adm3_name1": null, "adm3_pcode": "54003", "Nighttime light radiance": null, "Household Deprivation Score": null, "Negative Coping Tendency": null, "Unemployment rate": null, "Population dependency ratio": null, "Food insecurity level (IPC)": null, "Poverty Level (Relative Vulnerability - AMAAN)": null, "Poverty Level (Internal Vulnerability - AMAAN)": null, "composite_score": null }, "geometry": { "type": "Point", "coordinates": [ 36.55937352687048, 34.402885418518395 ] } },
{ "type": "Feature", "properties": { "rand_point_id": 1202, "adm3_name1": "هرمل", "adm3_pcode": "54111", "Nighttime light radiance": 0.934433962, "Household Deprivation Score": 0.621142125, "Negative Coping Tendency": 2.9, "Unemployment rate": 10.5, "Population dependency ratio": 60.7, "Food insecurity level (IPC)": 0.11, "Poverty Level (Relative Vulnerability - AMAAN)": 2.854520857, "Poverty Level (Internal Vulnerability - AMAAN)": 32.7739388, "composite_score": 0.470590583 }, "geometry": { "type": "Point", "coordinates": [ 36.38010427163983, 34.374821903863513 ] } },
{ "type": "Feature", "properties": { "rand_point_id": 1203, "adm3_name1": "سويدية", "adm3_pcode": "54114", "Nighttime light radiance": 0.520740737, "Household Deprivation Score": 0.621142125, "Negative Coping Tendency": 2.9, "Unemployment rate": 10.5, "Population dependency ratio": 60.7, "Food insecurity level (IPC)": 0.11, "Poverty Level (Relative Vulnerability - AMAAN)": 0.0, "Poverty Level (Internal Vulnerability - AMAAN)": 0.0, "composite_score": 0.385642219 }, "geometry": { "type": "Point", "coordinates": [ 36.189743600594177, 34.356461485406044 ] } },
{ "type": "Feature", "properties": { "rand_point_id": 1204, "adm3_name1": "زغرين", "adm3_pcode": "54119", "Nighttime light radiance": 0.41175373, "Household Deprivation Score": 0.621142125, "Negative Coping Tendency": 2.9, "Unemployment rate": 10.5, "Population dependency ratio": 60.7, "Food insecurity level (IPC)": 0.11, "Poverty Level (Relative Vulnerability - AMAAN)": 0.070713788, "Poverty Level (Internal Vulnerability - AMAAN)": 39.7828233, "composite_score": 0.387981979 }, "geometry": { "type": "Point", "coordinates": [ 36.325047290560711, 34.345897426014687 ] } },
{ "type": "Feature", "properties": { "rand_point_id": 1205, "adm3_name1": "شربين", "adm3_pcode": "54127", "Nighttime light radiance": 0.460416663, "Household Deprivation Score": 0.621142125, "Negative Coping Tendency": 2.9, "Unemployment rate": 10.5, "Population dependency ratio": 60.7, "Food insecurity level (IPC)": 0.11, "Poverty Level (Relative Vulnerability - AMAAN)": 0.253025515, "Poverty Level (Internal Vulnerability - AMAAN)": 70.23867511, "composite_score": 0.393531784 }, "geometry": { "type": "Point", "coordinates": [ 36.26914002121184, 34.445529672991086 ] } },
{ "type": "Feature", "properties": { "rand_point_id": 1206, "adm3_name1": "راس بعلبك الغربي", "adm3_pcode": "54135", "Nighttime light radiance": 0.403410594, "Household Deprivation Score": 0.621142125, "Negative Coping Tendency": 2.9, "Unemployment rate": 10.5, "Population dependency ratio": 60.7, "Food insecurity level (IPC)": 0.11, "Poverty Level (Relative Vulnerability - AMAAN)": 0.0, "Poverty Level (Internal Vulnerability - AMAAN)": 0.0, "composite_score": 0.385723426 }, "geometry": { "type": "Point", "coordinates": [ 36.222577017614555, 34.320537495693074 ] } },
{ "type": "Feature", "properties": { "rand_point_id": 1207, "adm3_name1": "راس بعلبك وادي فعرا", "adm3_pcode": "54143", "Nighttime light radiance": 0.410265486, "Household Deprivation Score": 0.621142125, "Negative Coping Tendency": 2.9, "Unemployment rate": 10.5, "Population dependency ratio": 60.7, "Food insecurity level (IPC)": 0.11, "Poverty Level (Relative Vulnerability - AMAAN)": 0.001579216, "Poverty Level (Internal Vulnerability - AMAAN)": 42.85714286, "composite_score": 0.385965984 }, "geometry": { "type": "Point", "coordinates": [ 36.335547040703531, 34.301554582987897 ] } },
{ "type": "Feature", "properties": { "rand_point_id": 1208, "adm3_name1": "وادي فعرا", "adm3_pcode": "54151", "Nighttime light radiance": 0.402151898, "Household Deprivation Score": 0.621142125, "Negative Coping Tendency": 2.9, "Unemployment rate": 10.5, "Population dependency ratio": 60.7, "Food insecurity level (IPC)": 0.11, "Poverty Level (Relative Vulnerability - AMAAN)": 0.0, "Poverty Level (Internal Vulnerability - AMAAN)": 0.0, "composite_score": 0.385743022 }, "geometry": { "type": "Point", "coordinates": [ 36.245436213279746, 34.283410660849526 ] } },
{ "type": "Feature", "properties": { "rand_point_id": 1209, "adm3_name1": "هرمل جباب", "adm3_pcode": "54159", "Nighttime light radiance": 0.427394364, "Household Deprivation Score": 0.621142125, "Negative Coping Tendency": 2.9, "Unemployment rate": 10.5, "Population dependency ratio": 60.7, "Food insecurity level (IPC)": 0.11, "Poverty Level (Relative Vulnerability - AMAAN)": 0.146165225, "Poverty Level (Internal Vulnerability - AMAAN)": 661.1111111, "composite_score": 0.393013567 }, "geometry": { "type": "Point", "coordinates": [ 36.18265431737774, 34.315108725483299 ] } },
{ "type": "Feature", "properties": { "rand_point_id": 1210, "adm3_name1": "معيصرة", "adm3_pcode": "54167", "Nighttime light radiance": 0.408124996, "Household Deprivation Score": 0.621142125, "Negative Coping Tendency": 2.9, "Unemployment rate": 10.5, "Population dependency ratio": 60.7, "Food insecurity level (IPC)": 0.11, "Poverty Level (Relative Vulnerability - AMAAN)": 0.0, "Poverty Level (Internal Vulnerability - AMAAN)": 0.0, "composite_score": 0.385759149 }, "geometry": { "type": "Point", "coordinates": [ 36.278178842313501, 34.272321293267908 ] } },
{ "type": "Feature", "properties": { "rand_point_id": 1211, "adm3_name1": "الخرائب", "adm3_pcode": "54175", "Nighttime light radiance": 0.420937495, "Household Deprivation Score": 0.741293687, "Negative Coping Tendency": 3.7, "Unemployment rate": 11.1, "Population dependency ratio": 55.8, "Food insecurity level (IPC)": 0.33, "Poverty Level (Relative Vulnerability - AMAAN)": 0.0, "Poverty Level (Internal Vulnerability - AMAAN)": 0.0, "composite_score": 0.493229894 }, "geometry": { "type": "Point", "coordinates": [ 36.301610525240875, 34.228071605637261 ] } },
{ "type": "Feature", "properties": { "rand_point_id": 1212, "adm3_name1": "وادي القصص", "adm3_pcode": "54183", "Nighttime light radiance": 0.411692305, "Household Deprivation Score": 0.741293687, "Negative Coping Tendency": 3.7, "Unemployment rate": 11.1, "Population dependency ratio": 55.8, "Food insecurity level (IPC)": 0.33, "Poverty Level (Relative Vulnerability - AMAAN)": 0.0, "Poverty Level (Internal Vulnerability - AMAAN)": 0.0, "composite_score": 0.493243825 }, "geometry": { "type": "Point", "coordinates": [ 36.28896575407822, 34.240889059927923 ] } },
{ "type": "Feature", "properties": { "rand_point_id": 1213, "adm3_name1": null, "adm3_pcode": "55001", "Nighttime light radiance": null, "Household Deprivation Score": null, "Negative Coping Tendency": null, "Unemployment rate": null, "Population dependency ratio": null, "Food insecurity level (IPC)": null, "Poverty Level (Relative Vulnerability - AMAAN)": null, "Poverty Level (Internal Vulnerability - AMAAN)": null, "composite_score": null }, "geometry": { "type": "Point", "coordinates": [ 35.95561612995234, 33.673620944849624 ] } },
{ "type": "Feature", "properties": { "rand_point_id": 1214, "adm3_name1": "مزرعة دير العشاير", "adm3_pcode": "55002", "Nighttime light radiance": 0.881034484, "Household Deprivation Score": 0.488373559, "Negative Coping Tendency": 6.075, "Unemployment rate": 12.7, "Population dependency ratio": 60.3, "Food insecurity level (IPC)": 0.11, "Poverty Level (Relative Vulnerability - AMAAN)": 0.0, "Poverty Level (Internal Vulnerability - AMAAN)": 0.0, "composite_score": 0.382663731 }, "geometry": { "type": "Point", "coordinates": [ 36.015876015431758, 33.57082718784114 ] } },
{ "type": "Feature", "properties": { "rand_point_id": 1215, "adm3_name1": null, "adm3_pcode": "55003", "Nighttime light radiance": null, "Household Deprivation Score": null, "Negative Coping Tendency": null, "Unemployment rate": null, "Population dependency ratio": null, "Food insecurity level (IPC)": null, "Poverty Level (Relative Vulnerability - AMAAN)": null, "Poverty Level (Internal Vulnerability - AMAAN)": null, "composite_score": null }, "geometry": { "type": "Point", "coordinates": [ 35.772920264346077, 33.559542897594319 ] } },
{ "type": "Feature", "properties": { "rand_point_id": 1216, "adm3_name1": null, "adm3_pcode": "55004", "Nighttime light radiance": null, "Household Deprivation Score": null, "Negative Coping Tendency": null, "Unemployment rate": null, "Population dependency ratio": null, "Food insecurity level (IPC)": null, "Poverty Level (Relative Vulnerability - AMAAN)": null, "Poverty Level (Internal Vulnerability - AMAAN)": null, "composite_score": null }, "geometry": { "type": "Point", "coordinates": [ 35.776872575532892, 33.549520139612156 ] } },
{ "type": "Feature", "properties": { "rand_point_id": 1217, "adm3_name1": null, "adm3_pcode": "55005", "Nighttime light radiance": null, "Household Deprivation Score": null, "Negative Coping Tendency": null, "Unemployment rate": null, "Population dependency ratio": null, "Food insecurity level (IPC)": null, "Poverty Level (Relative Vulnerability - AMAAN)": null, "Poverty Level (Internal Vulnerability - AMAAN)": null, "composite_score": null }, "geometry": { "type": "Point", "coordinates": [ 35.870966474585344, 33.541381801733372 ] } },
{ "type": "Feature", "properties": { "rand_point_id": 1218, "adm3_name1": null, "adm3_pcode": "55006", "Nighttime light radiance": null, "Household Deprivation Score": null, "Negative Coping Tendency": null, "Unemployment rate": null, "Population dependency ratio": null, "Food insecurity level (IPC)": null, "Poverty Level (Relative Vulnerability - AMAAN)": null, "Poverty Level (Internal Vulnerability - AMAAN)": null, "composite_score": null }, "geometry": { "type": "Point", "coordinates": [ 35.828339748105961, 33.49628398738227 ] } },
{ "type": "Feature", "properties": { "rand_point_id": 1219, "adm3_name1": null, "adm3_pcode": "55007", "Nighttime light radiance": null, "Household Deprivation Score": null, "Negative Coping Tendency": null, "Unemployment rate": null, "Population dependency ratio": null, "Food insecurity level (IPC)": null, "Poverty Level (Relative Vulnerability - AMAAN)": null, "Poverty Level (Internal Vulnerability - AMAAN)": null, "composite_score": null }, "geometry": { "type": "Point", "coordinates": [ 35.875460923802393, 33.44862093284808 ] } },
{ "type": "Feature", "properties": { "rand_point_id": 1220, "adm3_name1": null, "adm3_pcode": "55008", "Nighttime light radiance": null, "Household Deprivation Score": null, "Negative Coping Tendency": null, "Unemployment rate": null, "Population dependency ratio": null, "Food insecurity level (IPC)": null, "Poverty Level (Relative Vulnerability - AMAAN)": null, "Poverty Level (Internal Vulnerability - AMAAN)": null, "composite_score": null }, "geometry": { "type": "Point", "coordinates": [ 35.796566403961315, 33.459675110915228 ] } },
{ "type": "Feature", "properties": { "rand_point_id": 1221, "adm3_name1": null, "adm3_pcode": "55009", "Nighttime light radiance": null, "Household Deprivation Score": null, "Negative Coping Tendency": null, "Unemployment rate": null, "Population dependency ratio": null, "Food insecurity level (IPC)": null, "Poverty Level (Relative Vulnerability - AMAAN)": null, "Poverty Level (Internal Vulnerability - AMAAN)": null, "composite_score": null }, "geometry": { "type": "Point", "coordinates": [ 35.937237334898825, 33.462034499571736 ] } },
{ "type": "Feature", "properties": { "rand_point_id": 1222, "adm3_name1": null, "adm3_pcode": "55010", "Nighttime light radiance": null, "Household Deprivation Score": null, "Negative Coping Tendency": null, "Unemployment rate": null, "Population dependency ratio": null, "Food insecurity level (IPC)": null, "Poverty Level (Relative Vulnerability - AMAAN)": null, "Poverty Level (Internal Vulnerability - AMAAN)": null, "composite_score": null }, "geometry": { "type": "Point", "coordinates": [ 35.776159857094129, 33.360175507084456 ] } },
{ "type": "Feature", "properties": { "rand_point_id": 1223, "adm3_name1": "راشيّا الوادي", "adm3_pcode": "55111", "Nighttime light radiance": 0.822727269, "Household Deprivation Score": 0.488373559, "Negative Coping Tendency": 6.075, "Unemployment rate": 12.7, "Population dependency ratio": 60.3, "Food insecurity level (IPC)": 0.11, "Poverty Level (Relative Vulnerability - AMAAN)": 0.01824872, "Poverty Level (Internal Vulnerability - AMAAN)": 1.78786316, "composite_score": 0.383372415 }, "geometry": { "type": "Point", "coordinates": [ 35.859616379249033, 33.486219852429535 ] } },
{ "type": "Feature", "properties": { "rand_point_id": 1224, "adm3_name1": "عقبة راشيّا", "adm3_pcode": "55114", "Nighttime light radiance": 1.478571425, "Household Deprivation Score": 0.488373559, "Negative Coping Tendency": 6.075, "Unemployment rate": 12.7, "Population dependency ratio": 60.3, "Food insecurity level (IPC)": 0.11, "Poverty Level (Relative Vulnerability - AMAAN)": 0.056676312, "Poverty Level (Internal Vulnerability - AMAAN)": 17.49729144, "composite_score": 0.384275127 }, "geometry": { "type": "Point", "coordinates": [ 35.792023876805509, 33.521476535377012 ] } },
{ "type": "Feature", "properties": { "rand_point_id": 1225, "adm3_name1": "عيحا", "adm3_pcode": "55117", "Nighttime light radiance": 0.79198312, "Household Deprivation Score": 0.488373559, "Negative Coping Tendency": 6.075, "Unemployment rate": 12.7, "Population dependency ratio": 60.3, "Food insecurity level (IPC)": 0.11, "Poverty Level (Relative Vulnerability - AMAAN)": 0.025267458, "Poverty Level (Internal Vulnerability - AMAAN)": 6.445837064, "composite_score": 0.383623874 }, "geometry": { "type": "Point", "coordinates": [ 35.901399725208286, 33.46736596954765 ] } },
{ "type": "Feature", "properties": { "rand_point_id": 1226, "adm3_name1": "بكيفا راشيا", "adm3_pcode": "55121", "Nighttime light radiance": 0.821489363, "Household Deprivation Score": 0.488373559, "Negative Coping Tendency": 6.075, "Unemployment rate": 12.7, "Population dependency ratio": 60.3, "Food insecurity level (IPC)": 0.11, "Poverty Level (Relative Vulnerability - AMAAN)": 0.008247017, "Poverty Level (Internal Vulnerability - AMAAN)": 4.880581516, "composite_score": 0.383100697 }, "geometry": { "type": "Point", "coordinates": [ 35.780789261084365, 33.496835904740571 ] } },
{ "type": "Feature", "properties": { "rand_point_id": 1227, "adm3_name1": "ضهر الاحمر", "adm3_pcode": "55124", "Nighttime light radiance": 1.63758621, "Household Deprivation Score": 0.488373559, "Negative Coping Tendency": 6.075, "Unemployment rate": 12.7, "Population dependency ratio": 60.3, "Food insecurity level (IPC)": 0.11, "Poverty Level (Relative Vulnerability - AMAAN)": 0.027899485, "Poverty Level (Internal Vulnerability - AMAAN)": 8.294209703, "composite_score": 0.383313114 }, "geometry": { "type": "Point", "coordinates": [ 35.819247409702605, 33.536922419812711 ] } },
{ "type": "Feature", "properties": { "rand_point_id": 1228, "adm3_name1": "بيت لهيا", "adm3_pcode": "55127", "Nighttime light radiance": 0.694347829, "Household Deprivation Score": 0.488373559, "Negative Coping Tendency": 6.075, "Unemployment rate": 12.7, "Population dependency ratio": 60.3, "Food insecurity level (IPC)": 0.11, "Poverty Level (Relative Vulnerability - AMAAN)": 0.0, "Poverty Level (Internal Vulnerability - AMAAN)": 0.0, "composite_score": 0.382901655 }, "geometry": { "type": "Point", "coordinates": [ 35.795795501349701, 33.48802211952038 ] } },
{ "type": "Feature", "properties": { "rand_point_id": 1229, "adm3_name1": "تنورة", "adm3_pcode": "55131", "Nighttime light radiance": 0.70541666, "Household Deprivation Score": 0.488373559, "Negative Coping Tendency": 6.075, "Unemployment rate": 12.7, "Population dependency ratio": 60.3, "Food insecurity level (IPC)": 0.11, "Poverty Level (Relative Vulnerability - AMAAN)": 0.007720612, "Poverty Level (Internal Vulnerability - AMAAN)": 6.616541353, "composite_score": 0.383160237 }, "geometry": { "type": "Point", "coordinates": [ 35.808724487070648, 33.466340682550907 ] } },
{ "type": "Feature", "properties": { "rand_point_id": 1230, "adm3_name1": "كفرقوق", "adm3_pcode": "55134", "Nighttime light radiance": 0.659140126, "Household Deprivation Score": 0.488373559, "Negative Coping Tendency": 6.075, "Unemployment rate": 12.7, "Population dependency ratio": 60.3, "Food insecurity level (IPC)": 0.11, "Poverty Level (Relative Vulnerability - AMAAN)": 0.062291302, "Poverty Level (Internal Vulnerability - AMAAN)": 16.21004566, "composite_score": 0.384853451 }, "geometry": { "type": "Point", "coordinates": [ 35.866372464712143, 33.529052627308261 ] } },
{ "type": "Feature", "properties": { "rand_point_id": 1231, "adm3_name1": "كفر دنيس", "adm3_pcode": "55137", "Nighttime light radiance": 1.27368421, "Household Deprivation Score": 0.488373559, "Negative Coping Tendency": 6.075, "Unemployment rate": 12.7, "Population dependency ratio": 60.3, "Food insecurity level (IPC)": 0.11, "Poverty Level (Relative Vulnerability - AMAAN)": 0.013160134, "Poverty Level (Internal Vulnerability - AMAAN)": 8.241758242, "composite_score": 0.38306394 }, "geometry": { "type": "Point", "coordinates": [ 35.837896664134135, 33.551651811271661 ] } },
{ "type": "Feature", "properties": { "rand_point_id": 1232, "adm3_name1": "محيدثه", "adm3_pcode": "55141", "Nighttime light radiance": 0.876419752, "Household Deprivation Score": 0.488373559, "Negative Coping Tendency": 6.075, "Unemployment rate": 12.7, "Population dependency ratio": 60.3, "Food insecurity level (IPC)": 0.11, "Poverty Level (Relative Vulnerability - AMAAN)": 0.022810899, "Poverty Level (Internal Vulnerability - AMAAN)": 13.26530612, "composite_score": 0.38356883 }, "geometry": { "type": "Point", "coordinates": [ 35.779426948235098, 33.574840866186697 ] } },
{ "type": "Feature", "properties": { "rand_point_id": 1233, "adm3_name1": "كوكبا", "adm3_pcode": "55144", "Nighttime light radiance": 0.958275869, "Household Deprivation Score": 0.488373559, "Negative Coping Tendency": 6.075, "Unemployment rate": 12.7, "Population dependency ratio": 60.3, "Food insecurity level (IPC)": 0.11, "Poverty Level (Relative Vulnerability - AMAAN)": 0.031935259, "Poverty Level (Internal Vulnerability - AMAAN)": 21.66666667, "composite_score": 0.383841957 }, "geometry": { "type": "Point", "coordinates": [ 35.770467337466322, 33.530275234467808 ] } },
{ "type": "Feature", "properties": { "rand_point_id": 1234, "adm3_name1": "عين حرشة", "adm3_pcode": "55147", "Nighttime light radiance": 0.837619045, "Household Deprivation Score": 0.488373559, "Negative Coping Tendency": 6.075, "Unemployment rate": 12.7, "Population dependency ratio": 60.3, "Food insecurity level (IPC)": 0.11, "Poverty Level (Relative Vulnerability - AMAAN)": 0.004035775, "Poverty Level (Internal Vulnerability - AMAAN)": 3.739837398, "composite_score": 0.382993375 }, "geometry": { "type": "Point", "coordinates": [ 35.777114367474958, 33.448951366439886 ] } },
{ "type": "Feature", "properties": { "rand_point_id": 1235, "adm3_name1": "خربة روحا", "adm3_pcode": "55151", "Nighttime light radiance": 1.865375005, "Household Deprivation Score": 0.488373559, "Negative Coping Tendency": 6.075, "Unemployment rate": 12.7, "Population dependency ratio": 60.3, "Food insecurity level (IPC)": 0.11, "Poverty Level (Relative Vulnerability - AMAAN)": 0.044042583, "Poverty Level (Internal Vulnerability - AMAAN)": 12.23196881, "composite_score": 0.383734023 }, "geometry": { "type": "Point", "coordinates": [ 35.861775653053733, 33.578998740692917 ] } },
{ "type": "Feature", "properties": { "rand_point_id": 1236, "adm3_name1": "كفر مشكي", "adm3_pcode": "55154", "Nighttime light radiance": 1.003900002, "Household Deprivation Score": 0.488373559, "Negative Coping Tendency": 6.075, "Unemployment rate": 12.7, "Population dependency ratio": 60.3, "Food insecurity level (IPC)": 0.11, "Poverty Level (Relative Vulnerability - AMAAN)": 0.003860306, "Poverty Level (Internal Vulnerability - AMAAN)": 2.5, "composite_score": 0.382911221 }, "geometry": { "type": "Point", "coordinates": [ 35.74808427551843, 33.518254227688843 ] } },
{ "type": "Feature", "properties": { "rand_point_id": 1237, "adm3_name1": "الرافد راشيا", "adm3_pcode": "55157", "Nighttime light radiance": 1.819767435, "Household Deprivation Score": 0.488373559, "Negative Coping Tendency": 6.075, "Unemployment rate": 12.7, "Population dependency ratio": 60.3, "Food insecurity level (IPC)": 0.11, "Poverty Level (Relative Vulnerability - AMAAN)": 0.1012453, "Poverty Level (Internal Vulnerability - AMAAN)": 20.73302192, "composite_score": 0.385504032 }, "geometry": { "type": "Point", "coordinates": [ 35.818155474327362, 33.568295732304612 ] } },
{ "type": "Feature", "properties": { "rand_point_id": 1238, "adm3_name1": "حوش القنعبة", "adm3_pcode": "55161", "Nighttime light radiance": 1.468333335, "Household Deprivation Score": 0.488373559, "Negative Coping Tendency": 6.075, "Unemployment rate": 12.7, "Population dependency ratio": 60.3, "Food insecurity level (IPC)": 0.11, "Poverty Level (Relative Vulnerability - AMAAN)": 0.003684838, "Poverty Level (Internal Vulnerability - AMAAN)": 3.723404255, "composite_score": 0.382696933 }, "geometry": { "type": "Point", "coordinates": [ 35.772252350876215, 33.488688468163289 ] } },
{ "type": "Feature", "properties": { "rand_point_id": 1239, "adm3_name1": "بيرة راشّيا", "adm3_pcode": "55164", "Nighttime light radiance": 1.41151786, "Household Deprivation Score": 0.488373559, "Negative Coping Tendency": 6.075, "Unemployment rate": 12.7, "Population dependency ratio": 60.3, "Food insecurity level (IPC)": 0.11, "Poverty Level (Relative Vulnerability - AMAAN)": 0.090892661, "Poverty Level (Internal Vulnerability - AMAAN)": 32.68138801, "composite_score": 0.385452655 }, "geometry": { "type": "Point", "coordinates": [ 35.79427261645025, 33.600680448157924 ] } },
{ "type": "Feature", "properties": { "rand_point_id": 1240, "adm3_name1": "عين عرب", "adm3_pcode": "55167", "Nighttime light radiance": 0.766229506, "Household Deprivation Score": 0.488373559, "Negative Coping Tendency": 6.075, "Unemployment rate": 12.7, "Population dependency ratio": 60.3, "Food insecurity level (IPC)": 0.11, "Poverty Level (Relative Vulnerability - AMAAN)": 0.004211243, "Poverty Level (Internal Vulnerability - AMAAN)": 9.090909091, "composite_score": 0.383080223 }, "geometry": { "type": "Point", "coordinates": [ 35.892874091426336, 33.591702074146205 ] } },
{ "type": "Feature", "properties": { "rand_point_id": 1241, "adm3_name1": "عين عطا", "adm3_pcode": "55171", "Nighttime light radiance": 0.610947362, "Household Deprivation Score": 0.488373559, "Negative Coping Tendency": 6.075, "Unemployment rate": 12.7, "Population dependency ratio": 60.3, "Food insecurity level (IPC)": 0.11, "Poverty Level (Relative Vulnerability - AMAAN)": 0.015616693, "Poverty Level (Internal Vulnerability - AMAAN)": 5.694177863, "composite_score": 0.383484097 }, "geometry": { "type": "Point", "coordinates": [ 35.803955044780096, 33.45884500645856 ] } },
{ "type": "Feature", "properties": { "rand_point_id": 1242, "adm3_name1": "مجدل بلهيص", "adm3_pcode": "55174", "Nighttime light radiance": 1.056283185, "Household Deprivation Score": 0.488373559, "Negative Coping Tendency": 6.075, "Unemployment rate": 12.7, "Population dependency ratio": 60.3, "Food insecurity level (IPC)": 0.11, "Poverty Level (Relative Vulnerability - AMAAN)": 0.047025546, "Poverty Level (Internal Vulnerability - AMAAN)": 21.4057508, "composite_score": 0.384278781 }, "geometry": { "type": "Point", "coordinates": [ 35.738213101581451, 33.544541082012032 ] } },
{ "type": "Feature", "properties": { "rand_point_id": 1243, "adm3_name1": "بكا", "adm3_pcode": "55177", "Nighttime light radiance": 0.791944447, "Household Deprivation Score": 0.488373559, "Negative Coping Tendency": 6.075, "Unemployment rate": 12.7, "Population dependency ratio": 60.3, "Food insecurity level (IPC)": 0.11, "Poverty Level (Relative Vulnerability - AMAAN)": 0.008422486, "Poverty Level (Internal Vulnerability - AMAAN)": 9.448818898000001, "composite_score": 0.383206747 }, "geometry": { "type": "Point", "coordinates": [ 35.932874865026079, 33.594435230057066 ] } },
{ "type": "Feature", "properties": { "rand_point_id": 1244, "adm3_name1": "مدوخا", "adm3_pcode": "55181", "Nighttime light radiance": 0.953529409, "Household Deprivation Score": 0.488373559, "Negative Coping Tendency": 6.075, "Unemployment rate": 12.7, "Population dependency ratio": 60.3, "Food insecurity level (IPC)": 0.11, "Poverty Level (Relative Vulnerability - AMAAN)": 0.026671205, "Poverty Level (Internal Vulnerability - AMAAN)": 12.88135593, "composite_score": 0.383692584 }, "geometry": { "type": "Point", "coordinates": [ 35.873696716389802, 33.608752809429518 ] } },
{ "type": "Feature", "properties": { "rand_point_id": 1245, "adm3_name1": "ينطا", "adm3_pcode": "55184", "Nighttime light radiance": 1.033178805, "Household Deprivation Score": 0.488373559, "Negative Coping Tendency": 6.075, "Unemployment rate": 12.7, "Population dependency ratio": 60.3, "Food insecurity level (IPC)": 0.11, "Poverty Level (Relative Vulnerability - AMAAN)": 0.005264054, "Poverty Level (Internal Vulnerability - AMAAN)": 1.662971175, "composite_score": 0.382970892 }, "geometry": { "type": "Point", "coordinates": [ 35.96706131522464, 33.577936050745578 ] } },
{ "type": "Feature", "properties": { "rand_point_id": 1246, "adm3_name1": "دير العشاير", "adm3_pcode": "55187", "Nighttime light radiance": 0.751190476, "Household Deprivation Score": 0.488373559, "Negative Coping Tendency": 6.075, "Unemployment rate": 12.7, "Population dependency ratio": 60.3, "Food insecurity level (IPC)": 0.11, "Poverty Level (Relative Vulnerability - AMAAN)": 0.005264054, "Poverty Level (Internal Vulnerability - AMAAN)": 4.643962848, "composite_score": 0.383122884 }, "geometry": { "type": "Point", "coordinates": [ 35.99512941026935, 33.559747215272736 ] } },
{ "type": "Feature", "properties": { "rand_point_id": 1247, "adm3_name1": "مزرعة سلساتا", "adm3_pcode": "55191", "Nighttime light radiance": 0.640666664, "Household Deprivation Score": 0.488373559, "Negative Coping Tendency": 6.075, "Unemployment rate": 12.7, "Population dependency ratio": 60.3, "Food insecurity level (IPC)": 0.11, "Poverty Level (Relative Vulnerability - AMAAN)": 0.0, "Poverty Level (Internal Vulnerability - AMAAN)": 0.0, "composite_score": 0.383003373 }, "geometry": { "type": "Point", "coordinates": [ 35.986780752091221, 33.579875262119707 ] } },
{ "type": "Feature", "properties": { "rand_point_id": 1248, "adm3_name1": "عيتا الفخار", "adm3_pcode": "55194", "Nighttime light radiance": 1.330272107, "Household Deprivation Score": 0.488373559, "Negative Coping Tendency": 6.075, "Unemployment rate": 12.7, "Population dependency ratio": 60.3, "Food insecurity level (IPC)": 0.11, "Poverty Level (Relative Vulnerability - AMAAN)": 0.015090287, "Poverty Level (Internal Vulnerability - AMAAN)": 5.9972106, "composite_score": 0.383152019 }, "geometry": { "type": "Point", "coordinates": [ 35.931008878109608, 33.657093789436331 ] } },
{ "type": "Feature", "properties": { "rand_point_id": 1249, "adm3_name1": "حلوة", "adm3_pcode": "55197", "Nighttime light radiance": 0.634545451, "Household Deprivation Score": 0.488373559, "Negative Coping Tendency": 6.075, "Unemployment rate": 12.7, "Population dependency ratio": 60.3, "Food insecurity level (IPC)": 0.11, "Poverty Level (Relative Vulnerability - AMAAN)": 0.012282792, "Poverty Level (Internal Vulnerability - AMAAN)": 118.6440678, "composite_score": 0.383903315 }, "geometry": { "type": "Point", "coordinates": [ 35.980274721440814, 33.622446415578928 ] } },
{ "type": "Feature", "properties": { "rand_point_id": 1250, "adm3_name1": "نبي صفا", "adm3_pcode": "55199", "Nighttime light radiance": 0.779574467, "Household Deprivation Score": 0.488373559, "Negative Coping Tendency": 6.075, "Unemployment rate": 12.7, "Population dependency ratio": 60.3, "Food insecurity level (IPC)": 0.11, "Poverty Level (Relative Vulnerability - AMAAN)": 0.0, "Poverty Level (Internal Vulnerability - AMAAN)": 0.0, "composite_score": 0.382946239 }, "geometry": { "type": "Point", "coordinates": [ 35.742194122564193, 33.514943256483313 ] } },
{ "type": "Feature", "properties": { "rand_point_id": 1251, "adm3_name1": null, "adm3_pcode": "61001", "Nighttime light radiance": null, "Household Deprivation Score": null, "Negative Coping Tendency": null, "Unemployment rate": null, "Population dependency ratio": null, "Food insecurity level (IPC)": null, "Poverty Level (Relative Vulnerability - AMAAN)": null, "Poverty Level (Internal Vulnerability - AMAAN)": null, "composite_score": null }, "geometry": { "type": "Point", "coordinates": [ 35.337745280723297, 33.454938978668352 ] } },
{ "type": "Feature", "properties": { "rand_point_id": 1252, "adm3_name1": "الوسطاني", "adm3_pcode": "61111", "Nighttime light radiance": 40.01937497, "Household Deprivation Score": 0.57639231, "Negative Coping Tendency": 7.2, "Unemployment rate": 14.3, "Population dependency ratio": 52.8, "Food insecurity level (IPC)": 0.17, "Poverty Level (Relative Vulnerability - AMAAN)": 0.045270862, "Poverty Level (Internal Vulnerability - AMAAN)": 2.400223277, "composite_score": 0.354932013 }, "geometry": { "type": "Point", "coordinates": [ 35.379153713716825, 33.569261706669785 ] } },
{ "type": "Feature", "properties": { "rand_point_id": 1253, "adm3_name1": "صيدا", "adm3_pcode": "61115", "Nighttime light radiance": 21.00530159, "Household Deprivation Score": 0.57639231, "Negative Coping Tendency": 7.2, "Unemployment rate": 14.3, "Population dependency ratio": 52.8, "Food insecurity level (IPC)": 0.17, "Poverty Level (Relative Vulnerability - AMAAN)": 0.007720612, "Poverty Level (Internal Vulnerability - AMAAN)": 0.28949273, "composite_score": 0.362929775 }, "geometry": { "type": "Point", "coordinates": [ 35.367104764458475, 33.565911351381892 ] } },
{ "type": "Feature", "properties": { "rand_point_id": 1254, "adm3_name1": "صيدا الدكرمان", "adm3_pcode": "61119", "Nighttime light radiance": 29.78677448, "Household Deprivation Score": 0.57639231, "Negative Coping Tendency": 7.2, "Unemployment rate": 14.3, "Population dependency ratio": 52.8, "Food insecurity level (IPC)": 0.17, "Poverty Level (Relative Vulnerability - AMAAN)": 0.174240178, "Poverty Level (Internal Vulnerability - AMAAN)": 1.099241711, "composite_score": 0.363684689 }, "geometry": { "type": "Point", "coordinates": [ 35.373756578395096, 33.547360188141297 ] } },
{ "type": "Feature", "properties": { "rand_point_id": 1255, "adm3_name1": "برامية", "adm3_pcode": "61123", "Nighttime light radiance": 28.15499973, "Household Deprivation Score": 0.57639231, "Negative Coping Tendency": 7.2, "Unemployment rate": 14.3, "Population dependency ratio": 52.8, "Food insecurity level (IPC)": 0.17, "Poverty Level (Relative Vulnerability - AMAAN)": 0.003158432, "Poverty Level (Internal Vulnerability - AMAAN)": 1.28663331, "composite_score": 0.359378293 }, "geometry": { "type": "Point", "coordinates": [ 35.393101173354488, 33.57482392010926 ] } },
{ "type": "Feature", "properties": { "rand_point_id": 1256, "adm3_name1": "هلالية صيدا", "adm3_pcode": "61147", "Nighttime light radiance": 58.37499968, "Household Deprivation Score": 0.57639231, "Negative Coping Tendency": 7.2, "Unemployment rate": 14.3, "Population dependency ratio": 52.8, "Food insecurity level (IPC)": 0.17, "Poverty Level (Relative Vulnerability - AMAAN)": 0.072293004, "Poverty Level (Internal Vulnerability - AMAAN)": 3.219504571, "composite_score": 0.346978347 }, "geometry": { "type": "Point", "coordinates": [ 35.388660802613558, 33.564272123803313 ] } },
{ "type": "Feature", "properties": { "rand_point_id": 1257, "adm3_name1": "حارة صيدا", "adm3_pcode": "61159", "Nighttime light radiance": 34.33277718, "Household Deprivation Score": 0.57639231, "Negative Coping Tendency": 7.2, "Unemployment rate": 14.3, "Population dependency ratio": 52.8, "Food insecurity level (IPC)": 0.17, "Poverty Level (Relative Vulnerability - AMAAN)": 0.332337257, "Poverty Level (Internal Vulnerability - AMAAN)": 12.86509985, "composite_score": 0.366311563 }, "geometry": { "type": "Point", "coordinates": [ 35.397590914215883, 33.559363275554702 ] } },
{ "type": "Feature", "properties": { "rand_point_id": 1258, "adm3_name1": "مية ومية", "adm3_pcode": "61183", "Nighttime light radiance": 19.6727275, "Household Deprivation Score": 0.57639231, "Negative Coping Tendency": 7.2, "Unemployment rate": 14.3, "Population dependency ratio": 52.8, "Food insecurity level (IPC)": 0.17, "Poverty Level (Relative Vulnerability - AMAAN)": 0.397786992, "Poverty Level (Internal Vulnerability - AMAAN)": 7.382441058, "composite_score": 0.375296923 }, "geometry": { "type": "Point", "coordinates": [ 35.395664400498852, 33.54049149485374 ] } },
{ "type": "Feature", "properties": { "rand_point_id": 1259, "adm3_name1": "صالحية", "adm3_pcode": "61211", "Nighttime light radiance": 11.01600013, "Household Deprivation Score": 0.57639231, "Negative Coping Tendency": 7.2, "Unemployment rate": 14.3, "Population dependency ratio": 52.8, "Food insecurity level (IPC)": 0.17, "Poverty Level (Relative Vulnerability - AMAAN)": 0.001579216, "Poverty Level (Internal Vulnerability - AMAAN)": 0.826446281, "composite_score": 0.367654822 }, "geometry": { "type": "Point", "coordinates": [ 35.424953993416914, 33.563300926154945 ] } },
{ "type": "Feature", "properties": { "rand_point_id": 1260, "adm3_name1": "كفريا", "adm3_pcode": "61222", "Nighttime light radiance": 3.763333241, "Household Deprivation Score": 0.57639231, "Negative Coping Tendency": 7.2, "Unemployment rate": 14.3, "Population dependency ratio": 52.8, "Food insecurity level (IPC)": 0.17, "Poverty Level (Relative Vulnerability - AMAAN)": 0.000877342, "Poverty Level (Internal Vulnerability - AMAAN)": 0.315457413, "composite_score": 0.371123637 }, "geometry": { "type": "Point", "coordinates": [ 35.436919055490392, 33.5580172544812 ] } },
{ "type": "Feature", "properties": { "rand_point_id": 1261, "adm3_name1": "مجدليون", "adm3_pcode": "61233", "Nighttime light radiance": 27.25666629, "Household Deprivation Score": 0.57639231, "Negative Coping Tendency": 7.2, "Unemployment rate": 14.3, "Population dependency ratio": 52.8, "Food insecurity level (IPC)": 0.17, "Poverty Level (Relative Vulnerability - AMAAN)": 0.00912436, "Poverty Level (Internal Vulnerability - AMAAN)": 1.93452381, "composite_score": 0.360120293 }, "geometry": { "type": "Point", "coordinates": [ 35.423166932000697, 33.5564784678105 ] } },
{ "type": "Feature", "properties": { "rand_point_id": 1262, "adm3_name1": "عبرا", "adm3_pcode": "61244", "Nighttime light radiance": 21.870909, "Household Deprivation Score": 0.57639231, "Negative Coping Tendency": 7.2, "Unemployment rate": 14.3, "Population dependency ratio": 52.8, "Food insecurity level (IPC)": 0.17, "Poverty Level (Relative Vulnerability - AMAAN)": 0.057202717, "Poverty Level (Internal Vulnerability - AMAAN)": 3.185460231, "composite_score": 0.364154024 }, "geometry": { "type": "Point", "coordinates": [ 35.396261377581155, 33.563132876506451 ] } },
{ "type": "Feature", "properties": { "rand_point_id": 1263, "adm3_name1": "قرية صيدا", "adm3_pcode": "61255", "Nighttime light radiance": 7.934999947, "Household Deprivation Score": 0.57639231, "Negative Coping Tendency": 7.2, "Unemployment rate": 14.3, "Population dependency ratio": 52.8, "Food insecurity level (IPC)": 0.17, "Poverty Level (Relative Vulnerability - AMAAN)": 0.00456218, "Poverty Level (Internal Vulnerability - AMAAN)": 0.718827758, "composite_score": 0.369273281 }, "geometry": { "type": "Point", "coordinates": [ 35.410438874942976, 33.549215301102805 ] } },
{ "type": "Feature", "properties": { "rand_point_id": 1264, "adm3_name1": "بقسطا", "adm3_pcode": "61266", "Nighttime light radiance": 11.91965513, "Household Deprivation Score": 0.57639231, "Negative Coping Tendency": 7.2, "Unemployment rate": 14.3, "Population dependency ratio": 52.8, "Food insecurity level (IPC)": 0.17, "Poverty Level (Relative Vulnerability - AMAAN)": 0.025091989, "Poverty Level (Internal Vulnerability - AMAAN)": 9.571619813, "composite_score": 0.368025473 }, "geometry": { "type": "Point", "coordinates": [ 35.397674017012626, 33.57418244479706 ] } },
{ "type": "Feature", "properties": { "rand_point_id": 1265, "adm3_name1": "عين الدلب", "adm3_pcode": "61277", "Nighttime light radiance": 10.60500026, "Household Deprivation Score": 0.57639231, "Negative Coping Tendency": 7.2, "Unemployment rate": 14.3, "Population dependency ratio": 52.8, "Food insecurity level (IPC)": 0.17, "Poverty Level (Relative Vulnerability - AMAAN)": 0.021231683, "Poverty Level (Internal Vulnerability - AMAAN)": 4.60251046, "composite_score": 0.368532227 }, "geometry": { "type": "Point", "coordinates": [ 35.40696835851891, 33.540789111316812 ] } },
{ "type": "Feature", "properties": { "rand_point_id": 1266, "adm3_name1": "غازية", "adm3_pcode": "61311", "Nighttime light radiance": 9.270599995, "Household Deprivation Score": 0.57639231, "Negative Coping Tendency": 7.2, "Unemployment rate": 14.3, "Population dependency ratio": 52.8, "Food insecurity level (IPC)": 0.17, "Poverty Level (Relative Vulnerability - AMAAN)": 0.230214615, "Poverty Level (Internal Vulnerability - AMAAN)": 7.360861759, "composite_score": 0.375448209 }, "geometry": { "type": "Point", "coordinates": [ 35.334303490395435, 33.491894345280841 ] } },
{ "type": "Feature", "properties": { "rand_point_id": 1267, "adm3_name1": "مغدوشة", "adm3_pcode": "61323", "Nighttime light radiance": 6.429473626, "Household Deprivation Score": 0.57639231, "Negative Coping Tendency": 7.2, "Unemployment rate": 14.3, "Population dependency ratio": 52.8, "Food insecurity level (IPC)": 0.17, "Poverty Level (Relative Vulnerability - AMAAN)": 0.005614991, "Poverty Level (Internal Vulnerability - AMAAN)": 0.701139351, "composite_score": 0.370107433 }, "geometry": { "type": "Point", "coordinates": [ 35.382277884773913, 33.525173586129299 ] } },
{ "type": "Feature", "properties": { "rand_point_id": 1268, "adm3_name1": "درب السيم", "adm3_pcode": "61335", "Nighttime light radiance": 12.63526307, "Household Deprivation Score": 0.57639231, "Negative Coping Tendency": 7.2, "Unemployment rate": 14.3, "Population dependency ratio": 52.8, "Food insecurity level (IPC)": 0.17, "Poverty Level (Relative Vulnerability - AMAAN)": 0.061940365, "Poverty Level (Internal Vulnerability - AMAAN)": 3.336799319, "composite_score": 0.368833893 }, "geometry": { "type": "Point", "coordinates": [ 35.38518668587858, 33.532265648337443 ] } },
{ "type": "Feature", "properties": { "rand_point_id": 1269, "adm3_name1": "قناريت", "adm3_pcode": "61347", "Nighttime light radiance": 7.333684206, "Household Deprivation Score": 0.57639231, "Negative Coping Tendency": 7.2, "Unemployment rate": 14.3, "Population dependency ratio": 52.8, "Food insecurity level (IPC)": 0.17, "Poverty Level (Relative Vulnerability - AMAAN)": 0.049482105, "Poverty Level (Internal Vulnerability - AMAAN)": 7.106854839, "composite_score": 0.371036823 }, "geometry": { "type": "Point", "coordinates": [ 35.391959347996121, 33.500835468204677 ] } },
{ "type": "Feature", "properties": { "rand_point_id": 1270, "adm3_name1": "زيتا", "adm3_pcode": "61359", "Nighttime light radiance": 2.990833302, "Household Deprivation Score": 0.57639231, "Negative Coping Tendency": 7.2, "Unemployment rate": 14.3, "Population dependency ratio": 52.8, "Food insecurity level (IPC)": 0.17, "Poverty Level (Relative Vulnerability - AMAAN)": 0.359008463, "Poverty Level (Internal Vulnerability - AMAAN)": 318.6915888, "composite_score": 0.383728121 }, "geometry": { "type": "Point", "coordinates": [ 35.397564234729735, 33.502845695864202 ] } },
{ "type": "Feature", "properties": { "rand_point_id": 1271, "adm3_name1": "زغدرايا", "adm3_pcode": "61371", "Nighttime light radiance": 3.702857222, "Household Deprivation Score": 0.57639231, "Negative Coping Tendency": 7.2, "Unemployment rate": 14.3, "Population dependency ratio": 52.8, "Food insecurity level (IPC)": 0.17, "Poverty Level (Relative Vulnerability - AMAAN)": 0.002105621, "Poverty Level (Internal Vulnerability - AMAAN)": 0.699708455, "composite_score": 0.371367783 }, "geometry": { "type": "Point", "coordinates": [ 35.402344276718175, 33.528779660931946 ] } },
{ "type": "Feature", "properties": { "rand_point_id": 1272, "adm3_name1": "طنبوريت", "adm3_pcode": "61383", "Nighttime light radiance": 3.195999988, "Household Deprivation Score": 0.57639231, "Negative Coping Tendency": 7.2, "Unemployment rate": 14.3, "Population dependency ratio": 52.8, "Food insecurity level (IPC)": 0.17, "Poverty Level (Relative Vulnerability - AMAAN)": 0.001228279, "Poverty Level (Internal Vulnerability - AMAAN)": 0.365917407, "composite_score": 0.371597553 }, "geometry": { "type": "Point", "coordinates": [ 35.414765301522763, 33.518597761627696 ] } },
{ "type": "Feature", "properties": { "rand_point_id": 1273, "adm3_name1": "جزيرة صيدا", "adm3_pcode": "61411", "Nighttime light radiance": 2.650833329, "Household Deprivation Score": 0.57639231, "Negative Coping Tendency": 7.2, "Unemployment rate": 14.3, "Population dependency ratio": 52.8, "Food insecurity level (IPC)": 0.17, "Poverty Level (Relative Vulnerability - AMAAN)": 0.003684838, "Poverty Level (Internal Vulnerability - AMAAN)": 25.92592593, "composite_score": 0.372078357 }, "geometry": { "type": "Point", "coordinates": [ 35.262071593244585, 33.329201751259511 ] } },
{ "type": "Feature", "properties": { "rand_point_id": 1274, "adm3_name1": "مزرعة العيتانية", "adm3_pcode": "61412", "Nighttime light radiance": 0.773809535, "Household Deprivation Score": 0.57639231, "Negative Coping Tendency": 7.2, "Unemployment rate": 14.3, "Population dependency ratio": 52.8, "Food insecurity level (IPC)": 0.17, "Poverty Level (Relative Vulnerability - AMAAN)": 0.0, "Poverty Level (Internal Vulnerability - AMAAN)": 0.0, "composite_score": 0.372755644 }, "geometry": { "type": "Point", "coordinates": [ 35.251406584726716, 33.343285110498904 ] } },
{ "type": "Feature", "properties": { "rand_point_id": 1275, "adm3_name1": "مزرعة الواسطة", "adm3_pcode": "61414", "Nighttime light radiance": 1.223809509, "Household Deprivation Score": 0.57639231, "Negative Coping Tendency": 7.2, "Unemployment rate": 14.3, "Population dependency ratio": 52.8, "Food insecurity level (IPC)": 0.17, "Poverty Level (Relative Vulnerability - AMAAN)": 0.0, "Poverty Level (Internal Vulnerability - AMAAN)": 0.0, "composite_score": 0.372542165 }, "geometry": { "type": "Point", "coordinates": [ 35.256859195095863, 33.34399874681165 ] } },
{ "type": "Feature", "properties": { "rand_point_id": 1276, "adm3_name1": "مطرية الشومر", "adm3_pcode": "61415", "Nighttime light radiance": 1.672142863, "Household Deprivation Score": 0.57639231, "Negative Coping Tendency": 7.2, "Unemployment rate": 14.3, "Population dependency ratio": 52.8, "Food insecurity level (IPC)": 0.17, "Poverty Level (Relative Vulnerability - AMAAN)": 0.003860306, "Poverty Level (Internal Vulnerability - AMAAN)": 4.150943396, "composite_score": 0.372461592 }, "geometry": { "type": "Point", "coordinates": [ 35.28414210420695, 33.336222251094469 ] } },
{ "type": "Feature", "properties": { "rand_point_id": 1277, "adm3_name1": "أرزي", "adm3_pcode": "61417", "Nighttime light radiance": 3.013928579, "Household Deprivation Score": 0.57639231, "Negative Coping Tendency": 7.2, "Unemployment rate": 14.3, "Population dependency ratio": 52.8, "Food insecurity level (IPC)": 0.17, "Poverty Level (Relative Vulnerability - AMAAN)": 0.065449734, "Poverty Level (Internal Vulnerability - AMAAN)": 15.98799829, "composite_score": 0.373706725 }, "geometry": { "type": "Point", "coordinates": [ 35.291681182636438, 33.323929982131446 ] } },
{ "type": "Feature", "properties": { "rand_point_id": 1278, "adm3_name1": "كفر بدَه", "adm3_pcode": "61418", "Nighttime light radiance": 1.929999965, "Household Deprivation Score": 0.57639231, "Negative Coping Tendency": 7.2, "Unemployment rate": 14.3, "Population dependency ratio": 52.8, "Food insecurity level (IPC)": 0.17, "Poverty Level (Relative Vulnerability - AMAAN)": 0.0, "Poverty Level (Internal Vulnerability - AMAAN)": 0.0, "composite_score": 0.372208171 }, "geometry": { "type": "Point", "coordinates": [ 35.276310276506749, 33.365224746868435 ] } },
{ "type": "Feature", "properties": { "rand_point_id": 1279, "adm3_name1": "الخرائب صيدا", "adm3_pcode": "61419", "Nighttime light radiance": 3.062820509, "Household Deprivation Score": 0.57639231, "Negative Coping Tendency": 7.2, "Unemployment rate": 14.3, "Population dependency ratio": 52.8, "Food insecurity level (IPC)": 0.17, "Poverty Level (Relative Vulnerability - AMAAN)": 0.111948876, "Poverty Level (Internal Vulnerability - AMAAN)": 12.6136813, "composite_score": 0.375055452 }, "geometry": { "type": "Point", "coordinates": [ 35.308151264423323, 33.349227064071307 ] } },
{ "type": "Feature", "properties": { "rand_point_id": 1280, "adm3_name1": "مزرعة جمجيم", "adm3_pcode": "61421", "Nighttime light radiance": 1.860833347, "Household Deprivation Score": 0.57639231, "Negative Coping Tendency": 7.2, "Unemployment rate": 14.3, "Population dependency ratio": 52.8, "Food insecurity level (IPC)": 0.17, "Poverty Level (Relative Vulnerability - AMAAN)": 0.0, "Poverty Level (Internal Vulnerability - AMAAN)": 0.0, "composite_score": 0.37224491 }, "geometry": { "type": "Point", "coordinates": [ 35.275584338510711, 33.350399258817284 ] } },
{ "type": "Feature", "properties": { "rand_point_id": 1281, "adm3_name1": "حارتية", "adm3_pcode": "61423", "Nighttime light radiance": 1.38538461, "Household Deprivation Score": 0.57639231, "Negative Coping Tendency": 7.2, "Unemployment rate": 14.3, "Population dependency ratio": 52.8, "Food insecurity level (IPC)": 0.17, "Poverty Level (Relative Vulnerability - AMAAN)": 0.0, "Poverty Level (Internal Vulnerability - AMAAN)": 0.0, "composite_score": 0.372475344 }, "geometry": { "type": "Point", "coordinates": [ 35.278769636106894, 33.38764871533801 ] } },
{ "type": "Feature", "properties": { "rand_point_id": 1282, "adm3_name1": "المحيدلة", "adm3_pcode": "61424", "Nighttime light radiance": 0.855000001, "Household Deprivation Score": 0.57639231, "Negative Coping Tendency": 7.2, "Unemployment rate": 14.3, "Population dependency ratio": 52.8, "Food insecurity level (IPC)": 0.17, "Poverty Level (Relative Vulnerability - AMAAN)": 0.0, "Poverty Level (Internal Vulnerability - AMAAN)": 0.0, "composite_score": 0.372730943 }, "geometry": { "type": "Point", "coordinates": [ 35.28621978354284, 33.375611942613425 ] } },
{ "type": "Feature", "properties": { "rand_point_id": 1283, "adm3_name1": "مزرعة كوثرية الرز", "adm3_pcode": "61426", "Nighttime light radiance": 1.171363638, "Household Deprivation Score": 0.57639231, "Negative Coping Tendency": 7.2, "Unemployment rate": 14.3, "Population dependency ratio": 52.8, "Food insecurity level (IPC)": 0.17, "Poverty Level (Relative Vulnerability - AMAAN)": 0.027197611, "Poverty Level (Internal Vulnerability - AMAAN)": 9.942270686000001, "composite_score": 0.373435411 }, "geometry": { "type": "Point", "coordinates": [ 35.297795877875352, 33.378564954312431 ] } },
{ "type": "Feature", "properties": { "rand_point_id": 1284, "adm3_name1": "زرارية", "adm3_pcode": "61427", "Nighttime light radiance": 2.271057681, "Household Deprivation Score": 0.57639231, "Negative Coping Tendency": 7.2, "Unemployment rate": 14.3, "Population dependency ratio": 52.8, "Food insecurity level (IPC)": 0.17, "Poverty Level (Relative Vulnerability - AMAAN)": 0.097209525, "Poverty Level (Internal Vulnerability - AMAAN)": 9.353368226000001, "composite_score": 0.374991406 }, "geometry": { "type": "Point", "coordinates": [ 35.358123305393455, 33.34718465903304 ] } },
{ "type": "Feature", "properties": { "rand_point_id": 1285, "adm3_name1": "ساري", "adm3_pcode": "61429", "Nighttime light radiance": 2.345000029, "Household Deprivation Score": 0.57639231, "Negative Coping Tendency": 7.2, "Unemployment rate": 14.3, "Population dependency ratio": 52.8, "Food insecurity level (IPC)": 0.17, "Poverty Level (Relative Vulnerability - AMAAN)": 0.0, "Poverty Level (Internal Vulnerability - AMAAN)": 0.0, "composite_score": 0.372022164 }, "geometry": { "type": "Point", "coordinates": [ 35.27291787481704, 33.389902571055011 ] } },
{ "type": "Feature", "properties": { "rand_point_id": 1286, "adm3_name1": "دير تقلا", "adm3_pcode": "61431", "Nighttime light radiance": 1.761250034, "Household Deprivation Score": 0.57639231, "Negative Coping Tendency": 7.2, "Unemployment rate": 14.3, "Population dependency ratio": 52.8, "Food insecurity level (IPC)": 0.17, "Poverty Level (Relative Vulnerability - AMAAN)": 0.0, "Poverty Level (Internal Vulnerability - AMAAN)": 0.0, "composite_score": 0.372304547 }, "geometry": { "type": "Point", "coordinates": [ 35.298708366764316, 33.401968956648666 ] } },
{ "type": "Feature", "properties": { "rand_point_id": 1287, "adm3_name1": "الاوساميات", "adm3_pcode": "61433", "Nighttime light radiance": 0.966428565, "Household Deprivation Score": 0.57639231, "Negative Coping Tendency": 7.2, "Unemployment rate": 14.3, "Population dependency ratio": 52.8, "Food insecurity level (IPC)": 0.17, "Poverty Level (Relative Vulnerability - AMAAN)": 0.0, "Poverty Level (Internal Vulnerability - AMAAN)": 0.0, "composite_score": 0.372688177 }, "geometry": { "type": "Point", "coordinates": [ 35.299734783171999, 33.385089723985814 ] } },
{ "type": "Feature", "properties": { "rand_point_id": 1288, "adm3_name1": "عدلون", "adm3_pcode": "61434", "Nighttime light radiance": 1.306199991, "Household Deprivation Score": 0.57639231, "Negative Coping Tendency": 7.2, "Unemployment rate": 14.3, "Population dependency ratio": 52.8, "Food insecurity level (IPC)": 0.17, "Poverty Level (Relative Vulnerability - AMAAN)": 0.252674578, "Poverty Level (Internal Vulnerability - AMAAN)": 21.15158637, "composite_score": 0.380144289 }, "geometry": { "type": "Point", "coordinates": [ 35.270634109360721, 33.395368400523573 ] } },
{ "type": "Feature", "properties": { "rand_point_id": 1289, "adm3_name1": "إنصارية", "adm3_pcode": "61436", "Nighttime light radiance": 3.000697696, "Household Deprivation Score": 0.57639231, "Negative Coping Tendency": 7.2, "Unemployment rate": 14.3, "Population dependency ratio": 52.8, "Food insecurity level (IPC)": 0.17, "Poverty Level (Relative Vulnerability - AMAAN)": 0.114931839, "Poverty Level (Internal Vulnerability - AMAAN)": 15.04709396, "composite_score": 0.37520501 }, "geometry": { "type": "Point", "coordinates": [ 35.293737902821654, 33.408355637199335 ] } },
{ "type": "Feature", "properties": { "rand_point_id": 1290, "adm3_name1": "مزرعة سيناي", "adm3_pcode": "61437", "Nighttime light radiance": 2.091304351, "Household Deprivation Score": 0.57639231, "Negative Coping Tendency": 7.2, "Unemployment rate": 14.3, "Population dependency ratio": 52.8, "Food insecurity level (IPC)": 0.17, "Poverty Level (Relative Vulnerability - AMAAN)": 0.01473935, "Poverty Level (Internal Vulnerability - AMAAN)": 9.343715239, "composite_score": 0.372633554 }, "geometry": { "type": "Point", "coordinates": [ 35.362246086581074, 33.389980165684833 ] } },
{ "type": "Feature", "properties": { "rand_point_id": 1291, "adm3_name1": "لوبية", "adm3_pcode": "61439", "Nighttime light radiance": 3.825714265, "Household Deprivation Score": 0.57639231, "Negative Coping Tendency": 7.2, "Unemployment rate": 14.3, "Population dependency ratio": 52.8, "Food insecurity level (IPC)": 0.17, "Poverty Level (Relative Vulnerability - AMAAN)": 0.058080059, "Poverty Level (Internal Vulnerability - AMAAN)": 25.3058104, "composite_score": 0.373165144 }, "geometry": { "type": "Point", "coordinates": [ 35.304391684382622, 33.417434356954182 ] } },
{ "type": "Feature", "properties": { "rand_point_id": 1292, "adm3_name1": "الداودية", "adm3_pcode": "61441", "Nighttime light radiance": 3.382142859, "Household Deprivation Score": 0.57639231, "Negative Coping Tendency": 7.2, "Unemployment rate": 14.3, "Population dependency ratio": 52.8, "Food insecurity level (IPC)": 0.17, "Poverty Level (Relative Vulnerability - AMAAN)": 0.0, "Poverty Level (Internal Vulnerability - AMAAN)": 0.0, "composite_score": 0.371538917 }, "geometry": { "type": "Point", "coordinates": [ 35.297801770637705, 33.420641291036603 ] } },
{ "type": "Feature", "properties": { "rand_point_id": 1293, "adm3_name1": "خربة الدوير صيدا", "adm3_pcode": "61443", "Nighttime light radiance": 3.42749997, "Household Deprivation Score": 0.57639231, "Negative Coping Tendency": 7.2, "Unemployment rate": 14.3, "Population dependency ratio": 52.8, "Food insecurity level (IPC)": 0.17, "Poverty Level (Relative Vulnerability - AMAAN)": 0.002105621, "Poverty Level (Internal Vulnerability - AMAAN)": 4.347826087, "composite_score": 0.371601445 }, "geometry": { "type": "Point", "coordinates": [ 35.321763685286314, 33.427096738859476 ] } },
{ "type": "Feature", "properties": { "rand_point_id": 1294, "adm3_name1": "بابلية", "adm3_pcode": "61444", "Nighttime light radiance": 2.705915493, "Household Deprivation Score": 0.57639231, "Negative Coping Tendency": 7.2, "Unemployment rate": 14.3, "Population dependency ratio": 52.8, "Food insecurity level (IPC)": 0.17, "Poverty Level (Relative Vulnerability - AMAAN)": 0.110896065, "Poverty Level (Internal Vulnerability - AMAAN)": 13.03361518, "composite_score": 0.375226828 }, "geometry": { "type": "Point", "coordinates": [ 35.336591954884014, 33.406151077055199 ] } },
{ "type": "Feature", "properties": { "rand_point_id": 1295, "adm3_name1": "خرطوم", "adm3_pcode": "61446", "Nighttime light radiance": 1.795600007, "Household Deprivation Score": 0.57639231, "Negative Coping Tendency": 7.2, "Unemployment rate": 14.3, "Population dependency ratio": 52.8, "Food insecurity level (IPC)": 0.17, "Poverty Level (Relative Vulnerability - AMAAN)": 0.008422486, "Poverty Level (Internal Vulnerability - AMAAN)": 8.711433757, "composite_score": 0.372595174 }, "geometry": { "type": "Point", "coordinates": [ 35.378216381531907, 33.405982519075778 ] } },
{ "type": "Feature", "properties": { "rand_point_id": 1296, "adm3_name1": "غسانية", "adm3_pcode": "61447", "Nighttime light radiance": 4.490555611, "Household Deprivation Score": 0.57639231, "Negative Coping Tendency": 7.2, "Unemployment rate": 14.3, "Population dependency ratio": 52.8, "Food insecurity level (IPC)": 0.17, "Poverty Level (Relative Vulnerability - AMAAN)": 0.031408854, "Poverty Level (Internal Vulnerability - AMAAN)": 9.109414758, "composite_score": 0.371989936 }, "geometry": { "type": "Point", "coordinates": [ 35.351929676630782, 33.413376674203647 ] } },
{ "type": "Feature", "properties": { "rand_point_id": 1297, "adm3_name1": "صرفند", "adm3_pcode": "61449", "Nighttime light radiance": 6.129642876, "Household Deprivation Score": 0.57639231, "Negative Coping Tendency": 7.2, "Unemployment rate": 14.3, "Population dependency ratio": 52.8, "Food insecurity level (IPC)": 0.17, "Poverty Level (Relative Vulnerability - AMAAN)": 0.712752872, "Poverty Level (Internal Vulnerability - AMAAN)": 23.44453423, "composite_score": 0.391559344 }, "geometry": { "type": "Point", "coordinates": [ 35.306377999441409, 33.450116902374425 ] } },
{ "type": "Feature", "properties": { "rand_point_id": 1298, "adm3_name1": "قعقعية الصنوبر", "adm3_pcode": "61451", "Nighttime light radiance": 5.393478248, "Household Deprivation Score": 0.57639231, "Negative Coping Tendency": 7.2, "Unemployment rate": 14.3, "Population dependency ratio": 52.8, "Food insecurity level (IPC)": 0.17, "Poverty Level (Relative Vulnerability - AMAAN)": 0.036672907, "Poverty Level (Internal Vulnerability - AMAAN)": 12.98136646, "composite_score": 0.37173544 }, "geometry": { "type": "Point", "coordinates": [ 35.350452940307854, 33.426393532120969 ] } },
{ "type": "Feature", "properties": { "rand_point_id": 1299, "adm3_name1": "بيسارية", "adm3_pcode": "61453", "Nighttime light radiance": 5.300937545, "Household Deprivation Score": 0.57639231, "Negative Coping Tendency": 7.2, "Unemployment rate": 14.3, "Population dependency ratio": 52.8, "Food insecurity level (IPC)": 0.17, "Poverty Level (Relative Vulnerability - AMAAN)": 0.18880406, "Poverty Level (Internal Vulnerability - AMAAN)": 9.74196469, "composite_score": 0.37629825 }, "geometry": { "type": "Point", "coordinates": [ 35.33230045413368, 33.445109859980917 ] } },
{ "type": "Feature", "properties": { "rand_point_id": 1300, "adm3_name1": "كوثرية السياد", "adm3_pcode": "61454", "Nighttime light radiance": 3.612000012, "Household Deprivation Score": 0.57639231, "Negative Coping Tendency": 7.2, "Unemployment rate": 14.3, "Population dependency ratio": 52.8, "Food insecurity level (IPC)": 0.17, "Poverty Level (Relative Vulnerability - AMAAN)": 0.040708682, "Poverty Level (Internal Vulnerability - AMAAN)": 10.78066914, "composite_score": 0.372703991 }, "geometry": { "type": "Point", "coordinates": [ 35.400198400648051, 33.411157930278065 ] } },
{ "type": "Feature", "properties": { "rand_point_id": 1301, "adm3_name1": "تبنا", "adm3_pcode": "61456", "Nighttime light radiance": 3.84727271, "Household Deprivation Score": 0.57639231, "Negative Coping Tendency": 7.2, "Unemployment rate": 14.3, "Population dependency ratio": 52.8, "Food insecurity level (IPC)": 0.17, "Poverty Level (Relative Vulnerability - AMAAN)": 0.0, "Poverty Level (Internal Vulnerability - AMAAN)": 0.0, "composite_score": 0.371333611 }, "geometry": { "type": "Point", "coordinates": [ 35.34162620949202, 33.451077765937079 ] } },
{ "type": "Feature", "properties": { "rand_point_id": 1302, "adm3_name1": "مزرعة سنيبر", "adm3_pcode": "61457", "Nighttime light radiance": 3.735000014, "Household Deprivation Score": 0.57639231, "Negative Coping Tendency": 7.2, "Unemployment rate": 14.3, "Population dependency ratio": 52.8, "Food insecurity level (IPC)": 0.17, "Poverty Level (Relative Vulnerability - AMAAN)": 0.0, "Poverty Level (Internal Vulnerability - AMAAN)": 0.0, "composite_score": 0.371388653 }, "geometry": { "type": "Point", "coordinates": [ 35.331998948198361, 33.460028827478645 ] } },
{ "type": "Feature", "properties": { "rand_point_id": 1303, "adm3_name1": "تفاحتا", "adm3_pcode": "61459", "Nighttime light radiance": 3.661621603, "Household Deprivation Score": 0.57639231, "Negative Coping Tendency": 7.2, "Unemployment rate": 14.3, "Population dependency ratio": 52.8, "Food insecurity level (IPC)": 0.17, "Poverty Level (Relative Vulnerability - AMAAN)": 0.116160118, "Poverty Level (Internal Vulnerability - AMAAN)": 22.85911602, "composite_score": 0.37498637 }, "geometry": { "type": "Point", "coordinates": [ 35.357255801711275, 33.450213442473292 ] } },
{ "type": "Feature", "properties": { "rand_point_id": 1304, "adm3_name1": "سكسكية", "adm3_pcode": "61461", "Nighttime light radiance": 4.818000023, "Household Deprivation Score": 0.57639231, "Negative Coping Tendency": 7.2, "Unemployment rate": 14.3, "Population dependency ratio": 52.8, "Food insecurity level (IPC)": 0.17, "Poverty Level (Relative Vulnerability - AMAAN)": 0.360236742, "Poverty Level (Internal Vulnerability - AMAAN)": 36.99765724, "composite_score": 0.381764943 }, "geometry": { "type": "Point", "coordinates": [ 35.291233808427521, 33.434063607398748 ] } },
{ "type": "Feature", "properties": { "rand_point_id": 1305, "adm3_name1": "مروانية", "adm3_pcode": "61463", "Nighttime light radiance": 2.827846144, "Household Deprivation Score": 0.57639231, "Negative Coping Tendency": 7.2, "Unemployment rate": 14.3, "Population dependency ratio": 52.8, "Food insecurity level (IPC)": 0.17, "Poverty Level (Relative Vulnerability - AMAAN)": 0.090541724, "Poverty Level (Internal Vulnerability - AMAAN)": 14.6883006, "composite_score": 0.374592066 }, "geometry": { "type": "Point", "coordinates": [ 35.370438061411477, 33.462792097269435 ] } },
{ "type": "Feature", "properties": { "rand_point_id": 1306, "adm3_name1": "نجارية", "adm3_pcode": "61464", "Nighttime light radiance": 3.933333317, "Household Deprivation Score": 0.57639231, "Negative Coping Tendency": 7.2, "Unemployment rate": 14.3, "Population dependency ratio": 52.8, "Food insecurity level (IPC)": 0.17, "Poverty Level (Relative Vulnerability - AMAAN)": 0.057378185, "Poverty Level (Internal Vulnerability - AMAAN)": 16.74347158, "composite_score": 0.373084472 }, "geometry": { "type": "Point", "coordinates": [ 35.343238708658106, 33.487659575018554 ] } },
{ "type": "Feature", "properties": { "rand_point_id": 1307, "adm3_name1": "عدّوسية", "adm3_pcode": "61466", "Nighttime light radiance": 2.681200004, "Household Deprivation Score": 0.57639231, "Negative Coping Tendency": 7.2, "Unemployment rate": 14.3, "Population dependency ratio": 52.8, "Food insecurity level (IPC)": 0.17, "Poverty Level (Relative Vulnerability - AMAAN)": 0.001579216, "Poverty Level (Internal Vulnerability - AMAAN)": 0.607697502, "composite_score": 0.371954529 }, "geometry": { "type": "Point", "coordinates": [ 35.347788111581657, 33.46834864214032 ] } },
{ "type": "Feature", "properties": { "rand_point_id": 1308, "adm3_name1": "خربة البصل", "adm3_pcode": "61467", "Nighttime light radiance": 2.911428554, "Household Deprivation Score": 0.57639231, "Negative Coping Tendency": 7.2, "Unemployment rate": 14.3, "Population dependency ratio": 52.8, "Food insecurity level (IPC)": 0.17, "Poverty Level (Relative Vulnerability - AMAAN)": 0.000701874, "Poverty Level (Internal Vulnerability - AMAAN)": 0.607902736, "composite_score": 0.371819155 }, "geometry": { "type": "Point", "coordinates": [ 35.370113326767971, 33.467978348397736 ] } },
{ "type": "Feature", "properties": { "rand_point_id": 1309, "adm3_name1": "المصيلح", "adm3_pcode": "61469", "Nighttime light radiance": 2.733750001, "Household Deprivation Score": 0.57639231, "Negative Coping Tendency": 7.2, "Unemployment rate": 14.3, "Population dependency ratio": 52.8, "Food insecurity level (IPC)": 0.17, "Poverty Level (Relative Vulnerability - AMAAN)": 0.150551936, "Poverty Level (Internal Vulnerability - AMAAN)": 132.8173375, "composite_score": 0.376953221 }, "geometry": { "type": "Point", "coordinates": [ 35.35006196861589, 33.478956953858962 ] } },
{ "type": "Feature", "properties": { "rand_point_id": 1310, "adm3_name1": "حجة", "adm3_pcode": "61471", "Nighttime light radiance": 2.248750016, "Household Deprivation Score": 0.57639231, "Negative Coping Tendency": 7.2, "Unemployment rate": 14.3, "Population dependency ratio": 52.8, "Food insecurity level (IPC)": 0.17, "Poverty Level (Relative Vulnerability - AMAAN)": 0.003158432, "Poverty Level (Internal Vulnerability - AMAAN)": 2.567760342, "composite_score": 0.372223585 }, "geometry": { "type": "Point", "coordinates": [ 35.389515034574067, 33.47127761713606 ] } },
{ "type": "Feature", "properties": { "rand_point_id": 1311, "adm3_name1": "مزرعة الحسينية", "adm3_pcode": "61473", "Nighttime light radiance": 6.063333352, "Household Deprivation Score": 0.57639231, "Negative Coping Tendency": 7.2, "Unemployment rate": 14.3, "Population dependency ratio": 52.8, "Food insecurity level (IPC)": 0.17, "Poverty Level (Relative Vulnerability - AMAAN)": 0.0, "Poverty Level (Internal Vulnerability - AMAAN)": 0.0, "composite_score": 0.370290804 }, "geometry": { "type": "Point", "coordinates": [ 35.34851858126239, 33.49915118328034 ] } },
{ "type": "Feature", "properties": { "rand_point_id": 1312, "adm3_name1": "خزيز", "adm3_pcode": "61474", "Nighttime light radiance": 1.456666655, "Household Deprivation Score": 0.57639231, "Negative Coping Tendency": 7.2, "Unemployment rate": 14.3, "Population dependency ratio": 52.8, "Food insecurity level (IPC)": 0.17, "Poverty Level (Relative Vulnerability - AMAAN)": 0.0, "Poverty Level (Internal Vulnerability - AMAAN)": 0.0, "composite_score": 0.372501689 }, "geometry": { "type": "Point", "coordinates": [ 35.402701341011102, 33.472531749312814 ] } },
{ "type": "Feature", "properties": { "rand_point_id": 1313, "adm3_name1": "معمارية", "adm3_pcode": "61476", "Nighttime light radiance": 2.78933332, "Household Deprivation Score": 0.57639231, "Negative Coping Tendency": 7.2, "Unemployment rate": 14.3, "Population dependency ratio": 52.8, "Food insecurity level (IPC)": 0.17, "Poverty Level (Relative Vulnerability - AMAAN)": 0.0, "Poverty Level (Internal Vulnerability - AMAAN)": 0.0, "composite_score": 0.371864818 }, "geometry": { "type": "Point", "coordinates": [ 35.369191087976162, 33.487763329831083 ] } },
{ "type": "Feature", "properties": { "rand_point_id": 1314, "adm3_name1": "عقتنيت", "adm3_pcode": "61477", "Nighttime light radiance": 5.071304363, "Household Deprivation Score": 0.57639231, "Negative Coping Tendency": 7.2, "Unemployment rate": 14.3, "Population dependency ratio": 52.8, "Food insecurity level (IPC)": 0.17, "Poverty Level (Relative Vulnerability - AMAAN)": 0.003860306, "Poverty Level (Internal Vulnerability - AMAAN)": 2.171767029, "composite_score": 0.370895953 }, "geometry": { "type": "Point", "coordinates": [ 35.384762523623024, 33.495732695813075 ] } },
{ "type": "Feature", "properties": { "rand_point_id": 1315, "adm3_name1": "اركي", "adm3_pcode": "61479", "Nighttime light radiance": 1.471428599, "Household Deprivation Score": 0.57639231, "Negative Coping Tendency": 7.2, "Unemployment rate": 14.3, "Population dependency ratio": 52.8, "Food insecurity level (IPC)": 0.17, "Poverty Level (Relative Vulnerability - AMAAN)": 0.011580918, "Poverty Level (Internal Vulnerability - AMAAN)": 8.650065531, "composite_score": 0.372883626 }, "geometry": { "type": "Point", "coordinates": [ 35.410224681293599, 33.458475241902555 ] } },
{ "type": "Feature", "properties": { "rand_point_id": 1316, "adm3_name1": "بنعفول", "adm3_pcode": "61481", "Nighttime light radiance": 2.640799985, "Household Deprivation Score": 0.57639231, "Negative Coping Tendency": 7.2, "Unemployment rate": 14.3, "Population dependency ratio": 52.8, "Food insecurity level (IPC)": 0.17, "Poverty Level (Relative Vulnerability - AMAAN)": 0.028074953, "Poverty Level (Internal Vulnerability - AMAAN)": 8.273009307000001, "composite_score": 0.372814598 }, "geometry": { "type": "Point", "coordinates": [ 35.421554873055179, 33.486392722155252 ] } },
{ "type": "Feature", "properties": { "rand_point_id": 1317, "adm3_name1": "مزرعة عرب طبَايا", "adm3_pcode": "61483", "Nighttime light radiance": 2.869999965, "Household Deprivation Score": 0.57639231, "Negative Coping Tendency": 7.2, "Unemployment rate": 14.3, "Population dependency ratio": 52.8, "Food insecurity level (IPC)": 0.17, "Poverty Level (Relative Vulnerability - AMAAN)": 0.073696752, "Poverty Level (Internal Vulnerability - AMAAN)": 58.01104972, "composite_score": 0.374285333 }, "geometry": { "type": "Point", "coordinates": [ 35.443132169648564, 33.483913747747685 ] } },
{ "type": "Feature", "properties": { "rand_point_id": 1318, "adm3_name1": "مزرعة مطيرية جباع", "adm3_pcode": "61484", "Nighttime light radiance": 3.990000057, "Household Deprivation Score": 0.57639231, "Negative Coping Tendency": 7.2, "Unemployment rate": 14.3, "Population dependency ratio": 52.8, "Food insecurity level (IPC)": 0.17, "Poverty Level (Relative Vulnerability - AMAAN)": 0.0, "Poverty Level (Internal Vulnerability - AMAAN)": 0.0, "composite_score": 0.371298385 }, "geometry": { "type": "Point", "coordinates": [ 35.403653682654145, 33.513905787916293 ] } },
{ "type": "Feature", "properties": { "rand_point_id": 1319, "adm3_name1": "مزرعة عرب سكر", "adm3_pcode": "61486", "Nighttime light radiance": 4.644999981, "Household Deprivation Score": 0.57639231, "Negative Coping Tendency": 7.2, "Unemployment rate": 14.3, "Population dependency ratio": 52.8, "Food insecurity level (IPC)": 0.17, "Poverty Level (Relative Vulnerability - AMAAN)": 0.011756387, "Poverty Level (Internal Vulnerability - AMAAN)": 35.44973545, "composite_score": 0.371493269 }, "geometry": { "type": "Point", "coordinates": [ 35.447491661959631, 33.484775204753987 ] } },
{ "type": "Feature", "properties": { "rand_point_id": 1320, "adm3_name1": "مزرعة عرب الجل", "adm3_pcode": "61487", "Nighttime light radiance": 3.079999983, "Household Deprivation Score": 0.57639231, "Negative Coping Tendency": 7.2, "Unemployment rate": 14.3, "Population dependency ratio": 52.8, "Food insecurity level (IPC)": 0.17, "Poverty Level (Relative Vulnerability - AMAAN)": 0.016844972, "Poverty Level (Internal Vulnerability - AMAAN)": 22.64150943, "composite_score": 0.3723401 }, "geometry": { "type": "Point", "coordinates": [ 35.456834803970153, 33.478767505676281 ] } },
{ "type": "Feature", "properties": { "rand_point_id": 1321, "adm3_name1": "برتي", "adm3_pcode": "61488", "Nighttime light radiance": 1.86095236, "Household Deprivation Score": 0.57639231, "Negative Coping Tendency": 7.2, "Unemployment rate": 14.3, "Population dependency ratio": 52.8, "Food insecurity level (IPC)": 0.17, "Poverty Level (Relative Vulnerability - AMAAN)": 0.001403748, "Poverty Level (Internal Vulnerability - AMAAN)": 1.523809524, "composite_score": 0.372372916 }, "geometry": { "type": "Point", "coordinates": [ 35.497337525757096, 33.519197443277136 ] } },
{ "type": "Feature", "properties": { "rand_point_id": 1322, "adm3_name1": "عنقون", "adm3_pcode": "61489", "Nighttime light radiance": 2.853272718, "Household Deprivation Score": 0.57639231, "Negative Coping Tendency": 7.2, "Unemployment rate": 14.3, "Population dependency ratio": 52.8, "Food insecurity level (IPC)": 0.17, "Poverty Level (Relative Vulnerability - AMAAN)": 0.085804075, "Poverty Level (Internal Vulnerability - AMAAN)": 7.716585135, "composite_score": 0.37443885 }, "geometry": { "type": "Point", "coordinates": [ 35.436336464922775, 33.512554370486491 ] } },
{ "type": "Feature", "properties": { "rand_point_id": 1323, "adm3_name1": "كفربيت", "adm3_pcode": "61491", "Nighttime light radiance": 2.4399999979999998, "Household Deprivation Score": 0.57639231, "Negative Coping Tendency": 7.2, "Unemployment rate": 14.3, "Population dependency ratio": 52.8, "Food insecurity level (IPC)": 0.17, "Poverty Level (Relative Vulnerability - AMAAN)": 0.001403748, "Poverty Level (Internal Vulnerability - AMAAN)": 3.636363636, "composite_score": 0.372108055 }, "geometry": { "type": "Point", "coordinates": [ 35.461128305151419, 33.500099080990509 ] } },
{ "type": "Feature", "properties": { "rand_point_id": 1324, "adm3_name1": "كفرحتى", "adm3_pcode": "61493", "Nighttime light radiance": 3.20523811, "Household Deprivation Score": 0.57639231, "Negative Coping Tendency": 7.2, "Unemployment rate": 14.3, "Population dependency ratio": 52.8, "Food insecurity level (IPC)": 0.17, "Poverty Level (Relative Vulnerability - AMAAN)": 0.029303232, "Poverty Level (Internal Vulnerability - AMAAN)": 5.263157895, "composite_score": 0.372581377 }, "geometry": { "type": "Point", "coordinates": [ 35.460733937672025, 33.512423314958077 ] } },
{ "type": "Feature", "properties": { "rand_point_id": 1325, "adm3_name1": "كفر شلال", "adm3_pcode": "61494", "Nighttime light radiance": 1.563333352, "Household Deprivation Score": 0.57639231, "Negative Coping Tendency": 7.2, "Unemployment rate": 14.3, "Population dependency ratio": 52.8, "Food insecurity level (IPC)": 0.17, "Poverty Level (Relative Vulnerability - AMAAN)": 0.0, "Poverty Level (Internal Vulnerability - AMAAN)": 0.0, "composite_score": 0.372474264 }, "geometry": { "type": "Point", "coordinates": [ 35.467200292541257, 33.49063279408189 ] } },
{ "type": "Feature", "properties": { "rand_point_id": 1326, "adm3_name1": "كفرملكي صيدا", "adm3_pcode": "61496", "Nighttime light radiance": 2.087428573, "Household Deprivation Score": 0.57639231, "Negative Coping Tendency": 7.2, "Unemployment rate": 14.3, "Population dependency ratio": 52.8, "Food insecurity level (IPC)": 0.17, "Poverty Level (Relative Vulnerability - AMAAN)": 0.0, "Poverty Level (Internal Vulnerability - AMAAN)": 0.0, "composite_score": 0.372225243 }, "geometry": { "type": "Point", "coordinates": [ 35.486815735755322, 33.505362633648453 ] } },
{ "type": "Feature", "properties": { "rand_point_id": 1327, "adm3_name1": "سفنتا", "adm3_pcode": "61497", "Nighttime light radiance": 1.431999993, "Household Deprivation Score": 0.57639231, "Negative Coping Tendency": 7.2, "Unemployment rate": 14.3, "Population dependency ratio": 52.8, "Food insecurity level (IPC)": 0.17, "Poverty Level (Relative Vulnerability - AMAAN)": 0.0, "Poverty Level (Internal Vulnerability - AMAAN)": 0.0, "composite_score": 0.372540822 }, "geometry": { "type": "Point", "coordinates": [ 35.49348508742348, 33.50899465153929 ] } },
{ "type": "Feature", "properties": { "rand_point_id": 1328, "adm3_name1": "صور", "adm3_pcode": "62111", "Nighttime light radiance": 15.88783771, "Household Deprivation Score": 0.745015844, "Negative Coping Tendency": 13.1125, "Unemployment rate": 11.6, "Population dependency ratio": 55.3, "Food insecurity level (IPC)": 0.13, "Poverty Level (Relative Vulnerability - AMAAN)": 0.528510992, "Poverty Level (Internal Vulnerability - AMAAN)": 4.534778681, "composite_score": 0.459371618 }, "geometry": { "type": "Point", "coordinates": [ 35.216209992319804, 33.238808851698678 ] } },
{ "type": "Feature", "properties": { "rand_point_id": 1329, "adm3_name1": "برج الشمالي", "adm3_pcode": "62128", "Nighttime light radiance": 13.89327576, "Household Deprivation Score": 0.745015844, "Negative Coping Tendency": 13.1125, "Unemployment rate": 11.6, "Population dependency ratio": 55.3, "Food insecurity level (IPC)": 0.13, "Poverty Level (Relative Vulnerability - AMAAN)": 0.457972673, "Poverty Level (Internal Vulnerability - AMAAN)": 7.366638442, "composite_score": 0.458260466 }, "geometry": { "type": "Point", "coordinates": [ 35.248203588190087, 33.279716019862022 ] } },
{ "type": "Feature", "properties": { "rand_point_id": 1330, "adm3_name1": "باتوليه", "adm3_pcode": "62162", "Nighttime light radiance": 6.224000025, "Household Deprivation Score": 0.745015844, "Negative Coping Tendency": 13.1125, "Unemployment rate": 11.6, "Population dependency ratio": 55.3, "Food insecurity level (IPC)": 0.13, "Poverty Level (Relative Vulnerability - AMAAN)": 0.03298807, "Poverty Level (Internal Vulnerability - AMAAN)": 5.816831683, "composite_score": 0.449316994 }, "geometry": { "type": "Point", "coordinates": [ 35.23669710204436, 33.22789685372743 ] } },
{ "type": "Feature", "properties": { "rand_point_id": 1331, "adm3_name1": "دير قانون", "adm3_pcode": "62179", "Nighttime light radiance": 2.343181835, "Household Deprivation Score": 0.745015844, "Negative Coping Tendency": 13.1125, "Unemployment rate": 11.6, "Population dependency ratio": 55.3, "Food insecurity level (IPC)": 0.13, "Poverty Level (Relative Vulnerability - AMAAN)": 0.087207823, "Poverty Level (Internal Vulnerability - AMAAN)": 10.94472583, "composite_score": 0.452835978 }, "geometry": { "type": "Point", "coordinates": [ 35.217770958352823, 33.223820950387882 ] } },
{ "type": "Feature", "properties": { "rand_point_id": 1332, "adm3_name1": "جويا", "adm3_pcode": "62211", "Nighttime light radiance": 5.533818204, "Household Deprivation Score": 0.745015844, "Negative Coping Tendency": 13.1125, "Unemployment rate": 11.6, "Population dependency ratio": 55.3, "Food insecurity level (IPC)": 0.13, "Poverty Level (Relative Vulnerability - AMAAN)": 0.201086852, "Poverty Level (Internal Vulnerability - AMAAN)": 16.31316726, "composite_score": 0.454758448 }, "geometry": { "type": "Point", "coordinates": [ 35.343320621124924, 33.233931237681944 ] } },
{ "type": "Feature", "properties": { "rand_point_id": 1333, "adm3_name1": "دبعل", "adm3_pcode": "62212", "Nighttime light radiance": 2.889473689, "Household Deprivation Score": 0.745015844, "Negative Coping Tendency": 13.1125, "Unemployment rate": 11.6, "Population dependency ratio": 55.3, "Food insecurity level (IPC)": 0.13, "Poverty Level (Relative Vulnerability - AMAAN)": 0.062115834, "Poverty Level (Internal Vulnerability - AMAAN)": 24.87702038, "composite_score": 0.451927432 }, "geometry": { "type": "Point", "coordinates": [ 35.35885620545961, 33.253329262065492 ] } },
{ "type": "Feature", "properties": { "rand_point_id": 1334, "adm3_name1": "المجادل", "adm3_pcode": "62214", "Nighttime light radiance": 7.127999942, "Household Deprivation Score": 0.745015844, "Negative Coping Tendency": 13.1125, "Unemployment rate": 11.6, "Population dependency ratio": 55.3, "Food insecurity level (IPC)": 0.13, "Poverty Level (Relative Vulnerability - AMAAN)": 0.0, "Poverty Level (Internal Vulnerability - AMAAN)": 0.0, "composite_score": 0.447937035 }, "geometry": { "type": "Point", "coordinates": [ 35.358152585269245, 33.233621872983647 ] } },
{ "type": "Feature", "properties": { "rand_point_id": 1335, "adm3_name1": "مزرعة المشرف", "adm3_pcode": "62215", "Nighttime light radiance": 2.397101439, "Household Deprivation Score": 0.745015844, "Negative Coping Tendency": 13.1125, "Unemployment rate": 11.6, "Population dependency ratio": 55.3, "Food insecurity level (IPC)": 0.13, "Poverty Level (Relative Vulnerability - AMAAN)": 0.017546846, "Poverty Level (Internal Vulnerability - AMAAN)": 6.1462815, "composite_score": 0.450757195 }, "geometry": { "type": "Point", "coordinates": [ 35.345660796537459, 33.201942319940187 ] } },
{ "type": "Feature", "properties": { "rand_point_id": 1336, "adm3_name1": "عيتيت", "adm3_pcode": "62217", "Nighttime light radiance": 4.050476216, "Household Deprivation Score": 0.745015844, "Negative Coping Tendency": 13.1125, "Unemployment rate": 11.6, "Population dependency ratio": 55.3, "Food insecurity level (IPC)": 0.13, "Poverty Level (Relative Vulnerability - AMAAN)": 0.017371377, "Poverty Level (Internal Vulnerability - AMAAN)": 2.813299233, "composite_score": 0.44994654 }, "geometry": { "type": "Point", "coordinates": [ 35.308932431082695, 33.222112591668505 ] } },
{ "type": "Feature", "properties": { "rand_point_id": 1337, "adm3_name1": "وادي جيلو", "adm3_pcode": "62218", "Nighttime light radiance": 5.20043482, "Household Deprivation Score": 0.745015844, "Negative Coping Tendency": 13.1125, "Unemployment rate": 11.6, "Population dependency ratio": 55.3, "Food insecurity level (IPC)": 0.13, "Poverty Level (Relative Vulnerability - AMAAN)": 0.018424188, "Poverty Level (Internal Vulnerability - AMAAN)": 7.118644068, "composite_score": 0.449446492 }, "geometry": { "type": "Point", "coordinates": [ 35.289683106624068, 33.249069148521677 ] } },
{ "type": "Feature", "properties": { "rand_point_id": 1338, "adm3_name1": "يانوح صور", "adm3_pcode": "62219", "Nighttime light radiance": 3.764999986, "Household Deprivation Score": 0.745015844, "Negative Coping Tendency": 13.1125, "Unemployment rate": 11.6, "Population dependency ratio": 55.3, "Food insecurity level (IPC)": 0.13, "Poverty Level (Relative Vulnerability - AMAAN)": 0.0, "Poverty Level (Internal Vulnerability - AMAAN)": 0.0, "composite_score": 0.449556114 }, "geometry": { "type": "Point", "coordinates": [ 35.31086364700684, 33.253265021028113 ] } },
{ "type": "Feature", "properties": { "rand_point_id": 1339, "adm3_name1": "بافليه", "adm3_pcode": "62221", "Nighttime light radiance": 2.356842129, "Household Deprivation Score": 0.745015844, "Negative Coping Tendency": 13.1125, "Unemployment rate": 11.6, "Population dependency ratio": 55.3, "Food insecurity level (IPC)": 0.13, "Poverty Level (Relative Vulnerability - AMAAN)": 0.030356043, "Poverty Level (Internal Vulnerability - AMAAN)": 16.71497585, "composite_score": 0.451211765 }, "geometry": { "type": "Point", "coordinates": [ 35.376783095356664, 33.26442368978109 ] } },
{ "type": "Feature", "properties": { "rand_point_id": 1340, "adm3_name1": "ديرعامص", "adm3_pcode": "62223", "Nighttime light radiance": 3.085454583, "Household Deprivation Score": 0.745015844, "Negative Coping Tendency": 13.1125, "Unemployment rate": 11.6, "Population dependency ratio": 55.3, "Food insecurity level (IPC)": 0.13, "Poverty Level (Relative Vulnerability - AMAAN)": 0.011756387, "Poverty Level (Internal Vulnerability - AMAAN)": 5.746140652, "composite_score": 0.450262303 }, "geometry": { "type": "Point", "coordinates": [ 35.343696599518452, 33.191511169807526 ] } },
{ "type": "Feature", "properties": { "rand_point_id": 1341, "adm3_name1": "باريش", "adm3_pcode": "62224", "Nighttime light radiance": 4.524761898, "Household Deprivation Score": 0.745015844, "Negative Coping Tendency": 13.1125, "Unemployment rate": 11.6, "Population dependency ratio": 55.3, "Food insecurity level (IPC)": 0.13, "Poverty Level (Relative Vulnerability - AMAAN)": 0.025091989, "Poverty Level (Internal Vulnerability - AMAAN)": 9.25566343, "composite_score": 0.44998572 }, "geometry": { "type": "Point", "coordinates": [ 35.352270588317516, 33.262370973368526 ] } },
{ "type": "Feature", "properties": { "rand_point_id": 1342, "adm3_name1": "البياض صور", "adm3_pcode": "62226", "Nighttime light radiance": 3.237272707, "Household Deprivation Score": 0.745015844, "Negative Coping Tendency": 13.1125, "Unemployment rate": 11.6, "Population dependency ratio": 55.3, "Food insecurity level (IPC)": 0.13, "Poverty Level (Relative Vulnerability - AMAAN)": 0.0, "Poverty Level (Internal Vulnerability - AMAAN)": 0.0, "composite_score": 0.44981756 }, "geometry": { "type": "Point", "coordinates": [ 35.327865530466063, 33.202535898242246 ] } },
{ "type": "Feature", "properties": { "rand_point_id": 1343, "adm3_name1": "سلعا", "adm3_pcode": "62227", "Nighttime light radiance": 3.082307687, "Household Deprivation Score": 0.745015844, "Negative Coping Tendency": 13.1125, "Unemployment rate": 11.6, "Population dependency ratio": 55.3, "Food insecurity level (IPC)": 0.13, "Poverty Level (Relative Vulnerability - AMAAN)": 0.020880746, "Poverty Level (Internal Vulnerability - AMAAN)": 7.203389831, "composite_score": 0.450546715 }, "geometry": { "type": "Point", "coordinates": [ 35.384286675954975, 33.251578728631017 ] } },
{ "type": "Feature", "properties": { "rand_point_id": 1344, "adm3_name1": "قانا", "adm3_pcode": "62229", "Nighttime light radiance": 5.398205127, "Household Deprivation Score": 0.745015844, "Negative Coping Tendency": 13.1125, "Unemployment rate": 11.6, "Population dependency ratio": 55.3, "Food insecurity level (IPC)": 0.13, "Poverty Level (Relative Vulnerability - AMAAN)": 0.07281941, "Poverty Level (Internal Vulnerability - AMAAN)": 7.427957759, "composite_score": 0.450985901 }, "geometry": { "type": "Point", "coordinates": [ 35.288681537296789, 33.215082437153256 ] } },
{ "type": "Feature", "properties": { "rand_point_id": 1345, "adm3_name1": "معركة", "adm3_pcode": "62231", "Nighttime light radiance": 5.505862076, "Household Deprivation Score": 0.745015844, "Negative Coping Tendency": 13.1125, "Unemployment rate": 11.6, "Population dependency ratio": 55.3, "Food insecurity level (IPC)": 0.13, "Poverty Level (Relative Vulnerability - AMAAN)": 0.187400312, "Poverty Level (Internal Vulnerability - AMAAN)": 12.58691809, "composite_score": 0.454371562 }, "geometry": { "type": "Point", "coordinates": [ 35.326588104883065, 33.268164520455834 ] } },
{ "type": "Feature", "properties": { "rand_point_id": 1346, "adm3_name1": "نفاخية", "adm3_pcode": "62233", "Nighttime light radiance": 2.035714303, "Household Deprivation Score": 0.745015844, "Negative Coping Tendency": 13.1125, "Unemployment rate": 11.6, "Population dependency ratio": 55.3, "Food insecurity level (IPC)": 0.13, "Poverty Level (Relative Vulnerability - AMAAN)": 0.008071549, "Poverty Level (Internal Vulnerability - AMAAN)": 28.2208589, "composite_score": 0.450767257 }, "geometry": { "type": "Point", "coordinates": [ 35.38505614958359, 33.265123154168663 ] } },
{ "type": "Feature", "properties": { "rand_point_id": 1347, "adm3_name1": "معروب", "adm3_pcode": "62234", "Nighttime light radiance": 4.924333286, "Household Deprivation Score": 0.745015844, "Negative Coping Tendency": 13.1125, "Unemployment rate": 11.6, "Population dependency ratio": 55.3, "Food insecurity level (IPC)": 0.13, "Poverty Level (Relative Vulnerability - AMAAN)": 0.055448032, "Poverty Level (Internal Vulnerability - AMAAN)": 13.45826235, "composite_score": 0.450728472 }, "geometry": { "type": "Point", "coordinates": [ 35.335111544433474, 33.275538617173794 ] } },
{ "type": "Feature", "properties": { "rand_point_id": 1348, "adm3_name1": "رشكنانيه", "adm3_pcode": "62236", "Nighttime light radiance": 2.150000001, "Household Deprivation Score": 0.745015844, "Negative Coping Tendency": 13.1125, "Unemployment rate": 11.6, "Population dependency ratio": 55.3, "Food insecurity level (IPC)": 0.13, "Poverty Level (Relative Vulnerability - AMAAN)": 0.015441224, "Poverty Level (Internal Vulnerability - AMAAN)": 12.60744986, "composite_score": 0.450866489 }, "geometry": { "type": "Point", "coordinates": [ 35.333478438631488, 33.196398775882308 ] } },
{ "type": "Feature", "properties": { "rand_point_id": 1349, "adm3_name1": "جناتا", "adm3_pcode": "62237", "Nighttime light radiance": 6.428823555, "Household Deprivation Score": 0.745015844, "Negative Coping Tendency": 13.1125, "Unemployment rate": 11.6, "Population dependency ratio": 55.3, "Food insecurity level (IPC)": 0.13, "Poverty Level (Relative Vulnerability - AMAAN)": 0.004913117, "Poverty Level (Internal Vulnerability - AMAAN)": 3.149606299, "composite_score": 0.448459936 }, "geometry": { "type": "Point", "coordinates": [ 35.32944961240328, 33.287363195038374 ] } },
{ "type": "Feature", "properties": { "rand_point_id": 1350, "adm3_name1": "دردغايا", "adm3_pcode": "62239", "Nighttime light radiance": 3.875238067, "Household Deprivation Score": 0.745015844, "Negative Coping Tendency": 13.1125, "Unemployment rate": 11.6, "Population dependency ratio": 55.3, "Food insecurity level (IPC)": 0.13, "Poverty Level (Relative Vulnerability - AMAAN)": 0.007194207, "Poverty Level (Internal Vulnerability - AMAAN)": 6.174698795, "composite_score": 0.449768491 }, "geometry": { "type": "Point", "coordinates": [ 35.373629964656999, 33.277915023911625 ] } },
{ "type": "Feature", "properties": { "rand_point_id": 1351, "adm3_name1": "صديقين", "adm3_pcode": "62241", "Nighttime light radiance": 3.643333296, "Household Deprivation Score": 0.745015844, "Negative Coping Tendency": 13.1125, "Unemployment rate": 11.6, "Population dependency ratio": 55.3, "Food insecurity level (IPC)": 0.13, "Poverty Level (Relative Vulnerability - AMAAN)": 0.118441208, "Poverty Level (Internal Vulnerability - AMAAN)": 18.0192205, "composite_score": 0.453247283 }, "geometry": { "type": "Point", "coordinates": [ 35.311571425809568, 33.189533579227316 ] } },
{ "type": "Feature", "properties": { "rand_point_id": 1352, "adm3_name1": "مزرعة عيا", "adm3_pcode": "62242", "Nighttime light radiance": 2.681428603, "Household Deprivation Score": 0.745015844, "Negative Coping Tendency": 13.1125, "Unemployment rate": 11.6, "Population dependency ratio": 55.3, "Food insecurity level (IPC)": 0.13, "Poverty Level (Relative Vulnerability - AMAAN)": 0.0, "Poverty Level (Internal Vulnerability - AMAAN)": 0.0, "composite_score": 0.450103176 }, "geometry": { "type": "Point", "coordinates": [ 35.314457604790654, 33.184746482592111 ] } },
{ "type": "Feature", "properties": { "rand_point_id": 1353, "adm3_name1": "عين بعل", "adm3_pcode": "62243", "Nighttime light radiance": 7.171944499, "Household Deprivation Score": 0.745015844, "Negative Coping Tendency": 13.1125, "Unemployment rate": 11.6, "Population dependency ratio": 55.3, "Food insecurity level (IPC)": 0.13, "Poverty Level (Relative Vulnerability - AMAAN)": 0.061238491, "Poverty Level (Internal Vulnerability - AMAAN)": 6.0790803, "composite_score": 0.449800872 }, "geometry": { "type": "Point", "coordinates": [ 35.263692298051346, 33.243541024315299 ] } },
{ "type": "Feature", "properties": { "rand_point_id": 1354, "adm3_name1": "حميري", "adm3_pcode": "62244", "Nighttime light radiance": 2.66555553, "Household Deprivation Score": 0.745015844, "Negative Coping Tendency": 13.1125, "Unemployment rate": 11.6, "Population dependency ratio": 55.3, "Food insecurity level (IPC)": 0.13, "Poverty Level (Relative Vulnerability - AMAAN)": 0.012633729, "Poverty Level (Internal Vulnerability - AMAAN)": 12.78863233, "composite_score": 0.450545882 }, "geometry": { "type": "Point", "coordinates": [ 35.344680083888292, 33.296639248390562 ] } },
{ "type": "Feature", "properties": { "rand_point_id": 1355, "adm3_name1": "محيليب", "adm3_pcode": "62245", "Nighttime light radiance": 3.425757592, "Household Deprivation Score": 0.745015844, "Negative Coping Tendency": 13.1125, "Unemployment rate": 11.6, "Population dependency ratio": 55.3, "Food insecurity level (IPC)": 0.13, "Poverty Level (Relative Vulnerability - AMAAN)": 0.059308338, "Poverty Level (Internal Vulnerability - AMAAN)": 7.197614991, "composite_score": 0.451547657 }, "geometry": { "type": "Point", "coordinates": [ 35.243328981522524, 33.29906248893591 ] } },
{ "type": "Feature", "properties": { "rand_point_id": 1356, "adm3_name1": "بازورية", "adm3_pcode": "62246", "Nighttime light radiance": 5.099272711, "Household Deprivation Score": 0.745015844, "Negative Coping Tendency": 13.1125, "Unemployment rate": 11.6, "Population dependency ratio": 55.3, "Food insecurity level (IPC)": 0.13, "Poverty Level (Relative Vulnerability - AMAAN)": 0.100894363, "Poverty Level (Internal Vulnerability - AMAAN)": 8.900928793, "composite_score": 0.451992029 }, "geometry": { "type": "Point", "coordinates": [ 35.286570154310411, 33.240830752424905 ] } },
{ "type": "Feature", "properties": { "rand_point_id": 1357, "adm3_name1": "حناوي", "adm3_pcode": "62247", "Nighttime light radiance": 7.125357117, "Household Deprivation Score": 0.745015844, "Negative Coping Tendency": 13.1125, "Unemployment rate": 11.6, "Population dependency ratio": 55.3, "Food insecurity level (IPC)": 0.13, "Poverty Level (Relative Vulnerability - AMAAN)": 0.01824872, "Poverty Level (Internal Vulnerability - AMAAN)": 3.857566766, "composite_score": 0.448537949 }, "geometry": { "type": "Point", "coordinates": [ 35.260300421259203, 33.220473168857808 ] } },
{ "type": "Feature", "properties": { "rand_point_id": 1358, "adm3_name1": "بستيات", "adm3_pcode": "62249", "Nighttime light radiance": 4.660000046, "Household Deprivation Score": 0.745015844, "Negative Coping Tendency": 13.1125, "Unemployment rate": 11.6, "Population dependency ratio": 55.3, "Food insecurity level (IPC)": 0.13, "Poverty Level (Relative Vulnerability - AMAAN)": 0.001579216, "Poverty Level (Internal Vulnerability - AMAAN)": 6.71641791, "composite_score": 0.449239114 }, "geometry": { "type": "Point", "coordinates": [ 35.366760298380235, 33.285146202288573 ] } },
{ "type": "Feature", "properties": { "rand_point_id": 1359, "adm3_name1": "دير كيفا", "adm3_pcode": "62251", "Nighttime light radiance": 4.451999957, "Household Deprivation Score": 0.745015844, "Negative Coping Tendency": 13.1125, "Unemployment rate": 11.6, "Population dependency ratio": 55.3, "Food insecurity level (IPC)": 0.13, "Poverty Level (Relative Vulnerability - AMAAN)": 0.01245826, "Poverty Level (Internal Vulnerability - AMAAN)": 3.631713555, "composite_score": 0.449651603 }, "geometry": { "type": "Point", "coordinates": [ 35.412111014214609, 33.266534937947291 ] } },
{ "type": "Feature", "properties": { "rand_point_id": 1360, "adm3_name1": "طير دبّه", "adm3_pcode": "62253", "Nighttime light radiance": 5.433333332, "Household Deprivation Score": 0.745015844, "Negative Coping Tendency": 13.1125, "Unemployment rate": 11.6, "Population dependency ratio": 55.3, "Food insecurity level (IPC)": 0.13, "Poverty Level (Relative Vulnerability - AMAAN)": 0.068081761, "Poverty Level (Internal Vulnerability - AMAAN)": 9.229305423, "composite_score": 0.450864413 }, "geometry": { "type": "Point", "coordinates": [ 35.27758851204019, 33.281997830326191 ] } },
{ "type": "Feature", "properties": { "rand_point_id": 1361, "adm3_name1": "شهابية", "adm3_pcode": "62254", "Nighttime light radiance": 7.045000017, "Household Deprivation Score": 0.745015844, "Negative Coping Tendency": 13.1125, "Unemployment rate": 11.6, "Population dependency ratio": 55.3, "Food insecurity level (IPC)": 0.13, "Poverty Level (Relative Vulnerability - AMAAN)": 0.063870518, "Poverty Level (Internal Vulnerability - AMAAN)": 6.701030928, "composite_score": 0.449955948 }, "geometry": { "type": "Point", "coordinates": [ 35.362175170120288, 33.245070730416046 ] } },
{ "type": "Feature", "properties": { "rand_point_id": 1362, "adm3_name1": "ارزون", "adm3_pcode": "62256", "Nighttime light radiance": 3.904000044, "Household Deprivation Score": 0.745015844, "Negative Coping Tendency": 13.1125, "Unemployment rate": 11.6, "Population dependency ratio": 55.3, "Food insecurity level (IPC)": 0.13, "Poverty Level (Relative Vulnerability - AMAAN)": 0.009650765, "Poverty Level (Internal Vulnerability - AMAAN)": 9.090909091, "composite_score": 0.449860911 }, "geometry": { "type": "Point", "coordinates": [ 35.383353118351494, 33.282822377113064 ] } },
{ "type": "Feature", "properties": { "rand_point_id": 1363, "adm3_name1": "نيحا صور", "adm3_pcode": "62257", "Nighttime light radiance": 3.554999977, "Household Deprivation Score": 0.745015844, "Negative Coping Tendency": 13.1125, "Unemployment rate": 11.6, "Population dependency ratio": 55.3, "Food insecurity level (IPC)": 0.13, "Poverty Level (Relative Vulnerability - AMAAN)": 0.0, "Poverty Level (Internal Vulnerability - AMAAN)": 0.0, "composite_score": 0.449701952 }, "geometry": { "type": "Point", "coordinates": [ 35.407259952268916, 33.273131150203085 ] } },
{ "type": "Feature", "properties": { "rand_point_id": 1364, "adm3_name1": "رمادية", "adm3_pcode": "62259", "Nighttime light radiance": 4.015882338, "Household Deprivation Score": 0.745015844, "Negative Coping Tendency": 13.1125, "Unemployment rate": 11.6, "Population dependency ratio": 55.3, "Food insecurity level (IPC)": 0.13, "Poverty Level (Relative Vulnerability - AMAAN)": 0.01702044, "Poverty Level (Internal Vulnerability - AMAAN)": 5.291871249, "composite_score": 0.450013486 }, "geometry": { "type": "Point", "coordinates": [ 35.274352819094879, 33.203817253444498 ] } },
{ "type": "Feature", "properties": { "rand_point_id": 1365, "adm3_name1": "طورا", "adm3_pcode": "62261", "Nighttime light radiance": 6.826363694, "Household Deprivation Score": 0.745015844, "Negative Coping Tendency": 13.1125, "Unemployment rate": 11.6, "Population dependency ratio": 55.3, "Food insecurity level (IPC)": 0.13, "Poverty Level (Relative Vulnerability - AMAAN)": 0.041761493, "Poverty Level (Internal Vulnerability - AMAAN)": 9.164420485000001, "composite_score": 0.449421623 }, "geometry": { "type": "Point", "coordinates": [ 35.300374136445043, 33.294956554550517 ] } },
{ "type": "Feature", "properties": { "rand_point_id": 1366, "adm3_name1": "دير قانون النهر", "adm3_pcode": "62263", "Nighttime light radiance": 11.46649992, "Household Deprivation Score": 0.745015844, "Negative Coping Tendency": 13.1125, "Unemployment rate": 11.6, "Population dependency ratio": 55.3, "Food insecurity level (IPC)": 0.13, "Poverty Level (Relative Vulnerability - AMAAN)": 0.034216349, "Poverty Level (Internal Vulnerability - AMAAN)": 5.351262349, "composite_score": 0.44695671 }, "geometry": { "type": "Point", "coordinates": [ 35.303728014750128, 33.297298011631469 ] } },
{ "type": "Feature", "properties": { "rand_point_id": 1367, "adm3_name1": "شحور", "adm3_pcode": "62264", "Nighttime light radiance": 2.480217392, "Household Deprivation Score": 0.745015844, "Negative Coping Tendency": 13.1125, "Unemployment rate": 11.6, "Population dependency ratio": 55.3, "Food insecurity level (IPC)": 0.13, "Poverty Level (Relative Vulnerability - AMAAN)": 0.025969332, "Poverty Level (Internal Vulnerability - AMAAN)": 9.284818068, "composite_score": 0.45104017 }, "geometry": { "type": "Point", "coordinates": [ 35.373579269495586, 33.295833067247102 ] } },
{ "type": "Feature", "properties": { "rand_point_id": 1368, "adm3_name1": "صريفا", "adm3_pcode": "62266", "Nighttime light radiance": 2.935999982, "Household Deprivation Score": 0.745015844, "Negative Coping Tendency": 13.1125, "Unemployment rate": 11.6, "Population dependency ratio": 55.3, "Food insecurity level (IPC)": 0.13, "Poverty Level (Relative Vulnerability - AMAAN)": 0.079487211, "Poverty Level (Internal Vulnerability - AMAAN)": 11.44517433, "composite_score": 0.452427184 }, "geometry": { "type": "Point", "coordinates": [ 35.410017276767661, 33.276754255026191 ] } },
{ "type": "Feature", "properties": { "rand_point_id": 1369, "adm3_name1": "كنيسة صور", "adm3_pcode": "62267", "Nighttime light radiance": 3.939999962, "Household Deprivation Score": 0.745015844, "Negative Coping Tendency": 13.1125, "Unemployment rate": 11.6, "Population dependency ratio": 55.3, "Food insecurity level (IPC)": 0.13, "Poverty Level (Relative Vulnerability - AMAAN)": 0.005790459, "Poverty Level (Internal Vulnerability - AMAAN)": 3.832752613, "composite_score": 0.449718514 }, "geometry": { "type": "Point", "coordinates": [ 35.258752177667702, 33.209278837521282 ] } },
{ "type": "Feature", "properties": { "rand_point_id": 1370, "adm3_name1": "حلوسية", "adm3_pcode": "62269", "Nighttime light radiance": 4.176400003, "Household Deprivation Score": 0.745015844, "Negative Coping Tendency": 13.1125, "Unemployment rate": 11.6, "Population dependency ratio": 55.3, "Food insecurity level (IPC)": 0.13, "Poverty Level (Relative Vulnerability - AMAAN)": 0.016143098, "Poverty Level (Internal Vulnerability - AMAAN)": 7.395498392, "composite_score": 0.449931526 }, "geometry": { "type": "Point", "coordinates": [ 35.317859435255848, 33.318217626116137 ] } },
{ "type": "Feature", "properties": { "rand_point_id": 1371, "adm3_name1": "طير فلسيه", "adm3_pcode": "62271", "Nighttime light radiance": 3.254000004, "Household Deprivation Score": 0.745015844, "Negative Coping Tendency": 13.1125, "Unemployment rate": 11.6, "Population dependency ratio": 55.3, "Food insecurity level (IPC)": 0.13, "Poverty Level (Relative Vulnerability - AMAAN)": 0.026495737, "Poverty Level (Internal Vulnerability - AMAAN)": 7.672764228, "composite_score": 0.45068587 }, "geometry": { "type": "Point", "coordinates": [ 35.351194976287182, 33.303989360470439 ] } },
{ "type": "Feature", "properties": { "rand_point_id": 1372, "adm3_name1": "طويري", "adm3_pcode": "62273", "Nighttime light radiance": 2.604615386, "Household Deprivation Score": 0.745015844, "Negative Coping Tendency": 13.1125, "Unemployment rate": 11.6, "Population dependency ratio": 55.3, "Food insecurity level (IPC)": 0.13, "Poverty Level (Relative Vulnerability - AMAAN)": 0.0, "Poverty Level (Internal Vulnerability - AMAAN)": 0.0, "composite_score": 0.450176819 }, "geometry": { "type": "Point", "coordinates": [ 35.427989184729356, 33.284547449451303 ] } },
{ "type": "Feature", "properties": { "rand_point_id": 1373, "adm3_name1": "بدياس", "adm3_pcode": "62274", "Nighttime light radiance": 2.810000015, "Household Deprivation Score": 0.745015844, "Negative Coping Tendency": 13.1125, "Unemployment rate": 11.6, "Population dependency ratio": 55.3, "Food insecurity level (IPC)": 0.13, "Poverty Level (Relative Vulnerability - AMAAN)": 0.01368654, "Poverty Level (Internal Vulnerability - AMAAN)": 5.431754875, "composite_score": 0.450511058 }, "geometry": { "type": "Point", "coordinates": [ 35.294137299658068, 33.321013479508373 ] } },
{ "type": "Feature", "properties": { "rand_point_id": 1374, "adm3_name1": "عباسية", "adm3_pcode": "62276", "Nighttime light radiance": 8.748400004000001, "Household Deprivation Score": 0.745015844, "Negative Coping Tendency": 13.1125, "Unemployment rate": 11.6, "Population dependency ratio": 55.3, "Food insecurity level (IPC)": 0.13, "Poverty Level (Relative Vulnerability - AMAAN)": 0.157921611, "Poverty Level (Internal Vulnerability - AMAAN)": 5.791505792, "composite_score": 0.451961742 }, "geometry": { "type": "Point", "coordinates": [ 35.242002176728384, 33.291475830611574 ] } },
{ "type": "Feature", "properties": { "rand_point_id": 1375, "adm3_name1": "شعيتية", "adm3_pcode": "62277", "Nighttime light radiance": 1.94392858, "Household Deprivation Score": 0.745015844, "Negative Coping Tendency": 13.1125, "Unemployment rate": 11.6, "Population dependency ratio": 55.3, "Food insecurity level (IPC)": 0.13, "Poverty Level (Relative Vulnerability - AMAAN)": 0.060536618, "Poverty Level (Internal Vulnerability - AMAAN)": 13.98459668, "composite_score": 0.452362995 }, "geometry": { "type": "Point", "coordinates": [ 35.275496156705458, 33.192845044192261 ] } },
{ "type": "Feature", "properties": { "rand_point_id": 1376, "adm3_name1": "جبال البطم", "adm3_pcode": "62279", "Nighttime light radiance": 1.236341464, "Household Deprivation Score": 0.745015844, "Negative Coping Tendency": 13.1125, "Unemployment rate": 11.6, "Population dependency ratio": 55.3, "Food insecurity level (IPC)": 0.13, "Poverty Level (Relative Vulnerability - AMAAN)": 0.028776827, "Poverty Level (Internal Vulnerability - AMAAN)": 13.37683524, "composite_score": 0.451756312 }, "geometry": { "type": "Point", "coordinates": [ 35.286018135211997, 33.155185791185652 ] } },
{ "type": "Feature", "properties": { "rand_point_id": 1377, "adm3_name1": "طير سمحات", "adm3_pcode": "62281", "Nighttime light radiance": 1.178666667, "Household Deprivation Score": 0.745015844, "Negative Coping Tendency": 13.1125, "Unemployment rate": 11.6, "Population dependency ratio": 55.3, "Food insecurity level (IPC)": 0.13, "Poverty Level (Relative Vulnerability - AMAAN)": 0.0, "Poverty Level (Internal Vulnerability - AMAAN)": 0.0, "composite_score": 0.450870305 }, "geometry": { "type": "Point", "coordinates": [ 35.394400424843816, 33.304654880160122 ] } },
{ "type": "Feature", "properties": { "rand_point_id": 1378, "adm3_name1": "برج رحال", "adm3_pcode": "62283", "Nighttime light radiance": 5.495714222, "Household Deprivation Score": 0.745015844, "Negative Coping Tendency": 13.1125, "Unemployment rate": 11.6, "Population dependency ratio": 55.3, "Food insecurity level (IPC)": 0.13, "Poverty Level (Relative Vulnerability - AMAAN)": 0.069836446, "Poverty Level (Internal Vulnerability - AMAAN)": 8.546274426, "composite_score": 0.450919336 }, "geometry": { "type": "Point", "coordinates": [ 35.275772706189407, 33.311995677722145 ] } },
{ "type": "Feature", "properties": { "rand_point_id": 1379, "adm3_name1": "مرنبا", "adm3_pcode": "62284", "Nighttime light radiance": 1.065454553, "Household Deprivation Score": 0.745015844, "Negative Coping Tendency": 13.1125, "Unemployment rate": 11.6, "Population dependency ratio": 55.3, "Food insecurity level (IPC)": 0.13, "Poverty Level (Relative Vulnerability - AMAAN)": 0.0, "Poverty Level (Internal Vulnerability - AMAAN)": 0.0, "composite_score": 0.450928171 }, "geometry": { "type": "Point", "coordinates": [ 35.423474345987472, 33.313258689676417 ] } },
{ "type": "Feature", "properties": { "rand_point_id": 1380, "adm3_name1": "شيحين", "adm3_pcode": "62285", "Nighttime light radiance": 0.684642864, "Household Deprivation Score": 0.745015844, "Negative Coping Tendency": 13.1125, "Unemployment rate": 11.6, "Population dependency ratio": 55.3, "Food insecurity level (IPC)": 0.13, "Poverty Level (Relative Vulnerability - AMAAN)": 0.002105621, "Poverty Level (Internal Vulnerability - AMAAN)": 2.429149798, "composite_score": 0.451185459 }, "geometry": { "type": "Point", "coordinates": [ 35.252992112731057, 33.139605078275004 ] } },
{ "type": "Feature", "properties": { "rand_point_id": 1381, "adm3_name1": "زبقين", "adm3_pcode": "62286", "Nighttime light radiance": 0.903411767, "Household Deprivation Score": 0.745015844, "Negative Coping Tendency": 13.1125, "Unemployment rate": 11.6, "Population dependency ratio": 55.3, "Food insecurity level (IPC)": 0.13, "Poverty Level (Relative Vulnerability - AMAAN)": 0.008422486, "Poverty Level (Internal Vulnerability - AMAAN)": 3.950617284, "composite_score": 0.451276541 }, "geometry": { "type": "Point", "coordinates": [ 35.265254783896609, 33.178691388754565 ] } },
{ "type": "Feature", "properties": { "rand_point_id": 1382, "adm3_name1": "قليلة", "adm3_pcode": "62287", "Nighttime light radiance": 1.7000000019999999, "Household Deprivation Score": 0.745015844, "Negative Coping Tendency": 13.1125, "Unemployment rate": 11.6, "Population dependency ratio": 55.3, "Food insecurity level (IPC)": 0.13, "Poverty Level (Relative Vulnerability - AMAAN)": 0.025618395, "Poverty Level (Internal Vulnerability - AMAAN)": 3.969548668, "composite_score": 0.45140779 }, "geometry": { "type": "Point", "coordinates": [ 35.207257231807496, 33.207517638362987 ] } },
{ "type": "Feature", "properties": { "rand_point_id": 1383, "adm3_name1": "عين أبو عبدالله", "adm3_pcode": "62291", "Nighttime light radiance": 2.372051291, "Household Deprivation Score": 0.745015844, "Negative Coping Tendency": 13.1125, "Unemployment rate": 11.6, "Population dependency ratio": 55.3, "Food insecurity level (IPC)": 0.13, "Poverty Level (Relative Vulnerability - AMAAN)": 0.026671205, "Poverty Level (Internal Vulnerability - AMAAN)": 3.196635121, "composite_score": 0.45111811 }, "geometry": { "type": "Point", "coordinates": [ 35.272512204399327, 33.315410366085956 ] } },
{ "type": "Feature", "properties": { "rand_point_id": 1384, "adm3_name1": "جبين", "adm3_pcode": "62292", "Nighttime light radiance": 0.768124998, "Household Deprivation Score": 0.745015844, "Negative Coping Tendency": 13.1125, "Unemployment rate": 11.6, "Population dependency ratio": 55.3, "Food insecurity level (IPC)": 0.13, "Poverty Level (Relative Vulnerability - AMAAN)": 0.0, "Poverty Level (Internal Vulnerability - AMAAN)": 0.0, "composite_score": 0.451080289 }, "geometry": { "type": "Point", "coordinates": [ 35.239847146994023, 33.121068698370813 ] } },
{ "type": "Feature", "properties": { "rand_point_id": 1385, "adm3_name1": "حنية", "adm3_pcode": "62293", "Nighttime light radiance": 1.600000007, "Household Deprivation Score": 0.745015844, "Negative Coping Tendency": 13.1125, "Unemployment rate": 11.6, "Population dependency ratio": 55.3, "Food insecurity level (IPC)": 0.13, "Poverty Level (Relative Vulnerability - AMAAN)": 0.006492333, "Poverty Level (Internal Vulnerability - AMAAN)": 4.097452935, "composite_score": 0.450893884 }, "geometry": { "type": "Point", "coordinates": [ 35.229677793057007, 33.185437866347584 ] } },
{ "type": "Feature", "properties": { "rand_point_id": 1386, "adm3_name1": "عزِّيه", "adm3_pcode": "62294", "Nighttime light radiance": 1.415813955, "Household Deprivation Score": 0.745015844, "Negative Coping Tendency": 13.1125, "Unemployment rate": 11.6, "Population dependency ratio": 55.3, "Food insecurity level (IPC)": 0.13, "Poverty Level (Relative Vulnerability - AMAAN)": 0.0, "Poverty Level (Internal Vulnerability - AMAAN)": 0.0, "composite_score": 0.450771983 }, "geometry": { "type": "Point", "coordinates": [ 35.228424042932765, 33.183420954301319 ] } },
{ "type": "Feature", "properties": { "rand_point_id": 1387, "adm3_name1": "طير حرفا", "adm3_pcode": "62295", "Nighttime light radiance": 0.819199994, "Household Deprivation Score": 0.745015844, "Negative Coping Tendency": 13.1125, "Unemployment rate": 11.6, "Population dependency ratio": 55.3, "Food insecurity level (IPC)": 0.13, "Poverty Level (Relative Vulnerability - AMAAN)": 0.001052811, "Poverty Level (Internal Vulnerability - AMAAN)": 0.950871632, "composite_score": 0.451094903 }, "geometry": { "type": "Point", "coordinates": [ 35.226098528606663, 33.125050655505206 ] } },
{ "type": "Feature", "properties": { "rand_point_id": 1388, "adm3_name1": "المنصوري", "adm3_pcode": "62296", "Nighttime light radiance": 2.802682916, "Household Deprivation Score": 0.745015844, "Negative Coping Tendency": 13.1125, "Unemployment rate": 11.6, "Population dependency ratio": 55.3, "Food insecurity level (IPC)": 0.13, "Poverty Level (Relative Vulnerability - AMAAN)": 0.051938663, "Poverty Level (Internal Vulnerability - AMAAN)": 11.0365399, "composite_score": 0.451704562 }, "geometry": { "type": "Point", "coordinates": [ 35.199455754396432, 33.174825474335229 ] } },
{ "type": "Feature", "properties": { "rand_point_id": 1389, "adm3_name1": "مجدل زون", "adm3_pcode": "62297", "Nighttime light radiance": 1.275396831, "Household Deprivation Score": 0.745015844, "Negative Coping Tendency": 13.1125, "Unemployment rate": 11.6, "Population dependency ratio": 55.3, "Food insecurity level (IPC)": 0.13, "Poverty Level (Relative Vulnerability - AMAAN)": 0.018775125, "Poverty Level (Internal Vulnerability - AMAAN)": 9.861751152, "composite_score": 0.451445573 }, "geometry": { "type": "Point", "coordinates": [ 35.2383092430875, 33.154665401078319 ] } },
{ "type": "Feature", "properties": { "rand_point_id": 1390, "adm3_name1": "شمع", "adm3_pcode": "62298", "Nighttime light radiance": 3.484347854, "Household Deprivation Score": 0.745015844, "Negative Coping Tendency": 13.1125, "Unemployment rate": 11.6, "Population dependency ratio": 55.3, "Food insecurity level (IPC)": 0.13, "Poverty Level (Relative Vulnerability - AMAAN)": 0.000877342, "Poverty Level (Internal Vulnerability - AMAAN)": 2.155172414, "composite_score": 0.449820156 }, "geometry": { "type": "Point", "coordinates": [ 35.198251599197263, 33.143890230670799 ] } },
{ "type": "Feature", "properties": { "rand_point_id": 1391, "adm3_name1": "إسكندرونة", "adm3_pcode": "62299", "Nighttime light radiance": 2.109555554, "Household Deprivation Score": 0.745015844, "Negative Coping Tendency": 13.1125, "Unemployment rate": 11.6, "Population dependency ratio": 55.3, "Food insecurity level (IPC)": 0.13, "Poverty Level (Relative Vulnerability - AMAAN)": 0.0, "Poverty Level (Internal Vulnerability - AMAAN)": 0.0, "composite_score": 0.450445148 }, "geometry": { "type": "Point", "coordinates": [ 35.167781120065001, 33.148442318293377 ] } },
{ "type": "Feature", "properties": { "rand_point_id": 1392, "adm3_name1": "يارين", "adm3_pcode": "62308", "Nighttime light radiance": 0.959500012, "Household Deprivation Score": 0.745015844, "Negative Coping Tendency": 13.1125, "Unemployment rate": 11.6, "Population dependency ratio": 55.3, "Food insecurity level (IPC)": 0.13, "Poverty Level (Relative Vulnerability - AMAAN)": 0.0, "Poverty Level (Internal Vulnerability - AMAAN)": 0.0, "composite_score": 0.451007483 }, "geometry": { "type": "Point", "coordinates": [ 35.230875498688789, 33.116027996298754 ] } },
{ "type": "Feature", "properties": { "rand_point_id": 1393, "adm3_name1": "مروحين", "adm3_pcode": "62311", "Nighttime light radiance": 1.501578946, "Household Deprivation Score": 0.745015844, "Negative Coping Tendency": 13.1125, "Unemployment rate": 11.6, "Population dependency ratio": 55.3, "Food insecurity level (IPC)": 0.13, "Poverty Level (Relative Vulnerability - AMAAN)": 0.0, "Poverty Level (Internal Vulnerability - AMAAN)": 0.0, "composite_score": 0.450751023 }, "geometry": { "type": "Point", "coordinates": [ 35.284375625498072, 33.105404988584397 ] } },
{ "type": "Feature", "properties": { "rand_point_id": 1394, "adm3_name1": "الناقورة", "adm3_pcode": "62312", "Nighttime light radiance": 5.936379376, "Household Deprivation Score": 0.745015844, "Negative Coping Tendency": 13.1125, "Unemployment rate": 11.6, "Population dependency ratio": 55.3, "Food insecurity level (IPC)": 0.13, "Poverty Level (Relative Vulnerability - AMAAN)": 0.007194207, "Poverty Level (Internal Vulnerability - AMAAN)": 2.293064877, "composite_score": 0.448849319 }, "geometry": { "type": "Point", "coordinates": [ 35.133967252940529, 33.093248873272877 ] } },
{ "type": "Feature", "properties": { "rand_point_id": 1395, "adm3_name1": "حامول", "adm3_pcode": "62314", "Nighttime light radiance": 0.70170732, "Household Deprivation Score": 0.745015844, "Negative Coping Tendency": 13.1125, "Unemployment rate": 11.6, "Population dependency ratio": 55.3, "Food insecurity level (IPC)": 0.13, "Poverty Level (Relative Vulnerability - AMAAN)": 0.0, "Poverty Level (Internal Vulnerability - AMAAN)": 0.0, "composite_score": 0.451138262 }, "geometry": { "type": "Point", "coordinates": [ 35.186268317179177, 33.137400415291509 ] } },
{ "type": "Feature", "properties": { "rand_point_id": 1396, "adm3_name1": "علما الشعب", "adm3_pcode": "62316", "Nighttime light radiance": 1.893628316, "Household Deprivation Score": 0.745015844, "Negative Coping Tendency": 13.1125, "Unemployment rate": 11.6, "Population dependency ratio": 55.3, "Food insecurity level (IPC)": 0.13, "Poverty Level (Relative Vulnerability - AMAAN)": 0.0, "Poverty Level (Internal Vulnerability - AMAAN)": 0.0, "composite_score": 0.450568902 }, "geometry": { "type": "Point", "coordinates": [ 35.190880954065861, 33.108291488630755 ] } },
{ "type": "Feature", "properties": { "rand_point_id": 1397, "adm3_name1": "ججيم", "adm3_pcode": "62318", "Nighttime light radiance": 0.710588238, "Household Deprivation Score": 0.745015844, "Negative Coping Tendency": 13.1125, "Unemployment rate": 11.6, "Population dependency ratio": 55.3, "Food insecurity level (IPC)": 0.13, "Poverty Level (Relative Vulnerability - AMAAN)": 0.0, "Poverty Level (Internal Vulnerability - AMAAN)": 0.0, "composite_score": 0.45113875 }, "geometry": { "type": "Point", "coordinates": [ 35.182000905498491, 33.129086685055363 ] } },
{ "type": "Feature", "properties": { "rand_point_id": 1398, "adm3_name1": "أبو شاش", "adm3_pcode": "62319", "Nighttime light radiance": 0.728461536, "Household Deprivation Score": 0.745015844, "Negative Coping Tendency": 13.1125, "Unemployment rate": 11.6, "Population dependency ratio": 55.3, "Food insecurity level (IPC)": 0.13, "Poverty Level (Relative Vulnerability - AMAAN)": 0.0, "Poverty Level (Internal Vulnerability - AMAAN)": 0.0, "composite_score": 0.451131363 }, "geometry": { "type": "Point", "coordinates": [ 35.212002910089204, 33.130711108794699 ] } },
{ "type": "Feature", "properties": { "rand_point_id": 1399, "adm3_name1": "بستان صور", "adm3_pcode": "62321", "Nighttime light radiance": 1.053333332, "Household Deprivation Score": 0.745015844, "Negative Coping Tendency": 13.1125, "Unemployment rate": 11.6, "Population dependency ratio": 55.3, "Food insecurity level (IPC)": 0.13, "Poverty Level (Relative Vulnerability - AMAAN)": 0.0, "Poverty Level (Internal Vulnerability - AMAAN)": 0.0, "composite_score": 0.450977905 }, "geometry": { "type": "Point", "coordinates": [ 35.254953738061779, 33.101414674995553 ] } },
{ "type": "Feature", "properties": { "rand_point_id": 1400, "adm3_name1": "بطيشية", "adm3_pcode": "62331", "Nighttime light radiance": 1.273999985, "Household Deprivation Score": 0.745015844, "Negative Coping Tendency": 13.1125, "Unemployment rate": 11.6, "Population dependency ratio": 55.3, "Food insecurity level (IPC)": 0.13, "Poverty Level (Relative Vulnerability - AMAAN)": 0.0, "Poverty Level (Internal Vulnerability - AMAAN)": 0.0, "composite_score": 0.450883927 }, "geometry": { "type": "Point", "coordinates": [ 35.209274619084646, 33.115975820260182 ] } },
{ "type": "Feature", "properties": { "rand_point_id": 1401, "adm3_name1": "ظهيرة", "adm3_pcode": "62341", "Nighttime light radiance": 1.515499988, "Household Deprivation Score": 0.745015844, "Negative Coping Tendency": 13.1125, "Unemployment rate": 11.6, "Population dependency ratio": 55.3, "Food insecurity level (IPC)": 0.13, "Poverty Level (Relative Vulnerability - AMAAN)": 0.0, "Poverty Level (Internal Vulnerability - AMAAN)": 0.0, "composite_score": 0.450779955 }, "geometry": { "type": "Point", "coordinates": [ 35.2354965289272, 33.093806667567755 ] } },
{ "type": "Feature", "properties": { "rand_point_id": 1402, "adm3_name1": "مزرعة الزلوطية", "adm3_pcode": "62351", "Nighttime light radiance": 0.80699999899999997, "Household Deprivation Score": 0.745015844, "Negative Coping Tendency": 13.1125, "Unemployment rate": 11.6, "Population dependency ratio": 55.3, "Food insecurity level (IPC)": 0.13, "Poverty Level (Relative Vulnerability - AMAAN)": 0.0, "Poverty Level (Internal Vulnerability - AMAAN)": 0.0, "composite_score": 0.451131674 }, "geometry": { "type": "Point", "coordinates": [ 35.265078299968934, 33.102171955544861 ] } },
{ "type": "Feature", "properties": { "rand_point_id": 1403, "adm3_name1": null, "adm3_pcode": "63001", "Nighttime light radiance": null, "Household Deprivation Score": null, "Negative Coping Tendency": null, "Unemployment rate": null, "Population dependency ratio": null, "Food insecurity level (IPC)": null, "Poverty Level (Relative Vulnerability - AMAAN)": null, "Poverty Level (Internal Vulnerability - AMAAN)": null, "composite_score": null }, "geometry": { "type": "Point", "coordinates": [ 35.576432727547648, 33.585332509186109 ] } },
{ "type": "Feature", "properties": { "rand_point_id": 1404, "adm3_name1": null, "adm3_pcode": "63002", "Nighttime light radiance": null, "Household Deprivation Score": null, "Negative Coping Tendency": null, "Unemployment rate": null, "Population dependency ratio": null, "Food insecurity level (IPC)": null, "Poverty Level (Relative Vulnerability - AMAAN)": null, "Poverty Level (Internal Vulnerability - AMAAN)": null, "composite_score": null }, "geometry": { "type": "Point", "coordinates": [ 35.548939334393332, 33.485877487818236 ] } },
{ "type": "Feature", "properties": { "rand_point_id": 1405, "adm3_name1": null, "adm3_pcode": "63003", "Nighttime light radiance": null, "Household Deprivation Score": null, "Negative Coping Tendency": null, "Unemployment rate": null, "Population dependency ratio": null, "Food insecurity level (IPC)": null, "Poverty Level (Relative Vulnerability - AMAAN)": null, "Poverty Level (Internal Vulnerability - AMAAN)": null, "composite_score": null }, "geometry": { "type": "Point", "coordinates": [ 35.541165749859267, 33.460701233005167 ] } },
{ "type": "Feature", "properties": { "rand_point_id": 1406, "adm3_name1": "جزين", "adm3_pcode": "63111", "Nighttime light radiance": 2.117461542, "Household Deprivation Score": 0.333390582, "Negative Coping Tendency": 0.2375, "Unemployment rate": 7.1, "Population dependency ratio": 53.0, "Food insecurity level (IPC)": 0.06, "Poverty Level (Relative Vulnerability - AMAAN)": 0.015265756, "Poverty Level (Internal Vulnerability - AMAAN)": 1.14518889, "composite_score": 0.146240896 }, "geometry": { "type": "Point", "coordinates": [ 35.59948906284324, 33.539886649929493 ] } },
{ "type": "Feature", "properties": { "rand_point_id": 1407, "adm3_name1": "وادي جزين", "adm3_pcode": "63114", "Nighttime light radiance": 3.089999962, "Household Deprivation Score": 0.333390582, "Negative Coping Tendency": 0.2375, "Unemployment rate": 7.1, "Population dependency ratio": 53.0, "Food insecurity level (IPC)": 0.06, "Poverty Level (Relative Vulnerability - AMAAN)": 0.001052811, "Poverty Level (Internal Vulnerability - AMAAN)": 1.077199282, "composite_score": 0.145354404 }, "geometry": { "type": "Point", "coordinates": [ 35.577205322416823, 33.551659290453905 ] } },
{ "type": "Feature", "properties": { "rand_point_id": 1408, "adm3_name1": "قبع", "adm3_pcode": "63117", "Nighttime light radiance": 2.23999995, "Household Deprivation Score": 0.333390582, "Negative Coping Tendency": 0.2375, "Unemployment rate": 7.1, "Population dependency ratio": 53.0, "Food insecurity level (IPC)": 0.06, "Poverty Level (Relative Vulnerability - AMAAN)": 0.0, "Poverty Level (Internal Vulnerability - AMAAN)": 0.0, "composite_score": 0.145729578 }, "geometry": { "type": "Point", "coordinates": [ 35.55428973923258, 33.545013504672085 ] } },
{ "type": "Feature", "properties": { "rand_point_id": 1409, "adm3_name1": "قيتولي", "adm3_pcode": "63121", "Nighttime light radiance": 1.749411758, "Household Deprivation Score": 0.333390582, "Negative Coping Tendency": 0.2375, "Unemployment rate": 7.1, "Population dependency ratio": 53.0, "Food insecurity level (IPC)": 0.06, "Poverty Level (Relative Vulnerability - AMAAN)": 0.0, "Poverty Level (Internal Vulnerability - AMAAN)": 0.0, "composite_score": 0.145969648 }, "geometry": { "type": "Point", "coordinates": [ 35.535835754676988, 33.537305633488373 ] } },
{ "type": "Feature", "properties": { "rand_point_id": 1410, "adm3_name1": "بكاسين", "adm3_pcode": "63124", "Nighttime light radiance": 1.94555555, "Household Deprivation Score": 0.333390582, "Negative Coping Tendency": 0.2375, "Unemployment rate": 7.1, "Population dependency ratio": 53.0, "Food insecurity level (IPC)": 0.06, "Poverty Level (Relative Vulnerability - AMAAN)": 0.0, "Poverty Level (Internal Vulnerability - AMAAN)": 0.0, "composite_score": 0.145879124 }, "geometry": { "type": "Point", "coordinates": [ 35.564655876738406, 33.557100131048273 ] } },
{ "type": "Feature", "properties": { "rand_point_id": 1411, "adm3_name1": "حمصية", "adm3_pcode": "63127", "Nighttime light radiance": 2.185714279, "Household Deprivation Score": 0.333390582, "Negative Coping Tendency": 0.2375, "Unemployment rate": 7.1, "Population dependency ratio": 53.0, "Food insecurity level (IPC)": 0.06, "Poverty Level (Relative Vulnerability - AMAAN)": 0.0, "Poverty Level (Internal Vulnerability - AMAAN)": 0.0, "composite_score": 0.145767487 }, "geometry": { "type": "Point", "coordinates": [ 35.556270794712042, 33.553313416895122 ] } },
{ "type": "Feature", "properties": { "rand_point_id": 1412, "adm3_name1": "عاريه", "adm3_pcode": "63131", "Nighttime light radiance": 1.857500017, "Household Deprivation Score": 0.333390582, "Negative Coping Tendency": 0.2375, "Unemployment rate": 7.1, "Population dependency ratio": 53.0, "Food insecurity level (IPC)": 0.06, "Poverty Level (Relative Vulnerability - AMAAN)": 0.001052811, "Poverty Level (Internal Vulnerability - AMAAN)": 0.911854103, "composite_score": 0.145965051 }, "geometry": { "type": "Point", "coordinates": [ 35.591597443182948, 33.569821681033226 ] } },
{ "type": "Feature", "properties": { "rand_point_id": 1413, "adm3_name1": "صّباح", "adm3_pcode": "63134", "Nighttime light radiance": 2.089999914, "Household Deprivation Score": 0.333390582, "Negative Coping Tendency": 0.2375, "Unemployment rate": 7.1, "Population dependency ratio": 53.0, "Food insecurity level (IPC)": 0.06, "Poverty Level (Relative Vulnerability - AMAAN)": 0.0, "Poverty Level (Internal Vulnerability - AMAAN)": 0.0, "composite_score": 0.145821708 }, "geometry": { "type": "Point", "coordinates": [ 35.567579484849894, 33.569960493224123 ] } },
{ "type": "Feature", "properties": { "rand_point_id": 1414, "adm3_name1": "حيطورة", "adm3_pcode": "63137", "Nighttime light radiance": 1.941999978, "Household Deprivation Score": 0.333390582, "Negative Coping Tendency": 0.2375, "Unemployment rate": 7.1, "Population dependency ratio": 53.0, "Food insecurity level (IPC)": 0.06, "Poverty Level (Relative Vulnerability - AMAAN)": 0.0, "Poverty Level (Internal Vulnerability - AMAAN)": 0.0, "composite_score": 0.14589626 }, "geometry": { "type": "Point", "coordinates": [ 35.541559637573926, 33.518771935724537 ] } },
{ "type": "Feature", "properties": { "rand_point_id": 1415, "adm3_name1": "غبَاطية", "adm3_pcode": "63141", "Nighttime light radiance": 1.587500021, "Household Deprivation Score": 0.333390582, "Negative Coping Tendency": 0.2375, "Unemployment rate": 7.1, "Population dependency ratio": 53.0, "Food insecurity level (IPC)": 0.06, "Poverty Level (Relative Vulnerability - AMAAN)": 0.0, "Poverty Level (Internal Vulnerability - AMAAN)": 0.0, "composite_score": 0.146071053 }, "geometry": { "type": "Point", "coordinates": [ 35.590273524667872, 33.582029953506172 ] } },
{ "type": "Feature", "properties": { "rand_point_id": 1416, "adm3_name1": "بنواتي جزين", "adm3_pcode": "63144", "Nighttime light radiance": 4.338749975, "Household Deprivation Score": 0.333390582, "Negative Coping Tendency": 0.2375, "Unemployment rate": 7.1, "Population dependency ratio": 53.0, "Food insecurity level (IPC)": 0.06, "Poverty Level (Relative Vulnerability - AMAAN)": 0.001754685, "Poverty Level (Internal Vulnerability - AMAAN)": 1.344086022, "composite_score": 0.144813101 }, "geometry": { "type": "Point", "coordinates": [ 35.572816182958839, 33.575139256307281 ] } },
{ "type": "Feature", "properties": { "rand_point_id": 1417, "adm3_name1": "مكنونية", "adm3_pcode": "63147", "Nighttime light radiance": 1.384999976, "Household Deprivation Score": 0.333390582, "Negative Coping Tendency": 0.2375, "Unemployment rate": 7.1, "Population dependency ratio": 53.0, "Food insecurity level (IPC)": 0.06, "Poverty Level (Relative Vulnerability - AMAAN)": 0.0, "Poverty Level (Internal Vulnerability - AMAAN)": 0.0, "composite_score": 0.146175309 }, "geometry": { "type": "Point", "coordinates": [ 35.539241840908254, 33.525715987359462 ] } },
{ "type": "Feature", "properties": { "rand_point_id": 1418, "adm3_name1": "بتدين اللقش", "adm3_pcode": "63151", "Nighttime light radiance": 1.549473693, "Household Deprivation Score": 0.333390582, "Negative Coping Tendency": 0.2375, "Unemployment rate": 7.1, "Population dependency ratio": 53.0, "Food insecurity level (IPC)": 0.06, "Poverty Level (Relative Vulnerability - AMAAN)": 0.001052811, "Poverty Level (Internal Vulnerability - AMAAN)": 1.558441558, "composite_score": 0.1461394 }, "geometry": { "type": "Point", "coordinates": [ 35.546545807633898, 33.563154146595643 ] } },
{ "type": "Feature", "properties": { "rand_point_id": 1419, "adm3_name1": "رمانة", "adm3_pcode": "63154", "Nighttime light radiance": 1.431250006, "Household Deprivation Score": 0.333390582, "Negative Coping Tendency": 0.2375, "Unemployment rate": 7.1, "Population dependency ratio": 53.0, "Food insecurity level (IPC)": 0.06, "Poverty Level (Relative Vulnerability - AMAAN)": 0.0, "Poverty Level (Internal Vulnerability - AMAAN)": 0.0, "composite_score": 0.146161433 }, "geometry": { "type": "Point", "coordinates": [ 35.555974501057761, 33.508004660149325 ] } },
{ "type": "Feature", "properties": { "rand_point_id": 1420, "adm3_name1": "مشموشة", "adm3_pcode": "63157", "Nighttime light radiance": 3.936666648, "Household Deprivation Score": 0.333390582, "Negative Coping Tendency": 0.2375, "Unemployment rate": 7.1, "Population dependency ratio": 53.0, "Food insecurity level (IPC)": 0.06, "Poverty Level (Relative Vulnerability - AMAAN)": 0.0, "Poverty Level (Internal Vulnerability - AMAAN)": 0.0, "composite_score": 0.144963211 }, "geometry": { "type": "Point", "coordinates": [ 35.573257667477684, 33.580469403837682 ] } },
{ "type": "Feature", "properties": { "rand_point_id": 1421, "adm3_name1": "ميدان", "adm3_pcode": "63161", "Nighttime light radiance": 1.468749981, "Household Deprivation Score": 0.333390582, "Negative Coping Tendency": 0.2375, "Unemployment rate": 7.1, "Population dependency ratio": 53.0, "Food insecurity level (IPC)": 0.06, "Poverty Level (Relative Vulnerability - AMAAN)": 0.0, "Poverty Level (Internal Vulnerability - AMAAN)": 0.0, "composite_score": 0.146151754 }, "geometry": { "type": "Point", "coordinates": [ 35.5637329015155, 33.583833607086206 ] } },
{ "type": "Feature", "properties": { "rand_point_id": 1422, "adm3_name1": "جبل طوره", "adm3_pcode": "63164", "Nighttime light radiance": 0.827999997, "Household Deprivation Score": 0.333390582, "Negative Coping Tendency": 0.2375, "Unemployment rate": 7.1, "Population dependency ratio": 53.0, "Food insecurity level (IPC)": 0.06, "Poverty Level (Relative Vulnerability - AMAAN)": 0.0, "Poverty Level (Internal Vulnerability - AMAAN)": 0.0, "composite_score": 0.146462666 }, "geometry": { "type": "Point", "coordinates": [ 35.561523627888079, 33.505205773085308 ] } },
{ "type": "Feature", "properties": { "rand_point_id": 1423, "adm3_name1": "كفرحون", "adm3_pcode": "63167", "Nighttime light radiance": 0.918429754, "Household Deprivation Score": 0.333390582, "Negative Coping Tendency": 0.2375, "Unemployment rate": 7.1, "Population dependency ratio": 53.0, "Food insecurity level (IPC)": 0.06, "Poverty Level (Relative Vulnerability - AMAAN)": 0.002982964, "Poverty Level (Internal Vulnerability - AMAAN)": 0.858152448, "composite_score": 0.146515472 }, "geometry": { "type": "Point", "coordinates": [ 35.6133551656999, 33.473255086301059 ] } },
{ "type": "Feature", "properties": { "rand_point_id": 1424, "adm3_name1": "الحرف", "adm3_pcode": "63171", "Nighttime light radiance": 1.5999999890000001, "Household Deprivation Score": 0.333390582, "Negative Coping Tendency": 0.2375, "Unemployment rate": 7.1, "Population dependency ratio": 53.0, "Food insecurity level (IPC)": 0.06, "Poverty Level (Relative Vulnerability - AMAAN)": 0.007194207, "Poverty Level (Internal Vulnerability - AMAAN)": 21.13402062, "composite_score": 0.146408265 }, "geometry": { "type": "Point", "coordinates": [ 35.566138598168429, 33.572740221820759 ] } },
{ "type": "Feature", "properties": { "rand_point_id": 1425, "adm3_name1": "بيبه", "adm3_pcode": "63174", "Nighttime light radiance": 1.25, "Household Deprivation Score": 0.333390582, "Negative Coping Tendency": 0.2375, "Unemployment rate": 7.1, "Population dependency ratio": 53.0, "Food insecurity level (IPC)": 0.06, "Poverty Level (Relative Vulnerability - AMAAN)": 0.0, "Poverty Level (Internal Vulnerability - AMAAN)": 0.0, "composite_score": 0.146272114 }, "geometry": { "type": "Point", "coordinates": [ 35.54593762101986, 33.565617784579459 ] } },
{ "type": "Feature", "properties": { "rand_point_id": 1426, "adm3_name1": "زحلتا", "adm3_pcode": "63177", "Nighttime light radiance": 1.333999991, "Household Deprivation Score": 0.333390582, "Negative Coping Tendency": 0.2375, "Unemployment rate": 7.1, "Population dependency ratio": 53.0, "Food insecurity level (IPC)": 0.06, "Poverty Level (Relative Vulnerability - AMAAN)": 0.000701874, "Poverty Level (Internal Vulnerability - AMAAN)": 5.0, "composite_score": 0.146278371 }, "geometry": { "type": "Point", "coordinates": [ 35.539326421488148, 33.510387632541885 ] } },
{ "type": "Feature", "properties": { "rand_point_id": 1427, "adm3_name1": "بحنين", "adm3_pcode": "63181", "Nighttime light radiance": 1.172999972, "Household Deprivation Score": 0.333390582, "Negative Coping Tendency": 0.2375, "Unemployment rate": 7.1, "Population dependency ratio": 53.0, "Food insecurity level (IPC)": 0.06, "Poverty Level (Relative Vulnerability - AMAAN)": 0.000701874, "Poverty Level (Internal Vulnerability - AMAAN)": 2.395209581, "composite_score": 0.14634884 }, "geometry": { "type": "Point", "coordinates": [ 35.594864268316201, 33.589501494059384 ] } },
{ "type": "Feature", "properties": { "rand_point_id": 1428, "adm3_name1": "عازور", "adm3_pcode": "63184", "Nighttime light radiance": 2.111250006, "Household Deprivation Score": 0.333390582, "Negative Coping Tendency": 0.2375, "Unemployment rate": 7.1, "Population dependency ratio": 53.0, "Food insecurity level (IPC)": 0.06, "Poverty Level (Relative Vulnerability - AMAAN)": 0.000877342, "Poverty Level (Internal Vulnerability - AMAAN)": 1.165501166, "composite_score": 0.14590214 }, "geometry": { "type": "Point", "coordinates": [ 35.540154558562683, 33.561095365707978 ] } },
{ "type": "Feature", "properties": { "rand_point_id": 1429, "adm3_name1": "تعيد", "adm3_pcode": "63187", "Nighttime light radiance": 1.184582417, "Household Deprivation Score": 0.333390582, "Negative Coping Tendency": 0.2375, "Unemployment rate": 7.1, "Population dependency ratio": 53.0, "Food insecurity level (IPC)": 0.06, "Poverty Level (Relative Vulnerability - AMAAN)": 0.0, "Poverty Level (Internal Vulnerability - AMAAN)": 0.0, "composite_score": 0.146318924 }, "geometry": { "type": "Point", "coordinates": [ 35.548756210616567, 33.574267478723193 ] } },
{ "type": "Feature", "properties": { "rand_point_id": 1430, "adm3_name1": "بسري", "adm3_pcode": "63191", "Nighttime light radiance": 1.432105275, "Household Deprivation Score": 0.333390582, "Negative Coping Tendency": 0.2375, "Unemployment rate": 7.1, "Population dependency ratio": 53.0, "Food insecurity level (IPC)": 0.06, "Poverty Level (Relative Vulnerability - AMAAN)": 0.0, "Poverty Level (Internal Vulnerability - AMAAN)": 0.0, "composite_score": 0.146204942 }, "geometry": { "type": "Point", "coordinates": [ 35.53018115807091, 33.577696809451233 ] } },
{ "type": "Feature", "properties": { "rand_point_id": 1431, "adm3_name1": "مزرعة الرهبان", "adm3_pcode": "63194", "Nighttime light radiance": 0.977272722, "Household Deprivation Score": 0.333390582, "Negative Coping Tendency": 0.2375, "Unemployment rate": 7.1, "Population dependency ratio": 53.0, "Food insecurity level (IPC)": 0.06, "Poverty Level (Relative Vulnerability - AMAAN)": 0.0, "Poverty Level (Internal Vulnerability - AMAAN)": 0.0, "composite_score": 0.146426674 }, "geometry": { "type": "Point", "coordinates": [ 35.54134993702219, 33.48913693604284 ] } },
{ "type": "Feature", "properties": { "rand_point_id": 1432, "adm3_name1": "كفرفالوس", "adm3_pcode": "63211", "Nighttime light radiance": 1.950256398, "Household Deprivation Score": 0.333390582, "Negative Coping Tendency": 0.2375, "Unemployment rate": 7.1, "Population dependency ratio": 53.0, "Food insecurity level (IPC)": 0.06, "Poverty Level (Relative Vulnerability - AMAAN)": 0.001228279, "Poverty Level (Internal Vulnerability - AMAAN)": 3.381642512, "composite_score": 0.146031654 }, "geometry": { "type": "Point", "coordinates": [ 35.468927698388704, 33.546278875242614 ] } },
{ "type": "Feature", "properties": { "rand_point_id": 1433, "adm3_name1": "عين المير إسطبل", "adm3_pcode": "63214", "Nighttime light radiance": 3.697692284, "Household Deprivation Score": 0.333390582, "Negative Coping Tendency": 0.2375, "Unemployment rate": 7.1, "Population dependency ratio": 53.0, "Food insecurity level (IPC)": 0.06, "Poverty Level (Relative Vulnerability - AMAAN)": 0.000877342, "Poverty Level (Internal Vulnerability - AMAAN)": 0.796178344, "composite_score": 0.145175143 }, "geometry": { "type": "Point", "coordinates": [ 35.466318866837724, 33.53088782940906 ] } },
{ "type": "Feature", "properties": { "rand_point_id": 1434, "adm3_name1": "مراح الحباس", "adm3_pcode": "63217", "Nighttime light radiance": 2.623333355, "Household Deprivation Score": 0.333390582, "Negative Coping Tendency": 0.2375, "Unemployment rate": 7.1, "Population dependency ratio": 53.0, "Food insecurity level (IPC)": 0.06, "Poverty Level (Relative Vulnerability - AMAAN)": 0.0, "Poverty Level (Internal Vulnerability - AMAAN)": 0.0, "composite_score": 0.145664403 }, "geometry": { "type": "Point", "coordinates": [ 35.464591818720365, 33.550831350812103 ] } },
{ "type": "Feature", "properties": { "rand_point_id": 1435, "adm3_name1": "بيصور جزين", "adm3_pcode": "63221", "Nighttime light radiance": 2.92750001, "Household Deprivation Score": 0.333390582, "Negative Coping Tendency": 0.2375, "Unemployment rate": 7.1, "Population dependency ratio": 53.0, "Food insecurity level (IPC)": 0.06, "Poverty Level (Relative Vulnerability - AMAAN)": 0.002456558, "Poverty Level (Internal Vulnerability - AMAAN)": 3.846153846, "composite_score": 0.145613395 }, "geometry": { "type": "Point", "coordinates": [ 35.449013802435395, 33.537226245294427 ] } },
{ "type": "Feature", "properties": { "rand_point_id": 1436, "adm3_name1": "حيتوله", "adm3_pcode": "63224", "Nighttime light radiance": 2.12249995, "Household Deprivation Score": 0.333390582, "Negative Coping Tendency": 0.2375, "Unemployment rate": 7.1, "Population dependency ratio": 53.0, "Food insecurity level (IPC)": 0.06, "Poverty Level (Relative Vulnerability - AMAAN)": 0.0, "Poverty Level (Internal Vulnerability - AMAAN)": 0.0, "composite_score": 0.145912948 }, "geometry": { "type": "Point", "coordinates": [ 35.477204490268115, 33.520897237583547 ] } },
{ "type": "Feature", "properties": { "rand_point_id": 1437, "adm3_name1": "لبعا", "adm3_pcode": "63227", "Nighttime light radiance": 5.553846158, "Household Deprivation Score": 0.333390582, "Negative Coping Tendency": 0.2375, "Unemployment rate": 7.1, "Population dependency ratio": 53.0, "Food insecurity level (IPC)": 0.06, "Poverty Level (Relative Vulnerability - AMAAN)": 0.005264054, "Poverty Level (Internal Vulnerability - AMAAN)": 3.374578178, "composite_score": 0.144442249 }, "geometry": { "type": "Point", "coordinates": [ 35.449601924670837, 33.547010497918528 ] } },
{ "type": "Feature", "properties": { "rand_point_id": 1438, "adm3_name1": "محاربية", "adm3_pcode": "63231", "Nighttime light radiance": 2.875555515, "Household Deprivation Score": 0.333390582, "Negative Coping Tendency": 0.2375, "Unemployment rate": 7.1, "Population dependency ratio": 53.0, "Food insecurity level (IPC)": 0.06, "Poverty Level (Relative Vulnerability - AMAAN)": 0.0, "Poverty Level (Internal Vulnerability - AMAAN)": 0.0, "composite_score": 0.145560036 }, "geometry": { "type": "Point", "coordinates": [ 35.449182854560554, 33.524850282643364 ] } },
{ "type": "Feature", "properties": { "rand_point_id": 1439, "adm3_name1": "وادي الليمون", "adm3_pcode": "63234", "Nighttime light radiance": 2.284999996, "Household Deprivation Score": 0.333390582, "Negative Coping Tendency": 0.2375, "Unemployment rate": 7.1, "Population dependency ratio": 53.0, "Food insecurity level (IPC)": 0.06, "Poverty Level (Relative Vulnerability - AMAAN)": 0.0, "Poverty Level (Internal Vulnerability - AMAAN)": 0.0, "composite_score": 0.145846871 }, "geometry": { "type": "Point", "coordinates": [ 35.463874904221882, 33.526012201818901 ] } },
{ "type": "Feature", "properties": { "rand_point_id": 1440, "adm3_name1": "صفاريه", "adm3_pcode": "63237", "Nighttime light radiance": 1.4224, "Household Deprivation Score": 0.333390582, "Negative Coping Tendency": 0.2375, "Unemployment rate": 7.1, "Population dependency ratio": 53.0, "Food insecurity level (IPC)": 0.06, "Poverty Level (Relative Vulnerability - AMAAN)": 0.0, "Poverty Level (Internal Vulnerability - AMAAN)": 0.0, "composite_score": 0.146264199 }, "geometry": { "type": "Point", "coordinates": [ 35.488486316194283, 33.554929740054057 ] } },
{ "type": "Feature", "properties": { "rand_point_id": 1441, "adm3_name1": "حسانية", "adm3_pcode": "63241", "Nighttime light radiance": 1.510000005, "Household Deprivation Score": 0.333390582, "Negative Coping Tendency": 0.2375, "Unemployment rate": 7.1, "Population dependency ratio": 53.0, "Food insecurity level (IPC)": 0.06, "Poverty Level (Relative Vulnerability - AMAAN)": 0.0, "Poverty Level (Internal Vulnerability - AMAAN)": 0.0, "composite_score": 0.146226928 }, "geometry": { "type": "Point", "coordinates": [ 35.455322332848588, 33.519314563116865 ] } },
{ "type": "Feature", "properties": { "rand_point_id": 1442, "adm3_name1": "كرخا", "adm3_pcode": "63244", "Nighttime light radiance": 1.750000013, "Household Deprivation Score": 0.333390582, "Negative Coping Tendency": 0.2375, "Unemployment rate": 7.1, "Population dependency ratio": 53.0, "Food insecurity level (IPC)": 0.06, "Poverty Level (Relative Vulnerability - AMAAN)": 0.0, "Poverty Level (Internal Vulnerability - AMAAN)": 0.0, "composite_score": 0.146115367 }, "geometry": { "type": "Point", "coordinates": [ 35.446806960368015, 33.570153285754863 ] } },
{ "type": "Feature", "properties": { "rand_point_id": 1443, "adm3_name1": "شواليق جزين", "adm3_pcode": "63247", "Nighttime light radiance": 8.609999975, "Household Deprivation Score": 0.333390582, "Negative Coping Tendency": 0.2375, "Unemployment rate": 7.1, "Population dependency ratio": 53.0, "Food insecurity level (IPC)": 0.06, "Poverty Level (Relative Vulnerability - AMAAN)": 0.0, "Poverty Level (Internal Vulnerability - AMAAN)": 0.0, "composite_score": 0.142828364 }, "geometry": { "type": "Point", "coordinates": [ 35.444979300775003, 33.550790834992171 ] } },
{ "type": "Feature", "properties": { "rand_point_id": 1444, "adm3_name1": "وادي بعنقودين", "adm3_pcode": "63251", "Nighttime light radiance": 10.67199984, "Household Deprivation Score": 0.333390582, "Negative Coping Tendency": 0.2375, "Unemployment rate": 7.1, "Population dependency ratio": 53.0, "Food insecurity level (IPC)": 0.06, "Poverty Level (Relative Vulnerability - AMAAN)": 0.00228109, "Poverty Level (Internal Vulnerability - AMAAN)": 2.416356877, "composite_score": 0.141922628 }, "geometry": { "type": "Point", "coordinates": [ 35.44044372580683, 33.544977467284717 ] } },
{ "type": "Feature", "properties": { "rand_point_id": 1445, "adm3_name1": "مجيدل", "adm3_pcode": "63254", "Nighttime light radiance": 2.367272718, "Household Deprivation Score": 0.333390582, "Negative Coping Tendency": 0.2375, "Unemployment rate": 7.1, "Population dependency ratio": 53.0, "Food insecurity level (IPC)": 0.06, "Poverty Level (Relative Vulnerability - AMAAN)": 0.0, "Poverty Level (Internal Vulnerability - AMAAN)": 0.0, "composite_score": 0.145831147 }, "geometry": { "type": "Point", "coordinates": [ 35.432581496541992, 33.520349509372906 ] } },
{ "type": "Feature", "properties": { "rand_point_id": 1446, "adm3_name1": "ضهر الدير", "adm3_pcode": "63257", "Nighttime light radiance": 1.109999985, "Household Deprivation Score": 0.333390582, "Negative Coping Tendency": 0.2375, "Unemployment rate": 7.1, "Population dependency ratio": 53.0, "Food insecurity level (IPC)": 0.06, "Poverty Level (Relative Vulnerability - AMAAN)": 0.0, "Poverty Level (Internal Vulnerability - AMAAN)": 0.0, "composite_score": 0.14643779 }, "geometry": { "type": "Point", "coordinates": [ 35.503021730575256, 33.523382523075703 ] } },
{ "type": "Feature", "properties": { "rand_point_id": 1447, "adm3_name1": "جنسنايا", "adm3_pcode": "63261", "Nighttime light radiance": 6.268333356, "Household Deprivation Score": 0.333390582, "Negative Coping Tendency": 0.2375, "Unemployment rate": 7.1, "Population dependency ratio": 53.0, "Food insecurity level (IPC)": 0.06, "Poverty Level (Relative Vulnerability - AMAAN)": 0.000877342, "Poverty Level (Internal Vulnerability - AMAAN)": 1.176470588, "composite_score": 0.143999542 }, "geometry": { "type": "Point", "coordinates": [ 35.430973113424379, 33.539541054524328 ] } },
{ "type": "Feature", "properties": { "rand_point_id": 1448, "adm3_name1": "ريمات", "adm3_pcode": "63264", "Nighttime light radiance": 1.462499988, "Household Deprivation Score": 0.333390582, "Negative Coping Tendency": 0.2375, "Unemployment rate": 7.1, "Population dependency ratio": 53.0, "Food insecurity level (IPC)": 0.06, "Poverty Level (Relative Vulnerability - AMAAN)": 0.0, "Poverty Level (Internal Vulnerability - AMAAN)": 0.0, "composite_score": 0.146277013 }, "geometry": { "type": "Point", "coordinates": [ 35.511803827938905, 33.532033882233428 ] } },
{ "type": "Feature", "properties": { "rand_point_id": 1449, "adm3_name1": "كفرجرا", "adm3_pcode": "63267", "Nighttime light radiance": 10.53800001, "Household Deprivation Score": 0.333390582, "Negative Coping Tendency": 0.2375, "Unemployment rate": 7.1, "Population dependency ratio": 53.0, "Food insecurity level (IPC)": 0.06, "Poverty Level (Relative Vulnerability - AMAAN)": 0.022459962, "Poverty Level (Internal Vulnerability - AMAAN)": 28.63534676, "composite_score": 0.142722631 }, "geometry": { "type": "Point", "coordinates": [ 35.428826381879318, 33.548853848938897 ] } },
{ "type": "Feature", "properties": { "rand_point_id": 1450, "adm3_name1": "صيدون", "adm3_pcode": "63271", "Nighttime light radiance": 2.507272758, "Household Deprivation Score": 0.333390582, "Negative Coping Tendency": 0.2375, "Unemployment rate": 7.1, "Population dependency ratio": 53.0, "Food insecurity level (IPC)": 0.06, "Poverty Level (Relative Vulnerability - AMAAN)": 0.001228279, "Poverty Level (Internal Vulnerability - AMAAN)": 1.772151899, "composite_score": 0.145828578 }, "geometry": { "type": "Point", "coordinates": [ 35.513548450647306, 33.519973033650828 ] } },
{ "type": "Feature", "properties": { "rand_point_id": 1451, "adm3_name1": "أنان", "adm3_pcode": "63274", "Nighttime light radiance": 0.931428569, "Household Deprivation Score": 0.333390582, "Negative Coping Tendency": 0.2375, "Unemployment rate": 7.1, "Population dependency ratio": 53.0, "Food insecurity level (IPC)": 0.06, "Poverty Level (Relative Vulnerability - AMAAN)": 0.006492333, "Poverty Level (Internal Vulnerability - AMAAN)": 4.894179894, "composite_score": 0.146758582 }, "geometry": { "type": "Point", "coordinates": [ 35.488850902904055, 33.566917490027819 ] } },
{ "type": "Feature", "properties": { "rand_point_id": 1452, "adm3_name1": "روم", "adm3_pcode": "63277", "Nighttime light radiance": 2.188703704, "Household Deprivation Score": 0.333390582, "Negative Coping Tendency": 0.2375, "Unemployment rate": 7.1, "Population dependency ratio": 53.0, "Food insecurity level (IPC)": 0.06, "Poverty Level (Relative Vulnerability - AMAAN)": 0.005790459, "Poverty Level (Internal Vulnerability - AMAAN)": 1.915264074, "composite_score": 0.146125 }, "geometry": { "type": "Point", "coordinates": [ 35.510123959843689, 33.539298338607892 ] } },
{ "type": "Feature", "properties": { "rand_point_id": 1453, "adm3_name1": "حيداب", "adm3_pcode": "63281", "Nighttime light radiance": 1.270000041, "Household Deprivation Score": 0.333390582, "Negative Coping Tendency": 0.2375, "Unemployment rate": 7.1, "Population dependency ratio": 53.0, "Food insecurity level (IPC)": 0.06, "Poverty Level (Relative Vulnerability - AMAAN)": 0.0, "Poverty Level (Internal Vulnerability - AMAAN)": 0.0, "composite_score": 0.14638953 }, "geometry": { "type": "Point", "coordinates": [ 35.52466321165258, 33.526457755266456 ] } },
{ "type": "Feature", "properties": { "rand_point_id": 1454, "adm3_name1": "دير قطِين", "adm3_pcode": "63284", "Nighttime light radiance": 1.148181818, "Household Deprivation Score": 0.333390582, "Negative Coping Tendency": 0.2375, "Unemployment rate": 7.1, "Population dependency ratio": 53.0, "Food insecurity level (IPC)": 0.06, "Poverty Level (Relative Vulnerability - AMAAN)": 0.0, "Poverty Level (Internal Vulnerability - AMAAN)": 0.0, "composite_score": 0.146451524 }, "geometry": { "type": "Point", "coordinates": [ 35.524636799143963, 33.534259185475747 ] } },
{ "type": "Feature", "properties": { "rand_point_id": 1455, "adm3_name1": "سنيَا", "adm3_pcode": "63287", "Nighttime light radiance": 1.551333332, "Household Deprivation Score": 0.333390582, "Negative Coping Tendency": 0.2375, "Unemployment rate": 7.1, "Population dependency ratio": 53.0, "Food insecurity level (IPC)": 0.06, "Poverty Level (Relative Vulnerability - AMAAN)": 0.0, "Poverty Level (Internal Vulnerability - AMAAN)": 0.0, "composite_score": 0.146261703 }, "geometry": { "type": "Point", "coordinates": [ 35.527602750397229, 33.515618510340069 ] } },
{ "type": "Feature", "properties": { "rand_point_id": 1456, "adm3_name1": "قتالة جزين", "adm3_pcode": "63291", "Nighttime light radiance": 2.079090937, "Household Deprivation Score": 0.333390582, "Negative Coping Tendency": 0.2375, "Unemployment rate": 7.1, "Population dependency ratio": 53.0, "Food insecurity level (IPC)": 0.06, "Poverty Level (Relative Vulnerability - AMAAN)": 0.0, "Poverty Level (Internal Vulnerability - AMAAN)": 0.0, "composite_score": 0.1460133 }, "geometry": { "type": "Point", "coordinates": [ 35.49522293767064, 33.569168980146813 ] } },
{ "type": "Feature", "properties": { "rand_point_id": 1457, "adm3_name1": "جرنايا", "adm3_pcode": "63294", "Nighttime light radiance": 1.455714273, "Household Deprivation Score": 0.333390582, "Negative Coping Tendency": 0.2375, "Unemployment rate": 7.1, "Population dependency ratio": 53.0, "Food insecurity level (IPC)": 0.06, "Poverty Level (Relative Vulnerability - AMAAN)": 0.001579216, "Poverty Level (Internal Vulnerability - AMAAN)": 2.549575071, "composite_score": 0.146374169 }, "geometry": { "type": "Point", "coordinates": [ 35.480541106979793, 33.488393584761702 ] } },
{ "type": "Feature", "properties": { "rand_point_id": 1458, "adm3_name1": "مزرعة المطحنة", "adm3_pcode": "63297", "Nighttime light radiance": 2.3125, "Household Deprivation Score": 0.333390582, "Negative Coping Tendency": 0.2375, "Unemployment rate": 7.1, "Population dependency ratio": 53.0, "Food insecurity level (IPC)": 0.06, "Poverty Level (Relative Vulnerability - AMAAN)": 0.0, "Poverty Level (Internal Vulnerability - AMAAN)": 0.0, "composite_score": 0.145908461 }, "geometry": { "type": "Point", "coordinates": [ 35.515791473093465, 33.579157443079438 ] } },
{ "type": "Feature", "properties": { "rand_point_id": 1459, "adm3_name1": "سريرة", "adm3_pcode": "63298", "Nighttime light radiance": 1.059696962, "Household Deprivation Score": 0.333390582, "Negative Coping Tendency": 0.2375, "Unemployment rate": 7.1, "Population dependency ratio": 53.0, "Food insecurity level (IPC)": 0.06, "Poverty Level (Relative Vulnerability - AMAAN)": 0.0, "Poverty Level (Internal Vulnerability - AMAAN)": 0.0, "composite_score": 0.146510586 }, "geometry": { "type": "Point", "coordinates": [ 35.620846026378992, 33.440584148300488 ] } },
{ "type": "Feature", "properties": { "rand_point_id": 1460, "adm3_name1": "عرمتى", "adm3_pcode": "63311", "Nighttime light radiance": 2.036250013, "Household Deprivation Score": 0.333390582, "Negative Coping Tendency": 0.2375, "Unemployment rate": 7.1, "Population dependency ratio": 53.0, "Food insecurity level (IPC)": 0.06, "Poverty Level (Relative Vulnerability - AMAAN)": 0.00228109, "Poverty Level (Internal Vulnerability - AMAAN)": 0.973782772, "composite_score": 0.14612982 }, "geometry": { "type": "Point", "coordinates": [ 35.572392473030355, 33.470138207315408 ] } },
{ "type": "Feature", "properties": { "rand_point_id": 1461, "adm3_name1": "مليخ", "adm3_pcode": "63315", "Nighttime light radiance": 1.995000005, "Household Deprivation Score": 0.333390582, "Negative Coping Tendency": 0.2375, "Unemployment rate": 7.1, "Population dependency ratio": 53.0, "Food insecurity level (IPC)": 0.06, "Poverty Level (Relative Vulnerability - AMAAN)": 0.001403748, "Poverty Level (Internal Vulnerability - AMAAN)": 72.72727273, "composite_score": 0.1464452 }, "geometry": { "type": "Point", "coordinates": [ 35.543440455733439, 33.47593373938637 ] } },
{ "type": "Feature", "properties": { "rand_point_id": 1462, "adm3_name1": "ريحانة جزين", "adm3_pcode": "63319", "Nighttime light radiance": 1.912391293, "Household Deprivation Score": 0.333390582, "Negative Coping Tendency": 0.2375, "Unemployment rate": 7.1, "Population dependency ratio": 53.0, "Food insecurity level (IPC)": 0.06, "Poverty Level (Relative Vulnerability - AMAAN)": 0.01245826, "Poverty Level (Internal Vulnerability - AMAAN)": 5.843621399, "composite_score": 0.14652331 }, "geometry": { "type": "Point", "coordinates": [ 35.54687368783646, 33.450120081414681 ] } },
{ "type": "Feature", "properties": { "rand_point_id": 1463, "adm3_name1": "مزرعة عقماتا", "adm3_pcode": "63323", "Nighttime light radiance": 1.426000017, "Household Deprivation Score": 0.333390582, "Negative Coping Tendency": 0.2375, "Unemployment rate": 7.1, "Population dependency ratio": 53.0, "Food insecurity level (IPC)": 0.06, "Poverty Level (Relative Vulnerability - AMAAN)": 0.0, "Poverty Level (Internal Vulnerability - AMAAN)": 0.0, "composite_score": 0.146364555 }, "geometry": { "type": "Point", "coordinates": [ 35.539727891333676, 33.453968649372534 ] } },
{ "type": "Feature", "properties": { "rand_point_id": 1464, "adm3_name1": "قطراني", "adm3_pcode": "63327", "Nighttime light radiance": 0.913157899, "Household Deprivation Score": 0.333390582, "Negative Coping Tendency": 0.2375, "Unemployment rate": 7.1, "Population dependency ratio": 53.0, "Food insecurity level (IPC)": 0.06, "Poverty Level (Relative Vulnerability - AMAAN)": 0.009475297, "Poverty Level (Internal Vulnerability - AMAAN)": 13.63636364, "composite_score": 0.146957706 }, "geometry": { "type": "Point", "coordinates": [ 35.608774750909078, 33.441553058091394 ] } },
{ "type": "Feature", "properties": { "rand_point_id": 1465, "adm3_name1": "لويزة جزين", "adm3_pcode": "63331", "Nighttime light radiance": 1.914375007, "Household Deprivation Score": 0.333390582, "Negative Coping Tendency": 0.2375, "Unemployment rate": 7.1, "Population dependency ratio": 53.0, "Food insecurity level (IPC)": 0.06, "Poverty Level (Relative Vulnerability - AMAAN)": 0.001052811, "Poverty Level (Internal Vulnerability - AMAAN)": 8.219178082000001, "composite_score": 0.14620745 }, "geometry": { "type": "Point", "coordinates": [ 35.539068531757813, 33.458566336556132 ] } },
{ "type": "Feature", "properties": { "rand_point_id": 1466, "adm3_name1": "خلة خازن", "adm3_pcode": "63335", "Nighttime light radiance": 1.110909088, "Household Deprivation Score": 0.333390582, "Negative Coping Tendency": 0.2375, "Unemployment rate": 7.1, "Population dependency ratio": 53.0, "Food insecurity level (IPC)": 0.06, "Poverty Level (Relative Vulnerability - AMAAN)": 0.0, "Poverty Level (Internal Vulnerability - AMAAN)": 0.0, "composite_score": 0.14652994 }, "geometry": { "type": "Point", "coordinates": [ 35.583792690332587, 33.422535353898986 ] } },
{ "type": "Feature", "properties": { "rand_point_id": 1467, "adm3_name1": "قروح", "adm3_pcode": "63339", "Nighttime light radiance": 1.641818187, "Household Deprivation Score": 0.333390582, "Negative Coping Tendency": 0.2375, "Unemployment rate": 7.1, "Population dependency ratio": 53.0, "Food insecurity level (IPC)": 0.06, "Poverty Level (Relative Vulnerability - AMAAN)": 0.0, "Poverty Level (Internal Vulnerability - AMAAN)": 0.0, "composite_score": 0.146280024 }, "geometry": { "type": "Point", "coordinates": [ 35.575644337506823, 33.432300661917054 ] } },
{ "type": "Feature", "properties": { "rand_point_id": 1468, "adm3_name1": "زغرين جزين", "adm3_pcode": "63343", "Nighttime light radiance": 1.402307689, "Household Deprivation Score": 0.333390582, "Negative Coping Tendency": 0.2375, "Unemployment rate": 7.1, "Population dependency ratio": 53.0, "Food insecurity level (IPC)": 0.06, "Poverty Level (Relative Vulnerability - AMAAN)": 0.0, "Poverty Level (Internal Vulnerability - AMAAN)": 0.0, "composite_score": 0.146399659 }, "geometry": { "type": "Point", "coordinates": [ 35.56082735697715, 33.422876911055027 ] } },
{ "type": "Feature", "properties": { "rand_point_id": 1469, "adm3_name1": "شبيل", "adm3_pcode": "63347", "Nighttime light radiance": 0.8003125, "Household Deprivation Score": 0.333390582, "Negative Coping Tendency": 0.2375, "Unemployment rate": 7.1, "Population dependency ratio": 53.0, "Food insecurity level (IPC)": 0.06, "Poverty Level (Relative Vulnerability - AMAAN)": 0.0, "Poverty Level (Internal Vulnerability - AMAAN)": 0.0, "composite_score": 0.146693169 }, "geometry": { "type": "Point", "coordinates": [ 35.604417579633768, 33.417715583610409 ] } },
{ "type": "Feature", "properties": { "rand_point_id": 1470, "adm3_name1": "مزرعة لوزيد", "adm3_pcode": "63348", "Nighttime light radiance": 0.81099999, "Household Deprivation Score": 0.333390582, "Negative Coping Tendency": 0.2375, "Unemployment rate": 7.1, "Population dependency ratio": 53.0, "Food insecurity level (IPC)": 0.06, "Poverty Level (Relative Vulnerability - AMAAN)": 0.0, "Poverty Level (Internal Vulnerability - AMAAN)": 0.0, "composite_score": 0.146689229 }, "geometry": { "type": "Point", "coordinates": [ 35.579777555953832, 33.41458262446784 ] } },
{ "type": "Feature", "properties": { "rand_point_id": 1471, "adm3_name1": "سجد", "adm3_pcode": "63351", "Nighttime light radiance": 2.0359091, "Household Deprivation Score": 0.333390582, "Negative Coping Tendency": 0.2375, "Unemployment rate": 7.1, "Population dependency ratio": 53.0, "Food insecurity level (IPC)": 0.06, "Poverty Level (Relative Vulnerability - AMAAN)": 0.000877342, "Poverty Level (Internal Vulnerability - AMAAN)": 1.602564103, "composite_score": 0.146138439 }, "geometry": { "type": "Point", "coordinates": [ 35.534412294877399, 33.429147260425566 ] } },
{ "type": "Feature", "properties": { "rand_point_id": 1472, "adm3_name1": "عيشية", "adm3_pcode": "63355", "Nighttime light radiance": 1.594843742, "Household Deprivation Score": 0.333390582, "Negative Coping Tendency": 0.2375, "Unemployment rate": 7.1, "Population dependency ratio": 53.0, "Food insecurity level (IPC)": 0.06, "Poverty Level (Relative Vulnerability - AMAAN)": 0.002105621, "Poverty Level (Internal Vulnerability - AMAAN)": 2.040816327, "composite_score": 0.146393268 }, "geometry": { "type": "Point", "coordinates": [ 35.578371555189641, 33.386953494267175 ] } },
{ "type": "Feature", "properties": { "rand_point_id": 1473, "adm3_name1": "اوزاعية", "adm3_pcode": "63359", "Nighttime light radiance": 1.031250007, "Household Deprivation Score": 0.333390582, "Negative Coping Tendency": 0.2375, "Unemployment rate": 7.1, "Population dependency ratio": 53.0, "Food insecurity level (IPC)": 0.06, "Poverty Level (Relative Vulnerability - AMAAN)": 0.0, "Poverty Level (Internal Vulnerability - AMAAN)": 0.0, "composite_score": 0.146596638 }, "geometry": { "type": "Point", "coordinates": [ 35.561315612225812, 33.395597795077897 ] } },
{ "type": "Feature", "properties": { "rand_point_id": 1474, "adm3_name1": "وردية", "adm3_pcode": "63363", "Nighttime light radiance": 0.894117646, "Household Deprivation Score": 0.333390582, "Negative Coping Tendency": 0.2375, "Unemployment rate": 7.1, "Population dependency ratio": 53.0, "Food insecurity level (IPC)": 0.06, "Poverty Level (Relative Vulnerability - AMAAN)": 0.0, "Poverty Level (Internal Vulnerability - AMAAN)": 0.0, "composite_score": 0.146667165 }, "geometry": { "type": "Point", "coordinates": [ 35.583156166649886, 33.388360495376105 ] } },
{ "type": "Feature", "properties": { "rand_point_id": 1475, "adm3_name1": "مزرعة العرقوب", "adm3_pcode": "63367", "Nighttime light radiance": 1.307272716, "Household Deprivation Score": 0.333390582, "Negative Coping Tendency": 0.2375, "Unemployment rate": 7.1, "Population dependency ratio": 53.0, "Food insecurity level (IPC)": 0.06, "Poverty Level (Relative Vulnerability - AMAAN)": 0.0, "Poverty Level (Internal Vulnerability - AMAAN)": 0.0, "composite_score": 0.146473733 }, "geometry": { "type": "Point", "coordinates": [ 35.545215314966256, 33.412008510717953 ] } },
{ "type": "Feature", "properties": { "rand_point_id": 1476, "adm3_name1": "محمودية جزين", "adm3_pcode": "63371", "Nighttime light radiance": 1.146315785, "Household Deprivation Score": 0.333390582, "Negative Coping Tendency": 0.2375, "Unemployment rate": 7.1, "Population dependency ratio": 53.0, "Food insecurity level (IPC)": 0.06, "Poverty Level (Relative Vulnerability - AMAAN)": 0.0, "Poverty Level (Internal Vulnerability - AMAAN)": 0.0, "composite_score": 0.146555688 }, "geometry": { "type": "Point", "coordinates": [ 35.552012959200489, 33.383137820651008 ] } },
{ "type": "Feature", "properties": { "rand_point_id": 1477, "adm3_name1": "الجرمق", "adm3_pcode": "63375", "Nighttime light radiance": 1.689199991, "Household Deprivation Score": 0.333390582, "Negative Coping Tendency": 0.2375, "Unemployment rate": 7.1, "Population dependency ratio": 53.0, "Food insecurity level (IPC)": 0.06, "Poverty Level (Relative Vulnerability - AMAAN)": 0.0, "Poverty Level (Internal Vulnerability - AMAAN)": 0.0, "composite_score": 0.146300028 }, "geometry": { "type": "Point", "coordinates": [ 35.543036281451826, 33.391763790737286 ] } },
{ "type": "Feature", "properties": { "rand_point_id": 1478, "adm3_name1": "داريا جزين", "adm3_pcode": "63378", "Nighttime light radiance": 0.87000000300000002, "Household Deprivation Score": 0.333390582, "Negative Coping Tendency": 0.2375, "Unemployment rate": 7.1, "Population dependency ratio": 53.0, "Food insecurity level (IPC)": 0.06, "Poverty Level (Relative Vulnerability - AMAAN)": 0.0, "Poverty Level (Internal Vulnerability - AMAAN)": 0.0, "composite_score": 0.146696538 }, "geometry": { "type": "Point", "coordinates": [ 35.604976773029648, 33.46264544096347 ] } },
{ "type": "Feature", "properties": { "rand_point_id": 1479, "adm3_name1": "دمشقية", "adm3_pcode": "63379", "Nighttime light radiance": 1.142142841, "Household Deprivation Score": 0.333390582, "Negative Coping Tendency": 0.2375, "Unemployment rate": 7.1, "Population dependency ratio": 53.0, "Food insecurity level (IPC)": 0.06, "Poverty Level (Relative Vulnerability - AMAAN)": 0.0, "Poverty Level (Internal Vulnerability - AMAAN)": 0.0, "composite_score": 0.146567186 }, "geometry": { "type": "Point", "coordinates": [ 35.538091597220102, 33.373096136408186 ] } },
{ "type": "Feature", "properties": { "rand_point_id": 1480, "adm3_name1": "مزرعة طمره", "adm3_pcode": "63383", "Nighttime light radiance": 1.123333335, "Household Deprivation Score": 0.333390582, "Negative Coping Tendency": 0.2375, "Unemployment rate": 7.1, "Population dependency ratio": 53.0, "Food insecurity level (IPC)": 0.06, "Poverty Level (Relative Vulnerability - AMAAN)": 0.0, "Poverty Level (Internal Vulnerability - AMAAN)": 0.0, "composite_score": 0.146580956 }, "geometry": { "type": "Point", "coordinates": [ 35.543358028987825, 33.356487960637786 ] } },
{ "type": "Feature", "properties": { "rand_point_id": 1481, "adm3_name1": "بوصلايا", "adm3_pcode": "63385", "Nighttime light radiance": 0.894375, "Household Deprivation Score": 0.333390582, "Negative Coping Tendency": 0.2375, "Unemployment rate": 7.1, "Population dependency ratio": 53.0, "Food insecurity level (IPC)": 0.06, "Poverty Level (Relative Vulnerability - AMAAN)": 0.0, "Poverty Level (Internal Vulnerability - AMAAN)": 0.0, "composite_score": 0.146693155 }, "geometry": { "type": "Point", "coordinates": [ 35.502331880282064, 33.503184209547918 ] } },
{ "type": "Feature", "properties": { "rand_point_id": 1482, "adm3_name1": "نبطية التحتا", "adm3_pcode": "71111", "Nighttime light radiance": 11.49634154, "Household Deprivation Score": 0.301494894, "Negative Coping Tendency": 0.5, "Unemployment rate": 10.1, "Population dependency ratio": 53.0, "Food insecurity level (IPC)": 0.06, "Poverty Level (Relative Vulnerability - AMAAN)": 0.146516162, "Poverty Level (Internal Vulnerability - AMAAN)": 2.669010708, "composite_score": 0.169718933 }, "geometry": { "type": "Point", "coordinates": [ 35.4820929857839, 33.377540770662826 ] } },
{ "type": "Feature", "properties": { "rand_point_id": 1483, "adm3_name1": "نبطية الفوقا", "adm3_pcode": "71113", "Nighttime light radiance": 4.338979575, "Household Deprivation Score": 0.301494894, "Negative Coping Tendency": 0.5, "Unemployment rate": 10.1, "Population dependency ratio": 53.0, "Food insecurity level (IPC)": 0.06, "Poverty Level (Relative Vulnerability - AMAAN)": 0.041235087, "Poverty Level (Internal Vulnerability - AMAAN)": 2.879549075, "composite_score": 0.170020243 }, "geometry": { "type": "Point", "coordinates": [ 35.500110981537333, 33.352898253177749 ] } },
{ "type": "Feature", "properties": { "rand_point_id": 1484, "adm3_name1": "علي الطاهر", "adm3_pcode": "71115", "Nighttime light radiance": 2.092499986, "Household Deprivation Score": 0.301494894, "Negative Coping Tendency": 0.5, "Unemployment rate": 10.1, "Population dependency ratio": 53.0, "Food insecurity level (IPC)": 0.06, "Poverty Level (Relative Vulnerability - AMAAN)": 0.0, "Poverty Level (Internal Vulnerability - AMAAN)": 0.0, "composite_score": 0.169859523 }, "geometry": { "type": "Point", "coordinates": [ 35.513787216791719, 33.368150682806373 ] } },
{ "type": "Feature", "properties": { "rand_point_id": 1485, "adm3_name1": "مزرعة كفر جوز", "adm3_pcode": "71117", "Nighttime light radiance": 6.748999929, "Household Deprivation Score": 0.301494894, "Negative Coping Tendency": 0.5, "Unemployment rate": 10.1, "Population dependency ratio": 53.0, "Food insecurity level (IPC)": 0.06, "Poverty Level (Relative Vulnerability - AMAAN)": 0.02386371, "Poverty Level (Internal Vulnerability - AMAAN)": 6.640625, "composite_score": 0.168368274 }, "geometry": { "type": "Point", "coordinates": [ 35.470733220368139, 33.398346924272204 ] } },
{ "type": "Feature", "properties": { "rand_point_id": 1486, "adm3_name1": "زبدين النبطية", "adm3_pcode": "71122", "Nighttime light radiance": 6.652083298, "Household Deprivation Score": 0.301494894, "Negative Coping Tendency": 0.5, "Unemployment rate": 10.1, "Population dependency ratio": 53.0, "Food insecurity level (IPC)": 0.06, "Poverty Level (Relative Vulnerability - AMAAN)": 0.045270862, "Poverty Level (Internal Vulnerability - AMAAN)": 3.857655502, "composite_score": 0.169045893 }, "geometry": { "type": "Point", "coordinates": [ 35.469762582027904, 33.369677645773166 ] } },
{ "type": "Feature", "properties": { "rand_point_id": 1487, "adm3_name1": "كفر رمان", "adm3_pcode": "71133", "Nighttime light radiance": 4.362405075, "Household Deprivation Score": 0.301494894, "Negative Coping Tendency": 0.5, "Unemployment rate": 10.1, "Population dependency ratio": 53.0, "Food insecurity level (IPC)": 0.06, "Poverty Level (Relative Vulnerability - AMAAN)": 0.087032355, "Poverty Level (Internal Vulnerability - AMAAN)": 6.337848198, "composite_score": 0.171411833 }, "geometry": { "type": "Point", "coordinates": [ 35.519282018076275, 33.385296419815305 ] } },
{ "type": "Feature", "properties": { "rand_point_id": 1488, "adm3_name1": "شوكين", "adm3_pcode": "71144", "Nighttime light radiance": 2.743571392, "Household Deprivation Score": 0.301494894, "Negative Coping Tendency": 0.5, "Unemployment rate": 10.1, "Population dependency ratio": 53.0, "Food insecurity level (IPC)": 0.06, "Poverty Level (Relative Vulnerability - AMAAN)": 0.017195909, "Poverty Level (Internal Vulnerability - AMAAN)": 5.99755202, "composite_score": 0.17012022 }, "geometry": { "type": "Point", "coordinates": [ 35.461183619677236, 33.352992614206492 ] } },
{ "type": "Feature", "properties": { "rand_point_id": 1489, "adm3_name1": "حبوش", "adm3_pcode": "71155", "Nighttime light radiance": 5.392340419, "Household Deprivation Score": 0.301494894, "Negative Coping Tendency": 0.5, "Unemployment rate": 10.1, "Population dependency ratio": 53.0, "Food insecurity level (IPC)": 0.06, "Poverty Level (Relative Vulnerability - AMAAN)": 0.121775109, "Poverty Level (Internal Vulnerability - AMAAN)": 5.560006409, "composite_score": 0.171975092 }, "geometry": { "type": "Point", "coordinates": [ 35.484404372476462, 33.407409084119124 ] } },
{ "type": "Feature", "properties": { "rand_point_id": 1490, "adm3_name1": "كفر تبنيت", "adm3_pcode": "71166", "Nighttime light radiance": 2.523095242, "Household Deprivation Score": 0.301494894, "Negative Coping Tendency": 0.5, "Unemployment rate": 10.1, "Population dependency ratio": 53.0, "Food insecurity level (IPC)": 0.06, "Poverty Level (Relative Vulnerability - AMAAN)": 0.069660977, "Poverty Level (Internal Vulnerability - AMAAN)": 6.448992853, "composite_score": 0.171816457 }, "geometry": { "type": "Point", "coordinates": [ 35.526733528444936, 33.361037163721299 ] } },
{ "type": "Feature", "properties": { "rand_point_id": 1491, "adm3_name1": "الكفور النبطية", "adm3_pcode": "71177", "Nighttime light radiance": 3.117692284, "Household Deprivation Score": 0.301494894, "Negative Coping Tendency": 0.5, "Unemployment rate": 10.1, "Population dependency ratio": 53.0, "Food insecurity level (IPC)": 0.06, "Poverty Level (Relative Vulnerability - AMAAN)": 0.0, "Poverty Level (Internal Vulnerability - AMAAN)": 0.0, "composite_score": 0.169441359 }, "geometry": { "type": "Point", "coordinates": [ 35.452218219962127, 33.40294778027657 ] } },
{ "type": "Feature", "properties": { "rand_point_id": 1492, "adm3_name1": "جباع النبطية", "adm3_pcode": "71211", "Nighttime light radiance": 1.777910439, "Household Deprivation Score": 0.301494894, "Negative Coping Tendency": 0.5, "Unemployment rate": 10.1, "Population dependency ratio": 53.0, "Food insecurity level (IPC)": 0.06, "Poverty Level (Relative Vulnerability - AMAAN)": 0.025267458, "Poverty Level (Internal Vulnerability - AMAAN)": 3.754889179, "composite_score": 0.17089341 }, "geometry": { "type": "Point", "coordinates": [ 35.520298270437841, 33.498986464667034 ] } },
{ "type": "Feature", "properties": { "rand_point_id": 1493, "adm3_name1": "مزرعة عين بوسوار", "adm3_pcode": "71216", "Nighttime light radiance": 2.048750028, "Household Deprivation Score": 0.301494894, "Negative Coping Tendency": 0.5, "Unemployment rate": 10.1, "Population dependency ratio": 53.0, "Food insecurity level (IPC)": 0.06, "Poverty Level (Relative Vulnerability - AMAAN)": 0.00684327, "Poverty Level (Internal Vulnerability - AMAAN)": 5.058365759, "composite_score": 0.170226529 }, "geometry": { "type": "Point", "coordinates": [ 35.525656040299992, 33.472575144581725 ] } },
{ "type": "Feature", "properties": { "rand_point_id": 1494, "adm3_name1": "كفرفيلا", "adm3_pcode": "71221", "Nighttime light radiance": 1.442799997, "Household Deprivation Score": 0.301494894, "Negative Coping Tendency": 0.5, "Unemployment rate": 10.1, "Population dependency ratio": 53.0, "Food insecurity level (IPC)": 0.06, "Poverty Level (Relative Vulnerability - AMAAN)": 0.014388413, "Poverty Level (Internal Vulnerability - AMAAN)": 4.013705335, "composite_score": 0.170743197 }, "geometry": { "type": "Point", "coordinates": [ 35.494790831270095, 33.478551218985757 ] } },
{ "type": "Feature", "properties": { "rand_point_id": 1495, "adm3_name1": "عين قانا", "adm3_pcode": "71226", "Nighttime light radiance": 1.845624993, "Household Deprivation Score": 0.301494894, "Negative Coping Tendency": 0.5, "Unemployment rate": 10.1, "Population dependency ratio": 53.0, "Food insecurity level (IPC)": 0.06, "Poverty Level (Relative Vulnerability - AMAAN)": 0.058430996, "Poverty Level (Internal Vulnerability - AMAAN)": 10.85043988, "composite_score": 0.171897665 }, "geometry": { "type": "Point", "coordinates": [ 35.5115977489682, 33.473359814030957 ] } },
{ "type": "Feature", "properties": { "rand_point_id": 1496, "adm3_name1": "جرجوع", "adm3_pcode": "71231", "Nighttime light radiance": 2.050294121, "Household Deprivation Score": 0.301494894, "Negative Coping Tendency": 0.5, "Unemployment rate": 10.1, "Population dependency ratio": 53.0, "Food insecurity level (IPC)": 0.06, "Poverty Level (Relative Vulnerability - AMAAN)": 0.003509369, "Poverty Level (Internal Vulnerability - AMAAN)": 0.804828974, "composite_score": 0.170125522 }, "geometry": { "type": "Point", "coordinates": [ 35.513374394090441, 33.441560956868635 ] } },
{ "type": "Feature", "properties": { "rand_point_id": 1497, "adm3_name1": "صربا النبطية", "adm3_pcode": "71236", "Nighttime light radiance": 1.572777785, "Household Deprivation Score": 0.301494894, "Negative Coping Tendency": 0.5, "Unemployment rate": 10.1, "Population dependency ratio": 53.0, "Food insecurity level (IPC)": 0.06, "Poverty Level (Relative Vulnerability - AMAAN)": 0.0, "Poverty Level (Internal Vulnerability - AMAAN)": 0.0, "composite_score": 0.170252448 }, "geometry": { "type": "Point", "coordinates": [ 35.465515777350674, 33.465452321651917 ] } },
{ "type": "Feature", "properties": { "rand_point_id": 1498, "adm3_name1": "مزرعة الخريبة", "adm3_pcode": "71241", "Nighttime light radiance": 1.531000006, "Household Deprivation Score": 0.301494894, "Negative Coping Tendency": 0.5, "Unemployment rate": 10.1, "Population dependency ratio": 53.0, "Food insecurity level (IPC)": 0.06, "Poverty Level (Relative Vulnerability - AMAAN)": 0.0, "Poverty Level (Internal Vulnerability - AMAAN)": 0.0, "composite_score": 0.170278423 }, "geometry": { "type": "Point", "coordinates": [ 35.454759093221043, 33.471820072677396 ] } },
{ "type": "Feature", "properties": { "rand_point_id": 1499, "adm3_name1": "حومين الفوقا", "adm3_pcode": "71246", "Nighttime light radiance": 1.67285715, "Household Deprivation Score": 0.301494894, "Negative Coping Tendency": 0.5, "Unemployment rate": 10.1, "Population dependency ratio": 53.0, "Food insecurity level (IPC)": 0.06, "Poverty Level (Relative Vulnerability - AMAAN)": 0.01702044, "Poverty Level (Internal Vulnerability - AMAAN)": 2.246410375, "composite_score": 0.170733092 }, "geometry": { "type": "Point", "coordinates": [ 35.494220145273566, 33.444659920986659 ] } },
{ "type": "Feature", "properties": { "rand_point_id": 1500, "adm3_name1": "حميلة", "adm3_pcode": "71251", "Nighttime light radiance": 0.950625002, "Household Deprivation Score": 0.301494894, "Negative Coping Tendency": 0.5, "Unemployment rate": 10.1, "Population dependency ratio": 53.0, "Food insecurity level (IPC)": 0.06, "Poverty Level (Relative Vulnerability - AMAAN)": 0.0, "Poverty Level (Internal Vulnerability - AMAAN)": 0.0, "composite_score": 0.170568683 }, "geometry": { "type": "Point", "coordinates": [ 35.475553575116429, 33.448700511969605 ] } },
{ "type": "Feature", "properties": { "rand_point_id": 1501, "adm3_name1": "عرب صاليم", "adm3_pcode": "71256", "Nighttime light radiance": 4.76857137, "Household Deprivation Score": 0.301494894, "Negative Coping Tendency": 0.5, "Unemployment rate": 10.1, "Population dependency ratio": 53.0, "Food insecurity level (IPC)": 0.06, "Poverty Level (Relative Vulnerability - AMAAN)": 0.024565584, "Poverty Level (Internal Vulnerability - AMAAN)": 1.884506663, "composite_score": 0.169483119 }, "geometry": { "type": "Point", "coordinates": [ 35.506005159104788, 33.425328066526276 ] } },
{ "type": "Feature", "properties": { "rand_point_id": 1502, "adm3_name1": "رومين", "adm3_pcode": "71261", "Nighttime light radiance": 1.88074074, "Household Deprivation Score": 0.301494894, "Negative Coping Tendency": 0.5, "Unemployment rate": 10.1, "Population dependency ratio": 53.0, "Food insecurity level (IPC)": 0.06, "Poverty Level (Relative Vulnerability - AMAAN)": 0.010177171, "Poverty Level (Internal Vulnerability - AMAAN)": 2.286164762, "composite_score": 0.170447569 }, "geometry": { "type": "Point", "coordinates": [ 35.429762747925786, 33.461100130949639 ] } },
{ "type": "Feature", "properties": { "rand_point_id": 1503, "adm3_name1": "حومين التحتا", "adm3_pcode": "71266", "Nighttime light radiance": 2.574000008, "Household Deprivation Score": 0.301494894, "Negative Coping Tendency": 0.5, "Unemployment rate": 10.1, "Population dependency ratio": 53.0, "Food insecurity level (IPC)": 0.06, "Poverty Level (Relative Vulnerability - AMAAN)": 0.010703576, "Poverty Level (Internal Vulnerability - AMAAN)": 2.629310345, "composite_score": 0.170138157 }, "geometry": { "type": "Point", "coordinates": [ 35.430137968128683, 33.470907132446982 ] } },
{ "type": "Feature", "properties": { "rand_point_id": 1504, "adm3_name1": "عزه", "adm3_pcode": "71271", "Nighttime light radiance": 1.524642857, "Household Deprivation Score": 0.301494894, "Negative Coping Tendency": 0.5, "Unemployment rate": 10.1, "Population dependency ratio": 53.0, "Food insecurity level (IPC)": 0.06, "Poverty Level (Relative Vulnerability - AMAAN)": 0.00228109, "Poverty Level (Internal Vulnerability - AMAAN)": 1.813110181, "composite_score": 0.170393021 }, "geometry": { "type": "Point", "coordinates": [ 35.432323829035816, 33.457436431433813 ] } },
{ "type": "Feature", "properties": { "rand_point_id": 1505, "adm3_name1": "كفروة أو بفروة", "adm3_pcode": "71276", "Nighttime light radiance": 2.575714277, "Household Deprivation Score": 0.301494894, "Negative Coping Tendency": 0.5, "Unemployment rate": 10.1, "Population dependency ratio": 53.0, "Food insecurity level (IPC)": 0.06, "Poverty Level (Relative Vulnerability - AMAAN)": 0.041059619, "Poverty Level (Internal Vulnerability - AMAAN)": 12.02466598, "composite_score": 0.17109469 }, "geometry": { "type": "Point", "coordinates": [ 35.424917065863099, 33.436379819022918 ] } },
{ "type": "Feature", "properties": { "rand_point_id": 1506, "adm3_name1": "زفتا", "adm3_pcode": "71281", "Nighttime light radiance": 4.528333351, "Household Deprivation Score": 0.301494894, "Negative Coping Tendency": 0.5, "Unemployment rate": 10.1, "Population dependency ratio": 53.0, "Food insecurity level (IPC)": 0.06, "Poverty Level (Relative Vulnerability - AMAAN)": 0.032286196, "Poverty Level (Internal Vulnerability - AMAAN)": 4.170444243, "composite_score": 0.169868042 }, "geometry": { "type": "Point", "coordinates": [ 35.398058024313812, 33.451549556128974 ] } },
{ "type": "Feature", "properties": { "rand_point_id": 1507, "adm3_name1": "دير الزهراني", "adm3_pcode": "71311", "Nighttime light radiance": 2.854264712, "Household Deprivation Score": 0.301494894, "Negative Coping Tendency": 0.5, "Unemployment rate": 10.1, "Population dependency ratio": 53.0, "Food insecurity level (IPC)": 0.06, "Poverty Level (Relative Vulnerability - AMAAN)": 0.045095393, "Poverty Level (Internal Vulnerability - AMAAN)": 2.957422325, "composite_score": 0.17108275 }, "geometry": { "type": "Point", "coordinates": [ 35.426078524009242, 33.427584129594685 ] } },
{ "type": "Feature", "properties": { "rand_point_id": 1508, "adm3_name1": "مزرعة البياض", "adm3_pcode": "71314", "Nighttime light radiance": 2.052307679, "Household Deprivation Score": 0.301494894, "Negative Coping Tendency": 0.5, "Unemployment rate": 10.1, "Population dependency ratio": 53.0, "Food insecurity level (IPC)": 0.06, "Poverty Level (Relative Vulnerability - AMAAN)": 0.001403748, "Poverty Level (Internal Vulnerability - AMAAN)": 5.0, "composite_score": 0.170178906 }, "geometry": { "type": "Point", "coordinates": [ 35.482956965867757, 33.428385689034094 ] } },
{ "type": "Feature", "properties": { "rand_point_id": 1509, "adm3_name1": "شرقية", "adm3_pcode": "71321", "Nighttime light radiance": 2.828928577, "Household Deprivation Score": 0.301494894, "Negative Coping Tendency": 0.5, "Unemployment rate": 10.1, "Population dependency ratio": 53.0, "Food insecurity level (IPC)": 0.06, "Poverty Level (Relative Vulnerability - AMAAN)": 0.020354341, "Poverty Level (Internal Vulnerability - AMAAN)": 3.213296399, "composite_score": 0.170371132 }, "geometry": { "type": "Point", "coordinates": [ 35.423108837840161, 33.400956633885805 ] } },
{ "type": "Feature", "properties": { "rand_point_id": 1510, "adm3_name1": "تول", "adm3_pcode": "71324", "Nighttime light radiance": 6.406250075, "Household Deprivation Score": 0.301494894, "Negative Coping Tendency": 0.5, "Unemployment rate": 10.1, "Population dependency ratio": 53.0, "Food insecurity level (IPC)": 0.06, "Poverty Level (Relative Vulnerability - AMAAN)": 0.102473579, "Poverty Level (Internal Vulnerability - AMAAN)": 15.61079925, "composite_score": 0.171158963 }, "geometry": { "type": "Point", "coordinates": [ 35.439064067977107, 33.38689870475995 ] } },
{ "type": "Feature", "properties": { "rand_point_id": 1511, "adm3_name1": "نميرية", "adm3_pcode": "71327", "Nighttime light radiance": 2.483157876, "Household Deprivation Score": 0.301494894, "Negative Coping Tendency": 0.5, "Unemployment rate": 10.1, "Population dependency ratio": 53.0, "Food insecurity level (IPC)": 0.06, "Poverty Level (Relative Vulnerability - AMAAN)": 0.025618395, "Poverty Level (Internal Vulnerability - AMAAN)": 3.424015009, "composite_score": 0.170701802 }, "geometry": { "type": "Point", "coordinates": [ 35.405769892405516, 33.409658698125199 ] } },
{ "type": "Feature", "properties": { "rand_point_id": 1512, "adm3_name1": "حروف", "adm3_pcode": "71331", "Nighttime light radiance": 3.572702714, "Household Deprivation Score": 0.301494894, "Negative Coping Tendency": 0.5, "Unemployment rate": 10.1, "Population dependency ratio": 53.0, "Food insecurity level (IPC)": 0.06, "Poverty Level (Relative Vulnerability - AMAAN)": 0.149674594, "Poverty Level (Internal Vulnerability - AMAAN)": 8.109135849, "composite_score": 0.173898925 }, "geometry": { "type": "Point", "coordinates": [ 35.433832741711278, 33.378034800981084 ] } },
{ "type": "Feature", "properties": { "rand_point_id": 1513, "adm3_name1": "الدوير النبطية", "adm3_pcode": "71334", "Nighttime light radiance": 2.749622642, "Household Deprivation Score": 0.301494894, "Negative Coping Tendency": 0.5, "Unemployment rate": 10.1, "Population dependency ratio": 53.0, "Food insecurity level (IPC)": 0.06, "Poverty Level (Relative Vulnerability - AMAAN)": 0.045270862, "Poverty Level (Internal Vulnerability - AMAAN)": 2.266139657, "composite_score": 0.171162417 }, "geometry": { "type": "Point", "coordinates": [ 35.403448384275954, 33.386154125995425 ] } },
{ "type": "Feature", "properties": { "rand_point_id": 1514, "adm3_name1": "جبشيت", "adm3_pcode": "71337", "Nighttime light radiance": 3.713499978, "Household Deprivation Score": 0.301494894, "Negative Coping Tendency": 0.5, "Unemployment rate": 10.1, "Population dependency ratio": 53.0, "Food insecurity level (IPC)": 0.06, "Poverty Level (Relative Vulnerability - AMAAN)": 0.062291302, "Poverty Level (Internal Vulnerability - AMAAN)": 3.395179801, "composite_score": 0.171215475 }, "geometry": { "type": "Point", "coordinates": [ 35.416639234258888, 33.36509920259585 ] } },
{ "type": "Feature", "properties": { "rand_point_id": 1515, "adm3_name1": "مزرعة شلبعل", "adm3_pcode": "71341", "Nighttime light radiance": 1.691176485, "Household Deprivation Score": 0.301494894, "Negative Coping Tendency": 0.5, "Unemployment rate": 10.1, "Population dependency ratio": 53.0, "Food insecurity level (IPC)": 0.06, "Poverty Level (Relative Vulnerability - AMAAN)": 0.0, "Poverty Level (Internal Vulnerability - AMAAN)": 0.0, "composite_score": 0.17032029 }, "geometry": { "type": "Point", "coordinates": [ 35.388543983164787, 33.379579497288148 ] } },
{ "type": "Feature", "properties": { "rand_point_id": 1516, "adm3_name1": "ميفدون", "adm3_pcode": "71344", "Nighttime light radiance": 3.374722219, "Household Deprivation Score": 0.301494894, "Negative Coping Tendency": 0.5, "Unemployment rate": 10.1, "Population dependency ratio": 53.0, "Food insecurity level (IPC)": 0.06, "Poverty Level (Relative Vulnerability - AMAAN)": 0.02842589, "Poverty Level (Internal Vulnerability - AMAAN)": 2.432797717, "composite_score": 0.170373547 }, "geometry": { "type": "Point", "coordinates": [ 35.480709839216232, 33.341131646176549 ] } },
{ "type": "Feature", "properties": { "rand_point_id": 1517, "adm3_name1": "عدشيت الشقيف", "adm3_pcode": "71347", "Nighttime light radiance": 3.657083303, "Household Deprivation Score": 0.301494894, "Negative Coping Tendency": 0.5, "Unemployment rate": 10.1, "Population dependency ratio": 53.0, "Food insecurity level (IPC)": 0.06, "Poverty Level (Relative Vulnerability - AMAAN)": 0.08299658, "Poverty Level (Internal Vulnerability - AMAAN)": 12.80454792, "composite_score": 0.17191256 }, "geometry": { "type": "Point", "coordinates": [ 35.413713662117466, 33.344909050899652 ] } },
{ "type": "Feature", "properties": { "rand_point_id": 1518, "adm3_name1": "عبا", "adm3_pcode": "71351", "Nighttime light radiance": 1.839512198, "Household Deprivation Score": 0.301494894, "Negative Coping Tendency": 0.5, "Unemployment rate": 10.1, "Population dependency ratio": 53.0, "Food insecurity level (IPC)": 0.06, "Poverty Level (Relative Vulnerability - AMAAN)": 0.04772742, "Poverty Level (Internal Vulnerability - AMAAN)": 4.32914213, "composite_score": 0.17170142 }, "geometry": { "type": "Point", "coordinates": [ 35.405504441569512, 33.358894064522339 ] } },
{ "type": "Feature", "properties": { "rand_point_id": 1519, "adm3_name1": "كفردجال", "adm3_pcode": "71354", "Nighttime light radiance": 3.856249973, "Household Deprivation Score": 0.301494894, "Negative Coping Tendency": 0.5, "Unemployment rate": 10.1, "Population dependency ratio": 53.0, "Food insecurity level (IPC)": 0.06, "Poverty Level (Relative Vulnerability - AMAAN)": 0.000877342, "Poverty Level (Internal Vulnerability - AMAAN)": 10.41666667, "composite_score": 0.169369334 }, "geometry": { "type": "Point", "coordinates": [ 35.436256696804691, 33.347013932967698 ] } },
{ "type": "Feature", "properties": { "rand_point_id": 1520, "adm3_name1": "مزرعة دمول", "adm3_pcode": "71357", "Nighttime light radiance": 2.183684217, "Household Deprivation Score": 0.301494894, "Negative Coping Tendency": 0.5, "Unemployment rate": 10.1, "Population dependency ratio": 53.0, "Food insecurity level (IPC)": 0.06, "Poverty Level (Relative Vulnerability - AMAAN)": 0.0, "Poverty Level (Internal Vulnerability - AMAAN)": 0.0, "composite_score": 0.170103039 }, "geometry": { "type": "Point", "coordinates": [ 35.386247728888286, 33.3707347799674 ] } },
{ "type": "Feature", "properties": { "rand_point_id": 1521, "adm3_name1": "إنصار", "adm3_pcode": "71361", "Nighttime light radiance": 2.101022719, "Household Deprivation Score": 0.301494894, "Negative Coping Tendency": 0.5, "Unemployment rate": 10.1, "Population dependency ratio": 53.0, "Food insecurity level (IPC)": 0.06, "Poverty Level (Relative Vulnerability - AMAAN)": 0.083873922, "Poverty Level (Internal Vulnerability - AMAAN)": 3.874209758, "composite_score": 0.172662257 }, "geometry": { "type": "Point", "coordinates": [ 35.362209294070098, 33.372593954220832 ] } },
{ "type": "Feature", "properties": { "rand_point_id": 1522, "adm3_name1": "زوطر الغربية", "adm3_pcode": "71364", "Nighttime light radiance": 1.540645169, "Household Deprivation Score": 0.301494894, "Negative Coping Tendency": 0.5, "Unemployment rate": 10.1, "Population dependency ratio": 53.0, "Food insecurity level (IPC)": 0.06, "Poverty Level (Relative Vulnerability - AMAAN)": 0.017546846, "Poverty Level (Internal Vulnerability - AMAAN)": 6.68002672, "composite_score": 0.170971839 }, "geometry": { "type": "Point", "coordinates": [ 35.464548491986129, 33.325167281044628 ] } },
{ "type": "Feature", "properties": { "rand_point_id": 1523, "adm3_name1": "زوطر الشرقية", "adm3_pcode": "71367", "Nighttime light radiance": 2.779565233, "Household Deprivation Score": 0.301494894, "Negative Coping Tendency": 0.5, "Unemployment rate": 10.1, "Population dependency ratio": 53.0, "Food insecurity level (IPC)": 0.06, "Poverty Level (Relative Vulnerability - AMAAN)": 0.025969332, "Poverty Level (Internal Vulnerability - AMAAN)": 5.04947117, "composite_score": 0.170624735 }, "geometry": { "type": "Point", "coordinates": [ 35.475530386308044, 33.317081244964214 ] } },
{ "type": "Feature", "properties": { "rand_point_id": 1524, "adm3_name1": "الحمرا النبطية", "adm3_pcode": "71371", "Nighttime light radiance": 2.061304362, "Household Deprivation Score": 0.301494894, "Negative Coping Tendency": 0.5, "Unemployment rate": 10.1, "Population dependency ratio": 53.0, "Food insecurity level (IPC)": 0.06, "Poverty Level (Relative Vulnerability - AMAAN)": 0.0, "Poverty Level (Internal Vulnerability - AMAAN)": 0.0, "composite_score": 0.17017836 }, "geometry": { "type": "Point", "coordinates": [ 35.502576448867067, 33.333092181264156 ] } },
{ "type": "Feature", "properties": { "rand_point_id": 1525, "adm3_name1": "قصيبة النبطية", "adm3_pcode": "71374", "Nighttime light radiance": 4.934814824, "Household Deprivation Score": 0.301494894, "Negative Coping Tendency": 0.5, "Unemployment rate": 10.1, "Population dependency ratio": 53.0, "Food insecurity level (IPC)": 0.06, "Poverty Level (Relative Vulnerability - AMAAN)": 0.065625203, "Poverty Level (Internal Vulnerability - AMAAN)": 6.387702818, "composite_score": 0.170786061 }, "geometry": { "type": "Point", "coordinates": [ 35.40588525628317, 33.337816451385869 ] } },
{ "type": "Feature", "properties": { "rand_point_id": 1526, "adm3_name1": "أرنون", "adm3_pcode": "71377", "Nighttime light radiance": 1.955483875, "Household Deprivation Score": 0.301494894, "Negative Coping Tendency": 0.5, "Unemployment rate": 10.1, "Population dependency ratio": 53.0, "Food insecurity level (IPC)": 0.06, "Poverty Level (Relative Vulnerability - AMAAN)": 0.016844972, "Poverty Level (Internal Vulnerability - AMAAN)": 9.825997953, "composite_score": 0.170781278 }, "geometry": { "type": "Point", "coordinates": [ 35.5326043987424, 33.327790965360187 ] } },
{ "type": "Feature", "properties": { "rand_point_id": 1527, "adm3_name1": "قعقعية الجسر", "adm3_pcode": "71381", "Nighttime light radiance": 2.436170213, "Household Deprivation Score": 0.301494894, "Negative Coping Tendency": 0.5, "Unemployment rate": 10.1, "Population dependency ratio": 53.0, "Food insecurity level (IPC)": 0.06, "Poverty Level (Relative Vulnerability - AMAAN)": 0.061238491, "Poverty Level (Internal Vulnerability - AMAAN)": 5.516042358, "composite_score": 0.171858422 }, "geometry": { "type": "Point", "coordinates": [ 35.418834121554795, 33.318872311664123 ] } },
{ "type": "Feature", "properties": { "rand_point_id": 1528, "adm3_name1": "مزرعة قلعة ميس", "adm3_pcode": "71384", "Nighttime light radiance": 0.918333337, "Household Deprivation Score": 0.301494894, "Negative Coping Tendency": 0.5, "Unemployment rate": 10.1, "Population dependency ratio": 53.0, "Food insecurity level (IPC)": 0.06, "Poverty Level (Relative Vulnerability - AMAAN)": 0.0, "Poverty Level (Internal Vulnerability - AMAAN)": 0.0, "composite_score": 0.170742044 }, "geometry": { "type": "Point", "coordinates": [ 35.353968832724007, 33.356838538344149 ] } },
{ "type": "Feature", "properties": { "rand_point_id": 1529, "adm3_name1": "مزرعة بصفُور", "adm3_pcode": "71386", "Nighttime light radiance": 1.284999992, "Household Deprivation Score": 0.301494894, "Negative Coping Tendency": 0.5, "Unemployment rate": 10.1, "Population dependency ratio": 53.0, "Food insecurity level (IPC)": 0.06, "Poverty Level (Relative Vulnerability - AMAAN)": 0.0, "Poverty Level (Internal Vulnerability - AMAAN)": 0.0, "composite_score": 0.170568538 }, "geometry": { "type": "Point", "coordinates": [ 35.392816547252764, 33.400179041264771 ] } },
{ "type": "Feature", "properties": { "rand_point_id": 1530, "adm3_name1": "بريقع", "adm3_pcode": "71387", "Nighttime light radiance": 2.650344814, "Household Deprivation Score": 0.301494894, "Negative Coping Tendency": 0.5, "Unemployment rate": 10.1, "Population dependency ratio": 53.0, "Food insecurity level (IPC)": 0.06, "Poverty Level (Relative Vulnerability - AMAAN)": 0.022109026, "Poverty Level (Internal Vulnerability - AMAAN)": 5.475880052, "composite_score": 0.170597385 }, "geometry": { "type": "Point", "coordinates": [ 35.371479945682147, 33.352122830671235 ] } },
{ "type": "Feature", "properties": { "rand_point_id": 1531, "adm3_name1": "كفرصير", "adm3_pcode": "71391", "Nighttime light radiance": 2.441600003, "Household Deprivation Score": 0.301494894, "Negative Coping Tendency": 0.5, "Unemployment rate": 10.1, "Population dependency ratio": 53.0, "Food insecurity level (IPC)": 0.06, "Poverty Level (Relative Vulnerability - AMAAN)": 0.072643941, "Poverty Level (Internal Vulnerability - AMAAN)": 5.4538269, "composite_score": 0.172207058 }, "geometry": { "type": "Point", "coordinates": [ 35.400590310340576, 33.308922174114691 ] } },
{ "type": "Feature", "properties": { "rand_point_id": 1532, "adm3_name1": "يحمر", "adm3_pcode": "71394", "Nighttime light radiance": 1.205076921, "Household Deprivation Score": 0.301494894, "Negative Coping Tendency": 0.5, "Unemployment rate": 10.1, "Population dependency ratio": 53.0, "Food insecurity level (IPC)": 0.06, "Poverty Level (Relative Vulnerability - AMAAN)": 0.060185681, "Poverty Level (Internal Vulnerability - AMAAN)": 13.38275458, "composite_score": 0.172467775 }, "geometry": { "type": "Point", "coordinates": [ 35.503979346253466, 33.32605488507712 ] } },
{ "type": "Feature", "properties": { "rand_point_id": 1533, "adm3_name1": "صير الغربية", "adm3_pcode": "71397", "Nighttime light radiance": 1.566969698, "Household Deprivation Score": 0.301494894, "Negative Coping Tendency": 0.5, "Unemployment rate": 10.1, "Population dependency ratio": 53.0, "Food insecurity level (IPC)": 0.06, "Poverty Level (Relative Vulnerability - AMAAN)": 0.029829638, "Poverty Level (Internal Vulnerability - AMAAN)": 3.779457537, "composite_score": 0.171351342 }, "geometry": { "type": "Point", "coordinates": [ 35.352160893737043, 33.320198333095348 ] } },
{ "type": "Feature", "properties": { "rand_point_id": 1534, "adm3_name1": "بنت جبيل", "adm3_pcode": "72111", "Nighttime light radiance": 3.787272708, "Household Deprivation Score": 0.631030171, "Negative Coping Tendency": 3.6375, "Unemployment rate": 10.6, "Population dependency ratio": 60.7, "Food insecurity level (IPC)": 0.21, "Poverty Level (Relative Vulnerability - AMAAN)": 0.063344113, "Poverty Level (Internal Vulnerability - AMAAN)": 3.850666667, "composite_score": 0.473666351 }, "geometry": { "type": "Point", "coordinates": [ 35.422452359154924, 33.122482674236885 ] } },
{ "type": "Feature", "properties": { "rand_point_id": 1535, "adm3_name1": "عيناتا بنت جبيل", "adm3_pcode": "72119", "Nighttime light radiance": 3.781199989, "Household Deprivation Score": 0.631030171, "Negative Coping Tendency": 3.6375, "Unemployment rate": 10.6, "Population dependency ratio": 60.7, "Food insecurity level (IPC)": 0.21, "Poverty Level (Relative Vulnerability - AMAAN)": 0.020880746, "Poverty Level (Internal Vulnerability - AMAAN)": 3.545887962, "composite_score": 0.472412885 }, "geometry": { "type": "Point", "coordinates": [ 35.442143329076877, 33.135537835593084 ] } },
{ "type": "Feature", "properties": { "rand_point_id": 1536, "adm3_name1": "مارون الراس", "adm3_pcode": "72127", "Nighttime light radiance": 1.69435896, "Household Deprivation Score": 0.631030171, "Negative Coping Tendency": 3.6375, "Unemployment rate": 10.6, "Population dependency ratio": 60.7, "Food insecurity level (IPC)": 0.21, "Poverty Level (Relative Vulnerability - AMAAN)": 0.003860306, "Poverty Level (Internal Vulnerability - AMAAN)": 6.567164179, "composite_score": 0.472929874 }, "geometry": { "type": "Point", "coordinates": [ 35.461044153984304, 33.10540936127812 ] } },
{ "type": "Feature", "properties": { "rand_point_id": 1537, "adm3_name1": "الصلحاني", "adm3_pcode": "72135", "Nighttime light radiance": 0.718749993, "Household Deprivation Score": 0.631030171, "Negative Coping Tendency": 3.6375, "Unemployment rate": 10.6, "Population dependency ratio": 60.7, "Food insecurity level (IPC)": 0.21, "Poverty Level (Relative Vulnerability - AMAAN)": 0.0, "Poverty Level (Internal Vulnerability - AMAAN)": 0.0, "composite_score": 0.473263377 }, "geometry": { "type": "Point", "coordinates": [ 35.30611118674193, 33.134223385751234 ] } },
{ "type": "Feature", "properties": { "rand_point_id": 1538, "adm3_name1": "عين ابل", "adm3_pcode": "72143", "Nighttime light radiance": 2.56750001, "Household Deprivation Score": 0.631030171, "Negative Coping Tendency": 3.6375, "Unemployment rate": 10.6, "Population dependency ratio": 60.7, "Food insecurity level (IPC)": 0.21, "Poverty Level (Relative Vulnerability - AMAAN)": 0.001754685, "Poverty Level (Internal Vulnerability - AMAAN)": 0.417885499, "composite_score": 0.472440175 }, "geometry": { "type": "Point", "coordinates": [ 35.386610755497735, 33.097269110599697 ] } },
{ "type": "Feature", "properties": { "rand_point_id": 1539, "adm3_name1": "عيترون", "adm3_pcode": "72151", "Nighttime light radiance": 1.7803896, "Household Deprivation Score": 0.631030171, "Negative Coping Tendency": 3.6375, "Unemployment rate": 10.6, "Population dependency ratio": 60.7, "Food insecurity level (IPC)": 0.21, "Poverty Level (Relative Vulnerability - AMAAN)": 0.034216349, "Poverty Level (Internal Vulnerability - AMAAN)": 4.792332268, "composite_score": 0.473813236 }, "geometry": { "type": "Point", "coordinates": [ 35.494579176553856, 33.092779187920584 ] } },
{ "type": "Feature", "properties": { "rand_point_id": 1540, "adm3_name1": "يارون", "adm3_pcode": "72159", "Nighttime light radiance": 1.497613639, "Household Deprivation Score": 0.631030171, "Negative Coping Tendency": 3.6375, "Unemployment rate": 10.6, "Population dependency ratio": 60.7, "Food insecurity level (IPC)": 0.21, "Poverty Level (Relative Vulnerability - AMAAN)": 0.0, "Poverty Level (Internal Vulnerability - AMAAN)": 0.0, "composite_score": 0.472918264 }, "geometry": { "type": "Point", "coordinates": [ 35.435249758755162, 33.087524620456065 ] } },
{ "type": "Feature", "properties": { "rand_point_id": 1541, "adm3_name1": "رميش", "adm3_pcode": "72167", "Nighttime light radiance": 2.718915658, "Household Deprivation Score": 0.631030171, "Negative Coping Tendency": 3.6375, "Unemployment rate": 10.6, "Population dependency ratio": 60.7, "Food insecurity level (IPC)": 0.21, "Poverty Level (Relative Vulnerability - AMAAN)": 0.013160134, "Poverty Level (Internal Vulnerability - AMAAN)": 1.70222424, "composite_score": 0.472741352 }, "geometry": { "type": "Point", "coordinates": [ 35.373651361562928, 33.068228327864205 ] } },
{ "type": "Feature", "properties": { "rand_point_id": 1542, "adm3_name1": "قطموم", "adm3_pcode": "72175", "Nighttime light radiance": 1.891818177, "Household Deprivation Score": 0.631030171, "Negative Coping Tendency": 3.6375, "Unemployment rate": 10.6, "Population dependency ratio": 60.7, "Food insecurity level (IPC)": 0.21, "Poverty Level (Relative Vulnerability - AMAAN)": 0.0, "Poverty Level (Internal Vulnerability - AMAAN)": 0.0, "composite_score": 0.472748167 }, "geometry": { "type": "Point", "coordinates": [ 35.368766087184291, 33.058232608538084 ] } },
{ "type": "Feature", "properties": { "rand_point_id": 1543, "adm3_name1": "عيتا الشعب", "adm3_pcode": "72183", "Nighttime light radiance": 1.592419356, "Household Deprivation Score": 0.631030171, "Negative Coping Tendency": 3.6375, "Unemployment rate": 10.6, "Population dependency ratio": 60.7, "Food insecurity level (IPC)": 0.21, "Poverty Level (Relative Vulnerability - AMAAN)": 0.003860306, "Poverty Level (Internal Vulnerability - AMAAN)": 0.77247191, "composite_score": 0.473019646 }, "geometry": { "type": "Point", "coordinates": [ 35.350220790141286, 33.107102010054881 ] } },
{ "type": "Feature", "properties": { "rand_point_id": 1544, "adm3_name1": "رامية بنت جبيل", "adm3_pcode": "72191", "Nighttime light radiance": 1.249714296, "Household Deprivation Score": 0.631030171, "Negative Coping Tendency": 3.6375, "Unemployment rate": 10.6, "Population dependency ratio": 60.7, "Food insecurity level (IPC)": 0.21, "Poverty Level (Relative Vulnerability - AMAAN)": 0.0, "Poverty Level (Internal Vulnerability - AMAAN)": 0.0, "composite_score": 0.473075159 }, "geometry": { "type": "Point", "coordinates": [ 35.30696482578557, 33.108857449926944 ] } },
{ "type": "Feature", "properties": { "rand_point_id": 1545, "adm3_name1": "تبنين", "adm3_pcode": "72211", "Nighttime light radiance": 3.404651171, "Household Deprivation Score": 0.631030171, "Negative Coping Tendency": 3.6375, "Unemployment rate": 10.6, "Population dependency ratio": 60.7, "Food insecurity level (IPC)": 0.21, "Poverty Level (Relative Vulnerability - AMAAN)": 0.028776827, "Poverty Level (Internal Vulnerability - AMAAN)": 4.910179641, "composite_score": 0.472943876 }, "geometry": { "type": "Point", "coordinates": [ 35.393031687157119, 33.193284863083903 ] } },
{ "type": "Feature", "properties": { "rand_point_id": 1546, "adm3_name1": "سلطانية", "adm3_pcode": "72214", "Nighttime light radiance": 2.165769231, "Household Deprivation Score": 0.631030171, "Negative Coping Tendency": 3.6375, "Unemployment rate": 10.6, "Population dependency ratio": 60.7, "Food insecurity level (IPC)": 0.21, "Poverty Level (Relative Vulnerability - AMAAN)": 0.00912436, "Poverty Level (Internal Vulnerability - AMAAN)": 6.933333333, "composite_score": 0.472965397 }, "geometry": { "type": "Point", "coordinates": [ 35.397399063645452, 33.204086781799631 ] } },
{ "type": "Feature", "properties": { "rand_point_id": 1547, "adm3_name1": "صفد البطيخ", "adm3_pcode": "72217", "Nighttime light radiance": 1.929999987, "Household Deprivation Score": 0.631030171, "Negative Coping Tendency": 3.6375, "Unemployment rate": 10.6, "Population dependency ratio": 60.7, "Food insecurity level (IPC)": 0.21, "Poverty Level (Relative Vulnerability - AMAAN)": 0.02386371, "Poverty Level (Internal Vulnerability - AMAAN)": 14.79869423, "composite_score": 0.473555723 }, "geometry": { "type": "Point", "coordinates": [ 35.431089294792741, 33.193989711826092 ] } },
{ "type": "Feature", "properties": { "rand_point_id": 1548, "adm3_name1": "جميجمة", "adm3_pcode": "72221", "Nighttime light radiance": 2.314642872, "Household Deprivation Score": 0.631030171, "Negative Coping Tendency": 3.6375, "Unemployment rate": 10.6, "Population dependency ratio": 60.7, "Food insecurity level (IPC)": 0.21, "Poverty Level (Relative Vulnerability - AMAAN)": 0.047025546, "Poverty Level (Internal Vulnerability - AMAAN)": 18.40659341, "composite_score": 0.474081649 }, "geometry": { "type": "Point", "coordinates": [ 35.445901642108169, 33.194016566380874 ] } },
{ "type": "Feature", "properties": { "rand_point_id": 1549, "adm3_name1": "عيتا الجبل الزط", "adm3_pcode": "72224", "Nighttime light radiance": 2.106071425, "Household Deprivation Score": 0.631030171, "Negative Coping Tendency": 3.6375, "Unemployment rate": 10.6, "Population dependency ratio": 60.7, "Food insecurity level (IPC)": 0.21, "Poverty Level (Relative Vulnerability - AMAAN)": 0.019126062, "Poverty Level (Internal Vulnerability - AMAAN)": 12.27477477, "composite_score": 0.473327342 }, "geometry": { "type": "Point", "coordinates": [ 35.420803521929543, 33.174500952418818 ] } },
{ "type": "Feature", "properties": { "rand_point_id": 1550, "adm3_name1": "برعشيت", "adm3_pcode": "72227", "Nighttime light radiance": 2.128888895, "Household Deprivation Score": 0.631030171, "Negative Coping Tendency": 3.6375, "Unemployment rate": 10.6, "Population dependency ratio": 60.7, "Food insecurity level (IPC)": 0.21, "Poverty Level (Relative Vulnerability - AMAAN)": 0.0522896, "Poverty Level (Internal Vulnerability - AMAAN)": 20.66574202, "composite_score": 0.474344612 }, "geometry": { "type": "Point", "coordinates": [ 35.450095693321309, 33.168639383629205 ] } },
{ "type": "Feature", "properties": { "rand_point_id": 1551, "adm3_name1": "شقرا", "adm3_pcode": "72229", "Nighttime light radiance": 3.598709678, "Household Deprivation Score": 0.631030171, "Negative Coping Tendency": 3.6375, "Unemployment rate": 10.6, "Population dependency ratio": 60.7, "Food insecurity level (IPC)": 0.21, "Poverty Level (Relative Vulnerability - AMAAN)": 0.062291302, "Poverty Level (Internal Vulnerability - AMAAN)": 8.086560364, "composite_score": 0.473884226 }, "geometry": { "type": "Point", "coordinates": [ 35.455952733298616, 33.184087122694542 ] } },
{ "type": "Feature", "properties": { "rand_point_id": 1552, "adm3_name1": "حداثا", "adm3_pcode": "72231", "Nighttime light radiance": 1.574594598, "Household Deprivation Score": 0.631030171, "Negative Coping Tendency": 3.6375, "Unemployment rate": 10.6, "Population dependency ratio": 60.7, "Food insecurity level (IPC)": 0.21, "Poverty Level (Relative Vulnerability - AMAAN)": 0.021933557, "Poverty Level (Internal Vulnerability - AMAAN)": 5.827505828, "composite_score": 0.473645711 }, "geometry": { "type": "Point", "coordinates": [ 35.391476981153076, 33.155989485912677 ] } },
{ "type": "Feature", "properties": { "rand_point_id": 1553, "adm3_name1": "خربة سلم", "adm3_pcode": "72234", "Nighttime light radiance": 4.781739147, "Household Deprivation Score": 0.631030171, "Negative Coping Tendency": 3.6375, "Unemployment rate": 10.6, "Population dependency ratio": 60.7, "Food insecurity level (IPC)": 0.21, "Poverty Level (Relative Vulnerability - AMAAN)": 0.026495737, "Poverty Level (Internal Vulnerability - AMAAN)": 8.638443936, "composite_score": 0.472259164 }, "geometry": { "type": "Point", "coordinates": [ 35.426936112511072, 33.230236496749264 ] } },
{ "type": "Feature", "properties": { "rand_point_id": 1554, "adm3_name1": "بيت ياحون", "adm3_pcode": "72237", "Nighttime light radiance": 1.802857148, "Household Deprivation Score": 0.631030171, "Negative Coping Tendency": 3.6375, "Unemployment rate": 10.6, "Population dependency ratio": 60.7, "Food insecurity level (IPC)": 0.21, "Poverty Level (Relative Vulnerability - AMAAN)": 0.012984666, "Poverty Level (Internal Vulnerability - AMAAN)": 23.125, "composite_score": 0.473353262 }, "geometry": { "type": "Point", "coordinates": [ 35.433537199279378, 33.158508859677859 ] } },
{ "type": "Feature", "properties": { "rand_point_id": 1555, "adm3_name1": "حاريص", "adm3_pcode": "72241", "Nighttime light radiance": 3.528510672, "Household Deprivation Score": 0.631030171, "Negative Coping Tendency": 3.6375, "Unemployment rate": 10.6, "Population dependency ratio": 60.7, "Food insecurity level (IPC)": 0.21, "Poverty Level (Relative Vulnerability - AMAAN)": 0.097911399, "Poverty Level (Internal Vulnerability - AMAAN)": 15.77162239, "composite_score": 0.475026832 }, "geometry": { "type": "Point", "coordinates": [ 35.371459749567677, 33.18563311075652 ] } },
{ "type": "Feature", "properties": { "rand_point_id": 1556, "adm3_name1": "دير نطار", "adm3_pcode": "72244", "Nighttime light radiance": 2.23599999, "Household Deprivation Score": 0.631030171, "Negative Coping Tendency": 3.6375, "Unemployment rate": 10.6, "Population dependency ratio": 60.7, "Food insecurity level (IPC)": 0.21, "Poverty Level (Relative Vulnerability - AMAAN)": 0.03070698, "Poverty Level (Internal Vulnerability - AMAAN)": 8.524111057000001, "composite_score": 0.473617062 }, "geometry": { "type": "Point", "coordinates": [ 35.395275205897519, 33.217755548223074 ] } },
{ "type": "Feature", "properties": { "rand_point_id": 1557, "adm3_name1": "كفر دونين", "adm3_pcode": "72247", "Nighttime light radiance": 5.2299999909999997, "Household Deprivation Score": 0.631030171, "Negative Coping Tendency": 3.6375, "Unemployment rate": 10.6, "Population dependency ratio": 60.7, "Food insecurity level (IPC)": 0.21, "Poverty Level (Relative Vulnerability - AMAAN)": 0.016494035, "Poverty Level (Internal Vulnerability - AMAAN)": 3.890728477, "composite_score": 0.471740759 }, "geometry": { "type": "Point", "coordinates": [ 35.388433484634049, 33.234278470579248 ] } },
{ "type": "Feature", "properties": { "rand_point_id": 1558, "adm3_name1": "كونين", "adm3_pcode": "72251", "Nighttime light radiance": 1.661756742, "Household Deprivation Score": 0.631030171, "Negative Coping Tendency": 3.6375, "Unemployment rate": 10.6, "Population dependency ratio": 60.7, "Food insecurity level (IPC)": 0.21, "Poverty Level (Relative Vulnerability - AMAAN)": 0.016318566, "Poverty Level (Internal Vulnerability - AMAAN)": 21.42857143, "composite_score": 0.473529349 }, "geometry": { "type": "Point", "coordinates": [ 35.457744656140356, 33.151362299501812 ] } },
{ "type": "Feature", "properties": { "rand_point_id": 1559, "adm3_name1": "طيري", "adm3_pcode": "72254", "Nighttime light radiance": 2.244523809, "Household Deprivation Score": 0.631030171, "Negative Coping Tendency": 3.6375, "Unemployment rate": 10.6, "Population dependency ratio": 60.7, "Food insecurity level (IPC)": 0.21, "Poverty Level (Relative Vulnerability - AMAAN)": 0.005088585, "Poverty Level (Internal Vulnerability - AMAAN)": 6.444444444, "composite_score": 0.472852759 }, "geometry": { "type": "Point", "coordinates": [ 35.385669420212928, 33.1432197772452 ] } },
{ "type": "Feature", "properties": { "rand_point_id": 1560, "adm3_name1": "كفرا بنت جبيل", "adm3_pcode": "72257", "Nighttime light radiance": 2.445333342, "Household Deprivation Score": 0.631030171, "Negative Coping Tendency": 3.6375, "Unemployment rate": 10.6, "Population dependency ratio": 60.7, "Food insecurity level (IPC)": 0.21, "Poverty Level (Relative Vulnerability - AMAAN)": 0.0, "Poverty Level (Internal Vulnerability - AMAAN)": 0.0, "composite_score": 0.472579994 }, "geometry": { "type": "Point", "coordinates": [ 35.340775515747104, 33.168209055288848 ] } },
{ "type": "Feature", "properties": { "rand_point_id": 1561, "adm3_name1": "قلويه", "adm3_pcode": "72261", "Nighttime light radiance": 2.578000021, "Household Deprivation Score": 0.631030171, "Negative Coping Tendency": 3.6375, "Unemployment rate": 10.6, "Population dependency ratio": 60.7, "Food insecurity level (IPC)": 0.21, "Poverty Level (Relative Vulnerability - AMAAN)": 0.026671205, "Poverty Level (Internal Vulnerability - AMAAN)": 19.61290323, "composite_score": 0.473401995 }, "geometry": { "type": "Point", "coordinates": [ 35.422623425375697, 33.25118125122701 ] } },
{ "type": "Feature", "properties": { "rand_point_id": 1562, "adm3_name1": "برج قلويه", "adm3_pcode": "72264", "Nighttime light radiance": 4.6599999900000002, "Household Deprivation Score": 0.631030171, "Negative Coping Tendency": 3.6375, "Unemployment rate": 10.6, "Population dependency ratio": 60.7, "Food insecurity level (IPC)": 0.21, "Poverty Level (Relative Vulnerability - AMAAN)": 0.009826234, "Poverty Level (Internal Vulnerability - AMAAN)": 6.896551724, "composite_score": 0.471849068 }, "geometry": { "type": "Point", "coordinates": [ 35.432074475974197, 33.261666530876816 ] } },
{ "type": "Feature", "properties": { "rand_point_id": 1563, "adm3_name1": "صربين", "adm3_pcode": "72267", "Nighttime light radiance": 1.572857124, "Household Deprivation Score": 0.631030171, "Negative Coping Tendency": 3.6375, "Unemployment rate": 10.6, "Population dependency ratio": 60.7, "Food insecurity level (IPC)": 0.21, "Poverty Level (Relative Vulnerability - AMAAN)": 0.012282792, "Poverty Level (Internal Vulnerability - AMAAN)": 88.60759494, "composite_score": 0.473767565 }, "geometry": { "type": "Point", "coordinates": [ 35.352088315158284, 33.159404699872155 ] } },
{ "type": "Feature", "properties": { "rand_point_id": 1564, "adm3_name1": "رشاف", "adm3_pcode": "72271", "Nighttime light radiance": 1.48368422, "Household Deprivation Score": 0.631030171, "Negative Coping Tendency": 3.6375, "Unemployment rate": 10.6, "Population dependency ratio": 60.7, "Food insecurity level (IPC)": 0.21, "Poverty Level (Relative Vulnerability - AMAAN)": 0.014914819, "Poverty Level (Internal Vulnerability - AMAAN)": 207.3170732, "composite_score": 0.474417867 }, "geometry": { "type": "Point", "coordinates": [ 35.361823695024761, 33.141254873359109 ] } },
{ "type": "Feature", "properties": { "rand_point_id": 1565, "adm3_name1": "غندورية بنت جبيل", "adm3_pcode": "72274", "Nighttime light radiance": 2.067142863, "Household Deprivation Score": 0.631030171, "Negative Coping Tendency": 3.6375, "Unemployment rate": 10.6, "Population dependency ratio": 60.7, "Food insecurity level (IPC)": 0.21, "Poverty Level (Relative Vulnerability - AMAAN)": 0.013335603, "Poverty Level (Internal Vulnerability - AMAAN)": 11.69230769, "composite_score": 0.473230357 }, "geometry": { "type": "Point", "coordinates": [ 35.432277702977892, 33.287564031895563 ] } },
{ "type": "Feature", "properties": { "rand_point_id": 1566, "adm3_name1": "فرون", "adm3_pcode": "72276", "Nighttime light radiance": 1.406250007, "Household Deprivation Score": 0.631030171, "Negative Coping Tendency": 3.6375, "Unemployment rate": 10.6, "Population dependency ratio": 60.7, "Food insecurity level (IPC)": 0.21, "Poverty Level (Relative Vulnerability - AMAAN)": 0.025618395, "Poverty Level (Internal Vulnerability - AMAAN)": 17.80487805, "composite_score": 0.473942519 }, "geometry": { "type": "Point", "coordinates": [ 35.425895572913028, 33.291663687023558 ] } },
{ "type": "Feature", "properties": { "rand_point_id": 1567, "adm3_name1": "ياطر", "adm3_pcode": "72277", "Nighttime light radiance": 1.385964908, "Household Deprivation Score": 0.631030171, "Negative Coping Tendency": 3.6375, "Unemployment rate": 10.6, "Population dependency ratio": 60.7, "Food insecurity level (IPC)": 0.21, "Poverty Level (Relative Vulnerability - AMAAN)": 0.059308338, "Poverty Level (Internal Vulnerability - AMAAN)": 20.03556609, "composite_score": 0.474966552 }, "geometry": { "type": "Point", "coordinates": [ 35.314935338446396, 33.154548762727202 ] } },
{ "type": "Feature", "properties": { "rand_point_id": 1568, "adm3_name1": "دبل امية", "adm3_pcode": "72281", "Nighttime light radiance": 3.383404275, "Household Deprivation Score": 0.631030171, "Negative Coping Tendency": 3.6375, "Unemployment rate": 10.6, "Population dependency ratio": 60.7, "Food insecurity level (IPC)": 0.21, "Poverty Level (Relative Vulnerability - AMAAN)": 0.008422486, "Poverty Level (Internal Vulnerability - AMAAN)": 3.301237964, "composite_score": 0.472423912 }, "geometry": { "type": "Point", "coordinates": [ 35.353115572875822, 33.117250573366135 ] } },
{ "type": "Feature", "properties": { "rand_point_id": 1569, "adm3_name1": "حنين", "adm3_pcode": "72284", "Nighttime light radiance": 1.621875005, "Household Deprivation Score": 0.631030171, "Negative Coping Tendency": 3.6375, "Unemployment rate": 10.6, "Population dependency ratio": 60.7, "Food insecurity level (IPC)": 0.21, "Poverty Level (Relative Vulnerability - AMAAN)": 0.0, "Poverty Level (Internal Vulnerability - AMAAN)": 0.0, "composite_score": 0.473007034 }, "geometry": { "type": "Point", "coordinates": [ 35.369945616881942, 33.100301438594542 ] } },
{ "type": "Feature", "properties": { "rand_point_id": 1570, "adm3_name1": "بيت ليف", "adm3_pcode": "72287", "Nighttime light radiance": 1.4800000019999999, "Household Deprivation Score": 0.631030171, "Negative Coping Tendency": 3.6375, "Unemployment rate": 10.6, "Population dependency ratio": 60.7, "Food insecurity level (IPC)": 0.21, "Poverty Level (Relative Vulnerability - AMAAN)": 0.015792161, "Poverty Level (Internal Vulnerability - AMAAN)": 4.789781799, "composite_score": 0.473570087 }, "geometry": { "type": "Point", "coordinates": [ 35.334553426298868, 33.13485307205363 ] } },
{ "type": "Feature", "properties": { "rand_point_id": 1571, "adm3_name1": "قوزح", "adm3_pcode": "72291", "Nighttime light radiance": 1.95266665, "Household Deprivation Score": 0.631030171, "Negative Coping Tendency": 3.6375, "Unemployment rate": 10.6, "Population dependency ratio": 60.7, "Food insecurity level (IPC)": 0.21, "Poverty Level (Relative Vulnerability - AMAAN)": 0.001228279, "Poverty Level (Internal Vulnerability - AMAAN)": 1.238938053, "composite_score": 0.472898722 }, "geometry": { "type": "Point", "coordinates": [ 35.333789135994458, 33.11721928963194 ] } },
{ "type": "Feature", "properties": { "rand_point_id": 1572, "adm3_name1": "مرجعيون", "adm3_pcode": "73111", "Nighttime light radiance": 3.445952404, "Household Deprivation Score": 0.579963292, "Negative Coping Tendency": 3.225, "Unemployment rate": 8.5, "Population dependency ratio": 60.7, "Food insecurity level (IPC)": 0.16, "Poverty Level (Relative Vulnerability - AMAAN)": 0.016844972, "Poverty Level (Internal Vulnerability - AMAAN)": 3.060248645, "composite_score": 0.412692957 }, "geometry": { "type": "Point", "coordinates": [ 35.582680848098853, 33.369209923942506 ] } },
{ "type": "Feature", "properties": { "rand_point_id": 1573, "adm3_name1": "بويضة مرجعيون", "adm3_pcode": "73116", "Nighttime light radiance": 1.129259263, "Household Deprivation Score": 0.579963292, "Negative Coping Tendency": 3.225, "Unemployment rate": 8.5, "Population dependency ratio": 60.7, "Food insecurity level (IPC)": 0.16, "Poverty Level (Relative Vulnerability - AMAAN)": 0.0, "Poverty Level (Internal Vulnerability - AMAAN)": 0.0, "composite_score": 0.413295 }, "geometry": { "type": "Point", "coordinates": [ 35.574318252315528, 33.35730936372304 ] } },
{ "type": "Feature", "properties": { "rand_point_id": 1574, "adm3_name1": "دبين", "adm3_pcode": "73119", "Nighttime light radiance": 2.788, "Household Deprivation Score": 0.579963292, "Negative Coping Tendency": 3.225, "Unemployment rate": 8.5, "Population dependency ratio": 60.7, "Food insecurity level (IPC)": 0.16, "Poverty Level (Relative Vulnerability - AMAAN)": 0.009299828, "Poverty Level (Internal Vulnerability - AMAAN)": 7.725947522, "composite_score": 0.412813977 }, "geometry": { "type": "Point", "coordinates": [ 35.58630802633644, 33.373355886580846 ] } },
{ "type": "Feature", "properties": { "rand_point_id": 1575, "adm3_name1": "إبل السقي", "adm3_pcode": "73127", "Nighttime light radiance": 2.288222204, "Household Deprivation Score": 0.579963292, "Negative Coping Tendency": 3.225, "Unemployment rate": 8.5, "Population dependency ratio": 60.7, "Food insecurity level (IPC)": 0.16, "Poverty Level (Relative Vulnerability - AMAAN)": 0.00456218, "Poverty Level (Internal Vulnerability - AMAAN)": 1.104502974, "composite_score": 0.41289287 }, "geometry": { "type": "Point", "coordinates": [ 35.620090011782558, 33.352536551166509 ] } },
{ "type": "Feature", "properties": { "rand_point_id": 1576, "adm3_name1": "بلاط مرجعيون", "adm3_pcode": "73135", "Nighttime light radiance": 3.53333334, "Household Deprivation Score": 0.579963292, "Negative Coping Tendency": 3.225, "Unemployment rate": 8.5, "Population dependency ratio": 60.7, "Food insecurity level (IPC)": 0.16, "Poverty Level (Relative Vulnerability - AMAAN)": 0.0, "Poverty Level (Internal Vulnerability - AMAAN)": 0.0, "composite_score": 0.412164381 }, "geometry": { "type": "Point", "coordinates": [ 35.597171208290625, 33.394385566041976 ] } },
{ "type": "Feature", "properties": { "rand_point_id": 1577, "adm3_name1": "مزرعة دمياط", "adm3_pcode": "73143", "Nighttime light radiance": 1.146666639, "Household Deprivation Score": 0.579963292, "Negative Coping Tendency": 3.225, "Unemployment rate": 8.5, "Population dependency ratio": 60.7, "Food insecurity level (IPC)": 0.16, "Poverty Level (Relative Vulnerability - AMAAN)": 0.0, "Poverty Level (Internal Vulnerability - AMAAN)": 0.0, "composite_score": 0.413318699 }, "geometry": { "type": "Point", "coordinates": [ 35.554630400375963, 33.353515564694 ] } },
{ "type": "Feature", "properties": { "rand_point_id": 1578, "adm3_name1": "برج الملوك", "adm3_pcode": "73146", "Nighttime light radiance": 1.505142864, "Household Deprivation Score": 0.579963292, "Negative Coping Tendency": 3.225, "Unemployment rate": 8.5, "Population dependency ratio": 60.7, "Food insecurity level (IPC)": 0.16, "Poverty Level (Relative Vulnerability - AMAAN)": 0.0, "Poverty Level (Internal Vulnerability - AMAAN)": 0.0, "composite_score": 0.413150308 }, "geometry": { "type": "Point", "coordinates": [ 35.557200474964155, 33.311526464729461 ] } },
{ "type": "Feature", "properties": { "rand_point_id": 1579, "adm3_name1": "قليعة", "adm3_pcode": "73151", "Nighttime light radiance": 1.380857134, "Household Deprivation Score": 0.579963292, "Negative Coping Tendency": 3.225, "Unemployment rate": 8.5, "Population dependency ratio": 60.7, "Food insecurity level (IPC)": 0.16, "Poverty Level (Relative Vulnerability - AMAAN)": 0.00912436, "Poverty Level (Internal Vulnerability - AMAAN)": 2.639593909, "composite_score": 0.413499237 }, "geometry": { "type": "Point", "coordinates": [ 35.565048493763904, 33.341593104607206 ] } },
{ "type": "Feature", "properties": { "rand_point_id": 1580, "adm3_name1": "الخيام", "adm3_pcode": "73159", "Nighttime light radiance": 1.611612904, "Household Deprivation Score": 0.579963292, "Negative Coping Tendency": 3.225, "Unemployment rate": 8.5, "Population dependency ratio": 60.7, "Food insecurity level (IPC)": 0.16, "Poverty Level (Relative Vulnerability - AMAAN)": 0.025442926, "Poverty Level (Internal Vulnerability - AMAAN)": 3.523693803, "composite_score": 0.413887906 }, "geometry": { "type": "Point", "coordinates": [ 35.61658504796921, 33.317964272208648 ] } },
{ "type": "Feature", "properties": { "rand_point_id": 1581, "adm3_name1": "عين عرب مرجعيون", "adm3_pcode": "73162", "Nighttime light radiance": 0.968214278, "Household Deprivation Score": 0.579963292, "Negative Coping Tendency": 3.225, "Unemployment rate": 8.5, "Population dependency ratio": 60.7, "Food insecurity level (IPC)": 0.16, "Poverty Level (Relative Vulnerability - AMAAN)": 0.007369675, "Poverty Level (Internal Vulnerability - AMAAN)": 13.59223301, "composite_score": 0.413706358 }, "geometry": { "type": "Point", "coordinates": [ 35.622396258646397, 33.306473926141429 ] } },
{ "type": "Feature", "properties": { "rand_point_id": 1582, "adm3_name1": "دير ميماس", "adm3_pcode": "73167", "Nighttime light radiance": 1.096956525, "Household Deprivation Score": 0.579963292, "Negative Coping Tendency": 3.225, "Unemployment rate": 8.5, "Population dependency ratio": 60.7, "Food insecurity level (IPC)": 0.16, "Poverty Level (Relative Vulnerability - AMAAN)": 0.000526405, "Poverty Level (Internal Vulnerability - AMAAN)": 0.502512563, "composite_score": 0.413388927 }, "geometry": { "type": "Point", "coordinates": [ 35.540860412132268, 33.312804354004605 ] } },
{ "type": "Feature", "properties": { "rand_point_id": 1583, "adm3_name1": "مزرعة سردة", "adm3_pcode": "73175", "Nighttime light radiance": 1.411578947, "Household Deprivation Score": 0.579963292, "Negative Coping Tendency": 3.225, "Unemployment rate": 8.5, "Population dependency ratio": 60.7, "Food insecurity level (IPC)": 0.16, "Poverty Level (Relative Vulnerability - AMAAN)": 0.002105621, "Poverty Level (Internal Vulnerability - AMAAN)": 5.263157895, "composite_score": 0.413315565 }, "geometry": { "type": "Point", "coordinates": [ 35.594312443454577, 33.29924673610823 ] } },
{ "type": "Feature", "properties": { "rand_point_id": 1584, "adm3_name1": "حوره", "adm3_pcode": "73183", "Nighttime light radiance": 1.191818199, "Household Deprivation Score": 0.579963292, "Negative Coping Tendency": 3.225, "Unemployment rate": 8.5, "Population dependency ratio": 60.7, "Food insecurity level (IPC)": 0.16, "Poverty Level (Relative Vulnerability - AMAAN)": 0.0, "Poverty Level (Internal Vulnerability - AMAAN)": 0.0, "composite_score": 0.413344521 }, "geometry": { "type": "Point", "coordinates": [ 35.554130584956887, 33.295152596623872 ] } },
{ "type": "Feature", "properties": { "rand_point_id": 1585, "adm3_name1": "عمرة", "adm3_pcode": "73191", "Nighttime light radiance": 3.422028998, "Household Deprivation Score": 0.579963292, "Negative Coping Tendency": 3.225, "Unemployment rate": 8.5, "Population dependency ratio": 60.7, "Food insecurity level (IPC)": 0.16, "Poverty Level (Relative Vulnerability - AMAAN)": 0.012107324, "Poverty Level (Internal Vulnerability - AMAAN)": 1380.0, "composite_score": 0.418740948 }, "geometry": { "type": "Point", "coordinates": [ 35.600058359971861, 33.279606113071623 ] } },
{ "type": "Feature", "properties": { "rand_point_id": 1586, "adm3_name1": "عديسة مرجعيون", "adm3_pcode": "73211", "Nighttime light radiance": 1.643571419, "Household Deprivation Score": 0.579963292, "Negative Coping Tendency": 3.225, "Unemployment rate": 8.5, "Population dependency ratio": 60.7, "Food insecurity level (IPC)": 0.16, "Poverty Level (Relative Vulnerability - AMAAN)": 0.0, "Poverty Level (Internal Vulnerability - AMAAN)": 0.0, "composite_score": 0.413161063 }, "geometry": { "type": "Point", "coordinates": [ 35.536710694052388, 33.245841569293297 ] } },
{ "type": "Feature", "properties": { "rand_point_id": 1587, "adm3_name1": "بني حيان", "adm3_pcode": "73226", "Nighttime light radiance": 2.222500004, "Household Deprivation Score": 0.579963292, "Negative Coping Tendency": 3.225, "Unemployment rate": 8.5, "Population dependency ratio": 60.7, "Food insecurity level (IPC)": 0.16, "Poverty Level (Relative Vulnerability - AMAAN)": 0.005790459, "Poverty Level (Internal Vulnerability - AMAAN)": 27.5, "composite_score": 0.413195088 }, "geometry": { "type": "Point", "coordinates": [ 35.480583704072963, 33.243290200501221 ] } },
{ "type": "Feature", "properties": { "rand_point_id": 1588, "adm3_name1": "كفركيلا", "adm3_pcode": "73228", "Nighttime light radiance": 1.383962274, "Household Deprivation Score": 0.579963292, "Negative Coping Tendency": 3.225, "Unemployment rate": 8.5, "Population dependency ratio": 60.7, "Food insecurity level (IPC)": 0.16, "Poverty Level (Relative Vulnerability - AMAAN)": 0.0, "Poverty Level (Internal Vulnerability - AMAAN)": 0.0, "composite_score": 0.413305769 }, "geometry": { "type": "Point", "coordinates": [ 35.539350330405199, 33.260995622439737 ] } },
{ "type": "Feature", "properties": { "rand_point_id": 1589, "adm3_name1": "دير سريان", "adm3_pcode": "73230", "Nighttime light radiance": 1.526060603, "Household Deprivation Score": 0.579963292, "Negative Coping Tendency": 3.225, "Unemployment rate": 8.5, "Population dependency ratio": 60.7, "Food insecurity level (IPC)": 0.16, "Poverty Level (Relative Vulnerability - AMAAN)": 0.00456218, "Poverty Level (Internal Vulnerability - AMAAN)": 7.669616519, "composite_score": 0.413409722 }, "geometry": { "type": "Point", "coordinates": [ 35.517836071984767, 33.293202697189557 ] } },
{ "type": "Feature", "properties": { "rand_point_id": 1590, "adm3_name1": "طيبة مرجعيون", "adm3_pcode": "73232", "Nighttime light radiance": 2.812444462, "Household Deprivation Score": 0.579963292, "Negative Coping Tendency": 3.225, "Unemployment rate": 8.5, "Population dependency ratio": 60.7, "Food insecurity level (IPC)": 0.16, "Poverty Level (Relative Vulnerability - AMAAN)": 0.026846674, "Poverty Level (Internal Vulnerability - AMAAN)": 7.119590507, "composite_score": 0.413456237 }, "geometry": { "type": "Point", "coordinates": [ 35.527281854406418, 33.264030298032857 ] } },
{ "type": "Feature", "properties": { "rand_point_id": 1591, "adm3_name1": "حولا", "adm3_pcode": "73234", "Nighttime light radiance": 1.482409639, "Household Deprivation Score": 0.579963292, "Negative Coping Tendency": 3.225, "Unemployment rate": 8.5, "Population dependency ratio": 60.7, "Food insecurity level (IPC)": 0.16, "Poverty Level (Relative Vulnerability - AMAAN)": 0.018424188, "Poverty Level (Internal Vulnerability - AMAAN)": 6.058857473, "composite_score": 0.413841093 }, "geometry": { "type": "Point", "coordinates": [ 35.492304527607963, 33.211493147017876 ] } },
{ "type": "Feature", "properties": { "rand_point_id": 1592, "adm3_name1": "طلوسة", "adm3_pcode": "73244", "Nighttime light radiance": 1.425769233, "Household Deprivation Score": 0.579963292, "Negative Coping Tendency": 3.225, "Unemployment rate": 8.5, "Population dependency ratio": 60.7, "Food insecurity level (IPC)": 0.16, "Poverty Level (Relative Vulnerability - AMAAN)": 0.004035775, "Poverty Level (Internal Vulnerability - AMAAN)": 8.127208481, "composite_score": 0.413460792 }, "geometry": { "type": "Point", "coordinates": [ 35.492577543549274, 33.234787286125133 ] } },
{ "type": "Feature", "properties": { "rand_point_id": 1593, "adm3_name1": "مركبا", "adm3_pcode": "73245", "Nighttime light radiance": 3.014468084, "Household Deprivation Score": 0.579963292, "Negative Coping Tendency": 3.225, "Unemployment rate": 8.5, "Population dependency ratio": 60.7, "Food insecurity level (IPC)": 0.16, "Poverty Level (Relative Vulnerability - AMAAN)": 0.004913117, "Poverty Level (Internal Vulnerability - AMAAN)": 3.321470937, "composite_score": 0.412704819 }, "geometry": { "type": "Point", "coordinates": [ 35.502064500344673, 33.219859987084682 ] } },
{ "type": "Feature", "properties": { "rand_point_id": 1594, "adm3_name1": "محيبيب", "adm3_pcode": "73248", "Nighttime light radiance": 1.029629626, "Household Deprivation Score": 0.579963292, "Negative Coping Tendency": 3.225, "Unemployment rate": 8.5, "Population dependency ratio": 60.7, "Food insecurity level (IPC)": 0.16, "Poverty Level (Relative Vulnerability - AMAAN)": 0.0, "Poverty Level (Internal Vulnerability - AMAAN)": 0.0, "composite_score": 0.413499474 }, "geometry": { "type": "Point", "coordinates": [ 35.490043214813895, 33.146421802733926 ] } },
{ "type": "Feature", "properties": { "rand_point_id": 1595, "adm3_name1": "ميس الجبل", "adm3_pcode": "73250", "Nighttime light radiance": 1.972452836, "Household Deprivation Score": 0.579963292, "Negative Coping Tendency": 3.225, "Unemployment rate": 8.5, "Population dependency ratio": 60.7, "Food insecurity level (IPC)": 0.16, "Poverty Level (Relative Vulnerability - AMAAN)": 0.031584322, "Poverty Level (Internal Vulnerability - AMAAN)": 10.1010101, "composite_score": 0.414034779 }, "geometry": { "type": "Point", "coordinates": [ 35.533178827532431, 33.184009547806468 ] } },
{ "type": "Feature", "properties": { "rand_point_id": 1596, "adm3_name1": "عدشيت القصير", "adm3_pcode": "73256", "Nighttime light radiance": 1.701084339, "Household Deprivation Score": 0.579963292, "Negative Coping Tendency": 3.225, "Unemployment rate": 8.5, "Population dependency ratio": 60.7, "Food insecurity level (IPC)": 0.16, "Poverty Level (Relative Vulnerability - AMAAN)": 0.003860306, "Poverty Level (Internal Vulnerability - AMAAN)": 8.527131783, "composite_score": 0.413339516 }, "geometry": { "type": "Point", "coordinates": [ 35.476926298581915, 33.289153220912333 ] } },
{ "type": "Feature", "properties": { "rand_point_id": 1597, "adm3_name1": "رب التلاتين", "adm3_pcode": "73257", "Nighttime light radiance": 1.420000015, "Household Deprivation Score": 0.579963292, "Negative Coping Tendency": 3.225, "Unemployment rate": 8.5, "Population dependency ratio": 60.7, "Food insecurity level (IPC)": 0.16, "Poverty Level (Relative Vulnerability - AMAAN)": 0.001930153, "Poverty Level (Internal Vulnerability - AMAAN)": 3.754266212, "composite_score": 0.413396969 }, "geometry": { "type": "Point", "coordinates": [ 35.522322464297282, 33.252908827223081 ] } },
{ "type": "Feature", "properties": { "rand_point_id": 1598, "adm3_name1": "قبريخا", "adm3_pcode": "73262", "Nighttime light radiance": 2.0867647, "Household Deprivation Score": 0.579963292, "Negative Coping Tendency": 3.225, "Unemployment rate": 8.5, "Population dependency ratio": 60.7, "Food insecurity level (IPC)": 0.16, "Poverty Level (Relative Vulnerability - AMAAN)": 0.020003404, "Poverty Level (Internal Vulnerability - AMAAN)": 10.27953111, "composite_score": 0.413650108 }, "geometry": { "type": "Point", "coordinates": [ 35.464804675362096, 33.255602199384157 ] } },
{ "type": "Feature", "properties": { "rand_point_id": 1599, "adm3_name1": "قنطرة", "adm3_pcode": "73276", "Nighttime light radiance": 1.540645155, "Household Deprivation Score": 0.579963292, "Negative Coping Tendency": 3.225, "Unemployment rate": 8.5, "Population dependency ratio": 60.7, "Food insecurity level (IPC)": 0.16, "Poverty Level (Relative Vulnerability - AMAAN)": 0.0, "Poverty Level (Internal Vulnerability - AMAAN)": 0.0, "composite_score": 0.413287589 }, "geometry": { "type": "Point", "coordinates": [ 35.45874630194578, 33.267790220618274 ] } },
{ "type": "Feature", "properties": { "rand_point_id": 1600, "adm3_name1": "مجدل سلم", "adm3_pcode": "73279", "Nighttime light radiance": 1.485909085, "Household Deprivation Score": 0.579963292, "Negative Coping Tendency": 3.225, "Unemployment rate": 8.5, "Population dependency ratio": 60.7, "Food insecurity level (IPC)": 0.16, "Poverty Level (Relative Vulnerability - AMAAN)": 0.051938663, "Poverty Level (Internal Vulnerability - AMAAN)": 12.56366723, "composite_score": 0.414919601 }, "geometry": { "type": "Point", "coordinates": [ 35.453178947172617, 33.216398775397209 ] } },
{ "type": "Feature", "properties": { "rand_point_id": 1601, "adm3_name1": "صوانة مرجعيون", "adm3_pcode": "73280", "Nighttime light radiance": 2.372307709, "Household Deprivation Score": 0.579963292, "Negative Coping Tendency": 3.225, "Unemployment rate": 8.5, "Population dependency ratio": 60.7, "Food insecurity level (IPC)": 0.16, "Poverty Level (Relative Vulnerability - AMAAN)": 0.038778529, "Poverty Level (Internal Vulnerability - AMAAN)": 24.97175141, "composite_score": 0.414158519 }, "geometry": { "type": "Point", "coordinates": [ 35.448930567460685, 33.237364825987619 ] } },
{ "type": "Feature", "properties": { "rand_point_id": 1602, "adm3_name1": "تولين", "adm3_pcode": "73282", "Nighttime light radiance": 2.051333332, "Household Deprivation Score": 0.579963292, "Negative Coping Tendency": 3.225, "Unemployment rate": 8.5, "Population dependency ratio": 60.7, "Food insecurity level (IPC)": 0.16, "Poverty Level (Relative Vulnerability - AMAAN)": 0.053517879, "Poverty Level (Internal Vulnerability - AMAAN)": 18.56360316, "composite_score": 0.414725476 }, "geometry": { "type": "Point", "coordinates": [ 35.446841664151719, 33.261481436959805 ] } },
{ "type": "Feature", "properties": { "rand_point_id": 1603, "adm3_name1": "بليدا", "adm3_pcode": "73288", "Nighttime light radiance": 1.487236838, "Household Deprivation Score": 0.579963292, "Negative Coping Tendency": 3.225, "Unemployment rate": 8.5, "Population dependency ratio": 60.7, "Food insecurity level (IPC)": 0.16, "Poverty Level (Relative Vulnerability - AMAAN)": 0.005439522, "Poverty Level (Internal Vulnerability - AMAAN)": 3.625730994, "composite_score": 0.413505453 }, "geometry": { "type": "Point", "coordinates": [ 35.515157439450533, 33.134404992533931 ] } },
{ "type": "Feature", "properties": { "rand_point_id": 1604, "adm3_name1": "علمانة", "adm3_pcode": "73293", "Nighttime light radiance": 0.971578951, "Household Deprivation Score": 0.579963292, "Negative Coping Tendency": 3.225, "Unemployment rate": 8.5, "Population dependency ratio": 60.7, "Food insecurity level (IPC)": 0.16, "Poverty Level (Relative Vulnerability - AMAAN)": 0.001228279, "Poverty Level (Internal Vulnerability - AMAAN)": 58.33333333, "composite_score": 0.413874999 }, "geometry": { "type": "Point", "coordinates": [ 35.449390554358679, 33.30051446947521 ] } },
{ "type": "Feature", "properties": { "rand_point_id": 1605, "adm3_name1": "حاصبيّا", "adm3_pcode": "74111", "Nighttime light radiance": 1.80478992, "Household Deprivation Score": 0.407272928, "Negative Coping Tendency": 0.525, "Unemployment rate": 14.5, "Population dependency ratio": 55.3, "Food insecurity level (IPC)": 0.08, "Poverty Level (Relative Vulnerability - AMAAN)": 0.049657573, "Poverty Level (Internal Vulnerability - AMAAN)": 4.042279674, "composite_score": 0.276999797 }, "geometry": { "type": "Point", "coordinates": [ 35.679805552503687, 33.44038763098807 ] } },
{ "type": "Feature", "properties": { "rand_point_id": 1606, "adm3_name1": "أبو قمحة", "adm3_pcode": "74112", "Nighttime light radiance": 1.447499985, "Household Deprivation Score": 0.407272928, "Negative Coping Tendency": 0.525, "Unemployment rate": 14.5, "Population dependency ratio": 55.3, "Food insecurity level (IPC)": 0.08, "Poverty Level (Relative Vulnerability - AMAAN)": 0.0, "Poverty Level (Internal Vulnerability - AMAAN)": 0.0, "composite_score": 0.275675743 }, "geometry": { "type": "Point", "coordinates": [ 35.659691030725149, 33.380014506371374 ] } },
{ "type": "Feature", "properties": { "rand_point_id": 1607, "adm3_name1": "عين جرفا", "adm3_pcode": "74114", "Nighttime light radiance": 1.892631568, "Household Deprivation Score": 0.407272928, "Negative Coping Tendency": 0.525, "Unemployment rate": 14.5, "Population dependency ratio": 55.3, "Food insecurity level (IPC)": 0.08, "Poverty Level (Relative Vulnerability - AMAAN)": 0.032812601, "Poverty Level (Internal Vulnerability - AMAAN)": 20.68584071, "composite_score": 0.276533114 }, "geometry": { "type": "Point", "coordinates": [ 35.68342266851765, 33.382618333982244 ] } },
{ "type": "Feature", "properties": { "rand_point_id": 1608, "adm3_name1": "الفرديس", "adm3_pcode": "74116", "Nighttime light radiance": 1.888888893, "Household Deprivation Score": 0.407272928, "Negative Coping Tendency": 0.525, "Unemployment rate": 14.5, "Population dependency ratio": 55.3, "Food insecurity level (IPC)": 0.08, "Poverty Level (Relative Vulnerability - AMAAN)": 0.003333901, "Poverty Level (Internal Vulnerability - AMAAN)": 2.823179792, "composite_score": 0.275580521 }, "geometry": { "type": "Point", "coordinates": [ 35.638030393048886, 33.372160706433419 ] } },
{ "type": "Feature", "properties": { "rand_point_id": 1609, "adm3_name1": "راشيّا الفخار", "adm3_pcode": "74118", "Nighttime light radiance": 1.402765953, "Household Deprivation Score": 0.407272928, "Negative Coping Tendency": 0.525, "Unemployment rate": 14.5, "Population dependency ratio": 55.3, "Food insecurity level (IPC)": 0.08, "Poverty Level (Relative Vulnerability - AMAAN)": 0.001754685, "Poverty Level (Internal Vulnerability - AMAAN)": 1.661129568, "composite_score": 0.275763914 }, "geometry": { "type": "Point", "coordinates": [ 35.658845063039792, 33.344991168921467 ] } },
{ "type": "Feature", "properties": { "rand_point_id": 1610, "adm3_name1": "كفرحمام", "adm3_pcode": "74120", "Nighttime light radiance": 1.060714281, "Household Deprivation Score": 0.407272928, "Negative Coping Tendency": 0.525, "Unemployment rate": 14.5, "Population dependency ratio": 55.3, "Food insecurity level (IPC)": 0.08, "Poverty Level (Relative Vulnerability - AMAAN)": 0.002456558, "Poverty Level (Internal Vulnerability - AMAAN)": 2.397260274, "composite_score": 0.275954514 }, "geometry": { "type": "Point", "coordinates": [ 35.682130077406846, 33.340213675476292 ] } },
{ "type": "Feature", "properties": { "rand_point_id": 1611, "adm3_name1": "هبّارية", "adm3_pcode": "74122", "Nighttime light radiance": 1.035978262, "Household Deprivation Score": 0.407272928, "Negative Coping Tendency": 0.525, "Unemployment rate": 14.5, "Population dependency ratio": 55.3, "Food insecurity level (IPC)": 0.08, "Poverty Level (Relative Vulnerability - AMAAN)": 0.017371377, "Poverty Level (Internal Vulnerability - AMAAN)": 5.683122847, "composite_score": 0.276427421 }, "geometry": { "type": "Point", "coordinates": [ 35.708710403773921, 33.364285170147468 ] } },
{ "type": "Feature", "properties": { "rand_point_id": 1612, "adm3_name1": "شويّا", "adm3_pcode": "74124", "Nighttime light radiance": 1.254999995, "Household Deprivation Score": 0.407272928, "Negative Coping Tendency": 0.525, "Unemployment rate": 14.5, "Population dependency ratio": 55.3, "Food insecurity level (IPC)": 0.08, "Poverty Level (Relative Vulnerability - AMAAN)": 0.0, "Poverty Level (Internal Vulnerability - AMAAN)": 0.0, "composite_score": 0.275782324 }, "geometry": { "type": "Point", "coordinates": [ 35.72689779911979, 33.384473252918802 ] } },
{ "type": "Feature", "properties": { "rand_point_id": 1613, "adm3_name1": "عين قنيا", "adm3_pcode": "74126", "Nighttime light radiance": 1.867999983, "Household Deprivation Score": 0.407272928, "Negative Coping Tendency": 0.525, "Unemployment rate": 14.5, "Population dependency ratio": 55.3, "Food insecurity level (IPC)": 0.08, "Poverty Level (Relative Vulnerability - AMAAN)": 0.027022142, "Poverty Level (Internal Vulnerability - AMAAN)": 8.297413793, "composite_score": 0.276332012 }, "geometry": { "type": "Point", "coordinates": [ 35.710780923127523, 33.389570815337912 ] } },
{ "type": "Feature", "properties": { "rand_point_id": 1614, "adm3_name1": "ميمس", "adm3_pcode": "74128", "Nighttime light radiance": 0.865777775, "Household Deprivation Score": 0.407272928, "Negative Coping Tendency": 0.525, "Unemployment rate": 14.5, "Population dependency ratio": 55.3, "Food insecurity level (IPC)": 0.08, "Poverty Level (Relative Vulnerability - AMAAN)": 0.007545144, "Poverty Level (Internal Vulnerability - AMAAN)": 3.758741259, "composite_score": 0.276215065 }, "geometry": { "type": "Point", "coordinates": [ 35.712050598787066, 33.444134483296338 ] } },
{ "type": "Feature", "properties": { "rand_point_id": 1615, "adm3_name1": "شبعا", "adm3_pcode": "74130", "Nighttime light radiance": 1.018181816, "Household Deprivation Score": 0.407272928, "Negative Coping Tendency": 0.525, "Unemployment rate": 14.5, "Population dependency ratio": 55.3, "Food insecurity level (IPC)": 0.08, "Poverty Level (Relative Vulnerability - AMAAN)": 0.164413944, "Poverty Level (Internal Vulnerability - AMAAN)": 18.8949385, "composite_score": 0.280882639 }, "geometry": { "type": "Point", "coordinates": [ 35.740124695451058, 33.327090708097721 ] } },
{ "type": "Feature", "properties": { "rand_point_id": 1616, "adm3_name1": "مرج الزهور الدنيبة", "adm3_pcode": "74131", "Nighttime light radiance": 1.164166666, "Household Deprivation Score": 0.407272928, "Negative Coping Tendency": 0.525, "Unemployment rate": 14.5, "Population dependency ratio": 55.3, "Food insecurity level (IPC)": 0.08, "Poverty Level (Relative Vulnerability - AMAAN)": 0.002807495, "Poverty Level (Internal Vulnerability - AMAAN)": 2.888086643, "composite_score": 0.275930567 }, "geometry": { "type": "Point", "coordinates": [ 35.739619416048029, 33.460649664897318 ] } },
{ "type": "Feature", "properties": { "rand_point_id": 1617, "adm3_name1": "كوكبا حاصبيّا", "adm3_pcode": "74133", "Nighttime light radiance": 3.730714282, "Household Deprivation Score": 0.407272928, "Negative Coping Tendency": 0.525, "Unemployment rate": 14.5, "Population dependency ratio": 55.3, "Food insecurity level (IPC)": 0.08, "Poverty Level (Relative Vulnerability - AMAAN)": 0.0, "Poverty Level (Internal Vulnerability - AMAAN)": 0.0, "composite_score": 0.274605471 }, "geometry": { "type": "Point", "coordinates": [ 35.653308247573982, 33.401525574227996 ] } },
{ "type": "Feature", "properties": { "rand_point_id": 1618, "adm3_name1": "صلايب", "adm3_pcode": "74141", "Nighttime light radiance": 12.67923087, "Household Deprivation Score": 0.407272928, "Negative Coping Tendency": 0.525, "Unemployment rate": 14.5, "Population dependency ratio": 55.3, "Food insecurity level (IPC)": 0.08, "Poverty Level (Relative Vulnerability - AMAAN)": 0.0, "Poverty Level (Internal Vulnerability - AMAAN)": 0.0, "composite_score": 0.270322596 }, "geometry": { "type": "Point", "coordinates": [ 35.630059017124204, 33.27644645469374 ] } },
{ "type": "Feature", "properties": { "rand_point_id": 1619, "adm3_name1": "برغز", "adm3_pcode": "74155", "Nighttime light radiance": 0.834516123, "Household Deprivation Score": 0.407272928, "Negative Coping Tendency": 0.525, "Unemployment rate": 14.5, "Population dependency ratio": 55.3, "Food insecurity level (IPC)": 0.08, "Poverty Level (Relative Vulnerability - AMAAN)": 0.008597954, "Poverty Level (Internal Vulnerability - AMAAN)": 43.75, "composite_score": 0.276470123 }, "geometry": { "type": "Point", "coordinates": [ 35.623715762744162, 33.405062183373907 ] } },
{ "type": "Feature", "properties": { "rand_point_id": 1620, "adm3_name1": "ماري", "adm3_pcode": "74158", "Nighttime light radiance": 1.059655179, "Household Deprivation Score": 0.407272928, "Negative Coping Tendency": 0.525, "Unemployment rate": 14.5, "Population dependency ratio": 55.3, "Food insecurity level (IPC)": 0.08, "Poverty Level (Relative Vulnerability - AMAAN)": 0.00912436, "Poverty Level (Internal Vulnerability - AMAAN)": 4.841713222, "composite_score": 0.276209489 }, "geometry": { "type": "Point", "coordinates": [ 35.649320347813706, 33.307614641769412 ] } },
{ "type": "Feature", "properties": { "rand_point_id": 1621, "adm3_name1": "كفر شوبا", "adm3_pcode": "74160", "Nighttime light radiance": 1.057131782, "Household Deprivation Score": 0.407272928, "Negative Coping Tendency": 0.525, "Unemployment rate": 14.5, "Population dependency ratio": 55.3, "Food insecurity level (IPC)": 0.08, "Poverty Level (Relative Vulnerability - AMAAN)": 0.059834744, "Poverty Level (Internal Vulnerability - AMAAN)": 21.78913738, "composite_score": 0.277798058 }, "geometry": { "type": "Point", "coordinates": [ 35.668824891014225, 33.331755707180839 ] } },
{ "type": "Feature", "properties": { "rand_point_id": 1622, "adm3_name1": "خلوات حاصبيّا", "adm3_pcode": "74168", "Nighttime light radiance": 0.661789474, "Household Deprivation Score": 0.407272928, "Negative Coping Tendency": 0.525, "Unemployment rate": 14.5, "Population dependency ratio": 55.3, "Food insecurity level (IPC)": 0.08, "Poverty Level (Relative Vulnerability - AMAAN)": 0.011931855, "Poverty Level (Internal Vulnerability - AMAAN)": 7.701019253, "composite_score": 0.276508441 }, "geometry": { "type": "Point", "coordinates": [ 35.744388597819032, 33.402290423077552 ] } },
{ "type": "Feature", "properties": { "rand_point_id": 1623, "adm3_name1": "كفير الزيت", "adm3_pcode": "74175", "Nighttime light radiance": 0.779405939, "Household Deprivation Score": 0.407272928, "Negative Coping Tendency": 0.525, "Unemployment rate": 14.5, "Population dependency ratio": 55.3, "Food insecurity level (IPC)": 0.08, "Poverty Level (Relative Vulnerability - AMAAN)": 0.003860306, "Poverty Level (Internal Vulnerability - AMAAN)": 1.691006918, "composite_score": 0.276193418 }, "geometry": { "type": "Point", "coordinates": [ 35.710552816623682, 33.431113708674538 ] } },
{ "type": "Feature", "properties": { "rand_point_id": 1624, "adm3_name1": "مجيدية حاصبيا", "adm3_pcode": "74177", "Nighttime light radiance": 1.242807015, "Household Deprivation Score": 0.407272928, "Negative Coping Tendency": 0.525, "Unemployment rate": 14.5, "Population dependency ratio": 55.3, "Food insecurity level (IPC)": 0.08, "Poverty Level (Relative Vulnerability - AMAAN)": 0.0, "Poverty Level (Internal Vulnerability - AMAAN)": 0.0, "composite_score": 0.275851084 }, "geometry": { "type": "Point", "coordinates": [ 35.646115978558463, 33.294091964292157 ] } },
{ "type": "Feature", "properties": { "rand_point_id": 1625, "adm3_name1": "دلافة", "adm3_pcode": "74179", "Nighttime light radiance": 0.971818187, "Household Deprivation Score": 0.407272928, "Negative Coping Tendency": 0.525, "Unemployment rate": 14.5, "Population dependency ratio": 55.3, "Food insecurity level (IPC)": 0.08, "Poverty Level (Relative Vulnerability - AMAAN)": 0.0, "Poverty Level (Internal Vulnerability - AMAAN)": 0.0, "composite_score": 0.275983444 }, "geometry": { "type": "Point", "coordinates": [ 35.643214858565273, 33.427569891323358 ] } },
{ "type": "Feature", "properties": { "rand_point_id": 1626, "adm3_name1": "خريبة حاصبيّا", "adm3_pcode": "74181", "Nighttime light radiance": 0.915333343, "Household Deprivation Score": 0.407272928, "Negative Coping Tendency": 0.525, "Unemployment rate": 14.5, "Population dependency ratio": 55.3, "Food insecurity level (IPC)": 0.08, "Poverty Level (Relative Vulnerability - AMAAN)": 0.0, "Poverty Level (Internal Vulnerability - AMAAN)": 0.0, "composite_score": 0.276012912 }, "geometry": { "type": "Point", "coordinates": [ 35.653683737609946, 33.33024625435386 ] } }
]
}
