ADM3_Name,ACS_Code,T1 Displacement Ratio,T2 composite_score,T3 composite_score,T5 Demographic Shock Factor,T6 composite_score
 ,24373,0.0,,0.2971653164401535,,
 ,25488,0.0,,0.5198789757116538,,
 ,26213,0.0,,0.4042212426469422,,
 ,26388,0.391304347826087,,0.4052802123202335,,
 ,26390,0.0,,0.4052330013764377,,
 ,26392,0.0,,0.4076927055754281,,
 ,33152,0.0,,0.387751288803695,,
 ,52241,0.0,,0.4462383385552669,,
 تعزانية ,24333,,,,0.0678125,
 رجمة ,24335,,,,0.1819488849233881,
 رشميا ,24359,,,,0.0295426099966148,
 رملية ,24467,,,,0.0157069342299592,
 رويسة النعمان ,24347,,,,0.0,
 سرحمول ,24227,,,,0.0137818143031043,
 صوفر ,24427,,,,0.020593078019573,
 قماطية ,24315,,,,0.451205189407125,
 مجدل بعنا ,24424,,,,0.0097337361255349,
 مريجات عاليه,24481,,,,0.0,
 مزرعة النهر ,24474,,,,0.0740703703703703,
 مشرفه ,24457,,,,0.0059484883691385,
 معصريتي  ,24471,,,,0.0,
A'ain El-Mir (El Establ),63214,,0.1120952931704605,,0.0822736651967515,0.2146070053366526
AAbdelli,34217,,0.0518431787831889,,0.0116357113659926,0.3152816071706839
AAbra Saida,61244,,0.488756370666737,,,0.1394400171064151
AAridet Cheikh Zennad,35273,,0.3312314734777542,,,0.4345794706982763
Aaba,32143,,0.0828231275388184,,0.0173808472659574,0.3245141143008457
Aabadiyeh,21341,,0.3629179592100601,,,0.393137779571873
Aabaydat,26256,,0.0684074985562782,,,0.3458013219616384
Aabba,71351,,0.5185008915707529,,0.0,0.0792205372949301
Aabbassiyet Sour,62276,,0.4741524288526054,,,0.089054479174774
Aabboudiyeh,35249,,0.3312314734777542,,,0.5068174102069385
Aabdine,36121,,0.0424874364070717,,0.0,0.2677188988749588
Aabey,24375,,0.3257531649907338,,,0.315906765907922
Aabrine,34269,,0.0518431787831889,,0.0430087223646991,0.3394451752182003
Aachach,33267,,0.1680706206527333,,,0.3032801181353507
Aachqout,25423,,0.2369998485328059,,,0.3152645444367826
Aadaysseh Marjaayoun,73211,,0.5544781981432341,,,0.2039870120547258
Aadchit Ech-Chqif,71347,,0.5185008915707529,,,0.0941122269050513
Aadchit El-Qoussair,73256,,0.4829285462416079,,0.0,0.1586391519053729
Aadloun,61434,,0.488756370666737,,,0.0809018713673872
Aadoua,37382,0.1805555555555555,,0.3033967891829908,,
Aadous,53127,,0.4680736887245614,,0.005671933331241,0.3258318990846353
Aadoussiyeh,61466,,0.488756370666737,,,0.0955895303766613
Aafsdiq,32127,,0.0828231275388184,,0.0187070979095045,0.3146855122967818
Aain Aalaq,22551,,0.2850687523799594,,,0.3896859238070248
Aain Aanoub,24259,,0.401842564921234,,,0.3250119672214746
Aain Aar,22471,,0.2850687523799594,,0.0025986796883329,0.3886495841134085
Aain Aarab Marjaayoun,73162,,0.400957397026142,,,0.3084496540179762
Aain Aarab Rachaiya,55167,,0.1640474326233566,,,0.3749098647836361
Aain Aata,55171,,0.2057420142662033,,,0.3161178508485534
Aain Abou Abdallah,62291,,0.4814543997596712,,,0.0852075524343086
Aain Baal,62243,,0.4741524288526054,,0.0,0.0905285094696112
Aain Baalbek,53217,,0.4680736887245614,,,0.3520848505097915
Aain Bou Souar,71216,,0.3152980923706067,,0.0,0.2417498046615304
Aain Bourday,53115,,0.4680736887245614,,0.0,0.2860327765032029
Aain Dara,24477,,0.3637636190204683,,,0.3540002398396559
Aain Drafil,24219,,0.283484214307092,,,0.3194108810279176
Aain Ed-Delb,61277,,0.488756370666737,,,0.1352922391581948
Aain Ed-Delbeh Jbayl,26221,,0.0684074985562782,,,0.3382906158274181
Aain Ed-Delbeh Kesrouane,25463,,0.2369998485328059,,,0.3009926651097977
Aain Ej-Jaouz Baalbek,53473,,0.4680736887245614,,0.8433578485364491,0.3128316759414718
Aain Ej-Jdideh Aaley,24325,,0.401842564921234,,,0.3554789881955375
Aain El Halazoun,24431,,0.3257531649907338,,,0.400948650407322
Aain El-Barnaya,53465,,0.4680736887245614,,,0.2901163235374641
Aain El-Ghouaybeh,26317,,0.0684074985562782,,,0.3574264818001098
Aain El-Kharroube,22543,,,,0.0,
Aain El-Kharroubeh,22543,,0.2850687523799594,,,0.3675299133689949
Aain El-Qabu,22777,,0.2850687523799594,,0.0038165370502501,0.3488730092660756
Aain El-Qach,22523,,0.2850687523799594,,0.0679154227080541,0.3719115715875633
Aain Er-Rihane,25251,,0.2369998485328059,,,0.3807827417322602
Aain Er-Roummaneh Aaley,24317,,0.3257531649907338,,,0.3689335342934485
Aain Es-Sindiane,22737,,0.2850687523799594,,0.0,0.3613560098572045
Aain Es-Siyaa Chadoura,53163,,0.4680736887245614,,0.0,0.2659785614968904
Aain Et-Teffaha,22563,,0.2850687523799594,,0.0,0.3515050488186553
Aain Et-Tine-Miniyé,37333,,,,7.455967254409233e-05,
Aain Et-Tineh BG,52116,,0.2111425405947351,,,0.3121385492363423
Aain Et-Tineh-Miniyeh,37333,,0.1902188054284537,,,0.3109473637008938
Aain Ez-Zeit,35427,,0.3312314734777542,,,0.5042936055779353
Aain Ez-Zeitoune,22714,,,,0.0,
Aain Ez-Zeitouneh,22714,,0.2850687523799594,,,0.3595400928300187
Aain Ibl,72143,,0.4113788943399817,,,0.1196133846765154
Aain Jarfa,74114,,0.2474365959090499,,,0.2669267012385961
Aain Jrain,26227,,0.1527036735445421,,,0.3301144413461737
Aain Kfaa,26289,,0.0601253386697336,,,0.333451922342193
Aain Kfar Zabad,51377,,0.2876057199753736,,,0.3255529763235255
Aain Ksour,24371,,0.3257531649907338,,,0.3337957875347381
Aain Mouaffaq,21314,,0.4779319648517342,,,0.3425597888221184
Aain Ouzain,23627,,0.2412152636234502,,0.0010289316529532,0.3934936620908074
Aain Qana,71226,,0.5185008915707529,,0.0,0.1949965957573014
Aain Qania,23619,,0.2412152636234502,,0.0106998892875317,0.3953186753594721
Aain Qinia,74126,,0.2474365959090499,,,0.2712812816100577
Aain Rouha,55147,,0.1640474326233566,,0.0007567577830321,0.3238980708922234
Aain Saade,22423,,,,0.0638554229762516,
Aain Saadeh,22423,,0.2850687523799594,,,0.4106955454146904
Aain Tinta,35435,,0.3312314734777542,,,0.4838426337895194
Aain Traz,24361,,0.283484214307092,,,0.4063885477621617
Aain Yaaqoub,35187,,0.3312314734777542,,,0.4674707528188152
Aain Zebdeh,52146,,0.280117061108325,,,0.289343031825531
Aain Zhalta,23469,,0.2823618269582497,,0.0843443914893046,0.3700567617473106
Aain es-Sofsaf El-Matn,22727,,0.2850687523799594,,0.0167186848737152,0.3616389169824925
Aainbal,23533,,0.2412152636234502,,0.0087732660638877,0.3550171191584103
Aaintaroun,72151,,0.4829285462416079,,,0.1666926067018309
Aaita Ej-Jabal,72224,,0.4113788943399817,,,0.0927429983992466
Aaiyat,35185,,0.3312314734777542,,,0.4846882946439685
Aaiye,62242,,,,0.0,
Aaiyeh,62242,,0.4427656615962935,,,0.0754717072678121
Aaiyé,62242,0.0,,0.5596635607287662,,
Aajaltoun,25211,,0.2610343004563827,,,0.3584731127510319
Aakkar El-Aatiqa,35191,,0.3312314734777542,,,0.4697765776553725
Aalali,34237,,0.0518431787831889,,0.0,0.3070240292945017
Aaley,24311,,0.401842564921234,,,0.3472769264826524
Aaley Bsatine,24365,,0.3257531649907338,,,0.3202795863934835
Aali En-Nahri,51323,,0.3778397043499675,,,0.3729551475718729
Aali Et-Taher,71115,,0.3152980923706067,,0.0,0.2152610507863766
Aalita,26219,,0.0684074985562782,,0.2113253685099103,0.3495516093698207
Aalma,33133,,0.145922435877013,,,0.3032001312738694
Aalma Ech-Chaab,62316,,0.4741524288526054,,,0.1276947355206271
Aalmane Ech-Chouf,23311,,0.3649858171450936,,0.1449558293261596,0.1792392443766519
Aalmane Marjaayoun,73293,,0.4947859968938875,,,0.1546285839579327
Aalmat Ech-Chamliyeh,26212,,0.0684074985562782,,,0.3300442389323327
Aalmat Ej-Jnoubiye,26214,,,,5.664306246849644,
Aalmat Ej-Jnoubiyeh,26214,,0.0684074985562782,,,0.3372149880575977
Aamaret Aakkar,35265,,0.3312314734777542,,,0.5996894474122674
Aamaret Chalhoub,22343,,0.2850687523799594,,0.0058965555847023,0.4562848341281207
Aamaret El-Baykat,35449,,0.3312314734777542,,,0.4966574184734291
Aamayer,35512,,0.3312314734777542,,,0.6666027613414193
Aamchit,26141,,0.0684074985562782,,,0.3978582704289219
Aamchki,53131,,0.4680736887245614,,0.0,0.2642045187727931
Aammatour,23639,,0.1766552783969553,,0.0057689049512716,0.3737146829567503
Aammiq BG,52176,,0.2836728024244707,,,0.4451255318636503
Aammiq Ech-Chouf,23427,,0.283484214307092,,0.0,0.4246987095930433
Aamra,73191,,0.400957397026142,,0.0,0.3193788376601634
Aamriyet Aakkar,35421,,0.3312314734777542,,0.0,0.5052097702187992
Aana,52161,,0.2606661623658876,,,0.4429363922930145
Aandqet,35498,,0.3312314734777542,,,0.5342282652120627
Aanjar (Haouch Moussa),51281,,0.2838613905418493,,0.0054457380622506,0.4732300744524534
Aanout,23239,,0.2412152636234502,,0.0091422315369347,0.3060310833706402
Aanqoun,61489,,0.3731175162027821,,,0.1375053578377758
Aaouaainat Aakkar,35420,,0.3312314734777542,,,0.5760960101537211
Aaouainat,35420,0.1540913921360255,,0.5590704229820379,,
Aaqabet Rachaya,55114,,0.1640474326233566,,,0.3546547001578538
Aaqaibeh Kesrouane,25171,,0.2369998485328059,,,0.3725961359032693
Aaqoura,26371,,0.2063310536492086,,,0.2958155709919698
Aaqtanit,61477,,0.488756370666737,,,0.1161224548726655
Aarab Ej-Jall,61487,,0.503628631118745,,0.1292363565102468,0.143154506323736
Aarab El-Lahib,26374,,0.0601253386697336,,0.0,0.3334448744175962
Aarab Salim,71256,,0.3152980923706067,,0.0,0.2275380715467549
Aarab Tabbaya,61483,,0.503628631118745,,0.0289637526165853,0.1282350302188039
Aaraiya,21371,,0.3629179592100601,,,0.3694784451565874
Aaramoun Aaley,24211,,0.283484214307092,,,0.3255726903238893
Aaramoun Kesrouane,25327,,0.2369998485328059,,,0.3180493013786324
Aaramta,63311,,0.1120952931704605,,,0.3069081901662657
Aarasta,26392,,0.0684074985562782,,0.0,0.367551119545928
Aaray,63131,,0.1766552783969553,,0.014860794294078,0.3523546228557671
Aarbaniyeh,21381,,0.3815003586158468,,,0.36936820124925
Aarbet Qozhaiya,33227,,0.074037090576169,,,0.2658347245254385
Aardat,33113,,0.393959719358087,,0.0149650733912932,0.312213793825811
Aarjis,33161,,0.145922435877013,,,0.2987358309871754
Aarme,35484,,,,0.5368095232761653,
Aarmeh,35484,,0.3312314734777542,,,0.5126130871368407
Aarqa,35141,,0.3312314734777542,,,0.5867052916830919
Aarsal,53231,,0.4680736887245614,,,0.3327202116745126
Aartiz,34251,,0.0518431787831889,,0.0,0.3140840648415248
Aasaymout,37362,,0.260725139453104,,0.0,0.3685189789639564
Aassaymout,37362,0.0,,0.2825017025281889,,
Aassoun,37313,,0.1902188054284537,,0.025644499357975,0.2946185172981047
Aatchane,22555,,,,0.0800702544714213,
Aatchaneh,22555,,0.2850687523799594,,,0.3911239365818872
Aathrine,23544,,0.2412152636234502,,0.0046871596725596,0.3795404565000447
Aaychiyeh,63355,,0.3332867456568473,,,0.2715639010845848
Aayha,55117,,0.1640474326233566,,,0.3655395623456492
Aaymar,37367,,0.1902188054284537,,0.0,0.3017596224281924
Aaynab,24351,,0.3257531649907338,,,0.3279874424878589
Aaynata Baalbek,53377,,0.1740228675052459,,,0.2552168836308665
Aaynata Bent Jbayl,72119,,0.4113788943399817,,,0.1343306487148825
Aayoun Aakkar,35177,,0.3312314734777542,,,0.5041274916555388
Aayoun El-Ghizlane,35347,,0.3312314734777542,,,0.493539420882684
Aayoun El-Matn,22635,,0.3815003586158468,,0.0160676856219599,0.3807392920951387
Aayroun,22767,,0.2850687523799594,,0.0070242665154469,0.3852301680591041
Aayta Ech-Chaab,72183,,0.4113788943399817,,,0.0961674251014134
Aayta El-Foukhar,55194,,0.2220822468658408,,,0.3976820896092333
Aaytanit,52121,,0.2606661623658876,,,0.3377609920825641
Aaytat,24329,,0.401842564921234,,,0.3294934031308134
Aaytit,62217,,0.4741524288526054,,,0.0907721757020246
Aaziye,62294,,,,0.0,
Aaziyeh,62294,,0.4741524288526054,,,0.0995409890702854
Aazouniyeh,24454,,0.401842564921234,,,0.3965727252863597
Aazour,63184,,0.1120952931704605,,,0.2933407146504982
Aazqai,37361,,0.2224575694167858,,0.0012950533490397,0.3374252070016951
Aazra ouel Aazr,25361,,0.2369998485328059,,0.0202526525996069,0.321704294864811
Aazzi,71271,,0.503628631118745,,0.0449791130189816,0.1279785898842507
Aba,32143,0.0,,0.6087014826731262,,
Abba,71351,0.0,,0.1765348369992695,,
Abbassyat,62276,0.1663449163449163,,0.5539374221993758,,
Abdilli,34217,0.0,,0.2963522239658278,,
Abdine,36121,0.0,,0.2720084337624113,,
Abey,24375,0.0371440363186132,,0.295239932104375,,
Ablah,51163,0.2248662608374838,0.2876057199753736,0.4451468454098633,,0.3308494295479342
Abou Chech,62319,0.0,0.4741524288526054,0.5619859093091378,0.0,0.1053109275692685
Abou Kamha,74112,0.4848484848484848,,0.2677672941987923,,
Abou Mizane,22575,,0.2850687523799594,,0.0,0.3521790662782543
Abou Qamha,74112,,0.2474365959090499,,,0.2701609139310358
Abou-Mizane,22575,0.0,,0.3003084128951462,,
Abra,61244,0.3632988078952511,,0.3911967823073327,,
Abrine,34269,0.0,,0.2933848966449298,,
Acheiche,33267,0.0524160524160524,,0.3857225228079983,,
Achkoute,25423,0.0638868205510052,,0.5098103111736642,,
Achrafieh,10650,0.0024156085475379,0.372757252648091,0.293029115566013,,0.3067549422737021
Adchite,71347,0.0,,0.176551547207553,,
Adchite El-Koussair,73256,0.0,,0.4196559860517836,,
Addous,53127,0.0,,0.5732990343826486,,
Addoussiat,61466,0.1620526671168129,,0.4133535595707698,,
Adeicé,73211,0.0,,0.4175330298494376,,
Adloun,61434,0.0411280846063454,,0.4202681014817823,,
Adma Oua Dafine,25156,,0.2369998485328059,,,0.372614192891961
Adonis Jbayl,26239,,0.1527036735445421,,,0.3221097979210509
Adonis et Sannour,26239,0.0269396551724137,,0.3998351778891313,,
Afka,26364,14.235294117647058,,0.4301820040894196,,
Afqa Jbayl,26364,,0.1527036735445421,,,0.3395398814330085
Afsdik,32127,0.0607814761215629,,0.6077792454629716,,
Aghmide,24451,0.0507374631268436,,0.2964239215670368,,
Ain Aakrine,32135,,0.0828231275388184,,0.0,0.2876170771943914
Ain Aarab,73162,0.0,,0.4218291264229771,,
Ain el-Mreisseh,10110,,0.3552710367125234,,,0.1969533404953027
Ain el-Mreissé,10110,0.6938461538461539,,0.3424709086183912,,
Aintoura El-Matn,22751,,0.3815003586158468,,0.0562542875417072,0.3156689479321564
Aintoura Kesrouane,25271,,0.2369998485328059,,,0.3805177453896098
Aintourine,33219,,0.145922435877013,,,0.2759620696795538
Ajeltoun,25211,0.0574963609898107,,0.4969620266254397,,
Akabé,55114,0.281148429035753,,0.3426709189134422,,
Akkar El-Atika,35191,0.0446437370651424,,0.5650191063662611,,
Akmata,63323,0.0,,0.2036186370980948,,
Akoura,26371,0.0,,0.4063152472591903,,
Akroum,35516,0.019927536231884,,0.5637984456639097,,
Aktanite,61477,0.5923000987166831,,0.4109133369377659,,
Al Kattara,26251,0.0,,0.405167796964809,,
Al Moghrak,35251,0.0,,0.5609152332087614,,
Al-Abboudié,35249,0.0018932222642938,,0.5754352861689498,,
Al-Ali-Nahri,51323,0.1241875580315691,,0.4592965206255721,,
Al-Amara,35265,0.004594180704441,,0.5692927259399541,,
Al-Aïne,53217,0.1623448445372987,,0.5665849581769082,,
Al-Beddaoui,37231,0.0076684200519678,,0.2590944035326879,,
Al-Boukaia,32193,0.0,,0.6050415803164048,,
Al-Boukaïa et Dahr Abi Yaghi,34211,0.0,,0.2970317693629083,,
Al-Dellafé,74179,0.0,,0.2683329458005237,,
Al-Djeziré,52257,0.0,,0.4519188529354077,,
Al-Fakiat,53214,0.0807921683357713,,0.5634983093276736,,
Al-Harik,33131,0.0,,0.3863857612807715,,
Al-Hery,34177,0.0,,0.285231965236889,,
Al-Hissa,35221,0.0,,0.5688620622717361,,
Al-Hraïché,32183,0.0,,0.6056326262301515,,
Al-Istable,52295,0.0,,0.4460409833407165,,
Al-Jdeidé,33137,0.0,,0.3838653536508437,,
Al-Jédidé,35125,0.0,,0.5551159549344894,,
Al-Kalmoune,31221,0.0625207848353841,,0.4402288177200152,,
Al-Khaldyé,33139,0.0,,0.3878181035549187,,
Al-Kharayeb,54175,0.0,,0.559118531619082,,
Al-Kharnoubé,35257,0.0,,0.5577066579243465,,
Al-Khiara,52234,0.0759651307596513,,0.4401739582723285,,
Al-Khodré,53443,0.0595885552139985,,0.5578461079540666,,
Al-Khraibé,35216,0.049611476389719,,0.5585414654767754,,
Al-Kleiat,35243,0.0246119733924611,,0.5729526851239326,,
Al-Kneissé,35245,0.0,,0.5678996152470527,,
Al-Labouat,53234,0.0308056872037914,,0.5655169135866643,,
Al-Marje,52277,0.0,,0.4256670039118432,,
Al-Massoudié,35229,0.0,,0.5653074624777203,,
Al-Mazraa,51271,0.0,,0.4531160298807747,,
Al-Mehamra,35277,0.0165413096294572,,0.5460522499208312,,
Al-Mina Jardins,31186,0.0,,0.4213132493646446,,
Al-Mina No1,31171,0.0912078882497945,,0.3998669789028864,,
Al-Mina No2,31176,0.0,,0.4131935053069919,,
Al-Mina No3,31181,0.0,,0.4350792422963891,,
Al-Minieh,37271,0.056508894336539,,0.2754924058898007,,
Al-Moukaiteh,35261,0.0246843791219144,,0.5654488868938663,,
Al-Mouzeihmé,35461,0.0,,0.5740502313508777,,
Al-Nabi Aïla,51151,0.0,,0.4541834340142711,,
Al-Nabi Chite,53445,0.0244676030811055,,0.5644021947621829,,
Al-Nabi Osman,53224,0.1160220994475138,,0.5695845631778205,,
Al-Nasriyé,51287,0.0,,0.456780889089753,,
Al-Qa Bayoun,53257,0.0,,0.5588887707130205,,
Al-Qa El-Benjakie,53241,0.004855287218614,,0.5612200641153072,,
Al-Qa Jouar Mekie,53267,0.0,,0.5589466392973054,,
Al-Qa Wadi El-Khanzir,53254,0.0,,0.5594394918755816,,
Al-Rihanié,35467,0.0,,0.5616092091438377,,
Al-Rihanié,37281,0.0,,0.307291693374447,,
Al-Roumoul,35281,0.0,,0.5582374580333035,,
Al-Sammounié,35227,0.0,,0.561330500455447,,
Al-Sawiré,52264,0.0080329153605015,,0.4460633690862576,,
Al-Saïdat,53167,0.1857244318181818,,0.5609787231288078,,
Al-Semmakié,35271,0.0,,0.5644815229762016,,
Al-Semmakli,35259,0.0,,0.5578935225701136,,
Al-Sfiré,37337,0.4753424657534246,,0.2907547801883247,,
Al-Souaissé,35143,0.0100697134004647,,0.5725463554784215,,
Al-Taybat,53139,0.0,,0.5639091013804494,,
Al-Taïbé,73232,0.0,,0.417972707461364,,
Al-Wakf,52261,0.0,,0.4388143658340582,,
Al-Zoureiribe,35127,0.0829428303655107,,0.555013920791531,,
Aley,24311,0.4239782192979613,,0.2844413471443186,,
Ali El-Taher,71115,0.0,,0.1751214738042018,,
Alita,26219,0.0,,0.4066616523792629,,
Alma,33133,0.4653891278842393,,0.3997545281993969,,
Alma Chaab,62316,0.0,,0.5606003644822688,,
Almane,23311,0.3916139240506329,,0.4723031508714277,,
Almane,73293,0.0,,0.4333229279141906,,
Almate El-Chemaliat,26212,1.8726042841037205,,0.4055730876169027,,
Almate El-Jenoubiat,26214,0.0,,0.4076895641578115,,
Amchite,26141,0.0348401425068245,,0.391275462416733,,
Amioun,32111,,0.0828231275388184,,0.0069430271159312,0.3045855995048637
Amioune,32111,0.0429447852760736,,0.6034743010450326,,
Ammatour,23639,0.021320213202132,,0.4774965867232734,,
Ammik,23427,0.0,,0.4768019490551206,,
"Ammik et ""Jouret Ammik""",52176,0.0,,0.4411268460982517,,
Ana,52161,0.0,,0.4409626395717161,,
Anane,63274,0.5026455026455027,0.1766552783969553,0.2054644831231609,,0.2683883518003688
Anbal,23533,0.15,,0.4772644899462628,,
Andeket,35498,0.0120126926563916,,0.5590951770264675,,
Anjar,51281,0.0417412045319022,,0.4501961600888706,,
Ankoune,61489,0.5766135395297459,,0.4149758204779243,,
Anoute,23239,0.2703188879803761,,0.4734302691771047,,
Ansar,71361,0.0016210082671421,0.503628631118745,0.1761069538310377,,0.0755115223755459
Ansariyé,61436,0.0229726625315874,,0.4166843443357316,,
Antelias,22311,,0.2850687523799594,,0.0295195214702632,0.442220493356466
Antoura,22751,0.097910447761194,,0.3021556044272364,,
Antélias,22311,0.014590651175358,,0.2271118424332615,,
Arab El-Haibe,26374,0.0,,0.4057106387664327,,
Arab Salim,71256,0.0,,0.1724235443510105,,
Arab Soukar,61486,0.0,,0.4199722187593007,,
Arab Tabbaya,61483,0.3301104972375691,,0.4278808646831666,,
Arab-el-Jal,61487,0.0,,0.4185416956302018,,
Aramoun,24211,0.2010686434966785,,0.2898225936230429,,
Aramoun,25327,0.0,,0.5083445198940502,,
Aramté,63311,0.0,,0.2031432130568647,,
Araya,21371,0.0882223202470224,,0.2755382339553514,,
Arbet Koshaya,33227,0.0,,0.3889167263977512,,
Ardate,33113,0.0,,0.382685716283364,,
Arde,33123,,0.145922435877013,,,0.3048676144787392
Ardé,33123,0.0326687887418328,,0.3842390245899861,,
Argesse,33161,0.0,,0.3887414376449431,,
Arida,35273,0.0,,0.5795116102338811,,
Ariya,63131,0.0851063829787234,,0.2033398568284908,,
Arka,35141,0.0045595476928688,,0.5593321498990647,,
Arkoub (Mazraat),63367,0.0,,0.2037598203179553,,
Arké,61479,0.0,,0.4168589153859423,,
Arnoun,71377,,0.3950247931567052,,0.0,0.2256009862862735
Arnoune,71377,0.0,,0.177809541430238,,
Arsale,53231,0.0,,0.5679506217382518,,
Arsoun,21471,,0.4779319648517342,,,0.3321077535939942
Arsoune,21471,0.029520295202952,,0.2849728917901088,,
Artiz,34251,0.0,,0.2961577524653164,,
Arzai,61417,,0.4814543997596712,,,0.0845758251650915
Arzey,61417,0.0771538791255893,,0.4169104095092912,,
Arzoun,62256,,0.4741524288526054,,,0.1008903371045491
Arzoune,62256,0.0,,0.5605459832864592,,
Asnoun,33125,,0.145922435877013,,,0.3466000496471641
Asnoune,33125,0.0,,0.3869840001139558,,
Assia,34263,0.0,0.0518431787831889,0.2972306197650554,0.008122377390839,0.3145631041776751
Assoun,37313,0.241265926839293,,0.2873310720758288,,
Atrine,23544,0.0441717791411042,,0.4773893078776212,,
Ayto,33243,,0.145922435877013,,,0.2732040168513862
Azka,37361,0.1731418918918918,,0.2971997976026767,,
Azour,63184,0.8391608391608392,,0.203103296466681,,
Aïchiyé,63355,0.0,,0.2039423181833723,,
Aïha,55117,0.0022381378692927,,0.3406473068970016,,
Aïn -El-Zeitouné,22714,0.0,,0.2913304157823129,,
Aïn Aar,22471,0.0,,0.2561913694433895,,
Aïn Aata,55171,0.0339091490722968,,0.3406694181870081,,
Aïn Abou Abdallah,62291,0.0,,0.5608529412956992,,
Aïn Akrine,32135,0.0,,0.6082505557661416,,
Aïn Arab,55167,0.106060606060606,,0.3413576759924075,,
Aïn Baal,62243,0.0,,0.5558859487422387,,
Aïn Bourday,53115,0.0,,0.564258559944349,,
Aïn Drafile,24219,0.0,,0.295466830164634,,
Aïn El-Beniyé,53465,0.0,,0.5592176622630368,,
Aïn El-Delbé,25463,0.2214022140221402,,0.5183763906375574,,
Aïn El-Halzoune,24431,0.0,,0.2971573888568531,,
Aïn El-Jaouzé,53473,0.0,,0.57852596575231,,
Aïn El-Kabou,22777,0.0,,0.3025265527911357,,
Aïn El-Rihané,25251,0.0109546165884194,,0.5108779017431001,,
Aïn El-Zeit,35427,0.0253505933117583,,0.5662788137368107,,
Aïn Horché,55147,0.0,,0.3398976374731143,,
Aïn Jarfa,74114,0.0752212389380531,,0.2725539268475763,,
Aïn Kfah,26289,0.0,,0.4062919290781759,,
Aïn Kfar Zabed,51377,0.0,,0.4572809712985938,,
Aïn Kinia,74126,0.0716594827586206,,0.2693995743113086,,
Aïn Ksour,24371,0.5522827687776142,,0.2955560155267002,,
Aïn Kéni,23619,0.1067892503536067,,0.4765919672623125,,
Aïn Mouaffak,21314,0.0,,0.2845168708069769,,
Aïn Ouzaï,23627,0.301081081081081,,0.476307554280465,,
Aïn Sofar,24427,0.2837209302325581,,0.2932353305151124,,
Aïn Séa et Chadourah,53163,0.0,,0.5589817405743945,,
Aïn Tanta,35435,0.0459183673469387,,0.5657547020816467,,
Aïn Traz,24361,0.0,,0.2972854690222127,,
Aïn Zhalta,23469,0.1280558789289872,,0.4780400454289791,,
Aïn el-Mir,63214,0.4203821656050955,,0.2011218861551102,,
Aïn-Alak,22551,0.0,,0.2770720277766238,,
Aïn-Boussouar,71216,0.0,,0.1764734239252138,,
Aïn-Dara,24477,0.1715450166728418,,0.2973118829876386,,
Aïn-Ebel,72143,0.0096113664855829,,0.4608984452313743,,
Aïn-El-Ghouaibé,26317,21.73913043478261,,0.4050833681176062,,
Aïn-El-Jdeidé,24325,0.8996212121212122,,0.2907033720002664,,
Aïn-El-Kach,22523,0.0,,0.293914810962372,,
Aïn-El-Kharroubé,22543,0.0,,0.2935630239336442,,
Aïn-El-Safsaf,22727,0.0924528301886792,,0.2945791429721673,,
Aïn-El-Sindiané,22737,0.0,,0.299553309735247,,
Aïn-El-Tiné,37333,0.0526870389884088,,0.2804225203461934,,
Aïn-Enoub,24259,0.054582904222451,,0.2937738495291271,,
Aïn-Jraïne,26227,0.1645569620253164,,0.404702119207611,,
Aïn-Kana,71226,0.0,,0.1782034453289056,,
Aïn-Rommané,24317,0.9726688102893892,,0.2928972598343511,,
Aïn-Saâdé,22423,0.0882512181916621,,0.2807564009938364,,
Aïn-Yacoub,35187,0.0043956043956043,,0.5610773446824576,,
Aïn-Zebdé,52146,0.0,,0.4386489255904466,,
Aïn-el-Assad et Chmeicé,23223,0.0,,0.4755630828000466,,
Aïn-el-Delbé,26221,0.073170731707317,,0.4035315422193788,,
Aïn-el-Dib,61277,0.1977938379612019,,0.4049576705797698,,
Aïn-el-Katmoune,72175,0.0,,0.4615945341939359,,
Aïn-el-Teffaha,22563,0.0,,0.2987446953880702,,
Aïn-el-Tiné,52116,0.0,,0.4412823704197057,,
Aïnab,24351,0.8793893129770992,,0.2939517848293542,,
Aïnata,53377,0.0,,0.5621383965463005,,
Aïnata,72119,0.0,,0.4602590381761758,,
Aïntoura,25271,0.0097560975609756,,0.4917172013416275,,
Aïntourine,33219,0.188235294117647,,0.3864986877351813,,
Aïroune,22767,0.0545905707196029,,0.2948423387755415,,
Aïta El-Fokhar,55194,0.00557880055788,,0.3398919162880864,,
Aïta-el-Chaab,72183,0.0,,0.4621490747786956,,
Aïta-el-Zut,72224,0.0,,0.4644941933609848,,
Aïtanit,52121,0.4221921515561569,,0.4403631501606144,,
Aïtaroun,72151,0.0,,0.4629585968929692,,
Aïtate,24329,0.4943693693693693,,0.2940841547295415,,
Aïtite,62217,0.0,,0.5587585497146689,,
Aïto,33243,0.0,,0.3885952433331052,,
Baabda,21211,0.020386631270846,0.3815003586158468,0.2284741228109786,,0.361234638201756
Baabdat,22659,,0.3815003586158468,,0.0249766683880451,0.3627604689366066
Baabdat et Sfaïlé,22659,0.0443451906205136,,0.2870751020311067,,
Baadarane,23631,0.0497114957833999,0.2412152636234502,0.4774224297861484,0.002926326893089,0.3914156001260708
Baakline,23511,0.1201898188093183,,0.4758623862038421,,
Baalbek,53111,0.0148570731260868,0.4680736887245614,0.5587788347899019,,0.3087107008559576
Baalchemay,21311,1.044529262086514,,0.2817118976639005,,
Baalchmay,21311,,0.401842564921234,,,0.3612055099722768
Baaloul,52224,0.081270182992465,,0.4383251367244796,,
Baaloul BG,52224,,0.2220822468658408,,,0.3500268358839996
Baaouerta,24235,,0.283484214307092,,,0.2921934379660922
Baaqline,23511,,0.2412152636234502,,0.0052243272723799,0.3448910681853447
Baassir,23255,0.8211382113821138,0.2412152636234502,0.4731630575563897,0.0481826617281902,0.2484020425953169
Bab Mareaa,52126,,0.2606661623658876,,,0.3345409921014584
Bab Mareh,52126,0.0,,0.4395388755832597,,
Baba,63174,0.0,,0.2038279255169472,,
Babliyeh,61444,,0.503628631118745,,,0.0744082049322093
Babliyé,61444,0.0494947411837492,,0.416517446906094,,
Bachoura,10350,0.3199531384880996,0.3552710367125234,0.2607200901799013,,0.2084540425620487
Bachtlida,26243,1.3774954627949183,,0.4060180806300637,,
Bachwat,53333,0.0533175355450237,,0.5643682277530994,,
Badbhoun,32161,0.0,0.0673331531610036,0.6084152473601537,0.0,0.3816022896787854
Bafliyeh,62221,,0.4741524288526054,,,0.0937773925684371
Bafliyé,62221,0.0,,0.564345041180022,,
Baghdadi,35439,,0.3312314734777542,,,0.4885355415898941
Baissour,63221,0.7362637362637363,,0.2028215502374103,,
Bait Chama,53417,0.1655954631379962,,0.56258315385692,,
Bajjaje,53221,,0.4680736887245614,,0.0,0.4618884283171567
Bakhaaoun,37391,,0.1902188054284537,,0.0009936569147325,0.2910639224084997
Bakhaase,26297,0.0,,0.4047575441533601,,
Bakhoune,37391,0.0929144385026738,,0.2799266882124766,,
Bakka,55177,0.3051181102362205,0.1640474326233566,0.3414190749014641,,0.3836470640918681
Bakkifa,55121,0.0,,0.3402099723054518,,
Bakkifac Rachaya,55121,,0.1640474326233566,,0.0,0.3506401814765593
Balde WaMazraatBalde,35158,,,,0.0,
Balde WaMazraatBaldeh,35158,,0.3312314734777542,,,0.5183034645264507
Balloune,25221,,0.2610343004563827,,,0.381091276188522
Ballouné,25221,0.0007669888019634,,0.49681872408335,,
Bane,36147,0.0,0.074037090576169,0.2729748536957024,0.0,0.2640485464539126
Bani Haiyane,73226,0.0,,0.4239116976986391,,
Bany haiyane,73226,,0.5544781981432341,,,0.1540933607768261
Baouarta,24235,3.514314928425358,,0.2989625622979084,,
Baouchariat,22228,0.0023460670178389,,0.23096242049133,,
Baouchriye,22228,,,,0.0051621154824413,
Baouchriyeh,22228,,0.2850687523799594,,,0.4334021620804767
Bar-Elias,51267,0.0006969761955822,,0.4508601863086878,,
Baraachit,72227,,0.4113788943399817,,,0.120705405068433
Baraachite,72227,0.0,,0.4666234149870575,,
Barbara,35433,0.0,,0.5611815689407853,,
Barcha,35241,0.0,0.3312314734777542,0.5571859850753991,0.0,0.5058298589049294
Barde,35408,,,,0.0601190650823821,
Bardeh,35408,,0.3312314734777542,,,0.5143543302625395
Barghoun,32163,,0.0673331531610036,,0.0010481703087062,0.3824655690989239
Bargoune,32163,0.0,,0.6096784730183088,,
Barich,62224,,0.4741524288526054,,,0.0901223990822584
Barja,23251,1.0733324721181587,0.2412152636234502,0.4726064134044793,0.0415243319143894,0.2352195264993059
Barka,53344,0.0,,0.5608572283389003,,
Barouk,23679,,0.2606661623658876,,0.0225478795509292,0.3477887654034242
Barqa,53344,,0.4680736887245614,,,0.2179231141287927
Barr Elias,51267,,0.2838613905418493,,,0.3924769679072239
Barsa,32187,0.0488415779586725,0.0828231275388184,0.6037171142381555,,0.3391219894955968
Basbina,34249,0.0,0.0518431787831889,0.2675589681612158,0.0,0.33615568108064
Baskinta,22797,0.0300272975432211,0.2610343004563827,0.3029404787429771,0.0209575903387791,0.3268758864756767
Basloukite,33215,32.0,,0.4916081788311568,,
Bater,23675,0.3039763391390075,0.1766552783969553,0.4769110985508565,0.0072451642654352,0.374430634100936
Batha,25325,0.0341261633919338,0.2369998485328059,0.5030127198663124,,0.3674984834245214
Batloun,23663,,0.2412152636234502,,0.014162281850723,0.3878288031297941
Batloune,23663,0.2501699524133243,,0.4740646200604743,,
Batoulay,62162,,0.4741524288526054,,,0.0933132664114627
Batouliyat,62162,0.0,,0.5569457921101214,,
Batroumine,32159,,0.0828231275388184,,0.02322386681727,0.3131964408764864
Batroun,34111,,0.0518431787831889,,0.2582382626021652,0.3687528081721906
Batroune,34111,0.0554313813142601,,0.2756149235832931,,
Bayqoun,23687,,0.2412152636234502,,0.0,0.3672689716379924
Bayssour Aaley,24343,,0.3257531649907338,,,0.3498607313785071
Bayssour Jezzine,63221,,0.1120952931704605,,,0.1942248980008437
Bayzoun,26299,,0.0684074985562782,,,0.3352424518904536
Bazaaoun,36181,,0.026997462029257,,0.0,0.2941050872475581
Bazbina,35189,0.0745554035567715,,0.5608894040985649,,
Bazoune,36181,0.0,,0.2731214683470807,,
Bazouriat,62246,0.0,,0.5590758162529851,,
Bazouriyeh,62246,,0.4741524288526054,,,0.0889620836898216
Bazyoune,26299,1.4743589743589745,,0.4058473723870334,,
Baïkoun,23687,0.0,,0.4773982480315153,,
Baïssour,24343,0.0254308532997057,,0.2946073145613401,,
Bchaalé,34316,0.0290697674418604,,0.2977435602676005,,
Bchamoun,24243,,0.3257531649907338,,,0.3347568175575904
Bchamoune,24243,1.258213474640424,,0.2832191011086892,,
Bchannine,33157,,0.1143727817079157,,,0.320733388872595
Bcharre,36111,,,,0.0282552217271875,
Bcharreh,36111,,0.215203609913878,,,0.2445934072383609
Bcharré,36111,0.0623800383877159,,0.275770347153745,,
Bchatfine,23423,0.2909685328974254,,0.4767879475282417,,
Bcheaali,34316,,0.0601253386697336,,0.0035216899224806,0.3337226626004281
Bchenine,33157,0.0,,0.3883783308226665,,
Bchille Jbayl,26244,,0.0684074985562782,,,0.3495916855769346
Bchillé,26244,0.0763116057233704,,0.4072961462709479,,
Bchnnata,37359,0.0,,0.2824758812470798,,
Bchtfine,23423,,0.283484214307092,,0.0010898333178819,0.3754434999902183
Bdadoun,24283,,0.401842564921234,,,0.344901895102812
Bdebba,32145,0.0,0.0828231275388184,0.6087170995814405,0.0,0.3159081541473107
Bdédoune,24283,0.0,,0.2819682626956605,,
Bebnine,35275,0.0876277728294524,0.260725139453104,0.5669257876436257,,0.5043405236482655
Bebé,63174,,,,0.0,
Bechehhara,37379,,0.1680706206527333,,0.0,0.2979630342664666
Bechhara,37379,0.0,,0.2816946737685504,,
Bechmezzine,32117,0.0928709055876686,,0.6071935965671964,,
Bechmizzine,32117,,0.0828231275388184,,0.0173335973787075,0.309280951220521
Bechnnata,37359,,0.1680706206527333,,0.108790738330279,0.2759217030304915
Bechouat,53333,,0.4680736887245614,,,0.2307754516978977
Bechtoudar,34331,,0.0673331531610036,,0.0105967909531437,0.297356435063617
Bechtoudar-Aoura,34331,0.0,,0.2980583252792008,,
Beddaoui,37231,,0.326046079637611,,,0.374585985749426
Bedghan Oua Ouadi Bedghan,24434,,0.3257531649907338,,,0.4028705907597794
Bedghane,24434,0.9241499564080208,,0.2962196885676061,,
Bedias,62274,,0.4814543997596712,,,0.0849368121760717
Bednayel,32165,0.029090909090909,,0.6067592249461911,,
Bednayel,53411,0.0843464093244767,,0.5626788292647998,,
Bednayel Baalbak,53411,,0.3194370024031751,,,0.303744637385686
Bednayel El-Koura,32165,,0.0828231275388184,,0.0760999188712433,0.3233492005603168
Behbeh,63174,,0.1120952931704605,,,0.2990417771223951
Behdaidate,26259,0.0,,0.4031668730237201,,
Behdaydat,26259,,0.0684074985562782,,,0.3405218869260469
Behouaita,37371,,0.1680706206527333,,0.0,0.2745401208420964
Behouara,24327,,0.3257531649907338,,,0.3711118470507994
Behweité,37371,0.0531914893617021,,0.2823847751327039,,
Beino,35175,0.1076576576576576,0.3312314734777542,0.5601598436505557,,0.4843796790204491
Beiriche,62224,0.0,,0.5598501508199284,,
Beirut Central District,10999,0.0,0.3552710367125234,0.3055162495244467,0.0383454561681264,0.2214016143090833
Beit Ayoub,35337,0.021484375,0.3312314734777542,0.5631882606285598,,0.4319531783828879
Beit Chabab,22531,,0.2610343004563827,,0.0037688088673958,0.3755717360819541
Beit Chama,53417,,0.4680736887245614,,,0.3196609274857593
Beit Chebab,22531,0.0,,0.2860293810423428,,
Beit Chlala,34321,,0.0518431787831889,,0.0048660482045202,0.3246221460798085
Beit Chlale,34321,0.0179856115107913,,0.2965068495504587,,
Beit Ech-Chaar,22459,,0.2850687523799594,,0.0078895224791531,0.4175936293630418
Beit Ed-Dine,23411,,0.2412152636234502,,0.1578310665999249,0.390973011876625
Beit Eddine,23411,0.4096774193548387,,0.4740057270403518,,
Beit El Koukou,22451,0.0,,0.2480599771160353,,
Beit El-Faqs,37329,,0.1902188054284537,,0.0005524752768198,0.3074897053663652
Beit El-Haouch,35367,,0.260725139453104,,,0.4428428895483529
Beit El-Kekko,22451,,0.2850687523799594,,0.0,0.3894134754252369
Beit Habbak,26271,0.0508474576271186,,0.4027781564476482,,
Beit Habbaq,26271,,0.0684074985562782,,,0.3460778823679389
Beit Haouik,37357,0.0172413793103448,0.1902188054284537,0.2940015865461667,8.019226855073003e-05,0.310937217867272
Beit Kassab,34371,,0.0456060170432316,,0.0,0.2857893373291228
Beit Ksab,34371,0.0,,0.2977571439170954,,
Beit Lahia,55127,0.0,0.1640474326233566,0.3391069237870162,,0.3533720830239273
Beit Lif,72287,0.0,0.4113788943399817,0.4633151463351898,,0.0819772437359785
Beit Mallat,35174,0.0,,0.5576874283462631,,
Beit Mellat,35174,,0.3312314734777542,,,0.4946978670623974
Beit Menzer,36187,0.0,0.0021517452753251,0.2724886920855515,0.0,0.2480293664703589
Beit Meri,22667,,0.3815003586158468,,0.0263180440634406,0.3757668561193809
Beit Mery,22667,0.0609383940492084,,0.281753591441124,,
Beit Yahoun,72237,,0.4113788943399817,,,0.1090534154553014
Beit Yahoune,72237,0.0,,0.4676431049425957,,
Beit Younes,35321,0.0596094552929085,0.3312314734777542,0.5667723606399943,,0.4286038548625525
Beit Zaoud,37349,0.0,,0.3087408550844404,,
Beit Zoud,37349,,0.1902188054284537,,0.0067180299253643,0.2779060824011391
Beit-El-Faks,37329,0.0627822944896115,,0.278886297699462,,
Beit-El-Haouche,35367,0.0,,0.5702148071376838,,
Beit-Ghattas,35134,0.0491803278688524,,0.5571714702020759,,
Beitroumine,32159,0.0,,0.6068409572371771,,
Bejdarfel,34264,0.0,,0.2926882656260017,,
Bejjeh,26276,,0.0601253386697336,,,0.332504331438368
Bejjé,26276,0.0045351473922902,,0.4044569508143257,,
Bekaatet Kénaan,25443,0.0,,0.5176872621791213,,
Bekaatet-Achkoute,25431,0.010204081632653,,0.5098777655579003,,
Bekaatouta,25451,0.0748717948717948,,0.5156341518958981,,
Bekhaaz,26297,,0.0684074985562782,,,0.3673251724913573
Belhos,26354,0.0,,0.5726886171546108,,
Belmand,32173,0.0,,0.6019336043488096,,
Benachée,33159,0.0,,0.3875491352932312,,
Benouati Ech-Chouf,23263,,0.2412152636234502,,,0.335213796087422
Benouati Jezzine,63144,,0.1120952931704605,,0.0836353438623604,0.3364632920892313
Benouaïti,23263,0.0476190476190476,,0.4762317030526155,,
Bent Jbayl,72111,,0.4113788943399817,,,0.1337820500568656
Benwati,63144,0.4260752688172043,,0.2005003838795264,,
Beqaata Aachqout,25431,,0.2369998485328059,,,0.3005053326449743
Beqaata Kanaan,25443,,0.2610343004563827,,,0.3276236133511645
Berbara Aakkar,35433,,0.3312314734777542,,,0.5017440964840717
Berbara Jbayl,26183,,0.0684074985562782,,0.0542142062738814,0.3896306086085248
Berhalioun,36137,0.036241610738255,0.0424874364070717,0.2729556927904119,0.0047456643301144,0.267538405369467
Berkayel,35314,0.0727577669515214,,0.5631383926754713,,
Berket Hejoula,26237,0.0,,0.4068997937293735,,
Berqayel,35314,,0.3312314734777542,,,0.5141779837796288
Berti,61488,0.3809523809523809,0.3004258319185988,0.4145643749998162,,0.2297338736873852
Beslouqit,33215,,0.145922435877013,,0.0,0.2549565674861286
Bestiace,62249,0.0,,0.5590367852861916,,
Bestiyat,62249,,0.4741524288526054,,0.0,0.0897162886949057
Bezbina,35189,,0.3312314734777542,,,0.4519490965879327
Bezhel,25369,0.0106382978723404,,0.5172081241382854,,
Bfaroue,71276,,,,0.0429436280754157,
Bfaroueh,71276,,0.503628631118745,,,0.1131271343417538
Bfarwé,71276,0.1027749229188078,,0.1776370267377904,,
Bhabbouch El-Koura,32133,,0.0424874364070717,,0.8351346842127604,0.2702553197138415
Bhabbouche,32133,0.7918088737201365,,0.6089064991170301,,
Bhairet Toula,33239,,0.1680706206527333,,0.0,0.2781055276464956
Bhamdoun (Gare),24411,2.173089071383449,,0.2938467947552748,,
Bhamdoun (Village),24414,1.0786516853932584,,0.2942990453780547,,
Bhamdoun Ed-Dayaa,24414,,0.401842564921234,,0.1322290686015799,0.3747442919661233
Bhamdoun El-Mhatta,24411,,0.401842564921234,,,0.3669266670095746
Bhanine,63181,0.0,,0.2045350227416418,,
Bhannine,63181,,0.1766552783969553,,,0.3684120773745398
Bhersaf,22535,,0.2850687523799594,,0.0063902817343489,0.3897892204859362
Bhouara,24327,6.833333333333333,,0.2937213444646917,,
Biakoute,22359,0.0733969263381028,,0.2674773575772591,,
Bichtlida,26243,,0.0684074985562782,,,0.3403865167969275
Bidias,62274,0.0,,0.5609065523439188,,
Bijdarfil,34264,,0.0518431787831889,,0.0213096585207286,0.3275461408687521
Bikaa kafra,36191,0.0,,0.2745721213213205,,
Bikfaya,22511,0.035487959442332,0.2850687523799594,0.2831010813649159,0.0027956268681632,0.3862760118189157
Billa,36117,0.0,0.0021517452753251,0.2724812847659337,0.0,0.2510751943755074
Binnay,24369,,0.3257531649907338,,0.0450392139743918,0.3519455821145905
Bint Jbail,72111,0.0,,0.4603301405015059,,
Bintaael,26269,,0.0684074985562782,,,0.3472633193561084
Bintaél (Fdar-El-Soufla),26269,0.0228310502283105,,0.4029956421317769,,
Biret Aakkar,35416,,0.3312314734777542,,0.0068065137792223,0.4975362458152965
Biret Ech-Chouf,23451,,0.283484214307092,,,0.3959919651380443
Biret Rachaiya,55164,,0.2220822468658408,,,0.3682161955727824
Birket Hjoula,26237,,0.0684074985562782,,0.1977423138216869,0.3395742960222219
Bisri,63191,0.4150943396226415,0.1766552783969553,0.2036113771003836,,0.3119103430642279
Bisrine,24464,0.0,,0.2955322328154599,,
Bissariat,61453,0.2891806247170665,,0.4125857003389905,,
Bissariyeh,61453,,0.488756370666737,,,0.0928821277943059
Biyad,62226,,0.4741524288526054,,,0.0909346198569658
Bizhel,25369,,0.1527036735445421,,,0.3405640718036223
Bkaa Safrine,37317,0.0756554307116104,,0.2864821855147985,,
Bkarkacha,36184,0.0,,0.2752407401063709,,
Bkarsouna,37319,0.0335329341317365,,0.2884386072173093,,
Bkarzala,35147,0.020976353928299,,0.5583311891270457,,
Bkassine,63124,,0.1120952931704605,,,0.3143124126780851
Bkechtine Ouel Mcheiaa,23253,,0.2412152636234502,,0.0,0.310826447970022
Bkeftine,32189,0.0,0.2902475199486487,0.606354613070198,0.0033368009766377,0.3368358391128388
Bkennaya,22431,0.0,,0.249616706506173,,
Bkessine,63124,0.3318345323741007,,0.203000813543656,,
Bkhchtaine,23253,0.0,,0.4761980107763367,,
Bkhichtay,24321,0.3062200956937799,0.3257531649907338,0.2873974421990811,,0.3654183331395128
Bkifa,23356,0.0,,0.477761058423755,,
Bkifa Ech-Chouf,23356,,0.2412152636234502,,,0.3012840808022571
Blaouza,36151,0.0,0.074037090576169,0.2729630906844952,0.0,0.2603351448700696
Blat,26129,0.1133847946402563,,0.3972335254020818,,
Blat,73135,0.0,,0.4152858409498584,,
Blat Jbeil,26129,,0.0684074985562782,,,0.3620503715650895
Blat Marjaayoun,73135,,0.3046700273876199,,,0.2789490853875105
Blaybel,24267,,0.401842564921234,,,0.3475166112177686
Bleibel,24267,0.0,,0.2854427452948567,,
Blida,73288,0.0,0.4829285462416079,0.4186506927013126,,0.206499785783025
Bmahray,24484,,0.2836728024244707,,,0.3564305056115508
Bmakine,24319,,0.3257531649907338,,,0.3462296102868073
Bmakkine,24319,0.5784982935153583,,0.2925779852535791,,
Bmariam,21436,0.5407407407407407,,0.2862605928026983,,
Bmaryam,21436,,0.4779319648517342,,,0.3689546052239778
Bmehrayn,26283,,0.0684074985562782,,0.2183446173932356,0.3527051985466428
Bmehraï,24484,1.3243243243243243,,0.3000032298998963,,
Bnaafoul,61481,0.1447776628748707,0.503628631118745,0.4153714728132859,,0.1129826003697207
Bnabil,22724,,0.2850687523799594,,0.0763298886492515,0.3612621187365689
Bnechaai,33159,,0.145922435877013,,,0.285091465482548
Bnehran,32141,,0.0424874364070717,,0.2037414838661375,0.2679385804877629
Bnehrane,32141,0.6891891891891891,,0.6093437138800888,,
Boksmaya,34277,0.0353982300884955,,0.2965541319989019,,
Boqsmaiya,34277,,0.0673331531610036,,0.0069673619030639,0.315135556281979
Bordje Rahhal,62283,0.0601245436976594,,0.5585132513991939,,
Borge El-Chémali,62128,0.0986734405870731,,0.5482242375403562,,
Borge Hammoud,22111,0.0254512760218549,,0.2183714490826158,,
Borge Kalaouiyé,72264,0.0492610837438423,,0.4600750942898653,,
Borge el Baragenat,21177,0.0,,0.2276563782681898,,
Borge-El-Yahoudié,37251,0.0352564102564102,,0.2928420410232098,,
Borj Aakkar,35183,,0.3312314734777542,,,0.5004793278905265
Borj Ech-Chemali,62128,,0.4741524288526054,,,0.0898412457371681
Borj El-Moulouk,73146,,0.5544781981432341,,,0.2367853261875022
Borj El-Yahoudiye,37251,,,,0.0003256404602657,
Borj El-Yahoudiyeh,37251,,0.1680706206527333,,,0.3192988400899894
Borj En-Naqoura,62312,,0.4741524288526054,,,0.1420531330500236
Borj Rahhal,62283,,0.4741524288526054,,,0.0889040679201983
Borj qalaouiyeh,72264,,0.4800031719044896,,,0.1052968034653367
Botme,23615,,,,0.0322886322800002,
Botmeh,23615,,0.2412152636234502,,,0.3908100197490948
Botmé,23615,0.063164108618654,,0.4771055049927313,,
Bou Zrideh,24355,,0.3257531649907338,,,0.3823617786789502
Bouar,25166,,0.2369998485328059,,,0.3736282894722947
Bouarej,51244,,0.3827688424135539,,,0.3028698160958343
Boucite,33279,0.0,,0.3903387203555259,,
Bouday,53459,0.0,0.4680736887245614,0.5621173561756165,,0.2760662963734673
Bouerije,51244,0.3995308835027365,,0.4608935578726664,,
Boueyda Marjaayoun,73116,,0.3332867456568473,,,0.2770252407157902
Bouhairet Toula,33239,0.035,,0.3870348620080215,,
Boukak El-Dine,25176,0.0,,0.5053198426590146,,
Boulhos,26354,,0.0684074985562782,,6.815916817089499,0.3368668934398666
Bourghos,74155,,0.3046700273876199,,,0.2852148086464524
Bourj El-Brajneh,21177,,0.4779319648517342,,,0.3225057222895423
Bourj El-Ftouh,25313,,0.2369998485328059,,,0.3457659814990738
Bourj Hammoud,22111,,0.3201698945462415,,0.0303124315769085,0.3298634253844638
Bourjein,23247,,0.2412152636234502,,0.395117505919449,0.2784629523662316
Bouslaya,63385,0.0,0.3731175162027821,0.2042508129417464,,0.2307292027477852
Boussit,33279,,0.1680706206527333,,,0.2880101256775806
Boustane,62321,0.0,0.4741524288526054,0.5615995917069307,,0.1100218080625661
Boutchay,21227,0.0900264783759929,0.4779319648517342,0.2558167792361865,,0.3336451950249748
Bouzridé,24355,0.0,,0.2966658782669606,,
Bqaa Kafra,36191,,0.0021517452753251,,0.0,0.2419602723482471
Bqaa Sefrine,37317,,0.1519860902112071,,0.0007002269766937,0.2564665694324836
Bqaatouta,25451,,0.2610343004563827,,,0.3199300776796399
Bqaiaa Ech-Chouf,23457,,0.2412152636234502,,0.0,0.3193312258904432
Bqaiaa El-Koura,32193,,0.1143727817079157,,,0.3365174887803182
Bqaq Ed-Dine,25176,,0.1527036735445421,,0.0,0.3868428961492874
Bqarsouna,37319,,0.1902188054284537,,0.0004530692379647,0.2966226798445888
Bqennaya,22431,,0.2850687523799594,,0.0095538815271794,0.4366979826575869
Bqerqacha,36184,,0.0021517452753251,,0.0,0.2436272935872924
Bqerzla,35147,,0.3312314734777542,,,0.5094183616955618
Bqosta,61266,2.14190093708166,0.2806889757572411,0.4046713514586287,,0.1802570796385441
Braikeh,71387,0.0,,0.1758653393386892,,
Braiqeaa,71387,,0.503628631118745,,0.0,0.08081513064848
Bramiat,61123,0.2859185132237312,,0.3832361567662994,,
Bramiyeh,61123,,0.488756370666737,,,0.143254042169115
Brayj Jbayl,26253,,0.0684074985562782,,0.0436996406045727,0.3468795287033022
Breige,26253,0.0,,0.4030388990001309,,
Breissat,36157,,0.0021517452753251,,0.0,0.2426686530042139
Brih,23459,,0.2412152636234502,,0.0709217022435988,0.4082906297056795
Brih et Mteilé,23459,0.1207674943566591,,0.4772674292783929,,
Brissat,36157,0.0,,0.2724414783947497,,
Brital,53453,0.0751292222622911,0.4680736887245614,0.5653200530387189,,0.3073461733002667
Broummana,22611,0.051129879023054,,0.2841897622889019,,
Broummana El-Matn,22611,,0.3815003586158468,,0.0287757840561236,0.3666312524767942
Bsaba,23386,0.1276013143483023,,0.4784196676936258,,
Bsaba Baabda,21283,,0.401842564921234,,0.0051107537403704,0.3416947039443867
Bsaba Ech-Chouf,23386,,0.2412152636234502,,,0.3427785635409908
Bsaba Wadi Dlab,21283,0.0,,0.275554161735463,,
Bsalim,22439,,0.2850687523799594,,0.0357786270024512,0.4208888535551023
Bsalime,22439,0.0,,0.2819937221735922,,
Bsarma,32125,0.0310150375939849,0.1143727817079157,0.607746950442881,0.0110990589787046,0.3159668990674167
Bsatine Aakkar,35425,,0.3312314734777542,,0.0,0.5018254020044148
Bsebaal,33149,,0.145922435877013,,0.0,0.3199869943278618
Bsebhil,33149,0.1132897603485838,,0.3879577123222698,,
Bserrine,24464,,0.3257531649907338,,,0.4034638655192389
Bsifrine,22691,,0.3815003586158468,,0.0,0.3619963074311537
Bsifrine et El-Zahriyé,22691,0.0,,0.2999516712213601,,
Bsous,24291,0.0,0.401842564921234,0.2885751043431495,,0.3494272443374237
Btaaboura,32153,0.06064209274673,0.0828231275388184,0.6069237338241326,0.0066009673956759,0.3088173998570568
Btallaoun,24421,0.0,,0.2946339757192485,,
Btalloun,24421,,0.3257531649907338,,,0.3729248311780584
Btater,24447,0.6470817120622568,0.3257531649907338,0.3031299862225757,,0.3809520439571293
Btaychiye,62331,,,,0.0,
Btaychiyeh,62331,,0.4741524288526054,,,0.1075851457384459
Btaychiyé,62331,0.0,,0.5613371884657902,,
Btebiat,21451,0.8012820512820513,,0.2905425020284574,,
Btedaai,53375,,0.4680736887245614,,,0.280917383944556
Bteddine El-Lekche,63151,0.2077922077922078,,0.2038723062626612,,
Btedine El-Leqch,63151,,0.1120952931704605,,,0.3019331796853279
Bteezanieh,24333,0.3723404255319149,,0.2961699504830142,,
Bteghrine,22757,0.0,0.2850687523799594,0.2977196624140238,0.0185063301250619,0.3575899628937685
Btehline,37347,0.0136986301369863,,0.2826965879469671,,
Btekhnay,21441,0.3395149786019971,0.4779319648517342,0.2844864793101521,,0.3480885511527584
Btermaz,37343,0.0906762295081967,0.260725139453104,0.2971853935880595,0.0026149058748934,0.3726236028780229
Bterram,32119,0.0326810990840965,0.0828231275388184,0.6088756459922013,0.000345628165123,0.3151619901184133
Btibyat,21451,,0.4779319648517342,,,0.3522244854110077
Btouratige,32169,0.0682976554536187,,0.6050987855261585,,
Btouratij,32169,,0.0828231275388184,,0.0009918522176022,0.3305256439788505
Btédy,53375,0.0,,0.5597273569044581,,
Burghoz,74155,0.0,,0.2797393213854063,,
Byaqout,22359,,0.2850687523799594,,0.1216710104413625,0.4366306655622803
Bzal,35316,0.0282793867120954,0.260725139453104,0.5671723463560017,,0.3740702341980825
Bzebdine,21466,0.2042900919305413,0.3815003586158468,0.2846817031189267,,0.3538896654365936
Bziza,32121,0.2015882712278558,0.0456060170432316,0.6095643238613485,0.1142130955763892,0.3029720397911644
Bzoumar,25337,0.014945652173913,,0.5101214957474325,,
Bzoummar,25337,,0.2369998485328059,,,0.3355120480348198
Chaaibe,53469,,,,0.0,
Chaaibeh,53469,,0.4680736887245614,,,0.2739851688108455
Chaaitiyeh,62277,,0.4741524288526054,,,0.0956725743760852
Chaat,53274,0.0290817132922396,0.4680736887245614,0.5642607183286433,,0.3430666419538007
Chabaaa,74130,0.0,,0.2731335333866512,,
Chabil,63347,0.0,,0.2043626662936924,,
Chabtine,34221,0.0,,0.2949284291083549,,
Chahtoul,25351,0.0,0.2369998485328059,0.5143090488148748,,0.3007896099161204
Chakdouf,35181,0.0,,0.5595688155266678,,
Chakra,72229,0.0,,0.4616429302569063,,
Chamaa,62298,,0.4741524288526054,,,0.1070978132736226
Chamate,26279,0.0385604113110539,0.0684074985562782,0.403162909255696,,0.3475234568666735
Chameh,62298,0.0,,0.5592626259384049,,
Chamlane,24339,0.5542635658914729,,0.2897470730899981,,
Chammis Ech-Chouf,23223,,0.2412152636234502,,0.0092660035157696,0.2494682154123205
Chanay,24417,0.429421308815576,0.3257531649907338,0.2966918861152898,,0.3965659039043277
Chane,35320,0.0458879618593563,0.3312314734777542,0.5732540393661516,,0.4389379085543702
Chaouiye,22559,,,,0.0,
Chaouiyeh,22559,,0.2850687523799594,,,0.3949885293892336
"Chaouié, Knaitré et Mar gergesse Bhurdok",22559,0.0,,0.2808707531143782,,
Chaqdouf,35181,,0.3312314734777542,,,0.5015290473780873
Chaqra,72229,,0.4829285462416079,,,0.129044480282051
Charbila,35457,0.071290944123314,0.3312314734777542,0.5603874572182322,,0.5055148802895093
Charbine El-Hermel,54127,,0.3004414238708954,,,0.370779103369369
Charoun,24444,0.7960954446854663,0.401842564921234,0.2988063000974256,,0.3894249753498978
Charqiye,71321,,,,0.0,
Charqiyeh,71321,,0.503628631118745,,,0.1072871247125115
Chartoun,24353,3.0422535211267605,0.3257531649907338,0.2962834885490124,,0.3811079712550086
Chatine,34366,0.0,0.0601253386697336,0.2972511501934848,0.0,0.3484103216097022
Chawalik,63247,0.0,,0.1950758652369565,,
Chaïbé,53469,0.0,,0.5588391568294857,,
Chbail,63347,,0.2985317870827674,,0.0,0.2507655794527054
Chbaniyeh,21426,0.0,0.401842564921234,0.2835230856070038,,0.3929509846384347
Chebaa,74130,,0.2057420142662033,,,0.2655700018661767
Chebaa Farms,0,,,,0.0,
Chebrqiyet Aammiq,52181,,0.2838613905418493,,,0.4410705597236082
Chebrqiyet Tabet,51247,,0.2838613905418493,,0.0,0.4237395209667867
Chehabiyeh,62254,,0.4427656615962935,,,0.0843046081927436
Chehime,23211,0.3261548444660745,,0.4745069950910071,,
Chehour,62264,0.0,0.4963266602116791,0.5622888899828592,,0.0879130090353048
Cheikh Mohamed,35113,0.0607893061744112,,0.5553773711568312,,
Cheikh Mohammad,35113,,0.3312314734777542,,,0.5449763993868771
Cheikh Taba,35123,,0.3312314734777542,,,0.5197727885778369
Cheikh Taba Es-Sahl,35121,,0.3312314734777542,,,0.5701504539514228
Cheikh Taba Montagne,35123,0.0183917878528656,,0.5561779480763701,,
Cheikh Taba Plaine,35121,0.0,,0.5683023301186023,,
Cheikh Zennad,35267,,0.3312314734777542,,,0.4673201717359821
Cheikh Zennad Tal Bibé,35267,0.0,,0.5692138546141604,,
Cheikhlar,35402,,0.3312314734777542,,,0.5367265854719703
Cheir Homeirine,35224,0.0,,0.5633604983450881,,
Chekka,34188,0.0,,0.2854104892209607,,
Chemaarine,23275,0.0,,0.4770918466676186,,
Chemistar,53429,0.0376565038707827,,0.5635242278033232,,
Chenanhir,25315,0.0660736975857687,,0.5009188443518593,,
Cheïetiyé,62277,0.0,,0.5641343854757298,,
Chhim,23211,,0.2412152636234502,,0.0224127940650242,0.2728346462516721
Chiah,21111,0.0307646643227718,,0.2268431429855927,,
Chibtine,34221,,0.0518431787831889,,0.0110614168954559,0.3122583409537225
Chihine,62285,0.0,0.4741524288526054,0.5626622714366403,,0.1043362626396201
Chikhane,26295,0.0538674033149171,0.0684074985562782,0.4044154685984588,,0.3853970847285748
Chikhlar,35402,0.0,,0.5599257617921882,,
Chikka,34188,,0.0673331531610036,,0.0047777094161435,0.4079535552216733
Chimlane,24339,,0.3257531649907338,,,0.3276732376622822
Chir Hmairine,35224,,0.3312314734777542,,,0.5172593777928666
Chiyah,21111,,0.4166015007821288,,,0.2693765947002577
Chlifa,53467,0.0,0.4680736887245614,0.5594607987236635,,0.3048003195945555
Chmaarine,23275,,0.2412152636234502,,0.0,0.341870564656344
Chmeisset Baabda,21347,,0.4779319648517342,,0.0,0.3661534560535447
Chmistar,53429,,0.4680736887245614,,,0.2741956042600846
Chmout,26296,0.0,0.0684074985562782,0.4051708547580772,,0.3691982741017831
Chnanaair,25315,,0.2369998485328059,,,0.3663693611453686
Chouaifat Amroussyat,24111,0.0,,0.2720963546289067,,
Chouaifat Oumara,24155,0.1837705586516243,,0.2910552378259428,,
Chouaifat Qobbat,24133,0.089736728088284,,0.2735699385493812,,
Choualiq Jezzine,63247,,0.3004258319185988,,,0.1683316112655626
Chouane,25479,,0.1527036735445421,,,0.3215095352436079
Chouaya,22764,0.0,,0.2950555666641666,,
Chouaya,74124,0.0557724484104852,,0.2679962033733188,,
Chouaya El-Matn,22764,,0.2850687523799594,,,0.351817899268411
Chouaya Hasbaiya,74124,,0.2057420142662033,,0.0148660485812213,0.2738116749169885
Chouberkié  Tabet,51247,0.0,,0.4306938305308782,,
"Chouberkié ""Ammik""",52181,0.0,,0.4398792555475047,,
Choueifat El-Aamrousiyeh,24111,,0.401842564921234,,,0.3622060649557416
Choueifat El-Oumara,24155,,0.401842564921234,,,0.3483502016104234
Choueifat El-Quoubbeh,24133,,0.283484214307092,,,0.351129936558243
Choueir,22754,0.2688300089312295,0.2850687523799594,0.2959071547592575,0.1334110182966358,0.3635951005016541
Chouit,21354,0.6075949367088608,0.3629179592100601,0.2827579939097833,,0.3742103877490239
Choukine,71144,0.0,0.5185008915707529,0.1758885420106652,0.0,0.1222567726938049
Chouma,34231,0.0,,0.2945952243319961,,
Chourit,23453,,0.283484214307092,,0.0093446041138348,0.417125101030427
Chourite,23453,0.1785714285714285,,0.4757008375324396,,
Chrine,22591,0.0,0.2850687523799594,0.3007274801438615,0.006697583131366,0.3554921324097203
Chtaura,51211,0.0,0.2876057199753736,0.4369535138545007,,0.3228181028567212
Conflict,0,,0.5544781981432341,,0.0,0.5776399072571856
Conflict,0,,0.5544781981432341,,0.0,0.4474352140328105
Conflict,0,,0.5544781981432341,,0.0,0.4031520606396752
Conflict,0,,0.5544781981432341,,0.0,0.3974122252202781
Conflict,0,,0.5544781981432341,,0.0,0.3970722598898055
Conflict,0,,0.5544781981432341,,0.0,0.3493231902452521
Conflict,0,,0.5544781981432341,,0.0,0.3329930565694879
Conflict,0,,0.5544781981432341,,0.0,0.3301559344967755
Conflict,0,,0.5544781981432341,,0.0,0.321352764768994
Conflict,0,,0.5544781981432341,,0.0,0.3178858067932535
Conflict,0,,0.5544781981432341,,0.0,0.3154257206683782
Conflict,0,,0.5544781981432341,,0.0,0.3091558011490463
Conflict,0,,0.5544781981432341,,0.0,0.3052622349982921
Conflict,0,,0.5544781981432341,,0.0,0.296969620919908
Conflict,0,,0.5544781981432341,,0.0,0.2907996116406827
Conflict,0,,0.5544781981432341,,0.0,0.2792583527377478
Conflict,0,,0.5544781981432341,,0.0,0.2001254252107243
Conflict,0,,0.5544781981432341,,0.0,0.5776399072571856
Conflict,0,,0.5544781981432341,,0.0,0.4474352140328105
Conflict,0,,0.5544781981432341,,0.0,0.4031520606396752
Conflict,0,,0.5544781981432341,,0.0,0.3974122252202781
Conflict,0,,0.5544781981432341,,0.0,0.3970722598898055
Conflict,0,,0.5544781981432341,,0.0,0.3493231902452521
Conflict,0,,0.5544781981432341,,0.0,0.3329930565694879
Conflict,0,,0.5544781981432341,,0.0,0.3301559344967755
Conflict,0,,0.5544781981432341,,0.0,0.321352764768994
Conflict,0,,0.5544781981432341,,0.0,0.3178858067932535
Conflict,0,,0.5544781981432341,,0.0,0.3154257206683782
Conflict,0,,0.5544781981432341,,0.0,0.3091558011490463
Conflict,0,,0.5544781981432341,,0.0,0.3052622349982921
Conflict,0,,0.5544781981432341,,0.0,0.296969620919908
Conflict,0,,0.5544781981432341,,0.0,0.2907996116406827
Conflict,0,,0.5544781981432341,,0.0,0.2792583527377478
Conflict,0,,0.5544781981432341,,0.0,0.2001254252107243
Conflict,0,,0.5544781981432341,,0.0,0.5776399072571856
Conflict,0,,0.5544781981432341,,0.0,0.4474352140328105
Conflict,0,,0.5544781981432341,,0.0,0.4031520606396752
Conflict,0,,0.5544781981432341,,0.0,0.3974122252202781
Conflict,0,,0.5544781981432341,,0.0,0.3970722598898055
Conflict,0,,0.5544781981432341,,0.0,0.3493231902452521
Conflict,0,,0.5544781981432341,,0.0,0.3329930565694879
Conflict,0,,0.5544781981432341,,0.0,0.3301559344967755
Conflict,0,,0.5544781981432341,,0.0,0.321352764768994
Conflict,0,,0.5544781981432341,,0.0,0.3178858067932535
Conflict,0,,0.5544781981432341,,0.0,0.3154257206683782
Conflict,0,,0.5544781981432341,,0.0,0.3091558011490463
Conflict,0,,0.5544781981432341,,0.0,0.3052622349982921
Conflict,0,,0.5544781981432341,,0.0,0.296969620919908
Conflict,0,,0.5544781981432341,,0.0,0.2907996116406827
Conflict,0,,0.5544781981432341,,0.0,0.2792583527377478
Conflict,0,,0.5544781981432341,,0.0,0.2001254252107243
Conflict,0,,0.5544781981432341,,0.0,0.5776399072571856
Conflict,0,,0.5544781981432341,,0.0,0.4474352140328105
Conflict,0,,0.5544781981432341,,0.0,0.4031520606396752
Conflict,0,,0.5544781981432341,,0.0,0.3974122252202781
Conflict,0,,0.5544781981432341,,0.0,0.3970722598898055
Conflict,0,,0.5544781981432341,,0.0,0.3493231902452521
Conflict,0,,0.5544781981432341,,0.0,0.3329930565694879
Conflict,0,,0.5544781981432341,,0.0,0.3301559344967755
Conflict,0,,0.5544781981432341,,0.0,0.321352764768994
Conflict,0,,0.5544781981432341,,0.0,0.3178858067932535
Conflict,0,,0.5544781981432341,,0.0,0.3154257206683782
Conflict,0,,0.5544781981432341,,0.0,0.3091558011490463
Conflict,0,,0.5544781981432341,,0.0,0.3052622349982921
Conflict,0,,0.5544781981432341,,0.0,0.296969620919908
Conflict,0,,0.5544781981432341,,0.0,0.2907996116406827
Conflict,0,,0.5544781981432341,,0.0,0.2792583527377478
Conflict,0,,0.5544781981432341,,0.0,0.2001254252107243
Conflict,0,,0.5544781981432341,,0.0,0.5776399072571856
Conflict,0,,0.5544781981432341,,0.0,0.4474352140328105
Conflict,0,,0.5544781981432341,,0.0,0.4031520606396752
Conflict,0,,0.5544781981432341,,0.0,0.3974122252202781
Conflict,0,,0.5544781981432341,,0.0,0.3970722598898055
Conflict,0,,0.5544781981432341,,0.0,0.3493231902452521
Conflict,0,,0.5544781981432341,,0.0,0.3329930565694879
Conflict,0,,0.5544781981432341,,0.0,0.3301559344967755
Conflict,0,,0.5544781981432341,,0.0,0.321352764768994
Conflict,0,,0.5544781981432341,,0.0,0.3178858067932535
Conflict,0,,0.5544781981432341,,0.0,0.3154257206683782
Conflict,0,,0.5544781981432341,,0.0,0.3091558011490463
Conflict,0,,0.5544781981432341,,0.0,0.3052622349982921
Conflict,0,,0.5544781981432341,,0.0,0.296969620919908
Conflict,0,,0.5544781981432341,,0.0,0.2907996116406827
Conflict,0,,0.5544781981432341,,0.0,0.2792583527377478
Conflict,0,,0.5544781981432341,,0.0,0.2001254252107243
Conflict,0,,0.5544781981432341,,0.0,0.5776399072571856
Conflict,0,,0.5544781981432341,,0.0,0.4474352140328105
Conflict,0,,0.5544781981432341,,0.0,0.4031520606396752
Conflict,0,,0.5544781981432341,,0.0,0.3974122252202781
Conflict,0,,0.5544781981432341,,0.0,0.3970722598898055
Conflict,0,,0.5544781981432341,,0.0,0.3493231902452521
Conflict,0,,0.5544781981432341,,0.0,0.3329930565694879
Conflict,0,,0.5544781981432341,,0.0,0.3301559344967755
Conflict,0,,0.5544781981432341,,0.0,0.321352764768994
Conflict,0,,0.5544781981432341,,0.0,0.3178858067932535
Conflict,0,,0.5544781981432341,,0.0,0.3154257206683782
Conflict,0,,0.5544781981432341,,0.0,0.3091558011490463
Conflict,0,,0.5544781981432341,,0.0,0.3052622349982921
Conflict,0,,0.5544781981432341,,0.0,0.296969620919908
Conflict,0,,0.5544781981432341,,0.0,0.2907996116406827
Conflict,0,,0.5544781981432341,,0.0,0.2792583527377478
Conflict,0,,0.5544781981432341,,0.0,0.2001254252107243
Conflict,0,,0.5544781981432341,,0.0,0.5776399072571856
Conflict,0,,0.5544781981432341,,0.0,0.4474352140328105
Conflict,0,,0.5544781981432341,,0.0,0.4031520606396752
Conflict,0,,0.5544781981432341,,0.0,0.3974122252202781
Conflict,0,,0.5544781981432341,,0.0,0.3970722598898055
Conflict,0,,0.5544781981432341,,0.0,0.3493231902452521
Conflict,0,,0.5544781981432341,,0.0,0.3329930565694879
Conflict,0,,0.5544781981432341,,0.0,0.3301559344967755
Conflict,0,,0.5544781981432341,,0.0,0.321352764768994
Conflict,0,,0.5544781981432341,,0.0,0.3178858067932535
Conflict,0,,0.5544781981432341,,0.0,0.3154257206683782
Conflict,0,,0.5544781981432341,,0.0,0.3091558011490463
Conflict,0,,0.5544781981432341,,0.0,0.3052622349982921
Conflict,0,,0.5544781981432341,,0.0,0.296969620919908
Conflict,0,,0.5544781981432341,,0.0,0.2907996116406827
Conflict,0,,0.5544781981432341,,0.0,0.2792583527377478
Conflict,0,,0.5544781981432341,,0.0,0.2001254252107243
Conflict,0,,0.5544781981432341,,0.0,0.5776399072571856
Conflict,0,,0.5544781981432341,,0.0,0.4474352140328105
Conflict,0,,0.5544781981432341,,0.0,0.4031520606396752
Conflict,0,,0.5544781981432341,,0.0,0.3974122252202781
Conflict,0,,0.5544781981432341,,0.0,0.3970722598898055
Conflict,0,,0.5544781981432341,,0.0,0.3493231902452521
Conflict,0,,0.5544781981432341,,0.0,0.3329930565694879
Conflict,0,,0.5544781981432341,,0.0,0.3301559344967755
Conflict,0,,0.5544781981432341,,0.0,0.321352764768994
Conflict,0,,0.5544781981432341,,0.0,0.3178858067932535
Conflict,0,,0.5544781981432341,,0.0,0.3154257206683782
Conflict,0,,0.5544781981432341,,0.0,0.3091558011490463
Conflict,0,,0.5544781981432341,,0.0,0.3052622349982921
Conflict,0,,0.5544781981432341,,0.0,0.296969620919908
Conflict,0,,0.5544781981432341,,0.0,0.2907996116406827
Conflict,0,,0.5544781981432341,,0.0,0.2792583527377478
Conflict,0,,0.5544781981432341,,0.0,0.2001254252107243
Conflict,0,,0.5544781981432341,,0.0,0.5776399072571856
Conflict,0,,0.5544781981432341,,0.0,0.4474352140328105
Conflict,0,,0.5544781981432341,,0.0,0.4031520606396752
Conflict,0,,0.5544781981432341,,0.0,0.3974122252202781
Conflict,0,,0.5544781981432341,,0.0,0.3970722598898055
Conflict,0,,0.5544781981432341,,0.0,0.3493231902452521
Conflict,0,,0.5544781981432341,,0.0,0.3329930565694879
Conflict,0,,0.5544781981432341,,0.0,0.3301559344967755
Conflict,0,,0.5544781981432341,,0.0,0.321352764768994
Conflict,0,,0.5544781981432341,,0.0,0.3178858067932535
Conflict,0,,0.5544781981432341,,0.0,0.3154257206683782
Conflict,0,,0.5544781981432341,,0.0,0.3091558011490463
Conflict,0,,0.5544781981432341,,0.0,0.3052622349982921
Conflict,0,,0.5544781981432341,,0.0,0.296969620919908
Conflict,0,,0.5544781981432341,,0.0,0.2907996116406827
Conflict,0,,0.5544781981432341,,0.0,0.2792583527377478
Conflict,0,,0.5544781981432341,,0.0,0.2001254252107243
Conflict,0,,0.5544781981432341,,0.0,0.5776399072571856
Conflict,0,,0.5544781981432341,,0.0,0.4474352140328105
Conflict,0,,0.5544781981432341,,0.0,0.4031520606396752
Conflict,0,,0.5544781981432341,,0.0,0.3974122252202781
Conflict,0,,0.5544781981432341,,0.0,0.3970722598898055
Conflict,0,,0.5544781981432341,,0.0,0.3493231902452521
Conflict,0,,0.5544781981432341,,0.0,0.3329930565694879
Conflict,0,,0.5544781981432341,,0.0,0.3301559344967755
Conflict,0,,0.5544781981432341,,0.0,0.321352764768994
Conflict,0,,0.5544781981432341,,0.0,0.3178858067932535
Conflict,0,,0.5544781981432341,,0.0,0.3154257206683782
Conflict,0,,0.5544781981432341,,0.0,0.3091558011490463
Conflict,0,,0.5544781981432341,,0.0,0.3052622349982921
Conflict,0,,0.5544781981432341,,0.0,0.296969620919908
Conflict,0,,0.5544781981432341,,0.0,0.2907996116406827
Conflict,0,,0.5544781981432341,,0.0,0.2792583527377478
Conflict,0,,0.5544781981432341,,0.0,0.2001254252107243
Conflict,0,,0.5544781981432341,,0.0,0.5776399072571856
Conflict,0,,0.5544781981432341,,0.0,0.4474352140328105
Conflict,0,,0.5544781981432341,,0.0,0.4031520606396752
Conflict,0,,0.5544781981432341,,0.0,0.3974122252202781
Conflict,0,,0.5544781981432341,,0.0,0.3970722598898055
Conflict,0,,0.5544781981432341,,0.0,0.3493231902452521
Conflict,0,,0.5544781981432341,,0.0,0.3329930565694879
Conflict,0,,0.5544781981432341,,0.0,0.3301559344967755
Conflict,0,,0.5544781981432341,,0.0,0.321352764768994
Conflict,0,,0.5544781981432341,,0.0,0.3178858067932535
Conflict,0,,0.5544781981432341,,0.0,0.3154257206683782
Conflict,0,,0.5544781981432341,,0.0,0.3091558011490463
Conflict,0,,0.5544781981432341,,0.0,0.3052622349982921
Conflict,0,,0.5544781981432341,,0.0,0.296969620919908
Conflict,0,,0.5544781981432341,,0.0,0.2907996116406827
Conflict,0,,0.5544781981432341,,0.0,0.2792583527377478
Conflict,0,,0.5544781981432341,,0.0,0.2001254252107243
Conflict,0,,0.5544781981432341,,0.0,0.5776399072571856
Conflict,0,,0.5544781981432341,,0.0,0.4474352140328105
Conflict,0,,0.5544781981432341,,0.0,0.4031520606396752
Conflict,0,,0.5544781981432341,,0.0,0.3974122252202781
Conflict,0,,0.5544781981432341,,0.0,0.3970722598898055
Conflict,0,,0.5544781981432341,,0.0,0.3493231902452521
Conflict,0,,0.5544781981432341,,0.0,0.3329930565694879
Conflict,0,,0.5544781981432341,,0.0,0.3301559344967755
Conflict,0,,0.5544781981432341,,0.0,0.321352764768994
Conflict,0,,0.5544781981432341,,0.0,0.3178858067932535
Conflict,0,,0.5544781981432341,,0.0,0.3154257206683782
Conflict,0,,0.5544781981432341,,0.0,0.3091558011490463
Conflict,0,,0.5544781981432341,,0.0,0.3052622349982921
Conflict,0,,0.5544781981432341,,0.0,0.296969620919908
Conflict,0,,0.5544781981432341,,0.0,0.2907996116406827
Conflict,0,,0.5544781981432341,,0.0,0.2792583527377478
Conflict,0,,0.5544781981432341,,0.0,0.2001254252107243
Conflict,0,,0.5544781981432341,,0.0,0.5776399072571856
Conflict,0,,0.5544781981432341,,0.0,0.4474352140328105
Conflict,0,,0.5544781981432341,,0.0,0.4031520606396752
Conflict,0,,0.5544781981432341,,0.0,0.3974122252202781
Conflict,0,,0.5544781981432341,,0.0,0.3970722598898055
Conflict,0,,0.5544781981432341,,0.0,0.3493231902452521
Conflict,0,,0.5544781981432341,,0.0,0.3329930565694879
Conflict,0,,0.5544781981432341,,0.0,0.3301559344967755
Conflict,0,,0.5544781981432341,,0.0,0.321352764768994
Conflict,0,,0.5544781981432341,,0.0,0.3178858067932535
Conflict,0,,0.5544781981432341,,0.0,0.3154257206683782
Conflict,0,,0.5544781981432341,,0.0,0.3091558011490463
Conflict,0,,0.5544781981432341,,0.0,0.3052622349982921
Conflict,0,,0.5544781981432341,,0.0,0.296969620919908
Conflict,0,,0.5544781981432341,,0.0,0.2907996116406827
Conflict,0,,0.5544781981432341,,0.0,0.2792583527377478
Conflict,0,,0.5544781981432341,,0.0,0.2001254252107243
Conflict,0,,0.5544781981432341,,0.0,0.5776399072571856
Conflict,0,,0.5544781981432341,,0.0,0.4474352140328105
Conflict,0,,0.5544781981432341,,0.0,0.4031520606396752
Conflict,0,,0.5544781981432341,,0.0,0.3974122252202781
Conflict,0,,0.5544781981432341,,0.0,0.3970722598898055
Conflict,0,,0.5544781981432341,,0.0,0.3493231902452521
Conflict,0,,0.5544781981432341,,0.0,0.3329930565694879
Conflict,0,,0.5544781981432341,,0.0,0.3301559344967755
Conflict,0,,0.5544781981432341,,0.0,0.321352764768994
Conflict,0,,0.5544781981432341,,0.0,0.3178858067932535
Conflict,0,,0.5544781981432341,,0.0,0.3154257206683782
Conflict,0,,0.5544781981432341,,0.0,0.3091558011490463
Conflict,0,,0.5544781981432341,,0.0,0.3052622349982921
Conflict,0,,0.5544781981432341,,0.0,0.296969620919908
Conflict,0,,0.5544781981432341,,0.0,0.2907996116406827
Conflict,0,,0.5544781981432341,,0.0,0.2792583527377478
Conflict,0,,0.5544781981432341,,0.0,0.2001254252107243
Conflict,0,,0.5544781981432341,,0.0,0.5776399072571856
Conflict,0,,0.5544781981432341,,0.0,0.4474352140328105
Conflict,0,,0.5544781981432341,,0.0,0.4031520606396752
Conflict,0,,0.5544781981432341,,0.0,0.3974122252202781
Conflict,0,,0.5544781981432341,,0.0,0.3970722598898055
Conflict,0,,0.5544781981432341,,0.0,0.3493231902452521
Conflict,0,,0.5544781981432341,,0.0,0.3329930565694879
Conflict,0,,0.5544781981432341,,0.0,0.3301559344967755
Conflict,0,,0.5544781981432341,,0.0,0.321352764768994
Conflict,0,,0.5544781981432341,,0.0,0.3178858067932535
Conflict,0,,0.5544781981432341,,0.0,0.3154257206683782
Conflict,0,,0.5544781981432341,,0.0,0.3091558011490463
Conflict,0,,0.5544781981432341,,0.0,0.3052622349982921
Conflict,0,,0.5544781981432341,,0.0,0.296969620919908
Conflict,0,,0.5544781981432341,,0.0,0.2907996116406827
Conflict,0,,0.5544781981432341,,0.0,0.2792583527377478
Conflict,0,,0.5544781981432341,,0.0,0.2001254252107243
Conflict,0,,0.5544781981432341,,0.0,0.5776399072571856
Conflict,0,,0.5544781981432341,,0.0,0.4474352140328105
Conflict,0,,0.5544781981432341,,0.0,0.4031520606396752
Conflict,0,,0.5544781981432341,,0.0,0.3974122252202781
Conflict,0,,0.5544781981432341,,0.0,0.3970722598898055
Conflict,0,,0.5544781981432341,,0.0,0.3493231902452521
Conflict,0,,0.5544781981432341,,0.0,0.3329930565694879
Conflict,0,,0.5544781981432341,,0.0,0.3301559344967755
Conflict,0,,0.5544781981432341,,0.0,0.321352764768994
Conflict,0,,0.5544781981432341,,0.0,0.3178858067932535
Conflict,0,,0.5544781981432341,,0.0,0.3154257206683782
Conflict,0,,0.5544781981432341,,0.0,0.3091558011490463
Conflict,0,,0.5544781981432341,,0.0,0.3052622349982921
Conflict,0,,0.5544781981432341,,0.0,0.296969620919908
Conflict,0,,0.5544781981432341,,0.0,0.2907996116406827
Conflict,0,,0.5544781981432341,,0.0,0.2792583527377478
Conflict,0,,0.5544781981432341,,0.0,0.2001254252107243
Conflict,0,,0.4680736887245614,,0.0,0.5776399072571856
Conflict,0,,0.4680736887245614,,0.0,0.4474352140328105
Conflict,0,,0.4680736887245614,,0.0,0.4031520606396752
Conflict,0,,0.4680736887245614,,0.0,0.3974122252202781
Conflict,0,,0.4680736887245614,,0.0,0.3970722598898055
Conflict,0,,0.4680736887245614,,0.0,0.3493231902452521
Conflict,0,,0.4680736887245614,,0.0,0.3329930565694879
Conflict,0,,0.4680736887245614,,0.0,0.3301559344967755
Conflict,0,,0.4680736887245614,,0.0,0.321352764768994
Conflict,0,,0.4680736887245614,,0.0,0.3178858067932535
Conflict,0,,0.4680736887245614,,0.0,0.3154257206683782
Conflict,0,,0.4680736887245614,,0.0,0.3091558011490463
Conflict,0,,0.4680736887245614,,0.0,0.3052622349982921
Conflict,0,,0.4680736887245614,,0.0,0.296969620919908
Conflict,0,,0.4680736887245614,,0.0,0.2907996116406827
Conflict,0,,0.4680736887245614,,0.0,0.2792583527377478
Conflict,0,,0.4680736887245614,,0.0,0.2001254252107243
Conflict,0,,0.4680736887245614,,0.0,0.5776399072571856
Conflict,0,,0.4680736887245614,,0.0,0.4474352140328105
Conflict,0,,0.4680736887245614,,0.0,0.4031520606396752
Conflict,0,,0.4680736887245614,,0.0,0.3974122252202781
Conflict,0,,0.4680736887245614,,0.0,0.3970722598898055
Conflict,0,,0.4680736887245614,,0.0,0.3493231902452521
Conflict,0,,0.4680736887245614,,0.0,0.3329930565694879
Conflict,0,,0.4680736887245614,,0.0,0.3301559344967755
Conflict,0,,0.4680736887245614,,0.0,0.321352764768994
Conflict,0,,0.4680736887245614,,0.0,0.3178858067932535
Conflict,0,,0.4680736887245614,,0.0,0.3154257206683782
Conflict,0,,0.4680736887245614,,0.0,0.3091558011490463
Conflict,0,,0.4680736887245614,,0.0,0.3052622349982921
Conflict,0,,0.4680736887245614,,0.0,0.296969620919908
Conflict,0,,0.4680736887245614,,0.0,0.2907996116406827
Conflict,0,,0.4680736887245614,,0.0,0.2792583527377478
Conflict,0,,0.4680736887245614,,0.0,0.2001254252107243
Conflict,0,,0.4680736887245614,,0.0,0.5776399072571856
Conflict,0,,0.4680736887245614,,0.0,0.4474352140328105
Conflict,0,,0.4680736887245614,,0.0,0.4031520606396752
Conflict,0,,0.4680736887245614,,0.0,0.3974122252202781
Conflict,0,,0.4680736887245614,,0.0,0.3970722598898055
Conflict,0,,0.4680736887245614,,0.0,0.3493231902452521
Conflict,0,,0.4680736887245614,,0.0,0.3329930565694879
Conflict,0,,0.4680736887245614,,0.0,0.3301559344967755
Conflict,0,,0.4680736887245614,,0.0,0.321352764768994
Conflict,0,,0.4680736887245614,,0.0,0.3178858067932535
Conflict,0,,0.4680736887245614,,0.0,0.3154257206683782
Conflict,0,,0.4680736887245614,,0.0,0.3091558011490463
Conflict,0,,0.4680736887245614,,0.0,0.3052622349982921
Conflict,0,,0.4680736887245614,,0.0,0.296969620919908
Conflict,0,,0.4680736887245614,,0.0,0.2907996116406827
Conflict,0,,0.4680736887245614,,0.0,0.2792583527377478
Conflict,0,,0.4680736887245614,,0.0,0.2001254252107243
Conflict,0,,0.4680736887245614,,0.0,0.5776399072571856
Conflict,0,,0.4680736887245614,,0.0,0.4474352140328105
Conflict,0,,0.4680736887245614,,0.0,0.4031520606396752
Conflict,0,,0.4680736887245614,,0.0,0.3974122252202781
Conflict,0,,0.4680736887245614,,0.0,0.3970722598898055
Conflict,0,,0.4680736887245614,,0.0,0.3493231902452521
Conflict,0,,0.4680736887245614,,0.0,0.3329930565694879
Conflict,0,,0.4680736887245614,,0.0,0.3301559344967755
Conflict,0,,0.4680736887245614,,0.0,0.321352764768994
Conflict,0,,0.4680736887245614,,0.0,0.3178858067932535
Conflict,0,,0.4680736887245614,,0.0,0.3154257206683782
Conflict,0,,0.4680736887245614,,0.0,0.3091558011490463
Conflict,0,,0.4680736887245614,,0.0,0.3052622349982921
Conflict,0,,0.4680736887245614,,0.0,0.296969620919908
Conflict,0,,0.4680736887245614,,0.0,0.2907996116406827
Conflict,0,,0.4680736887245614,,0.0,0.2792583527377478
Conflict,0,,0.4680736887245614,,0.0,0.2001254252107243
Conflict,0,,0.4680736887245614,,0.0,0.5776399072571856
Conflict,0,,0.4680736887245614,,0.0,0.4474352140328105
Conflict,0,,0.4680736887245614,,0.0,0.4031520606396752
Conflict,0,,0.4680736887245614,,0.0,0.3974122252202781
Conflict,0,,0.4680736887245614,,0.0,0.3970722598898055
Conflict,0,,0.4680736887245614,,0.0,0.3493231902452521
Conflict,0,,0.4680736887245614,,0.0,0.3329930565694879
Conflict,0,,0.4680736887245614,,0.0,0.3301559344967755
Conflict,0,,0.4680736887245614,,0.0,0.321352764768994
Conflict,0,,0.4680736887245614,,0.0,0.3178858067932535
Conflict,0,,0.4680736887245614,,0.0,0.3154257206683782
Conflict,0,,0.4680736887245614,,0.0,0.3091558011490463
Conflict,0,,0.4680736887245614,,0.0,0.3052622349982921
Conflict,0,,0.4680736887245614,,0.0,0.296969620919908
Conflict,0,,0.4680736887245614,,0.0,0.2907996116406827
Conflict,0,,0.4680736887245614,,0.0,0.2792583527377478
Conflict,0,,0.4680736887245614,,0.0,0.2001254252107243
Conflict,0,,0.4680736887245614,,0.0,0.5776399072571856
Conflict,0,,0.4680736887245614,,0.0,0.4474352140328105
Conflict,0,,0.4680736887245614,,0.0,0.4031520606396752
Conflict,0,,0.4680736887245614,,0.0,0.3974122252202781
Conflict,0,,0.4680736887245614,,0.0,0.3970722598898055
Conflict,0,,0.4680736887245614,,0.0,0.3493231902452521
Conflict,0,,0.4680736887245614,,0.0,0.3329930565694879
Conflict,0,,0.4680736887245614,,0.0,0.3301559344967755
Conflict,0,,0.4680736887245614,,0.0,0.321352764768994
Conflict,0,,0.4680736887245614,,0.0,0.3178858067932535
Conflict,0,,0.4680736887245614,,0.0,0.3154257206683782
Conflict,0,,0.4680736887245614,,0.0,0.3091558011490463
Conflict,0,,0.4680736887245614,,0.0,0.3052622349982921
Conflict,0,,0.4680736887245614,,0.0,0.296969620919908
Conflict,0,,0.4680736887245614,,0.0,0.2907996116406827
Conflict,0,,0.4680736887245614,,0.0,0.2792583527377478
Conflict,0,,0.4680736887245614,,0.0,0.2001254252107243
Conflict,0,,0.4680736887245614,,0.0,0.5776399072571856
Conflict,0,,0.4680736887245614,,0.0,0.4474352140328105
Conflict,0,,0.4680736887245614,,0.0,0.4031520606396752
Conflict,0,,0.4680736887245614,,0.0,0.3974122252202781
Conflict,0,,0.4680736887245614,,0.0,0.3970722598898055
Conflict,0,,0.4680736887245614,,0.0,0.3493231902452521
Conflict,0,,0.4680736887245614,,0.0,0.3329930565694879
Conflict,0,,0.4680736887245614,,0.0,0.3301559344967755
Conflict,0,,0.4680736887245614,,0.0,0.321352764768994
Conflict,0,,0.4680736887245614,,0.0,0.3178858067932535
Conflict,0,,0.4680736887245614,,0.0,0.3154257206683782
Conflict,0,,0.4680736887245614,,0.0,0.3091558011490463
Conflict,0,,0.4680736887245614,,0.0,0.3052622349982921
Conflict,0,,0.4680736887245614,,0.0,0.296969620919908
Conflict,0,,0.4680736887245614,,0.0,0.2907996116406827
Conflict,0,,0.4680736887245614,,0.0,0.2792583527377478
Conflict,0,,0.4680736887245614,,0.0,0.2001254252107243
Conflict,0,,0.4680736887245614,,0.0,0.5776399072571856
Conflict,0,,0.4680736887245614,,0.0,0.4474352140328105
Conflict,0,,0.4680736887245614,,0.0,0.4031520606396752
Conflict,0,,0.4680736887245614,,0.0,0.3974122252202781
Conflict,0,,0.4680736887245614,,0.0,0.3970722598898055
Conflict,0,,0.4680736887245614,,0.0,0.3493231902452521
Conflict,0,,0.4680736887245614,,0.0,0.3329930565694879
Conflict,0,,0.4680736887245614,,0.0,0.3301559344967755
Conflict,0,,0.4680736887245614,,0.0,0.321352764768994
Conflict,0,,0.4680736887245614,,0.0,0.3178858067932535
Conflict,0,,0.4680736887245614,,0.0,0.3154257206683782
Conflict,0,,0.4680736887245614,,0.0,0.3091558011490463
Conflict,0,,0.4680736887245614,,0.0,0.3052622349982921
Conflict,0,,0.4680736887245614,,0.0,0.296969620919908
Conflict,0,,0.4680736887245614,,0.0,0.2907996116406827
Conflict,0,,0.4680736887245614,,0.0,0.2792583527377478
Conflict,0,,0.4680736887245614,,0.0,0.2001254252107243
Conflict,0,,0.4680736887245614,,0.0,0.5776399072571856
Conflict,0,,0.4680736887245614,,0.0,0.4474352140328105
Conflict,0,,0.4680736887245614,,0.0,0.4031520606396752
Conflict,0,,0.4680736887245614,,0.0,0.3974122252202781
Conflict,0,,0.4680736887245614,,0.0,0.3970722598898055
Conflict,0,,0.4680736887245614,,0.0,0.3493231902452521
Conflict,0,,0.4680736887245614,,0.0,0.3329930565694879
Conflict,0,,0.4680736887245614,,0.0,0.3301559344967755
Conflict,0,,0.4680736887245614,,0.0,0.321352764768994
Conflict,0,,0.4680736887245614,,0.0,0.3178858067932535
Conflict,0,,0.4680736887245614,,0.0,0.3154257206683782
Conflict,0,,0.4680736887245614,,0.0,0.3091558011490463
Conflict,0,,0.4680736887245614,,0.0,0.3052622349982921
Conflict,0,,0.4680736887245614,,0.0,0.296969620919908
Conflict,0,,0.4680736887245614,,0.0,0.2907996116406827
Conflict,0,,0.4680736887245614,,0.0,0.2792583527377478
Conflict,0,,0.4680736887245614,,0.0,0.2001254252107243
Conflict,0,,0.4680736887245614,,0.0,0.5776399072571856
Conflict,0,,0.4680736887245614,,0.0,0.4474352140328105
Conflict,0,,0.4680736887245614,,0.0,0.4031520606396752
Conflict,0,,0.4680736887245614,,0.0,0.3974122252202781
Conflict,0,,0.4680736887245614,,0.0,0.3970722598898055
Conflict,0,,0.4680736887245614,,0.0,0.3493231902452521
Conflict,0,,0.4680736887245614,,0.0,0.3329930565694879
Conflict,0,,0.4680736887245614,,0.0,0.3301559344967755
Conflict,0,,0.4680736887245614,,0.0,0.321352764768994
Conflict,0,,0.4680736887245614,,0.0,0.3178858067932535
Conflict,0,,0.4680736887245614,,0.0,0.3154257206683782
Conflict,0,,0.4680736887245614,,0.0,0.3091558011490463
Conflict,0,,0.4680736887245614,,0.0,0.3052622349982921
Conflict,0,,0.4680736887245614,,0.0,0.296969620919908
Conflict,0,,0.4680736887245614,,0.0,0.2907996116406827
Conflict,0,,0.4680736887245614,,0.0,0.2792583527377478
Conflict,0,,0.4680736887245614,,0.0,0.2001254252107243
Conflict,0,,0.4680736887245614,,0.0,0.5776399072571856
Conflict,0,,0.4680736887245614,,0.0,0.4474352140328105
Conflict,0,,0.4680736887245614,,0.0,0.4031520606396752
Conflict,0,,0.4680736887245614,,0.0,0.3974122252202781
Conflict,0,,0.4680736887245614,,0.0,0.3970722598898055
Conflict,0,,0.4680736887245614,,0.0,0.3493231902452521
Conflict,0,,0.4680736887245614,,0.0,0.3329930565694879
Conflict,0,,0.4680736887245614,,0.0,0.3301559344967755
Conflict,0,,0.4680736887245614,,0.0,0.321352764768994
Conflict,0,,0.4680736887245614,,0.0,0.3178858067932535
Conflict,0,,0.4680736887245614,,0.0,0.3154257206683782
Conflict,0,,0.4680736887245614,,0.0,0.3091558011490463
Conflict,0,,0.4680736887245614,,0.0,0.3052622349982921
Conflict,0,,0.4680736887245614,,0.0,0.296969620919908
Conflict,0,,0.4680736887245614,,0.0,0.2907996116406827
Conflict,0,,0.4680736887245614,,0.0,0.2792583527377478
Conflict,0,,0.4680736887245614,,0.0,0.2001254252107243
Conflict,0,,0.4680736887245614,,0.0,0.5776399072571856
Conflict,0,,0.4680736887245614,,0.0,0.4474352140328105
Conflict,0,,0.4680736887245614,,0.0,0.4031520606396752
Conflict,0,,0.4680736887245614,,0.0,0.3974122252202781
Conflict,0,,0.4680736887245614,,0.0,0.3970722598898055
Conflict,0,,0.4680736887245614,,0.0,0.3493231902452521
Conflict,0,,0.4680736887245614,,0.0,0.3329930565694879
Conflict,0,,0.4680736887245614,,0.0,0.3301559344967755
Conflict,0,,0.4680736887245614,,0.0,0.321352764768994
Conflict,0,,0.4680736887245614,,0.0,0.3178858067932535
Conflict,0,,0.4680736887245614,,0.0,0.3154257206683782
Conflict,0,,0.4680736887245614,,0.0,0.3091558011490463
Conflict,0,,0.4680736887245614,,0.0,0.3052622349982921
Conflict,0,,0.4680736887245614,,0.0,0.296969620919908
Conflict,0,,0.4680736887245614,,0.0,0.2907996116406827
Conflict,0,,0.4680736887245614,,0.0,0.2792583527377478
Conflict,0,,0.4680736887245614,,0.0,0.2001254252107243
Conflict,0,,0.4680736887245614,,0.0,0.5776399072571856
Conflict,0,,0.4680736887245614,,0.0,0.4474352140328105
Conflict,0,,0.4680736887245614,,0.0,0.4031520606396752
Conflict,0,,0.4680736887245614,,0.0,0.3974122252202781
Conflict,0,,0.4680736887245614,,0.0,0.3970722598898055
Conflict,0,,0.4680736887245614,,0.0,0.3493231902452521
Conflict,0,,0.4680736887245614,,0.0,0.3329930565694879
Conflict,0,,0.4680736887245614,,0.0,0.3301559344967755
Conflict,0,,0.4680736887245614,,0.0,0.321352764768994
Conflict,0,,0.4680736887245614,,0.0,0.3178858067932535
Conflict,0,,0.4680736887245614,,0.0,0.3154257206683782
Conflict,0,,0.4680736887245614,,0.0,0.3091558011490463
Conflict,0,,0.4680736887245614,,0.0,0.3052622349982921
Conflict,0,,0.4680736887245614,,0.0,0.296969620919908
Conflict,0,,0.4680736887245614,,0.0,0.2907996116406827
Conflict,0,,0.4680736887245614,,0.0,0.2792583527377478
Conflict,0,,0.4680736887245614,,0.0,0.2001254252107243
Conflict,0,,0.4680736887245614,,0.0,0.5776399072571856
Conflict,0,,0.4680736887245614,,0.0,0.4474352140328105
Conflict,0,,0.4680736887245614,,0.0,0.4031520606396752
Conflict,0,,0.4680736887245614,,0.0,0.3974122252202781
Conflict,0,,0.4680736887245614,,0.0,0.3970722598898055
Conflict,0,,0.4680736887245614,,0.0,0.3493231902452521
Conflict,0,,0.4680736887245614,,0.0,0.3329930565694879
Conflict,0,,0.4680736887245614,,0.0,0.3301559344967755
Conflict,0,,0.4680736887245614,,0.0,0.321352764768994
Conflict,0,,0.4680736887245614,,0.0,0.3178858067932535
Conflict,0,,0.4680736887245614,,0.0,0.3154257206683782
Conflict,0,,0.4680736887245614,,0.0,0.3091558011490463
Conflict,0,,0.4680736887245614,,0.0,0.3052622349982921
Conflict,0,,0.4680736887245614,,0.0,0.296969620919908
Conflict,0,,0.4680736887245614,,0.0,0.2907996116406827
Conflict,0,,0.4680736887245614,,0.0,0.2792583527377478
Conflict,0,,0.4680736887245614,,0.0,0.2001254252107243
Conflict,0,,0.4680736887245614,,0.0,0.5776399072571856
Conflict,0,,0.4680736887245614,,0.0,0.4474352140328105
Conflict,0,,0.4680736887245614,,0.0,0.4031520606396752
Conflict,0,,0.4680736887245614,,0.0,0.3974122252202781
Conflict,0,,0.4680736887245614,,0.0,0.3970722598898055
Conflict,0,,0.4680736887245614,,0.0,0.3493231902452521
Conflict,0,,0.4680736887245614,,0.0,0.3329930565694879
Conflict,0,,0.4680736887245614,,0.0,0.3301559344967755
Conflict,0,,0.4680736887245614,,0.0,0.321352764768994
Conflict,0,,0.4680736887245614,,0.0,0.3178858067932535
Conflict,0,,0.4680736887245614,,0.0,0.3154257206683782
Conflict,0,,0.4680736887245614,,0.0,0.3091558011490463
Conflict,0,,0.4680736887245614,,0.0,0.3052622349982921
Conflict,0,,0.4680736887245614,,0.0,0.296969620919908
Conflict,0,,0.4680736887245614,,0.0,0.2907996116406827
Conflict,0,,0.4680736887245614,,0.0,0.2792583527377478
Conflict,0,,0.4680736887245614,,0.0,0.2001254252107243
Conflict,0,,0.4680736887245614,,0.0,0.5776399072571856
Conflict,0,,0.4680736887245614,,0.0,0.4474352140328105
Conflict,0,,0.4680736887245614,,0.0,0.4031520606396752
Conflict,0,,0.4680736887245614,,0.0,0.3974122252202781
Conflict,0,,0.4680736887245614,,0.0,0.3970722598898055
Conflict,0,,0.4680736887245614,,0.0,0.3493231902452521
Conflict,0,,0.4680736887245614,,0.0,0.3329930565694879
Conflict,0,,0.4680736887245614,,0.0,0.3301559344967755
Conflict,0,,0.4680736887245614,,0.0,0.321352764768994
Conflict,0,,0.4680736887245614,,0.0,0.3178858067932535
Conflict,0,,0.4680736887245614,,0.0,0.3154257206683782
Conflict,0,,0.4680736887245614,,0.0,0.3091558011490463
Conflict,0,,0.4680736887245614,,0.0,0.3052622349982921
Conflict,0,,0.4680736887245614,,0.0,0.296969620919908
Conflict,0,,0.4680736887245614,,0.0,0.2907996116406827
Conflict,0,,0.4680736887245614,,0.0,0.2792583527377478
Conflict,0,,0.4680736887245614,,0.0,0.2001254252107243
Conflict,0,,0.4680736887245614,,0.0,0.5776399072571856
Conflict,0,,0.4680736887245614,,0.0,0.4474352140328105
Conflict,0,,0.4680736887245614,,0.0,0.4031520606396752
Conflict,0,,0.4680736887245614,,0.0,0.3974122252202781
Conflict,0,,0.4680736887245614,,0.0,0.3970722598898055
Conflict,0,,0.4680736887245614,,0.0,0.3493231902452521
Conflict,0,,0.4680736887245614,,0.0,0.3329930565694879
Conflict,0,,0.4680736887245614,,0.0,0.3301559344967755
Conflict,0,,0.4680736887245614,,0.0,0.321352764768994
Conflict,0,,0.4680736887245614,,0.0,0.3178858067932535
Conflict,0,,0.4680736887245614,,0.0,0.3154257206683782
Conflict,0,,0.4680736887245614,,0.0,0.3091558011490463
Conflict,0,,0.4680736887245614,,0.0,0.3052622349982921
Conflict,0,,0.4680736887245614,,0.0,0.296969620919908
Conflict,0,,0.4680736887245614,,0.0,0.2907996116406827
Conflict,0,,0.4680736887245614,,0.0,0.2792583527377478
Conflict,0,,0.4680736887245614,,0.0,0.2001254252107243
Conflict,0,,0.4680736887245614,,0.0,0.5776399072571856
Conflict,0,,0.4680736887245614,,0.0,0.4474352140328105
Conflict,0,,0.4680736887245614,,0.0,0.4031520606396752
Conflict,0,,0.4680736887245614,,0.0,0.3974122252202781
Conflict,0,,0.4680736887245614,,0.0,0.3970722598898055
Conflict,0,,0.4680736887245614,,0.0,0.3493231902452521
Conflict,0,,0.4680736887245614,,0.0,0.3329930565694879
Conflict,0,,0.4680736887245614,,0.0,0.3301559344967755
Conflict,0,,0.4680736887245614,,0.0,0.321352764768994
Conflict,0,,0.4680736887245614,,0.0,0.3178858067932535
Conflict,0,,0.4680736887245614,,0.0,0.3154257206683782
Conflict,0,,0.4680736887245614,,0.0,0.3091558011490463
Conflict,0,,0.4680736887245614,,0.0,0.3052622349982921
Conflict,0,,0.4680736887245614,,0.0,0.296969620919908
Conflict,0,,0.4680736887245614,,0.0,0.2907996116406827
Conflict,0,,0.4680736887245614,,0.0,0.2792583527377478
Conflict,0,,0.4680736887245614,,0.0,0.2001254252107243
Conflict,0,,0.4680736887245614,,0.0,0.5776399072571856
Conflict,0,,0.4680736887245614,,0.0,0.4474352140328105
Conflict,0,,0.4680736887245614,,0.0,0.4031520606396752
Conflict,0,,0.4680736887245614,,0.0,0.3974122252202781
Conflict,0,,0.4680736887245614,,0.0,0.3970722598898055
Conflict,0,,0.4680736887245614,,0.0,0.3493231902452521
Conflict,0,,0.4680736887245614,,0.0,0.3329930565694879
Conflict,0,,0.4680736887245614,,0.0,0.3301559344967755
Conflict,0,,0.4680736887245614,,0.0,0.321352764768994
Conflict,0,,0.4680736887245614,,0.0,0.3178858067932535
Conflict,0,,0.4680736887245614,,0.0,0.3154257206683782
Conflict,0,,0.4680736887245614,,0.0,0.3091558011490463
Conflict,0,,0.4680736887245614,,0.0,0.3052622349982921
Conflict,0,,0.4680736887245614,,0.0,0.296969620919908
Conflict,0,,0.4680736887245614,,0.0,0.2907996116406827
Conflict,0,,0.4680736887245614,,0.0,0.2792583527377478
Conflict,0,,0.4680736887245614,,0.0,0.2001254252107243
Conflict,0,,0.4680736887245614,,0.0,0.5776399072571856
Conflict,0,,0.4680736887245614,,0.0,0.4474352140328105
Conflict,0,,0.4680736887245614,,0.0,0.4031520606396752
Conflict,0,,0.4680736887245614,,0.0,0.3974122252202781
Conflict,0,,0.4680736887245614,,0.0,0.3970722598898055
Conflict,0,,0.4680736887245614,,0.0,0.3493231902452521
Conflict,0,,0.4680736887245614,,0.0,0.3329930565694879
Conflict,0,,0.4680736887245614,,0.0,0.3301559344967755
Conflict,0,,0.4680736887245614,,0.0,0.321352764768994
Conflict,0,,0.4680736887245614,,0.0,0.3178858067932535
Conflict,0,,0.4680736887245614,,0.0,0.3154257206683782
Conflict,0,,0.4680736887245614,,0.0,0.3091558011490463
Conflict,0,,0.4680736887245614,,0.0,0.3052622349982921
Conflict,0,,0.4680736887245614,,0.0,0.296969620919908
Conflict,0,,0.4680736887245614,,0.0,0.2907996116406827
Conflict,0,,0.4680736887245614,,0.0,0.2792583527377478
Conflict,0,,0.4680736887245614,,0.0,0.2001254252107243
Conflict,0,,0.4680736887245614,,0.0,0.5776399072571856
Conflict,0,,0.4680736887245614,,0.0,0.4474352140328105
Conflict,0,,0.4680736887245614,,0.0,0.4031520606396752
Conflict,0,,0.4680736887245614,,0.0,0.3974122252202781
Conflict,0,,0.4680736887245614,,0.0,0.3970722598898055
Conflict,0,,0.4680736887245614,,0.0,0.3493231902452521
Conflict,0,,0.4680736887245614,,0.0,0.3329930565694879
Conflict,0,,0.4680736887245614,,0.0,0.3301559344967755
Conflict,0,,0.4680736887245614,,0.0,0.321352764768994
Conflict,0,,0.4680736887245614,,0.0,0.3178858067932535
Conflict,0,,0.4680736887245614,,0.0,0.3154257206683782
Conflict,0,,0.4680736887245614,,0.0,0.3091558011490463
Conflict,0,,0.4680736887245614,,0.0,0.3052622349982921
Conflict,0,,0.4680736887245614,,0.0,0.296969620919908
Conflict,0,,0.4680736887245614,,0.0,0.2907996116406827
Conflict,0,,0.4680736887245614,,0.0,0.2792583527377478
Conflict,0,,0.4680736887245614,,0.0,0.2001254252107243
Conflict,0,,0.4680736887245614,,0.0,0.5776399072571856
Conflict,0,,0.4680736887245614,,0.0,0.4474352140328105
Conflict,0,,0.4680736887245614,,0.0,0.4031520606396752
Conflict,0,,0.4680736887245614,,0.0,0.3974122252202781
Conflict,0,,0.4680736887245614,,0.0,0.3970722598898055
Conflict,0,,0.4680736887245614,,0.0,0.3493231902452521
Conflict,0,,0.4680736887245614,,0.0,0.3329930565694879
Conflict,0,,0.4680736887245614,,0.0,0.3301559344967755
Conflict,0,,0.4680736887245614,,0.0,0.321352764768994
Conflict,0,,0.4680736887245614,,0.0,0.3178858067932535
Conflict,0,,0.4680736887245614,,0.0,0.3154257206683782
Conflict,0,,0.4680736887245614,,0.0,0.3091558011490463
Conflict,0,,0.4680736887245614,,0.0,0.3052622349982921
Conflict,0,,0.4680736887245614,,0.0,0.296969620919908
Conflict,0,,0.4680736887245614,,0.0,0.2907996116406827
Conflict,0,,0.4680736887245614,,0.0,0.2792583527377478
Conflict,0,,0.4680736887245614,,0.0,0.2001254252107243
Conflict,0,,0.4680736887245614,,0.0,0.5776399072571856
Conflict,0,,0.4680736887245614,,0.0,0.4474352140328105
Conflict,0,,0.4680736887245614,,0.0,0.4031520606396752
Conflict,0,,0.4680736887245614,,0.0,0.3974122252202781
Conflict,0,,0.4680736887245614,,0.0,0.3970722598898055
Conflict,0,,0.4680736887245614,,0.0,0.3493231902452521
Conflict,0,,0.4680736887245614,,0.0,0.3329930565694879
Conflict,0,,0.4680736887245614,,0.0,0.3301559344967755
Conflict,0,,0.4680736887245614,,0.0,0.321352764768994
Conflict,0,,0.4680736887245614,,0.0,0.3178858067932535
Conflict,0,,0.4680736887245614,,0.0,0.3154257206683782
Conflict,0,,0.4680736887245614,,0.0,0.3091558011490463
Conflict,0,,0.4680736887245614,,0.0,0.3052622349982921
Conflict,0,,0.4680736887245614,,0.0,0.296969620919908
Conflict,0,,0.4680736887245614,,0.0,0.2907996116406827
Conflict,0,,0.4680736887245614,,0.0,0.2792583527377478
Conflict,0,,0.4680736887245614,,0.0,0.2001254252107243
Conflict,0,,0.4680736887245614,,0.0,0.5776399072571856
Conflict,0,,0.4680736887245614,,0.0,0.4474352140328105
Conflict,0,,0.4680736887245614,,0.0,0.4031520606396752
Conflict,0,,0.4680736887245614,,0.0,0.3974122252202781
Conflict,0,,0.4680736887245614,,0.0,0.3970722598898055
Conflict,0,,0.4680736887245614,,0.0,0.3493231902452521
Conflict,0,,0.4680736887245614,,0.0,0.3329930565694879
Conflict,0,,0.4680736887245614,,0.0,0.3301559344967755
Conflict,0,,0.4680736887245614,,0.0,0.321352764768994
Conflict,0,,0.4680736887245614,,0.0,0.3178858067932535
Conflict,0,,0.4680736887245614,,0.0,0.3154257206683782
Conflict,0,,0.4680736887245614,,0.0,0.3091558011490463
Conflict,0,,0.4680736887245614,,0.0,0.3052622349982921
Conflict,0,,0.4680736887245614,,0.0,0.296969620919908
Conflict,0,,0.4680736887245614,,0.0,0.2907996116406827
Conflict,0,,0.4680736887245614,,0.0,0.2792583527377478
Conflict,0,,0.4680736887245614,,0.0,0.2001254252107243
Conflict,0,,0.4680736887245614,,0.0,0.5776399072571856
Conflict,0,,0.4680736887245614,,0.0,0.4474352140328105
Conflict,0,,0.4680736887245614,,0.0,0.4031520606396752
Conflict,0,,0.4680736887245614,,0.0,0.3974122252202781
Conflict,0,,0.4680736887245614,,0.0,0.3970722598898055
Conflict,0,,0.4680736887245614,,0.0,0.3493231902452521
Conflict,0,,0.4680736887245614,,0.0,0.3329930565694879
Conflict,0,,0.4680736887245614,,0.0,0.3301559344967755
Conflict,0,,0.4680736887245614,,0.0,0.321352764768994
Conflict,0,,0.4680736887245614,,0.0,0.3178858067932535
Conflict,0,,0.4680736887245614,,0.0,0.3154257206683782
Conflict,0,,0.4680736887245614,,0.0,0.3091558011490463
Conflict,0,,0.4680736887245614,,0.0,0.3052622349982921
Conflict,0,,0.4680736887245614,,0.0,0.296969620919908
Conflict,0,,0.4680736887245614,,0.0,0.2907996116406827
Conflict,0,,0.4680736887245614,,0.0,0.2792583527377478
Conflict,0,,0.4680736887245614,,0.0,0.2001254252107243
Conflict,0,,0.4680736887245614,,0.0,0.5776399072571856
Conflict,0,,0.4680736887245614,,0.0,0.4474352140328105
Conflict,0,,0.4680736887245614,,0.0,0.4031520606396752
Conflict,0,,0.4680736887245614,,0.0,0.3974122252202781
Conflict,0,,0.4680736887245614,,0.0,0.3970722598898055
Conflict,0,,0.4680736887245614,,0.0,0.3493231902452521
Conflict,0,,0.4680736887245614,,0.0,0.3329930565694879
Conflict,0,,0.4680736887245614,,0.0,0.3301559344967755
Conflict,0,,0.4680736887245614,,0.0,0.321352764768994
Conflict,0,,0.4680736887245614,,0.0,0.3178858067932535
Conflict,0,,0.4680736887245614,,0.0,0.3154257206683782
Conflict,0,,0.4680736887245614,,0.0,0.3091558011490463
Conflict,0,,0.4680736887245614,,0.0,0.3052622349982921
Conflict,0,,0.4680736887245614,,0.0,0.296969620919908
Conflict,0,,0.4680736887245614,,0.0,0.2907996116406827
Conflict,0,,0.4680736887245614,,0.0,0.2792583527377478
Conflict,0,,0.4680736887245614,,0.0,0.2001254252107243
Conflict,0,,0.4680736887245614,,0.0,0.5776399072571856
Conflict,0,,0.4680736887245614,,0.0,0.4474352140328105
Conflict,0,,0.4680736887245614,,0.0,0.4031520606396752
Conflict,0,,0.4680736887245614,,0.0,0.3974122252202781
Conflict,0,,0.4680736887245614,,0.0,0.3970722598898055
Conflict,0,,0.4680736887245614,,0.0,0.3493231902452521
Conflict,0,,0.4680736887245614,,0.0,0.3329930565694879
Conflict,0,,0.4680736887245614,,0.0,0.3301559344967755
Conflict,0,,0.4680736887245614,,0.0,0.321352764768994
Conflict,0,,0.4680736887245614,,0.0,0.3178858067932535
Conflict,0,,0.4680736887245614,,0.0,0.3154257206683782
Conflict,0,,0.4680736887245614,,0.0,0.3091558011490463
Conflict,0,,0.4680736887245614,,0.0,0.3052622349982921
Conflict,0,,0.4680736887245614,,0.0,0.296969620919908
Conflict,0,,0.4680736887245614,,0.0,0.2907996116406827
Conflict,0,,0.4680736887245614,,0.0,0.2792583527377478
Conflict,0,,0.4680736887245614,,0.0,0.2001254252107243
Conflict,0,,0.4680736887245614,,0.0,0.5776399072571856
Conflict,0,,0.4680736887245614,,0.0,0.4474352140328105
Conflict,0,,0.4680736887245614,,0.0,0.4031520606396752
Conflict,0,,0.4680736887245614,,0.0,0.3974122252202781
Conflict,0,,0.4680736887245614,,0.0,0.3970722598898055
Conflict,0,,0.4680736887245614,,0.0,0.3493231902452521
Conflict,0,,0.4680736887245614,,0.0,0.3329930565694879
Conflict,0,,0.4680736887245614,,0.0,0.3301559344967755
Conflict,0,,0.4680736887245614,,0.0,0.321352764768994
Conflict,0,,0.4680736887245614,,0.0,0.3178858067932535
Conflict,0,,0.4680736887245614,,0.0,0.3154257206683782
Conflict,0,,0.4680736887245614,,0.0,0.3091558011490463
Conflict,0,,0.4680736887245614,,0.0,0.3052622349982921
Conflict,0,,0.4680736887245614,,0.0,0.296969620919908
Conflict,0,,0.4680736887245614,,0.0,0.2907996116406827
Conflict,0,,0.4680736887245614,,0.0,0.2792583527377478
Conflict,0,,0.4680736887245614,,0.0,0.2001254252107243
Conflict,0,,0.4680736887245614,,0.0,0.5776399072571856
Conflict,0,,0.4680736887245614,,0.0,0.4474352140328105
Conflict,0,,0.4680736887245614,,0.0,0.4031520606396752
Conflict,0,,0.4680736887245614,,0.0,0.3974122252202781
Conflict,0,,0.4680736887245614,,0.0,0.3970722598898055
Conflict,0,,0.4680736887245614,,0.0,0.3493231902452521
Conflict,0,,0.4680736887245614,,0.0,0.3329930565694879
Conflict,0,,0.4680736887245614,,0.0,0.3301559344967755
Conflict,0,,0.4680736887245614,,0.0,0.321352764768994
Conflict,0,,0.4680736887245614,,0.0,0.3178858067932535
Conflict,0,,0.4680736887245614,,0.0,0.3154257206683782
Conflict,0,,0.4680736887245614,,0.0,0.3091558011490463
Conflict,0,,0.4680736887245614,,0.0,0.3052622349982921
Conflict,0,,0.4680736887245614,,0.0,0.296969620919908
Conflict,0,,0.4680736887245614,,0.0,0.2907996116406827
Conflict,0,,0.4680736887245614,,0.0,0.2792583527377478
Conflict,0,,0.4680736887245614,,0.0,0.2001254252107243
Conflict,0,,0.4680736887245614,,0.0,0.5776399072571856
Conflict,0,,0.4680736887245614,,0.0,0.4474352140328105
Conflict,0,,0.4680736887245614,,0.0,0.4031520606396752
Conflict,0,,0.4680736887245614,,0.0,0.3974122252202781
Conflict,0,,0.4680736887245614,,0.0,0.3970722598898055
Conflict,0,,0.4680736887245614,,0.0,0.3493231902452521
Conflict,0,,0.4680736887245614,,0.0,0.3329930565694879
Conflict,0,,0.4680736887245614,,0.0,0.3301559344967755
Conflict,0,,0.4680736887245614,,0.0,0.321352764768994
Conflict,0,,0.4680736887245614,,0.0,0.3178858067932535
Conflict,0,,0.4680736887245614,,0.0,0.3154257206683782
Conflict,0,,0.4680736887245614,,0.0,0.3091558011490463
Conflict,0,,0.4680736887245614,,0.0,0.3052622349982921
Conflict,0,,0.4680736887245614,,0.0,0.296969620919908
Conflict,0,,0.4680736887245614,,0.0,0.2907996116406827
Conflict,0,,0.4680736887245614,,0.0,0.2792583527377478
Conflict,0,,0.4680736887245614,,0.0,0.2001254252107243
Conflict,0,,0.4680736887245614,,0.0,0.5776399072571856
Conflict,0,,0.4680736887245614,,0.0,0.4474352140328105
Conflict,0,,0.4680736887245614,,0.0,0.4031520606396752
Conflict,0,,0.4680736887245614,,0.0,0.3974122252202781
Conflict,0,,0.4680736887245614,,0.0,0.3970722598898055
Conflict,0,,0.4680736887245614,,0.0,0.3493231902452521
Conflict,0,,0.4680736887245614,,0.0,0.3329930565694879
Conflict,0,,0.4680736887245614,,0.0,0.3301559344967755
Conflict,0,,0.4680736887245614,,0.0,0.321352764768994
Conflict,0,,0.4680736887245614,,0.0,0.3178858067932535
Conflict,0,,0.4680736887245614,,0.0,0.3154257206683782
Conflict,0,,0.4680736887245614,,0.0,0.3091558011490463
Conflict,0,,0.4680736887245614,,0.0,0.3052622349982921
Conflict,0,,0.4680736887245614,,0.0,0.296969620919908
Conflict,0,,0.4680736887245614,,0.0,0.2907996116406827
Conflict,0,,0.4680736887245614,,0.0,0.2792583527377478
Conflict,0,,0.4680736887245614,,0.0,0.2001254252107243
Conflict,0,,0.4680736887245614,,0.0,0.5776399072571856
Conflict,0,,0.4680736887245614,,0.0,0.4474352140328105
Conflict,0,,0.4680736887245614,,0.0,0.4031520606396752
Conflict,0,,0.4680736887245614,,0.0,0.3974122252202781
Conflict,0,,0.4680736887245614,,0.0,0.3970722598898055
Conflict,0,,0.4680736887245614,,0.0,0.3493231902452521
Conflict,0,,0.4680736887245614,,0.0,0.3329930565694879
Conflict,0,,0.4680736887245614,,0.0,0.3301559344967755
Conflict,0,,0.4680736887245614,,0.0,0.321352764768994
Conflict,0,,0.4680736887245614,,0.0,0.3178858067932535
Conflict,0,,0.4680736887245614,,0.0,0.3154257206683782
Conflict,0,,0.4680736887245614,,0.0,0.3091558011490463
Conflict,0,,0.4680736887245614,,0.0,0.3052622349982921
Conflict,0,,0.4680736887245614,,0.0,0.296969620919908
Conflict,0,,0.4680736887245614,,0.0,0.2907996116406827
Conflict,0,,0.4680736887245614,,0.0,0.2792583527377478
Conflict,0,,0.4680736887245614,,0.0,0.2001254252107243
Conflict,0,,0.4680736887245614,,0.0,0.5776399072571856
Conflict,0,,0.4680736887245614,,0.0,0.4474352140328105
Conflict,0,,0.4680736887245614,,0.0,0.4031520606396752
Conflict,0,,0.4680736887245614,,0.0,0.3974122252202781
Conflict,0,,0.4680736887245614,,0.0,0.3970722598898055
Conflict,0,,0.4680736887245614,,0.0,0.3493231902452521
Conflict,0,,0.4680736887245614,,0.0,0.3329930565694879
Conflict,0,,0.4680736887245614,,0.0,0.3301559344967755
Conflict,0,,0.4680736887245614,,0.0,0.321352764768994
Conflict,0,,0.4680736887245614,,0.0,0.3178858067932535
Conflict,0,,0.4680736887245614,,0.0,0.3154257206683782
Conflict,0,,0.4680736887245614,,0.0,0.3091558011490463
Conflict,0,,0.4680736887245614,,0.0,0.3052622349982921
Conflict,0,,0.4680736887245614,,0.0,0.296969620919908
Conflict,0,,0.4680736887245614,,0.0,0.2907996116406827
Conflict,0,,0.4680736887245614,,0.0,0.2792583527377478
Conflict,0,,0.4680736887245614,,0.0,0.2001254252107243
Conflict,0,,0.4680736887245614,,0.0,0.5776399072571856
Conflict,0,,0.4680736887245614,,0.0,0.4474352140328105
Conflict,0,,0.4680736887245614,,0.0,0.4031520606396752
Conflict,0,,0.4680736887245614,,0.0,0.3974122252202781
Conflict,0,,0.4680736887245614,,0.0,0.3970722598898055
Conflict,0,,0.4680736887245614,,0.0,0.3493231902452521
Conflict,0,,0.4680736887245614,,0.0,0.3329930565694879
Conflict,0,,0.4680736887245614,,0.0,0.3301559344967755
Conflict,0,,0.4680736887245614,,0.0,0.321352764768994
Conflict,0,,0.4680736887245614,,0.0,0.3178858067932535
Conflict,0,,0.4680736887245614,,0.0,0.3154257206683782
Conflict,0,,0.4680736887245614,,0.0,0.3091558011490463
Conflict,0,,0.4680736887245614,,0.0,0.3052622349982921
Conflict,0,,0.4680736887245614,,0.0,0.296969620919908
Conflict,0,,0.4680736887245614,,0.0,0.2907996116406827
Conflict,0,,0.4680736887245614,,0.0,0.2792583527377478
Conflict,0,,0.4680736887245614,,0.0,0.2001254252107243
Conflict,0,,0.4680736887245614,,0.0,0.5776399072571856
Conflict,0,,0.4680736887245614,,0.0,0.4474352140328105
Conflict,0,,0.4680736887245614,,0.0,0.4031520606396752
Conflict,0,,0.4680736887245614,,0.0,0.3974122252202781
Conflict,0,,0.4680736887245614,,0.0,0.3970722598898055
Conflict,0,,0.4680736887245614,,0.0,0.3493231902452521
Conflict,0,,0.4680736887245614,,0.0,0.3329930565694879
Conflict,0,,0.4680736887245614,,0.0,0.3301559344967755
Conflict,0,,0.4680736887245614,,0.0,0.321352764768994
Conflict,0,,0.4680736887245614,,0.0,0.3178858067932535
Conflict,0,,0.4680736887245614,,0.0,0.3154257206683782
Conflict,0,,0.4680736887245614,,0.0,0.3091558011490463
Conflict,0,,0.4680736887245614,,0.0,0.3052622349982921
Conflict,0,,0.4680736887245614,,0.0,0.296969620919908
Conflict,0,,0.4680736887245614,,0.0,0.2907996116406827
Conflict,0,,0.4680736887245614,,0.0,0.2792583527377478
Conflict,0,,0.4680736887245614,,0.0,0.2001254252107243
Conflict,0,,0.4680736887245614,,0.0,0.5776399072571856
Conflict,0,,0.4680736887245614,,0.0,0.4474352140328105
Conflict,0,,0.4680736887245614,,0.0,0.4031520606396752
Conflict,0,,0.4680736887245614,,0.0,0.3974122252202781
Conflict,0,,0.4680736887245614,,0.0,0.3970722598898055
Conflict,0,,0.4680736887245614,,0.0,0.3493231902452521
Conflict,0,,0.4680736887245614,,0.0,0.3329930565694879
Conflict,0,,0.4680736887245614,,0.0,0.3301559344967755
Conflict,0,,0.4680736887245614,,0.0,0.321352764768994
Conflict,0,,0.4680736887245614,,0.0,0.3178858067932535
Conflict,0,,0.4680736887245614,,0.0,0.3154257206683782
Conflict,0,,0.4680736887245614,,0.0,0.3091558011490463
Conflict,0,,0.4680736887245614,,0.0,0.3052622349982921
Conflict,0,,0.4680736887245614,,0.0,0.296969620919908
Conflict,0,,0.4680736887245614,,0.0,0.2907996116406827
Conflict,0,,0.4680736887245614,,0.0,0.2792583527377478
Conflict,0,,0.4680736887245614,,0.0,0.2001254252107243
Conflict,0,,0.4680736887245614,,0.0,0.5776399072571856
Conflict,0,,0.4680736887245614,,0.0,0.4474352140328105
Conflict,0,,0.4680736887245614,,0.0,0.4031520606396752
Conflict,0,,0.4680736887245614,,0.0,0.3974122252202781
Conflict,0,,0.4680736887245614,,0.0,0.3970722598898055
Conflict,0,,0.4680736887245614,,0.0,0.3493231902452521
Conflict,0,,0.4680736887245614,,0.0,0.3329930565694879
Conflict,0,,0.4680736887245614,,0.0,0.3301559344967755
Conflict,0,,0.4680736887245614,,0.0,0.321352764768994
Conflict,0,,0.4680736887245614,,0.0,0.3178858067932535
Conflict,0,,0.4680736887245614,,0.0,0.3154257206683782
Conflict,0,,0.4680736887245614,,0.0,0.3091558011490463
Conflict,0,,0.4680736887245614,,0.0,0.3052622349982921
Conflict,0,,0.4680736887245614,,0.0,0.296969620919908
Conflict,0,,0.4680736887245614,,0.0,0.2907996116406827
Conflict,0,,0.4680736887245614,,0.0,0.2792583527377478
Conflict,0,,0.4680736887245614,,0.0,0.2001254252107243
Conflict,0,,0.4680736887245614,,0.0,0.5776399072571856
Conflict,0,,0.4680736887245614,,0.0,0.4474352140328105
Conflict,0,,0.4680736887245614,,0.0,0.4031520606396752
Conflict,0,,0.4680736887245614,,0.0,0.3974122252202781
Conflict,0,,0.4680736887245614,,0.0,0.3970722598898055
Conflict,0,,0.4680736887245614,,0.0,0.3493231902452521
Conflict,0,,0.4680736887245614,,0.0,0.3329930565694879
Conflict,0,,0.4680736887245614,,0.0,0.3301559344967755
Conflict,0,,0.4680736887245614,,0.0,0.321352764768994
Conflict,0,,0.4680736887245614,,0.0,0.3178858067932535
Conflict,0,,0.4680736887245614,,0.0,0.3154257206683782
Conflict,0,,0.4680736887245614,,0.0,0.3091558011490463
Conflict,0,,0.4680736887245614,,0.0,0.3052622349982921
Conflict,0,,0.4680736887245614,,0.0,0.296969620919908
Conflict,0,,0.4680736887245614,,0.0,0.2907996116406827
Conflict,0,,0.4680736887245614,,0.0,0.2792583527377478
Conflict,0,,0.4680736887245614,,0.0,0.2001254252107243
Conflict,0,,0.4680736887245614,,0.0,0.5776399072571856
Conflict,0,,0.4680736887245614,,0.0,0.4474352140328105
Conflict,0,,0.4680736887245614,,0.0,0.4031520606396752
Conflict,0,,0.4680736887245614,,0.0,0.3974122252202781
Conflict,0,,0.4680736887245614,,0.0,0.3970722598898055
Conflict,0,,0.4680736887245614,,0.0,0.3493231902452521
Conflict,0,,0.4680736887245614,,0.0,0.3329930565694879
Conflict,0,,0.4680736887245614,,0.0,0.3301559344967755
Conflict,0,,0.4680736887245614,,0.0,0.321352764768994
Conflict,0,,0.4680736887245614,,0.0,0.3178858067932535
Conflict,0,,0.4680736887245614,,0.0,0.3154257206683782
Conflict,0,,0.4680736887245614,,0.0,0.3091558011490463
Conflict,0,,0.4680736887245614,,0.0,0.3052622349982921
Conflict,0,,0.4680736887245614,,0.0,0.296969620919908
Conflict,0,,0.4680736887245614,,0.0,0.2907996116406827
Conflict,0,,0.4680736887245614,,0.0,0.2792583527377478
Conflict,0,,0.4680736887245614,,0.0,0.2001254252107243
Conflict,0,,0.4680736887245614,,0.0,0.5776399072571856
Conflict,0,,0.4680736887245614,,0.0,0.4474352140328105
Conflict,0,,0.4680736887245614,,0.0,0.4031520606396752
Conflict,0,,0.4680736887245614,,0.0,0.3974122252202781
Conflict,0,,0.4680736887245614,,0.0,0.3970722598898055
Conflict,0,,0.4680736887245614,,0.0,0.3493231902452521
Conflict,0,,0.4680736887245614,,0.0,0.3329930565694879
Conflict,0,,0.4680736887245614,,0.0,0.3301559344967755
Conflict,0,,0.4680736887245614,,0.0,0.321352764768994
Conflict,0,,0.4680736887245614,,0.0,0.3178858067932535
Conflict,0,,0.4680736887245614,,0.0,0.3154257206683782
Conflict,0,,0.4680736887245614,,0.0,0.3091558011490463
Conflict,0,,0.4680736887245614,,0.0,0.3052622349982921
Conflict,0,,0.4680736887245614,,0.0,0.296969620919908
Conflict,0,,0.4680736887245614,,0.0,0.2907996116406827
Conflict,0,,0.4680736887245614,,0.0,0.2792583527377478
Conflict,0,,0.4680736887245614,,0.0,0.2001254252107243
Conflict,0,,0.4680736887245614,,0.0,0.5776399072571856
Conflict,0,,0.4680736887245614,,0.0,0.4474352140328105
Conflict,0,,0.4680736887245614,,0.0,0.4031520606396752
Conflict,0,,0.4680736887245614,,0.0,0.3974122252202781
Conflict,0,,0.4680736887245614,,0.0,0.3970722598898055
Conflict,0,,0.4680736887245614,,0.0,0.3493231902452521
Conflict,0,,0.4680736887245614,,0.0,0.3329930565694879
Conflict,0,,0.4680736887245614,,0.0,0.3301559344967755
Conflict,0,,0.4680736887245614,,0.0,0.321352764768994
Conflict,0,,0.4680736887245614,,0.0,0.3178858067932535
Conflict,0,,0.4680736887245614,,0.0,0.3154257206683782
Conflict,0,,0.4680736887245614,,0.0,0.3091558011490463
Conflict,0,,0.4680736887245614,,0.0,0.3052622349982921
Conflict,0,,0.4680736887245614,,0.0,0.296969620919908
Conflict,0,,0.4680736887245614,,0.0,0.2907996116406827
Conflict,0,,0.4680736887245614,,0.0,0.2792583527377478
Conflict,0,,0.4680736887245614,,0.0,0.2001254252107243
Conflict,0,,0.4680736887245614,,0.0,0.5776399072571856
Conflict,0,,0.4680736887245614,,0.0,0.4474352140328105
Conflict,0,,0.4680736887245614,,0.0,0.4031520606396752
Conflict,0,,0.4680736887245614,,0.0,0.3974122252202781
Conflict,0,,0.4680736887245614,,0.0,0.3970722598898055
Conflict,0,,0.4680736887245614,,0.0,0.3493231902452521
Conflict,0,,0.4680736887245614,,0.0,0.3329930565694879
Conflict,0,,0.4680736887245614,,0.0,0.3301559344967755
Conflict,0,,0.4680736887245614,,0.0,0.321352764768994
Conflict,0,,0.4680736887245614,,0.0,0.3178858067932535
Conflict,0,,0.4680736887245614,,0.0,0.3154257206683782
Conflict,0,,0.4680736887245614,,0.0,0.3091558011490463
Conflict,0,,0.4680736887245614,,0.0,0.3052622349982921
Conflict,0,,0.4680736887245614,,0.0,0.296969620919908
Conflict,0,,0.4680736887245614,,0.0,0.2907996116406827
Conflict,0,,0.4680736887245614,,0.0,0.2792583527377478
Conflict,0,,0.4680736887245614,,0.0,0.2001254252107243
Conflict,0,,0.4680736887245614,,0.0,0.5776399072571856
Conflict,0,,0.4680736887245614,,0.0,0.4474352140328105
Conflict,0,,0.4680736887245614,,0.0,0.4031520606396752
Conflict,0,,0.4680736887245614,,0.0,0.3974122252202781
Conflict,0,,0.4680736887245614,,0.0,0.3970722598898055
Conflict,0,,0.4680736887245614,,0.0,0.3493231902452521
Conflict,0,,0.4680736887245614,,0.0,0.3329930565694879
Conflict,0,,0.4680736887245614,,0.0,0.3301559344967755
Conflict,0,,0.4680736887245614,,0.0,0.321352764768994
Conflict,0,,0.4680736887245614,,0.0,0.3178858067932535
Conflict,0,,0.4680736887245614,,0.0,0.3154257206683782
Conflict,0,,0.4680736887245614,,0.0,0.3091558011490463
Conflict,0,,0.4680736887245614,,0.0,0.3052622349982921
Conflict,0,,0.4680736887245614,,0.0,0.296969620919908
Conflict,0,,0.4680736887245614,,0.0,0.2907996116406827
Conflict,0,,0.4680736887245614,,0.0,0.2792583527377478
Conflict,0,,0.4680736887245614,,0.0,0.2001254252107243
Conflict,0,,0.4680736887245614,,0.0,0.5776399072571856
Conflict,0,,0.4680736887245614,,0.0,0.4474352140328105
Conflict,0,,0.4680736887245614,,0.0,0.4031520606396752
Conflict,0,,0.4680736887245614,,0.0,0.3974122252202781
Conflict,0,,0.4680736887245614,,0.0,0.3970722598898055
Conflict,0,,0.4680736887245614,,0.0,0.3493231902452521
Conflict,0,,0.4680736887245614,,0.0,0.3329930565694879
Conflict,0,,0.4680736887245614,,0.0,0.3301559344967755
Conflict,0,,0.4680736887245614,,0.0,0.321352764768994
Conflict,0,,0.4680736887245614,,0.0,0.3178858067932535
Conflict,0,,0.4680736887245614,,0.0,0.3154257206683782
Conflict,0,,0.4680736887245614,,0.0,0.3091558011490463
Conflict,0,,0.4680736887245614,,0.0,0.3052622349982921
Conflict,0,,0.4680736887245614,,0.0,0.296969620919908
Conflict,0,,0.4680736887245614,,0.0,0.2907996116406827
Conflict,0,,0.4680736887245614,,0.0,0.2792583527377478
Conflict,0,,0.4680736887245614,,0.0,0.2001254252107243
Conflict,0,,0.4680736887245614,,0.0,0.5776399072571856
Conflict,0,,0.4680736887245614,,0.0,0.4474352140328105
Conflict,0,,0.4680736887245614,,0.0,0.4031520606396752
Conflict,0,,0.4680736887245614,,0.0,0.3974122252202781
Conflict,0,,0.4680736887245614,,0.0,0.3970722598898055
Conflict,0,,0.4680736887245614,,0.0,0.3493231902452521
Conflict,0,,0.4680736887245614,,0.0,0.3329930565694879
Conflict,0,,0.4680736887245614,,0.0,0.3301559344967755
Conflict,0,,0.4680736887245614,,0.0,0.321352764768994
Conflict,0,,0.4680736887245614,,0.0,0.3178858067932535
Conflict,0,,0.4680736887245614,,0.0,0.3154257206683782
Conflict,0,,0.4680736887245614,,0.0,0.3091558011490463
Conflict,0,,0.4680736887245614,,0.0,0.3052622349982921
Conflict,0,,0.4680736887245614,,0.0,0.296969620919908
Conflict,0,,0.4680736887245614,,0.0,0.2907996116406827
Conflict,0,,0.4680736887245614,,0.0,0.2792583527377478
Conflict,0,,0.4680736887245614,,0.0,0.2001254252107243
Conflict,0,,0.4680736887245614,,0.0,0.5776399072571856
Conflict,0,,0.4680736887245614,,0.0,0.4474352140328105
Conflict,0,,0.4680736887245614,,0.0,0.4031520606396752
Conflict,0,,0.4680736887245614,,0.0,0.3974122252202781
Conflict,0,,0.4680736887245614,,0.0,0.3970722598898055
Conflict,0,,0.4680736887245614,,0.0,0.3493231902452521
Conflict,0,,0.4680736887245614,,0.0,0.3329930565694879
Conflict,0,,0.4680736887245614,,0.0,0.3301559344967755
Conflict,0,,0.4680736887245614,,0.0,0.321352764768994
Conflict,0,,0.4680736887245614,,0.0,0.3178858067932535
Conflict,0,,0.4680736887245614,,0.0,0.3154257206683782
Conflict,0,,0.4680736887245614,,0.0,0.3091558011490463
Conflict,0,,0.4680736887245614,,0.0,0.3052622349982921
Conflict,0,,0.4680736887245614,,0.0,0.296969620919908
Conflict,0,,0.4680736887245614,,0.0,0.2907996116406827
Conflict,0,,0.4680736887245614,,0.0,0.2792583527377478
Conflict,0,,0.4680736887245614,,0.0,0.2001254252107243
Conflict,0,,0.4680736887245614,,0.0,0.5776399072571856
Conflict,0,,0.4680736887245614,,0.0,0.4474352140328105
Conflict,0,,0.4680736887245614,,0.0,0.4031520606396752
Conflict,0,,0.4680736887245614,,0.0,0.3974122252202781
Conflict,0,,0.4680736887245614,,0.0,0.3970722598898055
Conflict,0,,0.4680736887245614,,0.0,0.3493231902452521
Conflict,0,,0.4680736887245614,,0.0,0.3329930565694879
Conflict,0,,0.4680736887245614,,0.0,0.3301559344967755
Conflict,0,,0.4680736887245614,,0.0,0.321352764768994
Conflict,0,,0.4680736887245614,,0.0,0.3178858067932535
Conflict,0,,0.4680736887245614,,0.0,0.3154257206683782
Conflict,0,,0.4680736887245614,,0.0,0.3091558011490463
Conflict,0,,0.4680736887245614,,0.0,0.3052622349982921
Conflict,0,,0.4680736887245614,,0.0,0.296969620919908
Conflict,0,,0.4680736887245614,,0.0,0.2907996116406827
Conflict,0,,0.4680736887245614,,0.0,0.2792583527377478
Conflict,0,,0.4680736887245614,,0.0,0.2001254252107243
Conflict,0,,0.4680736887245614,,0.0,0.5776399072571856
Conflict,0,,0.4680736887245614,,0.0,0.4474352140328105
Conflict,0,,0.4680736887245614,,0.0,0.4031520606396752
Conflict,0,,0.4680736887245614,,0.0,0.3974122252202781
Conflict,0,,0.4680736887245614,,0.0,0.3970722598898055
Conflict,0,,0.4680736887245614,,0.0,0.3493231902452521
Conflict,0,,0.4680736887245614,,0.0,0.3329930565694879
Conflict,0,,0.4680736887245614,,0.0,0.3301559344967755
Conflict,0,,0.4680736887245614,,0.0,0.321352764768994
Conflict,0,,0.4680736887245614,,0.0,0.3178858067932535
Conflict,0,,0.4680736887245614,,0.0,0.3154257206683782
Conflict,0,,0.4680736887245614,,0.0,0.3091558011490463
Conflict,0,,0.4680736887245614,,0.0,0.3052622349982921
Conflict,0,,0.4680736887245614,,0.0,0.296969620919908
Conflict,0,,0.4680736887245614,,0.0,0.2907996116406827
Conflict,0,,0.4680736887245614,,0.0,0.2792583527377478
Conflict,0,,0.4680736887245614,,0.0,0.2001254252107243
Conflict,0,,0.4680736887245614,,0.0,0.5776399072571856
Conflict,0,,0.4680736887245614,,0.0,0.4474352140328105
Conflict,0,,0.4680736887245614,,0.0,0.4031520606396752
Conflict,0,,0.4680736887245614,,0.0,0.3974122252202781
Conflict,0,,0.4680736887245614,,0.0,0.3970722598898055
Conflict,0,,0.4680736887245614,,0.0,0.3493231902452521
Conflict,0,,0.4680736887245614,,0.0,0.3329930565694879
Conflict,0,,0.4680736887245614,,0.0,0.3301559344967755
Conflict,0,,0.4680736887245614,,0.0,0.321352764768994
Conflict,0,,0.4680736887245614,,0.0,0.3178858067932535
Conflict,0,,0.4680736887245614,,0.0,0.3154257206683782
Conflict,0,,0.4680736887245614,,0.0,0.3091558011490463
Conflict,0,,0.4680736887245614,,0.0,0.3052622349982921
Conflict,0,,0.4680736887245614,,0.0,0.296969620919908
Conflict,0,,0.4680736887245614,,0.0,0.2907996116406827
Conflict,0,,0.4680736887245614,,0.0,0.2792583527377478
Conflict,0,,0.4680736887245614,,0.0,0.2001254252107243
Conflict,0,,0.4680736887245614,,0.0,0.5776399072571856
Conflict,0,,0.4680736887245614,,0.0,0.4474352140328105
Conflict,0,,0.4680736887245614,,0.0,0.4031520606396752
Conflict,0,,0.4680736887245614,,0.0,0.3974122252202781
Conflict,0,,0.4680736887245614,,0.0,0.3970722598898055
Conflict,0,,0.4680736887245614,,0.0,0.3493231902452521
Conflict,0,,0.4680736887245614,,0.0,0.3329930565694879
Conflict,0,,0.4680736887245614,,0.0,0.3301559344967755
Conflict,0,,0.4680736887245614,,0.0,0.321352764768994
Conflict,0,,0.4680736887245614,,0.0,0.3178858067932535
Conflict,0,,0.4680736887245614,,0.0,0.3154257206683782
Conflict,0,,0.4680736887245614,,0.0,0.3091558011490463
Conflict,0,,0.4680736887245614,,0.0,0.3052622349982921
Conflict,0,,0.4680736887245614,,0.0,0.296969620919908
Conflict,0,,0.4680736887245614,,0.0,0.2907996116406827
Conflict,0,,0.4680736887245614,,0.0,0.2792583527377478
Conflict,0,,0.4680736887245614,,0.0,0.2001254252107243
Conflict,0,,0.4680736887245614,,0.0,0.5776399072571856
Conflict,0,,0.4680736887245614,,0.0,0.4474352140328105
Conflict,0,,0.4680736887245614,,0.0,0.4031520606396752
Conflict,0,,0.4680736887245614,,0.0,0.3974122252202781
Conflict,0,,0.4680736887245614,,0.0,0.3970722598898055
Conflict,0,,0.4680736887245614,,0.0,0.3493231902452521
Conflict,0,,0.4680736887245614,,0.0,0.3329930565694879
Conflict,0,,0.4680736887245614,,0.0,0.3301559344967755
Conflict,0,,0.4680736887245614,,0.0,0.321352764768994
Conflict,0,,0.4680736887245614,,0.0,0.3178858067932535
Conflict,0,,0.4680736887245614,,0.0,0.3154257206683782
Conflict,0,,0.4680736887245614,,0.0,0.3091558011490463
Conflict,0,,0.4680736887245614,,0.0,0.3052622349982921
Conflict,0,,0.4680736887245614,,0.0,0.296969620919908
Conflict,0,,0.4680736887245614,,0.0,0.2907996116406827
Conflict,0,,0.4680736887245614,,0.0,0.2792583527377478
Conflict,0,,0.4680736887245614,,0.0,0.2001254252107243
Conflict,0,,0.4680736887245614,,0.0,0.5776399072571856
Conflict,0,,0.4680736887245614,,0.0,0.4474352140328105
Conflict,0,,0.4680736887245614,,0.0,0.4031520606396752
Conflict,0,,0.4680736887245614,,0.0,0.3974122252202781
Conflict,0,,0.4680736887245614,,0.0,0.3970722598898055
Conflict,0,,0.4680736887245614,,0.0,0.3493231902452521
Conflict,0,,0.4680736887245614,,0.0,0.3329930565694879
Conflict,0,,0.4680736887245614,,0.0,0.3301559344967755
Conflict,0,,0.4680736887245614,,0.0,0.321352764768994
Conflict,0,,0.4680736887245614,,0.0,0.3178858067932535
Conflict,0,,0.4680736887245614,,0.0,0.3154257206683782
Conflict,0,,0.4680736887245614,,0.0,0.3091558011490463
Conflict,0,,0.4680736887245614,,0.0,0.3052622349982921
Conflict,0,,0.4680736887245614,,0.0,0.296969620919908
Conflict,0,,0.4680736887245614,,0.0,0.2907996116406827
Conflict,0,,0.4680736887245614,,0.0,0.2792583527377478
Conflict,0,,0.4680736887245614,,0.0,0.2001254252107243
Conflict,0,,0.4680736887245614,,0.0,0.5776399072571856
Conflict,0,,0.4680736887245614,,0.0,0.4474352140328105
Conflict,0,,0.4680736887245614,,0.0,0.4031520606396752
Conflict,0,,0.4680736887245614,,0.0,0.3974122252202781
Conflict,0,,0.4680736887245614,,0.0,0.3970722598898055
Conflict,0,,0.4680736887245614,,0.0,0.3493231902452521
Conflict,0,,0.4680736887245614,,0.0,0.3329930565694879
Conflict,0,,0.4680736887245614,,0.0,0.3301559344967755
Conflict,0,,0.4680736887245614,,0.0,0.321352764768994
Conflict,0,,0.4680736887245614,,0.0,0.3178858067932535
Conflict,0,,0.4680736887245614,,0.0,0.3154257206683782
Conflict,0,,0.4680736887245614,,0.0,0.3091558011490463
Conflict,0,,0.4680736887245614,,0.0,0.3052622349982921
Conflict,0,,0.4680736887245614,,0.0,0.296969620919908
Conflict,0,,0.4680736887245614,,0.0,0.2907996116406827
Conflict,0,,0.4680736887245614,,0.0,0.2792583527377478
Conflict,0,,0.4680736887245614,,0.0,0.2001254252107243
Conflict,0,,0.4680736887245614,,0.0,0.5776399072571856
Conflict,0,,0.4680736887245614,,0.0,0.4474352140328105
Conflict,0,,0.4680736887245614,,0.0,0.4031520606396752
Conflict,0,,0.4680736887245614,,0.0,0.3974122252202781
Conflict,0,,0.4680736887245614,,0.0,0.3970722598898055
Conflict,0,,0.4680736887245614,,0.0,0.3493231902452521
Conflict,0,,0.4680736887245614,,0.0,0.3329930565694879
Conflict,0,,0.4680736887245614,,0.0,0.3301559344967755
Conflict,0,,0.4680736887245614,,0.0,0.321352764768994
Conflict,0,,0.4680736887245614,,0.0,0.3178858067932535
Conflict,0,,0.4680736887245614,,0.0,0.3154257206683782
Conflict,0,,0.4680736887245614,,0.0,0.3091558011490463
Conflict,0,,0.4680736887245614,,0.0,0.3052622349982921
Conflict,0,,0.4680736887245614,,0.0,0.296969620919908
Conflict,0,,0.4680736887245614,,0.0,0.2907996116406827
Conflict,0,,0.4680736887245614,,0.0,0.2792583527377478
Conflict,0,,0.4680736887245614,,0.0,0.2001254252107243
Conflict,0,,0.4680736887245614,,0.0,0.5776399072571856
Conflict,0,,0.4680736887245614,,0.0,0.4474352140328105
Conflict,0,,0.4680736887245614,,0.0,0.4031520606396752
Conflict,0,,0.4680736887245614,,0.0,0.3974122252202781
Conflict,0,,0.4680736887245614,,0.0,0.3970722598898055
Conflict,0,,0.4680736887245614,,0.0,0.3493231902452521
Conflict,0,,0.4680736887245614,,0.0,0.3329930565694879
Conflict,0,,0.4680736887245614,,0.0,0.3301559344967755
Conflict,0,,0.4680736887245614,,0.0,0.321352764768994
Conflict,0,,0.4680736887245614,,0.0,0.3178858067932535
Conflict,0,,0.4680736887245614,,0.0,0.3154257206683782
Conflict,0,,0.4680736887245614,,0.0,0.3091558011490463
Conflict,0,,0.4680736887245614,,0.0,0.3052622349982921
Conflict,0,,0.4680736887245614,,0.0,0.296969620919908
Conflict,0,,0.4680736887245614,,0.0,0.2907996116406827
Conflict,0,,0.4680736887245614,,0.0,0.2792583527377478
Conflict,0,,0.4680736887245614,,0.0,0.2001254252107243
Conflict,0,,0.4680736887245614,,0.0,0.5776399072571856
Conflict,0,,0.4680736887245614,,0.0,0.4474352140328105
Conflict,0,,0.4680736887245614,,0.0,0.4031520606396752
Conflict,0,,0.4680736887245614,,0.0,0.3974122252202781
Conflict,0,,0.4680736887245614,,0.0,0.3970722598898055
Conflict,0,,0.4680736887245614,,0.0,0.3493231902452521
Conflict,0,,0.4680736887245614,,0.0,0.3329930565694879
Conflict,0,,0.4680736887245614,,0.0,0.3301559344967755
Conflict,0,,0.4680736887245614,,0.0,0.321352764768994
Conflict,0,,0.4680736887245614,,0.0,0.3178858067932535
Conflict,0,,0.4680736887245614,,0.0,0.3154257206683782
Conflict,0,,0.4680736887245614,,0.0,0.3091558011490463
Conflict,0,,0.4680736887245614,,0.0,0.3052622349982921
Conflict,0,,0.4680736887245614,,0.0,0.296969620919908
Conflict,0,,0.4680736887245614,,0.0,0.2907996116406827
Conflict,0,,0.4680736887245614,,0.0,0.2792583527377478
Conflict,0,,0.4680736887245614,,0.0,0.2001254252107243
Conflict,0,,0.4680736887245614,,0.0,0.5776399072571856
Conflict,0,,0.4680736887245614,,0.0,0.4474352140328105
Conflict,0,,0.4680736887245614,,0.0,0.4031520606396752
Conflict,0,,0.4680736887245614,,0.0,0.3974122252202781
Conflict,0,,0.4680736887245614,,0.0,0.3970722598898055
Conflict,0,,0.4680736887245614,,0.0,0.3493231902452521
Conflict,0,,0.4680736887245614,,0.0,0.3329930565694879
Conflict,0,,0.4680736887245614,,0.0,0.3301559344967755
Conflict,0,,0.4680736887245614,,0.0,0.321352764768994
Conflict,0,,0.4680736887245614,,0.0,0.3178858067932535
Conflict,0,,0.4680736887245614,,0.0,0.3154257206683782
Conflict,0,,0.4680736887245614,,0.0,0.3091558011490463
Conflict,0,,0.4680736887245614,,0.0,0.3052622349982921
Conflict,0,,0.4680736887245614,,0.0,0.296969620919908
Conflict,0,,0.4680736887245614,,0.0,0.2907996116406827
Conflict,0,,0.4680736887245614,,0.0,0.2792583527377478
Conflict,0,,0.4680736887245614,,0.0,0.2001254252107243
Conflict,0,,0.4680736887245614,,0.0,0.5776399072571856
Conflict,0,,0.4680736887245614,,0.0,0.4474352140328105
Conflict,0,,0.4680736887245614,,0.0,0.4031520606396752
Conflict,0,,0.4680736887245614,,0.0,0.3974122252202781
Conflict,0,,0.4680736887245614,,0.0,0.3970722598898055
Conflict,0,,0.4680736887245614,,0.0,0.3493231902452521
Conflict,0,,0.4680736887245614,,0.0,0.3329930565694879
Conflict,0,,0.4680736887245614,,0.0,0.3301559344967755
Conflict,0,,0.4680736887245614,,0.0,0.321352764768994
Conflict,0,,0.4680736887245614,,0.0,0.3178858067932535
Conflict,0,,0.4680736887245614,,0.0,0.3154257206683782
Conflict,0,,0.4680736887245614,,0.0,0.3091558011490463
Conflict,0,,0.4680736887245614,,0.0,0.3052622349982921
Conflict,0,,0.4680736887245614,,0.0,0.296969620919908
Conflict,0,,0.4680736887245614,,0.0,0.2907996116406827
Conflict,0,,0.4680736887245614,,0.0,0.2792583527377478
Conflict,0,,0.4680736887245614,,0.0,0.2001254252107243
Conflict,0,,0.4680736887245614,,0.0,0.5776399072571856
Conflict,0,,0.4680736887245614,,0.0,0.4474352140328105
Conflict,0,,0.4680736887245614,,0.0,0.4031520606396752
Conflict,0,,0.4680736887245614,,0.0,0.3974122252202781
Conflict,0,,0.4680736887245614,,0.0,0.3970722598898055
Conflict,0,,0.4680736887245614,,0.0,0.3493231902452521
Conflict,0,,0.4680736887245614,,0.0,0.3329930565694879
Conflict,0,,0.4680736887245614,,0.0,0.3301559344967755
Conflict,0,,0.4680736887245614,,0.0,0.321352764768994
Conflict,0,,0.4680736887245614,,0.0,0.3178858067932535
Conflict,0,,0.4680736887245614,,0.0,0.3154257206683782
Conflict,0,,0.4680736887245614,,0.0,0.3091558011490463
Conflict,0,,0.4680736887245614,,0.0,0.3052622349982921
Conflict,0,,0.4680736887245614,,0.0,0.296969620919908
Conflict,0,,0.4680736887245614,,0.0,0.2907996116406827
Conflict,0,,0.4680736887245614,,0.0,0.2792583527377478
Conflict,0,,0.4680736887245614,,0.0,0.2001254252107243
Conflict,0,,0.4680736887245614,,0.0,0.5776399072571856
Conflict,0,,0.4680736887245614,,0.0,0.4474352140328105
Conflict,0,,0.4680736887245614,,0.0,0.4031520606396752
Conflict,0,,0.4680736887245614,,0.0,0.3974122252202781
Conflict,0,,0.4680736887245614,,0.0,0.3970722598898055
Conflict,0,,0.4680736887245614,,0.0,0.3493231902452521
Conflict,0,,0.4680736887245614,,0.0,0.3329930565694879
Conflict,0,,0.4680736887245614,,0.0,0.3301559344967755
Conflict,0,,0.4680736887245614,,0.0,0.321352764768994
Conflict,0,,0.4680736887245614,,0.0,0.3178858067932535
Conflict,0,,0.4680736887245614,,0.0,0.3154257206683782
Conflict,0,,0.4680736887245614,,0.0,0.3091558011490463
Conflict,0,,0.4680736887245614,,0.0,0.3052622349982921
Conflict,0,,0.4680736887245614,,0.0,0.296969620919908
Conflict,0,,0.4680736887245614,,0.0,0.2907996116406827
Conflict,0,,0.4680736887245614,,0.0,0.2792583527377478
Conflict,0,,0.4680736887245614,,0.0,0.2001254252107243
Conflict,0,,0.4680736887245614,,0.0,0.5776399072571856
Conflict,0,,0.4680736887245614,,0.0,0.4474352140328105
Conflict,0,,0.4680736887245614,,0.0,0.4031520606396752
Conflict,0,,0.4680736887245614,,0.0,0.3974122252202781
Conflict,0,,0.4680736887245614,,0.0,0.3970722598898055
Conflict,0,,0.4680736887245614,,0.0,0.3493231902452521
Conflict,0,,0.4680736887245614,,0.0,0.3329930565694879
Conflict,0,,0.4680736887245614,,0.0,0.3301559344967755
Conflict,0,,0.4680736887245614,,0.0,0.321352764768994
Conflict,0,,0.4680736887245614,,0.0,0.3178858067932535
Conflict,0,,0.4680736887245614,,0.0,0.3154257206683782
Conflict,0,,0.4680736887245614,,0.0,0.3091558011490463
Conflict,0,,0.4680736887245614,,0.0,0.3052622349982921
Conflict,0,,0.4680736887245614,,0.0,0.296969620919908
Conflict,0,,0.4680736887245614,,0.0,0.2907996116406827
Conflict,0,,0.4680736887245614,,0.0,0.2792583527377478
Conflict,0,,0.4680736887245614,,0.0,0.2001254252107243
Conflict,0,,0.4680736887245614,,0.0,0.5776399072571856
Conflict,0,,0.4680736887245614,,0.0,0.4474352140328105
Conflict,0,,0.4680736887245614,,0.0,0.4031520606396752
Conflict,0,,0.4680736887245614,,0.0,0.3974122252202781
Conflict,0,,0.4680736887245614,,0.0,0.3970722598898055
Conflict,0,,0.4680736887245614,,0.0,0.3493231902452521
Conflict,0,,0.4680736887245614,,0.0,0.3329930565694879
Conflict,0,,0.4680736887245614,,0.0,0.3301559344967755
Conflict,0,,0.4680736887245614,,0.0,0.321352764768994
Conflict,0,,0.4680736887245614,,0.0,0.3178858067932535
Conflict,0,,0.4680736887245614,,0.0,0.3154257206683782
Conflict,0,,0.4680736887245614,,0.0,0.3091558011490463
Conflict,0,,0.4680736887245614,,0.0,0.3052622349982921
Conflict,0,,0.4680736887245614,,0.0,0.296969620919908
Conflict,0,,0.4680736887245614,,0.0,0.2907996116406827
Conflict,0,,0.4680736887245614,,0.0,0.2792583527377478
Conflict,0,,0.4680736887245614,,0.0,0.2001254252107243
Conflict,0,,0.4680736887245614,,0.0,0.5776399072571856
Conflict,0,,0.4680736887245614,,0.0,0.4474352140328105
Conflict,0,,0.4680736887245614,,0.0,0.4031520606396752
Conflict,0,,0.4680736887245614,,0.0,0.3974122252202781
Conflict,0,,0.4680736887245614,,0.0,0.3970722598898055
Conflict,0,,0.4680736887245614,,0.0,0.3493231902452521
Conflict,0,,0.4680736887245614,,0.0,0.3329930565694879
Conflict,0,,0.4680736887245614,,0.0,0.3301559344967755
Conflict,0,,0.4680736887245614,,0.0,0.321352764768994
Conflict,0,,0.4680736887245614,,0.0,0.3178858067932535
Conflict,0,,0.4680736887245614,,0.0,0.3154257206683782
Conflict,0,,0.4680736887245614,,0.0,0.3091558011490463
Conflict,0,,0.4680736887245614,,0.0,0.3052622349982921
Conflict,0,,0.4680736887245614,,0.0,0.296969620919908
Conflict,0,,0.4680736887245614,,0.0,0.2907996116406827
Conflict,0,,0.4680736887245614,,0.0,0.2792583527377478
Conflict,0,,0.4680736887245614,,0.0,0.2001254252107243
Conflict,0,,0.4680736887245614,,0.0,0.5776399072571856
Conflict,0,,0.4680736887245614,,0.0,0.4474352140328105
Conflict,0,,0.4680736887245614,,0.0,0.4031520606396752
Conflict,0,,0.4680736887245614,,0.0,0.3974122252202781
Conflict,0,,0.4680736887245614,,0.0,0.3970722598898055
Conflict,0,,0.4680736887245614,,0.0,0.3493231902452521
Conflict,0,,0.4680736887245614,,0.0,0.3329930565694879
Conflict,0,,0.4680736887245614,,0.0,0.3301559344967755
Conflict,0,,0.4680736887245614,,0.0,0.321352764768994
Conflict,0,,0.4680736887245614,,0.0,0.3178858067932535
Conflict,0,,0.4680736887245614,,0.0,0.3154257206683782
Conflict,0,,0.4680736887245614,,0.0,0.3091558011490463
Conflict,0,,0.4680736887245614,,0.0,0.3052622349982921
Conflict,0,,0.4680736887245614,,0.0,0.296969620919908
Conflict,0,,0.4680736887245614,,0.0,0.2907996116406827
Conflict,0,,0.4680736887245614,,0.0,0.2792583527377478
Conflict,0,,0.4680736887245614,,0.0,0.2001254252107243
Conflict,0,,0.4680736887245614,,0.0,0.5776399072571856
Conflict,0,,0.4680736887245614,,0.0,0.4474352140328105
Conflict,0,,0.4680736887245614,,0.0,0.4031520606396752
Conflict,0,,0.4680736887245614,,0.0,0.3974122252202781
Conflict,0,,0.4680736887245614,,0.0,0.3970722598898055
Conflict,0,,0.4680736887245614,,0.0,0.3493231902452521
Conflict,0,,0.4680736887245614,,0.0,0.3329930565694879
Conflict,0,,0.4680736887245614,,0.0,0.3301559344967755
Conflict,0,,0.4680736887245614,,0.0,0.321352764768994
Conflict,0,,0.4680736887245614,,0.0,0.3178858067932535
Conflict,0,,0.4680736887245614,,0.0,0.3154257206683782
Conflict,0,,0.4680736887245614,,0.0,0.3091558011490463
Conflict,0,,0.4680736887245614,,0.0,0.3052622349982921
Conflict,0,,0.4680736887245614,,0.0,0.296969620919908
Conflict,0,,0.4680736887245614,,0.0,0.2907996116406827
Conflict,0,,0.4680736887245614,,0.0,0.2792583527377478
Conflict,0,,0.4680736887245614,,0.0,0.2001254252107243
Conflict,0,,0.4680736887245614,,0.0,0.5776399072571856
Conflict,0,,0.4680736887245614,,0.0,0.4474352140328105
Conflict,0,,0.4680736887245614,,0.0,0.4031520606396752
Conflict,0,,0.4680736887245614,,0.0,0.3974122252202781
Conflict,0,,0.4680736887245614,,0.0,0.3970722598898055
Conflict,0,,0.4680736887245614,,0.0,0.3493231902452521
Conflict,0,,0.4680736887245614,,0.0,0.3329930565694879
Conflict,0,,0.4680736887245614,,0.0,0.3301559344967755
Conflict,0,,0.4680736887245614,,0.0,0.321352764768994
Conflict,0,,0.4680736887245614,,0.0,0.3178858067932535
Conflict,0,,0.4680736887245614,,0.0,0.3154257206683782
Conflict,0,,0.4680736887245614,,0.0,0.3091558011490463
Conflict,0,,0.4680736887245614,,0.0,0.3052622349982921
Conflict,0,,0.4680736887245614,,0.0,0.296969620919908
Conflict,0,,0.4680736887245614,,0.0,0.2907996116406827
Conflict,0,,0.4680736887245614,,0.0,0.2792583527377478
Conflict,0,,0.4680736887245614,,0.0,0.2001254252107243
Conflict,0,,0.4680736887245614,,0.0,0.5776399072571856
Conflict,0,,0.4680736887245614,,0.0,0.4474352140328105
Conflict,0,,0.4680736887245614,,0.0,0.4031520606396752
Conflict,0,,0.4680736887245614,,0.0,0.3974122252202781
Conflict,0,,0.4680736887245614,,0.0,0.3970722598898055
Conflict,0,,0.4680736887245614,,0.0,0.3493231902452521
Conflict,0,,0.4680736887245614,,0.0,0.3329930565694879
Conflict,0,,0.4680736887245614,,0.0,0.3301559344967755
Conflict,0,,0.4680736887245614,,0.0,0.321352764768994
Conflict,0,,0.4680736887245614,,0.0,0.3178858067932535
Conflict,0,,0.4680736887245614,,0.0,0.3154257206683782
Conflict,0,,0.4680736887245614,,0.0,0.3091558011490463
Conflict,0,,0.4680736887245614,,0.0,0.3052622349982921
Conflict,0,,0.4680736887245614,,0.0,0.296969620919908
Conflict,0,,0.4680736887245614,,0.0,0.2907996116406827
Conflict,0,,0.4680736887245614,,0.0,0.2792583527377478
Conflict,0,,0.4680736887245614,,0.0,0.2001254252107243
Conflict,0,,0.4680736887245614,,0.0,0.5776399072571856
Conflict,0,,0.4680736887245614,,0.0,0.4474352140328105
Conflict,0,,0.4680736887245614,,0.0,0.4031520606396752
Conflict,0,,0.4680736887245614,,0.0,0.3974122252202781
Conflict,0,,0.4680736887245614,,0.0,0.3970722598898055
Conflict,0,,0.4680736887245614,,0.0,0.3493231902452521
Conflict,0,,0.4680736887245614,,0.0,0.3329930565694879
Conflict,0,,0.4680736887245614,,0.0,0.3301559344967755
Conflict,0,,0.4680736887245614,,0.0,0.321352764768994
Conflict,0,,0.4680736887245614,,0.0,0.3178858067932535
Conflict,0,,0.4680736887245614,,0.0,0.3154257206683782
Conflict,0,,0.4680736887245614,,0.0,0.3091558011490463
Conflict,0,,0.4680736887245614,,0.0,0.3052622349982921
Conflict,0,,0.4680736887245614,,0.0,0.296969620919908
Conflict,0,,0.4680736887245614,,0.0,0.2907996116406827
Conflict,0,,0.4680736887245614,,0.0,0.2792583527377478
Conflict,0,,0.4680736887245614,,0.0,0.2001254252107243
Conflict,0,,0.4680736887245614,,0.0,0.5776399072571856
Conflict,0,,0.4680736887245614,,0.0,0.4474352140328105
Conflict,0,,0.4680736887245614,,0.0,0.4031520606396752
Conflict,0,,0.4680736887245614,,0.0,0.3974122252202781
Conflict,0,,0.4680736887245614,,0.0,0.3970722598898055
Conflict,0,,0.4680736887245614,,0.0,0.3493231902452521
Conflict,0,,0.4680736887245614,,0.0,0.3329930565694879
Conflict,0,,0.4680736887245614,,0.0,0.3301559344967755
Conflict,0,,0.4680736887245614,,0.0,0.321352764768994
Conflict,0,,0.4680736887245614,,0.0,0.3178858067932535
Conflict,0,,0.4680736887245614,,0.0,0.3154257206683782
Conflict,0,,0.4680736887245614,,0.0,0.3091558011490463
Conflict,0,,0.4680736887245614,,0.0,0.3052622349982921
Conflict,0,,0.4680736887245614,,0.0,0.296969620919908
Conflict,0,,0.4680736887245614,,0.0,0.2907996116406827
Conflict,0,,0.4680736887245614,,0.0,0.2792583527377478
Conflict,0,,0.4680736887245614,,0.0,0.2001254252107243
Conflict,0,,0.4680736887245614,,0.0,0.5776399072571856
Conflict,0,,0.4680736887245614,,0.0,0.4474352140328105
Conflict,0,,0.4680736887245614,,0.0,0.4031520606396752
Conflict,0,,0.4680736887245614,,0.0,0.3974122252202781
Conflict,0,,0.4680736887245614,,0.0,0.3970722598898055
Conflict,0,,0.4680736887245614,,0.0,0.3493231902452521
Conflict,0,,0.4680736887245614,,0.0,0.3329930565694879
Conflict,0,,0.4680736887245614,,0.0,0.3301559344967755
Conflict,0,,0.4680736887245614,,0.0,0.321352764768994
Conflict,0,,0.4680736887245614,,0.0,0.3178858067932535
Conflict,0,,0.4680736887245614,,0.0,0.3154257206683782
Conflict,0,,0.4680736887245614,,0.0,0.3091558011490463
Conflict,0,,0.4680736887245614,,0.0,0.3052622349982921
Conflict,0,,0.4680736887245614,,0.0,0.296969620919908
Conflict,0,,0.4680736887245614,,0.0,0.2907996116406827
Conflict,0,,0.4680736887245614,,0.0,0.2792583527377478
Conflict,0,,0.4680736887245614,,0.0,0.2001254252107243
Conflict,0,,0.4680736887245614,,0.0,0.5776399072571856
Conflict,0,,0.4680736887245614,,0.0,0.4474352140328105
Conflict,0,,0.4680736887245614,,0.0,0.4031520606396752
Conflict,0,,0.4680736887245614,,0.0,0.3974122252202781
Conflict,0,,0.4680736887245614,,0.0,0.3970722598898055
Conflict,0,,0.4680736887245614,,0.0,0.3493231902452521
Conflict,0,,0.4680736887245614,,0.0,0.3329930565694879
Conflict,0,,0.4680736887245614,,0.0,0.3301559344967755
Conflict,0,,0.4680736887245614,,0.0,0.321352764768994
Conflict,0,,0.4680736887245614,,0.0,0.3178858067932535
Conflict,0,,0.4680736887245614,,0.0,0.3154257206683782
Conflict,0,,0.4680736887245614,,0.0,0.3091558011490463
Conflict,0,,0.4680736887245614,,0.0,0.3052622349982921
Conflict,0,,0.4680736887245614,,0.0,0.296969620919908
Conflict,0,,0.4680736887245614,,0.0,0.2907996116406827
Conflict,0,,0.4680736887245614,,0.0,0.2792583527377478
Conflict,0,,0.4680736887245614,,0.0,0.2001254252107243
Conflict,0,,0.4680736887245614,,0.0,0.5776399072571856
Conflict,0,,0.4680736887245614,,0.0,0.4474352140328105
Conflict,0,,0.4680736887245614,,0.0,0.4031520606396752
Conflict,0,,0.4680736887245614,,0.0,0.3974122252202781
Conflict,0,,0.4680736887245614,,0.0,0.3970722598898055
Conflict,0,,0.4680736887245614,,0.0,0.3493231902452521
Conflict,0,,0.4680736887245614,,0.0,0.3329930565694879
Conflict,0,,0.4680736887245614,,0.0,0.3301559344967755
Conflict,0,,0.4680736887245614,,0.0,0.321352764768994
Conflict,0,,0.4680736887245614,,0.0,0.3178858067932535
Conflict,0,,0.4680736887245614,,0.0,0.3154257206683782
Conflict,0,,0.4680736887245614,,0.0,0.3091558011490463
Conflict,0,,0.4680736887245614,,0.0,0.3052622349982921
Conflict,0,,0.4680736887245614,,0.0,0.296969620919908
Conflict,0,,0.4680736887245614,,0.0,0.2907996116406827
Conflict,0,,0.4680736887245614,,0.0,0.2792583527377478
Conflict,0,,0.4680736887245614,,0.0,0.2001254252107243
Conflict,0,,0.4680736887245614,,0.0,0.5776399072571856
Conflict,0,,0.4680736887245614,,0.0,0.4474352140328105
Conflict,0,,0.4680736887245614,,0.0,0.4031520606396752
Conflict,0,,0.4680736887245614,,0.0,0.3974122252202781
Conflict,0,,0.4680736887245614,,0.0,0.3970722598898055
Conflict,0,,0.4680736887245614,,0.0,0.3493231902452521
Conflict,0,,0.4680736887245614,,0.0,0.3329930565694879
Conflict,0,,0.4680736887245614,,0.0,0.3301559344967755
Conflict,0,,0.4680736887245614,,0.0,0.321352764768994
Conflict,0,,0.4680736887245614,,0.0,0.3178858067932535
Conflict,0,,0.4680736887245614,,0.0,0.3154257206683782
Conflict,0,,0.4680736887245614,,0.0,0.3091558011490463
Conflict,0,,0.4680736887245614,,0.0,0.3052622349982921
Conflict,0,,0.4680736887245614,,0.0,0.296969620919908
Conflict,0,,0.4680736887245614,,0.0,0.2907996116406827
Conflict,0,,0.4680736887245614,,0.0,0.2792583527377478
Conflict,0,,0.4680736887245614,,0.0,0.2001254252107243
Conflict,0,,0.4680736887245614,,0.0,0.5776399072571856
Conflict,0,,0.4680736887245614,,0.0,0.4474352140328105
Conflict,0,,0.4680736887245614,,0.0,0.4031520606396752
Conflict,0,,0.4680736887245614,,0.0,0.3974122252202781
Conflict,0,,0.4680736887245614,,0.0,0.3970722598898055
Conflict,0,,0.4680736887245614,,0.0,0.3493231902452521
Conflict,0,,0.4680736887245614,,0.0,0.3329930565694879
Conflict,0,,0.4680736887245614,,0.0,0.3301559344967755
Conflict,0,,0.4680736887245614,,0.0,0.321352764768994
Conflict,0,,0.4680736887245614,,0.0,0.3178858067932535
Conflict,0,,0.4680736887245614,,0.0,0.3154257206683782
Conflict,0,,0.4680736887245614,,0.0,0.3091558011490463
Conflict,0,,0.4680736887245614,,0.0,0.3052622349982921
Conflict,0,,0.4680736887245614,,0.0,0.296969620919908
Conflict,0,,0.4680736887245614,,0.0,0.2907996116406827
Conflict,0,,0.4680736887245614,,0.0,0.2792583527377478
Conflict,0,,0.4680736887245614,,0.0,0.2001254252107243
Conflict,0,,0.4680736887245614,,0.0,0.5776399072571856
Conflict,0,,0.4680736887245614,,0.0,0.4474352140328105
Conflict,0,,0.4680736887245614,,0.0,0.4031520606396752
Conflict,0,,0.4680736887245614,,0.0,0.3974122252202781
Conflict,0,,0.4680736887245614,,0.0,0.3970722598898055
Conflict,0,,0.4680736887245614,,0.0,0.3493231902452521
Conflict,0,,0.4680736887245614,,0.0,0.3329930565694879
Conflict,0,,0.4680736887245614,,0.0,0.3301559344967755
Conflict,0,,0.4680736887245614,,0.0,0.321352764768994
Conflict,0,,0.4680736887245614,,0.0,0.3178858067932535
Conflict,0,,0.4680736887245614,,0.0,0.3154257206683782
Conflict,0,,0.4680736887245614,,0.0,0.3091558011490463
Conflict,0,,0.4680736887245614,,0.0,0.3052622349982921
Conflict,0,,0.4680736887245614,,0.0,0.296969620919908
Conflict,0,,0.4680736887245614,,0.0,0.2907996116406827
Conflict,0,,0.4680736887245614,,0.0,0.2792583527377478
Conflict,0,,0.4680736887245614,,0.0,0.2001254252107243
Conflict,0,,0.4680736887245614,,0.0,0.5776399072571856
Conflict,0,,0.4680736887245614,,0.0,0.4474352140328105
Conflict,0,,0.4680736887245614,,0.0,0.4031520606396752
Conflict,0,,0.4680736887245614,,0.0,0.3974122252202781
Conflict,0,,0.4680736887245614,,0.0,0.3970722598898055
Conflict,0,,0.4680736887245614,,0.0,0.3493231902452521
Conflict,0,,0.4680736887245614,,0.0,0.3329930565694879
Conflict,0,,0.4680736887245614,,0.0,0.3301559344967755
Conflict,0,,0.4680736887245614,,0.0,0.321352764768994
Conflict,0,,0.4680736887245614,,0.0,0.3178858067932535
Conflict,0,,0.4680736887245614,,0.0,0.3154257206683782
Conflict,0,,0.4680736887245614,,0.0,0.3091558011490463
Conflict,0,,0.4680736887245614,,0.0,0.3052622349982921
Conflict,0,,0.4680736887245614,,0.0,0.296969620919908
Conflict,0,,0.4680736887245614,,0.0,0.2907996116406827
Conflict,0,,0.4680736887245614,,0.0,0.2792583527377478
Conflict,0,,0.4680736887245614,,0.0,0.2001254252107243
Conflict,0,,0.4680736887245614,,0.0,0.5776399072571856
Conflict,0,,0.4680736887245614,,0.0,0.4474352140328105
Conflict,0,,0.4680736887245614,,0.0,0.4031520606396752
Conflict,0,,0.4680736887245614,,0.0,0.3974122252202781
Conflict,0,,0.4680736887245614,,0.0,0.3970722598898055
Conflict,0,,0.4680736887245614,,0.0,0.3493231902452521
Conflict,0,,0.4680736887245614,,0.0,0.3329930565694879
Conflict,0,,0.4680736887245614,,0.0,0.3301559344967755
Conflict,0,,0.4680736887245614,,0.0,0.321352764768994
Conflict,0,,0.4680736887245614,,0.0,0.3178858067932535
Conflict,0,,0.4680736887245614,,0.0,0.3154257206683782
Conflict,0,,0.4680736887245614,,0.0,0.3091558011490463
Conflict,0,,0.4680736887245614,,0.0,0.3052622349982921
Conflict,0,,0.4680736887245614,,0.0,0.296969620919908
Conflict,0,,0.4680736887245614,,0.0,0.2907996116406827
Conflict,0,,0.4680736887245614,,0.0,0.2792583527377478
Conflict,0,,0.4680736887245614,,0.0,0.2001254252107243
Conflict,0,,0.4680736887245614,,0.0,0.5776399072571856
Conflict,0,,0.4680736887245614,,0.0,0.4474352140328105
Conflict,0,,0.4680736887245614,,0.0,0.4031520606396752
Conflict,0,,0.4680736887245614,,0.0,0.3974122252202781
Conflict,0,,0.4680736887245614,,0.0,0.3970722598898055
Conflict,0,,0.4680736887245614,,0.0,0.3493231902452521
Conflict,0,,0.4680736887245614,,0.0,0.3329930565694879
Conflict,0,,0.4680736887245614,,0.0,0.3301559344967755
Conflict,0,,0.4680736887245614,,0.0,0.321352764768994
Conflict,0,,0.4680736887245614,,0.0,0.3178858067932535
Conflict,0,,0.4680736887245614,,0.0,0.3154257206683782
Conflict,0,,0.4680736887245614,,0.0,0.3091558011490463
Conflict,0,,0.4680736887245614,,0.0,0.3052622349982921
Conflict,0,,0.4680736887245614,,0.0,0.296969620919908
Conflict,0,,0.4680736887245614,,0.0,0.2907996116406827
Conflict,0,,0.4680736887245614,,0.0,0.2792583527377478
Conflict,0,,0.4680736887245614,,0.0,0.2001254252107243
Conflict,0,,0.4680736887245614,,0.0,0.5776399072571856
Conflict,0,,0.4680736887245614,,0.0,0.4474352140328105
Conflict,0,,0.4680736887245614,,0.0,0.4031520606396752
Conflict,0,,0.4680736887245614,,0.0,0.3974122252202781
Conflict,0,,0.4680736887245614,,0.0,0.3970722598898055
Conflict,0,,0.4680736887245614,,0.0,0.3493231902452521
Conflict,0,,0.4680736887245614,,0.0,0.3329930565694879
Conflict,0,,0.4680736887245614,,0.0,0.3301559344967755
Conflict,0,,0.4680736887245614,,0.0,0.321352764768994
Conflict,0,,0.4680736887245614,,0.0,0.3178858067932535
Conflict,0,,0.4680736887245614,,0.0,0.3154257206683782
Conflict,0,,0.4680736887245614,,0.0,0.3091558011490463
Conflict,0,,0.4680736887245614,,0.0,0.3052622349982921
Conflict,0,,0.4680736887245614,,0.0,0.296969620919908
Conflict,0,,0.4680736887245614,,0.0,0.2907996116406827
Conflict,0,,0.4680736887245614,,0.0,0.2792583527377478
Conflict,0,,0.4680736887245614,,0.0,0.2001254252107243
Conflict,0,,0.4680736887245614,,0.0,0.5776399072571856
Conflict,0,,0.4680736887245614,,0.0,0.4474352140328105
Conflict,0,,0.4680736887245614,,0.0,0.4031520606396752
Conflict,0,,0.4680736887245614,,0.0,0.3974122252202781
Conflict,0,,0.4680736887245614,,0.0,0.3970722598898055
Conflict,0,,0.4680736887245614,,0.0,0.3493231902452521
Conflict,0,,0.4680736887245614,,0.0,0.3329930565694879
Conflict,0,,0.4680736887245614,,0.0,0.3301559344967755
Conflict,0,,0.4680736887245614,,0.0,0.321352764768994
Conflict,0,,0.4680736887245614,,0.0,0.3178858067932535
Conflict,0,,0.4680736887245614,,0.0,0.3154257206683782
Conflict,0,,0.4680736887245614,,0.0,0.3091558011490463
Conflict,0,,0.4680736887245614,,0.0,0.3052622349982921
Conflict,0,,0.4680736887245614,,0.0,0.296969620919908
Conflict,0,,0.4680736887245614,,0.0,0.2907996116406827
Conflict,0,,0.4680736887245614,,0.0,0.2792583527377478
Conflict,0,,0.4680736887245614,,0.0,0.2001254252107243
Conflict,0,,0.4680736887245614,,0.0,0.5776399072571856
Conflict,0,,0.4680736887245614,,0.0,0.4474352140328105
Conflict,0,,0.4680736887245614,,0.0,0.4031520606396752
Conflict,0,,0.4680736887245614,,0.0,0.3974122252202781
Conflict,0,,0.4680736887245614,,0.0,0.3970722598898055
Conflict,0,,0.4680736887245614,,0.0,0.3493231902452521
Conflict,0,,0.4680736887245614,,0.0,0.3329930565694879
Conflict,0,,0.4680736887245614,,0.0,0.3301559344967755
Conflict,0,,0.4680736887245614,,0.0,0.321352764768994
Conflict,0,,0.4680736887245614,,0.0,0.3178858067932535
Conflict,0,,0.4680736887245614,,0.0,0.3154257206683782
Conflict,0,,0.4680736887245614,,0.0,0.3091558011490463
Conflict,0,,0.4680736887245614,,0.0,0.3052622349982921
Conflict,0,,0.4680736887245614,,0.0,0.296969620919908
Conflict,0,,0.4680736887245614,,0.0,0.2907996116406827
Conflict,0,,0.4680736887245614,,0.0,0.2792583527377478
Conflict,0,,0.4680736887245614,,0.0,0.2001254252107243
Conflict,0,,0.4680736887245614,,0.0,0.5776399072571856
Conflict,0,,0.4680736887245614,,0.0,0.4474352140328105
Conflict,0,,0.4680736887245614,,0.0,0.4031520606396752
Conflict,0,,0.4680736887245614,,0.0,0.3974122252202781
Conflict,0,,0.4680736887245614,,0.0,0.3970722598898055
Conflict,0,,0.4680736887245614,,0.0,0.3493231902452521
Conflict,0,,0.4680736887245614,,0.0,0.3329930565694879
Conflict,0,,0.4680736887245614,,0.0,0.3301559344967755
Conflict,0,,0.4680736887245614,,0.0,0.321352764768994
Conflict,0,,0.4680736887245614,,0.0,0.3178858067932535
Conflict,0,,0.4680736887245614,,0.0,0.3154257206683782
Conflict,0,,0.4680736887245614,,0.0,0.3091558011490463
Conflict,0,,0.4680736887245614,,0.0,0.3052622349982921
Conflict,0,,0.4680736887245614,,0.0,0.296969620919908
Conflict,0,,0.4680736887245614,,0.0,0.2907996116406827
Conflict,0,,0.4680736887245614,,0.0,0.2792583527377478
Conflict,0,,0.4680736887245614,,0.0,0.2001254252107243
Conflict,0,,0.4680736887245614,,0.0,0.5776399072571856
Conflict,0,,0.4680736887245614,,0.0,0.4474352140328105
Conflict,0,,0.4680736887245614,,0.0,0.4031520606396752
Conflict,0,,0.4680736887245614,,0.0,0.3974122252202781
Conflict,0,,0.4680736887245614,,0.0,0.3970722598898055
Conflict,0,,0.4680736887245614,,0.0,0.3493231902452521
Conflict,0,,0.4680736887245614,,0.0,0.3329930565694879
Conflict,0,,0.4680736887245614,,0.0,0.3301559344967755
Conflict,0,,0.4680736887245614,,0.0,0.321352764768994
Conflict,0,,0.4680736887245614,,0.0,0.3178858067932535
Conflict,0,,0.4680736887245614,,0.0,0.3154257206683782
Conflict,0,,0.4680736887245614,,0.0,0.3091558011490463
Conflict,0,,0.4680736887245614,,0.0,0.3052622349982921
Conflict,0,,0.4680736887245614,,0.0,0.296969620919908
Conflict,0,,0.4680736887245614,,0.0,0.2907996116406827
Conflict,0,,0.4680736887245614,,0.0,0.2792583527377478
Conflict,0,,0.4680736887245614,,0.0,0.2001254252107243
Conflict,0,,0.4680736887245614,,0.0,0.5776399072571856
Conflict,0,,0.4680736887245614,,0.0,0.4474352140328105
Conflict,0,,0.4680736887245614,,0.0,0.4031520606396752
Conflict,0,,0.4680736887245614,,0.0,0.3974122252202781
Conflict,0,,0.4680736887245614,,0.0,0.3970722598898055
Conflict,0,,0.4680736887245614,,0.0,0.3493231902452521
Conflict,0,,0.4680736887245614,,0.0,0.3329930565694879
Conflict,0,,0.4680736887245614,,0.0,0.3301559344967755
Conflict,0,,0.4680736887245614,,0.0,0.321352764768994
Conflict,0,,0.4680736887245614,,0.0,0.3178858067932535
Conflict,0,,0.4680736887245614,,0.0,0.3154257206683782
Conflict,0,,0.4680736887245614,,0.0,0.3091558011490463
Conflict,0,,0.4680736887245614,,0.0,0.3052622349982921
Conflict,0,,0.4680736887245614,,0.0,0.296969620919908
Conflict,0,,0.4680736887245614,,0.0,0.2907996116406827
Conflict,0,,0.4680736887245614,,0.0,0.2792583527377478
Conflict,0,,0.4680736887245614,,0.0,0.2001254252107243
Conflict,0,,0.4680736887245614,,0.0,0.5776399072571856
Conflict,0,,0.4680736887245614,,0.0,0.4474352140328105
Conflict,0,,0.4680736887245614,,0.0,0.4031520606396752
Conflict,0,,0.4680736887245614,,0.0,0.3974122252202781
Conflict,0,,0.4680736887245614,,0.0,0.3970722598898055
Conflict,0,,0.4680736887245614,,0.0,0.3493231902452521
Conflict,0,,0.4680736887245614,,0.0,0.3329930565694879
Conflict,0,,0.4680736887245614,,0.0,0.3301559344967755
Conflict,0,,0.4680736887245614,,0.0,0.321352764768994
Conflict,0,,0.4680736887245614,,0.0,0.3178858067932535
Conflict,0,,0.4680736887245614,,0.0,0.3154257206683782
Conflict,0,,0.4680736887245614,,0.0,0.3091558011490463
Conflict,0,,0.4680736887245614,,0.0,0.3052622349982921
Conflict,0,,0.4680736887245614,,0.0,0.296969620919908
Conflict,0,,0.4680736887245614,,0.0,0.2907996116406827
Conflict,0,,0.4680736887245614,,0.0,0.2792583527377478
Conflict,0,,0.4680736887245614,,0.0,0.2001254252107243
Conflict,0,,0.4680736887245614,,0.0,0.5776399072571856
Conflict,0,,0.4680736887245614,,0.0,0.4474352140328105
Conflict,0,,0.4680736887245614,,0.0,0.4031520606396752
Conflict,0,,0.4680736887245614,,0.0,0.3974122252202781
Conflict,0,,0.4680736887245614,,0.0,0.3970722598898055
Conflict,0,,0.4680736887245614,,0.0,0.3493231902452521
Conflict,0,,0.4680736887245614,,0.0,0.3329930565694879
Conflict,0,,0.4680736887245614,,0.0,0.3301559344967755
Conflict,0,,0.4680736887245614,,0.0,0.321352764768994
Conflict,0,,0.4680736887245614,,0.0,0.3178858067932535
Conflict,0,,0.4680736887245614,,0.0,0.3154257206683782
Conflict,0,,0.4680736887245614,,0.0,0.3091558011490463
Conflict,0,,0.4680736887245614,,0.0,0.3052622349982921
Conflict,0,,0.4680736887245614,,0.0,0.296969620919908
Conflict,0,,0.4680736887245614,,0.0,0.2907996116406827
Conflict,0,,0.4680736887245614,,0.0,0.2792583527377478
Conflict,0,,0.4680736887245614,,0.0,0.2001254252107243
Conflict,0,,0.4680736887245614,,0.0,0.5776399072571856
Conflict,0,,0.4680736887245614,,0.0,0.4474352140328105
Conflict,0,,0.4680736887245614,,0.0,0.4031520606396752
Conflict,0,,0.4680736887245614,,0.0,0.3974122252202781
Conflict,0,,0.4680736887245614,,0.0,0.3970722598898055
Conflict,0,,0.4680736887245614,,0.0,0.3493231902452521
Conflict,0,,0.4680736887245614,,0.0,0.3329930565694879
Conflict,0,,0.4680736887245614,,0.0,0.3301559344967755
Conflict,0,,0.4680736887245614,,0.0,0.321352764768994
Conflict,0,,0.4680736887245614,,0.0,0.3178858067932535
Conflict,0,,0.4680736887245614,,0.0,0.3154257206683782
Conflict,0,,0.4680736887245614,,0.0,0.3091558011490463
Conflict,0,,0.4680736887245614,,0.0,0.3052622349982921
Conflict,0,,0.4680736887245614,,0.0,0.296969620919908
Conflict,0,,0.4680736887245614,,0.0,0.2907996116406827
Conflict,0,,0.4680736887245614,,0.0,0.2792583527377478
Conflict,0,,0.4680736887245614,,0.0,0.2001254252107243
Conflict,0,,0.4680736887245614,,0.0,0.5776399072571856
Conflict,0,,0.4680736887245614,,0.0,0.4474352140328105
Conflict,0,,0.4680736887245614,,0.0,0.4031520606396752
Conflict,0,,0.4680736887245614,,0.0,0.3974122252202781
Conflict,0,,0.4680736887245614,,0.0,0.3970722598898055
Conflict,0,,0.4680736887245614,,0.0,0.3493231902452521
Conflict,0,,0.4680736887245614,,0.0,0.3329930565694879
Conflict,0,,0.4680736887245614,,0.0,0.3301559344967755
Conflict,0,,0.4680736887245614,,0.0,0.321352764768994
Conflict,0,,0.4680736887245614,,0.0,0.3178858067932535
Conflict,0,,0.4680736887245614,,0.0,0.3154257206683782
Conflict,0,,0.4680736887245614,,0.0,0.3091558011490463
Conflict,0,,0.4680736887245614,,0.0,0.3052622349982921
Conflict,0,,0.4680736887245614,,0.0,0.296969620919908
Conflict,0,,0.4680736887245614,,0.0,0.2907996116406827
Conflict,0,,0.4680736887245614,,0.0,0.2792583527377478
Conflict,0,,0.4680736887245614,,0.0,0.2001254252107243
Conflict,0,,0.4680736887245614,,0.0,0.5776399072571856
Conflict,0,,0.4680736887245614,,0.0,0.4474352140328105
Conflict,0,,0.4680736887245614,,0.0,0.4031520606396752
Conflict,0,,0.4680736887245614,,0.0,0.3974122252202781
Conflict,0,,0.4680736887245614,,0.0,0.3970722598898055
Conflict,0,,0.4680736887245614,,0.0,0.3493231902452521
Conflict,0,,0.4680736887245614,,0.0,0.3329930565694879
Conflict,0,,0.4680736887245614,,0.0,0.3301559344967755
Conflict,0,,0.4680736887245614,,0.0,0.321352764768994
Conflict,0,,0.4680736887245614,,0.0,0.3178858067932535
Conflict,0,,0.4680736887245614,,0.0,0.3154257206683782
Conflict,0,,0.4680736887245614,,0.0,0.3091558011490463
Conflict,0,,0.4680736887245614,,0.0,0.3052622349982921
Conflict,0,,0.4680736887245614,,0.0,0.296969620919908
Conflict,0,,0.4680736887245614,,0.0,0.2907996116406827
Conflict,0,,0.4680736887245614,,0.0,0.2792583527377478
Conflict,0,,0.4680736887245614,,0.0,0.2001254252107243
Conflict,0,,0.4680736887245614,,0.0,0.5776399072571856
Conflict,0,,0.4680736887245614,,0.0,0.4474352140328105
Conflict,0,,0.4680736887245614,,0.0,0.4031520606396752
Conflict,0,,0.4680736887245614,,0.0,0.3974122252202781
Conflict,0,,0.4680736887245614,,0.0,0.3970722598898055
Conflict,0,,0.4680736887245614,,0.0,0.3493231902452521
Conflict,0,,0.4680736887245614,,0.0,0.3329930565694879
Conflict,0,,0.4680736887245614,,0.0,0.3301559344967755
Conflict,0,,0.4680736887245614,,0.0,0.321352764768994
Conflict,0,,0.4680736887245614,,0.0,0.3178858067932535
Conflict,0,,0.4680736887245614,,0.0,0.3154257206683782
Conflict,0,,0.4680736887245614,,0.0,0.3091558011490463
Conflict,0,,0.4680736887245614,,0.0,0.3052622349982921
Conflict,0,,0.4680736887245614,,0.0,0.296969620919908
Conflict,0,,0.4680736887245614,,0.0,0.2907996116406827
Conflict,0,,0.4680736887245614,,0.0,0.2792583527377478
Conflict,0,,0.4680736887245614,,0.0,0.2001254252107243
Conflict,0,,0.4680736887245614,,0.0,0.5776399072571856
Conflict,0,,0.4680736887245614,,0.0,0.4474352140328105
Conflict,0,,0.4680736887245614,,0.0,0.4031520606396752
Conflict,0,,0.4680736887245614,,0.0,0.3974122252202781
Conflict,0,,0.4680736887245614,,0.0,0.3970722598898055
Conflict,0,,0.4680736887245614,,0.0,0.3493231902452521
Conflict,0,,0.4680736887245614,,0.0,0.3329930565694879
Conflict,0,,0.4680736887245614,,0.0,0.3301559344967755
Conflict,0,,0.4680736887245614,,0.0,0.321352764768994
Conflict,0,,0.4680736887245614,,0.0,0.3178858067932535
Conflict,0,,0.4680736887245614,,0.0,0.3154257206683782
Conflict,0,,0.4680736887245614,,0.0,0.3091558011490463
Conflict,0,,0.4680736887245614,,0.0,0.3052622349982921
Conflict,0,,0.4680736887245614,,0.0,0.296969620919908
Conflict,0,,0.4680736887245614,,0.0,0.2907996116406827
Conflict,0,,0.4680736887245614,,0.0,0.2792583527377478
Conflict,0,,0.4680736887245614,,0.0,0.2001254252107243
Conflict,0,,0.4680736887245614,,0.0,0.5776399072571856
Conflict,0,,0.4680736887245614,,0.0,0.4474352140328105
Conflict,0,,0.4680736887245614,,0.0,0.4031520606396752
Conflict,0,,0.4680736887245614,,0.0,0.3974122252202781
Conflict,0,,0.4680736887245614,,0.0,0.3970722598898055
Conflict,0,,0.4680736887245614,,0.0,0.3493231902452521
Conflict,0,,0.4680736887245614,,0.0,0.3329930565694879
Conflict,0,,0.4680736887245614,,0.0,0.3301559344967755
Conflict,0,,0.4680736887245614,,0.0,0.321352764768994
Conflict,0,,0.4680736887245614,,0.0,0.3178858067932535
Conflict,0,,0.4680736887245614,,0.0,0.3154257206683782
Conflict,0,,0.4680736887245614,,0.0,0.3091558011490463
Conflict,0,,0.4680736887245614,,0.0,0.3052622349982921
Conflict,0,,0.4680736887245614,,0.0,0.296969620919908
Conflict,0,,0.4680736887245614,,0.0,0.2907996116406827
Conflict,0,,0.4680736887245614,,0.0,0.2792583527377478
Conflict,0,,0.4680736887245614,,0.0,0.2001254252107243
Conflict,0,,0.4680736887245614,,0.0,0.5776399072571856
Conflict,0,,0.4680736887245614,,0.0,0.4474352140328105
Conflict,0,,0.4680736887245614,,0.0,0.4031520606396752
Conflict,0,,0.4680736887245614,,0.0,0.3974122252202781
Conflict,0,,0.4680736887245614,,0.0,0.3970722598898055
Conflict,0,,0.4680736887245614,,0.0,0.3493231902452521
Conflict,0,,0.4680736887245614,,0.0,0.3329930565694879
Conflict,0,,0.4680736887245614,,0.0,0.3301559344967755
Conflict,0,,0.4680736887245614,,0.0,0.321352764768994
Conflict,0,,0.4680736887245614,,0.0,0.3178858067932535
Conflict,0,,0.4680736887245614,,0.0,0.3154257206683782
Conflict,0,,0.4680736887245614,,0.0,0.3091558011490463
Conflict,0,,0.4680736887245614,,0.0,0.3052622349982921
Conflict,0,,0.4680736887245614,,0.0,0.296969620919908
Conflict,0,,0.4680736887245614,,0.0,0.2907996116406827
Conflict,0,,0.4680736887245614,,0.0,0.2792583527377478
Conflict,0,,0.4680736887245614,,0.0,0.2001254252107243
Conflict,0,,0.4680736887245614,,0.0,0.5776399072571856
Conflict,0,,0.4680736887245614,,0.0,0.4474352140328105
Conflict,0,,0.4680736887245614,,0.0,0.4031520606396752
Conflict,0,,0.4680736887245614,,0.0,0.3974122252202781
Conflict,0,,0.4680736887245614,,0.0,0.3970722598898055
Conflict,0,,0.4680736887245614,,0.0,0.3493231902452521
Conflict,0,,0.4680736887245614,,0.0,0.3329930565694879
Conflict,0,,0.4680736887245614,,0.0,0.3301559344967755
Conflict,0,,0.4680736887245614,,0.0,0.321352764768994
Conflict,0,,0.4680736887245614,,0.0,0.3178858067932535
Conflict,0,,0.4680736887245614,,0.0,0.3154257206683782
Conflict,0,,0.4680736887245614,,0.0,0.3091558011490463
Conflict,0,,0.4680736887245614,,0.0,0.3052622349982921
Conflict,0,,0.4680736887245614,,0.0,0.296969620919908
Conflict,0,,0.4680736887245614,,0.0,0.2907996116406827
Conflict,0,,0.4680736887245614,,0.0,0.2792583527377478
Conflict,0,,0.4680736887245614,,0.0,0.2001254252107243
Conflict,0,,0.4680736887245614,,0.0,0.5776399072571856
Conflict,0,,0.4680736887245614,,0.0,0.4474352140328105
Conflict,0,,0.4680736887245614,,0.0,0.4031520606396752
Conflict,0,,0.4680736887245614,,0.0,0.3974122252202781
Conflict,0,,0.4680736887245614,,0.0,0.3970722598898055
Conflict,0,,0.4680736887245614,,0.0,0.3493231902452521
Conflict,0,,0.4680736887245614,,0.0,0.3329930565694879
Conflict,0,,0.4680736887245614,,0.0,0.3301559344967755
Conflict,0,,0.4680736887245614,,0.0,0.321352764768994
Conflict,0,,0.4680736887245614,,0.0,0.3178858067932535
Conflict,0,,0.4680736887245614,,0.0,0.3154257206683782
Conflict,0,,0.4680736887245614,,0.0,0.3091558011490463
Conflict,0,,0.4680736887245614,,0.0,0.3052622349982921
Conflict,0,,0.4680736887245614,,0.0,0.296969620919908
Conflict,0,,0.4680736887245614,,0.0,0.2907996116406827
Conflict,0,,0.4680736887245614,,0.0,0.2792583527377478
Conflict,0,,0.4680736887245614,,0.0,0.2001254252107243
Conflict,0,,0.4680736887245614,,0.0,0.5776399072571856
Conflict,0,,0.4680736887245614,,0.0,0.4474352140328105
Conflict,0,,0.4680736887245614,,0.0,0.4031520606396752
Conflict,0,,0.4680736887245614,,0.0,0.3974122252202781
Conflict,0,,0.4680736887245614,,0.0,0.3970722598898055
Conflict,0,,0.4680736887245614,,0.0,0.3493231902452521
Conflict,0,,0.4680736887245614,,0.0,0.3329930565694879
Conflict,0,,0.4680736887245614,,0.0,0.3301559344967755
Conflict,0,,0.4680736887245614,,0.0,0.321352764768994
Conflict,0,,0.4680736887245614,,0.0,0.3178858067932535
Conflict,0,,0.4680736887245614,,0.0,0.3154257206683782
Conflict,0,,0.4680736887245614,,0.0,0.3091558011490463
Conflict,0,,0.4680736887245614,,0.0,0.3052622349982921
Conflict,0,,0.4680736887245614,,0.0,0.296969620919908
Conflict,0,,0.4680736887245614,,0.0,0.2907996116406827
Conflict,0,,0.4680736887245614,,0.0,0.2792583527377478
Conflict,0,,0.4680736887245614,,0.0,0.2001254252107243
Conflict,0,,0.4680736887245614,,0.0,0.5776399072571856
Conflict,0,,0.4680736887245614,,0.0,0.4474352140328105
Conflict,0,,0.4680736887245614,,0.0,0.4031520606396752
Conflict,0,,0.4680736887245614,,0.0,0.3974122252202781
Conflict,0,,0.4680736887245614,,0.0,0.3970722598898055
Conflict,0,,0.4680736887245614,,0.0,0.3493231902452521
Conflict,0,,0.4680736887245614,,0.0,0.3329930565694879
Conflict,0,,0.4680736887245614,,0.0,0.3301559344967755
Conflict,0,,0.4680736887245614,,0.0,0.321352764768994
Conflict,0,,0.4680736887245614,,0.0,0.3178858067932535
Conflict,0,,0.4680736887245614,,0.0,0.3154257206683782
Conflict,0,,0.4680736887245614,,0.0,0.3091558011490463
Conflict,0,,0.4680736887245614,,0.0,0.3052622349982921
Conflict,0,,0.4680736887245614,,0.0,0.296969620919908
Conflict,0,,0.4680736887245614,,0.0,0.2907996116406827
Conflict,0,,0.4680736887245614,,0.0,0.2792583527377478
Conflict,0,,0.4680736887245614,,0.0,0.2001254252107243
Conflict,0,,0.4680736887245614,,0.0,0.5776399072571856
Conflict,0,,0.4680736887245614,,0.0,0.4474352140328105
Conflict,0,,0.4680736887245614,,0.0,0.4031520606396752
Conflict,0,,0.4680736887245614,,0.0,0.3974122252202781
Conflict,0,,0.4680736887245614,,0.0,0.3970722598898055
Conflict,0,,0.4680736887245614,,0.0,0.3493231902452521
Conflict,0,,0.4680736887245614,,0.0,0.3329930565694879
Conflict,0,,0.4680736887245614,,0.0,0.3301559344967755
Conflict,0,,0.4680736887245614,,0.0,0.321352764768994
Conflict,0,,0.4680736887245614,,0.0,0.3178858067932535
Conflict,0,,0.4680736887245614,,0.0,0.3154257206683782
Conflict,0,,0.4680736887245614,,0.0,0.3091558011490463
Conflict,0,,0.4680736887245614,,0.0,0.3052622349982921
Conflict,0,,0.4680736887245614,,0.0,0.296969620919908
Conflict,0,,0.4680736887245614,,0.0,0.2907996116406827
Conflict,0,,0.4680736887245614,,0.0,0.2792583527377478
Conflict,0,,0.4680736887245614,,0.0,0.2001254252107243
Conflict,0,,0.4680736887245614,,0.0,0.5776399072571856
Conflict,0,,0.4680736887245614,,0.0,0.4474352140328105
Conflict,0,,0.4680736887245614,,0.0,0.4031520606396752
Conflict,0,,0.4680736887245614,,0.0,0.3974122252202781
Conflict,0,,0.4680736887245614,,0.0,0.3970722598898055
Conflict,0,,0.4680736887245614,,0.0,0.3493231902452521
Conflict,0,,0.4680736887245614,,0.0,0.3329930565694879
Conflict,0,,0.4680736887245614,,0.0,0.3301559344967755
Conflict,0,,0.4680736887245614,,0.0,0.321352764768994
Conflict,0,,0.4680736887245614,,0.0,0.3178858067932535
Conflict,0,,0.4680736887245614,,0.0,0.3154257206683782
Conflict,0,,0.4680736887245614,,0.0,0.3091558011490463
Conflict,0,,0.4680736887245614,,0.0,0.3052622349982921
Conflict,0,,0.4680736887245614,,0.0,0.296969620919908
Conflict,0,,0.4680736887245614,,0.0,0.2907996116406827
Conflict,0,,0.4680736887245614,,0.0,0.2792583527377478
Conflict,0,,0.4680736887245614,,0.0,0.2001254252107243
Conflict,0,,0.4680736887245614,,0.0,0.5776399072571856
Conflict,0,,0.4680736887245614,,0.0,0.4474352140328105
Conflict,0,,0.4680736887245614,,0.0,0.4031520606396752
Conflict,0,,0.4680736887245614,,0.0,0.3974122252202781
Conflict,0,,0.4680736887245614,,0.0,0.3970722598898055
Conflict,0,,0.4680736887245614,,0.0,0.3493231902452521
Conflict,0,,0.4680736887245614,,0.0,0.3329930565694879
Conflict,0,,0.4680736887245614,,0.0,0.3301559344967755
Conflict,0,,0.4680736887245614,,0.0,0.321352764768994
Conflict,0,,0.4680736887245614,,0.0,0.3178858067932535
Conflict,0,,0.4680736887245614,,0.0,0.3154257206683782
Conflict,0,,0.4680736887245614,,0.0,0.3091558011490463
Conflict,0,,0.4680736887245614,,0.0,0.3052622349982921
Conflict,0,,0.4680736887245614,,0.0,0.296969620919908
Conflict,0,,0.4680736887245614,,0.0,0.2907996116406827
Conflict,0,,0.4680736887245614,,0.0,0.2792583527377478
Conflict,0,,0.4680736887245614,,0.0,0.2001254252107243
Conflict,0,,0.4680736887245614,,0.0,0.5776399072571856
Conflict,0,,0.4680736887245614,,0.0,0.4474352140328105
Conflict,0,,0.4680736887245614,,0.0,0.4031520606396752
Conflict,0,,0.4680736887245614,,0.0,0.3974122252202781
Conflict,0,,0.4680736887245614,,0.0,0.3970722598898055
Conflict,0,,0.4680736887245614,,0.0,0.3493231902452521
Conflict,0,,0.4680736887245614,,0.0,0.3329930565694879
Conflict,0,,0.4680736887245614,,0.0,0.3301559344967755
Conflict,0,,0.4680736887245614,,0.0,0.321352764768994
Conflict,0,,0.4680736887245614,,0.0,0.3178858067932535
Conflict,0,,0.4680736887245614,,0.0,0.3154257206683782
Conflict,0,,0.4680736887245614,,0.0,0.3091558011490463
Conflict,0,,0.4680736887245614,,0.0,0.3052622349982921
Conflict,0,,0.4680736887245614,,0.0,0.296969620919908
Conflict,0,,0.4680736887245614,,0.0,0.2907996116406827
Conflict,0,,0.4680736887245614,,0.0,0.2792583527377478
Conflict,0,,0.4680736887245614,,0.0,0.2001254252107243
Conflict,0,,0.4680736887245614,,0.0,0.5776399072571856
Conflict,0,,0.4680736887245614,,0.0,0.4474352140328105
Conflict,0,,0.4680736887245614,,0.0,0.4031520606396752
Conflict,0,,0.4680736887245614,,0.0,0.3974122252202781
Conflict,0,,0.4680736887245614,,0.0,0.3970722598898055
Conflict,0,,0.4680736887245614,,0.0,0.3493231902452521
Conflict,0,,0.4680736887245614,,0.0,0.3329930565694879
Conflict,0,,0.4680736887245614,,0.0,0.3301559344967755
Conflict,0,,0.4680736887245614,,0.0,0.321352764768994
Conflict,0,,0.4680736887245614,,0.0,0.3178858067932535
Conflict,0,,0.4680736887245614,,0.0,0.3154257206683782
Conflict,0,,0.4680736887245614,,0.0,0.3091558011490463
Conflict,0,,0.4680736887245614,,0.0,0.3052622349982921
Conflict,0,,0.4680736887245614,,0.0,0.296969620919908
Conflict,0,,0.4680736887245614,,0.0,0.2907996116406827
Conflict,0,,0.4680736887245614,,0.0,0.2792583527377478
Conflict,0,,0.4680736887245614,,0.0,0.2001254252107243
Conflict,0,,0.4680736887245614,,0.0,0.5776399072571856
Conflict,0,,0.4680736887245614,,0.0,0.4474352140328105
Conflict,0,,0.4680736887245614,,0.0,0.4031520606396752
Conflict,0,,0.4680736887245614,,0.0,0.3974122252202781
Conflict,0,,0.4680736887245614,,0.0,0.3970722598898055
Conflict,0,,0.4680736887245614,,0.0,0.3493231902452521
Conflict,0,,0.4680736887245614,,0.0,0.3329930565694879
Conflict,0,,0.4680736887245614,,0.0,0.3301559344967755
Conflict,0,,0.4680736887245614,,0.0,0.321352764768994
Conflict,0,,0.4680736887245614,,0.0,0.3178858067932535
Conflict,0,,0.4680736887245614,,0.0,0.3154257206683782
Conflict,0,,0.4680736887245614,,0.0,0.3091558011490463
Conflict,0,,0.4680736887245614,,0.0,0.3052622349982921
Conflict,0,,0.4680736887245614,,0.0,0.296969620919908
Conflict,0,,0.4680736887245614,,0.0,0.2907996116406827
Conflict,0,,0.4680736887245614,,0.0,0.2792583527377478
Conflict,0,,0.4680736887245614,,0.0,0.2001254252107243
Conflict,0,,0.4680736887245614,,0.0,0.5776399072571856
Conflict,0,,0.4680736887245614,,0.0,0.4474352140328105
Conflict,0,,0.4680736887245614,,0.0,0.4031520606396752
Conflict,0,,0.4680736887245614,,0.0,0.3974122252202781
Conflict,0,,0.4680736887245614,,0.0,0.3970722598898055
Conflict,0,,0.4680736887245614,,0.0,0.3493231902452521
Conflict,0,,0.4680736887245614,,0.0,0.3329930565694879
Conflict,0,,0.4680736887245614,,0.0,0.3301559344967755
Conflict,0,,0.4680736887245614,,0.0,0.321352764768994
Conflict,0,,0.4680736887245614,,0.0,0.3178858067932535
Conflict,0,,0.4680736887245614,,0.0,0.3154257206683782
Conflict,0,,0.4680736887245614,,0.0,0.3091558011490463
Conflict,0,,0.4680736887245614,,0.0,0.3052622349982921
Conflict,0,,0.4680736887245614,,0.0,0.296969620919908
Conflict,0,,0.4680736887245614,,0.0,0.2907996116406827
Conflict,0,,0.4680736887245614,,0.0,0.2792583527377478
Conflict,0,,0.4680736887245614,,0.0,0.2001254252107243
Conflict,0,,0.4680736887245614,,0.0,0.5776399072571856
Conflict,0,,0.4680736887245614,,0.0,0.4474352140328105
Conflict,0,,0.4680736887245614,,0.0,0.4031520606396752
Conflict,0,,0.4680736887245614,,0.0,0.3974122252202781
Conflict,0,,0.4680736887245614,,0.0,0.3970722598898055
Conflict,0,,0.4680736887245614,,0.0,0.3493231902452521
Conflict,0,,0.4680736887245614,,0.0,0.3329930565694879
Conflict,0,,0.4680736887245614,,0.0,0.3301559344967755
Conflict,0,,0.4680736887245614,,0.0,0.321352764768994
Conflict,0,,0.4680736887245614,,0.0,0.3178858067932535
Conflict,0,,0.4680736887245614,,0.0,0.3154257206683782
Conflict,0,,0.4680736887245614,,0.0,0.3091558011490463
Conflict,0,,0.4680736887245614,,0.0,0.3052622349982921
Conflict,0,,0.4680736887245614,,0.0,0.296969620919908
Conflict,0,,0.4680736887245614,,0.0,0.2907996116406827
Conflict,0,,0.4680736887245614,,0.0,0.2792583527377478
Conflict,0,,0.4680736887245614,,0.0,0.2001254252107243
Conflict,0,,0.4680736887245614,,0.0,0.5776399072571856
Conflict,0,,0.4680736887245614,,0.0,0.4474352140328105
Conflict,0,,0.4680736887245614,,0.0,0.4031520606396752
Conflict,0,,0.4680736887245614,,0.0,0.3974122252202781
Conflict,0,,0.4680736887245614,,0.0,0.3970722598898055
Conflict,0,,0.4680736887245614,,0.0,0.3493231902452521
Conflict,0,,0.4680736887245614,,0.0,0.3329930565694879
Conflict,0,,0.4680736887245614,,0.0,0.3301559344967755
Conflict,0,,0.4680736887245614,,0.0,0.321352764768994
Conflict,0,,0.4680736887245614,,0.0,0.3178858067932535
Conflict,0,,0.4680736887245614,,0.0,0.3154257206683782
Conflict,0,,0.4680736887245614,,0.0,0.3091558011490463
Conflict,0,,0.4680736887245614,,0.0,0.3052622349982921
Conflict,0,,0.4680736887245614,,0.0,0.296969620919908
Conflict,0,,0.4680736887245614,,0.0,0.2907996116406827
Conflict,0,,0.4680736887245614,,0.0,0.2792583527377478
Conflict,0,,0.4680736887245614,,0.0,0.2001254252107243
Conflict,0,,0.4680736887245614,,0.0,0.5776399072571856
Conflict,0,,0.4680736887245614,,0.0,0.4474352140328105
Conflict,0,,0.4680736887245614,,0.0,0.4031520606396752
Conflict,0,,0.4680736887245614,,0.0,0.3974122252202781
Conflict,0,,0.4680736887245614,,0.0,0.3970722598898055
Conflict,0,,0.4680736887245614,,0.0,0.3493231902452521
Conflict,0,,0.4680736887245614,,0.0,0.3329930565694879
Conflict,0,,0.4680736887245614,,0.0,0.3301559344967755
Conflict,0,,0.4680736887245614,,0.0,0.321352764768994
Conflict,0,,0.4680736887245614,,0.0,0.3178858067932535
Conflict,0,,0.4680736887245614,,0.0,0.3154257206683782
Conflict,0,,0.4680736887245614,,0.0,0.3091558011490463
Conflict,0,,0.4680736887245614,,0.0,0.3052622349982921
Conflict,0,,0.4680736887245614,,0.0,0.296969620919908
Conflict,0,,0.4680736887245614,,0.0,0.2907996116406827
Conflict,0,,0.4680736887245614,,0.0,0.2792583527377478
Conflict,0,,0.4680736887245614,,0.0,0.2001254252107243
Conflict,0,,0.4680736887245614,,0.0,0.5776399072571856
Conflict,0,,0.4680736887245614,,0.0,0.4474352140328105
Conflict,0,,0.4680736887245614,,0.0,0.4031520606396752
Conflict,0,,0.4680736887245614,,0.0,0.3974122252202781
Conflict,0,,0.4680736887245614,,0.0,0.3970722598898055
Conflict,0,,0.4680736887245614,,0.0,0.3493231902452521
Conflict,0,,0.4680736887245614,,0.0,0.3329930565694879
Conflict,0,,0.4680736887245614,,0.0,0.3301559344967755
Conflict,0,,0.4680736887245614,,0.0,0.321352764768994
Conflict,0,,0.4680736887245614,,0.0,0.3178858067932535
Conflict,0,,0.4680736887245614,,0.0,0.3154257206683782
Conflict,0,,0.4680736887245614,,0.0,0.3091558011490463
Conflict,0,,0.4680736887245614,,0.0,0.3052622349982921
Conflict,0,,0.4680736887245614,,0.0,0.296969620919908
Conflict,0,,0.4680736887245614,,0.0,0.2907996116406827
Conflict,0,,0.4680736887245614,,0.0,0.2792583527377478
Conflict,0,,0.4680736887245614,,0.0,0.2001254252107243
Conflict,0,,0.4680736887245614,,0.0,0.5776399072571856
Conflict,0,,0.4680736887245614,,0.0,0.4474352140328105
Conflict,0,,0.4680736887245614,,0.0,0.4031520606396752
Conflict,0,,0.4680736887245614,,0.0,0.3974122252202781
Conflict,0,,0.4680736887245614,,0.0,0.3970722598898055
Conflict,0,,0.4680736887245614,,0.0,0.3493231902452521
Conflict,0,,0.4680736887245614,,0.0,0.3329930565694879
Conflict,0,,0.4680736887245614,,0.0,0.3301559344967755
Conflict,0,,0.4680736887245614,,0.0,0.321352764768994
Conflict,0,,0.4680736887245614,,0.0,0.3178858067932535
Conflict,0,,0.4680736887245614,,0.0,0.3154257206683782
Conflict,0,,0.4680736887245614,,0.0,0.3091558011490463
Conflict,0,,0.4680736887245614,,0.0,0.3052622349982921
Conflict,0,,0.4680736887245614,,0.0,0.296969620919908
Conflict,0,,0.4680736887245614,,0.0,0.2907996116406827
Conflict,0,,0.4680736887245614,,0.0,0.2792583527377478
Conflict,0,,0.4680736887245614,,0.0,0.2001254252107243
Conflict,0,,0.4680736887245614,,0.0,0.5776399072571856
Conflict,0,,0.4680736887245614,,0.0,0.4474352140328105
Conflict,0,,0.4680736887245614,,0.0,0.4031520606396752
Conflict,0,,0.4680736887245614,,0.0,0.3974122252202781
Conflict,0,,0.4680736887245614,,0.0,0.3970722598898055
Conflict,0,,0.4680736887245614,,0.0,0.3493231902452521
Conflict,0,,0.4680736887245614,,0.0,0.3329930565694879
Conflict,0,,0.4680736887245614,,0.0,0.3301559344967755
Conflict,0,,0.4680736887245614,,0.0,0.321352764768994
Conflict,0,,0.4680736887245614,,0.0,0.3178858067932535
Conflict,0,,0.4680736887245614,,0.0,0.3154257206683782
Conflict,0,,0.4680736887245614,,0.0,0.3091558011490463
Conflict,0,,0.4680736887245614,,0.0,0.3052622349982921
Conflict,0,,0.4680736887245614,,0.0,0.296969620919908
Conflict,0,,0.4680736887245614,,0.0,0.2907996116406827
Conflict,0,,0.4680736887245614,,0.0,0.2792583527377478
Conflict,0,,0.4680736887245614,,0.0,0.2001254252107243
Conflict,0,,0.4680736887245614,,0.0,0.5776399072571856
Conflict,0,,0.4680736887245614,,0.0,0.4474352140328105
Conflict,0,,0.4680736887245614,,0.0,0.4031520606396752
Conflict,0,,0.4680736887245614,,0.0,0.3974122252202781
Conflict,0,,0.4680736887245614,,0.0,0.3970722598898055
Conflict,0,,0.4680736887245614,,0.0,0.3493231902452521
Conflict,0,,0.4680736887245614,,0.0,0.3329930565694879
Conflict,0,,0.4680736887245614,,0.0,0.3301559344967755
Conflict,0,,0.4680736887245614,,0.0,0.321352764768994
Conflict,0,,0.4680736887245614,,0.0,0.3178858067932535
Conflict,0,,0.4680736887245614,,0.0,0.3154257206683782
Conflict,0,,0.4680736887245614,,0.0,0.3091558011490463
Conflict,0,,0.4680736887245614,,0.0,0.3052622349982921
Conflict,0,,0.4680736887245614,,0.0,0.296969620919908
Conflict,0,,0.4680736887245614,,0.0,0.2907996116406827
Conflict,0,,0.4680736887245614,,0.0,0.2792583527377478
Conflict,0,,0.4680736887245614,,0.0,0.2001254252107243
Conflict,0,,0.4680736887245614,,0.0,0.5776399072571856
Conflict,0,,0.4680736887245614,,0.0,0.4474352140328105
Conflict,0,,0.4680736887245614,,0.0,0.4031520606396752
Conflict,0,,0.4680736887245614,,0.0,0.3974122252202781
Conflict,0,,0.4680736887245614,,0.0,0.3970722598898055
Conflict,0,,0.4680736887245614,,0.0,0.3493231902452521
Conflict,0,,0.4680736887245614,,0.0,0.3329930565694879
Conflict,0,,0.4680736887245614,,0.0,0.3301559344967755
Conflict,0,,0.4680736887245614,,0.0,0.321352764768994
Conflict,0,,0.4680736887245614,,0.0,0.3178858067932535
Conflict,0,,0.4680736887245614,,0.0,0.3154257206683782
Conflict,0,,0.4680736887245614,,0.0,0.3091558011490463
Conflict,0,,0.4680736887245614,,0.0,0.3052622349982921
Conflict,0,,0.4680736887245614,,0.0,0.296969620919908
Conflict,0,,0.4680736887245614,,0.0,0.2907996116406827
Conflict,0,,0.4680736887245614,,0.0,0.2792583527377478
Conflict,0,,0.4680736887245614,,0.0,0.2001254252107243
Conflict,0,,0.4680736887245614,,0.0,0.5776399072571856
Conflict,0,,0.4680736887245614,,0.0,0.4474352140328105
Conflict,0,,0.4680736887245614,,0.0,0.4031520606396752
Conflict,0,,0.4680736887245614,,0.0,0.3974122252202781
Conflict,0,,0.4680736887245614,,0.0,0.3970722598898055
Conflict,0,,0.4680736887245614,,0.0,0.3493231902452521
Conflict,0,,0.4680736887245614,,0.0,0.3329930565694879
Conflict,0,,0.4680736887245614,,0.0,0.3301559344967755
Conflict,0,,0.4680736887245614,,0.0,0.321352764768994
Conflict,0,,0.4680736887245614,,0.0,0.3178858067932535
Conflict,0,,0.4680736887245614,,0.0,0.3154257206683782
Conflict,0,,0.4680736887245614,,0.0,0.3091558011490463
Conflict,0,,0.4680736887245614,,0.0,0.3052622349982921
Conflict,0,,0.4680736887245614,,0.0,0.296969620919908
Conflict,0,,0.4680736887245614,,0.0,0.2907996116406827
Conflict,0,,0.4680736887245614,,0.0,0.2792583527377478
Conflict,0,,0.4680736887245614,,0.0,0.2001254252107243
Conflict,0,,0.4680736887245614,,0.0,0.5776399072571856
Conflict,0,,0.4680736887245614,,0.0,0.4474352140328105
Conflict,0,,0.4680736887245614,,0.0,0.4031520606396752
Conflict,0,,0.4680736887245614,,0.0,0.3974122252202781
Conflict,0,,0.4680736887245614,,0.0,0.3970722598898055
Conflict,0,,0.4680736887245614,,0.0,0.3493231902452521
Conflict,0,,0.4680736887245614,,0.0,0.3329930565694879
Conflict,0,,0.4680736887245614,,0.0,0.3301559344967755
Conflict,0,,0.4680736887245614,,0.0,0.321352764768994
Conflict,0,,0.4680736887245614,,0.0,0.3178858067932535
Conflict,0,,0.4680736887245614,,0.0,0.3154257206683782
Conflict,0,,0.4680736887245614,,0.0,0.3091558011490463
Conflict,0,,0.4680736887245614,,0.0,0.3052622349982921
Conflict,0,,0.4680736887245614,,0.0,0.296969620919908
Conflict,0,,0.4680736887245614,,0.0,0.2907996116406827
Conflict,0,,0.4680736887245614,,0.0,0.2792583527377478
Conflict,0,,0.4680736887245614,,0.0,0.2001254252107243
Conflict,0,,0.4680736887245614,,0.0,0.5776399072571856
Conflict,0,,0.4680736887245614,,0.0,0.4474352140328105
Conflict,0,,0.4680736887245614,,0.0,0.4031520606396752
Conflict,0,,0.4680736887245614,,0.0,0.3974122252202781
Conflict,0,,0.4680736887245614,,0.0,0.3970722598898055
Conflict,0,,0.4680736887245614,,0.0,0.3493231902452521
Conflict,0,,0.4680736887245614,,0.0,0.3329930565694879
Conflict,0,,0.4680736887245614,,0.0,0.3301559344967755
Conflict,0,,0.4680736887245614,,0.0,0.321352764768994
Conflict,0,,0.4680736887245614,,0.0,0.3178858067932535
Conflict,0,,0.4680736887245614,,0.0,0.3154257206683782
Conflict,0,,0.4680736887245614,,0.0,0.3091558011490463
Conflict,0,,0.4680736887245614,,0.0,0.3052622349982921
Conflict,0,,0.4680736887245614,,0.0,0.296969620919908
Conflict,0,,0.4680736887245614,,0.0,0.2907996116406827
Conflict,0,,0.4680736887245614,,0.0,0.2792583527377478
Conflict,0,,0.4680736887245614,,0.0,0.2001254252107243
Conflict,0,,0.4680736887245614,,0.0,0.5776399072571856
Conflict,0,,0.4680736887245614,,0.0,0.4474352140328105
Conflict,0,,0.4680736887245614,,0.0,0.4031520606396752
Conflict,0,,0.4680736887245614,,0.0,0.3974122252202781
Conflict,0,,0.4680736887245614,,0.0,0.3970722598898055
Conflict,0,,0.4680736887245614,,0.0,0.3493231902452521
Conflict,0,,0.4680736887245614,,0.0,0.3329930565694879
Conflict,0,,0.4680736887245614,,0.0,0.3301559344967755
Conflict,0,,0.4680736887245614,,0.0,0.321352764768994
Conflict,0,,0.4680736887245614,,0.0,0.3178858067932535
Conflict,0,,0.4680736887245614,,0.0,0.3154257206683782
Conflict,0,,0.4680736887245614,,0.0,0.3091558011490463
Conflict,0,,0.4680736887245614,,0.0,0.3052622349982921
Conflict,0,,0.4680736887245614,,0.0,0.296969620919908
Conflict,0,,0.4680736887245614,,0.0,0.2907996116406827
Conflict,0,,0.4680736887245614,,0.0,0.2792583527377478
Conflict,0,,0.4680736887245614,,0.0,0.2001254252107243
Conflict,0,,0.4680736887245614,,0.0,0.5776399072571856
Conflict,0,,0.4680736887245614,,0.0,0.4474352140328105
Conflict,0,,0.4680736887245614,,0.0,0.4031520606396752
Conflict,0,,0.4680736887245614,,0.0,0.3974122252202781
Conflict,0,,0.4680736887245614,,0.0,0.3970722598898055
Conflict,0,,0.4680736887245614,,0.0,0.3493231902452521
Conflict,0,,0.4680736887245614,,0.0,0.3329930565694879
Conflict,0,,0.4680736887245614,,0.0,0.3301559344967755
Conflict,0,,0.4680736887245614,,0.0,0.321352764768994
Conflict,0,,0.4680736887245614,,0.0,0.3178858067932535
Conflict,0,,0.4680736887245614,,0.0,0.3154257206683782
Conflict,0,,0.4680736887245614,,0.0,0.3091558011490463
Conflict,0,,0.4680736887245614,,0.0,0.3052622349982921
Conflict,0,,0.4680736887245614,,0.0,0.296969620919908
Conflict,0,,0.4680736887245614,,0.0,0.2907996116406827
Conflict,0,,0.4680736887245614,,0.0,0.2792583527377478
Conflict,0,,0.4680736887245614,,0.0,0.2001254252107243
Conflict,0,,0.4680736887245614,,0.0,0.5776399072571856
Conflict,0,,0.4680736887245614,,0.0,0.4474352140328105
Conflict,0,,0.4680736887245614,,0.0,0.4031520606396752
Conflict,0,,0.4680736887245614,,0.0,0.3974122252202781
Conflict,0,,0.4680736887245614,,0.0,0.3970722598898055
Conflict,0,,0.4680736887245614,,0.0,0.3493231902452521
Conflict,0,,0.4680736887245614,,0.0,0.3329930565694879
Conflict,0,,0.4680736887245614,,0.0,0.3301559344967755
Conflict,0,,0.4680736887245614,,0.0,0.321352764768994
Conflict,0,,0.4680736887245614,,0.0,0.3178858067932535
Conflict,0,,0.4680736887245614,,0.0,0.3154257206683782
Conflict,0,,0.4680736887245614,,0.0,0.3091558011490463
Conflict,0,,0.4680736887245614,,0.0,0.3052622349982921
Conflict,0,,0.4680736887245614,,0.0,0.296969620919908
Conflict,0,,0.4680736887245614,,0.0,0.2907996116406827
Conflict,0,,0.4680736887245614,,0.0,0.2792583527377478
Conflict,0,,0.4680736887245614,,0.0,0.2001254252107243
Conflict,0,,0.4680736887245614,,0.0,0.5776399072571856
Conflict,0,,0.4680736887245614,,0.0,0.4474352140328105
Conflict,0,,0.4680736887245614,,0.0,0.4031520606396752
Conflict,0,,0.4680736887245614,,0.0,0.3974122252202781
Conflict,0,,0.4680736887245614,,0.0,0.3970722598898055
Conflict,0,,0.4680736887245614,,0.0,0.3493231902452521
Conflict,0,,0.4680736887245614,,0.0,0.3329930565694879
Conflict,0,,0.4680736887245614,,0.0,0.3301559344967755
Conflict,0,,0.4680736887245614,,0.0,0.321352764768994
Conflict,0,,0.4680736887245614,,0.0,0.3178858067932535
Conflict,0,,0.4680736887245614,,0.0,0.3154257206683782
Conflict,0,,0.4680736887245614,,0.0,0.3091558011490463
Conflict,0,,0.4680736887245614,,0.0,0.3052622349982921
Conflict,0,,0.4680736887245614,,0.0,0.296969620919908
Conflict,0,,0.4680736887245614,,0.0,0.2907996116406827
Conflict,0,,0.4680736887245614,,0.0,0.2792583527377478
Conflict,0,,0.4680736887245614,,0.0,0.2001254252107243
Conflict,0,,0.4680736887245614,,0.0,0.5776399072571856
Conflict,0,,0.4680736887245614,,0.0,0.4474352140328105
Conflict,0,,0.4680736887245614,,0.0,0.4031520606396752
Conflict,0,,0.4680736887245614,,0.0,0.3974122252202781
Conflict,0,,0.4680736887245614,,0.0,0.3970722598898055
Conflict,0,,0.4680736887245614,,0.0,0.3493231902452521
Conflict,0,,0.4680736887245614,,0.0,0.3329930565694879
Conflict,0,,0.4680736887245614,,0.0,0.3301559344967755
Conflict,0,,0.4680736887245614,,0.0,0.321352764768994
Conflict,0,,0.4680736887245614,,0.0,0.3178858067932535
Conflict,0,,0.4680736887245614,,0.0,0.3154257206683782
Conflict,0,,0.4680736887245614,,0.0,0.3091558011490463
Conflict,0,,0.4680736887245614,,0.0,0.3052622349982921
Conflict,0,,0.4680736887245614,,0.0,0.296969620919908
Conflict,0,,0.4680736887245614,,0.0,0.2907996116406827
Conflict,0,,0.4680736887245614,,0.0,0.2792583527377478
Conflict,0,,0.4680736887245614,,0.0,0.2001254252107243
Conflict,0,,0.4680736887245614,,0.0,0.5776399072571856
Conflict,0,,0.4680736887245614,,0.0,0.4474352140328105
Conflict,0,,0.4680736887245614,,0.0,0.4031520606396752
Conflict,0,,0.4680736887245614,,0.0,0.3974122252202781
Conflict,0,,0.4680736887245614,,0.0,0.3970722598898055
Conflict,0,,0.4680736887245614,,0.0,0.3493231902452521
Conflict,0,,0.4680736887245614,,0.0,0.3329930565694879
Conflict,0,,0.4680736887245614,,0.0,0.3301559344967755
Conflict,0,,0.4680736887245614,,0.0,0.321352764768994
Conflict,0,,0.4680736887245614,,0.0,0.3178858067932535
Conflict,0,,0.4680736887245614,,0.0,0.3154257206683782
Conflict,0,,0.4680736887245614,,0.0,0.3091558011490463
Conflict,0,,0.4680736887245614,,0.0,0.3052622349982921
Conflict,0,,0.4680736887245614,,0.0,0.296969620919908
Conflict,0,,0.4680736887245614,,0.0,0.2907996116406827
Conflict,0,,0.4680736887245614,,0.0,0.2792583527377478
Conflict,0,,0.4680736887245614,,0.0,0.2001254252107243
Conflict,0,,0.4680736887245614,,0.0,0.5776399072571856
Conflict,0,,0.4680736887245614,,0.0,0.4474352140328105
Conflict,0,,0.4680736887245614,,0.0,0.4031520606396752
Conflict,0,,0.4680736887245614,,0.0,0.3974122252202781
Conflict,0,,0.4680736887245614,,0.0,0.3970722598898055
Conflict,0,,0.4680736887245614,,0.0,0.3493231902452521
Conflict,0,,0.4680736887245614,,0.0,0.3329930565694879
Conflict,0,,0.4680736887245614,,0.0,0.3301559344967755
Conflict,0,,0.4680736887245614,,0.0,0.321352764768994
Conflict,0,,0.4680736887245614,,0.0,0.3178858067932535
Conflict,0,,0.4680736887245614,,0.0,0.3154257206683782
Conflict,0,,0.4680736887245614,,0.0,0.3091558011490463
Conflict,0,,0.4680736887245614,,0.0,0.3052622349982921
Conflict,0,,0.4680736887245614,,0.0,0.296969620919908
Conflict,0,,0.4680736887245614,,0.0,0.2907996116406827
Conflict,0,,0.4680736887245614,,0.0,0.2792583527377478
Conflict,0,,0.4680736887245614,,0.0,0.2001254252107243
Conflict,0,,0.4680736887245614,,0.0,0.5776399072571856
Conflict,0,,0.4680736887245614,,0.0,0.4474352140328105
Conflict,0,,0.4680736887245614,,0.0,0.4031520606396752
Conflict,0,,0.4680736887245614,,0.0,0.3974122252202781
Conflict,0,,0.4680736887245614,,0.0,0.3970722598898055
Conflict,0,,0.4680736887245614,,0.0,0.3493231902452521
Conflict,0,,0.4680736887245614,,0.0,0.3329930565694879
Conflict,0,,0.4680736887245614,,0.0,0.3301559344967755
Conflict,0,,0.4680736887245614,,0.0,0.321352764768994
Conflict,0,,0.4680736887245614,,0.0,0.3178858067932535
Conflict,0,,0.4680736887245614,,0.0,0.3154257206683782
Conflict,0,,0.4680736887245614,,0.0,0.3091558011490463
Conflict,0,,0.4680736887245614,,0.0,0.3052622349982921
Conflict,0,,0.4680736887245614,,0.0,0.296969620919908
Conflict,0,,0.4680736887245614,,0.0,0.2907996116406827
Conflict,0,,0.4680736887245614,,0.0,0.2792583527377478
Conflict,0,,0.4680736887245614,,0.0,0.2001254252107243
Conflict,0,,0.4680736887245614,,0.0,0.5776399072571856
Conflict,0,,0.4680736887245614,,0.0,0.4474352140328105
Conflict,0,,0.4680736887245614,,0.0,0.4031520606396752
Conflict,0,,0.4680736887245614,,0.0,0.3974122252202781
Conflict,0,,0.4680736887245614,,0.0,0.3970722598898055
Conflict,0,,0.4680736887245614,,0.0,0.3493231902452521
Conflict,0,,0.4680736887245614,,0.0,0.3329930565694879
Conflict,0,,0.4680736887245614,,0.0,0.3301559344967755
Conflict,0,,0.4680736887245614,,0.0,0.321352764768994
Conflict,0,,0.4680736887245614,,0.0,0.3178858067932535
Conflict,0,,0.4680736887245614,,0.0,0.3154257206683782
Conflict,0,,0.4680736887245614,,0.0,0.3091558011490463
Conflict,0,,0.4680736887245614,,0.0,0.3052622349982921
Conflict,0,,0.4680736887245614,,0.0,0.296969620919908
Conflict,0,,0.4680736887245614,,0.0,0.2907996116406827
Conflict,0,,0.4680736887245614,,0.0,0.2792583527377478
Conflict,0,,0.4680736887245614,,0.0,0.2001254252107243
Conflict,0,,0.4680736887245614,,0.0,0.5776399072571856
Conflict,0,,0.4680736887245614,,0.0,0.4474352140328105
Conflict,0,,0.4680736887245614,,0.0,0.4031520606396752
Conflict,0,,0.4680736887245614,,0.0,0.3974122252202781
Conflict,0,,0.4680736887245614,,0.0,0.3970722598898055
Conflict,0,,0.4680736887245614,,0.0,0.3493231902452521
Conflict,0,,0.4680736887245614,,0.0,0.3329930565694879
Conflict,0,,0.4680736887245614,,0.0,0.3301559344967755
Conflict,0,,0.4680736887245614,,0.0,0.321352764768994
Conflict,0,,0.4680736887245614,,0.0,0.3178858067932535
Conflict,0,,0.4680736887245614,,0.0,0.3154257206683782
Conflict,0,,0.4680736887245614,,0.0,0.3091558011490463
Conflict,0,,0.4680736887245614,,0.0,0.3052622349982921
Conflict,0,,0.4680736887245614,,0.0,0.296969620919908
Conflict,0,,0.4680736887245614,,0.0,0.2907996116406827
Conflict,0,,0.4680736887245614,,0.0,0.2792583527377478
Conflict,0,,0.4680736887245614,,0.0,0.2001254252107243
Conflict,0,,0.4680736887245614,,0.0,0.5776399072571856
Conflict,0,,0.4680736887245614,,0.0,0.4474352140328105
Conflict,0,,0.4680736887245614,,0.0,0.4031520606396752
Conflict,0,,0.4680736887245614,,0.0,0.3974122252202781
Conflict,0,,0.4680736887245614,,0.0,0.3970722598898055
Conflict,0,,0.4680736887245614,,0.0,0.3493231902452521
Conflict,0,,0.4680736887245614,,0.0,0.3329930565694879
Conflict,0,,0.4680736887245614,,0.0,0.3301559344967755
Conflict,0,,0.4680736887245614,,0.0,0.321352764768994
Conflict,0,,0.4680736887245614,,0.0,0.3178858067932535
Conflict,0,,0.4680736887245614,,0.0,0.3154257206683782
Conflict,0,,0.4680736887245614,,0.0,0.3091558011490463
Conflict,0,,0.4680736887245614,,0.0,0.3052622349982921
Conflict,0,,0.4680736887245614,,0.0,0.296969620919908
Conflict,0,,0.4680736887245614,,0.0,0.2907996116406827
Conflict,0,,0.4680736887245614,,0.0,0.2792583527377478
Conflict,0,,0.4680736887245614,,0.0,0.2001254252107243
Conflict,0,,0.4680736887245614,,0.0,0.5776399072571856
Conflict,0,,0.4680736887245614,,0.0,0.4474352140328105
Conflict,0,,0.4680736887245614,,0.0,0.4031520606396752
Conflict,0,,0.4680736887245614,,0.0,0.3974122252202781
Conflict,0,,0.4680736887245614,,0.0,0.3970722598898055
Conflict,0,,0.4680736887245614,,0.0,0.3493231902452521
Conflict,0,,0.4680736887245614,,0.0,0.3329930565694879
Conflict,0,,0.4680736887245614,,0.0,0.3301559344967755
Conflict,0,,0.4680736887245614,,0.0,0.321352764768994
Conflict,0,,0.4680736887245614,,0.0,0.3178858067932535
Conflict,0,,0.4680736887245614,,0.0,0.3154257206683782
Conflict,0,,0.4680736887245614,,0.0,0.3091558011490463
Conflict,0,,0.4680736887245614,,0.0,0.3052622349982921
Conflict,0,,0.4680736887245614,,0.0,0.296969620919908
Conflict,0,,0.4680736887245614,,0.0,0.2907996116406827
Conflict,0,,0.4680736887245614,,0.0,0.2792583527377478
Conflict,0,,0.4680736887245614,,0.0,0.2001254252107243
Conflict,0,,0.4680736887245614,,0.0,0.5776399072571856
Conflict,0,,0.4680736887245614,,0.0,0.4474352140328105
Conflict,0,,0.4680736887245614,,0.0,0.4031520606396752
Conflict,0,,0.4680736887245614,,0.0,0.3974122252202781
Conflict,0,,0.4680736887245614,,0.0,0.3970722598898055
Conflict,0,,0.4680736887245614,,0.0,0.3493231902452521
Conflict,0,,0.4680736887245614,,0.0,0.3329930565694879
Conflict,0,,0.4680736887245614,,0.0,0.3301559344967755
Conflict,0,,0.4680736887245614,,0.0,0.321352764768994
Conflict,0,,0.4680736887245614,,0.0,0.3178858067932535
Conflict,0,,0.4680736887245614,,0.0,0.3154257206683782
Conflict,0,,0.4680736887245614,,0.0,0.3091558011490463
Conflict,0,,0.4680736887245614,,0.0,0.3052622349982921
Conflict,0,,0.4680736887245614,,0.0,0.296969620919908
Conflict,0,,0.4680736887245614,,0.0,0.2907996116406827
Conflict,0,,0.4680736887245614,,0.0,0.2792583527377478
Conflict,0,,0.4680736887245614,,0.0,0.2001254252107243
Conflict,0,,0.4680736887245614,,0.0,0.5776399072571856
Conflict,0,,0.4680736887245614,,0.0,0.4474352140328105
Conflict,0,,0.4680736887245614,,0.0,0.4031520606396752
Conflict,0,,0.4680736887245614,,0.0,0.3974122252202781
Conflict,0,,0.4680736887245614,,0.0,0.3970722598898055
Conflict,0,,0.4680736887245614,,0.0,0.3493231902452521
Conflict,0,,0.4680736887245614,,0.0,0.3329930565694879
Conflict,0,,0.4680736887245614,,0.0,0.3301559344967755
Conflict,0,,0.4680736887245614,,0.0,0.321352764768994
Conflict,0,,0.4680736887245614,,0.0,0.3178858067932535
Conflict,0,,0.4680736887245614,,0.0,0.3154257206683782
Conflict,0,,0.4680736887245614,,0.0,0.3091558011490463
Conflict,0,,0.4680736887245614,,0.0,0.3052622349982921
Conflict,0,,0.4680736887245614,,0.0,0.296969620919908
Conflict,0,,0.4680736887245614,,0.0,0.2907996116406827
Conflict,0,,0.4680736887245614,,0.0,0.2792583527377478
Conflict,0,,0.4680736887245614,,0.0,0.2001254252107243
Conflict,0,,0.4680736887245614,,0.0,0.5776399072571856
Conflict,0,,0.4680736887245614,,0.0,0.4474352140328105
Conflict,0,,0.4680736887245614,,0.0,0.4031520606396752
Conflict,0,,0.4680736887245614,,0.0,0.3974122252202781
Conflict,0,,0.4680736887245614,,0.0,0.3970722598898055
Conflict,0,,0.4680736887245614,,0.0,0.3493231902452521
Conflict,0,,0.4680736887245614,,0.0,0.3329930565694879
Conflict,0,,0.4680736887245614,,0.0,0.3301559344967755
Conflict,0,,0.4680736887245614,,0.0,0.321352764768994
Conflict,0,,0.4680736887245614,,0.0,0.3178858067932535
Conflict,0,,0.4680736887245614,,0.0,0.3154257206683782
Conflict,0,,0.4680736887245614,,0.0,0.3091558011490463
Conflict,0,,0.4680736887245614,,0.0,0.3052622349982921
Conflict,0,,0.4680736887245614,,0.0,0.296969620919908
Conflict,0,,0.4680736887245614,,0.0,0.2907996116406827
Conflict,0,,0.4680736887245614,,0.0,0.2792583527377478
Conflict,0,,0.4680736887245614,,0.0,0.2001254252107243
Conflict,0,,0.4680736887245614,,0.0,0.5776399072571856
Conflict,0,,0.4680736887245614,,0.0,0.4474352140328105
Conflict,0,,0.4680736887245614,,0.0,0.4031520606396752
Conflict,0,,0.4680736887245614,,0.0,0.3974122252202781
Conflict,0,,0.4680736887245614,,0.0,0.3970722598898055
Conflict,0,,0.4680736887245614,,0.0,0.3493231902452521
Conflict,0,,0.4680736887245614,,0.0,0.3329930565694879
Conflict,0,,0.4680736887245614,,0.0,0.3301559344967755
Conflict,0,,0.4680736887245614,,0.0,0.321352764768994
Conflict,0,,0.4680736887245614,,0.0,0.3178858067932535
Conflict,0,,0.4680736887245614,,0.0,0.3154257206683782
Conflict,0,,0.4680736887245614,,0.0,0.3091558011490463
Conflict,0,,0.4680736887245614,,0.0,0.3052622349982921
Conflict,0,,0.4680736887245614,,0.0,0.296969620919908
Conflict,0,,0.4680736887245614,,0.0,0.2907996116406827
Conflict,0,,0.4680736887245614,,0.0,0.2792583527377478
Conflict,0,,0.4680736887245614,,0.0,0.2001254252107243
Conflict,0,,0.4680736887245614,,0.0,0.5776399072571856
Conflict,0,,0.4680736887245614,,0.0,0.4474352140328105
Conflict,0,,0.4680736887245614,,0.0,0.4031520606396752
Conflict,0,,0.4680736887245614,,0.0,0.3974122252202781
Conflict,0,,0.4680736887245614,,0.0,0.3970722598898055
Conflict,0,,0.4680736887245614,,0.0,0.3493231902452521
Conflict,0,,0.4680736887245614,,0.0,0.3329930565694879
Conflict,0,,0.4680736887245614,,0.0,0.3301559344967755
Conflict,0,,0.4680736887245614,,0.0,0.321352764768994
Conflict,0,,0.4680736887245614,,0.0,0.3178858067932535
Conflict,0,,0.4680736887245614,,0.0,0.3154257206683782
Conflict,0,,0.4680736887245614,,0.0,0.3091558011490463
Conflict,0,,0.4680736887245614,,0.0,0.3052622349982921
Conflict,0,,0.4680736887245614,,0.0,0.296969620919908
Conflict,0,,0.4680736887245614,,0.0,0.2907996116406827
Conflict,0,,0.4680736887245614,,0.0,0.2792583527377478
Conflict,0,,0.4680736887245614,,0.0,0.2001254252107243
Conflict,0,,0.4680736887245614,,0.0,0.5776399072571856
Conflict,0,,0.4680736887245614,,0.0,0.4474352140328105
Conflict,0,,0.4680736887245614,,0.0,0.4031520606396752
Conflict,0,,0.4680736887245614,,0.0,0.3974122252202781
Conflict,0,,0.4680736887245614,,0.0,0.3970722598898055
Conflict,0,,0.4680736887245614,,0.0,0.3493231902452521
Conflict,0,,0.4680736887245614,,0.0,0.3329930565694879
Conflict,0,,0.4680736887245614,,0.0,0.3301559344967755
Conflict,0,,0.4680736887245614,,0.0,0.321352764768994
Conflict,0,,0.4680736887245614,,0.0,0.3178858067932535
Conflict,0,,0.4680736887245614,,0.0,0.3154257206683782
Conflict,0,,0.4680736887245614,,0.0,0.3091558011490463
Conflict,0,,0.4680736887245614,,0.0,0.3052622349982921
Conflict,0,,0.4680736887245614,,0.0,0.296969620919908
Conflict,0,,0.4680736887245614,,0.0,0.2907996116406827
Conflict,0,,0.4680736887245614,,0.0,0.2792583527377478
Conflict,0,,0.4680736887245614,,0.0,0.2001254252107243
Conflict,0,,0.4680736887245614,,0.0,0.5776399072571856
Conflict,0,,0.4680736887245614,,0.0,0.4474352140328105
Conflict,0,,0.4680736887245614,,0.0,0.4031520606396752
Conflict,0,,0.4680736887245614,,0.0,0.3974122252202781
Conflict,0,,0.4680736887245614,,0.0,0.3970722598898055
Conflict,0,,0.4680736887245614,,0.0,0.3493231902452521
Conflict,0,,0.4680736887245614,,0.0,0.3329930565694879
Conflict,0,,0.4680736887245614,,0.0,0.3301559344967755
Conflict,0,,0.4680736887245614,,0.0,0.321352764768994
Conflict,0,,0.4680736887245614,,0.0,0.3178858067932535
Conflict,0,,0.4680736887245614,,0.0,0.3154257206683782
Conflict,0,,0.4680736887245614,,0.0,0.3091558011490463
Conflict,0,,0.4680736887245614,,0.0,0.3052622349982921
Conflict,0,,0.4680736887245614,,0.0,0.296969620919908
Conflict,0,,0.4680736887245614,,0.0,0.2907996116406827
Conflict,0,,0.4680736887245614,,0.0,0.2792583527377478
Conflict,0,,0.4680736887245614,,0.0,0.2001254252107243
Conflict,0,,0.4680736887245614,,0.0,0.5776399072571856
Conflict,0,,0.4680736887245614,,0.0,0.4474352140328105
Conflict,0,,0.4680736887245614,,0.0,0.4031520606396752
Conflict,0,,0.4680736887245614,,0.0,0.3974122252202781
Conflict,0,,0.4680736887245614,,0.0,0.3970722598898055
Conflict,0,,0.4680736887245614,,0.0,0.3493231902452521
Conflict,0,,0.4680736887245614,,0.0,0.3329930565694879
Conflict,0,,0.4680736887245614,,0.0,0.3301559344967755
Conflict,0,,0.4680736887245614,,0.0,0.321352764768994
Conflict,0,,0.4680736887245614,,0.0,0.3178858067932535
Conflict,0,,0.4680736887245614,,0.0,0.3154257206683782
Conflict,0,,0.4680736887245614,,0.0,0.3091558011490463
Conflict,0,,0.4680736887245614,,0.0,0.3052622349982921
Conflict,0,,0.4680736887245614,,0.0,0.296969620919908
Conflict,0,,0.4680736887245614,,0.0,0.2907996116406827
Conflict,0,,0.4680736887245614,,0.0,0.2792583527377478
Conflict,0,,0.4680736887245614,,0.0,0.2001254252107243
Conflict,0,,0.4680736887245614,,0.0,0.5776399072571856
Conflict,0,,0.4680736887245614,,0.0,0.4474352140328105
Conflict,0,,0.4680736887245614,,0.0,0.4031520606396752
Conflict,0,,0.4680736887245614,,0.0,0.3974122252202781
Conflict,0,,0.4680736887245614,,0.0,0.3970722598898055
Conflict,0,,0.4680736887245614,,0.0,0.3493231902452521
Conflict,0,,0.4680736887245614,,0.0,0.3329930565694879
Conflict,0,,0.4680736887245614,,0.0,0.3301559344967755
Conflict,0,,0.4680736887245614,,0.0,0.321352764768994
Conflict,0,,0.4680736887245614,,0.0,0.3178858067932535
Conflict,0,,0.4680736887245614,,0.0,0.3154257206683782
Conflict,0,,0.4680736887245614,,0.0,0.3091558011490463
Conflict,0,,0.4680736887245614,,0.0,0.3052622349982921
Conflict,0,,0.4680736887245614,,0.0,0.296969620919908
Conflict,0,,0.4680736887245614,,0.0,0.2907996116406827
Conflict,0,,0.4680736887245614,,0.0,0.2792583527377478
Conflict,0,,0.4680736887245614,,0.0,0.2001254252107243
Conflict,0,,0.4680736887245614,,0.0,0.5776399072571856
Conflict,0,,0.4680736887245614,,0.0,0.4474352140328105
Conflict,0,,0.4680736887245614,,0.0,0.4031520606396752
Conflict,0,,0.4680736887245614,,0.0,0.3974122252202781
Conflict,0,,0.4680736887245614,,0.0,0.3970722598898055
Conflict,0,,0.4680736887245614,,0.0,0.3493231902452521
Conflict,0,,0.4680736887245614,,0.0,0.3329930565694879
Conflict,0,,0.4680736887245614,,0.0,0.3301559344967755
Conflict,0,,0.4680736887245614,,0.0,0.321352764768994
Conflict,0,,0.4680736887245614,,0.0,0.3178858067932535
Conflict,0,,0.4680736887245614,,0.0,0.3154257206683782
Conflict,0,,0.4680736887245614,,0.0,0.3091558011490463
Conflict,0,,0.4680736887245614,,0.0,0.3052622349982921
Conflict,0,,0.4680736887245614,,0.0,0.296969620919908
Conflict,0,,0.4680736887245614,,0.0,0.2907996116406827
Conflict,0,,0.4680736887245614,,0.0,0.2792583527377478
Conflict,0,,0.4680736887245614,,0.0,0.2001254252107243
Conflict,0,,0.4680736887245614,,0.0,0.5776399072571856
Conflict,0,,0.4680736887245614,,0.0,0.4474352140328105
Conflict,0,,0.4680736887245614,,0.0,0.4031520606396752
Conflict,0,,0.4680736887245614,,0.0,0.3974122252202781
Conflict,0,,0.4680736887245614,,0.0,0.3970722598898055
Conflict,0,,0.4680736887245614,,0.0,0.3493231902452521
Conflict,0,,0.4680736887245614,,0.0,0.3329930565694879
Conflict,0,,0.4680736887245614,,0.0,0.3301559344967755
Conflict,0,,0.4680736887245614,,0.0,0.321352764768994
Conflict,0,,0.4680736887245614,,0.0,0.3178858067932535
Conflict,0,,0.4680736887245614,,0.0,0.3154257206683782
Conflict,0,,0.4680736887245614,,0.0,0.3091558011490463
Conflict,0,,0.4680736887245614,,0.0,0.3052622349982921
Conflict,0,,0.4680736887245614,,0.0,0.296969620919908
Conflict,0,,0.4680736887245614,,0.0,0.2907996116406827
Conflict,0,,0.4680736887245614,,0.0,0.2792583527377478
Conflict,0,,0.4680736887245614,,0.0,0.2001254252107243
Conflict,0,,0.4680736887245614,,0.0,0.5776399072571856
Conflict,0,,0.4680736887245614,,0.0,0.4474352140328105
Conflict,0,,0.4680736887245614,,0.0,0.4031520606396752
Conflict,0,,0.4680736887245614,,0.0,0.3974122252202781
Conflict,0,,0.4680736887245614,,0.0,0.3970722598898055
Conflict,0,,0.4680736887245614,,0.0,0.3493231902452521
Conflict,0,,0.4680736887245614,,0.0,0.3329930565694879
Conflict,0,,0.4680736887245614,,0.0,0.3301559344967755
Conflict,0,,0.4680736887245614,,0.0,0.321352764768994
Conflict,0,,0.4680736887245614,,0.0,0.3178858067932535
Conflict,0,,0.4680736887245614,,0.0,0.3154257206683782
Conflict,0,,0.4680736887245614,,0.0,0.3091558011490463
Conflict,0,,0.4680736887245614,,0.0,0.3052622349982921
Conflict,0,,0.4680736887245614,,0.0,0.296969620919908
Conflict,0,,0.4680736887245614,,0.0,0.2907996116406827
Conflict,0,,0.4680736887245614,,0.0,0.2792583527377478
Conflict,0,,0.4680736887245614,,0.0,0.2001254252107243
Conflict,0,,0.4680736887245614,,0.0,0.5776399072571856
Conflict,0,,0.4680736887245614,,0.0,0.4474352140328105
Conflict,0,,0.4680736887245614,,0.0,0.4031520606396752
Conflict,0,,0.4680736887245614,,0.0,0.3974122252202781
Conflict,0,,0.4680736887245614,,0.0,0.3970722598898055
Conflict,0,,0.4680736887245614,,0.0,0.3493231902452521
Conflict,0,,0.4680736887245614,,0.0,0.3329930565694879
Conflict,0,,0.4680736887245614,,0.0,0.3301559344967755
Conflict,0,,0.4680736887245614,,0.0,0.321352764768994
Conflict,0,,0.4680736887245614,,0.0,0.3178858067932535
Conflict,0,,0.4680736887245614,,0.0,0.3154257206683782
Conflict,0,,0.4680736887245614,,0.0,0.3091558011490463
Conflict,0,,0.4680736887245614,,0.0,0.3052622349982921
Conflict,0,,0.4680736887245614,,0.0,0.296969620919908
Conflict,0,,0.4680736887245614,,0.0,0.2907996116406827
Conflict,0,,0.4680736887245614,,0.0,0.2792583527377478
Conflict,0,,0.4680736887245614,,0.0,0.2001254252107243
Conflict,0,,0.4680736887245614,,0.0,0.5776399072571856
Conflict,0,,0.4680736887245614,,0.0,0.4474352140328105
Conflict,0,,0.4680736887245614,,0.0,0.4031520606396752
Conflict,0,,0.4680736887245614,,0.0,0.3974122252202781
Conflict,0,,0.4680736887245614,,0.0,0.3970722598898055
Conflict,0,,0.4680736887245614,,0.0,0.3493231902452521
Conflict,0,,0.4680736887245614,,0.0,0.3329930565694879
Conflict,0,,0.4680736887245614,,0.0,0.3301559344967755
Conflict,0,,0.4680736887245614,,0.0,0.321352764768994
Conflict,0,,0.4680736887245614,,0.0,0.3178858067932535
Conflict,0,,0.4680736887245614,,0.0,0.3154257206683782
Conflict,0,,0.4680736887245614,,0.0,0.3091558011490463
Conflict,0,,0.4680736887245614,,0.0,0.3052622349982921
Conflict,0,,0.4680736887245614,,0.0,0.296969620919908
Conflict,0,,0.4680736887245614,,0.0,0.2907996116406827
Conflict,0,,0.4680736887245614,,0.0,0.2792583527377478
Conflict,0,,0.4680736887245614,,0.0,0.2001254252107243
Conflict,0,,0.4680736887245614,,0.0,0.5776399072571856
Conflict,0,,0.4680736887245614,,0.0,0.4474352140328105
Conflict,0,,0.4680736887245614,,0.0,0.4031520606396752
Conflict,0,,0.4680736887245614,,0.0,0.3974122252202781
Conflict,0,,0.4680736887245614,,0.0,0.3970722598898055
Conflict,0,,0.4680736887245614,,0.0,0.3493231902452521
Conflict,0,,0.4680736887245614,,0.0,0.3329930565694879
Conflict,0,,0.4680736887245614,,0.0,0.3301559344967755
Conflict,0,,0.4680736887245614,,0.0,0.321352764768994
Conflict,0,,0.4680736887245614,,0.0,0.3178858067932535
Conflict,0,,0.4680736887245614,,0.0,0.3154257206683782
Conflict,0,,0.4680736887245614,,0.0,0.3091558011490463
Conflict,0,,0.4680736887245614,,0.0,0.3052622349982921
Conflict,0,,0.4680736887245614,,0.0,0.296969620919908
Conflict,0,,0.4680736887245614,,0.0,0.2907996116406827
Conflict,0,,0.4680736887245614,,0.0,0.2792583527377478
Conflict,0,,0.4680736887245614,,0.0,0.2001254252107243
Conflict,0,,0.4680736887245614,,0.0,0.5776399072571856
Conflict,0,,0.4680736887245614,,0.0,0.4474352140328105
Conflict,0,,0.4680736887245614,,0.0,0.4031520606396752
Conflict,0,,0.4680736887245614,,0.0,0.3974122252202781
Conflict,0,,0.4680736887245614,,0.0,0.3970722598898055
Conflict,0,,0.4680736887245614,,0.0,0.3493231902452521
Conflict,0,,0.4680736887245614,,0.0,0.3329930565694879
Conflict,0,,0.4680736887245614,,0.0,0.3301559344967755
Conflict,0,,0.4680736887245614,,0.0,0.321352764768994
Conflict,0,,0.4680736887245614,,0.0,0.3178858067932535
Conflict,0,,0.4680736887245614,,0.0,0.3154257206683782
Conflict,0,,0.4680736887245614,,0.0,0.3091558011490463
Conflict,0,,0.4680736887245614,,0.0,0.3052622349982921
Conflict,0,,0.4680736887245614,,0.0,0.296969620919908
Conflict,0,,0.4680736887245614,,0.0,0.2907996116406827
Conflict,0,,0.4680736887245614,,0.0,0.2792583527377478
Conflict,0,,0.4680736887245614,,0.0,0.2001254252107243
Conflict,0,,0.4680736887245614,,0.0,0.5776399072571856
Conflict,0,,0.4680736887245614,,0.0,0.4474352140328105
Conflict,0,,0.4680736887245614,,0.0,0.4031520606396752
Conflict,0,,0.4680736887245614,,0.0,0.3974122252202781
Conflict,0,,0.4680736887245614,,0.0,0.3970722598898055
Conflict,0,,0.4680736887245614,,0.0,0.3493231902452521
Conflict,0,,0.4680736887245614,,0.0,0.3329930565694879
Conflict,0,,0.4680736887245614,,0.0,0.3301559344967755
Conflict,0,,0.4680736887245614,,0.0,0.321352764768994
Conflict,0,,0.4680736887245614,,0.0,0.3178858067932535
Conflict,0,,0.4680736887245614,,0.0,0.3154257206683782
Conflict,0,,0.4680736887245614,,0.0,0.3091558011490463
Conflict,0,,0.4680736887245614,,0.0,0.3052622349982921
Conflict,0,,0.4680736887245614,,0.0,0.296969620919908
Conflict,0,,0.4680736887245614,,0.0,0.2907996116406827
Conflict,0,,0.4680736887245614,,0.0,0.2792583527377478
Conflict,0,,0.4680736887245614,,0.0,0.2001254252107243
Conflict,0,,0.4680736887245614,,0.0,0.5776399072571856
Conflict,0,,0.4680736887245614,,0.0,0.4474352140328105
Conflict,0,,0.4680736887245614,,0.0,0.4031520606396752
Conflict,0,,0.4680736887245614,,0.0,0.3974122252202781
Conflict,0,,0.4680736887245614,,0.0,0.3970722598898055
Conflict,0,,0.4680736887245614,,0.0,0.3493231902452521
Conflict,0,,0.4680736887245614,,0.0,0.3329930565694879
Conflict,0,,0.4680736887245614,,0.0,0.3301559344967755
Conflict,0,,0.4680736887245614,,0.0,0.321352764768994
Conflict,0,,0.4680736887245614,,0.0,0.3178858067932535
Conflict,0,,0.4680736887245614,,0.0,0.3154257206683782
Conflict,0,,0.4680736887245614,,0.0,0.3091558011490463
Conflict,0,,0.4680736887245614,,0.0,0.3052622349982921
Conflict,0,,0.4680736887245614,,0.0,0.296969620919908
Conflict,0,,0.4680736887245614,,0.0,0.2907996116406827
Conflict,0,,0.4680736887245614,,0.0,0.2792583527377478
Conflict,0,,0.4680736887245614,,0.0,0.2001254252107243
Conflict,0,,0.4680736887245614,,0.0,0.5776399072571856
Conflict,0,,0.4680736887245614,,0.0,0.4474352140328105
Conflict,0,,0.4680736887245614,,0.0,0.4031520606396752
Conflict,0,,0.4680736887245614,,0.0,0.3974122252202781
Conflict,0,,0.4680736887245614,,0.0,0.3970722598898055
Conflict,0,,0.4680736887245614,,0.0,0.3493231902452521
Conflict,0,,0.4680736887245614,,0.0,0.3329930565694879
Conflict,0,,0.4680736887245614,,0.0,0.3301559344967755
Conflict,0,,0.4680736887245614,,0.0,0.321352764768994
Conflict,0,,0.4680736887245614,,0.0,0.3178858067932535
Conflict,0,,0.4680736887245614,,0.0,0.3154257206683782
Conflict,0,,0.4680736887245614,,0.0,0.3091558011490463
Conflict,0,,0.4680736887245614,,0.0,0.3052622349982921
Conflict,0,,0.4680736887245614,,0.0,0.296969620919908
Conflict,0,,0.4680736887245614,,0.0,0.2907996116406827
Conflict,0,,0.4680736887245614,,0.0,0.2792583527377478
Conflict,0,,0.4680736887245614,,0.0,0.2001254252107243
Conflict,0,,0.4680736887245614,,0.0,0.5776399072571856
Conflict,0,,0.4680736887245614,,0.0,0.4474352140328105
Conflict,0,,0.4680736887245614,,0.0,0.4031520606396752
Conflict,0,,0.4680736887245614,,0.0,0.3974122252202781
Conflict,0,,0.4680736887245614,,0.0,0.3970722598898055
Conflict,0,,0.4680736887245614,,0.0,0.3493231902452521
Conflict,0,,0.4680736887245614,,0.0,0.3329930565694879
Conflict,0,,0.4680736887245614,,0.0,0.3301559344967755
Conflict,0,,0.4680736887245614,,0.0,0.321352764768994
Conflict,0,,0.4680736887245614,,0.0,0.3178858067932535
Conflict,0,,0.4680736887245614,,0.0,0.3154257206683782
Conflict,0,,0.4680736887245614,,0.0,0.3091558011490463
Conflict,0,,0.4680736887245614,,0.0,0.3052622349982921
Conflict,0,,0.4680736887245614,,0.0,0.296969620919908
Conflict,0,,0.4680736887245614,,0.0,0.2907996116406827
Conflict,0,,0.4680736887245614,,0.0,0.2792583527377478
Conflict,0,,0.4680736887245614,,0.0,0.2001254252107243
Conflict,0,,0.4680736887245614,,0.0,0.5776399072571856
Conflict,0,,0.4680736887245614,,0.0,0.4474352140328105
Conflict,0,,0.4680736887245614,,0.0,0.4031520606396752
Conflict,0,,0.4680736887245614,,0.0,0.3974122252202781
Conflict,0,,0.4680736887245614,,0.0,0.3970722598898055
Conflict,0,,0.4680736887245614,,0.0,0.3493231902452521
Conflict,0,,0.4680736887245614,,0.0,0.3329930565694879
Conflict,0,,0.4680736887245614,,0.0,0.3301559344967755
Conflict,0,,0.4680736887245614,,0.0,0.321352764768994
Conflict,0,,0.4680736887245614,,0.0,0.3178858067932535
Conflict,0,,0.4680736887245614,,0.0,0.3154257206683782
Conflict,0,,0.4680736887245614,,0.0,0.3091558011490463
Conflict,0,,0.4680736887245614,,0.0,0.3052622349982921
Conflict,0,,0.4680736887245614,,0.0,0.296969620919908
Conflict,0,,0.4680736887245614,,0.0,0.2907996116406827
Conflict,0,,0.4680736887245614,,0.0,0.2792583527377478
Conflict,0,,0.4680736887245614,,0.0,0.2001254252107243
Conflict,0,,0.4680736887245614,,0.0,0.5776399072571856
Conflict,0,,0.4680736887245614,,0.0,0.4474352140328105
Conflict,0,,0.4680736887245614,,0.0,0.4031520606396752
Conflict,0,,0.4680736887245614,,0.0,0.3974122252202781
Conflict,0,,0.4680736887245614,,0.0,0.3970722598898055
Conflict,0,,0.4680736887245614,,0.0,0.3493231902452521
Conflict,0,,0.4680736887245614,,0.0,0.3329930565694879
Conflict,0,,0.4680736887245614,,0.0,0.3301559344967755
Conflict,0,,0.4680736887245614,,0.0,0.321352764768994
Conflict,0,,0.4680736887245614,,0.0,0.3178858067932535
Conflict,0,,0.4680736887245614,,0.0,0.3154257206683782
Conflict,0,,0.4680736887245614,,0.0,0.3091558011490463
Conflict,0,,0.4680736887245614,,0.0,0.3052622349982921
Conflict,0,,0.4680736887245614,,0.0,0.296969620919908
Conflict,0,,0.4680736887245614,,0.0,0.2907996116406827
Conflict,0,,0.4680736887245614,,0.0,0.2792583527377478
Conflict,0,,0.4680736887245614,,0.0,0.2001254252107243
Conflict,0,,0.4680736887245614,,0.0,0.5776399072571856
Conflict,0,,0.4680736887245614,,0.0,0.4474352140328105
Conflict,0,,0.4680736887245614,,0.0,0.4031520606396752
Conflict,0,,0.4680736887245614,,0.0,0.3974122252202781
Conflict,0,,0.4680736887245614,,0.0,0.3970722598898055
Conflict,0,,0.4680736887245614,,0.0,0.3493231902452521
Conflict,0,,0.4680736887245614,,0.0,0.3329930565694879
Conflict,0,,0.4680736887245614,,0.0,0.3301559344967755
Conflict,0,,0.4680736887245614,,0.0,0.321352764768994
Conflict,0,,0.4680736887245614,,0.0,0.3178858067932535
Conflict,0,,0.4680736887245614,,0.0,0.3154257206683782
Conflict,0,,0.4680736887245614,,0.0,0.3091558011490463
Conflict,0,,0.4680736887245614,,0.0,0.3052622349982921
Conflict,0,,0.4680736887245614,,0.0,0.296969620919908
Conflict,0,,0.4680736887245614,,0.0,0.2907996116406827
Conflict,0,,0.4680736887245614,,0.0,0.2792583527377478
Conflict,0,,0.4680736887245614,,0.0,0.2001254252107243
Conflict,0,,0.4680736887245614,,0.0,0.5776399072571856
Conflict,0,,0.4680736887245614,,0.0,0.4474352140328105
Conflict,0,,0.4680736887245614,,0.0,0.4031520606396752
Conflict,0,,0.4680736887245614,,0.0,0.3974122252202781
Conflict,0,,0.4680736887245614,,0.0,0.3970722598898055
Conflict,0,,0.4680736887245614,,0.0,0.3493231902452521
Conflict,0,,0.4680736887245614,,0.0,0.3329930565694879
Conflict,0,,0.4680736887245614,,0.0,0.3301559344967755
Conflict,0,,0.4680736887245614,,0.0,0.321352764768994
Conflict,0,,0.4680736887245614,,0.0,0.3178858067932535
Conflict,0,,0.4680736887245614,,0.0,0.3154257206683782
Conflict,0,,0.4680736887245614,,0.0,0.3091558011490463
Conflict,0,,0.4680736887245614,,0.0,0.3052622349982921
Conflict,0,,0.4680736887245614,,0.0,0.296969620919908
Conflict,0,,0.4680736887245614,,0.0,0.2907996116406827
Conflict,0,,0.4680736887245614,,0.0,0.2792583527377478
Conflict,0,,0.4680736887245614,,0.0,0.2001254252107243
Conflict,0,,0.4680736887245614,,0.0,0.5776399072571856
Conflict,0,,0.4680736887245614,,0.0,0.4474352140328105
Conflict,0,,0.4680736887245614,,0.0,0.4031520606396752
Conflict,0,,0.4680736887245614,,0.0,0.3974122252202781
Conflict,0,,0.4680736887245614,,0.0,0.3970722598898055
Conflict,0,,0.4680736887245614,,0.0,0.3493231902452521
Conflict,0,,0.4680736887245614,,0.0,0.3329930565694879
Conflict,0,,0.4680736887245614,,0.0,0.3301559344967755
Conflict,0,,0.4680736887245614,,0.0,0.321352764768994
Conflict,0,,0.4680736887245614,,0.0,0.3178858067932535
Conflict,0,,0.4680736887245614,,0.0,0.3154257206683782
Conflict,0,,0.4680736887245614,,0.0,0.3091558011490463
Conflict,0,,0.4680736887245614,,0.0,0.3052622349982921
Conflict,0,,0.4680736887245614,,0.0,0.296969620919908
Conflict,0,,0.4680736887245614,,0.0,0.2907996116406827
Conflict,0,,0.4680736887245614,,0.0,0.2792583527377478
Conflict,0,,0.4680736887245614,,0.0,0.2001254252107243
Conflict,0,,0.4680736887245614,,0.0,0.5776399072571856
Conflict,0,,0.4680736887245614,,0.0,0.4474352140328105
Conflict,0,,0.4680736887245614,,0.0,0.4031520606396752
Conflict,0,,0.4680736887245614,,0.0,0.3974122252202781
Conflict,0,,0.4680736887245614,,0.0,0.3970722598898055
Conflict,0,,0.4680736887245614,,0.0,0.3493231902452521
Conflict,0,,0.4680736887245614,,0.0,0.3329930565694879
Conflict,0,,0.4680736887245614,,0.0,0.3301559344967755
Conflict,0,,0.4680736887245614,,0.0,0.321352764768994
Conflict,0,,0.4680736887245614,,0.0,0.3178858067932535
Conflict,0,,0.4680736887245614,,0.0,0.3154257206683782
Conflict,0,,0.4680736887245614,,0.0,0.3091558011490463
Conflict,0,,0.4680736887245614,,0.0,0.3052622349982921
Conflict,0,,0.4680736887245614,,0.0,0.296969620919908
Conflict,0,,0.4680736887245614,,0.0,0.2907996116406827
Conflict,0,,0.4680736887245614,,0.0,0.2792583527377478
Conflict,0,,0.4680736887245614,,0.0,0.2001254252107243
Conflict,0,,0.4680736887245614,,0.0,0.5776399072571856
Conflict,0,,0.4680736887245614,,0.0,0.4474352140328105
Conflict,0,,0.4680736887245614,,0.0,0.4031520606396752
Conflict,0,,0.4680736887245614,,0.0,0.3974122252202781
Conflict,0,,0.4680736887245614,,0.0,0.3970722598898055
Conflict,0,,0.4680736887245614,,0.0,0.3493231902452521
Conflict,0,,0.4680736887245614,,0.0,0.3329930565694879
Conflict,0,,0.4680736887245614,,0.0,0.3301559344967755
Conflict,0,,0.4680736887245614,,0.0,0.321352764768994
Conflict,0,,0.4680736887245614,,0.0,0.3178858067932535
Conflict,0,,0.4680736887245614,,0.0,0.3154257206683782
Conflict,0,,0.4680736887245614,,0.0,0.3091558011490463
Conflict,0,,0.4680736887245614,,0.0,0.3052622349982921
Conflict,0,,0.4680736887245614,,0.0,0.296969620919908
Conflict,0,,0.4680736887245614,,0.0,0.2907996116406827
Conflict,0,,0.4680736887245614,,0.0,0.2792583527377478
Conflict,0,,0.4680736887245614,,0.0,0.2001254252107243
Conflict,0,,0.4680736887245614,,0.0,0.5776399072571856
Conflict,0,,0.4680736887245614,,0.0,0.4474352140328105
Conflict,0,,0.4680736887245614,,0.0,0.4031520606396752
Conflict,0,,0.4680736887245614,,0.0,0.3974122252202781
Conflict,0,,0.4680736887245614,,0.0,0.3970722598898055
Conflict,0,,0.4680736887245614,,0.0,0.3493231902452521
Conflict,0,,0.4680736887245614,,0.0,0.3329930565694879
Conflict,0,,0.4680736887245614,,0.0,0.3301559344967755
Conflict,0,,0.4680736887245614,,0.0,0.321352764768994
Conflict,0,,0.4680736887245614,,0.0,0.3178858067932535
Conflict,0,,0.4680736887245614,,0.0,0.3154257206683782
Conflict,0,,0.4680736887245614,,0.0,0.3091558011490463
Conflict,0,,0.4680736887245614,,0.0,0.3052622349982921
Conflict,0,,0.4680736887245614,,0.0,0.296969620919908
Conflict,0,,0.4680736887245614,,0.0,0.2907996116406827
Conflict,0,,0.4680736887245614,,0.0,0.2792583527377478
Conflict,0,,0.4680736887245614,,0.0,0.2001254252107243
Conflict,0,,0.4680736887245614,,0.0,0.5776399072571856
Conflict,0,,0.4680736887245614,,0.0,0.4474352140328105
Conflict,0,,0.4680736887245614,,0.0,0.4031520606396752
Conflict,0,,0.4680736887245614,,0.0,0.3974122252202781
Conflict,0,,0.4680736887245614,,0.0,0.3970722598898055
Conflict,0,,0.4680736887245614,,0.0,0.3493231902452521
Conflict,0,,0.4680736887245614,,0.0,0.3329930565694879
Conflict,0,,0.4680736887245614,,0.0,0.3301559344967755
Conflict,0,,0.4680736887245614,,0.0,0.321352764768994
Conflict,0,,0.4680736887245614,,0.0,0.3178858067932535
Conflict,0,,0.4680736887245614,,0.0,0.3154257206683782
Conflict,0,,0.4680736887245614,,0.0,0.3091558011490463
Conflict,0,,0.4680736887245614,,0.0,0.3052622349982921
Conflict,0,,0.4680736887245614,,0.0,0.296969620919908
Conflict,0,,0.4680736887245614,,0.0,0.2907996116406827
Conflict,0,,0.4680736887245614,,0.0,0.2792583527377478
Conflict,0,,0.4680736887245614,,0.0,0.2001254252107243
Conflict,0,,0.4680736887245614,,0.0,0.5776399072571856
Conflict,0,,0.4680736887245614,,0.0,0.4474352140328105
Conflict,0,,0.4680736887245614,,0.0,0.4031520606396752
Conflict,0,,0.4680736887245614,,0.0,0.3974122252202781
Conflict,0,,0.4680736887245614,,0.0,0.3970722598898055
Conflict,0,,0.4680736887245614,,0.0,0.3493231902452521
Conflict,0,,0.4680736887245614,,0.0,0.3329930565694879
Conflict,0,,0.4680736887245614,,0.0,0.3301559344967755
Conflict,0,,0.4680736887245614,,0.0,0.321352764768994
Conflict,0,,0.4680736887245614,,0.0,0.3178858067932535
Conflict,0,,0.4680736887245614,,0.0,0.3154257206683782
Conflict,0,,0.4680736887245614,,0.0,0.3091558011490463
Conflict,0,,0.4680736887245614,,0.0,0.3052622349982921
Conflict,0,,0.4680736887245614,,0.0,0.296969620919908
Conflict,0,,0.4680736887245614,,0.0,0.2907996116406827
Conflict,0,,0.4680736887245614,,0.0,0.2792583527377478
Conflict,0,,0.4680736887245614,,0.0,0.2001254252107243
Conflict,0,,0.4680736887245614,,0.0,0.5776399072571856
Conflict,0,,0.4680736887245614,,0.0,0.4474352140328105
Conflict,0,,0.4680736887245614,,0.0,0.4031520606396752
Conflict,0,,0.4680736887245614,,0.0,0.3974122252202781
Conflict,0,,0.4680736887245614,,0.0,0.3970722598898055
Conflict,0,,0.4680736887245614,,0.0,0.3493231902452521
Conflict,0,,0.4680736887245614,,0.0,0.3329930565694879
Conflict,0,,0.4680736887245614,,0.0,0.3301559344967755
Conflict,0,,0.4680736887245614,,0.0,0.321352764768994
Conflict,0,,0.4680736887245614,,0.0,0.3178858067932535
Conflict,0,,0.4680736887245614,,0.0,0.3154257206683782
Conflict,0,,0.4680736887245614,,0.0,0.3091558011490463
Conflict,0,,0.4680736887245614,,0.0,0.3052622349982921
Conflict,0,,0.4680736887245614,,0.0,0.296969620919908
Conflict,0,,0.4680736887245614,,0.0,0.2907996116406827
Conflict,0,,0.4680736887245614,,0.0,0.2792583527377478
Conflict,0,,0.4680736887245614,,0.0,0.2001254252107243
Conflict,0,,0.4680736887245614,,0.0,0.5776399072571856
Conflict,0,,0.4680736887245614,,0.0,0.4474352140328105
Conflict,0,,0.4680736887245614,,0.0,0.4031520606396752
Conflict,0,,0.4680736887245614,,0.0,0.3974122252202781
Conflict,0,,0.4680736887245614,,0.0,0.3970722598898055
Conflict,0,,0.4680736887245614,,0.0,0.3493231902452521
Conflict,0,,0.4680736887245614,,0.0,0.3329930565694879
Conflict,0,,0.4680736887245614,,0.0,0.3301559344967755
Conflict,0,,0.4680736887245614,,0.0,0.321352764768994
Conflict,0,,0.4680736887245614,,0.0,0.3178858067932535
Conflict,0,,0.4680736887245614,,0.0,0.3154257206683782
Conflict,0,,0.4680736887245614,,0.0,0.3091558011490463
Conflict,0,,0.4680736887245614,,0.0,0.3052622349982921
Conflict,0,,0.4680736887245614,,0.0,0.296969620919908
Conflict,0,,0.4680736887245614,,0.0,0.2907996116406827
Conflict,0,,0.4680736887245614,,0.0,0.2792583527377478
Conflict,0,,0.4680736887245614,,0.0,0.2001254252107243
Conflict,0,,0.4680736887245614,,0.0,0.5776399072571856
Conflict,0,,0.4680736887245614,,0.0,0.4474352140328105
Conflict,0,,0.4680736887245614,,0.0,0.4031520606396752
Conflict,0,,0.4680736887245614,,0.0,0.3974122252202781
Conflict,0,,0.4680736887245614,,0.0,0.3970722598898055
Conflict,0,,0.4680736887245614,,0.0,0.3493231902452521
Conflict,0,,0.4680736887245614,,0.0,0.3329930565694879
Conflict,0,,0.4680736887245614,,0.0,0.3301559344967755
Conflict,0,,0.4680736887245614,,0.0,0.321352764768994
Conflict,0,,0.4680736887245614,,0.0,0.3178858067932535
Conflict,0,,0.4680736887245614,,0.0,0.3154257206683782
Conflict,0,,0.4680736887245614,,0.0,0.3091558011490463
Conflict,0,,0.4680736887245614,,0.0,0.3052622349982921
Conflict,0,,0.4680736887245614,,0.0,0.296969620919908
Conflict,0,,0.4680736887245614,,0.0,0.2907996116406827
Conflict,0,,0.4680736887245614,,0.0,0.2792583527377478
Conflict,0,,0.4680736887245614,,0.0,0.2001254252107243
Conflict,0,,0.400957397026142,,0.0,0.5776399072571856
Conflict,0,,0.400957397026142,,0.0,0.4474352140328105
Conflict,0,,0.400957397026142,,0.0,0.4031520606396752
Conflict,0,,0.400957397026142,,0.0,0.3974122252202781
Conflict,0,,0.400957397026142,,0.0,0.3970722598898055
Conflict,0,,0.400957397026142,,0.0,0.3493231902452521
Conflict,0,,0.400957397026142,,0.0,0.3329930565694879
Conflict,0,,0.400957397026142,,0.0,0.3301559344967755
Conflict,0,,0.400957397026142,,0.0,0.321352764768994
Conflict,0,,0.400957397026142,,0.0,0.3178858067932535
Conflict,0,,0.400957397026142,,0.0,0.3154257206683782
Conflict,0,,0.400957397026142,,0.0,0.3091558011490463
Conflict,0,,0.400957397026142,,0.0,0.3052622349982921
Conflict,0,,0.400957397026142,,0.0,0.296969620919908
Conflict,0,,0.400957397026142,,0.0,0.2907996116406827
Conflict,0,,0.400957397026142,,0.0,0.2792583527377478
Conflict,0,,0.400957397026142,,0.0,0.2001254252107243
Conflict,0,,0.400957397026142,,0.0,0.5776399072571856
Conflict,0,,0.400957397026142,,0.0,0.4474352140328105
Conflict,0,,0.400957397026142,,0.0,0.4031520606396752
Conflict,0,,0.400957397026142,,0.0,0.3974122252202781
Conflict,0,,0.400957397026142,,0.0,0.3970722598898055
Conflict,0,,0.400957397026142,,0.0,0.3493231902452521
Conflict,0,,0.400957397026142,,0.0,0.3329930565694879
Conflict,0,,0.400957397026142,,0.0,0.3301559344967755
Conflict,0,,0.400957397026142,,0.0,0.321352764768994
Conflict,0,,0.400957397026142,,0.0,0.3178858067932535
Conflict,0,,0.400957397026142,,0.0,0.3154257206683782
Conflict,0,,0.400957397026142,,0.0,0.3091558011490463
Conflict,0,,0.400957397026142,,0.0,0.3052622349982921
Conflict,0,,0.400957397026142,,0.0,0.296969620919908
Conflict,0,,0.400957397026142,,0.0,0.2907996116406827
Conflict,0,,0.400957397026142,,0.0,0.2792583527377478
Conflict,0,,0.400957397026142,,0.0,0.2001254252107243
Conflict,0,,0.400957397026142,,0.0,0.5776399072571856
Conflict,0,,0.400957397026142,,0.0,0.4474352140328105
Conflict,0,,0.400957397026142,,0.0,0.4031520606396752
Conflict,0,,0.400957397026142,,0.0,0.3974122252202781
Conflict,0,,0.400957397026142,,0.0,0.3970722598898055
Conflict,0,,0.400957397026142,,0.0,0.3493231902452521
Conflict,0,,0.400957397026142,,0.0,0.3329930565694879
Conflict,0,,0.400957397026142,,0.0,0.3301559344967755
Conflict,0,,0.400957397026142,,0.0,0.321352764768994
Conflict,0,,0.400957397026142,,0.0,0.3178858067932535
Conflict,0,,0.400957397026142,,0.0,0.3154257206683782
Conflict,0,,0.400957397026142,,0.0,0.3091558011490463
Conflict,0,,0.400957397026142,,0.0,0.3052622349982921
Conflict,0,,0.400957397026142,,0.0,0.296969620919908
Conflict,0,,0.400957397026142,,0.0,0.2907996116406827
Conflict,0,,0.400957397026142,,0.0,0.2792583527377478
Conflict,0,,0.400957397026142,,0.0,0.2001254252107243
Conflict,0,,0.400957397026142,,0.0,0.5776399072571856
Conflict,0,,0.400957397026142,,0.0,0.4474352140328105
Conflict,0,,0.400957397026142,,0.0,0.4031520606396752
Conflict,0,,0.400957397026142,,0.0,0.3974122252202781
Conflict,0,,0.400957397026142,,0.0,0.3970722598898055
Conflict,0,,0.400957397026142,,0.0,0.3493231902452521
Conflict,0,,0.400957397026142,,0.0,0.3329930565694879
Conflict,0,,0.400957397026142,,0.0,0.3301559344967755
Conflict,0,,0.400957397026142,,0.0,0.321352764768994
Conflict,0,,0.400957397026142,,0.0,0.3178858067932535
Conflict,0,,0.400957397026142,,0.0,0.3154257206683782
Conflict,0,,0.400957397026142,,0.0,0.3091558011490463
Conflict,0,,0.400957397026142,,0.0,0.3052622349982921
Conflict,0,,0.400957397026142,,0.0,0.296969620919908
Conflict,0,,0.400957397026142,,0.0,0.2907996116406827
Conflict,0,,0.400957397026142,,0.0,0.2792583527377478
Conflict,0,,0.400957397026142,,0.0,0.2001254252107243
Conflict,0,,0.400957397026142,,0.0,0.5776399072571856
Conflict,0,,0.400957397026142,,0.0,0.4474352140328105
Conflict,0,,0.400957397026142,,0.0,0.4031520606396752
Conflict,0,,0.400957397026142,,0.0,0.3974122252202781
Conflict,0,,0.400957397026142,,0.0,0.3970722598898055
Conflict,0,,0.400957397026142,,0.0,0.3493231902452521
Conflict,0,,0.400957397026142,,0.0,0.3329930565694879
Conflict,0,,0.400957397026142,,0.0,0.3301559344967755
Conflict,0,,0.400957397026142,,0.0,0.321352764768994
Conflict,0,,0.400957397026142,,0.0,0.3178858067932535
Conflict,0,,0.400957397026142,,0.0,0.3154257206683782
Conflict,0,,0.400957397026142,,0.0,0.3091558011490463
Conflict,0,,0.400957397026142,,0.0,0.3052622349982921
Conflict,0,,0.400957397026142,,0.0,0.296969620919908
Conflict,0,,0.400957397026142,,0.0,0.2907996116406827
Conflict,0,,0.400957397026142,,0.0,0.2792583527377478
Conflict,0,,0.400957397026142,,0.0,0.2001254252107243
Conflict,0,,0.400957397026142,,0.0,0.5776399072571856
Conflict,0,,0.400957397026142,,0.0,0.4474352140328105
Conflict,0,,0.400957397026142,,0.0,0.4031520606396752
Conflict,0,,0.400957397026142,,0.0,0.3974122252202781
Conflict,0,,0.400957397026142,,0.0,0.3970722598898055
Conflict,0,,0.400957397026142,,0.0,0.3493231902452521
Conflict,0,,0.400957397026142,,0.0,0.3329930565694879
Conflict,0,,0.400957397026142,,0.0,0.3301559344967755
Conflict,0,,0.400957397026142,,0.0,0.321352764768994
Conflict,0,,0.400957397026142,,0.0,0.3178858067932535
Conflict,0,,0.400957397026142,,0.0,0.3154257206683782
Conflict,0,,0.400957397026142,,0.0,0.3091558011490463
Conflict,0,,0.400957397026142,,0.0,0.3052622349982921
Conflict,0,,0.400957397026142,,0.0,0.296969620919908
Conflict,0,,0.400957397026142,,0.0,0.2907996116406827
Conflict,0,,0.400957397026142,,0.0,0.2792583527377478
Conflict,0,,0.400957397026142,,0.0,0.2001254252107243
Conflict,0,,0.400957397026142,,0.0,0.5776399072571856
Conflict,0,,0.400957397026142,,0.0,0.4474352140328105
Conflict,0,,0.400957397026142,,0.0,0.4031520606396752
Conflict,0,,0.400957397026142,,0.0,0.3974122252202781
Conflict,0,,0.400957397026142,,0.0,0.3970722598898055
Conflict,0,,0.400957397026142,,0.0,0.3493231902452521
Conflict,0,,0.400957397026142,,0.0,0.3329930565694879
Conflict,0,,0.400957397026142,,0.0,0.3301559344967755
Conflict,0,,0.400957397026142,,0.0,0.321352764768994
Conflict,0,,0.400957397026142,,0.0,0.3178858067932535
Conflict,0,,0.400957397026142,,0.0,0.3154257206683782
Conflict,0,,0.400957397026142,,0.0,0.3091558011490463
Conflict,0,,0.400957397026142,,0.0,0.3052622349982921
Conflict,0,,0.400957397026142,,0.0,0.296969620919908
Conflict,0,,0.400957397026142,,0.0,0.2907996116406827
Conflict,0,,0.400957397026142,,0.0,0.2792583527377478
Conflict,0,,0.400957397026142,,0.0,0.2001254252107243
Conflict,0,,0.400957397026142,,0.0,0.5776399072571856
Conflict,0,,0.400957397026142,,0.0,0.4474352140328105
Conflict,0,,0.400957397026142,,0.0,0.4031520606396752
Conflict,0,,0.400957397026142,,0.0,0.3974122252202781
Conflict,0,,0.400957397026142,,0.0,0.3970722598898055
Conflict,0,,0.400957397026142,,0.0,0.3493231902452521
Conflict,0,,0.400957397026142,,0.0,0.3329930565694879
Conflict,0,,0.400957397026142,,0.0,0.3301559344967755
Conflict,0,,0.400957397026142,,0.0,0.321352764768994
Conflict,0,,0.400957397026142,,0.0,0.3178858067932535
Conflict,0,,0.400957397026142,,0.0,0.3154257206683782
Conflict,0,,0.400957397026142,,0.0,0.3091558011490463
Conflict,0,,0.400957397026142,,0.0,0.3052622349982921
Conflict,0,,0.400957397026142,,0.0,0.296969620919908
Conflict,0,,0.400957397026142,,0.0,0.2907996116406827
Conflict,0,,0.400957397026142,,0.0,0.2792583527377478
Conflict,0,,0.400957397026142,,0.0,0.2001254252107243
Conflict,0,,0.400957397026142,,0.0,0.5776399072571856
Conflict,0,,0.400957397026142,,0.0,0.4474352140328105
Conflict,0,,0.400957397026142,,0.0,0.4031520606396752
Conflict,0,,0.400957397026142,,0.0,0.3974122252202781
Conflict,0,,0.400957397026142,,0.0,0.3970722598898055
Conflict,0,,0.400957397026142,,0.0,0.3493231902452521
Conflict,0,,0.400957397026142,,0.0,0.3329930565694879
Conflict,0,,0.400957397026142,,0.0,0.3301559344967755
Conflict,0,,0.400957397026142,,0.0,0.321352764768994
Conflict,0,,0.400957397026142,,0.0,0.3178858067932535
Conflict,0,,0.400957397026142,,0.0,0.3154257206683782
Conflict,0,,0.400957397026142,,0.0,0.3091558011490463
Conflict,0,,0.400957397026142,,0.0,0.3052622349982921
Conflict,0,,0.400957397026142,,0.0,0.296969620919908
Conflict,0,,0.400957397026142,,0.0,0.2907996116406827
Conflict,0,,0.400957397026142,,0.0,0.2792583527377478
Conflict,0,,0.400957397026142,,0.0,0.2001254252107243
Conflict,0,,0.400957397026142,,0.0,0.5776399072571856
Conflict,0,,0.400957397026142,,0.0,0.4474352140328105
Conflict,0,,0.400957397026142,,0.0,0.4031520606396752
Conflict,0,,0.400957397026142,,0.0,0.3974122252202781
Conflict,0,,0.400957397026142,,0.0,0.3970722598898055
Conflict,0,,0.400957397026142,,0.0,0.3493231902452521
Conflict,0,,0.400957397026142,,0.0,0.3329930565694879
Conflict,0,,0.400957397026142,,0.0,0.3301559344967755
Conflict,0,,0.400957397026142,,0.0,0.321352764768994
Conflict,0,,0.400957397026142,,0.0,0.3178858067932535
Conflict,0,,0.400957397026142,,0.0,0.3154257206683782
Conflict,0,,0.400957397026142,,0.0,0.3091558011490463
Conflict,0,,0.400957397026142,,0.0,0.3052622349982921
Conflict,0,,0.400957397026142,,0.0,0.296969620919908
Conflict,0,,0.400957397026142,,0.0,0.2907996116406827
Conflict,0,,0.400957397026142,,0.0,0.2792583527377478
Conflict,0,,0.400957397026142,,0.0,0.2001254252107243
Conflict,0,,0.400957397026142,,0.0,0.5776399072571856
Conflict,0,,0.400957397026142,,0.0,0.4474352140328105
Conflict,0,,0.400957397026142,,0.0,0.4031520606396752
Conflict,0,,0.400957397026142,,0.0,0.3974122252202781
Conflict,0,,0.400957397026142,,0.0,0.3970722598898055
Conflict,0,,0.400957397026142,,0.0,0.3493231902452521
Conflict,0,,0.400957397026142,,0.0,0.3329930565694879
Conflict,0,,0.400957397026142,,0.0,0.3301559344967755
Conflict,0,,0.400957397026142,,0.0,0.321352764768994
Conflict,0,,0.400957397026142,,0.0,0.3178858067932535
Conflict,0,,0.400957397026142,,0.0,0.3154257206683782
Conflict,0,,0.400957397026142,,0.0,0.3091558011490463
Conflict,0,,0.400957397026142,,0.0,0.3052622349982921
Conflict,0,,0.400957397026142,,0.0,0.296969620919908
Conflict,0,,0.400957397026142,,0.0,0.2907996116406827
Conflict,0,,0.400957397026142,,0.0,0.2792583527377478
Conflict,0,,0.400957397026142,,0.0,0.2001254252107243
Conflict,0,,0.400957397026142,,0.0,0.5776399072571856
Conflict,0,,0.400957397026142,,0.0,0.4474352140328105
Conflict,0,,0.400957397026142,,0.0,0.4031520606396752
Conflict,0,,0.400957397026142,,0.0,0.3974122252202781
Conflict,0,,0.400957397026142,,0.0,0.3970722598898055
Conflict,0,,0.400957397026142,,0.0,0.3493231902452521
Conflict,0,,0.400957397026142,,0.0,0.3329930565694879
Conflict,0,,0.400957397026142,,0.0,0.3301559344967755
Conflict,0,,0.400957397026142,,0.0,0.321352764768994
Conflict,0,,0.400957397026142,,0.0,0.3178858067932535
Conflict,0,,0.400957397026142,,0.0,0.3154257206683782
Conflict,0,,0.400957397026142,,0.0,0.3091558011490463
Conflict,0,,0.400957397026142,,0.0,0.3052622349982921
Conflict,0,,0.400957397026142,,0.0,0.296969620919908
Conflict,0,,0.400957397026142,,0.0,0.2907996116406827
Conflict,0,,0.400957397026142,,0.0,0.2792583527377478
Conflict,0,,0.400957397026142,,0.0,0.2001254252107243
Conflict,0,,0.400957397026142,,0.0,0.5776399072571856
Conflict,0,,0.400957397026142,,0.0,0.4474352140328105
Conflict,0,,0.400957397026142,,0.0,0.4031520606396752
Conflict,0,,0.400957397026142,,0.0,0.3974122252202781
Conflict,0,,0.400957397026142,,0.0,0.3970722598898055
Conflict,0,,0.400957397026142,,0.0,0.3493231902452521
Conflict,0,,0.400957397026142,,0.0,0.3329930565694879
Conflict,0,,0.400957397026142,,0.0,0.3301559344967755
Conflict,0,,0.400957397026142,,0.0,0.321352764768994
Conflict,0,,0.400957397026142,,0.0,0.3178858067932535
Conflict,0,,0.400957397026142,,0.0,0.3154257206683782
Conflict,0,,0.400957397026142,,0.0,0.3091558011490463
Conflict,0,,0.400957397026142,,0.0,0.3052622349982921
Conflict,0,,0.400957397026142,,0.0,0.296969620919908
Conflict,0,,0.400957397026142,,0.0,0.2907996116406827
Conflict,0,,0.400957397026142,,0.0,0.2792583527377478
Conflict,0,,0.400957397026142,,0.0,0.2001254252107243
Conflict,0,,0.400957397026142,,0.0,0.5776399072571856
Conflict,0,,0.400957397026142,,0.0,0.4474352140328105
Conflict,0,,0.400957397026142,,0.0,0.4031520606396752
Conflict,0,,0.400957397026142,,0.0,0.3974122252202781
Conflict,0,,0.400957397026142,,0.0,0.3970722598898055
Conflict,0,,0.400957397026142,,0.0,0.3493231902452521
Conflict,0,,0.400957397026142,,0.0,0.3329930565694879
Conflict,0,,0.400957397026142,,0.0,0.3301559344967755
Conflict,0,,0.400957397026142,,0.0,0.321352764768994
Conflict,0,,0.400957397026142,,0.0,0.3178858067932535
Conflict,0,,0.400957397026142,,0.0,0.3154257206683782
Conflict,0,,0.400957397026142,,0.0,0.3091558011490463
Conflict,0,,0.400957397026142,,0.0,0.3052622349982921
Conflict,0,,0.400957397026142,,0.0,0.296969620919908
Conflict,0,,0.400957397026142,,0.0,0.2907996116406827
Conflict,0,,0.400957397026142,,0.0,0.2792583527377478
Conflict,0,,0.400957397026142,,0.0,0.2001254252107243
Conflict,0,,0.400957397026142,,0.0,0.5776399072571856
Conflict,0,,0.400957397026142,,0.0,0.4474352140328105
Conflict,0,,0.400957397026142,,0.0,0.4031520606396752
Conflict,0,,0.400957397026142,,0.0,0.3974122252202781
Conflict,0,,0.400957397026142,,0.0,0.3970722598898055
Conflict,0,,0.400957397026142,,0.0,0.3493231902452521
Conflict,0,,0.400957397026142,,0.0,0.3329930565694879
Conflict,0,,0.400957397026142,,0.0,0.3301559344967755
Conflict,0,,0.400957397026142,,0.0,0.321352764768994
Conflict,0,,0.400957397026142,,0.0,0.3178858067932535
Conflict,0,,0.400957397026142,,0.0,0.3154257206683782
Conflict,0,,0.400957397026142,,0.0,0.3091558011490463
Conflict,0,,0.400957397026142,,0.0,0.3052622349982921
Conflict,0,,0.400957397026142,,0.0,0.296969620919908
Conflict,0,,0.400957397026142,,0.0,0.2907996116406827
Conflict,0,,0.400957397026142,,0.0,0.2792583527377478
Conflict,0,,0.400957397026142,,0.0,0.2001254252107243
Conflict,0,,0.400957397026142,,0.0,0.5776399072571856
Conflict,0,,0.400957397026142,,0.0,0.4474352140328105
Conflict,0,,0.400957397026142,,0.0,0.4031520606396752
Conflict,0,,0.400957397026142,,0.0,0.3974122252202781
Conflict,0,,0.400957397026142,,0.0,0.3970722598898055
Conflict,0,,0.400957397026142,,0.0,0.3493231902452521
Conflict,0,,0.400957397026142,,0.0,0.3329930565694879
Conflict,0,,0.400957397026142,,0.0,0.3301559344967755
Conflict,0,,0.400957397026142,,0.0,0.321352764768994
Conflict,0,,0.400957397026142,,0.0,0.3178858067932535
Conflict,0,,0.400957397026142,,0.0,0.3154257206683782
Conflict,0,,0.400957397026142,,0.0,0.3091558011490463
Conflict,0,,0.400957397026142,,0.0,0.3052622349982921
Conflict,0,,0.400957397026142,,0.0,0.296969620919908
Conflict,0,,0.400957397026142,,0.0,0.2907996116406827
Conflict,0,,0.400957397026142,,0.0,0.2792583527377478
Conflict,0,,0.400957397026142,,0.0,0.2001254252107243
Conflict,0,,0.2696513742640367,,0.0,0.5776399072571856
Conflict,0,,0.2696513742640367,,0.0,0.4474352140328105
Conflict,0,,0.2696513742640367,,0.0,0.4031520606396752
Conflict,0,,0.2696513742640367,,0.0,0.3974122252202781
Conflict,0,,0.2696513742640367,,0.0,0.3970722598898055
Conflict,0,,0.2696513742640367,,0.0,0.3493231902452521
Conflict,0,,0.2696513742640367,,0.0,0.3329930565694879
Conflict,0,,0.2696513742640367,,0.0,0.3301559344967755
Conflict,0,,0.2696513742640367,,0.0,0.321352764768994
Conflict,0,,0.2696513742640367,,0.0,0.3178858067932535
Conflict,0,,0.2696513742640367,,0.0,0.3154257206683782
Conflict,0,,0.2696513742640367,,0.0,0.3091558011490463
Conflict,0,,0.2696513742640367,,0.0,0.3052622349982921
Conflict,0,,0.2696513742640367,,0.0,0.296969620919908
Conflict,0,,0.2696513742640367,,0.0,0.2907996116406827
Conflict,0,,0.2696513742640367,,0.0,0.2792583527377478
Conflict,0,,0.2696513742640367,,0.0,0.2001254252107243
Conflict,0,,0.2696513742640367,,0.0,0.5776399072571856
Conflict,0,,0.2696513742640367,,0.0,0.4474352140328105
Conflict,0,,0.2696513742640367,,0.0,0.4031520606396752
Conflict,0,,0.2696513742640367,,0.0,0.3974122252202781
Conflict,0,,0.2696513742640367,,0.0,0.3970722598898055
Conflict,0,,0.2696513742640367,,0.0,0.3493231902452521
Conflict,0,,0.2696513742640367,,0.0,0.3329930565694879
Conflict,0,,0.2696513742640367,,0.0,0.3301559344967755
Conflict,0,,0.2696513742640367,,0.0,0.321352764768994
Conflict,0,,0.2696513742640367,,0.0,0.3178858067932535
Conflict,0,,0.2696513742640367,,0.0,0.3154257206683782
Conflict,0,,0.2696513742640367,,0.0,0.3091558011490463
Conflict,0,,0.2696513742640367,,0.0,0.3052622349982921
Conflict,0,,0.2696513742640367,,0.0,0.296969620919908
Conflict,0,,0.2696513742640367,,0.0,0.2907996116406827
Conflict,0,,0.2696513742640367,,0.0,0.2792583527377478
Conflict,0,,0.2696513742640367,,0.0,0.2001254252107243
Conflict,0,,0.2696513742640367,,0.0,0.5776399072571856
Conflict,0,,0.2696513742640367,,0.0,0.4474352140328105
Conflict,0,,0.2696513742640367,,0.0,0.4031520606396752
Conflict,0,,0.2696513742640367,,0.0,0.3974122252202781
Conflict,0,,0.2696513742640367,,0.0,0.3970722598898055
Conflict,0,,0.2696513742640367,,0.0,0.3493231902452521
Conflict,0,,0.2696513742640367,,0.0,0.3329930565694879
Conflict,0,,0.2696513742640367,,0.0,0.3301559344967755
Conflict,0,,0.2696513742640367,,0.0,0.321352764768994
Conflict,0,,0.2696513742640367,,0.0,0.3178858067932535
Conflict,0,,0.2696513742640367,,0.0,0.3154257206683782
Conflict,0,,0.2696513742640367,,0.0,0.3091558011490463
Conflict,0,,0.2696513742640367,,0.0,0.3052622349982921
Conflict,0,,0.2696513742640367,,0.0,0.296969620919908
Conflict,0,,0.2696513742640367,,0.0,0.2907996116406827
Conflict,0,,0.2696513742640367,,0.0,0.2792583527377478
Conflict,0,,0.2696513742640367,,0.0,0.2001254252107243
Conflict,0,,0.2696513742640367,,0.0,0.5776399072571856
Conflict,0,,0.2696513742640367,,0.0,0.4474352140328105
Conflict,0,,0.2696513742640367,,0.0,0.4031520606396752
Conflict,0,,0.2696513742640367,,0.0,0.3974122252202781
Conflict,0,,0.2696513742640367,,0.0,0.3970722598898055
Conflict,0,,0.2696513742640367,,0.0,0.3493231902452521
Conflict,0,,0.2696513742640367,,0.0,0.3329930565694879
Conflict,0,,0.2696513742640367,,0.0,0.3301559344967755
Conflict,0,,0.2696513742640367,,0.0,0.321352764768994
Conflict,0,,0.2696513742640367,,0.0,0.3178858067932535
Conflict,0,,0.2696513742640367,,0.0,0.3154257206683782
Conflict,0,,0.2696513742640367,,0.0,0.3091558011490463
Conflict,0,,0.2696513742640367,,0.0,0.3052622349982921
Conflict,0,,0.2696513742640367,,0.0,0.296969620919908
Conflict,0,,0.2696513742640367,,0.0,0.2907996116406827
Conflict,0,,0.2696513742640367,,0.0,0.2792583527377478
Conflict,0,,0.2696513742640367,,0.0,0.2001254252107243
Conflict,0,,0.2696513742640367,,0.0,0.5776399072571856
Conflict,0,,0.2696513742640367,,0.0,0.4474352140328105
Conflict,0,,0.2696513742640367,,0.0,0.4031520606396752
Conflict,0,,0.2696513742640367,,0.0,0.3974122252202781
Conflict,0,,0.2696513742640367,,0.0,0.3970722598898055
Conflict,0,,0.2696513742640367,,0.0,0.3493231902452521
Conflict,0,,0.2696513742640367,,0.0,0.3329930565694879
Conflict,0,,0.2696513742640367,,0.0,0.3301559344967755
Conflict,0,,0.2696513742640367,,0.0,0.321352764768994
Conflict,0,,0.2696513742640367,,0.0,0.3178858067932535
Conflict,0,,0.2696513742640367,,0.0,0.3154257206683782
Conflict,0,,0.2696513742640367,,0.0,0.3091558011490463
Conflict,0,,0.2696513742640367,,0.0,0.3052622349982921
Conflict,0,,0.2696513742640367,,0.0,0.296969620919908
Conflict,0,,0.2696513742640367,,0.0,0.2907996116406827
Conflict,0,,0.2696513742640367,,0.0,0.2792583527377478
Conflict,0,,0.2696513742640367,,0.0,0.2001254252107243
Conflict,0,,0.2696513742640367,,0.0,0.5776399072571856
Conflict,0,,0.2696513742640367,,0.0,0.4474352140328105
Conflict,0,,0.2696513742640367,,0.0,0.4031520606396752
Conflict,0,,0.2696513742640367,,0.0,0.3974122252202781
Conflict,0,,0.2696513742640367,,0.0,0.3970722598898055
Conflict,0,,0.2696513742640367,,0.0,0.3493231902452521
Conflict,0,,0.2696513742640367,,0.0,0.3329930565694879
Conflict,0,,0.2696513742640367,,0.0,0.3301559344967755
Conflict,0,,0.2696513742640367,,0.0,0.321352764768994
Conflict,0,,0.2696513742640367,,0.0,0.3178858067932535
Conflict,0,,0.2696513742640367,,0.0,0.3154257206683782
Conflict,0,,0.2696513742640367,,0.0,0.3091558011490463
Conflict,0,,0.2696513742640367,,0.0,0.3052622349982921
Conflict,0,,0.2696513742640367,,0.0,0.296969620919908
Conflict,0,,0.2696513742640367,,0.0,0.2907996116406827
Conflict,0,,0.2696513742640367,,0.0,0.2792583527377478
Conflict,0,,0.2696513742640367,,0.0,0.2001254252107243
Conflict,0,,0.2696513742640367,,0.0,0.5776399072571856
Conflict,0,,0.2696513742640367,,0.0,0.4474352140328105
Conflict,0,,0.2696513742640367,,0.0,0.4031520606396752
Conflict,0,,0.2696513742640367,,0.0,0.3974122252202781
Conflict,0,,0.2696513742640367,,0.0,0.3970722598898055
Conflict,0,,0.2696513742640367,,0.0,0.3493231902452521
Conflict,0,,0.2696513742640367,,0.0,0.3329930565694879
Conflict,0,,0.2696513742640367,,0.0,0.3301559344967755
Conflict,0,,0.2696513742640367,,0.0,0.321352764768994
Conflict,0,,0.2696513742640367,,0.0,0.3178858067932535
Conflict,0,,0.2696513742640367,,0.0,0.3154257206683782
Conflict,0,,0.2696513742640367,,0.0,0.3091558011490463
Conflict,0,,0.2696513742640367,,0.0,0.3052622349982921
Conflict,0,,0.2696513742640367,,0.0,0.296969620919908
Conflict,0,,0.2696513742640367,,0.0,0.2907996116406827
Conflict,0,,0.2696513742640367,,0.0,0.2792583527377478
Conflict,0,,0.2696513742640367,,0.0,0.2001254252107243
Conflict,0,,0.2696513742640367,,0.0,0.5776399072571856
Conflict,0,,0.2696513742640367,,0.0,0.4474352140328105
Conflict,0,,0.2696513742640367,,0.0,0.4031520606396752
Conflict,0,,0.2696513742640367,,0.0,0.3974122252202781
Conflict,0,,0.2696513742640367,,0.0,0.3970722598898055
Conflict,0,,0.2696513742640367,,0.0,0.3493231902452521
Conflict,0,,0.2696513742640367,,0.0,0.3329930565694879
Conflict,0,,0.2696513742640367,,0.0,0.3301559344967755
Conflict,0,,0.2696513742640367,,0.0,0.321352764768994
Conflict,0,,0.2696513742640367,,0.0,0.3178858067932535
Conflict,0,,0.2696513742640367,,0.0,0.3154257206683782
Conflict,0,,0.2696513742640367,,0.0,0.3091558011490463
Conflict,0,,0.2696513742640367,,0.0,0.3052622349982921
Conflict,0,,0.2696513742640367,,0.0,0.296969620919908
Conflict,0,,0.2696513742640367,,0.0,0.2907996116406827
Conflict,0,,0.2696513742640367,,0.0,0.2792583527377478
Conflict,0,,0.2696513742640367,,0.0,0.2001254252107243
Conflict,0,,0.2696513742640367,,0.0,0.5776399072571856
Conflict,0,,0.2696513742640367,,0.0,0.4474352140328105
Conflict,0,,0.2696513742640367,,0.0,0.4031520606396752
Conflict,0,,0.2696513742640367,,0.0,0.3974122252202781
Conflict,0,,0.2696513742640367,,0.0,0.3970722598898055
Conflict,0,,0.2696513742640367,,0.0,0.3493231902452521
Conflict,0,,0.2696513742640367,,0.0,0.3329930565694879
Conflict,0,,0.2696513742640367,,0.0,0.3301559344967755
Conflict,0,,0.2696513742640367,,0.0,0.321352764768994
Conflict,0,,0.2696513742640367,,0.0,0.3178858067932535
Conflict,0,,0.2696513742640367,,0.0,0.3154257206683782
Conflict,0,,0.2696513742640367,,0.0,0.3091558011490463
Conflict,0,,0.2696513742640367,,0.0,0.3052622349982921
Conflict,0,,0.2696513742640367,,0.0,0.296969620919908
Conflict,0,,0.2696513742640367,,0.0,0.2907996116406827
Conflict,0,,0.2696513742640367,,0.0,0.2792583527377478
Conflict,0,,0.2696513742640367,,0.0,0.2001254252107243
Conflict,0,,0.2696513742640367,,0.0,0.5776399072571856
Conflict,0,,0.2696513742640367,,0.0,0.4474352140328105
Conflict,0,,0.2696513742640367,,0.0,0.4031520606396752
Conflict,0,,0.2696513742640367,,0.0,0.3974122252202781
Conflict,0,,0.2696513742640367,,0.0,0.3970722598898055
Conflict,0,,0.2696513742640367,,0.0,0.3493231902452521
Conflict,0,,0.2696513742640367,,0.0,0.3329930565694879
Conflict,0,,0.2696513742640367,,0.0,0.3301559344967755
Conflict,0,,0.2696513742640367,,0.0,0.321352764768994
Conflict,0,,0.2696513742640367,,0.0,0.3178858067932535
Conflict,0,,0.2696513742640367,,0.0,0.3154257206683782
Conflict,0,,0.2696513742640367,,0.0,0.3091558011490463
Conflict,0,,0.2696513742640367,,0.0,0.3052622349982921
Conflict,0,,0.2696513742640367,,0.0,0.296969620919908
Conflict,0,,0.2696513742640367,,0.0,0.2907996116406827
Conflict,0,,0.2696513742640367,,0.0,0.2792583527377478
Conflict,0,,0.2696513742640367,,0.0,0.2001254252107243
Conflict,0,,0.2696513742640367,,0.0,0.5776399072571856
Conflict,0,,0.2696513742640367,,0.0,0.4474352140328105
Conflict,0,,0.2696513742640367,,0.0,0.4031520606396752
Conflict,0,,0.2696513742640367,,0.0,0.3974122252202781
Conflict,0,,0.2696513742640367,,0.0,0.3970722598898055
Conflict,0,,0.2696513742640367,,0.0,0.3493231902452521
Conflict,0,,0.2696513742640367,,0.0,0.3329930565694879
Conflict,0,,0.2696513742640367,,0.0,0.3301559344967755
Conflict,0,,0.2696513742640367,,0.0,0.321352764768994
Conflict,0,,0.2696513742640367,,0.0,0.3178858067932535
Conflict,0,,0.2696513742640367,,0.0,0.3154257206683782
Conflict,0,,0.2696513742640367,,0.0,0.3091558011490463
Conflict,0,,0.2696513742640367,,0.0,0.3052622349982921
Conflict,0,,0.2696513742640367,,0.0,0.296969620919908
Conflict,0,,0.2696513742640367,,0.0,0.2907996116406827
Conflict,0,,0.2696513742640367,,0.0,0.2792583527377478
Conflict,0,,0.2696513742640367,,0.0,0.2001254252107243
Conflict,0,,0.2696513742640367,,0.0,0.5776399072571856
Conflict,0,,0.2696513742640367,,0.0,0.4474352140328105
Conflict,0,,0.2696513742640367,,0.0,0.4031520606396752
Conflict,0,,0.2696513742640367,,0.0,0.3974122252202781
Conflict,0,,0.2696513742640367,,0.0,0.3970722598898055
Conflict,0,,0.2696513742640367,,0.0,0.3493231902452521
Conflict,0,,0.2696513742640367,,0.0,0.3329930565694879
Conflict,0,,0.2696513742640367,,0.0,0.3301559344967755
Conflict,0,,0.2696513742640367,,0.0,0.321352764768994
Conflict,0,,0.2696513742640367,,0.0,0.3178858067932535
Conflict,0,,0.2696513742640367,,0.0,0.3154257206683782
Conflict,0,,0.2696513742640367,,0.0,0.3091558011490463
Conflict,0,,0.2696513742640367,,0.0,0.3052622349982921
Conflict,0,,0.2696513742640367,,0.0,0.296969620919908
Conflict,0,,0.2696513742640367,,0.0,0.2907996116406827
Conflict,0,,0.2696513742640367,,0.0,0.2792583527377478
Conflict,0,,0.2696513742640367,,0.0,0.2001254252107243
Conflict,0,,0.2696513742640367,,0.0,0.5776399072571856
Conflict,0,,0.2696513742640367,,0.0,0.4474352140328105
Conflict,0,,0.2696513742640367,,0.0,0.4031520606396752
Conflict,0,,0.2696513742640367,,0.0,0.3974122252202781
Conflict,0,,0.2696513742640367,,0.0,0.3970722598898055
Conflict,0,,0.2696513742640367,,0.0,0.3493231902452521
Conflict,0,,0.2696513742640367,,0.0,0.3329930565694879
Conflict,0,,0.2696513742640367,,0.0,0.3301559344967755
Conflict,0,,0.2696513742640367,,0.0,0.321352764768994
Conflict,0,,0.2696513742640367,,0.0,0.3178858067932535
Conflict,0,,0.2696513742640367,,0.0,0.3154257206683782
Conflict,0,,0.2696513742640367,,0.0,0.3091558011490463
Conflict,0,,0.2696513742640367,,0.0,0.3052622349982921
Conflict,0,,0.2696513742640367,,0.0,0.296969620919908
Conflict,0,,0.2696513742640367,,0.0,0.2907996116406827
Conflict,0,,0.2696513742640367,,0.0,0.2792583527377478
Conflict,0,,0.2696513742640367,,0.0,0.2001254252107243
Conflict,0,,0.2696513742640367,,0.0,0.5776399072571856
Conflict,0,,0.2696513742640367,,0.0,0.4474352140328105
Conflict,0,,0.2696513742640367,,0.0,0.4031520606396752
Conflict,0,,0.2696513742640367,,0.0,0.3974122252202781
Conflict,0,,0.2696513742640367,,0.0,0.3970722598898055
Conflict,0,,0.2696513742640367,,0.0,0.3493231902452521
Conflict,0,,0.2696513742640367,,0.0,0.3329930565694879
Conflict,0,,0.2696513742640367,,0.0,0.3301559344967755
Conflict,0,,0.2696513742640367,,0.0,0.321352764768994
Conflict,0,,0.2696513742640367,,0.0,0.3178858067932535
Conflict,0,,0.2696513742640367,,0.0,0.3154257206683782
Conflict,0,,0.2696513742640367,,0.0,0.3091558011490463
Conflict,0,,0.2696513742640367,,0.0,0.3052622349982921
Conflict,0,,0.2696513742640367,,0.0,0.296969620919908
Conflict,0,,0.2696513742640367,,0.0,0.2907996116406827
Conflict,0,,0.2696513742640367,,0.0,0.2792583527377478
Conflict,0,,0.2696513742640367,,0.0,0.2001254252107243
Conflict,0,,0.2696513742640367,,0.0,0.5776399072571856
Conflict,0,,0.2696513742640367,,0.0,0.4474352140328105
Conflict,0,,0.2696513742640367,,0.0,0.4031520606396752
Conflict,0,,0.2696513742640367,,0.0,0.3974122252202781
Conflict,0,,0.2696513742640367,,0.0,0.3970722598898055
Conflict,0,,0.2696513742640367,,0.0,0.3493231902452521
Conflict,0,,0.2696513742640367,,0.0,0.3329930565694879
Conflict,0,,0.2696513742640367,,0.0,0.3301559344967755
Conflict,0,,0.2696513742640367,,0.0,0.321352764768994
Conflict,0,,0.2696513742640367,,0.0,0.3178858067932535
Conflict,0,,0.2696513742640367,,0.0,0.3154257206683782
Conflict,0,,0.2696513742640367,,0.0,0.3091558011490463
Conflict,0,,0.2696513742640367,,0.0,0.3052622349982921
Conflict,0,,0.2696513742640367,,0.0,0.296969620919908
Conflict,0,,0.2696513742640367,,0.0,0.2907996116406827
Conflict,0,,0.2696513742640367,,0.0,0.2792583527377478
Conflict,0,,0.2696513742640367,,0.0,0.2001254252107243
Conflict,0,,0.2696513742640367,,0.0,0.5776399072571856
Conflict,0,,0.2696513742640367,,0.0,0.4474352140328105
Conflict,0,,0.2696513742640367,,0.0,0.4031520606396752
Conflict,0,,0.2696513742640367,,0.0,0.3974122252202781
Conflict,0,,0.2696513742640367,,0.0,0.3970722598898055
Conflict,0,,0.2696513742640367,,0.0,0.3493231902452521
Conflict,0,,0.2696513742640367,,0.0,0.3329930565694879
Conflict,0,,0.2696513742640367,,0.0,0.3301559344967755
Conflict,0,,0.2696513742640367,,0.0,0.321352764768994
Conflict,0,,0.2696513742640367,,0.0,0.3178858067932535
Conflict,0,,0.2696513742640367,,0.0,0.3154257206683782
Conflict,0,,0.2696513742640367,,0.0,0.3091558011490463
Conflict,0,,0.2696513742640367,,0.0,0.3052622349982921
Conflict,0,,0.2696513742640367,,0.0,0.296969620919908
Conflict,0,,0.2696513742640367,,0.0,0.2907996116406827
Conflict,0,,0.2696513742640367,,0.0,0.2792583527377478
Conflict,0,,0.2696513742640367,,0.0,0.2001254252107243
Conflict,0,,0.2258265762993651,,0.0,0.5776399072571856
Conflict,0,,0.2258265762993651,,0.0,0.4474352140328105
Conflict,0,,0.2258265762993651,,0.0,0.4031520606396752
Conflict,0,,0.2258265762993651,,0.0,0.3974122252202781
Conflict,0,,0.2258265762993651,,0.0,0.3970722598898055
Conflict,0,,0.2258265762993651,,0.0,0.3493231902452521
Conflict,0,,0.2258265762993651,,0.0,0.3329930565694879
Conflict,0,,0.2258265762993651,,0.0,0.3301559344967755
Conflict,0,,0.2258265762993651,,0.0,0.321352764768994
Conflict,0,,0.2258265762993651,,0.0,0.3178858067932535
Conflict,0,,0.2258265762993651,,0.0,0.3154257206683782
Conflict,0,,0.2258265762993651,,0.0,0.3091558011490463
Conflict,0,,0.2258265762993651,,0.0,0.3052622349982921
Conflict,0,,0.2258265762993651,,0.0,0.296969620919908
Conflict,0,,0.2258265762993651,,0.0,0.2907996116406827
Conflict,0,,0.2258265762993651,,0.0,0.2792583527377478
Conflict,0,,0.2258265762993651,,0.0,0.2001254252107243
Conflict,0,,0.2258265762993651,,0.0,0.5776399072571856
Conflict,0,,0.2258265762993651,,0.0,0.4474352140328105
Conflict,0,,0.2258265762993651,,0.0,0.4031520606396752
Conflict,0,,0.2258265762993651,,0.0,0.3974122252202781
Conflict,0,,0.2258265762993651,,0.0,0.3970722598898055
Conflict,0,,0.2258265762993651,,0.0,0.3493231902452521
Conflict,0,,0.2258265762993651,,0.0,0.3329930565694879
Conflict,0,,0.2258265762993651,,0.0,0.3301559344967755
Conflict,0,,0.2258265762993651,,0.0,0.321352764768994
Conflict,0,,0.2258265762993651,,0.0,0.3178858067932535
Conflict,0,,0.2258265762993651,,0.0,0.3154257206683782
Conflict,0,,0.2258265762993651,,0.0,0.3091558011490463
Conflict,0,,0.2258265762993651,,0.0,0.3052622349982921
Conflict,0,,0.2258265762993651,,0.0,0.296969620919908
Conflict,0,,0.2258265762993651,,0.0,0.2907996116406827
Conflict,0,,0.2258265762993651,,0.0,0.2792583527377478
Conflict,0,,0.2258265762993651,,0.0,0.2001254252107243
Conflict,0,,0.2258265762993651,,0.0,0.5776399072571856
Conflict,0,,0.2258265762993651,,0.0,0.4474352140328105
Conflict,0,,0.2258265762993651,,0.0,0.4031520606396752
Conflict,0,,0.2258265762993651,,0.0,0.3974122252202781
Conflict,0,,0.2258265762993651,,0.0,0.3970722598898055
Conflict,0,,0.2258265762993651,,0.0,0.3493231902452521
Conflict,0,,0.2258265762993651,,0.0,0.3329930565694879
Conflict,0,,0.2258265762993651,,0.0,0.3301559344967755
Conflict,0,,0.2258265762993651,,0.0,0.321352764768994
Conflict,0,,0.2258265762993651,,0.0,0.3178858067932535
Conflict,0,,0.2258265762993651,,0.0,0.3154257206683782
Conflict,0,,0.2258265762993651,,0.0,0.3091558011490463
Conflict,0,,0.2258265762993651,,0.0,0.3052622349982921
Conflict,0,,0.2258265762993651,,0.0,0.296969620919908
Conflict,0,,0.2258265762993651,,0.0,0.2907996116406827
Conflict,0,,0.2258265762993651,,0.0,0.2792583527377478
Conflict,0,,0.2258265762993651,,0.0,0.2001254252107243
Conflict,0,,0.2258265762993651,,0.0,0.5776399072571856
Conflict,0,,0.2258265762993651,,0.0,0.4474352140328105
Conflict,0,,0.2258265762993651,,0.0,0.4031520606396752
Conflict,0,,0.2258265762993651,,0.0,0.3974122252202781
Conflict,0,,0.2258265762993651,,0.0,0.3970722598898055
Conflict,0,,0.2258265762993651,,0.0,0.3493231902452521
Conflict,0,,0.2258265762993651,,0.0,0.3329930565694879
Conflict,0,,0.2258265762993651,,0.0,0.3301559344967755
Conflict,0,,0.2258265762993651,,0.0,0.321352764768994
Conflict,0,,0.2258265762993651,,0.0,0.3178858067932535
Conflict,0,,0.2258265762993651,,0.0,0.3154257206683782
Conflict,0,,0.2258265762993651,,0.0,0.3091558011490463
Conflict,0,,0.2258265762993651,,0.0,0.3052622349982921
Conflict,0,,0.2258265762993651,,0.0,0.296969620919908
Conflict,0,,0.2258265762993651,,0.0,0.2907996116406827
Conflict,0,,0.2258265762993651,,0.0,0.2792583527377478
Conflict,0,,0.2258265762993651,,0.0,0.2001254252107243
Conflict,0,,0.2258265762993651,,0.0,0.5776399072571856
Conflict,0,,0.2258265762993651,,0.0,0.4474352140328105
Conflict,0,,0.2258265762993651,,0.0,0.4031520606396752
Conflict,0,,0.2258265762993651,,0.0,0.3974122252202781
Conflict,0,,0.2258265762993651,,0.0,0.3970722598898055
Conflict,0,,0.2258265762993651,,0.0,0.3493231902452521
Conflict,0,,0.2258265762993651,,0.0,0.3329930565694879
Conflict,0,,0.2258265762993651,,0.0,0.3301559344967755
Conflict,0,,0.2258265762993651,,0.0,0.321352764768994
Conflict,0,,0.2258265762993651,,0.0,0.3178858067932535
Conflict,0,,0.2258265762993651,,0.0,0.3154257206683782
Conflict,0,,0.2258265762993651,,0.0,0.3091558011490463
Conflict,0,,0.2258265762993651,,0.0,0.3052622349982921
Conflict,0,,0.2258265762993651,,0.0,0.296969620919908
Conflict,0,,0.2258265762993651,,0.0,0.2907996116406827
Conflict,0,,0.2258265762993651,,0.0,0.2792583527377478
Conflict,0,,0.2258265762993651,,0.0,0.2001254252107243
Conflict,0,,0.2258265762993651,,0.0,0.5776399072571856
Conflict,0,,0.2258265762993651,,0.0,0.4474352140328105
Conflict,0,,0.2258265762993651,,0.0,0.4031520606396752
Conflict,0,,0.2258265762993651,,0.0,0.3974122252202781
Conflict,0,,0.2258265762993651,,0.0,0.3970722598898055
Conflict,0,,0.2258265762993651,,0.0,0.3493231902452521
Conflict,0,,0.2258265762993651,,0.0,0.3329930565694879
Conflict,0,,0.2258265762993651,,0.0,0.3301559344967755
Conflict,0,,0.2258265762993651,,0.0,0.321352764768994
Conflict,0,,0.2258265762993651,,0.0,0.3178858067932535
Conflict,0,,0.2258265762993651,,0.0,0.3154257206683782
Conflict,0,,0.2258265762993651,,0.0,0.3091558011490463
Conflict,0,,0.2258265762993651,,0.0,0.3052622349982921
Conflict,0,,0.2258265762993651,,0.0,0.296969620919908
Conflict,0,,0.2258265762993651,,0.0,0.2907996116406827
Conflict,0,,0.2258265762993651,,0.0,0.2792583527377478
Conflict,0,,0.2258265762993651,,0.0,0.2001254252107243
Conflict,0,,0.2258265762993651,,0.0,0.5776399072571856
Conflict,0,,0.2258265762993651,,0.0,0.4474352140328105
Conflict,0,,0.2258265762993651,,0.0,0.4031520606396752
Conflict,0,,0.2258265762993651,,0.0,0.3974122252202781
Conflict,0,,0.2258265762993651,,0.0,0.3970722598898055
Conflict,0,,0.2258265762993651,,0.0,0.3493231902452521
Conflict,0,,0.2258265762993651,,0.0,0.3329930565694879
Conflict,0,,0.2258265762993651,,0.0,0.3301559344967755
Conflict,0,,0.2258265762993651,,0.0,0.321352764768994
Conflict,0,,0.2258265762993651,,0.0,0.3178858067932535
Conflict,0,,0.2258265762993651,,0.0,0.3154257206683782
Conflict,0,,0.2258265762993651,,0.0,0.3091558011490463
Conflict,0,,0.2258265762993651,,0.0,0.3052622349982921
Conflict,0,,0.2258265762993651,,0.0,0.296969620919908
Conflict,0,,0.2258265762993651,,0.0,0.2907996116406827
Conflict,0,,0.2258265762993651,,0.0,0.2792583527377478
Conflict,0,,0.2258265762993651,,0.0,0.2001254252107243
Conflict,0,,0.2258265762993651,,0.0,0.5776399072571856
Conflict,0,,0.2258265762993651,,0.0,0.4474352140328105
Conflict,0,,0.2258265762993651,,0.0,0.4031520606396752
Conflict,0,,0.2258265762993651,,0.0,0.3974122252202781
Conflict,0,,0.2258265762993651,,0.0,0.3970722598898055
Conflict,0,,0.2258265762993651,,0.0,0.3493231902452521
Conflict,0,,0.2258265762993651,,0.0,0.3329930565694879
Conflict,0,,0.2258265762993651,,0.0,0.3301559344967755
Conflict,0,,0.2258265762993651,,0.0,0.321352764768994
Conflict,0,,0.2258265762993651,,0.0,0.3178858067932535
Conflict,0,,0.2258265762993651,,0.0,0.3154257206683782
Conflict,0,,0.2258265762993651,,0.0,0.3091558011490463
Conflict,0,,0.2258265762993651,,0.0,0.3052622349982921
Conflict,0,,0.2258265762993651,,0.0,0.296969620919908
Conflict,0,,0.2258265762993651,,0.0,0.2907996116406827
Conflict,0,,0.2258265762993651,,0.0,0.2792583527377478
Conflict,0,,0.2258265762993651,,0.0,0.2001254252107243
Conflict,0,,0.2258265762993651,,0.0,0.5776399072571856
Conflict,0,,0.2258265762993651,,0.0,0.4474352140328105
Conflict,0,,0.2258265762993651,,0.0,0.4031520606396752
Conflict,0,,0.2258265762993651,,0.0,0.3974122252202781
Conflict,0,,0.2258265762993651,,0.0,0.3970722598898055
Conflict,0,,0.2258265762993651,,0.0,0.3493231902452521
Conflict,0,,0.2258265762993651,,0.0,0.3329930565694879
Conflict,0,,0.2258265762993651,,0.0,0.3301559344967755
Conflict,0,,0.2258265762993651,,0.0,0.321352764768994
Conflict,0,,0.2258265762993651,,0.0,0.3178858067932535
Conflict,0,,0.2258265762993651,,0.0,0.3154257206683782
Conflict,0,,0.2258265762993651,,0.0,0.3091558011490463
Conflict,0,,0.2258265762993651,,0.0,0.3052622349982921
Conflict,0,,0.2258265762993651,,0.0,0.296969620919908
Conflict,0,,0.2258265762993651,,0.0,0.2907996116406827
Conflict,0,,0.2258265762993651,,0.0,0.2792583527377478
Conflict,0,,0.2258265762993651,,0.0,0.2001254252107243
Conflict,0,,0.2258265762993651,,0.0,0.5776399072571856
Conflict,0,,0.2258265762993651,,0.0,0.4474352140328105
Conflict,0,,0.2258265762993651,,0.0,0.4031520606396752
Conflict,0,,0.2258265762993651,,0.0,0.3974122252202781
Conflict,0,,0.2258265762993651,,0.0,0.3970722598898055
Conflict,0,,0.2258265762993651,,0.0,0.3493231902452521
Conflict,0,,0.2258265762993651,,0.0,0.3329930565694879
Conflict,0,,0.2258265762993651,,0.0,0.3301559344967755
Conflict,0,,0.2258265762993651,,0.0,0.321352764768994
Conflict,0,,0.2258265762993651,,0.0,0.3178858067932535
Conflict,0,,0.2258265762993651,,0.0,0.3154257206683782
Conflict,0,,0.2258265762993651,,0.0,0.3091558011490463
Conflict,0,,0.2258265762993651,,0.0,0.3052622349982921
Conflict,0,,0.2258265762993651,,0.0,0.296969620919908
Conflict,0,,0.2258265762993651,,0.0,0.2907996116406827
Conflict,0,,0.2258265762993651,,0.0,0.2792583527377478
Conflict,0,,0.2258265762993651,,0.0,0.2001254252107243
Conflict,0,,0.2258265762993651,,0.0,0.5776399072571856
Conflict,0,,0.2258265762993651,,0.0,0.4474352140328105
Conflict,0,,0.2258265762993651,,0.0,0.4031520606396752
Conflict,0,,0.2258265762993651,,0.0,0.3974122252202781
Conflict,0,,0.2258265762993651,,0.0,0.3970722598898055
Conflict,0,,0.2258265762993651,,0.0,0.3493231902452521
Conflict,0,,0.2258265762993651,,0.0,0.3329930565694879
Conflict,0,,0.2258265762993651,,0.0,0.3301559344967755
Conflict,0,,0.2258265762993651,,0.0,0.321352764768994
Conflict,0,,0.2258265762993651,,0.0,0.3178858067932535
Conflict,0,,0.2258265762993651,,0.0,0.3154257206683782
Conflict,0,,0.2258265762993651,,0.0,0.3091558011490463
Conflict,0,,0.2258265762993651,,0.0,0.3052622349982921
Conflict,0,,0.2258265762993651,,0.0,0.296969620919908
Conflict,0,,0.2258265762993651,,0.0,0.2907996116406827
Conflict,0,,0.2258265762993651,,0.0,0.2792583527377478
Conflict,0,,0.2258265762993651,,0.0,0.2001254252107243
Conflict,0,,0.2258265762993651,,0.0,0.5776399072571856
Conflict,0,,0.2258265762993651,,0.0,0.4474352140328105
Conflict,0,,0.2258265762993651,,0.0,0.4031520606396752
Conflict,0,,0.2258265762993651,,0.0,0.3974122252202781
Conflict,0,,0.2258265762993651,,0.0,0.3970722598898055
Conflict,0,,0.2258265762993651,,0.0,0.3493231902452521
Conflict,0,,0.2258265762993651,,0.0,0.3329930565694879
Conflict,0,,0.2258265762993651,,0.0,0.3301559344967755
Conflict,0,,0.2258265762993651,,0.0,0.321352764768994
Conflict,0,,0.2258265762993651,,0.0,0.3178858067932535
Conflict,0,,0.2258265762993651,,0.0,0.3154257206683782
Conflict,0,,0.2258265762993651,,0.0,0.3091558011490463
Conflict,0,,0.2258265762993651,,0.0,0.3052622349982921
Conflict,0,,0.2258265762993651,,0.0,0.296969620919908
Conflict,0,,0.2258265762993651,,0.0,0.2907996116406827
Conflict,0,,0.2258265762993651,,0.0,0.2792583527377478
Conflict,0,,0.2258265762993651,,0.0,0.2001254252107243
Conflict,0,,0.2258265762993651,,0.0,0.5776399072571856
Conflict,0,,0.2258265762993651,,0.0,0.4474352140328105
Conflict,0,,0.2258265762993651,,0.0,0.4031520606396752
Conflict,0,,0.2258265762993651,,0.0,0.3974122252202781
Conflict,0,,0.2258265762993651,,0.0,0.3970722598898055
Conflict,0,,0.2258265762993651,,0.0,0.3493231902452521
Conflict,0,,0.2258265762993651,,0.0,0.3329930565694879
Conflict,0,,0.2258265762993651,,0.0,0.3301559344967755
Conflict,0,,0.2258265762993651,,0.0,0.321352764768994
Conflict,0,,0.2258265762993651,,0.0,0.3178858067932535
Conflict,0,,0.2258265762993651,,0.0,0.3154257206683782
Conflict,0,,0.2258265762993651,,0.0,0.3091558011490463
Conflict,0,,0.2258265762993651,,0.0,0.3052622349982921
Conflict,0,,0.2258265762993651,,0.0,0.296969620919908
Conflict,0,,0.2258265762993651,,0.0,0.2907996116406827
Conflict,0,,0.2258265762993651,,0.0,0.2792583527377478
Conflict,0,,0.2258265762993651,,0.0,0.2001254252107243
Conflict,0,,0.2258265762993651,,0.0,0.5776399072571856
Conflict,0,,0.2258265762993651,,0.0,0.4474352140328105
Conflict,0,,0.2258265762993651,,0.0,0.4031520606396752
Conflict,0,,0.2258265762993651,,0.0,0.3974122252202781
Conflict,0,,0.2258265762993651,,0.0,0.3970722598898055
Conflict,0,,0.2258265762993651,,0.0,0.3493231902452521
Conflict,0,,0.2258265762993651,,0.0,0.3329930565694879
Conflict,0,,0.2258265762993651,,0.0,0.3301559344967755
Conflict,0,,0.2258265762993651,,0.0,0.321352764768994
Conflict,0,,0.2258265762993651,,0.0,0.3178858067932535
Conflict,0,,0.2258265762993651,,0.0,0.3154257206683782
Conflict,0,,0.2258265762993651,,0.0,0.3091558011490463
Conflict,0,,0.2258265762993651,,0.0,0.3052622349982921
Conflict,0,,0.2258265762993651,,0.0,0.296969620919908
Conflict,0,,0.2258265762993651,,0.0,0.2907996116406827
Conflict,0,,0.2258265762993651,,0.0,0.2792583527377478
Conflict,0,,0.2258265762993651,,0.0,0.2001254252107243
Conflict,0,,0.2258265762993651,,0.0,0.5776399072571856
Conflict,0,,0.2258265762993651,,0.0,0.4474352140328105
Conflict,0,,0.2258265762993651,,0.0,0.4031520606396752
Conflict,0,,0.2258265762993651,,0.0,0.3974122252202781
Conflict,0,,0.2258265762993651,,0.0,0.3970722598898055
Conflict,0,,0.2258265762993651,,0.0,0.3493231902452521
Conflict,0,,0.2258265762993651,,0.0,0.3329930565694879
Conflict,0,,0.2258265762993651,,0.0,0.3301559344967755
Conflict,0,,0.2258265762993651,,0.0,0.321352764768994
Conflict,0,,0.2258265762993651,,0.0,0.3178858067932535
Conflict,0,,0.2258265762993651,,0.0,0.3154257206683782
Conflict,0,,0.2258265762993651,,0.0,0.3091558011490463
Conflict,0,,0.2258265762993651,,0.0,0.3052622349982921
Conflict,0,,0.2258265762993651,,0.0,0.296969620919908
Conflict,0,,0.2258265762993651,,0.0,0.2907996116406827
Conflict,0,,0.2258265762993651,,0.0,0.2792583527377478
Conflict,0,,0.2258265762993651,,0.0,0.2001254252107243
Conflict,0,,0.2258265762993651,,0.0,0.5776399072571856
Conflict,0,,0.2258265762993651,,0.0,0.4474352140328105
Conflict,0,,0.2258265762993651,,0.0,0.4031520606396752
Conflict,0,,0.2258265762993651,,0.0,0.3974122252202781
Conflict,0,,0.2258265762993651,,0.0,0.3970722598898055
Conflict,0,,0.2258265762993651,,0.0,0.3493231902452521
Conflict,0,,0.2258265762993651,,0.0,0.3329930565694879
Conflict,0,,0.2258265762993651,,0.0,0.3301559344967755
Conflict,0,,0.2258265762993651,,0.0,0.321352764768994
Conflict,0,,0.2258265762993651,,0.0,0.3178858067932535
Conflict,0,,0.2258265762993651,,0.0,0.3154257206683782
Conflict,0,,0.2258265762993651,,0.0,0.3091558011490463
Conflict,0,,0.2258265762993651,,0.0,0.3052622349982921
Conflict,0,,0.2258265762993651,,0.0,0.296969620919908
Conflict,0,,0.2258265762993651,,0.0,0.2907996116406827
Conflict,0,,0.2258265762993651,,0.0,0.2792583527377478
Conflict,0,,0.2258265762993651,,0.0,0.2001254252107243
Conflict,0,,0.1640474326233566,,0.0,0.5776399072571856
Conflict,0,,0.1640474326233566,,0.0,0.4474352140328105
Conflict,0,,0.1640474326233566,,0.0,0.4031520606396752
Conflict,0,,0.1640474326233566,,0.0,0.3974122252202781
Conflict,0,,0.1640474326233566,,0.0,0.3970722598898055
Conflict,0,,0.1640474326233566,,0.0,0.3493231902452521
Conflict,0,,0.1640474326233566,,0.0,0.3329930565694879
Conflict,0,,0.1640474326233566,,0.0,0.3301559344967755
Conflict,0,,0.1640474326233566,,0.0,0.321352764768994
Conflict,0,,0.1640474326233566,,0.0,0.3178858067932535
Conflict,0,,0.1640474326233566,,0.0,0.3154257206683782
Conflict,0,,0.1640474326233566,,0.0,0.3091558011490463
Conflict,0,,0.1640474326233566,,0.0,0.3052622349982921
Conflict,0,,0.1640474326233566,,0.0,0.296969620919908
Conflict,0,,0.1640474326233566,,0.0,0.2907996116406827
Conflict,0,,0.1640474326233566,,0.0,0.2792583527377478
Conflict,0,,0.1640474326233566,,0.0,0.2001254252107243
Conflict,0,,0.1640474326233566,,0.0,0.5776399072571856
Conflict,0,,0.1640474326233566,,0.0,0.4474352140328105
Conflict,0,,0.1640474326233566,,0.0,0.4031520606396752
Conflict,0,,0.1640474326233566,,0.0,0.3974122252202781
Conflict,0,,0.1640474326233566,,0.0,0.3970722598898055
Conflict,0,,0.1640474326233566,,0.0,0.3493231902452521
Conflict,0,,0.1640474326233566,,0.0,0.3329930565694879
Conflict,0,,0.1640474326233566,,0.0,0.3301559344967755
Conflict,0,,0.1640474326233566,,0.0,0.321352764768994
Conflict,0,,0.1640474326233566,,0.0,0.3178858067932535
Conflict,0,,0.1640474326233566,,0.0,0.3154257206683782
Conflict,0,,0.1640474326233566,,0.0,0.3091558011490463
Conflict,0,,0.1640474326233566,,0.0,0.3052622349982921
Conflict,0,,0.1640474326233566,,0.0,0.296969620919908
Conflict,0,,0.1640474326233566,,0.0,0.2907996116406827
Conflict,0,,0.1640474326233566,,0.0,0.2792583527377478
Conflict,0,,0.1640474326233566,,0.0,0.2001254252107243
Conflict,0,,0.1640474326233566,,0.0,0.5776399072571856
Conflict,0,,0.1640474326233566,,0.0,0.4474352140328105
Conflict,0,,0.1640474326233566,,0.0,0.4031520606396752
Conflict,0,,0.1640474326233566,,0.0,0.3974122252202781
Conflict,0,,0.1640474326233566,,0.0,0.3970722598898055
Conflict,0,,0.1640474326233566,,0.0,0.3493231902452521
Conflict,0,,0.1640474326233566,,0.0,0.3329930565694879
Conflict,0,,0.1640474326233566,,0.0,0.3301559344967755
Conflict,0,,0.1640474326233566,,0.0,0.321352764768994
Conflict,0,,0.1640474326233566,,0.0,0.3178858067932535
Conflict,0,,0.1640474326233566,,0.0,0.3154257206683782
Conflict,0,,0.1640474326233566,,0.0,0.3091558011490463
Conflict,0,,0.1640474326233566,,0.0,0.3052622349982921
Conflict,0,,0.1640474326233566,,0.0,0.296969620919908
Conflict,0,,0.1640474326233566,,0.0,0.2907996116406827
Conflict,0,,0.1640474326233566,,0.0,0.2792583527377478
Conflict,0,,0.1640474326233566,,0.0,0.2001254252107243
Conflict,0,,0.1640474326233566,,0.0,0.5776399072571856
Conflict,0,,0.1640474326233566,,0.0,0.4474352140328105
Conflict,0,,0.1640474326233566,,0.0,0.4031520606396752
Conflict,0,,0.1640474326233566,,0.0,0.3974122252202781
Conflict,0,,0.1640474326233566,,0.0,0.3970722598898055
Conflict,0,,0.1640474326233566,,0.0,0.3493231902452521
Conflict,0,,0.1640474326233566,,0.0,0.3329930565694879
Conflict,0,,0.1640474326233566,,0.0,0.3301559344967755
Conflict,0,,0.1640474326233566,,0.0,0.321352764768994
Conflict,0,,0.1640474326233566,,0.0,0.3178858067932535
Conflict,0,,0.1640474326233566,,0.0,0.3154257206683782
Conflict,0,,0.1640474326233566,,0.0,0.3091558011490463
Conflict,0,,0.1640474326233566,,0.0,0.3052622349982921
Conflict,0,,0.1640474326233566,,0.0,0.296969620919908
Conflict,0,,0.1640474326233566,,0.0,0.2907996116406827
Conflict,0,,0.1640474326233566,,0.0,0.2792583527377478
Conflict,0,,0.1640474326233566,,0.0,0.2001254252107243
Conflict,0,,0.1640474326233566,,0.0,0.5776399072571856
Conflict,0,,0.1640474326233566,,0.0,0.4474352140328105
Conflict,0,,0.1640474326233566,,0.0,0.4031520606396752
Conflict,0,,0.1640474326233566,,0.0,0.3974122252202781
Conflict,0,,0.1640474326233566,,0.0,0.3970722598898055
Conflict,0,,0.1640474326233566,,0.0,0.3493231902452521
Conflict,0,,0.1640474326233566,,0.0,0.3329930565694879
Conflict,0,,0.1640474326233566,,0.0,0.3301559344967755
Conflict,0,,0.1640474326233566,,0.0,0.321352764768994
Conflict,0,,0.1640474326233566,,0.0,0.3178858067932535
Conflict,0,,0.1640474326233566,,0.0,0.3154257206683782
Conflict,0,,0.1640474326233566,,0.0,0.3091558011490463
Conflict,0,,0.1640474326233566,,0.0,0.3052622349982921
Conflict,0,,0.1640474326233566,,0.0,0.296969620919908
Conflict,0,,0.1640474326233566,,0.0,0.2907996116406827
Conflict,0,,0.1640474326233566,,0.0,0.2792583527377478
Conflict,0,,0.1640474326233566,,0.0,0.2001254252107243
Conflict,0,,0.1640474326233566,,0.0,0.5776399072571856
Conflict,0,,0.1640474326233566,,0.0,0.4474352140328105
Conflict,0,,0.1640474326233566,,0.0,0.4031520606396752
Conflict,0,,0.1640474326233566,,0.0,0.3974122252202781
Conflict,0,,0.1640474326233566,,0.0,0.3970722598898055
Conflict,0,,0.1640474326233566,,0.0,0.3493231902452521
Conflict,0,,0.1640474326233566,,0.0,0.3329930565694879
Conflict,0,,0.1640474326233566,,0.0,0.3301559344967755
Conflict,0,,0.1640474326233566,,0.0,0.321352764768994
Conflict,0,,0.1640474326233566,,0.0,0.3178858067932535
Conflict,0,,0.1640474326233566,,0.0,0.3154257206683782
Conflict,0,,0.1640474326233566,,0.0,0.3091558011490463
Conflict,0,,0.1640474326233566,,0.0,0.3052622349982921
Conflict,0,,0.1640474326233566,,0.0,0.296969620919908
Conflict,0,,0.1640474326233566,,0.0,0.2907996116406827
Conflict,0,,0.1640474326233566,,0.0,0.2792583527377478
Conflict,0,,0.1640474326233566,,0.0,0.2001254252107243
Conflict,0,,0.1640474326233566,,0.0,0.5776399072571856
Conflict,0,,0.1640474326233566,,0.0,0.4474352140328105
Conflict,0,,0.1640474326233566,,0.0,0.4031520606396752
Conflict,0,,0.1640474326233566,,0.0,0.3974122252202781
Conflict,0,,0.1640474326233566,,0.0,0.3970722598898055
Conflict,0,,0.1640474326233566,,0.0,0.3493231902452521
Conflict,0,,0.1640474326233566,,0.0,0.3329930565694879
Conflict,0,,0.1640474326233566,,0.0,0.3301559344967755
Conflict,0,,0.1640474326233566,,0.0,0.321352764768994
Conflict,0,,0.1640474326233566,,0.0,0.3178858067932535
Conflict,0,,0.1640474326233566,,0.0,0.3154257206683782
Conflict,0,,0.1640474326233566,,0.0,0.3091558011490463
Conflict,0,,0.1640474326233566,,0.0,0.3052622349982921
Conflict,0,,0.1640474326233566,,0.0,0.296969620919908
Conflict,0,,0.1640474326233566,,0.0,0.2907996116406827
Conflict,0,,0.1640474326233566,,0.0,0.2792583527377478
Conflict,0,,0.1640474326233566,,0.0,0.2001254252107243
Conflict,0,,0.1640474326233566,,0.0,0.5776399072571856
Conflict,0,,0.1640474326233566,,0.0,0.4474352140328105
Conflict,0,,0.1640474326233566,,0.0,0.4031520606396752
Conflict,0,,0.1640474326233566,,0.0,0.3974122252202781
Conflict,0,,0.1640474326233566,,0.0,0.3970722598898055
Conflict,0,,0.1640474326233566,,0.0,0.3493231902452521
Conflict,0,,0.1640474326233566,,0.0,0.3329930565694879
Conflict,0,,0.1640474326233566,,0.0,0.3301559344967755
Conflict,0,,0.1640474326233566,,0.0,0.321352764768994
Conflict,0,,0.1640474326233566,,0.0,0.3178858067932535
Conflict,0,,0.1640474326233566,,0.0,0.3154257206683782
Conflict,0,,0.1640474326233566,,0.0,0.3091558011490463
Conflict,0,,0.1640474326233566,,0.0,0.3052622349982921
Conflict,0,,0.1640474326233566,,0.0,0.296969620919908
Conflict,0,,0.1640474326233566,,0.0,0.2907996116406827
Conflict,0,,0.1640474326233566,,0.0,0.2792583527377478
Conflict,0,,0.1640474326233566,,0.0,0.2001254252107243
Conflict,0,,0.1640474326233566,,0.0,0.5776399072571856
Conflict,0,,0.1640474326233566,,0.0,0.4474352140328105
Conflict,0,,0.1640474326233566,,0.0,0.4031520606396752
Conflict,0,,0.1640474326233566,,0.0,0.3974122252202781
Conflict,0,,0.1640474326233566,,0.0,0.3970722598898055
Conflict,0,,0.1640474326233566,,0.0,0.3493231902452521
Conflict,0,,0.1640474326233566,,0.0,0.3329930565694879
Conflict,0,,0.1640474326233566,,0.0,0.3301559344967755
Conflict,0,,0.1640474326233566,,0.0,0.321352764768994
Conflict,0,,0.1640474326233566,,0.0,0.3178858067932535
Conflict,0,,0.1640474326233566,,0.0,0.3154257206683782
Conflict,0,,0.1640474326233566,,0.0,0.3091558011490463
Conflict,0,,0.1640474326233566,,0.0,0.3052622349982921
Conflict,0,,0.1640474326233566,,0.0,0.296969620919908
Conflict,0,,0.1640474326233566,,0.0,0.2907996116406827
Conflict,0,,0.1640474326233566,,0.0,0.2792583527377478
Conflict,0,,0.1640474326233566,,0.0,0.2001254252107243
Conflict,0,,0.1640474326233566,,0.0,0.5776399072571856
Conflict,0,,0.1640474326233566,,0.0,0.4474352140328105
Conflict,0,,0.1640474326233566,,0.0,0.4031520606396752
Conflict,0,,0.1640474326233566,,0.0,0.3974122252202781
Conflict,0,,0.1640474326233566,,0.0,0.3970722598898055
Conflict,0,,0.1640474326233566,,0.0,0.3493231902452521
Conflict,0,,0.1640474326233566,,0.0,0.3329930565694879
Conflict,0,,0.1640474326233566,,0.0,0.3301559344967755
Conflict,0,,0.1640474326233566,,0.0,0.321352764768994
Conflict,0,,0.1640474326233566,,0.0,0.3178858067932535
Conflict,0,,0.1640474326233566,,0.0,0.3154257206683782
Conflict,0,,0.1640474326233566,,0.0,0.3091558011490463
Conflict,0,,0.1640474326233566,,0.0,0.3052622349982921
Conflict,0,,0.1640474326233566,,0.0,0.296969620919908
Conflict,0,,0.1640474326233566,,0.0,0.2907996116406827
Conflict,0,,0.1640474326233566,,0.0,0.2792583527377478
Conflict,0,,0.1640474326233566,,0.0,0.2001254252107243
Conflict,0,,0.1640474326233566,,0.0,0.5776399072571856
Conflict,0,,0.1640474326233566,,0.0,0.4474352140328105
Conflict,0,,0.1640474326233566,,0.0,0.4031520606396752
Conflict,0,,0.1640474326233566,,0.0,0.3974122252202781
Conflict,0,,0.1640474326233566,,0.0,0.3970722598898055
Conflict,0,,0.1640474326233566,,0.0,0.3493231902452521
Conflict,0,,0.1640474326233566,,0.0,0.3329930565694879
Conflict,0,,0.1640474326233566,,0.0,0.3301559344967755
Conflict,0,,0.1640474326233566,,0.0,0.321352764768994
Conflict,0,,0.1640474326233566,,0.0,0.3178858067932535
Conflict,0,,0.1640474326233566,,0.0,0.3154257206683782
Conflict,0,,0.1640474326233566,,0.0,0.3091558011490463
Conflict,0,,0.1640474326233566,,0.0,0.3052622349982921
Conflict,0,,0.1640474326233566,,0.0,0.296969620919908
Conflict,0,,0.1640474326233566,,0.0,0.2907996116406827
Conflict,0,,0.1640474326233566,,0.0,0.2792583527377478
Conflict,0,,0.1640474326233566,,0.0,0.2001254252107243
Conflict,0,,0.1640474326233566,,0.0,0.5776399072571856
Conflict,0,,0.1640474326233566,,0.0,0.4474352140328105
Conflict,0,,0.1640474326233566,,0.0,0.4031520606396752
Conflict,0,,0.1640474326233566,,0.0,0.3974122252202781
Conflict,0,,0.1640474326233566,,0.0,0.3970722598898055
Conflict,0,,0.1640474326233566,,0.0,0.3493231902452521
Conflict,0,,0.1640474326233566,,0.0,0.3329930565694879
Conflict,0,,0.1640474326233566,,0.0,0.3301559344967755
Conflict,0,,0.1640474326233566,,0.0,0.321352764768994
Conflict,0,,0.1640474326233566,,0.0,0.3178858067932535
Conflict,0,,0.1640474326233566,,0.0,0.3154257206683782
Conflict,0,,0.1640474326233566,,0.0,0.3091558011490463
Conflict,0,,0.1640474326233566,,0.0,0.3052622349982921
Conflict,0,,0.1640474326233566,,0.0,0.296969620919908
Conflict,0,,0.1640474326233566,,0.0,0.2907996116406827
Conflict,0,,0.1640474326233566,,0.0,0.2792583527377478
Conflict,0,,0.1640474326233566,,0.0,0.2001254252107243
Conflict,0,,0.1640474326233566,,0.0,0.5776399072571856
Conflict,0,,0.1640474326233566,,0.0,0.4474352140328105
Conflict,0,,0.1640474326233566,,0.0,0.4031520606396752
Conflict,0,,0.1640474326233566,,0.0,0.3974122252202781
Conflict,0,,0.1640474326233566,,0.0,0.3970722598898055
Conflict,0,,0.1640474326233566,,0.0,0.3493231902452521
Conflict,0,,0.1640474326233566,,0.0,0.3329930565694879
Conflict,0,,0.1640474326233566,,0.0,0.3301559344967755
Conflict,0,,0.1640474326233566,,0.0,0.321352764768994
Conflict,0,,0.1640474326233566,,0.0,0.3178858067932535
Conflict,0,,0.1640474326233566,,0.0,0.3154257206683782
Conflict,0,,0.1640474326233566,,0.0,0.3091558011490463
Conflict,0,,0.1640474326233566,,0.0,0.3052622349982921
Conflict,0,,0.1640474326233566,,0.0,0.296969620919908
Conflict,0,,0.1640474326233566,,0.0,0.2907996116406827
Conflict,0,,0.1640474326233566,,0.0,0.2792583527377478
Conflict,0,,0.1640474326233566,,0.0,0.2001254252107243
Conflict,0,,0.1640474326233566,,0.0,0.5776399072571856
Conflict,0,,0.1640474326233566,,0.0,0.4474352140328105
Conflict,0,,0.1640474326233566,,0.0,0.4031520606396752
Conflict,0,,0.1640474326233566,,0.0,0.3974122252202781
Conflict,0,,0.1640474326233566,,0.0,0.3970722598898055
Conflict,0,,0.1640474326233566,,0.0,0.3493231902452521
Conflict,0,,0.1640474326233566,,0.0,0.3329930565694879
Conflict,0,,0.1640474326233566,,0.0,0.3301559344967755
Conflict,0,,0.1640474326233566,,0.0,0.321352764768994
Conflict,0,,0.1640474326233566,,0.0,0.3178858067932535
Conflict,0,,0.1640474326233566,,0.0,0.3154257206683782
Conflict,0,,0.1640474326233566,,0.0,0.3091558011490463
Conflict,0,,0.1640474326233566,,0.0,0.3052622349982921
Conflict,0,,0.1640474326233566,,0.0,0.296969620919908
Conflict,0,,0.1640474326233566,,0.0,0.2907996116406827
Conflict,0,,0.1640474326233566,,0.0,0.2792583527377478
Conflict,0,,0.1640474326233566,,0.0,0.2001254252107243
Conflict,0,,0.1640474326233566,,0.0,0.5776399072571856
Conflict,0,,0.1640474326233566,,0.0,0.4474352140328105
Conflict,0,,0.1640474326233566,,0.0,0.4031520606396752
Conflict,0,,0.1640474326233566,,0.0,0.3974122252202781
Conflict,0,,0.1640474326233566,,0.0,0.3970722598898055
Conflict,0,,0.1640474326233566,,0.0,0.3493231902452521
Conflict,0,,0.1640474326233566,,0.0,0.3329930565694879
Conflict,0,,0.1640474326233566,,0.0,0.3301559344967755
Conflict,0,,0.1640474326233566,,0.0,0.321352764768994
Conflict,0,,0.1640474326233566,,0.0,0.3178858067932535
Conflict,0,,0.1640474326233566,,0.0,0.3154257206683782
Conflict,0,,0.1640474326233566,,0.0,0.3091558011490463
Conflict,0,,0.1640474326233566,,0.0,0.3052622349982921
Conflict,0,,0.1640474326233566,,0.0,0.296969620919908
Conflict,0,,0.1640474326233566,,0.0,0.2907996116406827
Conflict,0,,0.1640474326233566,,0.0,0.2792583527377478
Conflict,0,,0.1640474326233566,,0.0,0.2001254252107243
Conflict,0,,0.1640474326233566,,0.0,0.5776399072571856
Conflict,0,,0.1640474326233566,,0.0,0.4474352140328105
Conflict,0,,0.1640474326233566,,0.0,0.4031520606396752
Conflict,0,,0.1640474326233566,,0.0,0.3974122252202781
Conflict,0,,0.1640474326233566,,0.0,0.3970722598898055
Conflict,0,,0.1640474326233566,,0.0,0.3493231902452521
Conflict,0,,0.1640474326233566,,0.0,0.3329930565694879
Conflict,0,,0.1640474326233566,,0.0,0.3301559344967755
Conflict,0,,0.1640474326233566,,0.0,0.321352764768994
Conflict,0,,0.1640474326233566,,0.0,0.3178858067932535
Conflict,0,,0.1640474326233566,,0.0,0.3154257206683782
Conflict,0,,0.1640474326233566,,0.0,0.3091558011490463
Conflict,0,,0.1640474326233566,,0.0,0.3052622349982921
Conflict,0,,0.1640474326233566,,0.0,0.296969620919908
Conflict,0,,0.1640474326233566,,0.0,0.2907996116406827
Conflict,0,,0.1640474326233566,,0.0,0.2792583527377478
Conflict,0,,0.1640474326233566,,0.0,0.2001254252107243
Conflict,0,,0.1640474326233566,,0.0,0.5776399072571856
Conflict,0,,0.1640474326233566,,0.0,0.4474352140328105
Conflict,0,,0.1640474326233566,,0.0,0.4031520606396752
Conflict,0,,0.1640474326233566,,0.0,0.3974122252202781
Conflict,0,,0.1640474326233566,,0.0,0.3970722598898055
Conflict,0,,0.1640474326233566,,0.0,0.3493231902452521
Conflict,0,,0.1640474326233566,,0.0,0.3329930565694879
Conflict,0,,0.1640474326233566,,0.0,0.3301559344967755
Conflict,0,,0.1640474326233566,,0.0,0.321352764768994
Conflict,0,,0.1640474326233566,,0.0,0.3178858067932535
Conflict,0,,0.1640474326233566,,0.0,0.3154257206683782
Conflict,0,,0.1640474326233566,,0.0,0.3091558011490463
Conflict,0,,0.1640474326233566,,0.0,0.3052622349982921
Conflict,0,,0.1640474326233566,,0.0,0.296969620919908
Conflict,0,,0.1640474326233566,,0.0,0.2907996116406827
Conflict,0,,0.1640474326233566,,0.0,0.2792583527377478
Conflict,0,,0.1640474326233566,,0.0,0.2001254252107243
Conflict,0,,0.1640474326233566,,0.0,0.5776399072571856
Conflict,0,,0.1640474326233566,,0.0,0.4474352140328105
Conflict,0,,0.1640474326233566,,0.0,0.4031520606396752
Conflict,0,,0.1640474326233566,,0.0,0.3974122252202781
Conflict,0,,0.1640474326233566,,0.0,0.3970722598898055
Conflict,0,,0.1640474326233566,,0.0,0.3493231902452521
Conflict,0,,0.1640474326233566,,0.0,0.3329930565694879
Conflict,0,,0.1640474326233566,,0.0,0.3301559344967755
Conflict,0,,0.1640474326233566,,0.0,0.321352764768994
Conflict,0,,0.1640474326233566,,0.0,0.3178858067932535
Conflict,0,,0.1640474326233566,,0.0,0.3154257206683782
Conflict,0,,0.1640474326233566,,0.0,0.3091558011490463
Conflict,0,,0.1640474326233566,,0.0,0.3052622349982921
Conflict,0,,0.1640474326233566,,0.0,0.296969620919908
Conflict,0,,0.1640474326233566,,0.0,0.2907996116406827
Conflict,0,,0.1640474326233566,,0.0,0.2792583527377478
Conflict,0,,0.1640474326233566,,0.0,0.2001254252107243
Conflict,0,,0.1640474326233566,,0.0,0.5776399072571856
Conflict,0,,0.1640474326233566,,0.0,0.4474352140328105
Conflict,0,,0.1640474326233566,,0.0,0.4031520606396752
Conflict,0,,0.1640474326233566,,0.0,0.3974122252202781
Conflict,0,,0.1640474326233566,,0.0,0.3970722598898055
Conflict,0,,0.1640474326233566,,0.0,0.3493231902452521
Conflict,0,,0.1640474326233566,,0.0,0.3329930565694879
Conflict,0,,0.1640474326233566,,0.0,0.3301559344967755
Conflict,0,,0.1640474326233566,,0.0,0.321352764768994
Conflict,0,,0.1640474326233566,,0.0,0.3178858067932535
Conflict,0,,0.1640474326233566,,0.0,0.3154257206683782
Conflict,0,,0.1640474326233566,,0.0,0.3091558011490463
Conflict,0,,0.1640474326233566,,0.0,0.3052622349982921
Conflict,0,,0.1640474326233566,,0.0,0.296969620919908
Conflict,0,,0.1640474326233566,,0.0,0.2907996116406827
Conflict,0,,0.1640474326233566,,0.0,0.2792583527377478
Conflict,0,,0.1640474326233566,,0.0,0.2001254252107243
Conflict,0,,0.1640474326233566,,0.0,0.5776399072571856
Conflict,0,,0.1640474326233566,,0.0,0.4474352140328105
Conflict,0,,0.1640474326233566,,0.0,0.4031520606396752
Conflict,0,,0.1640474326233566,,0.0,0.3974122252202781
Conflict,0,,0.1640474326233566,,0.0,0.3970722598898055
Conflict,0,,0.1640474326233566,,0.0,0.3493231902452521
Conflict,0,,0.1640474326233566,,0.0,0.3329930565694879
Conflict,0,,0.1640474326233566,,0.0,0.3301559344967755
Conflict,0,,0.1640474326233566,,0.0,0.321352764768994
Conflict,0,,0.1640474326233566,,0.0,0.3178858067932535
Conflict,0,,0.1640474326233566,,0.0,0.3154257206683782
Conflict,0,,0.1640474326233566,,0.0,0.3091558011490463
Conflict,0,,0.1640474326233566,,0.0,0.3052622349982921
Conflict,0,,0.1640474326233566,,0.0,0.296969620919908
Conflict,0,,0.1640474326233566,,0.0,0.2907996116406827
Conflict,0,,0.1640474326233566,,0.0,0.2792583527377478
Conflict,0,,0.1640474326233566,,0.0,0.2001254252107243
Conflict,0,,0.1640474326233566,,0.0,0.5776399072571856
Conflict,0,,0.1640474326233566,,0.0,0.4474352140328105
Conflict,0,,0.1640474326233566,,0.0,0.4031520606396752
Conflict,0,,0.1640474326233566,,0.0,0.3974122252202781
Conflict,0,,0.1640474326233566,,0.0,0.3970722598898055
Conflict,0,,0.1640474326233566,,0.0,0.3493231902452521
Conflict,0,,0.1640474326233566,,0.0,0.3329930565694879
Conflict,0,,0.1640474326233566,,0.0,0.3301559344967755
Conflict,0,,0.1640474326233566,,0.0,0.321352764768994
Conflict,0,,0.1640474326233566,,0.0,0.3178858067932535
Conflict,0,,0.1640474326233566,,0.0,0.3154257206683782
Conflict,0,,0.1640474326233566,,0.0,0.3091558011490463
Conflict,0,,0.1640474326233566,,0.0,0.3052622349982921
Conflict,0,,0.1640474326233566,,0.0,0.296969620919908
Conflict,0,,0.1640474326233566,,0.0,0.2907996116406827
Conflict,0,,0.1640474326233566,,0.0,0.2792583527377478
Conflict,0,,0.1640474326233566,,0.0,0.2001254252107243
Conflict,0,,0.1640474326233566,,0.0,0.5776399072571856
Conflict,0,,0.1640474326233566,,0.0,0.4474352140328105
Conflict,0,,0.1640474326233566,,0.0,0.4031520606396752
Conflict,0,,0.1640474326233566,,0.0,0.3974122252202781
Conflict,0,,0.1640474326233566,,0.0,0.3970722598898055
Conflict,0,,0.1640474326233566,,0.0,0.3493231902452521
Conflict,0,,0.1640474326233566,,0.0,0.3329930565694879
Conflict,0,,0.1640474326233566,,0.0,0.3301559344967755
Conflict,0,,0.1640474326233566,,0.0,0.321352764768994
Conflict,0,,0.1640474326233566,,0.0,0.3178858067932535
Conflict,0,,0.1640474326233566,,0.0,0.3154257206683782
Conflict,0,,0.1640474326233566,,0.0,0.3091558011490463
Conflict,0,,0.1640474326233566,,0.0,0.3052622349982921
Conflict,0,,0.1640474326233566,,0.0,0.296969620919908
Conflict,0,,0.1640474326233566,,0.0,0.2907996116406827
Conflict,0,,0.1640474326233566,,0.0,0.2792583527377478
Conflict,0,,0.1640474326233566,,0.0,0.2001254252107243
Conflict,0,,0.1640474326233566,,0.0,0.5776399072571856
Conflict,0,,0.1640474326233566,,0.0,0.4474352140328105
Conflict,0,,0.1640474326233566,,0.0,0.4031520606396752
Conflict,0,,0.1640474326233566,,0.0,0.3974122252202781
Conflict,0,,0.1640474326233566,,0.0,0.3970722598898055
Conflict,0,,0.1640474326233566,,0.0,0.3493231902452521
Conflict,0,,0.1640474326233566,,0.0,0.3329930565694879
Conflict,0,,0.1640474326233566,,0.0,0.3301559344967755
Conflict,0,,0.1640474326233566,,0.0,0.321352764768994
Conflict,0,,0.1640474326233566,,0.0,0.3178858067932535
Conflict,0,,0.1640474326233566,,0.0,0.3154257206683782
Conflict,0,,0.1640474326233566,,0.0,0.3091558011490463
Conflict,0,,0.1640474326233566,,0.0,0.3052622349982921
Conflict,0,,0.1640474326233566,,0.0,0.296969620919908
Conflict,0,,0.1640474326233566,,0.0,0.2907996116406827
Conflict,0,,0.1640474326233566,,0.0,0.2792583527377478
Conflict,0,,0.1640474326233566,,0.0,0.2001254252107243
Conflict,0,,0.1640474326233566,,0.0,0.5776399072571856
Conflict,0,,0.1640474326233566,,0.0,0.4474352140328105
Conflict,0,,0.1640474326233566,,0.0,0.4031520606396752
Conflict,0,,0.1640474326233566,,0.0,0.3974122252202781
Conflict,0,,0.1640474326233566,,0.0,0.3970722598898055
Conflict,0,,0.1640474326233566,,0.0,0.3493231902452521
Conflict,0,,0.1640474326233566,,0.0,0.3329930565694879
Conflict,0,,0.1640474326233566,,0.0,0.3301559344967755
Conflict,0,,0.1640474326233566,,0.0,0.321352764768994
Conflict,0,,0.1640474326233566,,0.0,0.3178858067932535
Conflict,0,,0.1640474326233566,,0.0,0.3154257206683782
Conflict,0,,0.1640474326233566,,0.0,0.3091558011490463
Conflict,0,,0.1640474326233566,,0.0,0.3052622349982921
Conflict,0,,0.1640474326233566,,0.0,0.296969620919908
Conflict,0,,0.1640474326233566,,0.0,0.2907996116406827
Conflict,0,,0.1640474326233566,,0.0,0.2792583527377478
Conflict,0,,0.1640474326233566,,0.0,0.2001254252107243
Conflict,0,,0.1640474326233566,,0.0,0.5776399072571856
Conflict,0,,0.1640474326233566,,0.0,0.4474352140328105
Conflict,0,,0.1640474326233566,,0.0,0.4031520606396752
Conflict,0,,0.1640474326233566,,0.0,0.3974122252202781
Conflict,0,,0.1640474326233566,,0.0,0.3970722598898055
Conflict,0,,0.1640474326233566,,0.0,0.3493231902452521
Conflict,0,,0.1640474326233566,,0.0,0.3329930565694879
Conflict,0,,0.1640474326233566,,0.0,0.3301559344967755
Conflict,0,,0.1640474326233566,,0.0,0.321352764768994
Conflict,0,,0.1640474326233566,,0.0,0.3178858067932535
Conflict,0,,0.1640474326233566,,0.0,0.3154257206683782
Conflict,0,,0.1640474326233566,,0.0,0.3091558011490463
Conflict,0,,0.1640474326233566,,0.0,0.3052622349982921
Conflict,0,,0.1640474326233566,,0.0,0.296969620919908
Conflict,0,,0.1640474326233566,,0.0,0.2907996116406827
Conflict,0,,0.1640474326233566,,0.0,0.2792583527377478
Conflict,0,,0.1640474326233566,,0.0,0.2001254252107243
Conflict,0,,0.1640474326233566,,0.0,0.5776399072571856
Conflict,0,,0.1640474326233566,,0.0,0.4474352140328105
Conflict,0,,0.1640474326233566,,0.0,0.4031520606396752
Conflict,0,,0.1640474326233566,,0.0,0.3974122252202781
Conflict,0,,0.1640474326233566,,0.0,0.3970722598898055
Conflict,0,,0.1640474326233566,,0.0,0.3493231902452521
Conflict,0,,0.1640474326233566,,0.0,0.3329930565694879
Conflict,0,,0.1640474326233566,,0.0,0.3301559344967755
Conflict,0,,0.1640474326233566,,0.0,0.321352764768994
Conflict,0,,0.1640474326233566,,0.0,0.3178858067932535
Conflict,0,,0.1640474326233566,,0.0,0.3154257206683782
Conflict,0,,0.1640474326233566,,0.0,0.3091558011490463
Conflict,0,,0.1640474326233566,,0.0,0.3052622349982921
Conflict,0,,0.1640474326233566,,0.0,0.296969620919908
Conflict,0,,0.1640474326233566,,0.0,0.2907996116406827
Conflict,0,,0.1640474326233566,,0.0,0.2792583527377478
Conflict,0,,0.1640474326233566,,0.0,0.2001254252107243
Conflict,0,,0.1640474326233566,,0.0,0.5776399072571856
Conflict,0,,0.1640474326233566,,0.0,0.4474352140328105
Conflict,0,,0.1640474326233566,,0.0,0.4031520606396752
Conflict,0,,0.1640474326233566,,0.0,0.3974122252202781
Conflict,0,,0.1640474326233566,,0.0,0.3970722598898055
Conflict,0,,0.1640474326233566,,0.0,0.3493231902452521
Conflict,0,,0.1640474326233566,,0.0,0.3329930565694879
Conflict,0,,0.1640474326233566,,0.0,0.3301559344967755
Conflict,0,,0.1640474326233566,,0.0,0.321352764768994
Conflict,0,,0.1640474326233566,,0.0,0.3178858067932535
Conflict,0,,0.1640474326233566,,0.0,0.3154257206683782
Conflict,0,,0.1640474326233566,,0.0,0.3091558011490463
Conflict,0,,0.1640474326233566,,0.0,0.3052622349982921
Conflict,0,,0.1640474326233566,,0.0,0.296969620919908
Conflict,0,,0.1640474326233566,,0.0,0.2907996116406827
Conflict,0,,0.1640474326233566,,0.0,0.2792583527377478
Conflict,0,,0.1640474326233566,,0.0,0.2001254252107243
Conflict,0,,0.1640474326233566,,0.0,0.5776399072571856
Conflict,0,,0.1640474326233566,,0.0,0.4474352140328105
Conflict,0,,0.1640474326233566,,0.0,0.4031520606396752
Conflict,0,,0.1640474326233566,,0.0,0.3974122252202781
Conflict,0,,0.1640474326233566,,0.0,0.3970722598898055
Conflict,0,,0.1640474326233566,,0.0,0.3493231902452521
Conflict,0,,0.1640474326233566,,0.0,0.3329930565694879
Conflict,0,,0.1640474326233566,,0.0,0.3301559344967755
Conflict,0,,0.1640474326233566,,0.0,0.321352764768994
Conflict,0,,0.1640474326233566,,0.0,0.3178858067932535
Conflict,0,,0.1640474326233566,,0.0,0.3154257206683782
Conflict,0,,0.1640474326233566,,0.0,0.3091558011490463
Conflict,0,,0.1640474326233566,,0.0,0.3052622349982921
Conflict,0,,0.1640474326233566,,0.0,0.296969620919908
Conflict,0,,0.1640474326233566,,0.0,0.2907996116406827
Conflict,0,,0.1640474326233566,,0.0,0.2792583527377478
Conflict,0,,0.1640474326233566,,0.0,0.2001254252107243
Conflict,0,,0.1640474326233566,,0.0,0.5776399072571856
Conflict,0,,0.1640474326233566,,0.0,0.4474352140328105
Conflict,0,,0.1640474326233566,,0.0,0.4031520606396752
Conflict,0,,0.1640474326233566,,0.0,0.3974122252202781
Conflict,0,,0.1640474326233566,,0.0,0.3970722598898055
Conflict,0,,0.1640474326233566,,0.0,0.3493231902452521
Conflict,0,,0.1640474326233566,,0.0,0.3329930565694879
Conflict,0,,0.1640474326233566,,0.0,0.3301559344967755
Conflict,0,,0.1640474326233566,,0.0,0.321352764768994
Conflict,0,,0.1640474326233566,,0.0,0.3178858067932535
Conflict,0,,0.1640474326233566,,0.0,0.3154257206683782
Conflict,0,,0.1640474326233566,,0.0,0.3091558011490463
Conflict,0,,0.1640474326233566,,0.0,0.3052622349982921
Conflict,0,,0.1640474326233566,,0.0,0.296969620919908
Conflict,0,,0.1640474326233566,,0.0,0.2907996116406827
Conflict,0,,0.1640474326233566,,0.0,0.2792583527377478
Conflict,0,,0.1640474326233566,,0.0,0.2001254252107243
Conflict,0,,0.1640474326233566,,0.0,0.5776399072571856
Conflict,0,,0.1640474326233566,,0.0,0.4474352140328105
Conflict,0,,0.1640474326233566,,0.0,0.4031520606396752
Conflict,0,,0.1640474326233566,,0.0,0.3974122252202781
Conflict,0,,0.1640474326233566,,0.0,0.3970722598898055
Conflict,0,,0.1640474326233566,,0.0,0.3493231902452521
Conflict,0,,0.1640474326233566,,0.0,0.3329930565694879
Conflict,0,,0.1640474326233566,,0.0,0.3301559344967755
Conflict,0,,0.1640474326233566,,0.0,0.321352764768994
Conflict,0,,0.1640474326233566,,0.0,0.3178858067932535
Conflict,0,,0.1640474326233566,,0.0,0.3154257206683782
Conflict,0,,0.1640474326233566,,0.0,0.3091558011490463
Conflict,0,,0.1640474326233566,,0.0,0.3052622349982921
Conflict,0,,0.1640474326233566,,0.0,0.296969620919908
Conflict,0,,0.1640474326233566,,0.0,0.2907996116406827
Conflict,0,,0.1640474326233566,,0.0,0.2792583527377478
Conflict,0,,0.1640474326233566,,0.0,0.2001254252107243
Conflict,0,,0.1640474326233566,,0.0,0.5776399072571856
Conflict,0,,0.1640474326233566,,0.0,0.4474352140328105
Conflict,0,,0.1640474326233566,,0.0,0.4031520606396752
Conflict,0,,0.1640474326233566,,0.0,0.3974122252202781
Conflict,0,,0.1640474326233566,,0.0,0.3970722598898055
Conflict,0,,0.1640474326233566,,0.0,0.3493231902452521
Conflict,0,,0.1640474326233566,,0.0,0.3329930565694879
Conflict,0,,0.1640474326233566,,0.0,0.3301559344967755
Conflict,0,,0.1640474326233566,,0.0,0.321352764768994
Conflict,0,,0.1640474326233566,,0.0,0.3178858067932535
Conflict,0,,0.1640474326233566,,0.0,0.3154257206683782
Conflict,0,,0.1640474326233566,,0.0,0.3091558011490463
Conflict,0,,0.1640474326233566,,0.0,0.3052622349982921
Conflict,0,,0.1640474326233566,,0.0,0.296969620919908
Conflict,0,,0.1640474326233566,,0.0,0.2907996116406827
Conflict,0,,0.1640474326233566,,0.0,0.2792583527377478
Conflict,0,,0.1640474326233566,,0.0,0.2001254252107243
Conflict,0,,0.1640474326233566,,0.0,0.5776399072571856
Conflict,0,,0.1640474326233566,,0.0,0.4474352140328105
Conflict,0,,0.1640474326233566,,0.0,0.4031520606396752
Conflict,0,,0.1640474326233566,,0.0,0.3974122252202781
Conflict,0,,0.1640474326233566,,0.0,0.3970722598898055
Conflict,0,,0.1640474326233566,,0.0,0.3493231902452521
Conflict,0,,0.1640474326233566,,0.0,0.3329930565694879
Conflict,0,,0.1640474326233566,,0.0,0.3301559344967755
Conflict,0,,0.1640474326233566,,0.0,0.321352764768994
Conflict,0,,0.1640474326233566,,0.0,0.3178858067932535
Conflict,0,,0.1640474326233566,,0.0,0.3154257206683782
Conflict,0,,0.1640474326233566,,0.0,0.3091558011490463
Conflict,0,,0.1640474326233566,,0.0,0.3052622349982921
Conflict,0,,0.1640474326233566,,0.0,0.296969620919908
Conflict,0,,0.1640474326233566,,0.0,0.2907996116406827
Conflict,0,,0.1640474326233566,,0.0,0.2792583527377478
Conflict,0,,0.1640474326233566,,0.0,0.2001254252107243
Conflict,0,,0.1640474326233566,,0.0,0.5776399072571856
Conflict,0,,0.1640474326233566,,0.0,0.4474352140328105
Conflict,0,,0.1640474326233566,,0.0,0.4031520606396752
Conflict,0,,0.1640474326233566,,0.0,0.3974122252202781
Conflict,0,,0.1640474326233566,,0.0,0.3970722598898055
Conflict,0,,0.1640474326233566,,0.0,0.3493231902452521
Conflict,0,,0.1640474326233566,,0.0,0.3329930565694879
Conflict,0,,0.1640474326233566,,0.0,0.3301559344967755
Conflict,0,,0.1640474326233566,,0.0,0.321352764768994
Conflict,0,,0.1640474326233566,,0.0,0.3178858067932535
Conflict,0,,0.1640474326233566,,0.0,0.3154257206683782
Conflict,0,,0.1640474326233566,,0.0,0.3091558011490463
Conflict,0,,0.1640474326233566,,0.0,0.3052622349982921
Conflict,0,,0.1640474326233566,,0.0,0.296969620919908
Conflict,0,,0.1640474326233566,,0.0,0.2907996116406827
Conflict,0,,0.1640474326233566,,0.0,0.2792583527377478
Conflict,0,,0.1640474326233566,,0.0,0.2001254252107243
Conflict,0,,0.1640474326233566,,0.0,0.5776399072571856
Conflict,0,,0.1640474326233566,,0.0,0.4474352140328105
Conflict,0,,0.1640474326233566,,0.0,0.4031520606396752
Conflict,0,,0.1640474326233566,,0.0,0.3974122252202781
Conflict,0,,0.1640474326233566,,0.0,0.3970722598898055
Conflict,0,,0.1640474326233566,,0.0,0.3493231902452521
Conflict,0,,0.1640474326233566,,0.0,0.3329930565694879
Conflict,0,,0.1640474326233566,,0.0,0.3301559344967755
Conflict,0,,0.1640474326233566,,0.0,0.321352764768994
Conflict,0,,0.1640474326233566,,0.0,0.3178858067932535
Conflict,0,,0.1640474326233566,,0.0,0.3154257206683782
Conflict,0,,0.1640474326233566,,0.0,0.3091558011490463
Conflict,0,,0.1640474326233566,,0.0,0.3052622349982921
Conflict,0,,0.1640474326233566,,0.0,0.296969620919908
Conflict,0,,0.1640474326233566,,0.0,0.2907996116406827
Conflict,0,,0.1640474326233566,,0.0,0.2792583527377478
Conflict,0,,0.1640474326233566,,0.0,0.2001254252107243
Conflict,0,,0.1640474326233566,,0.0,0.5776399072571856
Conflict,0,,0.1640474326233566,,0.0,0.4474352140328105
Conflict,0,,0.1640474326233566,,0.0,0.4031520606396752
Conflict,0,,0.1640474326233566,,0.0,0.3974122252202781
Conflict,0,,0.1640474326233566,,0.0,0.3970722598898055
Conflict,0,,0.1640474326233566,,0.0,0.3493231902452521
Conflict,0,,0.1640474326233566,,0.0,0.3329930565694879
Conflict,0,,0.1640474326233566,,0.0,0.3301559344967755
Conflict,0,,0.1640474326233566,,0.0,0.321352764768994
Conflict,0,,0.1640474326233566,,0.0,0.3178858067932535
Conflict,0,,0.1640474326233566,,0.0,0.3154257206683782
Conflict,0,,0.1640474326233566,,0.0,0.3091558011490463
Conflict,0,,0.1640474326233566,,0.0,0.3052622349982921
Conflict,0,,0.1640474326233566,,0.0,0.296969620919908
Conflict,0,,0.1640474326233566,,0.0,0.2907996116406827
Conflict,0,,0.1640474326233566,,0.0,0.2792583527377478
Conflict,0,,0.1640474326233566,,0.0,0.2001254252107243
Conflict,0,,0.1640474326233566,,0.0,0.5776399072571856
Conflict,0,,0.1640474326233566,,0.0,0.4474352140328105
Conflict,0,,0.1640474326233566,,0.0,0.4031520606396752
Conflict,0,,0.1640474326233566,,0.0,0.3974122252202781
Conflict,0,,0.1640474326233566,,0.0,0.3970722598898055
Conflict,0,,0.1640474326233566,,0.0,0.3493231902452521
Conflict,0,,0.1640474326233566,,0.0,0.3329930565694879
Conflict,0,,0.1640474326233566,,0.0,0.3301559344967755
Conflict,0,,0.1640474326233566,,0.0,0.321352764768994
Conflict,0,,0.1640474326233566,,0.0,0.3178858067932535
Conflict,0,,0.1640474326233566,,0.0,0.3154257206683782
Conflict,0,,0.1640474326233566,,0.0,0.3091558011490463
Conflict,0,,0.1640474326233566,,0.0,0.3052622349982921
Conflict,0,,0.1640474326233566,,0.0,0.296969620919908
Conflict,0,,0.1640474326233566,,0.0,0.2907996116406827
Conflict,0,,0.1640474326233566,,0.0,0.2792583527377478
Conflict,0,,0.1640474326233566,,0.0,0.2001254252107243
Conflict,0,,0.1640474326233566,,0.0,0.5776399072571856
Conflict,0,,0.1640474326233566,,0.0,0.4474352140328105
Conflict,0,,0.1640474326233566,,0.0,0.4031520606396752
Conflict,0,,0.1640474326233566,,0.0,0.3974122252202781
Conflict,0,,0.1640474326233566,,0.0,0.3970722598898055
Conflict,0,,0.1640474326233566,,0.0,0.3493231902452521
Conflict,0,,0.1640474326233566,,0.0,0.3329930565694879
Conflict,0,,0.1640474326233566,,0.0,0.3301559344967755
Conflict,0,,0.1640474326233566,,0.0,0.321352764768994
Conflict,0,,0.1640474326233566,,0.0,0.3178858067932535
Conflict,0,,0.1640474326233566,,0.0,0.3154257206683782
Conflict,0,,0.1640474326233566,,0.0,0.3091558011490463
Conflict,0,,0.1640474326233566,,0.0,0.3052622349982921
Conflict,0,,0.1640474326233566,,0.0,0.296969620919908
Conflict,0,,0.1640474326233566,,0.0,0.2907996116406827
Conflict,0,,0.1640474326233566,,0.0,0.2792583527377478
Conflict,0,,0.1640474326233566,,0.0,0.2001254252107243
Conflict,0,,0.1640474326233566,,0.0,0.5776399072571856
Conflict,0,,0.1640474326233566,,0.0,0.4474352140328105
Conflict,0,,0.1640474326233566,,0.0,0.4031520606396752
Conflict,0,,0.1640474326233566,,0.0,0.3974122252202781
Conflict,0,,0.1640474326233566,,0.0,0.3970722598898055
Conflict,0,,0.1640474326233566,,0.0,0.3493231902452521
Conflict,0,,0.1640474326233566,,0.0,0.3329930565694879
Conflict,0,,0.1640474326233566,,0.0,0.3301559344967755
Conflict,0,,0.1640474326233566,,0.0,0.321352764768994
Conflict,0,,0.1640474326233566,,0.0,0.3178858067932535
Conflict,0,,0.1640474326233566,,0.0,0.3154257206683782
Conflict,0,,0.1640474326233566,,0.0,0.3091558011490463
Conflict,0,,0.1640474326233566,,0.0,0.3052622349982921
Conflict,0,,0.1640474326233566,,0.0,0.296969620919908
Conflict,0,,0.1640474326233566,,0.0,0.2907996116406827
Conflict,0,,0.1640474326233566,,0.0,0.2792583527377478
Conflict,0,,0.1640474326233566,,0.0,0.2001254252107243
Conflict,0,,0.1640474326233566,,0.0,0.5776399072571856
Conflict,0,,0.1640474326233566,,0.0,0.4474352140328105
Conflict,0,,0.1640474326233566,,0.0,0.4031520606396752
Conflict,0,,0.1640474326233566,,0.0,0.3974122252202781
Conflict,0,,0.1640474326233566,,0.0,0.3970722598898055
Conflict,0,,0.1640474326233566,,0.0,0.3493231902452521
Conflict,0,,0.1640474326233566,,0.0,0.3329930565694879
Conflict,0,,0.1640474326233566,,0.0,0.3301559344967755
Conflict,0,,0.1640474326233566,,0.0,0.321352764768994
Conflict,0,,0.1640474326233566,,0.0,0.3178858067932535
Conflict,0,,0.1640474326233566,,0.0,0.3154257206683782
Conflict,0,,0.1640474326233566,,0.0,0.3091558011490463
Conflict,0,,0.1640474326233566,,0.0,0.3052622349982921
Conflict,0,,0.1640474326233566,,0.0,0.296969620919908
Conflict,0,,0.1640474326233566,,0.0,0.2907996116406827
Conflict,0,,0.1640474326233566,,0.0,0.2792583527377478
Conflict,0,,0.1640474326233566,,0.0,0.2001254252107243
Conflict,0,,0.1640474326233566,,0.0,0.5776399072571856
Conflict,0,,0.1640474326233566,,0.0,0.4474352140328105
Conflict,0,,0.1640474326233566,,0.0,0.4031520606396752
Conflict,0,,0.1640474326233566,,0.0,0.3974122252202781
Conflict,0,,0.1640474326233566,,0.0,0.3970722598898055
Conflict,0,,0.1640474326233566,,0.0,0.3493231902452521
Conflict,0,,0.1640474326233566,,0.0,0.3329930565694879
Conflict,0,,0.1640474326233566,,0.0,0.3301559344967755
Conflict,0,,0.1640474326233566,,0.0,0.321352764768994
Conflict,0,,0.1640474326233566,,0.0,0.3178858067932535
Conflict,0,,0.1640474326233566,,0.0,0.3154257206683782
Conflict,0,,0.1640474326233566,,0.0,0.3091558011490463
Conflict,0,,0.1640474326233566,,0.0,0.3052622349982921
Conflict,0,,0.1640474326233566,,0.0,0.296969620919908
Conflict,0,,0.1640474326233566,,0.0,0.2907996116406827
Conflict,0,,0.1640474326233566,,0.0,0.2792583527377478
Conflict,0,,0.1640474326233566,,0.0,0.2001254252107243
Conflict,0,,0.1640474326233566,,0.0,0.5776399072571856
Conflict,0,,0.1640474326233566,,0.0,0.4474352140328105
Conflict,0,,0.1640474326233566,,0.0,0.4031520606396752
Conflict,0,,0.1640474326233566,,0.0,0.3974122252202781
Conflict,0,,0.1640474326233566,,0.0,0.3970722598898055
Conflict,0,,0.1640474326233566,,0.0,0.3493231902452521
Conflict,0,,0.1640474326233566,,0.0,0.3329930565694879
Conflict,0,,0.1640474326233566,,0.0,0.3301559344967755
Conflict,0,,0.1640474326233566,,0.0,0.321352764768994
Conflict,0,,0.1640474326233566,,0.0,0.3178858067932535
Conflict,0,,0.1640474326233566,,0.0,0.3154257206683782
Conflict,0,,0.1640474326233566,,0.0,0.3091558011490463
Conflict,0,,0.1640474326233566,,0.0,0.3052622349982921
Conflict,0,,0.1640474326233566,,0.0,0.296969620919908
Conflict,0,,0.1640474326233566,,0.0,0.2907996116406827
Conflict,0,,0.1640474326233566,,0.0,0.2792583527377478
Conflict,0,,0.1640474326233566,,0.0,0.2001254252107243
Conflict,0,,0.1640474326233566,,0.0,0.5776399072571856
Conflict,0,,0.1640474326233566,,0.0,0.4474352140328105
Conflict,0,,0.1640474326233566,,0.0,0.4031520606396752
Conflict,0,,0.1640474326233566,,0.0,0.3974122252202781
Conflict,0,,0.1640474326233566,,0.0,0.3970722598898055
Conflict,0,,0.1640474326233566,,0.0,0.3493231902452521
Conflict,0,,0.1640474326233566,,0.0,0.3329930565694879
Conflict,0,,0.1640474326233566,,0.0,0.3301559344967755
Conflict,0,,0.1640474326233566,,0.0,0.321352764768994
Conflict,0,,0.1640474326233566,,0.0,0.3178858067932535
Conflict,0,,0.1640474326233566,,0.0,0.3154257206683782
Conflict,0,,0.1640474326233566,,0.0,0.3091558011490463
Conflict,0,,0.1640474326233566,,0.0,0.3052622349982921
Conflict,0,,0.1640474326233566,,0.0,0.296969620919908
Conflict,0,,0.1640474326233566,,0.0,0.2907996116406827
Conflict,0,,0.1640474326233566,,0.0,0.2792583527377478
Conflict,0,,0.1640474326233566,,0.0,0.2001254252107243
Conflict,0,,0.1640474326233566,,0.0,0.5776399072571856
Conflict,0,,0.1640474326233566,,0.0,0.4474352140328105
Conflict,0,,0.1640474326233566,,0.0,0.4031520606396752
Conflict,0,,0.1640474326233566,,0.0,0.3974122252202781
Conflict,0,,0.1640474326233566,,0.0,0.3970722598898055
Conflict,0,,0.1640474326233566,,0.0,0.3493231902452521
Conflict,0,,0.1640474326233566,,0.0,0.3329930565694879
Conflict,0,,0.1640474326233566,,0.0,0.3301559344967755
Conflict,0,,0.1640474326233566,,0.0,0.321352764768994
Conflict,0,,0.1640474326233566,,0.0,0.3178858067932535
Conflict,0,,0.1640474326233566,,0.0,0.3154257206683782
Conflict,0,,0.1640474326233566,,0.0,0.3091558011490463
Conflict,0,,0.1640474326233566,,0.0,0.3052622349982921
Conflict,0,,0.1640474326233566,,0.0,0.296969620919908
Conflict,0,,0.1640474326233566,,0.0,0.2907996116406827
Conflict,0,,0.1640474326233566,,0.0,0.2792583527377478
Conflict,0,,0.1640474326233566,,0.0,0.2001254252107243
Conflict,0,,0.1640474326233566,,0.0,0.5776399072571856
Conflict,0,,0.1640474326233566,,0.0,0.4474352140328105
Conflict,0,,0.1640474326233566,,0.0,0.4031520606396752
Conflict,0,,0.1640474326233566,,0.0,0.3974122252202781
Conflict,0,,0.1640474326233566,,0.0,0.3970722598898055
Conflict,0,,0.1640474326233566,,0.0,0.3493231902452521
Conflict,0,,0.1640474326233566,,0.0,0.3329930565694879
Conflict,0,,0.1640474326233566,,0.0,0.3301559344967755
Conflict,0,,0.1640474326233566,,0.0,0.321352764768994
Conflict,0,,0.1640474326233566,,0.0,0.3178858067932535
Conflict,0,,0.1640474326233566,,0.0,0.3154257206683782
Conflict,0,,0.1640474326233566,,0.0,0.3091558011490463
Conflict,0,,0.1640474326233566,,0.0,0.3052622349982921
Conflict,0,,0.1640474326233566,,0.0,0.296969620919908
Conflict,0,,0.1640474326233566,,0.0,0.2907996116406827
Conflict,0,,0.1640474326233566,,0.0,0.2792583527377478
Conflict,0,,0.1640474326233566,,0.0,0.2001254252107243
Conflict,0,,0.1640474326233566,,0.0,0.5776399072571856
Conflict,0,,0.1640474326233566,,0.0,0.4474352140328105
Conflict,0,,0.1640474326233566,,0.0,0.4031520606396752
Conflict,0,,0.1640474326233566,,0.0,0.3974122252202781
Conflict,0,,0.1640474326233566,,0.0,0.3970722598898055
Conflict,0,,0.1640474326233566,,0.0,0.3493231902452521
Conflict,0,,0.1640474326233566,,0.0,0.3329930565694879
Conflict,0,,0.1640474326233566,,0.0,0.3301559344967755
Conflict,0,,0.1640474326233566,,0.0,0.321352764768994
Conflict,0,,0.1640474326233566,,0.0,0.3178858067932535
Conflict,0,,0.1640474326233566,,0.0,0.3154257206683782
Conflict,0,,0.1640474326233566,,0.0,0.3091558011490463
Conflict,0,,0.1640474326233566,,0.0,0.3052622349982921
Conflict,0,,0.1640474326233566,,0.0,0.296969620919908
Conflict,0,,0.1640474326233566,,0.0,0.2907996116406827
Conflict,0,,0.1640474326233566,,0.0,0.2792583527377478
Conflict,0,,0.1640474326233566,,0.0,0.2001254252107243
Conflict,0,,0.1640474326233566,,0.0,0.5776399072571856
Conflict,0,,0.1640474326233566,,0.0,0.4474352140328105
Conflict,0,,0.1640474326233566,,0.0,0.4031520606396752
Conflict,0,,0.1640474326233566,,0.0,0.3974122252202781
Conflict,0,,0.1640474326233566,,0.0,0.3970722598898055
Conflict,0,,0.1640474326233566,,0.0,0.3493231902452521
Conflict,0,,0.1640474326233566,,0.0,0.3329930565694879
Conflict,0,,0.1640474326233566,,0.0,0.3301559344967755
Conflict,0,,0.1640474326233566,,0.0,0.321352764768994
Conflict,0,,0.1640474326233566,,0.0,0.3178858067932535
Conflict,0,,0.1640474326233566,,0.0,0.3154257206683782
Conflict,0,,0.1640474326233566,,0.0,0.3091558011490463
Conflict,0,,0.1640474326233566,,0.0,0.3052622349982921
Conflict,0,,0.1640474326233566,,0.0,0.296969620919908
Conflict,0,,0.1640474326233566,,0.0,0.2907996116406827
Conflict,0,,0.1640474326233566,,0.0,0.2792583527377478
Conflict,0,,0.1640474326233566,,0.0,0.2001254252107243
Conflict,0,,0.1640474326233566,,0.0,0.5776399072571856
Conflict,0,,0.1640474326233566,,0.0,0.4474352140328105
Conflict,0,,0.1640474326233566,,0.0,0.4031520606396752
Conflict,0,,0.1640474326233566,,0.0,0.3974122252202781
Conflict,0,,0.1640474326233566,,0.0,0.3970722598898055
Conflict,0,,0.1640474326233566,,0.0,0.3493231902452521
Conflict,0,,0.1640474326233566,,0.0,0.3329930565694879
Conflict,0,,0.1640474326233566,,0.0,0.3301559344967755
Conflict,0,,0.1640474326233566,,0.0,0.321352764768994
Conflict,0,,0.1640474326233566,,0.0,0.3178858067932535
Conflict,0,,0.1640474326233566,,0.0,0.3154257206683782
Conflict,0,,0.1640474326233566,,0.0,0.3091558011490463
Conflict,0,,0.1640474326233566,,0.0,0.3052622349982921
Conflict,0,,0.1640474326233566,,0.0,0.296969620919908
Conflict,0,,0.1640474326233566,,0.0,0.2907996116406827
Conflict,0,,0.1640474326233566,,0.0,0.2792583527377478
Conflict,0,,0.1640474326233566,,0.0,0.2001254252107243
Conflict,0,,0.1640474326233566,,0.0,0.5776399072571856
Conflict,0,,0.1640474326233566,,0.0,0.4474352140328105
Conflict,0,,0.1640474326233566,,0.0,0.4031520606396752
Conflict,0,,0.1640474326233566,,0.0,0.3974122252202781
Conflict,0,,0.1640474326233566,,0.0,0.3970722598898055
Conflict,0,,0.1640474326233566,,0.0,0.3493231902452521
Conflict,0,,0.1640474326233566,,0.0,0.3329930565694879
Conflict,0,,0.1640474326233566,,0.0,0.3301559344967755
Conflict,0,,0.1640474326233566,,0.0,0.321352764768994
Conflict,0,,0.1640474326233566,,0.0,0.3178858067932535
Conflict,0,,0.1640474326233566,,0.0,0.3154257206683782
Conflict,0,,0.1640474326233566,,0.0,0.3091558011490463
Conflict,0,,0.1640474326233566,,0.0,0.3052622349982921
Conflict,0,,0.1640474326233566,,0.0,0.296969620919908
Conflict,0,,0.1640474326233566,,0.0,0.2907996116406827
Conflict,0,,0.1640474326233566,,0.0,0.2792583527377478
Conflict,0,,0.1640474326233566,,0.0,0.2001254252107243
Conflict,22001,,,,0.0,
Conflict,22002,,,,0.0,
Conflict,23001,,,,0.0,
Conflict,23002,,,,0.0,
Conflict,23003,,,,0.0,
Conflict,23004,,,,0.0,
Conflict,23005,,,,0.0,
Conflict,23006,,,,0.0,
Conflict,23007,,,,0.0,
Conflict,24001,,,,0.0,
Conflict,24002,,,,0.0,
Conflict,24003,,,,0.0,
Conflict,24004,,,,0.0,
Conflict,24005,,,,0.0,
Conflict,24006,,,,0.0,
Conflict,24007,,,,0.0,
Conflict,24008,,,,0.0,
Conflict,24009,,,,0.0,
Conflict,25001,,,,0.0,
Conflict,25002,,,,0.0,
Conflict,25003,,,,0.0,
Conflict,26001,,,,0.0,
Conflict,26002,,,,0.0,
Conflict,26003,,,,0.0,
Conflict,26004,,,,0.0,
Conflict,26005,,,,0.0,
Conflict,26006,,,,0.0,
Conflict,26007,,,,0.0,
Conflict,26008,,,,0.0,
Conflict,26009,,,,0.0,
Conflict,34001,,,,0.0,
Conflict,34002,,,,0.0,
Conflict,35001,,,,0.0,
Conflict,35002,,,,0.0,
Conflict,35003,,,,0.0,
Conflict,37001,,,,0.0,
Conflict,37002,,,,0.0,
Conflict,37003,,,,0.0,
Conflict,37004,,,,0.0,
Conflict,37005,,,,0.0,
Conflict,37006,,,,0.0,
Conflict,51001,,,,0.0,
Conflict,52001,,,,0.0,
Conflict,52002,,,,0.0,
Conflict,52003,,,,0.0,
Conflict,53001,,,,0.0,
Conflict,53002,,,,0.0,
Conflict,53003,,,,0.0,
Conflict,54001,,,,0.0,
Conflict,54002,,,,0.0,
Conflict,54003,,,,0.0,
Conflict,55001,,,,0.0,
Conflict,55002,,,,0.0,
Conflict,55003,,,,0.0,
Conflict,55004,,,,0.0,
Conflict,55005,,,,0.0,
Conflict,55006,,,,0.0,
Conflict,55007,,,,0.0,
Conflict,55008,,,,0.0,
Conflict,55009,,,,0.0,
Conflict,55010,,,,0.0,
Conflict,61001,,,,0.0,
Conflict,63001,,,,0.0,
Conflict,63002,,,,0.0,
Conflict,63003,,,,0.0,
Couvent St Maron,53244,0.0,,0.5590878194905987,,
Daael,34279,,0.0673331531610036,,0.6150303684374204,0.3092303292462289
Dabbabiyé Charkié,35432,0.0409937888198757,,0.5657466478913115,,
Dael,34279,0.0,,0.2969396111007241,,
Daghleh,35419,,0.3312314734777542,,,0.4864760151511898
Dahr Abi Yaghi,34211,,0.0601253386697336,,,0.3288588369395446
Dahr Ech-Chouf,23279,,0.2412152636234502,,0.0845220374752041,0.2599048036093671
Dahr Ed-Deir,63257,,0.3004258319185988,,0.0,0.2393941102387467
Dahr El Souwan,22675,0.1002028397565922,,0.2933916898561277,,
Dahr El-Ahmar,55124,0.3865414710485133,0.1640474326233566,0.3401167720899432,,0.3557718072657911
Dahr El-Mghara,23279,0.956639566395664,,0.4706649126765394,,
Dahr Es-Souane El-Matn,22675,,0.2850687523799594,,0.0327713781774771,0.3951491699661685
Dahr Haddara,35159,0.0,,0.5623561325152533,,
Dahr Laissine,35155,,0.3312314734777542,,,0.4607322907351426
Dahr el-Kneissé,35465,0.0,,0.5738897880850938,,
Dahr-Leyciné,35155,0.0,,0.5582486925819143,,
Dair El-Ahmar,53311,0.0,,0.5602060811134619,,
Dair Tahmiche,52166,0.0,,0.4396167101029903,,
Dair-el-Ghazel,51347,0.0,,0.458090138520837,,
Dakkoun,24251,0.0,,0.2970763292845303,,
Dakoueh,52251,,0.2838613905418493,,,0.4473748438157026
Dakoué,52251,0.0,,0.4487482564514402,,
Dalhamiyet Zahleh,51383,,0.2876057199753736,,,0.3457795007769082
Dalhoun,23219,,0.2412152636234502,,0.009478196693756,0.2539594142928141
Dalhoune,23219,0.2747050147492625,,0.4757890097592393,,
Damour,23111,0.8645585816121367,0.283484214307092,0.4707971609485482,0.0315288628712326,0.2939357529800585
Danbou,35318,0.0097233864207879,,0.5824893536751455,,
Danha,33263,,0.1680706206527333,,0.0,0.3227829668191377
Danhi,33263,0.0,,0.3867702494252308,,
Daoucé et Baghdadi,35439,0.016260162601626,,0.5604689925836553,,
Daoudiye,61441,,,,0.0,
Daoudiyeh,61441,,0.488756370666737,,,0.0815110369484172
Daoudiyé,61441,0.0,,0.412363872054385,,
Daoura,35126,0.0625737898465171,,0.565611317083503,,
Daouret Aakkar,35126,,0.3312314734777542,,,0.482312611460107
Daqqoun,24251,,0.3257531649907338,,,0.3001735840553511
Dar Baaechtar,32131,,0.0828231275388184,,0.0044882490649234,0.3037793139992151
Dar Bechtar,32131,0.0241854215653342,,0.6092556343378721,,
Dar Bella,34374,0.1316818774445893,,0.2974543084618383,,
Dar Chmezzine,32129,0.0,,0.6092457798355656,,
Dar Chmizzine,32129,,0.0828231275388184,,0.0,0.3131964408764864
Dar El-Ouassaa,53366,,0.4680736887245614,,,0.2346966537354261
Dar El-Ouassia,53366,0.0,,0.5588901426772956,,
Daraaoun,25347,,0.2369998485328059,,,0.3732678729909333
Daraiya Ech-Chouf,23227,,0.2412152636234502,,0.0296556615961092,0.3055117149674661
Daraiya Kesrouane,25241,,0.2610343004563827,,,0.3409219594549074
Daraiya Zgharta,33163,,0.1143727817079157,,,0.3082089695594835
Daraoun,25347,0.0306871247498332,,0.5073009698541924,,
Daraya,23227,0.0726987447698744,,0.4763155202169019,,
Daraya,25241,0.0,,0.5007961653641274,,
Daraya,33163,0.0,,0.3889932391983142,,
Daraya El-Batroun,34215,,0.0518431787831889,,0.0101175312428696,0.3134418461694175
Darb Es-Sim,61335,,0.488756370666737,,,0.1233404528403723
Darbessim,61335,0.1708100954721618,,0.4022181375606879,,
Dardourite,23522,0.2653061224489796,,0.4778537270585111,,
Darine,35225,,0.3312314734777542,,,0.5272798329129746
Daychouniye,22415,,,,0.0120633204169295,
Daychouniyeh,22415,,0.3815003586158468,,,0.3827576329370483
Dayret Nahr El-Kabir,35511,,0.3312314734777542,,0.0,0.6407696672242826
Dayret Nahr El-Kébir,35511,0.0,,0.5597348970807987,,
Dbaye,22375,,,,0.0457630632911495,
Dbayeh,22375,,0.2850687523799594,,,0.4477172512287633
Dbayé,22375,0.0,,0.2382696790327656,,
Debaael,37356,0.0,0.260725139453104,0.3043159178232045,0.0,0.3752942069476024
Debaal Sour,62212,,0.4741524288526054,,,0.0910158419344363
Debbiyeh,23259,2.6786114221724526,,0.476118519098705,,
Debel,72281,0.0220082530949105,,0.4606692009870478,,
Debhalé,62212,0.0,,0.5658091934163911,,
Debl,72281,,0.4113788943399817,,,0.0979879296068651
Dedde,32179,,,,0.0129009017017602,
Deddeh,32179,,0.3624100651889897,,,0.3302640823514266
Deir  El-Moukhalles Ech-Chouf,23346,,,,0.2024655086395064,
Deir Aain Ej-Jaouze,52131,,,,0.201376466409279,
Deir Aain Ej-Jaouzeh,52131,,0.280117061108325,,,0.3041572155535553
Deir Aames,62223,,0.4427656615962935,,,0.0807511423034036
Deir Aammar,37241,,0.1680706206527333,,0.0004041834364856,0.3786098813931981
Deir Amess,62223,0.0,,0.5606597911821651,,
Deir Baba,23435,0.1598360655737705,0.283484214307092,0.4788406724733209,0.0026552379449903,0.3446254516446095
Deir Baklouche,25335,0.0,,0.4942890493237897,,
Deir Baqlouch,25335,,0.2369998485328059,,0.0,0.3712664654539507
Deir Billa,34374,,0.0456060170432316,,0.0346542527162165,0.2786998103252951
Deir Chamra,22579,0.0,0.2610343004563827,0.3013835923489285,0.0,0.3364879980322784
Deir Couché,23429,0.2440711462450593,,0.4766990753886261,,
Deir Dalloum,35149,,0.3312314734777542,,,0.5871071017326133
Deir Dourit,23522,,0.2412152636234502,,0.0,0.3470368256679539
Deir El Qattine,63284,,0.1120952931704605,,,0.2866872645051136
Deir El-Aachayer,55187,,0.1640474326233566,,,0.4957908479656015
Deir El-Achayer,55187,0.0,,0.3402327599224738,,
Deir El-Ahmar,53311,,0.4680736887245614,,,0.2780917657356889
Deir El-Balamand,32173,,0.3624100651889897,,0.0,0.330817433406016
Deir El-Ghazal,51347,,0.2876057199753736,,,0.3372113331041353
Deir El-Harf,21367,0.355,,0.2872737269115754,,
Deir El-Kamar,23413,0.36365179025963,,0.4745685131409887,,
Deir El-Moukhalles Ech-Chouf,23346,,0.1766552783969553,,,0.266666391308184
Deir El-Qamar,23413,,0.2412152636234502,,0.0333433583357208,0.3799001120084269
Deir El-Zehrani,71311,0.0,,0.1749756438389284,,
Deir El-harf,21367,,0.4779319648517342,,,0.337828910631292
Deir Ez-Zahrani,71311,,0.5185008915707529,,0.0016179482599215,0.1287756976607829
Deir Jannine,35441,,0.3312314734777542,,,0.5206930091326429
Deir Jdeide,33137,,0.145922435877013,,,0.3330190208667059
Deir Kanoun El-Nahr,62263,0.0,,0.5505920885174991,,
Deir Kanoun Ras El Aïn,62179,0.0,,0.5628784160574895,,
Deir Kfifane,34223,0.0,0.0518431787831889,0.2929641720028603,0.0,0.3229977045303956
Deir Khouna,21337,0.0,0.4779319648517342,0.2859135410416733,,0.3535166501384575
Deir Kifa,62251,0.0,0.4427656615962935,0.5584914027273514,,0.0942543126828983
Deir Kouche,23429,,,,0.0025517177834996,
Deir Koucheh,23429,,0.283484214307092,,,0.3886123729050909
Deir Mar Aabda el Mchammar,22487,,0.2610343004563827,,0.0,0.4018602116239009
Deir Mar Maroun Baalbek,53244,,0.368862531494299,,0.0,0.4310147888055946
Deir Mar Sarkis,26314,0.0,,0.403757478598601,,
Deir Mar Youhanna Douma,34326,0.0,,0.2968038511185748,,
Deir Mar Youhanna EL-Batroun,34326,,0.0518431787831889,,0.0,0.3225692431606517
Deir Mar Youssef Jrabta,34227,0.0,0.0518431787831889,0.2962885577693307,0.0,0.3219398879794085
Deir Mimas,73167,0.0268006700167504,0.5364895448569935,0.4183121690486909,,0.2357875550044928
Deir Mimas Doumiat,73143,0.0,,0.418123918518317,,
Deir Mkhallesse,23346,0.0,,0.4760095102837975,,
Deir Nbouh,37377,,0.1680706206527333,,0.0040802709069655,0.3214277352758612
Deir Nebouh,37377,0.0856807511737089,,0.2879770748331752,,
Deir Ntar,72244,0.0,0.4427656615962935,0.4633758250592375,,0.0866803539587596
Deir Omar,37241,0.0675957071920551,,0.2768755076881112,,
Deir Qanoun El-Aain,62179,,0.4741524288526054,,,0.0962983663762437
Deir Qanoun En-Nahr,62263,,0.4741524288526054,,,0.0892289562300823
Deir Qoubel,24177,,0.3257531649907338,,,0.347350836226566
Deir Siriane,73230,,0.5364895448569935,,,0.1868692490186425
Deir Sériane,73230,0.0,,0.4196437447683157,,
Deir Tahniche,52166,,0.2606661623658876,,0.0,0.4353152451639347
Deir Takla,61431,0.0,,0.4142913383260828,,
Deir Tamich,22479,,0.2610343004563827,,0.003449060650586,0.4062704663812855
Deir Tamiche,22479,0.0,,0.2858326319437844,,
Deir mar Roukoz,22245,,0.2850687523799594,,0.0109740402717056,0.4127872489713735
Deir-Aïn-el-Jaouzé,52131,0.0,,0.439443023800118,,
Deir-Daloum,35149,0.0342362678705793,,0.5600583923123212,,
Deir-Janine,35441,0.0,,0.5590636502553057,,
Deir-Koubel,24177,0.0,,0.2837077369252088,,
Deirine,35225,0.0,,0.5621035851246989,,
Dekouane,22262,,,,0.0413781168473068,
Dekouaneh,22262,,0.2850687523799594,,,0.4121719778429162
Dekouanet,22262,0.138169450984789,,0.2239569649182617,,
Delhamié,51383,0.0,,0.4546046705658443,,
Dellafeh,74179,,0.2132163182422269,,,0.2831503437182835
Demachqiye,63379,,,,0.0,
Demachqiyeh,63379,,0.3950247931567052,,,0.2465628369157106
Denké et El-Amriyeh,35421,0.0,,0.5621699710252371,,
Derdaghaiya,62239,,0.4741524288526054,,,0.0945896133431444
Derdaghaya,62239,0.0,,0.5598307622520265,,
Deria,34215,0.0,,0.2939281174884875,,
Dfoun,24357,0.2989130434782608,0.3257531649907338,0.2934958327642689,,0.3352059122107866
Dhayra,62341,,0.4741524288526054,,,0.1073530826599596
Dibbabiyeh,35432,,0.3312314734777542,,,0.530685015894644
Dibbine,73119,0.0,0.5544781981432341,0.4181576001206915,,0.245727352916224
Dibbiye,23259,,,,2.831922169982205,
Dibbiyeh,23259,,0.2412152636234502,,,0.2860187493251361
Dik El-Mehdi,22463,0.0133565621370499,0.2850687523799594,0.2763908713496352,0.0112948724922117,0.4147072047046504
Dimane,36161,,0.0021517452753251,,0.0,0.2430690181676877
Dinbou,35318,,0.3312314734777542,,0.0,0.4461619533525921
Djezzine,63111,0.4792681321574306,,0.2030906901342504,,
Djounié Ghadir,25121,0.0056687100388899,,0.4642829389928741,,
Djounié Haret Sakhr,25131,0.0032984814538212,,0.4598476108476958,,
Djounié Salel Alma,25136,0.0,,0.4731905235492011,,
Djounié Sarba,25111,0.1756570425771946,,0.4600533114703409,,
Dlaybeh,21391,,0.3815003586158468,,,0.3671844733761892
Dlebta,25323,0.0310841546626232,0.2369998485328059,0.5124344527423279,,0.3266588415905203
Dmit,23447,,0.283484214307092,,0.0163908935994915,0.3276803677710317
Dmite,23447,0.0390492359932088,,0.4773974288994691,,
Douair,71334,0.0,,0.1749224283216439,,
Douair Aadouiyeh,35443,,0.3312314734777542,,,0.5085656014108295
Douair Adouiyé,35443,0.0328467153284671,,0.5732402936461514,,
Douair Bsennaï,23431,0.0,,0.4771787670200756,,
Douair El-Roummane,24345,0.0,,0.2955143957175949,,
Douair En-Nabatiyeh,71334,,0.5185008915707529,,1.7833036795403415e-05,0.0909717442852516
Douair Er-Remmaneh,24345,,0.3257531649907338,,,0.3912651338399361
Douar,22761,0.0,,0.2971690868098074,,
Douar El-Matn,22761,,0.2850687523799594,,0.0055978088477072,0.391920373925988
Douk,34218,0.0,,0.2970279857661579,,
Douma,34311,0.0,0.0601253386697336,0.296791235611914,0.0262645146566948,0.3404404052578956
Douq,34218,,0.0518431787831889,,0.0,0.3100021721350924
Douress,53119,0.0043702473560003,,0.5608094027767502,,
Douris,53119,,0.4680736887245614,,,0.3273956826178817
Déddé,32179,0.0371549893842887,,0.6047967121099205,,
EL-Azouniyeh,24454,0.4121951219512195,,0.298719049768727,,
EL-Khiam,73159,0.0,,0.4184765702635625,,
EL-Safra,25161,0.0824473420260782,,0.4930860546709229,,
Ebel-El-Saki,73127,0.0,,0.4170502916643522,,
Edbel,35117,0.0972300734878462,,0.5575108676270161,,
Edde El-Batroun,34259,,0.0518431787831889,,0.0,0.3411914498838199
Eddeh Jbayl,26135,,0.0684074985562782,,,0.3658105717483464
Eddé,26135,0.1275626423690205,,0.3984415363550811,,
Eddé,34259,0.0,,0.2906758233838702,,
Edma et Defné,25156,0.0247732030704815,,0.4875953232740312,,
Eghbeh,25391,0.0,,0.5157840684353169,,
Ehden,33211,0.0,0.1127643297304719,0.3879202419924353,0.3685185105710379,0.2702489962288227
Ehmej,26211,,0.0684074985562782,,,0.3389989729734709
Ehmège,26211,0.0248226950354609,,0.4051973948788476,,
Ejbeh,33291,0.0,,0.3889608127077563,,
Ejdabra,34266,0.0,,0.2910119532780725,,
Ejdabrine,32157,0.062586926286509,,0.6083507141347534,,
El Freiké,22571,0.0138504155124653,,0.2957505552332843,,
El Halaliyeh,21324,0.3786666666666666,,0.28517247329596,,
El Hartiyé,61423,0.0,,0.4147382944209983,,
El Jbine,62292,0.0,,0.5619387439548583,,
El Jiyeh,23267,1.9950716845878136,,0.4704427141478741,,
El Mtein,22711,0.1839220462850182,,0.3045274874913923,,
El- Mery,74158,0.0,,0.2694727442906702,,
El-Abadiyeh,21341,0.3684210526315789,,0.2846342226722694,,
El-Abri et Chouan,25479,0.1322314049586777,,0.518942647153766,,
El-Alaly,34237,0.0,,0.2963272046883053,,
El-Amra,73191,0.0,,0.770057833085874,,
El-Armeh,35484,0.0,,0.5591028765366372,,
El-Atchané,22555,0.1361079865016873,,0.2809971542974161,,
El-Azra,25361,0.0637681159420289,,0.516900468949429,,
El-Bardé,35408,0.0,,0.5587841873902736,,
El-Barouk,23679,0.3039345128069712,,0.4770020792307394,,
El-Bennayé,24369,0.2374059061957151,,0.2960000395541625,,
El-Berbara,26183,0.1001410437235543,,0.4031417690414369,,
El-Berjaine,23247,0.7992859976199921,,0.4753715845735156,,
El-Biré,23451,0.0640189685832839,,0.4764280064920316,,
El-Biré,35416,0.0415884089079688,,0.5605400969546478,,
El-Biré,55164,0.0157728706624605,,0.3466527436508232,,
El-Biyad,62226,0.0,,0.5590025850327773,,
El-Bkaya,23457,0.0,,0.4772444527642812,,
El-Borge,35183,0.0625674217907227,,0.5539455822591035,,
El-Bouar,25166,0.0594413407821229,,0.5030639460932539,,
El-Charkiyé,71321,0.0,,0.175071527876452,,
El-Chmeice,21347,0.0,,0.2860485932680129,,
El-Daghlé,35419,0.0236111111111111,,0.5626284826337693,,
El-Dechouniyeh,22415,0.0,,0.2810001991030489,,
El-Demachkiyeh,63379,0.0,,0.2039561826313847,,
El-Dimane,36161,0.0,,0.2722748697264974,,
El-Dleibé,21391,0.1703470031545741,,0.2771119332715509,,
El-Ekaïbé,25171,0.0281910728269381,,0.5086929776690771,,
El-Erbaniyeh,21381,0.0084507042253521,,0.282485254439731,,
El-Fouara,23449,0.0,,0.4766895771604293,,
El-Fraïdice,74116,0.1485884101040119,,0.2679679371439673,,
El-Freidice,23467,2.346041055718475,,0.4775539826221411,,
El-Fsaïkine,24365,0.6986379114642451,,0.2957294644583986,,
El-Ftahat,34244,0.0,,0.2948794284768274,,
El-Ghabbatieh,63141,3.076923076923077,,0.203426591204816,,
El-Ghaboun,24323,0.2308238636363636,,0.2978247261624122,,
El-Ghozaili,35475,0.0,,0.5619025982496013,,
El-Ghuiné,25343,0.003062787136294,,0.5159715369808483,,
El-Habbariyé,74122,0.0390355912743972,,0.2697171292845979,,
El-Hajjé,61471,0.0570613409415121,,0.4143715097820468,,
El-Hamra,71371,0.0,,0.1751585697261958,,
El-Haouchab,35219,0.0258269143633892,,0.5675238044802703,,
El-Harf,63171,0.0618556701030927,,0.208842858442055,,
El-Hazmieh,37321,0.0866141732283464,,0.2869699484528088,,
El-Hed,35169,0.0,,0.5579512807175181,,
El-Henniyé,62293,0.0,,0.5620025141865095,,
El-Homsiyé,63127,0.2195704057279236,,0.2027152315220969,,
El-Hossein,25345,0.5517241379310345,,0.5195619837114677,,
El-Houaïche,35322,0.0136836343732895,,0.5701522900437378,,
El-Hsoune,26229,0.5898989898989899,,0.401088175198544,,
El-Husseiniyé,61473,33.63636363636363,,0.4091755648664955,,
El-Héloussiyé,62269,0.0,,0.5597863664408887,,
El-Jahliyeh,23577,0.40199888950583,,0.4773219776709121,,
El-Jarmak,63375,0.0,,0.2033056558414764,,
El-Jdeidé,23623,0.1436993367722918,,0.4741691632125095,,
El-Jlaicé,26274,1.839506172839506,,0.4063167979428453,,
El-Jleiliyeh,23376,0.0,,0.4764847253067957,,
El-Jouar,22587,0.0,,0.2983556467847266,,
El-Kabeh,63117,0.0,,0.2026506783336683,,
El-Kafr et El-Harf,26273,0.0,,0.4058835467152285,,
El-Kahalé,24313,0.0,,0.2852051111923612,,
El-Kahlouat,74168,0.0,,0.2706806612261381,,
El-Kahlouniyeh,23643,0.1636050516647531,,0.4772418383776064,,
El-Kalaa,21416,0.4820295983086681,,0.2834194514728067,,
El-Kamatiyeh,24315,1.7840612168719672,,0.2902465732188604,,
El-Kantara,35135,0.0803689064558629,,0.5615463359676011,,
El-Karaoun,52237,0.0350331967792061,,0.437165056069445,,
El-Karkaf,35341,0.0,,0.578645675928104,,
El-Kfeir,74175,0.1798616448885472,,0.2689963144619349,,
El-Kfoune,26267,0.0,,0.4047258785560262,,
El-Kfour,25329,0.0950468540829986,,0.5142076123163654,,
El-Kfour,71177,0.0,,0.1739023780406194,,
El-Khalouat,21421,1.7676767676767675,,0.2795290199530742,,
El-Kharayeb,61419,0.0419137999209173,,0.415985120553782,,
El-Kharbé,26249,0.0253623188405797,,0.405687460967559,,
El-Khellé,22722,0.0,,0.3001419335040819,,
El-Kherbeh,73146,0.0,,0.4176976405918166,,
El-Khounchara,22747,0.0,,0.2889878132771246,,
El-Khreibé,21431,0.8012924071082391,,0.2848064230425389,,
El-Khreibé,23635,0.1002076843198338,,0.4780455499945999,,
El-Khreibé,74181,0.0,,0.2684001141110396,,
El-Kleia,73151,0.115736040609137,,0.4185237702378437,,
El-Kleilé,62287,0.0,,0.5618507308201541,,
El-Kleiyate,25415,0.0422628219238388,,0.5086962188774252,,
El-Kneissé,21377,0.0,,0.2874893719917731,,
El-Kneissé,23425,0.0,,0.4760969339711266,,
El-Kneissé,35515,0.0,,0.5773005172283665,,
El-Korné,35352,0.0078525093888699,,0.5665876932758513,,
El-Kouachra,35429,0.0453602903058579,,0.563421008043888,,
El-Koubayet,35487,0.0008254716981132,,0.5592553396110391,,
El-Kousseir,35415,0.0,,0.5603100866704996,,
El-Kouzah,72291,0.0,,0.4618405657205203,,
El-Krayat,35334,0.0,,0.5606195418081272,,
El-Krayé,21344,0.975254730713246,,0.2834327592410788,,
El-Ksaibeh,21364,0.0099601593625498,,0.2830445692599784,,
El-Laklouk,26361,0.0,,0.4045466341878886,,
El-Louaizé,63331,0.0,,0.2051500990113874,,
El-Maaniyeh,23235,0.1634615384615384,,0.4786025877297807,,
El-Machera,22787,0.0,,0.3007404666102859,,
El-Mahmoudiyeh,63371,0.0,,0.2039512204224336,,
El-Majidiyé,74177,0.0,,0.2680107025171253,,
El-Maknouniyé,63147,0.0857142857142857,,0.2036673918310777,,
El-Mansouri,62296,0.0,,0.5623556004332463,,
El-Mansouriyeh,22411,0.082213191622382,,0.2766911601656621,,
El-Mansouriyeh et Aïn-El-Marge,24441,0.5375722543352601,,0.2957088025836583,,
El-Mayassé,22539,0.0,,0.2999061535665451,,
El-Mechrefeh,24457,0.329155672823219,,0.3001058261497579,,
El-Mejdel,26357,0.0282685512367491,,0.4054681979816846,,
El-Merwaniyé,61463,0.726729291204099,,0.4167976841945404,,
El-Mghaer,25467,0.0,,0.5190660910580329,,
El-Mghaïré,26341,0.0681362725450901,,0.4049609127089155,,
El-Mhaidcé,22515,0.0,,0.2838655982346585,,
El-Mhammariyé,61476,0.5277777777777778,,0.4130688047771296,,
El-Mharbiyé,63231,1.4915254237288136,,0.2018949146599578,,
El-Midan,63161,0.0,,0.2035678014639793,,
El-Moghaïriyeh,23341,0.7308282208588958,,0.4736183067288292,,
El-Moghaïré,23461,0.0,,0.476910361436501,,
El-Mouaïsra,25357,7.827586206896552,,0.5158612380564772,,
El-Mouchref,23171,0.1427038626609442,,0.4732491556511775,,
El-Moukhtara,23611,0.3138815207780725,,0.4758854334315704,,
El-Mouncef,26177,0.1190019193857965,,0.4032561812841868,,
El-Mradiyeh,25367,0.0,,0.5228630663063095,,
El-Mreijate,24481,0.0,,0.2972488392974122,,
El-Mrouge,22733,0.0525672371638141,,0.2952767390544967,,
El-Msallé,35451,0.0,,0.5629819436137169,,
El-Mtaileb,22447,0.0108422071636011,,0.2482330590320005,,
El-Méaisseri,54167,0.0,,0.4547700915520799,,
El-Nfeicé,35115,0.0138067061143984,,0.5550059990482422,,
El-Ouyoun,22635,0.0,,0.289003101937617,,
El-RafidE,55157,0.1674452030183255,,0.343096724542999,,
El-Rahbane,63194,0.0,,0.2041522360586019,,
El-Ram,53281,1.25,,0.5670625288297554,,
El-Ramliyeh,24467,0.1355475763016158,,0.296208205284053,,
El-Ramout,26261,0.0,,0.400289495786499,,
El-Rejmeh,24335,0.5932203389830508,,0.2932038992753345,,
El-Remmané,63154,0.0,,0.2036123941333336,,
El-Rihane,63319,0.0,,0.2045419749098421,,
El-Rihané,26159,0.4144736842105263,,0.404171978269935,,
El-Samkanieh,23417,0.3500509683995922,,0.476235431749217,,
El-Sfailé,22567,0.0,,0.2983998453727474,,
El-Souané,26220,5.924242424242424,,0.4120711752815255,,
El-Taïri,72254,0.0,,0.4628312454254722,,
El-Tellé,33171,0.0,,0.3907170318164408,,
El-Tleil,35459,0.0366132723112128,,0.5587949594736179,,
El-Wadié,63363,0.0,,0.2042511189710811,,
El-Wardaniyeh,23331,2.3435304781327897,,0.4705660697654046,,
El-Watié et Harf Siad,37345,0.0927835051546391,,0.287850656242598,,
El-Werhaniyeh,23463,0.0293303818483674,,0.4761743003644847,,
El-Zalka,22351,0.000994530084535,,0.2064775576689173,,
El-Zeghrine,63343,0.0,,0.2036468105602214,,
El-Zrariyé,61427,0.0,,0.4160887839689566,,
ElAyoune,35177,0.0285220397579948,,0.5559611722978137,,
En-Nakhlé,32191,0.1480659480025364,,0.6054035159074396,,
Enfe,32181,,,,0.0161203168249109,
Enfeh,32181,0.1057481856928925,0.0673331531610036,0.6004046566086565,,0.4359189642932529
Erkay,61479,,0.503628631118745,,,0.1108135280746719
Eskandaroun,62299,0.0,,0.5603435970615329,,
Eyoune-El-Ghouzlane,35347,0.0,,0.5585727514367047,,
Falougha,21446,0.0,0.3827688424135539,0.2862597554404236,,0.2981633755556881
Fanar,22419,0.0560681889271191,0.2850687523799594,0.2637192558466303,0.0630709246765519,0.4233137219987297
Faouarat Jaafar,23449,,0.2412152636234502,,0.0,0.4242237379929268
Faraya,25475,0.2248197509285558,0.2369998485328059,0.5131909849705688,,0.3032262722402407
Fardis Hasbaiya,74116,,0.400957397026142,,,0.2758065613261196
Farhat,26217,0.6798336798336798,,0.4052118227052552,,
Fatka,25313,0.0774291497975708,,0.5098363793419972,,
Fatre,26266,,0.1527036735445421,,,0.3320065337476059
Fatré et Bir-el-Haït,26266,0.1232227488151658,,0.402085113156997,,
Faytroun,25427,,0.2369998485328059,,,0.2997374148216146
Faïtroun,25427,0.1631336405529954,,0.5107859621052014,,
Fekehe,53214,,0.368862531494299,,,0.3550057978681378
Ferhet,26217,,0.0684074985562782,,,0.3356485622778081
Fghal,26298,0.0,0.0601253386697336,0.402313864205336,,0.3579539157125024
Fiaa,32147,,0.0828231275388184,,0.0232914924284254,0.3330958498567942
Fih,32147,0.0895061728395061,,0.6088417466638081,,
Fnaydeq,35353,,0.3004414238708954,,,0.3048396034963103
Fneidek,35353,0.0200460072297075,,0.5734663553227233,,
Forn El-Chobbek,21133,0.0249570411586613,,0.2104514187706016,,
Fourzol,51139,0.0,0.2876057199753736,0.4514335806925849,,0.2912856429876151
Fraike,22571,,,,0.0069179349062471,
Fraikeh,22571,,0.2610343004563827,,,0.3838114541890985
Frat,26223,0.9375,0.1527036735445421,0.4053537222809827,,0.323396993535718
Fraudis Ech-Chouf,23467,,0.2606661623658876,,,0.3531144800248614
Fraydes Aakkar,35412,,0.3312314734777542,,,0.5229631194885702
Freidice,35412,0.0065359477124183,,0.5643880991622977,,
Froun,72276,,0.4896276032266435,,,0.1136512974026536
Froune,72276,0.0,,0.4667475329797106,,
Fseikine et Aïn Achma,35425,0.0,,0.5585764279040006,,
Ftahat El-Batroun,34244,,0.0518431787831889,,0.0,0.3133835641871684
Furn Ech-Chebbak,21133,,0.372757252648091,,0.0192070226184816,0.3149250243334724
GHabet Jaafar,23438,,0.2412152636234502,,0.0673276711511843,0.3498197542688013
Ghabat,26337,,0.0684074985562782,,,0.3582501589895122
Ghabate,26337,0.0,,0.4034839766345227,,
Ghabbatiyeh,63141,,0.1766552783969553,,,0.3568770138809249
Ghabet Jaafar,23438,0.2911392405063291,,0.4746183023330954,,
Ghaboune,24323,,0.3257531649907338,,,0.3731350776864677
Ghalboun,26277,,0.0684074985562782,,,0.3479047849066632
Ghalboune,26277,0.0516431924882629,,0.4048582811698986,,
Ghandouriyet Bent Jbayl,72274,,0.4800031719044896,,,0.1240954784587932
Ghandouriyé,72274,0.0,,0.4643907993735016,,
Gharife,23566,,,,0.0055360037804887,
Gharifeh,23566,,0.2412152636234502,,,0.33933652053773
Gharifé,23566,0.2077569839978302,,0.4767716905580482,,
Gharzouz,26294,,0.0684074985562782,,,0.3633994387469435
Gharzouze,26294,0.0334821428571428,,0.4050051760566872,,
Ghassaniyeh,61447,,0.488756370666737,,,0.0881441732751864
Ghassaniyé,61447,0.0223918575063613,,0.413386800802389,,
Ghazayleh,35475,,0.3312314734777542,,,0.5143443110580364
Ghazir,25311,0.0519247985675917,0.2369998485328059,0.4899037868390468,,0.3618441311148628
Ghaziyeh,61311,,0.488756370666737,,,0.1169350064425884
Ghazyat,61311,0.8206912028725314,,0.4072533130588537,,
Ghazzeh,52227,,0.280117061108325,,,0.4427824657850075
Ghazzé,52227,0.0106063510318829,,0.4354578184819134,,
Ghbaleh Kesrouane,25363,,0.2369998485328059,,,0.3058659897580364
Ghbélé,25363,0.0,,0.5167478055256701,,
Ghidras,25331,,0.2369998485328059,,,0.3295522011922051
Ghineh,25343,,0.2369998485328059,,,0.3185907818951027
Ghodrace,25331,0.0230664857530529,,0.5187075547328154,,
Ghofrine,26291,,0.0684074985562782,,,0.3657007309419444
Ghorfine,26291,0.0056258790436005,,0.3938081993622564,,
Ghosta,25319,0.0510926438904278,0.2369998485328059,0.5114242345474694,,0.3428220350071788
Ghouma,34231,,0.0601253386697336,,0.0,0.3464474547374945
Habbouch En-Nabatiyeh,71155,,0.5185008915707529,,0.0007290614164672,0.1644972754002076
Habbouche,71155,0.0041659990386156,,0.1726263456757345,,
Habchit,35326,,0.3312314734777542,,,0.4185560067735027
Habchite,35326,0.4183050847457627,,0.5634169676080611,,
Habil,26234,0.0,0.0684074985562782,0.4063684082424982,,0.3367942735929836
Habramoun,24461,0.0,0.3257531649907338,0.2959212523083341,,0.4047808012379092
Hadace,21219,0.0984105044920525,,0.228158236622145,,
Hadath Baalbek,53183,,0.4680736887245614,,0.0432825543023931,0.2941402597637602
Hadath Beyrouth,21219,,0.401842564921234,,,0.3482023329203502
Hadath Ej-Jebbeh,36131,,0.026997462029257,,,0.2796249348837548
Hadchit,36177,,0.0021517452753251,,0.0,0.2489239678498659
Hadchite,36177,0.0,,0.2732608341117936,,
Haddacé,72231,0.0,,0.4634693400092737,,
Haddatha,72231,,0.4113788943399817,,,0.0826882907302622
Haddet,53183,0.1215674174637457,,0.5634047855113598,,
Hadeth-el-Jebbé,36131,0.0,,0.2727904069893143,,
Hadtoun,34351,,0.0601253386697336,,0.0,0.3182904678810064
Hadtoune,34351,0.0,,0.2966928648477398,,
Hailan,33275,,0.1680706206527333,,,0.283311197515191
Haitoulé,63224,0.0,,0.2027904021222341,,
Hajjeh,61471,,0.503628631118745,,,0.1074990828097759
Hakel,26247,0.0,,0.4046863787595616,,
Hakour,35131,,0.3312314734777542,,,0.5456972589458121
Halane,33275,0.0,,0.40169421951395,,
Halate,26147,0.0356922443941575,0.1527036735445421,0.3958124459476866,,0.3605575969602075
Halba,35111,0.060140915953699,0.3312314734777542,0.5572100492871888,,0.5509830246270874
Halbata,53247,0.2029769959404601,0.368862531494299,0.5756299625987038,,0.2168314357289153
Halloussiyeh,62269,,0.4814543997596712,,,0.0861359963460947
Ham,53463,0.446064139941691,0.4680736887245614,0.5809270874114943,,0.3066558836244544
Hamara,52244,0.0,,0.4405532107077854,,
Hamat,34287,0.0,0.0673331531610036,0.2963270363204869,0.017621733640235,0.3603615608729857
Hammana,21411,0.0807262569832402,0.3637636190204683,0.2837609255917692,,0.3500963197853927
Hamoul,62314,0.0,0.4741524288526054,0.562017723781543,0.0,0.1175387119863705
Hamra En-Nabattiyeh,71371,,0.5364895448569935,,0.0,0.1681985958098021
Hanaouay,62247,,0.4741524288526054,,,0.0913407302443186
Hanawé,62247,0.0,,0.555370451401684,,
Hanine,72284,0.0,0.4113788943399817,0.4619155340471556,,0.1092885900937605
Haouaret-Miniye,37355,,,,0.0024468920919942,
Haouaret-Miniyeh,37355,,0.1902188054284537,,,0.311188681169682
Haouch El Qinnabe Rachaiya,55161,,,,0.0,
Haouch El Qinnabeh Rachaiya,55161,,0.2057420142662033,,,0.351320618979233
Haouch El-Aamara,51335,,0.3778397043499675,,0.0,0.3670875208373004
Haouch El-Dehab,53159,,0.4680736887245614,,,0.3363213150091875
Haouch El-Ghanam,51329,,0.3778397043499675,,,0.3748947834518769
Haouch El-Harime,52254,,0.2838613905418493,,,0.4840473912671511
Haouch En-Nabi,53431,,0.4680736887245614,,,0.3629259032118735
Haouch Er-Rafqa,53419,,0.4680736887245614,,,0.3652029543541633
Haouch Es-Siyade,51251,,,,0.0,
Haouch Es-Siyadeh,51251,,0.2876057199753736,,,0.3935810687709441
Haouch Hala,51317,,0.3778397043499675,,,0.3739506923833863
Haouch Mandara,51237,,0.2838613905418493,,0.0,0.4384601668805065
Haouch Qayssar,51264,,0.2876057199753736,,0.0,0.3966426123210616
Haouch Snaid,53433,,0.4680736887245614,,,0.3667105536022894
Haouch Tall Safiyeh,53135,,0.4680736887245614,,,0.3326284189479259
Haouchab,35219,,0.3312314734777542,,0.0019329498931659,0.518266141323244
Haouche Al-Sonaid,53433,1.3344086021505377,,0.5633644571656901,,
Haouche Barada,53151,0.0,0.4680736887245614,0.5625165796866396,,0.3397865381213436
Haouche El-Dahab,53159,0.0,,0.576090553902262,,
Haouche El-Kannabé,55161,0.0,,0.3391434076714557,,
Haouche El-Tal Safyat,53135,0.2360346184107002,,0.56293741143595,,
Haouche Hala,51317,0.0,,0.4585799615202338,,
Haouche Kaissar,51264,0.0,,0.8422047872803596,,
Haouche Sayadi,51251,0.0,,0.4561995324455346,,
Haouche el-Rafika,53419,0.0672813715602939,,0.5618087655393222,,
Haouche-al-Omara (Terres),51127,0.0,,0.4427627963332524,,
Haouche-el-Ghanam,51329,0.0,,0.4574302080953473,,
Haouche-el-Harimé,52254,0.0,,0.4437463218231395,,
Haour Taala,53451,,0.4680736887245614,,,0.3148741893177809
Haqath Ej-Jebbe,36131,,,,0.0,
Haqel,26247,,0.0684074985562782,,,0.3376791142145738
Haql el Aazime,37327,,,,0.0022606627104352,
Haql el Aazimeh,37327,,0.1902188054284537,,,0.3008890149126672
Haql el Aazimé,37327,0.0,,0.2804213665862392,,
Harabta,53264,,0.4680736887245614,,,0.2763224026868552
Harare,35328,0.1208053691275167,,0.5653600290248758,,
Harbouna,34253,0.0,0.0518431787831889,0.2956048029158374,0.0,0.3193126434519326
Harbta,53264,0.2211920529801324,,0.5646780263741181,,
Hardine,34361,0.0,0.0456060170432316,0.2977132118506424,0.0,0.2866189628786824
Haret -el-Sit,21275,0.2309178743961352,,0.264824929105451,,
Haret El-Ballane,22383,,0.2850687523799594,,0.0078018906042354,0.4290805729420189
Haret El-Belleni,22383,0.0,,0.2677562828629001,,
Haret Es-Sit,21275,,0.401842564921234,,,0.3571325555993299
Haret Hamzeh,21327,,0.401842564921234,,,0.3739927374209023
Haret Hamzé,21327,0.0,,0.2852544839078501,,
Haret Horaïk,21144,0.0,,0.1954421602419162,,
Haret Hreik,21144,,0.4779319648517342,,,0.3258899755174858
Haret Jandal,23647,0.017094017094017,0.2412152636234502,0.4777336244954434,0.0,0.3946662993468777
Haret Saida,61159,,0.488756370666737,,,0.1365844797335835
Haret Saïda,61159,1.0419100665670424,,0.3788654180008886,,
Harf Es-Sayad,37345,,0.1902188054284537,,0.0005679670162853,0.3005343529215645
Harf Jezzine,63171,,0.1766552783969553,,,0.3279512086121725
Harharaya,25333,,0.2369998485328059,,,0.321704294864811
Harime Es-Soughra,52271,,,,0.0458722721469561,
Harime-el-Soughra,52271,0.0,,0.4377213644959591,,
Harimeh Es-Soughra,52271,,0.2838613905418493,,,0.486126889620771
Hariq Zgharta,33131,,0.1680706206527333,,0.0,0.3514154607163932
Haris,72241,,0.4113788943399817,,,0.0726581298537356
Harissa,25339,0.085956416464891,,0.5009941567712299,,
Harissa Kesrouane,25339,,0.2369998485328059,,,0.3754737237276631
Harisse,72241,0.0,,0.4637013541418747,,
Harouf,71331,0.0,,0.1754452358115048,,
Harouf En-Nabatiyeh,71331,,0.5185008915707529,,7.751549264455028e-05,0.1117246113333866
Hartiye,61423,,,,0.0,
Hartiyeh,61423,,0.488756370666737,,,0.0806988161737099
Hasbaiya,74111,,0.2637768285086874,,0.0281682442341685,0.258335503688029
Hasbaiya El-Matn,21397,,0.3815003586158468,,,0.3548782326942117
Hasbaya,74111,0.1372661048421654,,0.2683812331612794,,
Hasbaya-el Meten,21397,0.0177935943060498,,0.2859882179190184,,
Hasrayel,26153,,0.0684074985562782,,,0.3709801659775359
Hasroun,36171,,0.026997462029257,,0.0015787497604971,0.283080435980356
Hasroune,36171,0.0102661596958174,,0.2729479042344241,,
Hasrout,23588,,0.2412152636234502,,0.1710107221129783,0.3125860483206404
Hasroute,23588,0.5558292282430214,,0.4764646337960186,,
Hassaniyeh,63241,,0.3004258319185988,,,0.182008775336414
Hassaniyé,63241,0.0689655172413793,,0.2035187494670002,,
Hawara,37355,0.0,,0.2842589221530797,,
Hayata,25349,0.0,0.2369998485328059,0.5148945802400784,,0.308911817663185
Hayssa,35221,,0.3312314734777542,,,0.5494137120880588
Haytla,35463,0.0,0.3312314734777542,0.5606122212687034,,0.5009707232599394
Haytouleh,63224,,0.3004258319185988,,,0.2017253452149941
Haytoura,63137,,0.1120952931704605,,,0.2930468038456457
Hayzouk,35139,0.0221923335574983,,0.5610951363504492,,
Hayzouq,35139,,0.3312314734777542,,,0.5020918632905154
Hazerta,51157,,0.2863372361776666,,,0.2972460337999031
Hazmiyet-Miniyeh,37321,,0.1902188054284537,,,0.3057339752415745
Haïdab,63281,0.0,,0.2038041426961679,,
Haïtoura,63137,0.2981366459627329,,0.2030050416119714,,
Hbaline,26281,,0.0684074985562782,,,0.3518929777719355
Hbeline,26281,0.1148148148148148,,0.4028667056325055,,
Hboub,26284,0.0,0.0684074985562782,0.3998262123102963,0.0368502659790478,0.3582553738404695
Hbous,22583,,0.2850687523799594,,0.0376085066537024,0.3938644617844331
Hdeine,26324,,0.0684074985562782,,0.0,0.3594063160509019
Hebbariyeh,74122,,0.2474365959090499,,,0.2613644882686932
Hebouss,22583,0.7637362637362637,,0.2704431966390369,,
Hedayné,26324,0.0,,0.4020243089169696,,
Hedd,35169,,0.3312314734777542,,,0.5266020187564262
Hejoula,26226,3.296774193548387,,0.4050094036987882,,
Hekr el Dahiri,35253,0.0,,0.5626433032359888,,
Helaliat,61147,0.2016097522856919,,0.3477971068465502,,
Helouet Rachaiya,55197,,0.1640474326233566,,,0.4838319317209489
Helta,34267,0.0,0.0518431787831889,0.2965951856153566,0.0041309220125007,0.3368054577004045
Hema Er-Rehban,26390,,0.0684074985562782,,0.0,0.3562171890234872
Hema Mar Maroun Aannaya,26388,,0.0684074985562782,,,0.3496920166072735
Hemlaya,22547,0.0232558139534883,,0.2976039717844463,,
Henniyeh,62293,,0.4741524288526054,,,0.1006046811852947
Herhraya et Kattine,25333,0.0,,0.5133970696799106,,
Heri,34177,,0.0673331531610036,,0.0844553822552552,0.3680474709598358
Hermel,54111,0.0232286399258617,0.368862531494299,0.4625666558687401,,0.4547272782479342
Hermel Charbine,54127,0.0779347296639064,,0.4727582125286153,,
Hermel Djebab,54159,0.0,,0.6246429773792294,,
Hermel Jbab,54159,,0.2325239034230942,,0.0,0.2613367745991424
Hermel Zighrine,54119,0.0937808489634748,,0.4649893750118178,,
Hidab,63281,,0.1120952931704605,,0.0079885857463723,0.2752997261718998
Himlaya,22547,,0.2610343004563827,,0.0032261023954714,0.3391954006146322
Hisraïl,26153,0.03125,,0.4005679754008446,,
Hizzerta,51157,0.8613509395632301,,0.464646902935444,,
Hizzine,53441,0.2872131147540984,0.4680736887245614,0.5627073055989736,,0.3649836960602081
Hjoula,26226,,0.0684074985562782,,,0.3341594908575128
Hlaliyeh Baabda,21324,,0.4779319648517342,,,0.360917163486523
Hlaliyeh Saida,61147,,0.488756370666737,,,0.138758327877958
Hmaile,71251,,,,0.0,
Hmaileh,71251,,0.5185008915707529,,,0.141949588316288
Hmaireh Aakkar,35331,,0.3312314734777542,,,0.4968149956382053
Hmairi Sour,62244,,0.4741524288526054,,,0.0897162886949057
Hmairé,62244,0.0,,0.5629689258042285,,
Hmais,35470,0.0,,0.5589095754414878,,
Hmaiss Aakkar,35470,,0.3312314734777542,,,0.4959826102802238
Hmaïla,71251,0.0,,0.1764793214571769,,
Hnaider,35514,,0.3312314734777542,,,0.7035023936101108
Hnaïder,35514,0.0,,0.5673286908063309,,
Hochemoche,51341,0.0,,0.4566813876818577,,
Hokr Ed-Dahri,35253,,0.3312314734777542,,,0.4579827165227248
Hokr Etti,35223,,0.3312314734777542,,0.0,0.525393769886004
Hokr Jouret Srar,35239,,0.3312314734777542,,,0.5075902750704937
Homeira,35331,0.1761565836298932,,0.5581107465281152,,
Homs Oua Hama,24437,,0.3257531649907338,,0.0,0.4187880640374005
Homs et Hama,24437,0.0,,0.2973745123475058,,
Homsiyeh,63127,,0.1120952931704605,,,0.2963698365737291
Hoshmosh,51341,,0.2876057199753736,,0.0,0.3750559107142527
Houaich,35322,,0.3312314734777542,,,0.4535924297118281
Houakir,33152,,0.1680706206527333,,,0.309814572857456
Houla,73234,0.0,0.4829285462416079,0.41928171051045,,0.1862926525291282
Houmal,24275,,0.401842564921234,,,0.3448418053690402
Houmale,24275,0.0,,0.2829984114883085,,
Houmine El-Faouqa,71246,,0.5185008915707529,,0.0013181159977565,0.1793616232101653
Houmine El-Tahta,71266,0.2909482758620689,,0.1752245974872357,,
Houmine Et-Tahta,71266,,0.503628631118745,,0.0045424680445799,0.121726708558147
Houmine-el-Faouka,71246,0.0203798054654932,,0.1761977816285055,,
Houra,73183,0.0,0.5544781981432341,0.4180702270541643,0.0,0.2424025290364947
Hourtala,53451,0.3741438356164384,,0.5670918205993746,,
Hraiche,32183,,0.3624100651889897,,0.0,0.3576025761961371
Hraiqis,33287,,0.1680706206527333,,,0.2905023257911199
Hrajel,25471,0.1125852220379583,0.1527036735445421,0.5177153535805484,,0.3195068835094925
Hrar,35328,,0.260725139453104,,,0.3546444986908374
Hsarat,26286,,0.0684074985562782,,,0.3504039063516402
Hsarate et Richkif,26286,0.0766101694915254,,0.4055649892716105,,
Hsayn,25345,,0.2369998485328059,,,0.3171612227573135
Hsoun,26229,,0.0684074985562782,,,0.3336180103410407
Héloua,55197,0.0,,0.3696678117413309,,
Iaal,33141,,0.145922435877013,,,0.3178055642496497
Iaat,53123,,0.4680736887245614,,,0.3262024719384347
Iate,35185,0.0180371352785145,,0.5657781138011645,,
Ibl Es-Saqi,73127,,0.400957397026142,,,0.262576538927901
Idbil,35117,,0.3312314734777542,,,0.512216943482715
Ighbeh,25391,,0.2369998485328059,,,0.3127698663430408
Ighmid,24451,,0.283484214307092,,,0.4168220150094259
Ijbaa,33291,,0.145922435877013,,,0.2709302427220207
Ijdaabrine,32157,,0.0673331531610036,,0.0290566282015722,0.3086888487297585
Ijdabra,34266,,0.0518431787831889,,0.0241669091380079,0.3404604511865831
Ilat,35145,,0.3312314734777542,,,0.4893429936456813
Ilate,35145,0.0381315538608198,,0.5624820002168722,,
Insariyeh,61436,,0.488756370666737,,,0.0809695564319451
Iskandarouna Sour,62299,,0.4741524288526054,,0.0,0.1135580578387539
Izal,37341,0.0645446507515473,0.1680706206527333,0.2969282970921279,0.0009039726938359,0.279077213511873
Izzié,62294,0.0,,0.5611685519962675,,
Izzé,71271,0.1729428172942817,,0.1762626772134981,,
Iâl,33141,0.0958254269449715,,0.3886864542788583,,
Jaaita,25261,,0.2610343004563827,,,0.3981308832748741
Jabal Toura,63164,0.0,0.1120952931704605,0.2043297420218328,0.0,0.2989238191889577
Jabba,53171,0.7055214723926381,,0.5646123293752522,,
Jaboulé et Al-Bijage,53221,0.4693877551020408,,0.5728144623804194,,
Jadra,23271,1.2270429654591406,0.2412152636234502,0.4715880343378508,0.3913464196730806,0.2217620058958637
Jage,26381,0.0,,0.4061958811966098,,
Jahliye,23577,,,,0.0044070392504694,
Jahliyeh,23577,,0.2412152636234502,,,0.3253586428111785
Jaj,26381,,0.0684074985562782,,,0.3398450362804571
Jal-el-Dib,22327,0.0184638812220424,,0.2122414135392911,,
Jall Ed-Did,22327,,0.2850687523799594,,0.0163522003103541,0.4503050550547951
Janine,35263,0.0,0.3312314734777542,0.569884461978838,0.0,0.5070169151371269
Janneh,26327,,0.0684074985562782,,,0.341481494825976
Janné,26327,7.096774193548387,,0.4058503625225126,,
Jarjouaa,71231,,0.3152980923706067,,0.0106842535118815,0.2380629926899009
Jarjouh,71231,0.0515090543259557,,0.1753784915993126,,
Jarjour,37375,,0.1680706206527333,,0.0,0.2941842446099845
Jarjoura,37375,0.0,,0.2813670660697105,,
Jarmaq,63375,,0.3152980923706067,,,0.2396799017388998
Jaroun,37358,0.0,,0.3058982316166394,,
Jayroun,37358,,0.1902188054284537,,0.0,0.3076304160272529
Jazira BG,52257,,0.2838613905418493,,0.0360714390494292,0.480212829605635
Jazira Saida,61411,,0.4814543997596712,,0.0,0.0855865887958379
Jaziré,61411,0.0,,0.4198960808512478,,
Jbaa Ech-Chouf,23671,,0.2606661623658876,,0.0301181665897581,0.3234505080763595
Jbaa En-Nabatiyeh,71211,,0.3731175162027821,,0.0,0.2460454056626647
Jbail,26111,0.0723058371667187,,0.3774552080554685,,
Jbal El-Botm,62279,,0.4427656615962935,,,0.0825679519310361
Jbayl,26111,,0.0684074985562782,,,0.3919818030581973
Jdael et Kfarhi,23454,0.5529953917050692,,0.4831032710437324,,
Jdaidet El-Matn,22211,,0.2850687523799594,,0.0071004389386453,0.4448976490639094
Jdaidet Ghazir,25317,,0.2369998485328059,,,0.3219827530410555
Jdeidet Ech-Chouf,23623,,0.2412152636234502,,0.0097890863490073,0.3965205048007309
Jdeidet El-Qaitaa,35344,,0.260725139453104,,,0.4076391722762993
Jdeidet Ghazir,25317,0.0125994694960212,,0.5086254540407134,,
Jdidet Ej-Joumeh,35125,,0.3312314734777542,,0.0,0.5660168285007213
Jdita,51224,,0.2876057199753736,,,0.3102130720208827
Jditah,51224,0.005804672761573,,0.4469156805635729,,
Jebaa,53171,,0.4680736887245614,,,0.2769966650596563
Jebah,23671,0.2615262321144674,,0.4796942018003057,,
Jebel-El-Batm,62279,0.0,,0.5648196189273959,,
Jebla,34274,0.0,0.0673331531610036,0.2970918869207926,0.0064450512718095,0.3154573551856453
Jebrayel,35163,,0.3312314734777542,,,0.5007894827495205
Jebrâil,35163,0.0498442367601246,,0.5595982856497639,,
Jeddeyel,26165,0.0303292894280762,,0.4020237144013807,,
Jedeidet-El-Kayteh,35344,0.0829825616355983,,0.5756938569520917,,
Jeita,25261,0.0161943319838056,,0.5036422087388338,,
Jejime,62318,0.0,,0.5620071631385269,,
Jennata,62237,0.0,0.4741524288526054,0.5560167909735318,,0.0894455484366705
Jensnaya,63261,0.0,0.3004258319185988,0.1981627670504493,,0.1567307565152303
Jenta,53447,0.3864229765013054,0.3778397043499675,0.5705553460402709,,0.3434401158248121
Jeoddayel Jbayl,26165,,0.0684074985562782,,,0.3921799116983173
Jernaya,63294,0.0,0.3731175162027821,0.2042385058989353,,0.1979420669961022
Jezzine,63111,,0.1766552783969553,,,0.3292166340711018
Jib Jénine,52211,0.0298254122211445,,0.4375357187138877,,
Jibbayn,62292,,0.4741524288526054,,,0.1053515386080047
Jibchit,71337,,0.5185008915707529,,0.0,0.1058205636856874
Jijim,62318,,0.4741524288526054,,0.0,0.1112401392246263
Jisr El Qadi,24373,,0.283484214307092,,,0.3923582091434807
Jiye,23267,,,,0.8574527756363141,
Jiyeh,23267,,0.2412152636234502,,,0.2456030904041699
Jleiliye,23376,,,,0.0,
Jleiliyeh,23376,,0.2412152636234502,,,0.3098889869048213
Jlisseh,26274,,0.0684074985562782,,,0.3482108119025572
Jmaijmeh,72221,,0.4829285462416079,,,0.1079492172713976
Jmailiye,23316,,,,0.7130802210815407,
Jmailiyeh,23316,,0.2412152636234502,,,0.2151352612618471
Jmeijmé,72221,0.0,,0.4658219599021413,,
Jmeiliyeh,23316,0.124223602484472,,0.4773088444277039,,
Jobchite,71337,0.0,,0.174066391203484,,
Jodaidat,22211,0.0354646797204412,,0.235504770402728,,
Jouaiya,62211,,0.4741524288526054,,,0.0910453772353347
Jouar El-Haouz,21461,,0.3815003586158468,,,0.3572608304095558
Jouar El-Matn,22587,,0.2850687523799594,,0.0,0.3575366975296106
Jouar el Haouz,21461,0.0,,0.2870545281333997,,
Jouaya,62211,0.0,,0.5604639173273223,,
Joubb Jannine,52211,,0.2220822468658408,,,0.3991743102945055
Joun,23336,1.8441720860430213,0.2806889757572411,0.475781832303191,0.0482307636353991,0.2023220568683202
Jounie Ghadir,25121,,0.2369998485328059,,,0.3826832882793498
Jounie Haret Sakhr,25131,,0.2369998485328059,,,0.3914117706305404
Jounieh Sarba,25111,,0.2369998485328059,,,0.3967066526972112
Jouret Arsoun,21487,,0.4779319648517342,,,0.3349361983994954
Jouret Arsoune,21487,0.0,,0.2851643837818839,,
Jouret Bedrane,25365,0.0313901345291479,0.2369998485328059,0.5157076237554951,,0.3099270936315678
Jouret E-Tourmos,25355,,0.2369998485328059,,,0.3126344962139232
Jouret El-Ballout,22619,,0.2850687523799594,,0.0154796012042271,0.3893259452965749
Jouret El-Qattine,26236,,0.0684074985562782,,0.0210281736712935,0.3344218848654213
Jouret Mhad,25359,0.0,0.2369998485328059,0.5166236002226966,0.0,0.2990055427822612
Jouret Srar,35239,0.0,,0.5543241248105917,,
Jouret Termos,25355,0.0,,0.5179031813333168,,
Jouret-El-Ballout,22619,0.0775,,0.290541562262727,,
Jouret-el-Kattine,26236,0.0,,0.4050457120536149,,
Jrabta,34219,0.0,,0.2968561011595573,,
Jrabta El-Batroun,34219,,0.0601253386697336,,0.0110042917755898,0.3367008054410187
Jrane,34234,0.0,,0.2919806328162995,,
Jrane El-Batroun,34234,,0.0518431787831889,,0.0169663478208064,0.3169060487200967
Kaa-el-Rime,51173,0.0515463917525773,,0.4575264359243246,,
Kaabarine,35233,0.0,,0.5636573355575981,,
Kaakiet El-Senaoubar,61451,0.0,,0.4133081350654658,,
Kaakour,22744,0.01007326007326,,0.3007528953750997,,
Kab Elias,51234,0.1045070315757552,,0.455646772945203,,
Kabrikha,73262,0.0,,0.4196476994029381,,
Kachlak,35453,0.0,,0.5729486564992803,,
Kafr,26273,,0.0684074985562782,,,0.3474257635110513
Kafr,35423,,0.3312314734777542,,,0.5014939355656378
Kafr Dajjal,71354,0.0,,0.1757010601819433,,
Kafr Malka,35234,0.0,,0.5629215696529509,,
Kafr-Falouce,63211,0.251207729468599,,0.2038642558076156,,
Kafr-Jarra,63267,1.7807606263982103,,0.2001420674721326,,
Kafra,72257,0.0,,0.4609363279292697,,
Kafra Bant Jbayl,72257,,0.4427656615962935,,,0.0840000254022295
Kafra-Jbah,71211,0.0,,0.1764605154967469,,
Kafraiya BG,52156,,0.2606661623658876,,,0.4149999261926198
Kafraya El-Koura,32177,,0.0673331531610036,,0.0061873719342981,0.3414484199762501
Kaftoun,32151,,0.0673331531610036,,0.0,0.3268284460315339
Kaftoune,32151,0.0,,0.6067214009358174,,
Kahf El-Malloul,37373,,0.1680706206527333,,0.0,0.2851016732830002
Kahf-El-Malloul,37373,0.0,,0.2810852203943295,,
Kahhaleh,24313,,0.401842564921234,,,0.3481758568715647
Kahlouniet Ech-Chouf,23643,,0.2412152636234502,,,0.389348570327212
Kakiat El-Jisr,71381,0.0,,0.1761303437500057,,
Kalaouiyé,72261,0.0,,0.4658187955658558,,
Kamed El-Laouz,52217,,0.2220822468658408,,,0.4018324873753635
Kamed-el-Lauze,52217,0.0446131309095751,,0.4375654737340033,,
Kana,62229,0.0,,0.5583418123489811,,
Kanabet Broummana,22643,0.0,,0.2871446483975605,,
Kanarite,61347,0.2560483870967742,,0.4094912984143141,,
Kannabet Salima,22683,0.0,,0.2969839209926431,,
Kantara,73276,0.0,,0.4176554234461009,,
Kaoukaba,55144,0.4785714285714286,,0.3443610903660209,,
Kaoukaba,74133,0.0491132332878581,,0.2650522358805804,,
Kaoukaba Bou Arab,55144,,0.1640474326233566,,,0.3318986974499613
Kaoukaba Hasbaiya,74133,,0.400957397026142,,,0.2556902199746894
Kaoutarite El-Riz,61426,0.0,,0.4175478118779138,,
Kaoutarite El-Siyad,61454,0.0037174721189591,,0.4148610129164948,,
Kaoutariyet Es-Siyad,61454,,0.503628631118745,,,0.0837368692686045
Karabeiche,33119,0.0,,0.3871745565515671,,
Karem-Asfour-El-Nahrieh,35133,0.0,,0.5568054597754535,,
Karha,53277,0.3644251626898048,,0.5714353742661498,,
Karkha,63244,0.2077922077922078,0.2806889757572411,0.2032333561866427,,0.196964618598924
Karm Aasfour,35133,,0.3312314734777542,,,0.5327374066483384
Karm El-Mohr,37347,,0.1902188054284537,,0.0002911651408164,0.2920022896474094
Karm Saddeh,33169,,0.0769657694256401,,,0.2712347341224508
Karm Saddé,33169,0.0184804928131416,,0.3886644873154448,,
Karnaoun,34283,0.0,,0.2945262543005803,,
Karseita,37339,0.0619128949615713,,0.2941799216485719,,
Kartaba,26311,0.0347029428095502,,0.4045597676094054,,
Kartaboune,26123,0.0,,0.3844101933808626,,
Kartada,21361,0.2845528455284553,,0.2838575176252864,,
Katermaya,23231,0.4257314853702926,,0.4760622448683435,,
Katrani,63327,0.0,,0.2077328216996352,,
Kattine,63284,1.9047619047619049,,0.2039490014506082,,
Kattiné,37315,0.0,,0.2817632129014853,,
Katté,35223,0.0,,0.5842197205552601,,
Kaïfoun,24337,0.1281287246722288,,0.291467308289873,,
Kaïtoulé,63121,0.3236245954692556,,0.2032340557033762,,
Kboula,35179,0.0,,0.5549420804439043,,
Kefer Sir,71391,0.0,,0.176107898521787,,
Kefer-Houné,63167,0.006057546693589,,0.2044427410204251,,
Kefr El-Ftouh,35423,0.0,,0.5586783540458837,,
Kefraya,32177,0.0612602100350058,,0.5996547779669473,,
Kefraya,33283,0.0,,0.389204267598031,,
Kefraya,52156,0.0812286689419795,,0.4397020673389758,,
Kefraya,61222,0.2397476340694006,,0.4119916517457999,,
Kehmez,26367,0.0,,0.4058991004719571,,
Kelhate,32171,0.3138586956521739,,0.6077575728273453,,
Kernayel,21456,0.5001718803712616,,0.2857301957295216,,
Ketermaya,23231,,0.2412152636234502,,0.0408092543043985,0.2320109169384472
Keyfoun,24337,,0.3257531649907338,,,0.3392972629592318
Kfar Aabida,34144,,0.0518431787831889,,0.0052166303724844,0.3639765596689951
Kfar Aamay,24341,,0.3257531649907338,,0.0,0.3782154458917667
Kfar Aaqab,22781,,0.2850687523799594,,0.0,0.3560054703674729
Kfar Aaqqa,32113,,0.0828231275388184,,0.001426563017503,0.3083857303459615
Kfar Akab,22781,0.0,,0.3009638488521555,,
Kfar Akka,32113,0.0079441968610734,,0.6059831629880089,,
Kfar Baal,26224,,0.0684074985562782,,0.0,0.3328057895663351
Kfar Badda,61418,0.0,,0.4140906712649432,,
Kfar Beit,61491,,0.488756370666737,,,0.1603025175513816
Kfar Bibnine,37395,0.0,0.1902188054284537,0.2930376695298329,0.0001681470761136,0.3067424872864985
Kfar Chakna,33147,0.0,,0.388204860295563,,
Kfar Chellal,61494,,0.3731175162027821,,,0.1797866184217757
Kfar Chellane,37363,,0.1680706206527333,,0.0043225796481062,0.2777446500026101
Kfar Chima,21251,,0.401842564921234,,,0.3575874438406349
Kfar Chlane,37363,0.1747019180922757,,0.2955439865724706,,
Kfar Chleïman,34257,0.0,,0.2962053179533057,,
Kfar Chouba,74160,,0.2474365959090499,,,0.2643258746244028
Kfar Dabach,53427,,0.4680736887245614,,,0.3376346296405941
Kfar Dabache,53427,0.0,,0.5591234426394296,,
Kfar Dalakoss,33115,0.0646425073457394,,0.380238327733038,,
Kfar Dane,53179,,0.4680736887245614,,,0.3175287209232076
Kfar Denis,55137,,0.1640474326233566,,,0.3490959001033476
Kfar Dibiane,25439,,0.2610343004563827,,,0.3218183174293845
Kfar Dinès,55137,0.2285714285714285,,0.3405360227643698,,
Kfar Djal En-Nabatiyeh,71354,,0.5185008915707529,,0.0,0.1110821929141013
Kfar Dounine,72247,,0.4427656615962935,,,0.0915684462574476
Kfar Fakoud,23433,0.3138429024304332,,0.4769222980707452,,
Kfar Falous,63211,,0.2806889757572411,,,0.226224141377605
Kfar Faqoud,23433,,0.283484214307092,,0.0538962511672141,0.3587335447605223
Kfar Habou,37365,0.0633261604672609,0.1680706206527333,0.2812970739136002,0.0151331982176265,0.2799562196396614
Kfar Halda,34336,0.0307807807807807,,0.296974760651955,,
Kfar Hamal,23415,,0.2412152636234502,,0.0,0.3889197704001867
Kfar Hamam,74120,,0.2474365959090499,,0.0,0.2699015396560784
Kfar Hamame,74120,0.0,,0.2688432965360804,,
Kfar Haml,23415,0.0,,0.4763395749123501,,
Kfar Haoura,33143,0.0,,0.3876812618021242,,
Kfar Harra,35157,0.0,0.3312314734777542,0.5595850422687868,0.0,0.5139269908903027
Kfar Hata El-Koura,32155,,0.0673331531610036,,,0.3263772122678086
Kfar Hatna,34241,0.0,0.0518431787831889,0.2945494423966801,0.0864656523551604,0.3128449448465654
Kfar Hatta,32155,0.0113500597371565,,0.6054727958115441,,
Kfar Hatta,61493,0.4538291837377876,,0.4139267902379657,,
Kfar Hatta Saida,61493,,0.3004258319185988,,,0.1740326037195846
Kfar Hay,34271,0.0,0.0673331531610036,0.2969701889625273,0.0042735769811872,0.3069870528208496
Kfar Hazir,32123,0.016698172652804,0.0673331531610036,0.6069635076386837,0.0,0.3607161016873406
Kfar Heloss,34281,0.0,,0.2953924568029464,,
Kfar Hilda,34336,,0.0518431787831889,,0.0,0.3227946493367184
Kfar Him,23439,,0.2412152636234502,,0.006215989359553,0.3311457503268932
Kfar Houneh,63167,,0.2111425405947351,,,0.2921987003761848
Kfar Jarra,63267,,0.3004258319185988,,,0.1561610941669665
Kfar Kahel,32167,0.0,0.1143727817079157,0.607739950477443,0.0128941188259354,0.322766299585459
Kfar Kaouass,26264,0.0,,0.4030400315255316,,
Kfar Katra,23419,0.0348605577689243,,0.4771876351933463,,
Kfar Khollos,34281,,0.0518431787831889,,0.0,0.3595476393921835
Kfar Kiddeh,26189,,0.0684074985562782,,,0.3868184710843122
Kfar Kila,73228,,0.5544781981432341,,,0.2233705794862937
Kfar Kouk,55134,0.0,,0.3433145331547314,,
Kfar Lichki,55154,,0.2220822468658408,,,0.3186519183564136
Kfar Mashoun,26287,,0.0684074985562782,,,0.3601505556481177
Kfar Matta,24377,0.1512788521522146,0.283484214307092,0.2962148249719479,,0.3329133096560154
Kfar Mechké,55154,0.7204545454545455,,0.339381286448767,,
Kfar Melki,61496,0.1154956689124157,,0.4139034668251043,,
Kfar Melki Aakkar,35234,,0.3312314734777542,,,0.5585712454003412
Kfar Melki Saida,61496,,0.3731175162027821,,0.0,0.2035160912307043
Kfar Nabrakh,23655,0.1899134838573538,0.2412152636234502,0.4770601738265624,0.0507805969340499,0.4075076449018441
Kfar Niss,23455,,0.283484214307092,,0.0010770254382942,0.3958639949308423
Kfar Noun,35406,,0.3312314734777542,,,0.5495433002633701
Kfar Obeida,34144,0.0,,0.2814147173431054,,
Kfar Qatra,23419,,0.2412152636234502,,0.0162975372703489,0.4096799426112105
Kfar Qouas,26264,,0.0684074985562782,,0.0,0.3475768556586479
Kfar Qouq,55134,,0.1640474326233566,,,0.3829577536480101
Kfar Remmane,71133,0.0,,0.1740509754409175,,
Kfar Roummane,71133,,0.3152980923706067,,0.0024637815863735,0.2252812938696946
Kfar Saroun,32115,0.1274647887323943,,0.5982963442982282,,
Kfar Saroun El-Koura,32115,,0.0828231275388184,,0.0223297961764134,0.3045883177319938
Kfar Selouane,21476,0.2556237218813906,0.3502021437868295,0.2883537735763675,,0.3116834014019196
Kfar Sir,71391,,0.4963266602116791,,0.0,0.098758281248343
Kfar Tay El-Matn,22799,,0.2610343004563827,,,0.3285035191904297
Kfar Tay Kesrouane,25447,,0.2610343004563827,,0.0,0.3318877724183732
Kfar Tebnite,71166,0.0,,0.17626673235037,,
Kfar Tibnit,71166,,0.3152980923706067,,0.0,0.2304074909695381
Kfar Yachite,33153,0.0313043478260869,,0.384811738180017,,
Kfar Yassine,25146,,0.2369998485328059,,,0.3868164955576713
Kfar Zabed,51389,0.0,,0.469562274908501,,
Kfar Zeina,33145,0.0983746792130025,,0.3881205173194079,,
Kfar hata,33121,0.0,,0.3786942994752299,,
Kfar hay,23454,,0.283484214307092,,0.0960671153870782,0.4196393322816217
Kfar-Aammay,24341,0.0,,0.2964201229011362,,
Kfar-Bite,61491,0.1272727272727272,,0.4144187023187709,,
Kfar-Challal,61494,0.2028985507246377,,0.4145266886974798,,
Kfar-Keddé,26189,0.0,,0.4037232907963887,,
Kfar-Mashoune et Dmalsa,26287,0.0442708333333333,,0.3995253410692336,,
Kfarb Shlaimane,34257,,0.0518431787831889,,0.0,0.3266526980165742
Kfarbaal (Annaya),26224,0.0,,0.4005207919031305,,
Kfarchakhna,33147,,0.1143727817079157,,,0.3282696015852468
Kfarchima,21251,0.0529185375240538,,0.264817099960943,,
Kfardan,53179,0.4042011457670273,,0.5671229199661418,,
Kfardlaqous,33115,,0.145922435877013,,0.0,0.3479872938186699
Kfardounine,72247,0.0,,0.4586248330515781,,
Kfarfila,71221,0.0156632403328438,0.3731175162027821,0.1769255202007148,0.0005108636514425,0.2178465171222272
Kfarfou,33165,0.0622222222222222,0.145922435877013,0.3885708387895074,,0.2791451326555547
Kfarhata Zgharta,33121,,0.145922435877013,,0.0,0.3496624704198931
Kfarhime,23439,0.2828662236347876,,0.4736470252373535,,
Kfarhoura,33143,,0.2902475199486487,,,0.3300808926671524
Kfarkala,73228,0.0,,0.4178417411131513,,
Kfarnice,23455,0.0036496350364963,,0.4769979584558131,,
Kfarnoune,35406,0.0,,0.559357185982657,,
Kfarsghab,33223,0.0,0.074037090576169,0.3899739500347717,,0.2584306860955279
Kfartaï,22799,0.0,,0.288840359637364,,
Kfaryachit,33153,,0.145922435877013,,,0.3191978558480951
Kfarzabad,51389,,0.2876057199753736,,,0.3644671013569497
Kfarzaina,33145,,0.145922435877013,,,0.3378139309715038
Kfayr Ez-Zait,74175,,0.2305336950832319,,,0.3095251946099554
Kfertaï,25447,0.0,,0.5185042230423127,,
Kferyacine,25146,0.0,,0.4757404232991207,,
Kfifane,34233,0.0,0.0518431787831889,0.2932874690960003,0.1311081736269648,0.3238099253051012
Kfoun,26267,,0.0684074985562782,,,0.3470196531236968
Kfour El-Aarbi,34341,,0.026997462029257,,0.0,0.2933988455214847
Kfour El-Arabi,34341,0.0,,0.2982123992205843,,
Kfour En-Nabatieh,71177,,0.5185008915707529,,0.0,0.1264845107917893
Kfour Kesrouane,25329,,0.2369998485328059,,,0.3255217325059307
Khaldiye,33139,,,,0.0,
Khaldiyeh,33139,,0.145922435877013,,,0.3346445597341202
Khalouat Baabda,21421,,0.4779319648517342,,,0.3433043402261905
Khalouet Hasbaiya,74168,,0.2057420142662033,,,0.2979609316039123
Khalsa,35430,0.0,0.3312314734777542,0.5617717557473052,0.0,0.6010694460633805
Kharayeb El-Hermel,54175,,0.4680736887245614,,,0.3192179838307034
Kharayeb Nahr Ibrahim,25181,0.0,0.1527036735445421,0.5041820389701436,0.0,0.3671983875440425
Kharbet Jbayl,26249,,0.0601253386697336,,,0.322622312012773
Kharnoub,37335,0.0,,0.2802439246637202,,
Kharnoubet Aakkar,35257,,0.3312314734777542,,0.0,0.4886503299213725
Kharroub-Miniye,37335,,,,0.0,
Kharroub-Miniyeh,37335,,0.1902188054284537,,,0.2902223710137093
Khartoum,61446,0.0653357531760435,0.503628631118745,0.4164892013708449,,0.0819319342137015
Khayayeb Saida,61419,,0.503628631118745,,,0.0750731810050696
Khazize,61474,0.0,,0.4146535301877929,,
Khellet Khazen,63335,0.0,,0.2039933238932555,,
Kherbet Bassal,61467,0.0835866261398176,,0.4130798386504395,,
Kherbet Bisri,23371,0.0,,0.4783249971864327,,
Kherbet Char,35431,0.0496957403651115,,0.5628509044892546,,
Kherbet Daoud,35417,0.0,,0.5622772418885481,,
Kherbet El-Douair,61443,0.0,,0.4134272633067186,,
Kherbet Kanafar,52151,0.0033285782215882,,0.4391053427328802,,
Kherbet Rouha,55151,0.3840155945419103,,0.3408578456167811,,
Kherbet Salem,72234,0.0,,0.4603779701503904,,
Khereibet Ech-Chouf,23635,,0.2606661623658876,,0.0223240561468608,0.3243868464589194
Khiara,52234,,0.280117061108325,,,0.460678951490672
Khiara El-Aatiqa,52247,,0.2838613905418493,,6.192304207954282,0.4674784873777366
Khiara-el-Atika,52247,0.0,,0.4396095032128395,,
Khillet El-Mtain,22722,,0.2850687523799594,,0.0,0.37597792915178
Khinchara,22747,,0.2850687523799594,,0.0207321108089785,0.3591478379437213
Khirbet Bisri,23371,,0.1766552783969553,,0.0751582278481012,0.3100158458921216
Khirbet Char,35431,,0.3312314734777542,,,0.5065992682850369
Khirbet Daoud Aakkar,35417,,0.3312314734777542,,,0.4913494937688006
Khirbet Ed-Douair Saida,61443,,0.488756370666737,,0.0,0.0858428810801838
Khirbet El-Bassal,61467,,0.488756370666737,,0.0286601032814362,0.1049300692857842
Khirbet Er Remmane,35410,0.0,0.3312314734777542,0.5591242810398994,0.0,0.5789709713018396
Khirbet Qanafar,52151,,0.2606661623658876,,,0.4040932237804717
Khirbet Rouha,55151,,0.1640474326233566,,,0.3686720693302971
Khirbet Selm,72234,,0.4800031719044896,,,0.0951162391255653
Khiyam Marjaayoun,73159,,0.400957397026142,,,0.2674669713945115
Khodr Baalbek,53443,,0.4680736887245614,,,0.3527352979652488
Khreibet Aakkar,35330,0.0,0.3312314734777542,0.5586102488330844,0.0,0.4321796929973029
Khreibet Baabda,21431,,0.4779319648517342,,,0.3701289540689014
Khreibet Baalbek,53455,,0.4680736887245614,,,0.3086539737098625
Khreibet Ej-Jindi,35216,,0.3312314734777542,,,0.5450953372981138
Khreibet Hasbaiya,74181,,0.400957397026142,,0.0,0.2861030618418521
Khreibé,53455,0.7231404958677686,,0.5789017130064915,,
Khzaiz,61474,,0.503628631118745,,,0.1094762173250122
Kloud El-Bakia,35317,0.0,,0.5587484768533635,,
Knaiouer,36114,0.0,,0.2728718805142844,,
Knaissat,53322,0.7251624883936861,,0.5610156897363988,,
Knate,36127,0.0,,0.2728282574798862,,
Kneisset Aakkar,35245,,0.3312314734777542,,,0.4795820128864581
Kneisset Baabda,21377,,0.3815003586158468,,,0.3757994617703912
Kneisset Baalbek,53322,,0.4680736887245614,,,0.3051041542046752
Kneisset Ech-Chouf,23425,,0.283484214307092,,0.0,0.4094532252458002
Kneisset Hnaider,35515,,0.3312314734777542,,0.0,0.7257139028543178
Kneisset Sour,62267,,0.4741524288526054,,,0.0944358111324906
Kneissé,62267,0.0,,0.5591519057711922,,
Knisse,35465,,,,0.0,
Knisseh,35465,,0.3312314734777542,,,0.5127620771497721
Kobbaï,21357,0.0,,0.2854237971624865,,
Kobbet Bchamra,35269,0.0068997961423867,,0.5601047956763041,,
Korkraya,26351,0.2360248447204969,,0.405957385020757,,
Kornet Chahouane,22455,0.0195596289258969,,0.2589466960522567,,
Kornet-El-Hamra,22595,0.0,,0.2868911106865793,,
Kouachra,35429,,0.3312314734777542,,,0.4924921119032454
Koubba,34155,0.1430057202288091,0.0518431787831889,0.2886061744437333,0.0560271658468825,0.3766042756610182
Koueikhat,35215,0.0790931989924433,0.3312314734777542,0.5726843201967156,,0.5364664623477235
Kounine,72251,0.0,0.4829285462416079,0.4673749357769892,,0.1250456317818279
Kour,34246,0.0,0.0518431787831889,0.2943180850628708,0.0057790435277881,0.3301452473478117
Kousba,32137,0.0183743382123948,0.1143727817079157,0.6058620194416316,0.0174393592027119,0.2862884020253667
Koussaya,51353,0.10790273556231,,0.4589698172994926,,
Kraya,23351,0.0,,0.4759522554459514,,
Krayé,61255,0.5067735692562897,,0.4071346219443372,,
Krouh,63339,0.0,,0.2033619993746593,,
Kroum Arabe,35119,0.3528773072747014,,0.5621931544090873,,
Kroum El-Aarab,35119,,0.3312314734777542,,,0.5223555505099559
Ksaibé,71374,0.0,,0.173383112797822,,
Ksara,51184,0.0,0.2876057199753736,0.4257187455925616,0.0655124970593969,0.3028901407187869
Ksarnaba,53413,0.0295262073701075,,0.5611519338976896,,
Ktalé,21331,0.0,,0.2861969524911774,,
Ktalé,63291,0.0,,0.2028420214571724,,
Kélia,52291,0.0,,0.4469209610685803,,
Laboueh,53234,,0.4680736887245614,,,0.372578996463691
Lala,52214,0.1074589127686472,0.2220822468658408,0.4384829112631419,,0.3569974244913958
Laqlouq,26361,,0.0684074985562782,,,0.3563601920328214
Lassa,26331,10.053892215568862,0.1527036735445421,0.4068579196257727,,0.3313158244378186
Laylakeh,21166,,0.401842564921234,,,0.3599381543061092
Laylaki,21166,0.0,,0.2426522228302194,,
Lebaa,63227,0.5916760404949382,0.3004258319185988,0.1995772725916366,,0.1769596879147441
Lebbaya,52274,0.0,,0.4457654889580831,,
Lehfed,26233,0.0021691973969631,0.0684074985562782,0.404403013413974,,0.3306398675004518
Libbaya BG,52274,,0.2305336950832319,,,0.2740365142500685
Litige,22001,,0.2850687523799594,,,0.4001450353634437
Litige,22002,,0.2850687523799594,,,0.3741539705728372
Litige,23001,,0.283484214307092,,,0.4009973303584349
Litige,23002,,0.283484214307092,,,0.4137482990054619
Litige,23003,,0.283484214307092,,,0.3908316333046358
Litige,23004,,0.2606661623658876,,,0.3139643010173994
Litige,23005,,0.2412152636234502,,,0.2648339044552335
Litige,23006,,0.2412152636234502,,,0.2611042666689538
Litige,23007,,0.1766552783969553,,,0.3669107707665116
Litige,24001,,0.3257531649907338,,,0.3886663549675361
Litige,24002,,0.3257531649907338,,,0.3758471978210197
Litige,24003,,0.3257531649907338,,,0.3944625501591272
Litige,24004,,0.3257531649907338,,,0.3951895886055213
Litige,24005,,0.283484214307092,,,0.422570650195112
Litige,24006,,0.283484214307092,,,0.421005942136171
Litige,24007,,0.3257531649907338,,,0.371755159040938
Litige,24008,,0.3257531649907338,,,0.3340712453451697
Litige,24009,,0.283484214307092,,,0.3879868110492758
Litige,25001,,0.1527036735445421,,,0.337294993458472
Litige,25002,,0.3525367686286836,,,0.2625625977812892
Litige,25003,,0.2369998485328059,,,0.3402971796096479
Litige,26001,,0.0684074985562782,,,0.3326451168552111
Litige,26002,,0.0684074985562782,,,0.3393021634307493
Litige,26003,,0.0684074985562782,,,0.3444246706136821
Litige,26004,,0.0684074985562782,,,0.3425649623808424
Litige,26005,,0.0684074985562782,,,0.3661362079484385
Litige,26006,,0.0684074985562782,,,0.357172412807527
Litige,26007,,0.1527036735445421,,,0.3451238992591142
Litige,26008,,0.1527036735445421,,,0.3370034512780236
Litige,26009,,0.0684074985562782,,,0.34164590520318
Litige,34001,,0.0673331531610036,,,0.3155759826261822
Litige,34002,,0.0518431787831889,,,0.3156877175580384
Litige,35001,,0.3312314734777542,,,0.5082450055233008
Litige,35002,,0.3312314734777542,,,0.4087555225914384
Litige,35003,,0.3312314734777542,,,0.4348595132176902
Litige,37001,,0.1902188054284537,,,0.3073876910739545
Litige,37002,,0.1902188054284537,,,0.301826112773176
Litige,37003,,0.1902188054284537,,,0.3009687686220978
Litige,37004,,0.1902188054284537,,,0.3020718115216621
Litige,37005,,0.1902188054284537,,,0.3023382009386107
Litige,37006,,0.1902188054284537,,,0.3009687686220978
Litige,51001,,0.3066794424830537,,,0.3844496135716148
Litige,52001,,0.2823618269582497,,,0.4036624525731125
Litige,52002,,0.2606661623658876,,,0.3633067130808149
Litige,52003,,0.2606661623658876,,,0.3253669291876156
Litige,53001,,0.4680736887245614,,,0.4735927965115424
Litige,53002,,0.4680736887245614,,,0.4684848909278548
Litige,53003,,0.4680736887245614,,,0.3069270302108927
Litige,54001,,0.2696513742640367,,,0.6470135821452295
Litige,54002,,0.3004414238708954,,,0.3197260486042598
Litige,54003,,0.4680736887245614,,,0.7873550921148136
Litige,55001,,0.2439234057646536,,,0.416035781764825
Litige,55002,,0.1640474326233566,,,0.5227391156521726
Litige,55003,,0.2220822468658408,,,0.3334123735357823
Litige,55004,,0.1640474326233566,,,0.3339863441714343
Litige,55005,,0.1640474326233566,,,0.3443135587657976
Litige,55006,,0.1640474326233566,,,0.3410781617809663
Litige,55007,,0.1640474326233566,,,0.3529169133569133
Litige,55008,,0.1640474326233566,,,0.344085702915086
Litige,55009,,0.1640474326233566,,,0.3895281185932203
Litige,55010,,0.2057420142662033,,,0.3145122344569483
Litige,61001,,0.488756370666737,,,0.0931528680525428
Litige,63001,,0.1766552783969553,,,0.3454309469731499
Litige,63002,,0.3152980923706067,,,0.2622796862250854
Litige,63003,,0.1120952931704605,,,0.2821024502012702
Louaizé,21243,0.6970602889885401,,0.2637471940230336,,
Louayzeh Baabda,21243,,0.3815003586158468,,,0.3743030810574339
Louayzet Jezzine,63331,,0.3152980923706067,,0.0,0.2484260852329777
Loubieh,61439,,0.488756370666737,,,0.0823232577231228
Loubié,61439,0.1529051987767584,,0.4183396240052185,,
Loucia,52141,0.0,,0.4404451368774282,,
Loussa,52141,,0.2132163182422269,,,0.2839259633736214
Maad,26293,0.0,0.0601253386697336,0.4047523911789878,,0.3367549534926658
Maallaka (Terres),51125,0.0,,0.4454237884643571,,
Maamriyeh,61476,,0.488756370666737,,,0.1134815579668206
Maaniyeh,23235,,0.2412152636234502,,,0.2325748373714173
Maarab,25321,0.0165975103734439,0.2369998485328059,0.5132139706317519,,0.3335635142928566
Maaraboun,53461,0.1748120300751879,0.4680736887245614,0.5662518394508493,,0.3139460626935111
Maarakeh,62231,,0.4741524288526054,,,0.0891255826769379
Maaroub,62234,,0.4741524288526054,,,0.0897162886949057
Maasrati,24471,,0.283484214307092,,,0.4220370575863422
Maasraïti,24471,0.2167487684729064,,0.2990090263466228,,
Maasser Beit Ed-Dine,23421,,0.2412152636234502,,0.021753708875382,0.4061047099422672
Maasser Beit Eddine,23421,0.100633914421553,,0.4762001908522939,,
Maasser Ech-Chouf,23667,,0.2606661623658876,,0.035527953573448,0.3279008772988352
Maasser el-Chouf,23667,0.0716952949962658,,0.4771923100331047,,
Maaysra El-Hermel,54167,,0.368862531494299,,0.0,0.263731724971457
Maaysra Kesrouane,25357,,0.2369998485328059,,,0.3372975184735159
Maazraat-el-Ramtanieh,51185,0.0,,0.4569690677484309,,
Machghara,52111,0.0,0.2284599173823385,0.4411800434410956,,0.2977230519241706
Machha,35137,0.0250789522571057,0.3312314734777542,0.5633931147063448,,0.5052480642028718
Machmoucheh,63157,,0.1120952931704605,,,0.3178571286936885
Machmouché,63157,0.072289156626506,,0.2006331064227591,,
Machraah El-Matn,22787,,0.2850687523799594,,0.1621786451491837,0.3650723451254688
Machta Hammoud,35437,0.0048623578695391,0.3312314734777542,0.5620248322633091,,0.613844085529351
Maghdoucheh,61323,,0.488756370666737,,,0.1179640898213342
Maghdouché,61323,0.32011393514461,,0.4089203557902594,,
Mahaïlib,62245,0.1665247018739352,,0.5606281312145612,,
Mahmoudiye Jezzine,63371,,,,0.0,
Mahmoudiyeh Jezzine,63371,,0.3332867456568473,,,0.2707923603404789
Mahroub,62234,0.0,,0.5604550109534622,,
Maifadoune,71344,0.0,,0.1742219269293377,,
Majdala,35354,,0.3312314734777542,,,0.5447360213458836
Majdalioun,61233,0.2723214285714285,,0.3844708980636431,,
Majdaloun,53147,,0.4680736887245614,,,0.345278433265505
Majdalouna,23326,0.1326530612244898,0.2412152636234502,0.4756609164737871,0.0414193015368984,0.2236635793962645
Majdalzoun,62297,0.0,,0.5638698519427074,,
Majdel,32149,0.0,,0.6096238644011401,,
Majdel,35128,0.012400354295837,,0.6037578352015995,,
Majdel,62214,,0.4427656615962935,,,0.0821319176204049
Majdel Aanjar,51284,,0.2439234057646536,,,0.4453973378796069
Majdel Akkar,35128,,0.3312314734777542,,,0.4964023095797953
Majdel Baana,24424,0.5665697674418605,0.3257531649907338,0.295212628896844,,0.402935079977961
Majdel Balhice,55174,0.1924920127795527,,0.344177494552355,,
Majdel Balhis,55174,,0.2220822468658408,,,0.3272935497007663
Majdel El-Aqoura,26357,,0.1527036735445421,,,0.3461325154041806
Majdel El-Meouch,23445,,0.283484214307092,,0.0,0.4118211587340484
Majdel Meouche,23445,0.0172341319882303,,0.4770398604287291,,
Majdel Selm,73279,0.0,0.4829285462416079,0.4209491893017963,,0.1326821305290117
Majdel Tarchiche,22774,0.944927536231884,,0.3044335913995184,,
Majdel el-Koura,32149,,0.0673331531610036,,0.0086330320967227,0.3246455044171735
Majdel tarchich,22774,,0.3815003586158468,,0.0399576760472345,0.3175979722720852
Majdeloun,53147,0.0326131267835303,,0.5597947546149291,,
Majdelyoun,61233,,0.3004258319185988,,,0.1527996580313751
Majdelzoun,62297,,0.4741524288526054,,,0.0994629379913831
Majdla,35354,0.1031084154662623,,0.573768512872929,,
Majdoub,22435,0.0,,0.2670080717664527,,
Majidiyeh Hasbaiya,74177,,0.400957397026142,,,0.3109857080878204
Majzoub,22435,,0.2850687523799594,,0.0073465915248263,0.4273795434244575
Maknounet Jezzine,63147,,0.1120952931704605,,,0.2965230920728136
Makseh,51217,,0.2876057199753736,,,0.3518282868417116
Maksé,51217,0.013068013068013,,0.4502699479703875,,
Manara (Hammara) BG,52244,,0.2220822468658408,,0.0,0.4052398989011189
Mandara,51237,0.0,,0.4543478585856466,,
Mansoura,52171,0.043115438108484,,0.4406406919147895,,
Mansoura BG,52171,,0.280117061108325,,,0.430583831909175
Mansouri Sour,62296,,0.4741524288526054,,,0.1051377999300219
Mansouriyet Bhamdoun,24441,,0.3257531649907338,,0.1381133348471769,0.3783752479571211
Mansouriyet El-Matn,22411,,0.3815003586158468,,,0.3749743827135845
Maqneh,53155,,0.4680736887245614,,,0.3102742180984221
Maqné,53155,0.3066439522998296,,0.5665156713037253,,
Mar Abda El-Mchammar,22487,0.0,,0.2930784500736438,,
Mar Boutros Karm El-Tine,22527,0.0,,0.2973623218451378,,
Mar Boutros Karm Et-Tine,22527,,0.2610343004563827,,0.0011913228261286,0.3772413331833513
Mar Chaya et Mzakki,22651,0.0593112244897959,,0.2965773748678711,,
Mar Mama,34226,0.0,0.0601253386697336,0.2972731645224784,0.0129575639779721,0.3237660380989099
Mar Mikhael Bnabil,22724,0.0,,0.2995877949777651,,
Mar Mousa-El-Douar,22784,0.0,,0.29561131516326,,
Mar Moussa Ed-Douar,22784,,0.2850687523799594,,0.0021219547198664,0.3876909834846108
Mar Roukose et Dahr El-Hossain,22245,0.0,,0.2656223197825873,,
Mar Sarkis,26314,,0.0684074985562782,,0.0,0.3563601920328214
Mar Touma,35167,0.1008563273073263,0.3312314734777542,0.5639101337785069,,0.5744629679286453
Maraat Ouazaiye,63359,,,,0.0,
Maraat Ouazaiyeh,63359,,0.3332867456568473,,,0.2822826436542898
Mardachat,21235,0.0,,0.2621059857283204,,
Marfaa,10450,,0.3552710367125234,,,0.222347526537242
Marj BG,52277,,0.2838613905418493,,,0.4657633052035858
Marj Ez-Zouhour (Haouch El-Qinnaabe),74131,,,,0.0407151948186417,
Marj Ez-Zouhour (Haouch El-Qinnaabeh),74131,,0.2305336950832319,,,0.3314252682005844
Marj Ez-Zouhour (Haouch El-Qinnaabé),74131,0.351985559566787,,0.2688464124430375,,
Marjaayoun,73111,,0.5544781981432341,,0.0,0.2497033084759325
Marjaba,22734,0.0536332179930795,0.2850687523799594,0.2997005730027868,0.0176462895177344,0.3632202591069667
Markaba,73245,0.0,0.5544781981432341,0.416756412686102,,0.1727670991187413
Markabta,37381,0.1732438831886345,,0.2797258412772029,,
Marlaya Melhem,35255,,0.3312314734777542,,0.0,0.6021368392152687
Marnba,62284,,0.4680107366741463,,0.0,0.1111098788886841
Marouhine,62311,0.0,,0.5610665655323266,,
Maroun Er-Ras,72127,,0.4113788943399817,,,0.1453585103753113
Maroune-el-Ras,72127,0.0,,0.4635170048606333,,
Maska et El-Ghabeh,22627,0.0965456155890168,,0.2891827017146206,,
Masqa,22627,,0.3815003586158468,,0.0169000787809016,0.3805629456122278
Masrah,34214,,0.0601253386697336,,0.0,0.3287139678230718
Masreh,34214,0.0,,0.2964601334295187,,
Massa,51371,0.3181818181818182,0.3778397043499675,0.4662052516665513,,0.3647084575140404
Massaaoudiyeh,35229,,0.3312314734777542,,,0.497789410239234
Mastita,26117,0.0,0.0684074985562782,0.377549064762633,0.0942106107561847,0.3868879827241642
Matariyet Ech-Choumar,61415,,0.488756370666737,,0.0,0.0801573356572395
Matriet El-Choumar,61415,0.0,,0.4154640303037071,,
Mayasse,22539,,,,0.0075061262508681,
Mayasseh,22539,,0.2610343004563827,,,0.3688705720645752
Maydoun,52287,,0.1961061771393927,,,0.2755172933623216
Mayfadoun,71344,,0.5185008915707529,,0.0,0.142134576763461
Mayfouq,26257,,0.0601253386697336,,,0.3175459321708587
Mayrouba,25459,0.0246575342465753,0.1527036735445421,0.5184107306448689,,0.3158433403309474
Mazareaa Jabal Akroum,35516,,0.3004414238708954,,,0.442761342997666
Mazboud,23215,0.6389776357827476,0.2412152636234502,0.4687097888296915,,0.2628140360027732
Mazmoura,23361,0.0581583198707592,0.2412152636234502,0.4751000394496877,0.0233455862949266,0.3038907850750333
Mazraa,10310,0.0861000168757383,0.4166015007821288,0.3037862060417149,,0.2609114944068215
Mazraat,63323,,0.3152980923706067,,0.0,0.2637051040161043
Mazraat 'Mseileh,61469,,0.488756370666737,,0.0,0.1065545108351971
Mazraat 'Snaiber,61457,,0.488756370666737,,0.0,0.0931528680525428
Mazraat Aarab Soukkar,61486,,0.503628631118745,,0.0,0.1296464535237624
Mazraat Aassaf,36144,,0.0456060170432316,,0.0,0.2893558005377402
Mazraat Ajbeaa,33127,,0.145922435877013,,0.0,0.3489340074195754
Mazraat Baldé,35158,0.0197424892703862,,0.5641976681272892,,
Mazraat Bani Saab,36134,,0.026997462029257,,,0.2929197243755971
Mazraat Beit Ghattas,35134,,0.3312314734777542,,,0.5405647035681395
Mazraat Bsaffour,71386,,0.503628631118745,,0.0,0.0814446017488764
Mazraat Chalbaal,71341,,0.503628631118745,,0.0,0.0819319342137015
Mazraat Dahr el-Deir,63257,0.0,,0.2039944049434506,,
Mazraat Daraya,63378,0.0,0.1961061771393927,0.2042797981927819,0.0,0.2590878894210198
Mazraat Deir Aaoukar,22391,,0.2850687523799594,,0.0275941203906486,0.4326064647222457
Mazraat Deir Taqla,61431,,0.488756370666737,,0.0,0.0793451148825322
Mazraat Dhaira,62341,0.0,,0.5610500114831278,,
Mazraat Dmoul,71357,,0.503628631118745,,0.0,0.0796983270832585
Mazraat Doumiat,73143,,0.3950247931567052,,0.0,0.2634135270139657
Mazraat Ech-Chouf,23651,,0.1766552783969553,,0.0139905296963812,0.3612138691310096
Mazraat Ed-Douair,23431,,0.2412152636234502,,0.0,0.4232588117740172
Mazraat Ejbeh,33127,0.0,,0.3881793787980627,,
Mazraat El Ouazaaiyé,63359,0.0,,0.2040880495832047,,
Mazraat El Yahoudiye (Aaitaniyé),61412,,,,0.0134245708461966,
Mazraat El Yahoudiyeh (Aaitaniyeh),61412,,0.4814543997596712,,,0.0862363654156024
Mazraat El-Aarqoub,63367,,0.3152980923706067,,0.0,0.2611283540106717
Mazraat El-Bayad En-Nabatieh,71314,,0.5185008915707529,,0.0,0.1593001353899753
Mazraat El-Hdaira,22367,,0.2850687523799594,,0.0015987884291062,0.4288276384909596
Mazraat El-Houssainiye,61473,,,,0.0,
Mazraat El-Houssainiyeh,61473,,0.488756370666737,,,0.1137291276784385
Mazraat El-Kreme,37389,,0.1902188054284537,,0.0,0.3038771729746243
Mazraat El-Maaden,26213,,0.0684074985562782,,0.0,0.3299630168548622
Mazraat El-Mathane,63297,,0.1766552783969553,,,0.3044346185735814
Mazraat El-Mhaydale,61424,,,,0.0,
Mazraat El-Mhaydaleh,61424,,0.488756370666737,,,0.0801573356572395
Mazraat El-Wasta,61414,0.0,,0.4149304296151181,,
Mazraat En-Nahr Aaley,24474,,0.283484214307092,,,0.4224582648082388
Mazraat En-Nahriyeh,35486,,0.3312314734777542,,,0.5221103310281575
Mazraat Er-Ras,25281,,0.2610343004563827,,0.0,0.3925140728670885
Mazraat Er-Remtaniye,51185,,,,0.0,
Mazraat Er-Remtaniyeh,51185,,0.3827688424135539,,,0.2777896993682486
Mazraat Er-Rouhbane,63194,,0.3152980923706067,,0.5314601404210308,0.2609822544026729
Mazraat Es Siyad,26321,,0.0684074985562782,,,0.3536281766997173
Mazraat Es-Dahr,23366,,0.1766552783969553,,0.0,0.2998120275628586
Mazraat Et-Teffah,33235,,0.145922435877013,,,0.2674515957187546
Mazraat Ez-Zalloutieh,62351,0.0,,0.5618925161886672,,
Mazraat Ez-Zalloutiyeh,62351,,0.4741524288526054,,,0.1086681067713884
Mazraat Jamjim,61421,,0.488756370666737,,0.0484885443184241,0.0817817772066524
Mazraat Jimjim,61421,0.0,,0.4141729199619356,,
Mazraat Jnaid,33135,,0.145922435877013,,0.0,0.3447207291050247
Mazraat Jneide,33135,0.0,,0.3886609798379515,,
Mazraat Kaoutariyet Er-Riz,61426,,0.503628631118745,,0.0,0.0748926874995795
Mazraat Ketrane,37314,0.0,0.1902188054284537,0.2815883308201318,0.0,0.2919913042866457
Mazraat Kfar Beda,61418,,0.488756370666737,,0.0421854306287033,0.0817817772066524
Mazraat Kfarjaouz,71117,,0.5185008915707529,,0.0,0.1475252929328303
Mazraat Khallet Khazen,63335,,0.1120952931704605,,0.0,0.3113580300781373
Mazraat Louzid (Louayziye),63348,,,,0.0,
Mazraat Louzid (Louayziyeh),63348,,0.1120952931704605,,,0.3101961223009498
Mazraat Louzid (Louayziyé),63348,0.0,,0.2043499573876,,
Mazraat Mechref,62215,0.0,0.4427656615962935,0.5615811687900851,,0.0800105880676416
Mazraat Mrah El-Mir,25419,,0.2369998485328059,,0.0,0.3159197730844384
Mazraat Oussamiyat,61433,,0.503628631118745,,0.0,0.0735389862084018
Mazraat Qalaat El-Meis,71384,,0.503628631118745,,0.0,0.075028057628697
Mazraat Qrouh,63339,,0.1120952931704605,,0.0,0.3162004606642189
Mazraat Sarada,73175,,0.5544781981432341,,,0.2911656051794273
Mazraat Sari,61429,,0.488756370666737,,0.0,0.0794295349664599
Mazraat Sinai,61437,,0.503628631118745,,0.0,0.0767337212555805
Mazraat Tamra,63383,,0.3950247931567052,,0.0,0.2530243105792321
Mazraat Tayr Semhat,62281,,0.4680107366741463,,0.0,0.0924098763207963
Mazraat Torsemhat,62281,0.0,,0.5614505529967646,,
Mazraat Yachouaa,22475,,0.2850687523799594,,0.0094249474951543,0.3975303149675577
Mazraat Zighrine Jezzine,63343,,0.3152980923706067,,0.0,0.2753113235058781
Mazraat beit Mchaik,53457,,0.2682405936404198,,,0.2896200487787493
Mazraat el Teffah,33235,0.0,,0.3910326316160915,,
Mazraat el-Mathané,63297,0.0489296636085626,,0.2025644657235203,,
Mazraat-el-Khreibé,71241,0.0,,0.1757891751207724,,
Mazraet Assaf,36144,0.0,,0.2743754748360278,,
Mazraet Beit Chaar,22459,0.0096870342771982,,0.260763607222817,,
Mazraet Beit Mcheik,53457,22.272727272727277,,0.6525043873715655,,
Mazraet Bsaffour,71386,0.0,,0.1760817032402196,,
Mazraet Chaal Baal,71341,0.0,,0.1755987030828159,,
Mazraet Deir Aoukar,22391,0.7110266159695817,,0.2169947427032343,,
Mazraet Dmoul,71357,0.0,,0.1750130431127406,,
Mazraet El-Bayad,71314,0.0,,0.1764541942460945,,
Mazraet El-Chouf,23651,0.1611978337050016,,0.4772565093041081,,
Mazraet El-Dahr,23366,0.0,,0.4759700925501772,,
Mazraet El-Hadira,22367,0.0,,0.2353100934832261,,
Mazraet El-Krême,37389,0.0,,0.2821298985453616,,
Mazraet El-Nahr,24474,0.0,,0.2944158882869568,,
Mazraet El-Ras,25281,0.0,,0.4813041447731961,,
Mazraet Hreikess,33287,0.0,,0.3945959707525426,,
Mazraet Kalaat Meiss,71384,0.0,,0.1765177207242272,,
Mazraet Kfar Jaouz,71117,0.0,,0.1712907924770974,,
Mazraet Kfardebiane,25439,0.0079107336164543,,0.5124230082772074,,
Mazraet Matarite Jebah,61484,0.0,,0.4116410455788166,,
Mazraet Mrah el-Mir,25419,0.0,,0.5046953509811376,,
Mazraet Sinai,61437,0.0,,0.4163000549220871,,
Mazraet Yachou,22475,0.0171473109898675,,0.2592036034507139,,
Mazraet el-Sarada,73175,0.0,,0.4191614549725231,,
Mazraet el-Selasata,55191,0.0,,0.3391707581339493,,
Mazraet-Beni-Saab,36134,0.0,,0.272681197938599,,
Mazraet-El-Jrein,73116,0.1194029850746268,,0.4181446183020936,,
Mazraet-El-Kreine,37383,0.0,,0.2826803564593055,,
Mazraet-El-Nahrieh,35486,0.0,,0.5628078796516546,,
Mazraet-el-Mzeiraa,21321,0.0,,0.2856420210773748,,
Mazraet-el-Siyad,26321,0.0928495197438633,,0.4057041975784218,,
Maïdoune,52287,0.0,,0.5157862781545742,,
Maïfouk,26257,0.0,,0.4040054489127279,,
Mchaa Ej Jobbé,36110,0.0,,0.2731018219473233,,
Mchaa Ej-Jibbe,36110,,,,0.0,
Mchaa Ej-JibbÃ©,36110,,,,,0.2559306074832675
Mchaa Ej-Jibbé,36110,,0.1740228675052459,,,
Mchaa El Ftouh,25488,,0.2578270115276641,,0.0,0.2977210778167179
Mchaa Faraya,25485,,0.2369998485328059,,0.0,0.3086775232089438
Mchaa Kfar Dibiane,25482,,0.3300474282240908,,0.0,0.2949535907354106
Mchakhté,24443,0.0,,0.2993935089183893,,
Mchaneh,26231,,0.1527036735445421,,,0.3185236688874793
Mchekhti,24443,,0.283484214307092,,0.1694906566467944,0.4170999903260969
Mcherfeh,24457,,0.3257531649907338,,,0.4052634921933629
Mchikha,22717,0.0,0.3815003586158468,0.2997661657154287,0.0100148022207059,0.3495823976024142
Mdoukha,55181,0.1728813559322033,0.1640474326233566,0.342109039346258,,0.386103014451234
Mechane,26231,1.0255362614913175,,0.3995636445569725,,
Mechaïlha Hakour,35131,0.1185647425897035,,0.5568615234870484,,
Mechmech,26218,0.0229655516724912,,0.4047106500778206,,
Mechref,23171,,0.283484214307092,,0.0478523640822984,0.2878714675187802
Medawar,10610,0.2168152252469284,0.3201698945462415,0.3266322943568132,,0.3102747622353187
Mehemrech,34236,0.0,,0.2964372252878922,,
Mehmarch,34236,,0.0601253386697336,,0.0108334028652542,0.3193734289139471
Mehrine,26283,0.0,,0.3992476703675562,,
Meimes,74128,,0.2637768285086874,,,0.2825905444877546
Meis El-Jabal,73250,0.0,,0.4197377547917204,,
Meiss Ej-Jabal,73250,,0.4829285462416079,,,0.1904479635802767
Mejdel-Anjar,51284,0.0856759594074419,,0.4574391939826557,,
Mejdlaiya,24349,,0.3257531649907338,,,0.3600790515413421
Mejdlaiya Zgharta,33129,,0.326046079637611,,,0.3416720442674104
Mejdlaya,24349,0.4158415841584158,,0.3356105262393589,,
Mejdlaya,33129,0.0550611328287449,,0.3792332906474581,,
Menneaa,35371,,0.3312314734777542,,,0.437540086962329
Menqlet Mezher,22319,,0.2850687523799594,,0.0088394101062671,0.4353920336405235
Merdache,21235,,0.4779319648517342,,,0.3454985582011909
Merh Kfarsghabe,33155,0.0,,0.3889391522672214,,
Meri,74158,,0.400957397026142,,,0.3037064809527692
Merjayoun,73111,0.0,,0.4161761877389081,,
Merkebta,37381,,0.1680706206527333,,0.0212511778091649,0.3303539411787236
Merlayet Melhem,35255,0.0,,0.5582536616580944,,
Merouahine,62311,,0.4427656615962935,,,0.089904245649133
Merouaniyeh,61463,,0.503628631118745,,,0.0901049057591836
Metrit,36164,,0.0456060170432316,,0.1543213881610648,0.289449522608479
Metrite,36164,0.7155172413793104,,0.2727538118599207,,
Mezher,22319,0.0,,0.2547921493843006,,
Mghairiye Ech-Chouf,23341,,,,0.0912651789647458,
Mghairiyeh Ech-Chouf,23341,,0.2412152636234502,,,0.2411853527261168
Mghayer,25467,,0.2369998485328059,,0.0,0.3009926651097977
Mghayreh Jbeil,26341,,0.0684074985562782,,,0.3525698284175252
Mhaibib,73248,,0.4829285462416079,,,0.1941638016803291
Mhaidset Matn,22515,,0.2850687523799594,,0.0,0.3806517367704888
Mhaiydseh Rachaiya,55141,,0.2220822468658408,,,0.338263956204932
Mhammaret,35277,,0.260725139453104,,,0.4993778392486231
Mharbiyeh,63231,,0.1120952931704605,,,0.1896888192873507
Mhaïbib,73248,0.0,,0.4182630917523728,,
Mheilib,62245,,0.4741524288526054,,0.0,0.0892650549311803
Michaa Mrajhine,54114,,,,0.0,
Michaa Mrajhineh,54114,,0.2637005499105236,,,0.332158773966395
Michaa Mrajhiné,54114,0.0,,0.4546361758244882,,
Michmich Aakkar,35351,,0.2637005499105236,,,0.3208461248834682
Michmich Jbayl,26218,,0.0684074985562782,,,0.329428661082029
Michmiche,35351,0.0166112956810631,,0.573431470903121,,
Midane Jezzine,63161,,0.1766552783969553,,,0.3337430566773715
Miemié,61183,0.1067474273804871,,0.3948892869809658,,
Mighraq Aakkar,35251,,0.3312314734777542,,0.0,0.4874001225246813
Mikrak,53251,0.0,,0.5693246667759712,,
Mimas,74128,0.0,,0.2694249835883056,,
Mimnih,35371,0.0,,0.5586138008068279,,
Mimrine,37325,,0.1902188054284537,,0.0002710928139826,0.3026270642024337
Mina Jardin,31186,,0.641997002839161,,0.0023437973823534,0.3492984907851573
Mina N:1,31171,,0.641997002839161,,,0.3592445378916339
Mina N:2,31176,,0.641997002839161,,,0.3637292185329829
Mina N:3,31181,,0.641997002839161,,,0.3647861281718819
Minet el-Hosn,10250,0.6876640419947506,0.3552710367125234,0.2597218055916739,,0.2060240090373181
Minie,37271,,0.1902188054284537,,0.0081414988720235,0.3870819647386918
Minyara,35129,0.0334517465956187,0.3312314734777542,0.552840489896918,,0.5533518869002089
Miriata,33271,,0.145922435877013,,,0.2812844609971141
Misraya,53421,0.0,,0.5577647716107414,,
Miyeh ou Miyeh,61183,,0.488756370666737,,,0.1304390829081345
Miziara,33251,0.099671669793621,0.1680706206527333,0.3854646834647476,,0.2941027923919211
Mjadel,62214,0.0,,0.5543759709827825,,
Mjaydel Jezzine,63254,,0.3004258319185988,,,0.1571447753287648
Mjaïdel,63254,0.7699757869249395,,0.2024993333682661,,
Mkalles,22279,,0.3815003586158468,,0.0128243286670331,0.3694557486691581
Mkallesse,22279,0.0,,0.267343327697689,,
Mlikh,63315,16.0,0.3152980923706067,0.2216318531143475,,0.2680515363322818
Moghr El-Ahoual,36154,,0.0769657694256401,,0.0,0.2689069106169537
Mohaidalé,61424,0.0,,0.4153689952476945,,
Mohaïdcé,55141,0.0744897959183673,,0.3422994029515281,,
Moqraq,53251,,0.4680736887245614,,,0.3206280021553964
Morh Kfarsghab,33155,,0.145922435877013,,0.0,0.2935781456249162
Mouchaa Kesrouan (Faraya),25485,0.0,,0.5196796359886318,,
Mouchaa Kesrouan (Kfardebian),25482,0.0,,0.5184218350272958,,
Moughayret Ech-Chouf,23461,,0.2412152636234502,,0.0,0.3072174259096994
Moukhtara,23611,,0.2412152636234502,,0.0,0.3961714189909183
Mounjez,35414,0.0073111291632818,0.3312314734777542,0.5592665109835298,,0.5351954857790362
Mounsef,26177,,0.0684074985562782,,,0.3969201721227096
Mousraye,53421,,,,0.0,
Mousrayeh,53421,,0.4680736887245614,,,0.3614700846298319
Moussaytbeh,10210,0.2298658224031358,0.4166015007821288,0.3182956550159838,,0.2452419791531651
Mqaiteaa,35261,,0.3312314734777542,,,0.5492731355589682
Mrabine,37385,0.0,,0.2828751044548742,,
Mradiyeh,25367,,0.2369998485328059,,,0.3143943078924537
Mrah Chdid,34256,0.0,0.0518431787831889,0.2942135108062529,0.0122351655905531,0.342084892735996
Mrah El-Hajj,34254,,0.0518431787831889,,0.0,0.3159639092672877
Mrah El-Hbasse,63217,,0.1120952931704605,,,0.2065845561043523
Mrah Es-Sfire,37331,,0.1902188054284537,,0.0,0.3064715357786989
Mrah Es-Srayj,37351,,0.1902188054284537,,0.0021765861786739,0.2898353951690675
Mrah Ez Ziyat,34229,,0.0518431787831889,,0.0384146984534548,0.3208665641684788
Mrah el Hage,34254,0.0,,0.2969425839208357,,
Mrah-El-Sfiré,37331,0.231974921630094,,0.2882768847711884,,
Mrah-El-Ziet,34229,0.0,,0.293854787342959,,
Mrah-el-Hbasse,63217,0.144578313253012,,0.2021948417741233,,
Mrah-el-Sreige,37351,0.129776496034607,,0.286371646469878,,
Mrayjat Aaley,24481,,0.283484214307092,,,0.4197401963009949
Mrayjat Zahleh,51241,,0.3827688424135539,,,0.3152376694701018
Mrebbine,37385,,0.2299350898462452,,0.0,0.2761047910166115
Mreijat,51241,0.0,,0.4566943273573721,,
Mristi,23659,,0.2606661623658876,,0.000843209727781,0.3227014669821488
Mristé,23659,0.1973954763536669,,0.4778085684001334,,
Mrouj,22733,,0.2850687523799594,,0.0223787844075446,0.3704989770866586
Msaileh,61469,0.0,,0.4472669968494303,,
Msalla,35451,,0.3312314734777542,,0.0,0.4940887228470641
Mtain,22711,,0.3511359948928869,,0.0962842921394714,0.2821947382163693
Mtayleb,22447,,0.2850687523799594,,0.0063663344330956,0.4202662598336173
Mtayriye,61484,,,,0.0,
Mtayriyeh,61484,,0.488756370666737,,,0.1203329013922733
Mtolle,23365,,,,0.0969438093799064,
Mtolleh,23365,,0.2412152636234502,,,0.3234716937225864
Mtoullé Bzina,23365,6.446428571428571,,0.4765488066445172,,
Mugher-el-Ahwel,36154,0.0,,0.2723664745857109,,
Mzairaa Baabda,21321,,0.4779319648517342,,0.308100034550706,0.3495968297186757
Mzakke,22651,,,,0.0202565389057638,
Mzakkeh,22651,,0.2850687523799594,,,0.3937802805188115
Mzaraat El-Khreibe,71241,,,,0.0,
Mzaraat El-Khreibeh,71241,,0.503628631118745,,,0.1473086302492725
Mzaraat El-Ouasta,61414,,0.488756370666737,,0.0,0.0817817772066524
Mzaraat Zahle,51271,,,,0.0,
Mzaraat Zahleh,51271,,0.3066794424830537,,,0.4169224093775834
Mzeihme,35461,,,,0.1444151416418733,
Mzeihmeh,35461,,0.3312314734777542,,,0.4986973191637522
Mzraat Kefraya,33283,,0.1680706206527333,,,0.2921241999572513
Mâaraké,62231,0.0061284619917501,,0.5595395699893124,,
Mériata,33271,0.1959497468591787,,0.3820901893080012,,
Naamat,23141,0.1411661295048344,,0.4738485884332998,,
Naame,23141,,,,0.0494661180926121,
Naameh,23141,,0.283484214307092,,,0.3080871020561295
Nabatieh Et-Tahta,71111,,0.5185008915707529,,0.0,0.1501650104506261
Nabatiyeh El-Faouka,71113,,0.5185008915707529,,0.0,0.1734042169761394
Nabatiyé El-Faouka,71113,0.0,,0.1731900997654675,,
Nabatiyé El-Tahta,71111,0.0,,0.1646248989140442,,
Nabay,22443,,0.2850687523799594,,,0.4014409252745163
Nabha,53271,0.0713582677165354,,0.5653963076486778,,
Nabha Ed-Damdoum,53271,,0.2466256003279907,,,0.2384489127830141
Nabi Ayla,51151,,0.3778397043499675,,,0.314596850896283
Nabi Chbay,53471,,0.4680736887245614,,,0.2737173582416604
Nabi Chit,53445,,0.3778397043499675,,,0.3518509654077449
Nabi Osmane,53224,,0.4680736887245614,,,0.3989344950747482
Nabi Safa,55199,0.0,0.2305336950832319,0.3390055774996771,0.6118264111399581,0.3182051219989292
Nabi Sbate,53471,0.0,,0.5588865752636292,,
Nabi Youcheaa,37261,0.0,0.1680706206527333,0.2805057207607522,0.0020492835451432,0.3332738095079918
Nabiyeh,22443,0.0445079624336463,,0.2868736062118545,,
Naccache,22335,0.0194573855850918,,0.2242913321098968,,
Nadjariat,61464,0.4126984126984127,,0.4160112553068296,,
Nahla,34273,0.0,,0.2970823077418872,,
Nahle El-Batroun,34273,,,,0.0,
Nahleh El-Batroun,34273,,0.0518431787831889,,,0.3106156259739703
Nahleh baalbek,53143,,0.4680736887245614,,,0.2760477665556811
Nahlé,53143,0.1016604540833615,,0.5637032136825744,,
Nahr Ed-Dahab,25371,,0.1527036735445421,,0.0,0.3168992273380664
Nahr El-Dahab,25371,0.0,,0.5188884634645602,,
Nahr Ibrahim,26171,,0.1527036735445421,,,0.389192888213623
Nahr-Ibrahim,26171,0.0122336227308603,,0.3895462668445584,,
Najjariyeh,61464,,0.488756370666737,,,0.1045239588984314
Nakhle,32191,,,,0.0513970033883779,
Nakhleh,32191,,0.0828231275388184,,,0.3193864399358898
Nakoura,62312,0.0,,0.5563822568637473,,
Nammoura Kesrouane,25341,,0.2369998485328059,,,0.3481200064800639
Nammoura et Kfar Jerif,25341,0.0161507402422611,,0.515055721046252,,
Naqqach,22335,,0.2850687523799594,,0.017016685730899,0.4373836361170073
Nasriyat Rizk,51354,0.0,,0.4619410105140577,,
Nasriyet Rizk,51354,,0.3778397043499675,,0.0,0.3627366914392878
Nasriyet Zahleh,51287,,0.2838613905418493,,,0.4660802715686165
Neffahiyé,62233,0.0,,0.5676837488386584,,
Neftakhiyeh,62233,,0.4741524288526054,,,0.1023511769655536
Nemrine et Bakoura,37325,0.0713399503722084,,0.2850235468941201,,
Nfisseh,35115,,0.3312314734777542,,,0.5222569879748586
Niha,23625,0.1060531496062992,,0.4780701975179641,,
Niha,34376,0.0,,0.2987080122017077,,
Niha,51177,0.0,,0.4549731781658548,,
Niha,62257,0.0,,0.5586247632619626,,
Niha El-Batroun,34376,,0.026997462029257,,0.0,0.2929927351341319
Niha El-Chouf,23625,,0.2111425405947351,,,0.3216298627236241
Niha Sour,62257,,0.4741524288526054,,0.0,0.1067729249637403
Niha Zahle,51177,,,,0.003796850350536,
Niha Zahleh,51177,,0.3778397043499675,,,0.2668299937154869
Nkhailé,74160,0.0,,0.2738309828813773,,
Nmairiye,71327,,,,0.0003306829204366,
Nmairiyeh,71327,,0.503628631118745,,,0.0995181804608893
Nmériyé,71327,0.0121951219512195,,0.1755368487468089,,
Noura El-Faouka et Tahta,35445,0.1266149870801033,,0.5679055678954864,,
Noura Et-Tahta,35445,,0.3312314734777542,,0.0352409275433491,0.5009960856969098
Obeidate,26256,0.063894523326572,,0.4040828740838011,,
Omar,37367,0.0558375634517766,,0.2820694954082711,,
Omar el-Beikate,35449,0.0031948881789137,,0.5628595943476302,,
Ouadi Abou Youssef,23237,,0.2412152636234502,,0.0,0.3186319785871495
Ouadi Baanqoudaine,63251,,0.1120952931704605,,,0.1813870521349645
Ouadi Chahine,22519,,0.2850687523799594,,0.0,0.3858572011132646
Ouadi Chahrour El Aaoulia,21267,,0.401842564921234,,,0.3652829380370109
Ouadi Chahrour Es-Soufla,21259,,0.401842564921234,,,0.3526819307557526
Ouadi Djilou,62218,0.0,,0.558497499607709,,
Ouadi Ed-Deir,23441,,0.2412152636234502,,0.0,0.3441781327799648
Ouadi Ed-Delm,51257,,0.3637636190204683,,,0.3380152368164087
Ouadi El-Aaoss,54183,,0.4680736887245614,,0.0,0.2192464386578053
Ouadi El-Aarayech,51189,,0.2876057199753736,,,0.2422712767877066
Ouadi El-Haour,35455,,0.3312314734777542,,,0.497325370857247
Ouadi El-Jamous,35364,0.0337048475896334,0.3312314734777542,0.569532673862599,,0.5796695055949751
Ouadi El-Karm El-Matn,22791,,0.2610343004563827,,0.0,0.3339183243551388
Ouadi El-Laymoun,63234,,0.1120952931704605,,0.0135039504361701,0.2181319934331534
Ouadi El-Osse,54183,0.0,,0.5591295254322527,,
Ouadi Es-Sitt,23443,,0.2412152636234502,,0.0,0.4273159456818117
Ouadi Faara,54151,0.3959183673469387,0.368862531494299,0.4547771943941494,0.0,0.2212910691066654
Ouadi Jilo,62218,,0.4741524288526054,,,0.0897162886949057
Ouadi Khaled,35512,0.0002449899554118,,0.5778798424618985,,
Ouadi Qannoubine,36141,,0.074037090576169,,0.0043896660365469,0.2600373218377633
Ouadi bnehlay,23555,,0.2412152636234502,,0.0869699789591422,0.3341880400678944
Ouajh El-Hajjar,34286,,0.0518431787831889,,0.0,0.3906150840247042
Ouaqf BG,52261,,0.2838613905418493,,,0.4776864910583886
Ouardaniye,23331,,,,0.8454904409847008,
Ouardaniyeh,23331,,0.2412152636234502,,,0.2175742823620656
Ouardiye,63363,,,,0.0,
Ouardiyeh,63363,,0.3332867456568473,,,0.2817922217832506
Ouarhaniye,23463,,,,0.0022459597549019,
Ouarhaniyeh,23463,,0.2412152636234502,,,0.4052043576475417
Ouata El-Jaouz,25455,,0.2369998485328059,,,0.297374590749742
Ouata El-Mrouj,22731,,0.2850687523799594,,0.0224633394182183,0.3598393727034851
Ouata Houb,34381,,0.0518431787831889,,0.0,0.3335565746015787
Ouata Sillam,25141,,0.2369998485328059,,0.0588465968754562,0.3869439091824111
Oummouchki,53131,0.0,,0.5705746223299641,,
Port,10450,0.0,,0.289858310822531,,
Qaa Baalbek,53241,,0.4680736887245614,,,0.5486314612417764
Qaa Baayoun,53257,,0.4680736887245614,,0.0309480574949711,0.5192265566617786
Qaa Er-Rim,51173,,0.3469160523182876,,,0.2747483104010647
Qaa Jouar Maqiye,53267,,,,0.0,
Qaa Jouar MaqiyÃ©,53267,,,,,0.71298591569691
Qaa Jouar Maqiyé,53267,,0.4680736887245614,,,
Qaa Ouadi El-Khanzir,53254,,0.368862531494299,,0.0,0.5723145183108728
Qaabrine,35233,,0.3312314734777542,,0.0,0.5521151027437278
Qaaqaaiyet Ej-Jisr,71381,,0.4896276032266435,,0.0001331557135219,0.1128713234255752
Qaaqaiyet Es-Snaoubar,61451,,0.488756370666737,,,0.0917991667613651
Qaaqour,22744,,0.2850687523799594,,0.0,0.376994384508212
Qabaa Jezzine,63117,,0.1120952931704605,,0.0,0.2940027319497507
Qabaait,35325,,0.260725139453104,,,0.3686505519975177
Qabb Elias,51234,,0.2876057199753736,,,0.3929153024047728
Qabbait,35325,0.1213389121338912,,0.5688989407263173,,
Qabrikha,73262,,0.4829285462416079,,,0.1406608745187819
Qachlaq,35453,,0.3312314734777542,,,0.4999055680341745
Qahmez,26367,,0.1527036735445421,,,0.3228714389167899
Qalaat Baabda,21416,,0.4779319648517342,,,0.3540420263205835
Qalamoun,31221,,0.3624100651889897,,,0.3651020112807772
Qalaouiyeh,72261,,0.4800031719044896,,,0.1012891170133347
Qalhat,32171,,0.0828231275388184,,0.0402712968368062,0.3563021577055476
Qana,62229,,0.4741524288526054,,,0.0909346198569658
Qannebet Salima,22683,,0.3815003586158468,,0.0,0.3643789787314072
Qantara,73276,,0.4829285462416079,,,0.1394272812362843
Qantarat Aakkar,35135,,0.3312314734777542,,,0.5275523856507143
Qaouzah,72291,,0.4113788943399817,,,0.086053708348956
Qaraaoun,52237,,0.2220822468658408,,,0.3337588919009013
Qarah Bach,33119,,0.145922435877013,,,0.3491382185537991
Qardaf,35341,,0.3312314734777542,,,0.5247517831320945
Qarha,35518,0.1871980676328502,,0.559393158495332,,
Qarha Aakkar,35518,,0.3312314734777542,,0.0825488858903765,0.7253880335856981
Qarha Baalbek,53277,,0.4680736887245614,,,0.2567939676633227
Qarhaiya,37360,0.0262626262626262,0.260725139453104,0.3055512444037944,0.0065723364764035,0.3922499578862336
Qarne,37383,,0.260725139453104,,0.0,0.3811795196674859
Qarsaita,37339,,0.1902188054284537,,0.0002912756684298,0.3010257734876779
Qartaba,26311,,0.0684074985562782,,,0.3421207991527425
Qartaboun,26123,,0.0684074985562782,,0.0062323725522215,0.3887294265942704
Qatmoun,72175,,0.4113788943399817,,0.0,0.1461827263274192
Qatnaaoun,34283,,0.0518431787831889,,0.0,0.3538620939692392
Qatrani,63327,,0.1961061771393927,,,0.2555845555150722
Qattine-Miniyé,37315,,,,0.0025477527424187,
Qattineh-Miniyeh,37315,,0.1902188054284537,,,0.3057442763173041
Qaytouleh,63121,,0.1120952931704605,,,0.2949487656583932
Qbaiyat Aakkar,35487,,0.3312314734777542,,,0.5112414581939984
Qboula,35179,,0.3312314734777542,,,0.5023434660735919
Qelaya,52291,,0.2637768285086874,,0.0,0.2532533502388319
Qemmamine,37344,0.0,0.2637005499105236,0.2970745918253165,0.0,0.3360520982515477
Qennabet Broummana,22643,,0.2850687523799594,,0.0196532142500672,0.4044519973597397
Qennarit,61347,,0.488756370666737,,,0.1164659213412776
Qlaiaa,73151,,0.5364895448569935,,,0.2451736547694058
Qlaileh Sour,62287,,0.4741524288526054,,,0.098958357359269
Qleiaat Aakkar,35243,,0.3312314734777542,,,0.5209057912476834
Qleiaat Kesrouane,25415,,0.2610343004563827,,0.0017138131959741,0.3283592461577233
Qloud El-Baqieh,35317,,0.3312314734777542,,,0.4743327864817523
Qmatiyeh,24315,,0.3257531649907338,,,0.353963577997181
Qnat,36127,,0.026997462029257,,0.0,0.2916841572193267
Qnayouer,36114,,0.074037090576169,,0.0,0.2532866211890541
Qobbayaa,21357,,0.401842564921234,,,0.3894123760861486
Qordata,21361,,0.3815003586158468,,,0.3925141345522836
Qornayel,21456,,0.4779319648517342,,,0.3286311345716073
Qornet Aakkar,35352,,0.3312314734777542,,,0.4268125019346218
Qornet Chehouane,22455,,0.2850687523799594,,0.0138814587803329,0.3998107357899873
Qornet El-Hamra,22595,,0.2610343004563827,,0.004057741227647,0.3864016052862706
Qorqraiya,26351,,0.1527036735445421,,,0.3249601647106135
Qottara Jbayl,26251,,0.0601253386697336,,,0.3172075068480638
Qoubber Chamra,35269,,0.3312314734777542,,0.0,0.5833351825654592
Qoussaya,51353,,0.3778397043499675,,,0.3076515241822607
Qraine,37353,0.0,0.1902188054284537,0.3514292309435003,0.0,0.3056253502374095
Qraiyat,35334,,0.3312314734777542,,,0.4294926636054067
Qraiyet Saida,61255,,0.3004258319185988,,,0.153549819420291
Qrayet Baabda,21344,,0.401842564921234,,,0.3774321196592283
Qreiaa,23351,,0.2412152636234502,,0.0,0.2724300787169053
Qsaibeh Baabda,21364,,0.3815003586158468,,,0.3844058708546268
Qsaibet En-Nabatiyeh,71374,,0.5185008915707529,,0.0,0.0838948312954223
Qsair Aakkar,35415,,0.3312314734777542,,,0.5248919713488385
Qsarnaba,53413,,0.4680736887245614,,,0.3108750389263205
Qtaleh Baabda,21331,,0.4779319648517342,,,0.3644648676037195
Qtaleh Jezzine,63291,,0.1766552783969553,,,0.2764316128031866
Raachine,25435,0.0194619347452776,0.2369998485328059,0.516823236756732,,0.3057499582187932
Raait,51359,,0.2876057199753736,,,0.3604588274122124
Rabb Et-Tlatine,73257,,0.5544781981432341,,,0.1804633418535861
Rabb Salacine,73257,0.0,,0.4187636782592438,,
Racha,34247,0.0,0.0601253386697336,0.2968172670651232,,0.3199149094304193
Rachaaine,33117,,0.1680706206527333,,,0.3402190047645604
Rachaf,72271,,0.4113788943399817,,,0.0841809233119926
Rachafe,72271,0.0,,0.5153572905577412,,
Rachaiya,55111,,0.1640474326233566,,0.03605558987487,0.3433448574842083
Rachaiya El-Foukhar,74118,,0.400957397026142,,,0.2755034240240575
Rachana,34122,0.0,0.0601253386697336,0.2933513852566105,0.0,0.3685127857836855
Rachaya El-Fokhar,74118,0.0,,0.2682473749517252,,
Rachaya El-Wadi,55111,0.100223482894963,,0.3394137172840355,,
Rachehine,33117,0.0,,0.3832619486761943,,
Rachkida,34276,0.0408921933085501,0.0673331531610036,0.2975003720230486,0.4344526161171277,0.3104215863824655
Rafid Rachaiya,55157,,0.2220822468658408,,,0.3449199207605475
Rafid-el-Mernaba,62284,0.0,,0.5615851778944119,,
Rahbeh,35357,,0.3312314734777542,,,0.4635596206886757
Rahbé,35357,0.0890510948905109,,0.5586326636833788,,
Rait,51359,0.0,,0.4591407641226971,,
Ram,34346,0.0,,0.2964601333991423,,
Ram Baalbek,53281,,0.4680736887245614,,,0.2265263086425035
Ram El-Batroun,34346,,0.0601253386697336,,0.0,0.316124545815123
Ramié,72191,0.0,,0.4623580847220333,,
Ramlieh,24467,,0.283484214307092,,,0.403672987357346
Ramout,26261,,0.0684074985562782,,,0.3475224849722216
Ramyet Bent Jbayl,72191,,0.4427656615962935,,,0.0977389141196296
Raouda (Istabel),52295,,0.2838613905418493,,,0.478414934437034
Raouda-Aadoua,37382,,0.2224575694167858,,0.0006594110245982,0.3976814503097148
Ras Baalbek Ech-Charqi,53227,,0.4680736887245614,,0.0,0.3578362821450779
Ras Baalbek El Gharbi,54135,,0.368862531494299,,0.1626948317868483,0.248993779958642
Ras Baalbek El-Charki,53227,0.0,,0.5815183244425357,,
Ras Baalbek El-Gharbi,54135,0.0,,0.4547756976294427,,
Ras Baalbek El-Sahl,53211,0.0673036093418259,,0.5593268474416518,,
Ras Baalbek Es-Sahel,53211,,0.368862531494299,,,0.4053939372545121
Ras Baalbek Ouadi Faara,54143,,0.368862531494299,,0.0,0.3777224245983085
Ras Beyrouth,10150,0.2435951837903782,0.3552710367125234,0.320875891638486,,0.1927215913842652
Ras El Matn,21351,,0.3815003586158468,,,0.3804471695367672
Ras El-Href,21334,,0.401842564921234,,,0.3715933982999888
Ras Kifa,33167,,0.1143727817079157,,,0.2871929166741968
Ras Maska,32185,0.0732484076433121,,0.5968940659491456,,
Ras Masqa,32185,,0.3624100651889897,,0.0180733303591442,0.3584238469594117
Ras Nahache,34284,0.0,,0.2965313959140073,,
Ras Nahhach,34284,,0.0673331531610036,,0.0013649682733324,0.3211429006085896
Ras Osta,26241,,0.0684074985562782,,,0.3357839324069257
Ras el Meten,21351,0.1167969675432362,,0.2850387600853287,,
Ras-Baalbek - Wadi Faara,54143,0.0,,0.46578119950149,,
Ras-Osta,26241,1.7482614742698193,,0.4058938829669229,,
Ras-el-Harf,21334,1.0588235294117647,,0.2852208010196391,,
Raskifa,33167,0.0914927768860353,,0.389073106076569,,
Rayak,51311,0.0094820433803484,,0.4536362952306609,,
Rayfoun,25411,0.0557526609224531,0.2369998485328059,0.5012673814797791,,0.3142589377633361
Rechdebbine,32139,0.0283889283179559,,0.6074146247843963,,
Rechdibbine,32139,,0.0769657694256401,,0.0,0.2687204818424032
Recheknanay,62236,,0.4427656615962935,,,0.0790251731571521
Recheknaniyeh,62236,0.0,,0.5635354315785691,,
Rechmaya,24359,0.0721868365180467,,0.2970599723174102,,
Remadiyeh,62259,0.0,,0.5594366430644617,,
Remeil,10550,0.0,0.3201698945462415,0.29626658472686,,0.3030710623801346
Remhala,24367,0.0935649427556257,,0.2937522681298793,,
Richmaiya,24359,,0.283484214307092,,,0.4108988814238576
Riha,53355,0.0,0.4680736887245614,0.5616520838520301,,0.2861082165558233
Rihane Jezzine,63319,,0.3152980923706067,,0.0,0.2739988509312628
Rihanet Jbayl,26159,,0.0684074985562782,,,0.4018981744069393
Rihaniyet Aakkar,35467,,0.3312314734777542,,,0.5082373751024051
Rihaniyet-Miniye,37281,,,,0.0,
Rihaniyet-Miniyeh,37281,,0.260725139453104,,,0.4855736242427615
Rijmeh,24335,,0.3257531649907338,,,0.3711038785624588
Rimat,63264,,0.3004258319185988,,,0.2364483155344993
Rimate,63264,1.5058823529411764,,0.2035752335724375,,
Rimhala,24367,,0.3257531649907338,,,0.3470092899539904
Riyaq,51311,,0.2876057199753736,,,0.3745996017490331
Rmadiyeh,62259,,0.4741524288526054,,,0.0929651717937315
Rmah,35404,0.0,0.3312314734777542,0.5605345825263718,,0.535517994283777
Rmaich,72167,,0.4113788943399817,,,0.1328450330329376
Rmeiche,72167,0.0099863822060826,,0.4610484471395707,,
Rmeileh,23321,0.3867647058823529,,0.4733621367530196,,
Rmeilet Ech-Chouf,23321,,0.3649858171450936,,0.021852591308838,0.1796631605711806
Rmoul,35281,,0.3312314734777542,,0.0,0.5289823513164162
Rouayssat En-Naamane,24347,,0.3257531649907338,,,0.3777165267123297
Rouayssrt El-Ballout,21317,,0.4779319648517342,,,0.3501176830019483
Roueissat El-Naaman,24347,0.0,,0.2974195656384781,,
Roueissat-el-Ballout,21317,0.2810218978102189,,0.2902351654442779,,
Roum,63277,0.7759721416134648,0.1120952931704605,0.2032038712858034,,0.2741919560844945
Roumie,22427,,,,0.0160727704616236,
Roumieh,22427,0.0,0.2850687523799594,0.2866173339247725,,0.4172130482984028
Roumine,71261,0.036263303113914,0.503628631118745,0.1759607955121502,0.0016512464835503,0.1301008398522276
Roummanet,63154,,0.3152980923706067,,0.0,0.2626066959520841
Saadine,35217,0.0,0.3312314734777542,0.5594252816641029,,0.5343548134977963
Saadnayel,51231,,0.2876057199753736,,,0.3224826690462603
Saaideh,53167,,0.4680736887245614,,,0.3232763780640867
Sabbah,63134,0.0536912751677852,0.1120952931704605,0.2028290491705614,,0.3050899893957316
Sadaka,35327,0.0,,0.5583751237517588,,
Sadaqa,35327,,0.3312314734777542,,0.0,0.4298292623529073
Saddikine,62241,0.0,,0.5631503964659725,,
Sadiqine,62241,,0.4741524288526054,,,0.0907992497278481
Safad Al-Battikh,72217,,0.4113788943399817,,,0.1154393243882238
Safad-el-Battikh,72217,0.0,,0.4653521767661148,,
Safiné-El-Kayteh,35324,0.0482315112540192,,0.5837644472718412,,
Safra Kesrouane,25161,,0.2369998485328059,,,0.3806984302485738
Saghbine,52136,0.0297346752058554,0.2606661623658876,0.4391057631632952,,0.3618256192339524
Sahel Aalma,25136,,0.2369998485328059,,,0.3815059334710846
Saida Ed-Dekermane,61119,,0.488756370666737,,,0.1271201395420164
Saida El-Oustani,61111,,0.3649858171450936,,,0.1745075103913988
Saida El-Qadimeh,61115,,0.488756370666737,,,0.1301574658396137
Saida Kefraya,61222,,0.3004258319185988,,,0.165423407223604
Saidnaya,35469,,0.3312314734777542,,,0.5061714568262334
Saifeh,10510,,0.3552710367125234,,,0.2187894252066811
Saifé,10510,0.078996282527881,,0.2237602585310964,,
Sakhra,33151,0.0,0.1680706206527333,0.3900930240137233,0.0,0.3218152470299597
Saki-Rechmaya,26377,0.0,,0.4050307715960483,,
Sakiet-El-Misk et Bhorsaf,22535,0.0,,0.2860611331521606,,
Sakiet-el-Kheite,26263,0.0,,0.3999046694006005,,
Saksakiat,61461,0.1513786267795999,,0.4201642907848573,,
Saksakiyeh,61461,,0.488756370666737,,,0.0858428810801838
Salaata,34166,0.0,,0.2901475045873617,,
Salaiyeb,74141,,0.400957397026142,,0.0,0.3473509903050287
Salha,62227,0.0,,0.5610380248126632,,
Salhani,72135,,0.4427656615962935,,0.0,0.0906331617289987
Salhané,72135,0.0,,0.462989474886187,,
Salhiat,61211,0.3636363636363636,,0.4034985419854371,,
Salhiyet Saida,61211,,0.3004258319185988,,,0.1580078698382613
Salima,21394,0.2545454545454545,,0.2828685534230691,,
Salima Baabda,21394,,0.3815003586158468,,,0.3642164724292886
Samiate,61433,0.0,,0.4152364912379329,,
Sammaqiyeh,35271,,0.3312314734777542,,,0.4485026508407301
Sammouniyeh,35227,,0.3312314734777542,,,0.5663582407635447
Sanaya,63287,,0.3152980923706067,,,0.2550402363645203
Saouanet Marjayoun,73280,,0.4829285462416079,,,0.1114759744499729
Saoufar,24427,,0.401842564921234,,,0.385629111796435
Saqi Richmaya,26377,,0.0684074985562782,,,0.3323996791789824
Saqiet El-Khayt,26263,,0.0684074985562782,,,0.3465830910799616
Sarafand,61449,,0.488756370666737,,,0.0920699070196003
Sarafend,61449,0.5540805725499249,,0.4151216129850211,,
Sarahmoul,24227,0.0,,0.2954593229653322,,
Saraïne,53437,0.0,,0.563735930563928,,
Sarba,71236,0.2539682539682539,,0.175739495550717,,
Sarba En-Nabatieh,71236,,0.3731175162027821,,0.0643791773743267,0.1709223373857988
Sarbine,72267,0.0,,0.4847446674518294,,
Sarhita,26334,15.0,,0.403475058131661,,
Sari,61429,0.0,,0.4135971786577201,,
Saydoun,63271,,0.3004258319185988,,,0.2422994779614733
Sayssouq,35311,,0.3312314734777542,,,0.4416916522299586
Saïd Neil,51231,0.0,,0.4379256464369383,,
Saïda Dekerman,61119,0.08081031715282,,0.3812475935031522,,
Saïda Ville,61115,2.212448187380749,,0.3914818886007464,,
Saïda Wastani,61111,0.1954600427946785,,0.369413946054416,,
Saïdnaya,35469,0.0,,0.5576366686443711,,
Saïdoune,63271,0.050632911392405,,0.2027882707998105,,
Saïssouk,35311,0.0,,0.5607460182851193,,
Sbouba,53261,0.0,0.4680736887245614,0.574500312219807,,0.3122037367690908
Sebaal Zgharta,33259,,0.145922435877013,,,0.2768268904478045
Sebhel,33259,0.0,,0.3891842553726709,,
Sebline,23243,1.3184502716749351,,0.4710233273039923,,
Sebrine,26254,,0.0684074985562782,,0.0,0.3462074323489912
Sehjoud,63351,,0.3152980923706067,,,0.2511079584926158
Selaa Sour,62227,,0.4427656615962935,,,0.0849476163060526
Selaata,34166,,0.0518431787831889,,0.0128780486082155,0.3888681322510728
Selfaya,24363,0.0,0.283484214307092,0.3002645905289108,,0.4013972415776163
Selsata (Mazraat Deir El-Aachaiyer),55191,,0.1640474326233566,,,0.4431810308170775
Semmaqli,35259,,0.3312314734777542,,0.0099947696241493,0.5866695650166142
Semqaniye,23417,,,,0.0073045952533405,
Semqaniyeh,23417,,0.2412152636234502,,,0.3984512982227325
Senn el Fil,22155,0.0331272084805653,,0.2268464921562148,,
Seraaiita,26334,,0.0684074985562782,,,0.3580511392587431
Seraal,33255,,0.074037090576169,,,0.2624112985217064
Serhel,33255,0.0196629213483146,,0.3894910778152067,,
Serraaine Et-Tahta,53437,,0.3778397043499675,,,0.3736794912957751
Sfarai,63237,0.4888888888888889,,0.2036229180171757,,
Sfaray,63237,,0.1120952931704605,,,0.2467721065423561
Sfaynet El-Qaitaa,35324,,0.260725139453104,,,0.3816263068646761
Sfeilet Bikfaya,22567,,0.2610343004563827,,0.0047236651394052,0.353714984661882
Sfeinite El-Dreibe,35447,0.0195694716242661,,0.5610530867479627,,
Sfenta,61497,,0.3004258319185988,,0.0,0.2262243307507316
Sfenté,61497,0.0,,0.4146828622680553,,
Sfinet Ed-Draib,35447,,0.3312314734777542,,,0.5107167253691719
Sfireh,37337,,0.1902188054284537,,,0.3048499878485694
Sghar,34224,,0.0601253386697336,,0.0046319773119975,0.3367008054410187
Sghar et Wata Sfarta,34224,0.0,,0.2971829598483846,,
Shayleh Kesrouane,25231,,0.2369998485328059,,,0.3705372998619606
Sibline,23243,,0.2412152636234502,,0.352761283465938,0.2206751924672255
Sindianet Zeidan,35411,0.0020366598778004,,0.5634876573716922,,
Sindianet Zeidane,35411,,0.3312314734777542,,0.0,0.4926824385630886
Sinn El-Fil,22155,,0.372757252648091,,0.0012925353241407,0.3188077393011039
Sir,37311,0.0,,0.281078098331427,,
Sir Ed-Danniye,37311,,,,0.0194874451239753,
Sir Ed-Danniyeh,37311,,0.1902188054284537,,,0.294382704018681
Sir El-Gharbiye,71397,,,,0.0,
Sir El-Gharbiyeh,71397,,0.493803228071137,,,0.0814189987077149
Sir El-Gharbiyé,71397,0.0,,0.1767176669855569,,
Sirhmoul,24227,,0.3257531649907338,,,0.3340214810742268
Sirine,26254,0.0,,0.4047206808626621,,
Sirjbal,23437,0.1479338842975206,0.2412152636234502,0.4761986230168432,0.0711250647212978,0.3454059549774895
Slaïyeb,74141,0.0,,0.2544112091282431,,
Slouky,53423,0.0,,0.5588862939583994,,
Slouqi,53423,,0.3525367686286836,,0.0,0.2818170135315344
Smar Jbayl,34239,,0.0518431787831889,,0.042326808245967,0.3390390648308474
Smar Jbeil,34239,0.0,,0.2939718994849698,,
Snaiber,61457,0.0,,0.4119442759802714,,
Sniyé,63287,0.1733746130030959,,0.2034695984115548,,
Sohmor,52267,0.0,0.2220822468658408,0.4459073893086596,,0.2726443705616408
Soltan Yacoub el Aradi,52241,,0.280117061108325,,0.0,0.440681758905818
Soltan-Yacoub,52231,0.0,,0.4378001977365925,,
Souairi,52264,,0.2439234057646536,,,0.4289913775790624
Souaisset Aakkar,35143,,0.3312314734777542,,,0.5382762193941825
Souanet Jbayl,26220,,0.0684074985562782,,,0.3350135883120485
Souané,73280,0.0,,0.4230838329907888,,
Souhailet El-Faouka,25231,0.021940609041044,,0.505117720406371,,
Soujoud,63351,0.0,,0.203305205973172,,
Souk-El-Gharb,24331,0.913953488372093,,0.2936514335419065,,
Soultan Yaacoub Faouqa,52231,,0.2220822468658408,,,0.4368409270816665
Soultaniyet Bent Jbayl,72214,,0.4427656615962935,,,0.0941174367930689
Soultaniyé,72214,0.0,,0.4630505327667572,,
Souq El-Gharb,24331,,0.3257531649907338,,,0.3438763344848453
Sour,62111,,0.4741524288526054,,,0.0907721757020246
Sour (Tyr),62111,0.2584613068352905,,0.5451246807090451,,
Sourat El-Batroun,34261,,0.0518431787831889,,0.0,0.3218605954458061
Sourate,34261,0.0,,0.2961646890888912,,
Srar,35471,0.0,0.3312314734777542,0.5579216294434735,,0.5046287227094612
Srayri,63298,0.0,0.2132163182422269,0.204054222211225,,0.2675199156609736
Srifa,62266,0.0,0.4427656615962935,0.5623020809789158,,0.0926459078585885
Srobbine,72267,,0.4113788943399817,,,0.0760745049137767
Taaid,63187,,0.1120952931704605,,,0.3045759466209833
Taalbaya,51221,,0.2876057199753736,,,0.3318109431354683
Taanayel,51227,,0.2838613905418493,,,0.3872935727304549
Taazaniyeh,24333,,0.3257531649907338,,,0.3768180282394422
Tabarja,25151,0.789051094890511,0.2369998485328059,0.4932687534067568,,0.3822147323455711
Tadmor,26344,,0.0684074985562782,,0.0,0.3563601920328214
Tahouitat El Ghadir,21188,,0.401842564921234,,,0.3490166463707528
Tahouitat-el-Ghadir,21188,0.0,,0.2403038523639886,,
Taibet Baalbek,53139,,0.4680736887245614,,,0.3259979542802836
Tair Harf,62295,0.0,,0.5621223686818977,,
Tairzibna,62254,0.0,,0.5561967354634226,,
Tal Abbas El-Charkié,35213,0.0168514412416851,,0.5616303352923822,,
Tal Abbas El-gharbié,35211,0.0133524082021936,,0.5586409609470019,,
Tal Biré,35235,0.0212992545260915,,0.5640906567541758,,
Tal Homeira,35237,0.0071405387861084,,0.5675535369727762,,
Tal Kerri,35231,0.0,,0.5695146286027849,,
Tal Sibhel,35247,0.0,,0.5687365110480477,,
Tal Zenoub,52221,0.3505747126436782,,0.4503751753769358,,
Tal-al-Amara,51335,0.0,,0.4518248234749183,,
Tal-el-Akhdar,51277,0.0,,0.4686455457342643,,
Talabaya,51221,0.064231666382204,,0.428264144323932,,
Talia,53439,0.0,0.4680736887245614,0.5619784204274094,,0.3686054367081331
Tall Aabbas Ech-Charqi,35213,,0.3312314734777542,,,0.5301819775238445
Tall Aabbas El-Gharbi,35211,,0.3312314734777542,,0.0023288068999232,0.5417852423946068
Tall Bireh,35235,,0.3312314734777542,,,0.4833855037144881
Tall Hmayra,35237,,0.3312314734777542,,,0.4979730630233197
Tall Meaayan Tall Kiri,35231,,0.3312314734777542,,0.0039388931707107,0.5257023760015647
Tall Sebaal,35247,,0.3312314734777542,,0.0167215097057941,0.5872283192051415
Tall Znoub,52221,,0.280117061108325,,0.0299976938715169,0.4190571790804658
Tallet Chattaha,35173,,0.3312314734777542,,0.0,0.5012565402852777
Tallet Zgharta,33171,,0.145922435877013,,,0.3521844898838498
Talloussa,73244,0.0,0.5544781981432341,0.4198805994923781,,0.1494547651501601
Tamnine El-Tahta,53425,0.0350431691213814,,0.5593426953647448,,
Tamnine-el-Fauqa,53415,0.0,,0.5613407714479118,,
Tamra,63383,0.0,,0.2039785497414108,,
Tanaïl,51227,0.0,,0.4456974400469792,,
Tanbourit,61383,,0.3004258319185988,,,0.1428356858981935
Tanbourite,61383,0.0773653946680606,,0.412679257106625,,
Tannoura,55131,0.0,0.1640474326233566,0.3407941149024609,,0.3513188167126621
Tannourine El-Faouqa,34386,,0.1476190278348384,,0.0003009652155649,0.27970313406115
Tannourine Et-Tahta,34356,,0.026997462029257,,0.0050443147014665,0.2985012580805378
Tannourine Foka,34386,0.0,,0.2980379824064029,,
Tannourine el Tahta,34356,0.0,,0.2975488647847646,,
Taraiya,53435,,0.2578270115276641,,,0.3535973199561023
Tarane,37323,0.0331019754404698,0.1902188054284537,0.283702358413695,,0.3107591916285285
Taraya,53435,0.0417362270450751,,0.5694581275438586,,
Tarchich,21481,,0.3502021437868295,,,0.2921233923269523
Tarchiche,21481,0.0,,0.290991427969902,,
Tartige,26384,0.0067980965329707,,0.4063397719438322,,
Tartij,26384,,0.0601253386697336,,,0.3330378490060673
Taybet Matjaayoun,73232,,0.5364895448569935,,,0.2045906162764758
Tayr Debbeh,62253,,0.4741524288526054,,,0.0889040679201983
Tayr Falsay,62271,,0.493803228071137,,,0.0803787831106419
Tayr Harfa,62295,,0.4741524288526054,,,0.104607002897857
Taïd,63187,0.3582089552238806,,0.2039057160916083,,
Taïr-Dabba,62253,0.0,,0.558762959811955,,
Tcheflik Edde Haouch,51274,,,,0.0,
Tcheflik EddÃ© Haouch,51274,,,,,0.4124421653972796
Tcheflik Eddé Haouch,51274,,0.2978253171870874,,,
Tcheflik Qiqano,51261,,0.2876057199753736,,0.0,0.4274266070137199
Tchiflik Eddé,51274,0.0,,0.456257585486271,,
Tchiflik Kikano,51261,0.0,,0.4571161301122282,,
Tebna,61456,,0.488756370666737,,0.0,0.0931528680525428
Tedmor et Serghal,26344,0.0,,0.4055352408264359,,
Teffahta,61459,,0.503628631118745,,,0.085697685078249
Teffehta,61459,0.0,,0.4179059885774248,,
Tehoum,34133,0.0,,0.2845737831486947,,
Tell El-Akhdar,51277,,0.2838613905418493,,,0.4460899494839139
Tellé et Chattaha,35173,0.0184873949579831,,0.5559215403635331,,
Temnine El-Faouqa,53415,,0.3778397043499675,,,0.2726312981953012
Temnine Et-Tahta,53425,,0.3778397043499675,,,0.3684804082812732
Terbol,51365,0.0257864878803506,,0.4569208918120121,,
Terbol Zahleh,51365,,0.2876057199753736,,,0.3692449246745412
Terbol-Miniye,37387,,,,0.0,
Terbol-Miniyeh,37387,,0.1680706206527333,,,0.2802006359679717
Tfail,53475,,0.4680736887245614,,,0.3311433971984033
Tfeil,53475,0.0,,0.5602326511578813,,
Thoum,34133,,0.0601253386697336,,0.038349171035061,0.3741983312066315
Tibna,61456,0.0,,0.4118107681803905,,
Tibnine,72211,0.0,0.4113788943399817,0.4610574097514629,,0.0834912432863201
Tikrit,35171,,0.3312314734777542,,,0.4722705015667343
Tikrite,35171,0.0778903248340901,,0.5646912429898028,,
Tiri,72254,,0.4113788943399817,,,0.0947319074598685
Tleil,35459,,0.3312314734777542,,,0.4860192853342856
Torzaya,26215,0.0940082644628099,,0.4030812521220071,,
Touaire,62273,0.0,,0.5597549022923838,,
Touaite Zahleh,51145,,0.3502021437868295,,,0.3070563185805498
Touaité,51145,0.0,,0.4636726115368184,,
Touayri,62273,,0.4427656615962935,,0.0,0.1107498935460105
Toul,71324,,0.5185008915707529,,0.0,0.1158954495731596
Toula,33231,0.5245901639344263,,0.3871814932519265,,
Toula,34212,0.0,,0.2973741951715072,,
Toula El-Batroun,34212,,0.0601253386697336,,,0.3272248964027765
Toula Zgharta,33231,,0.1680706206527333,,0.0,0.2740267595627413
Toule,71324,0.0,,0.1740035719823647,,
Touline,73282,0.0,0.4829285462416079,0.421818716483378,,0.1132580663847624
Toura,62261,0.0092414324220254,0.4741524288526054,0.5570897791257603,,0.0889040679201983
Tourbol,37387,0.0,,0.2804918600724253,,
Tourza,36124,0.059900166389351,0.074037090576169,0.2720163613362613,0.0025563082572959,0.2614220692484711
Tourzaiya,26215,,0.0684074985562782,,,0.3336180103410407
Trablous El Hadid,31146,,0.641997002839161,,,0.3521457724416434
Trablous El Mhatra,31131,,0.641997002839161,,,0.3500886119371602
"Trablous El-Haddadine, El-Hadid, El-Mharta",31116,,0.641997002839161,,,0.3559272566661605
Trablous El-Qobbe,31151,,0.641997002839161,,,0.3390402520737868
Trablous En-Nouri,31126,,0.641997002839161,,,0.3550852524257973
Trablous Er-Remmaneh,31136,,0.641997002839161,,,0.3521457724416434
Trablous Es-Souayqa,31141,,0.641997002839161,,0.0,0.3481060626781211
Trablous Et-Tell,31121,,0.641997002839161,,,0.3566320085330111
Trablous Ez-Zahrieh,31156,,0.641997002839161,,,0.3521977618182786
Trablous Ez-Zeitoun,31111,,0.2652403429208615,,0.0029647889329655,0.3749271417680421
Trablous et Tabbaneh,31161,,0.641997002839161,,,0.352850832401184
Trablous jardins,31166,,0.3050129767026954,,,0.4106351934179039
Trafelsiyé,62271,0.0,,0.5609544811398871,,
Tripoli Al Haddadin,31116,0.0,,0.3861989146934582,,
Tripoli Al-Hadid,31146,0.0,,0.414502926850208,,
Tripoli Al-Kobbé,31151,0.0052403054349453,,0.4067079026235259,,
Tripoli Al-Mouhaitra,31131,0.0,,0.4327338875432693,,
Tripoli Al-Nouri,31126,0.0,,0.3849829271396808,,
Tripoli Al-Rmmanieh,31136,0.0,,0.3779369512685298,,
Tripoli Al-Souéka,31141,0.0,,0.3904210294723491,,
Tripoli Al-Tabbaneh,31161,0.0041365046535677,,0.4081558129866056,,
Tripoli Al-Tal,31121,0.0072365247138283,,0.3598355976695727,,
Tripoli Al-Zehrieh,31156,0.0164156044804943,,0.3989481310272781,,
Tripoli Jardins,31166,0.4358974358974359,,0.4069355238141163,,
Tripoli Zeitoun,31111,0.0563568153397248,,0.4436330692180745,,
Tshea,35356,0.0,0.3312314734777542,0.5651983820757407,,0.421594809028767
Wadi Abou Youssef,23237,0.0,,0.4764239470894059,,
Wadi Baankoudine,63251,0.2676579925650557,,0.1932448296086433,,
Wadi Bnahley,23555,0.3083700440528634,,0.4766324427853673,,
Wadi Chahine,22519,0.0,,0.2958878456700774,,
Wadi Chahrour el Olia,21267,0.0602302922940655,,0.2574983627736045,,
Wadi Chahrour el Soufla,21259,0.1043360433604336,,0.27098580596429,,
Wadi Djezzine,63114,0.0215439856373429,,0.2019167348043881,,
Wadi El-Deir,23441,0.0,,0.4752982292212056,,
Wadi El-Karm,22791,0.0,,0.3029423549274332,,
Wadi El-Sit,23443,0.0209380234505862,,0.476641987688111,,
Wadi Jezzine,63114,,0.1120952931704605,,,0.318420238311262
Wadi Laimoune,63234,0.1434977578475336,,0.2025971670400735,,
Wadi el-Haour,35455,0.0158371040723981,,0.5695092389070526,,
Wadi-el-Arayeche,51189,0.0349829351535836,,0.453740326277233,,
Wadi-el-Dalam,51257,0.0,,0.4563550244805749,,
Wadi-kannoubine,36141,0.0,,0.2726644419024737,,
Wakf al-Nabi Chite,53431,0.2419733750978856,,0.5690284210095543,,
Wata Amaret Chalhoub,22343,0.0492115280043501,,0.2385485174042065,,
Wata El-Mrouge,22731,0.0,,0.2908547605952817,,
Wata Houb,34381,0.0,,0.2973674243140311,,
Wata Salam,25141,0.0,,0.4809090109581487,,
Wata-El-Jaouz,25455,0.022508038585209,,0.5180624632332781,,
Wejh-el-Hajar,34286,0.0,,0.2950554209820278,,
Yahchouch,25373,,0.1527036735445421,,,0.3193799762829139
Yahchouche,25373,0.041688654353562,,0.5197938486686944,,
Yahfoufa,53449,0.0,0.4680736887245614,0.5714038587435173,,0.3342155225694027
Yahoudiat,61412,0.0,,0.4154655419671652,,
Yammouneh,53388,,0.1961081235698923,,,0.2983808062396817
Yamouné,53388,0.0591016548463357,,0.5620790851080736,,
Yanouh,26347,0.9333333333333332,,0.436969311461084,,
Yanouh,62219,0.0070859167404783,,0.5583750441399271,,
Yanouh Jbayl,26347,,0.0684074985562782,,,0.3599385975508533
Yanouh Sour,62219,,0.4741524288526054,,,0.0892289562300823
Yanta,55184,0.0,0.1640474326233566,0.339131365836479,,0.4130870821565152
Yarine,62308,0.0,0.4741524288526054,0.5617111725328439,,0.108126626254918
Yaroun,72159,,0.4113788943399817,,,0.141087296571554
Yaroune,72159,0.0,,0.4620632980378137,,
Yater,72277,0.0,0.4427656615962935,0.4673449086837757,,0.0882173255785889
Yohmor,52281,0.0,,0.4386728816343036,,
Yohmor,71394,0.0,,0.1796159132941455,,
Yohmor BG,52281,,0.2637768285086874,,0.0,0.2598345811288129
Yohmor En-Nabatiyeh,71394,,0.5364895448569935,,,0.1971159528698047
Youmine,53284,,0.4680736887245614,,,0.3052085338178563
Younine,53284,0.0175142708873897,,0.5624015742910105,,
Yât,53123,0.1196757787666878,,0.5611975682853813,,
Zaaitreh,25353,,0.2369998485328059,,,0.3212258505094921
Zaaitré,25353,0.0670731707317073,,0.5167857586962252,,
Zaarouriye,23381,,,,0.0699090482104864,
Zaarouriyeh,23381,0.4611111111111111,0.2412152636234502,0.4763973707382535,,0.3064753425963925
Zabboud,53237,,0.4680736887245614,,,0.393327951403073
Zabbougha,22794,0.0,0.2610343004563827,0.3028977621768643,0.0,0.3309223757073723
Zaboud,53237,0.1007905138339921,,0.5716561697274722,,
Zacrite,22483,0.0,,0.2843914298059768,,
Zaghartaghrine,37369,,0.1902188054284537,,0.0,0.3037198299279656
Zaghdraiya,61371,,0.488756370666737,,,0.1290639895172524
Zaghdraya,61371,0.0,,0.4121623129639887,,
Zaghrteghrine,37369,0.0,,0.2808189446039265,,
Zahle Aradi,51133,,,,0.0,
Zahle Haouch El-Oumara,51131,,,,0.022336352493775,
Zahle Maallaqa Aradi,51125,,,,0.011439864639837,
Zahle Mar Gerges,51115,,,,0.0,
Zahleh Aradi,51133,,0.2876057199753736,,,0.2619783602933599
Zahleh El-Berbara,51119,,0.2876057199753736,,,0.264484278736338
Zahleh El-Maallaqa,51121,,0.2876057199753736,,,0.2826053275185256
Zahleh El-Midane,51111,,0.2876057199753736,,,0.2720062803995364
Zahleh Er-Rassiyeh,51117,,0.2876057199753736,,,0.2662878760495842
Zahleh Haouch El-Oumara,51131,,0.2876057199753736,,,0.3001776212414395
Zahleh Haouch Ez-Zaraane,51113,,0.2876057199753736,,,0.2718772238052007
Zahleh Maallaqa Aradi,51125,,0.2876057199753736,,,0.3173074399909344
ZahlÃ© Haouch El-Oumara Aradi,51127,,,,,0.3423107320442203
ZahlÃ© Mar Antonios,51123,,,,,0.2684843269572489
ZahlÃ© Mar Elias,51135,,,,,0.2686145435609103
ZahlÃ© Mar Gerges,51115,,,,,0.2718289314893627
ZahlÃ© Saydet En-Najat,51129,,,,,0.2674435014970063
Zahlé (Terres),51133,0.0406654343807763,,0.444196105660625,,
Zahlé Al-Rassié,51117,0.0,,0.3948396949661678,,
Zahlé Barbara,51119,0.0,,0.3898028367397807,,
Zahlé Haouch El-Oumara Aradi,51127,,0.2838613905418493,,,
Zahlé Haouche Al-Oumara,51131,0.0,,0.4179442686549608,,
Zahlé Haouche Al-Zaraané,51113,0.0,,0.4168879519251277,,
Zahlé Maallaka Kerek,51121,0.0002410945693448,,0.4099950530357505,,
Zahlé Mar Antonios,51123,0.0,0.2876057199753736,0.3855526424558672,,
Zahlé Mar Elias,51135,0.0,0.2876057199753736,0.4022393483516039,,
Zahlé Mar Gerges,51115,,0.2876057199753736,,,
Zahlé Mar Gérios,51115,0.0,,0.4035110613483089,,
Zahlé Midan,51111,0.0195992650275614,,0.4040874188145338,,
Zahlé Saidet Al-Najda,51129,0.0,,0.4315809972127122,,
Zahlé Saydet En-Najat,51129,,0.2876057199753736,,,
Zaitoun,25375,,0.2369998485328059,,,0.3434276624240598
Zakrit,22483,,0.2850687523799594,,0.0034817367564669,0.4050348558011711
Zakroun,32175,,0.0828231275388184,,0.0,0.3829708395330913
Zakroune,32175,0.0,,0.6076512821433478,,
Zalqa,22351,,0.2850687523799594,,0.0147784162525776,0.4512938312756777
Zandouka,21374,1.305084745762712,,0.2843134850143815,,
Zandouqa,21374,,0.3815003586158468,,,0.3813449195120214
Zane,34243,0.0,,0.2953194097398284,,
Zaneh,34243,,0.0518431787831889,,,0.3100021721350924
Zaoutar Ech-Charqiye,71367,,,,0.0,
Zaoutar Ech-Charqiyeh,71367,,0.5364895448569935,,,0.1402512082744801
Zaoutar El-Charkiyé,71367,0.0,,0.1756020975558083,,
Zaoutar El-Gharbiye,71364,,,,0.0,
Zaoutar El-Gharbiyeh,71364,,0.5364895448569935,,,0.1198389931352164
Zaoutar El-Gharbiyé,71364,0.0,,0.1774943739778103,,
Zaraaoun,22741,,0.2850687523799594,,0.0244448932398913,0.3916167172290263
Zaraoune,22741,0.2807881773399014,,0.2999203737509529,,
Zebdine,26246,0.0154211150652431,,0.4038892468382347,,
Zebdine,71122,0.0,,0.1706908576941226,,
Zebdol,51214,0.0,,0.4442500105435889,,
Zebdoul,51214,,0.2876057199753736,,0.0,0.3134022859943956
Zebkine,62286,0.0,,0.5627931195754714,,
Zebqine,62286,,0.4427656615962935,,,0.0843674586098351
Zefta,71281,0.0906618313689936,0.503628631118745,0.1732966728848634,0.0044787050745756,0.1042680055181277
Zeghrine,22771,0.0,,0.2921538948679512,,
Zeita,61359,0.6355140186915887,0.488756370666737,0.4947282288699549,,0.1174173740028723
Zeitoune,25375,0.4954462659380692,,0.5150309802178851,,
Zellaya,52284,0.0,,0.4468573152847242,,
Zgharta,33111,,0.145922435877013,,,0.3457552271181972
Zgharta El-Mtaouile,32195,,0.0456060170432316,,0.8428720083246621,0.2862805375558876
Zghorta,33111,0.0826425521225822,,0.3799585202275135,,
Zghorta el-Métaoulé,32195,5.694444444444445,,0.6188890843289354,,
Zhalta,63177,0.0,,0.2050129640991312,,
Zhilta,63177,,0.3152980923706067,,,0.2697133094888166
Zibdine En-Nabatiyeh,71122,,0.5185008915707529,,0.0,0.1253907738404098
Zibdine Jbayl,26246,,0.0684074985562782,,,0.349456315447817
Zighrine,54119,,0.2696513742640367,,,0.2681735316180721
Zighrine El-Matn,22771,,0.2850687523799594,,0.0106037243323155,0.3580551607864753
Zilaya,52284,,0.2637768285086874,,,0.2593125001233467
Zouarib,35127,,0.3312314734777542,,,0.5332600372186677
Zouk Bhanine,37291,0.1260410882842865,,0.2810982096595892,,
Zouk El-Kharab,22467,,0.2610343004563827,,,0.4160391992395286
Zouk Mikaèl,25116,0.003515786571074,,0.4677911376941416,,
Zouk Mkayel,25116,,0.2369998485328059,,,0.3947895557596798
Zouk Mousbeh,25126,0.0137075247096169,0.2610343004563827,0.4709671838756725,,0.413425866838875
Zouk el Moukachérine,35161,0.0,,0.5556284831785762,,
Zouk-El-Habalça,35153,0.0,,0.5627219773343579,,
Zouk-El-Hosmieh et Dahr Ayasse,35151,0.1430232558139534,,0.5790148141482053,,
Zouk-Khrab,22467,0.0,,0.2708530626678988,,
Zoukak el-Blatt,10410,0.4824544942765997,0.3552710367125234,0.2657593026201271,,0.2052063876673473
Zouq Bhannine,37291,,0.260725139453104,,0.0478003465715855,0.4867740576084928
Zouq El Hosniyeh,35151,,0.3312314734777542,,,0.5500617974747098
Zouq El-Hadara,35159,,0.3312314734777542,,,0.559849350541845
Zouq El-Hbalsa,35153,,0.3312314734777542,,,0.552111819385627
Zouq El-Moqachrine,35161,,0.3312314734777542,,,0.5838853195280711
Zrariyeh,61427,,0.493803228071137,,,0.0803198319512642
aain Aalaq,22551,,,,0.0,
haouch El-Dehab,53159,,,,0.0,
litige,53002,0.0,,0.5587927454908901,,
litige,55002,0.0,,0.3388849274733382,,
maaniye,23235,,,,0.0380397987690749,
mazboud,23215,,,,0.0030572683934884,
tarane,37323,,,,9.187401029747963e-05,
أبو قمحة,74112,,,,0.3298620409974673,
إغبة,25391,,,,0.0,
إنصار,71361,,,,5.534916187256218e-05,
إنصارية,61436,,,,0.0,
ابل السقي,73127,,,,0.0148654046995024,
ابلح,51163,,,,0.0026905763242525,
اجبع,33291,,,,0.0,
ادما والدفنه,25156,,,,0.0024445708551395,
اده,26135,,,,0.0131767785800114,
ادونيس,26239,,,,0.0285587886284137,
ارده,33123,,,,0.0079939663327472,
ارزون,62256,,,,0.0,
ارزي,61417,,,,0.0,
ارصون,21471,,,,0.0,
اركي,61479,,,,0.0,
اصنون,33125,,,,0.0,
اغميد,24451,,,,0.0018314799886513,
افقا,26364,,,,1.247515382006022,
اكروم,35516,,,,0.0006409987032882,
الاشرفية,10650,,,,0.1249597982699745,
البرج عكار,35183,,,,0.00098408704883,
البساتين,24365,,,,0.0534317120985103,
البقيعة,32193,,,,0.0,
البياض صور,62226,,,,0.0,
التبانة,31161,,,,0.0,
التل,31121,,,,0.0005150331709535,
التليل,35459,,,,0.017918868182767,
الجديدة زغرتا,33137,,,,0.0,
الجرمق,63375,,,,0.0,
الحدادين,31116,,,,0.0,
الحديد,31146,,,,0.0,
الحرف,63171,,,,0.0117617741651246,
الحميرة,35331,,,,0.0388656851043811,
الحويش,35322,,,,0.0037949298214616,
الحيصة,35221,,,,0.0,
الخرائب,54175,,,,0.0236996423224085,
الخرائب صيدا,61419,,,,0.0,
الخيارة,52234,,,,0.002999615638885,
الخيام,73159,,,,0.0,
الدغلة,35419,,,,0.004048327073275,
الدوره,35126,,,,0.0039324605590293,
الراسية,51117,,,,0.0387998330117437,
الرافد راشيا,55157,,,,0.0013881663740998,
الرام,53281,,,,0.0080768780885222,
الراموط,26261,,,,0.0,
الرمانة,31136,,,,0.0,
الريحانية,35467,,,,0.0,
الزاهرية,31156,,,,0.0,
الزواريب,35127,,,,0.0116269422205753,
السماقية,35271,,,,0.0,
السمونيه,35227,,,,0.0003443835591403,
السنديانة,35469,,,,0.0,
السويسة,35143,,,,0.0002167786010729,
الشقدوف,35181,,,,0.0228508515705747,
الشويفات الامراء,24155,,,,0.1404680082061109,
الشيخ زناد,35267,,,,0.0,
الشيخ طابا,35123,,,,0.0015450722364881,
الشيخ طابا السهل,35121,,,,0.0,
الشيخ محمد,35113,,,,0.0348375941556192,
العبودية,35249,,,,0.0,
العريضة,35273,,,,0.0,
العزونيه,24454,,,,0.0093763333370331,
العماير,35512,,,,8.077202111233222e-05,
العوينات,35420,,,,0.0,
العين,53217,,,,0.0,
العيون,35177,,,,0.0003521102768899,
الغابون,24323,,,,0.08718596733139,
الغزيله,35475,,,,0.0106974334793708,
الفرديس,74116,,,,0.0,
القاع,53241,,,,0.00248639621186,
القبة,31151,,,,0.0006211594958419,
القبيات,35487,,,,0.0001024776445399,
القرعون,52237,,,,0.0081864983830651,
القرقف,35341,,,,0.0003627828087676,
القرنة,35352,,,,0.0,
القريات,35334,,,,0.0,
القصير,35415,,,,0.0,
القلعة,21416,,,,0.0006530140983711,
القلمون,31221,,,,0.0011266789775226,
القليعات,35243,,,,0.0001860924054578,
القنطرة,35135,,,,0.0456402059986218,
الكحاله,24313,,,,0.0,
الكفور,25329,,,,0.0106084050405088,
الكنيسة,35245,,,,0.0,
الكواشرة,35429,,,,0.0004397820897448,
الكويخات,35215,,,,0.0001282647506378,
اللقلوق,26361,,,,0.0199776049482652,
المجادل,62214,,,,0.0,
المجدل,26357,,,,0.0153949025047557,
المجدل عكار,35128,,,,0.0,
المحمرة,35277,,,,0.0007860689035059,
المرج,52277,,,,0.0007402031299134,
المزرعة,10310,,,,0.0512168384681279,
المسعودية,35229,,,,0.0,
المعيصرة,25357,,,,0.365447073040897,
المقرق,53251,,,,0.0,
المقيطع,35261,,,,4.675161660315448e-05,
المنصف,26177,,,,0.0448318288081881,
المنصورة,52171,,,,0.0090383693698673,
المنصوري,62296,,,,0.0,
المهاترة,31131,,,,0.0,
المينا,31181,,,,0.0,
الناقورة,62312,,,,0.0,
النبي خالد,35353,,,,0.0014238358165428,
النبي سباط,53471,,,,0.0,
النفيسة,35115,,,,0.0210940619297694,
النهريه ,35486,,,,0.0,
النوري,31126,,,,0.0,
الهد,35169,,,,0.0086087788287809,
الوسطاني,61111,,,,0.1605226761456796,
الوقف بقاع الغربي,52261,,,,0.0,
انان,63274,,,,0.0769413103497997,
اهمج,26211,,,,0.0017977817397624,
ايطو,33243,,,,0.0,
ايعات,53123,,,,0.0371001434906245,
ايعال,33141,,,,0.0,
ايلات,35145,,,,0.0,
باب مارع,52126,,,,0.0,
بابلية,61444,,,,0.0,
باتوليه,62162,,,,0.0,
باريش,62224,,,,0.0,
بازورية,62246,,,,0.0,
باشورة,10350,,,,0.0669128618582833,
بافليه,62221,,,,0.0,
ببنين,35275,,,,0.0007520425414641,
بتاتر,24447,,,,0.2014653788851725,
بتبيات,21451,,,,0.0302880658436213,
بتخناي,21441,,,,0.0128989189694712,
بتدعي,53375,,,,0.0,
بتدين اللقش,63151,,,,0.0227087878727497,
بجه,26276,,,,0.0060374981120608,
بحديدات,26259,,,,0.0,
بحمدون المحطة,24411,,,,0.4094687348587487,
بحنين,63181,,,,0.0,
بحوارا,24327,,,,0.4364583985848985,
بخشتيه,24321,,,,0.032540963398819,
بخعاز,26297,,,,0.0,
بدادون,24283,,,,0.0010949533001222,
بداوي,37231,,,,0.001468420024811,
بدغان,24434,,,,0.0127388271022954,
بدنايل,53411,,,,0.0053701454151672,
بدياس,62274,,,,0.0,
بر الياس,51267,,,,0.0052559352624464,
برامية,61123,,,,0.1140843178827749,
بربارة زحلة,51119,,,,0.1030921586168902,
برباره,35433,,,,0.0,
برتي,61488,,,,0.1261315041857953,
برج البراجنة,21177,,,,0.0,
برج الشمالي,62128,,,,0.0,
برج الملوك,73146,,,,0.0,
برج رحال,62283,,,,0.0,
برج قلويه,72264,,,,0.0,
برصا,32187,,,,0.0007129368552228,
برعشيت,72227,,,,0.0,
برغز,74155,,,,0.0,
برقا,53344,,,,0.0,
برقايل,35314,,,,0.0006947977101971,
بريتال,53453,,,,0.0010153023714391,
بزال,35316,,,,0.0004499992921423,
بزبدين,21466,,,,0.0924310577217996,
بزبينا,35189,,,,0.0360069419744026,
بزحل,25369,,,,0.0026042248008895,
بزمار,25337,,,,0.0106139943403522,
بزيون,26299,,,,0.1040611222170497,
بسابا,23386,,,,0.1823038523108031,
بساتين طرابلس,31166,,,,0.0007650152902406,
بستان صور,62321,,,,0.0,
بسري,63191,,,,0.0,
بسرين,24464,,,,0.0145518595792566,
بسوس,24291,,,,0.0,
بشامون,24243,,,,1.252038923463524,
بشتليدا,26243,,,,0.6179657782066795,
بشلّلي,26244,,,,0.0068128119973858,
بشنين,33157,,,,0.0,
بشوات,53333,,,,0.0,
بطحا,25325,,,,0.0009853654366997,
بطشيه,21227,,,,0.0542482009374009,
بطلون,24421,,,,0.6700745685607861,
بعبدا,21211,,,,0.187262135644924,
بعلبك,53111,,,,0.0,
بعلشميه,21311,,,,0.0188458047926265,
بعلول,52224,,,,0.0025736814016721,
بعورته,24235,,,,0.0137242611399882,
بقرزلا,35147,,,,0.0017501343261157,
بقسطا,61266,,,,0.7862398510670479,
بقعاتة عشقوت,25431,,,,0.0011921460459183,
بقعاتة كنعان,25443,,,,0.0,
بقعتوتا,25451,,,,0.0049697545869895,
بكا,55177,,,,0.0,
بكاسين,63124,,,,0.0640890811373051,
بكيفا,23356,,,,0.0021983639068531,
بلاط,26129,,,,0.0017542230207225,
بلاط مرجعيون,73135,,,,0.0,
بلونة,25221,,,,0.0017248869079115,
بليبل,24267,,,,0.1214630026829686,
بليدا,73288,,,,0.0,
بمريم,21436,,,,0.2705492868849781,
بمكين,24319,,,,0.8661791510776737,
بمهريه,24484,,,,0.9115918417285552,
بنت جبيل,72111,,,,0.0,
بنتاعل,26269,,,,0.0038813676566827,
بنشعي,33159,,,,0.0,
بنعفول,61481,,,,0.0739529667085261,
بنواتي,23263,,,,0.0075807891178796,
بني حيان,73226,,,,0.0,
بو زريده,24355,,,,0.0,
بوار,25166,,,,0.0165090854050146,
بوارج,51244,,,,0.0188774863196957,
بوداي,53459,,,,0.0015092913652752,
بوسيط,33279,,,,0.0,
بوصلايا,63385,,,,0.0,
بويضة مرجعيون,73116,,,,0.174582276082393,
بيت الحوش,35367,,,,0.0,
بيت ايوب,35337,,,,8.731492005710885e-05,
بيت حبّاق,26271,,,,0.0052539908988662,
بيت شاما,53417,,,,0.1712120103871639,
بيت غطاس,35134,,,,0.0,
بيت لهيا,55127,,,,0.0,
بيت ليف,72287,,,,0.0,
بيت ملات,35174,,,,0.0,
بيت ياحون,72237,,,,0.0,
بيت يونس,35321,,,,0.0004425618822989,
بيرة ,23451,,,,0.0001739571583491,
بيرة راشّيا,55164,,,,0.0019729581288772,
بيسارية,61453,,,,0.0522328175680203,
بيصور,24343,,,,0.0085136811029586,
بيصور جزين,63221,,,,0.2243356592135476,
بينو,35175,,,,0.0638190359893087,
تاشع,35356,,,,0.0,
تبنين,72211,,,,0.0,
تحويطة الغدير,21188,,,,0.0,
تربل,51365,,,,0.0,
ترتج,26384,,,,0.0013792266211872,
ترشيش,21481,,,,0.0,
تعلبايا,51221,,,,0.0461787046165006,
تعنايل,51227,,,,0.0273658855831801,
تعيد,63187,,,,0.0526008308083473,
تفاحتا,61459,,,,0.0015046866294052,
تكريت,35171,,,,0.0013311026909525,
تل الاخضر,51277,,,,0.0,
تل عباس الشرقي,35213,,,,0.0542291744682881,
تلبيرة,35235,,,,0.0080881091357157,
تلة زغرتا,33171,,,,0.0,
تلحميرة,35237,,,,0.0,
تمنين التحتا,53425,,,,0.0003782824026248,
تمنين الفوقا,53415,,,,0.0006444955682165,
تنورة,55131,,,,0.0,
تولا,34212,,,,0.0018529913721921,
تولين,73282,,,,0.0,
تويتي,51145,,,,0.0,
جاج,26381,,,,0.0,
جب جنين,52211,,,,0.0040527855221887,
جبال البطم,62279,,,,0.0,
جبرائيل,35163,,,,0.0034289150583654,
جبعا,53171,,,,0.0,
جبيل,26111,,,,0.0383352112261464,
جبين,62292,,,,0.0,
جدايل,26165,,,,0.0292304238534436,
جديتا,51224,,,,0.1447341345575668,
جديدة القيطع,35344,,,,0.0004459257945321,
جديدة غزير,25317,,,,0.0,
جرنايا,63294,,,,0.0,
جزين,63111,,,,0.0792190339197035,
جسر القاضي,24373,,,,0.3165449233016801,
جعيتا,25261,,,,0.0027571093413919,
جليسه,26274,,,,0.0228530069008246,
جميجمة,72221,,,,0.0,
جناتا,62237,,,,0.0,
جنة,26327,,,,0.7878558971171494,
جنتا,53447,,,,0.0,
جنسنايا,63261,,,,0.0,
جوار الحوز,21461,,,,0.0223185188113459,
جورة ارصون,21487,,,,0.0,
جورة الترمس,25355,,,,0.0,
جورة بدران,25365,,,,0.0040891636923827,
جونيه,25121,,,,0.0015544589844629,
جويا,62211,,,,0.0,
حارة الست,21275,,,,0.0626649795498337,
حارة حريك,21144,,,,0.0,
حارة حمزة,21327,,,,0.0,
حارة صخر,25131,,,,0.0275828742119047,
حارة صيدا,61159,,,,0.1906430621537716,
حاريص,72241,,,,0.0,
حازمية المنيه,37321,,,,0.0,
حاصبيّا المتن,21397,,,,0.0081138123876934,
حالات,26147,,,,0.0097401178364057,
حام,53463,,,,0.0032138223901415,
حبالين,26281,,,,0.0218043027030945,
حبرمون,24461,,,,0.0,
حبشيت,35326,,,,0.0270617558082751,
حجة,61471,,,,0.0,
حجولا,26226,,,,0.3238153936213902,
حداثا,72231,,,,0.0,
حدث,21219,,,,0.053983301324847,
حراجل,25471,,,,0.0136114487276391,
حرار,35328,,,,0.006342319278843,
حربتا,53264,,,,0.0,
حريصا,25339,,,,0.0,
حريقص,33287,,,,0.0,
حزرتا,51157,,,,0.0146308502439014,
حزين,53441,,,,0.0161275215705915,
حسانية,63241,,,,0.0142258011997744,
حصارات,26286,,,,0.003372356637355,
حصرايل,26153,,,,0.0,
حصون,26229,,,,0.1249405411455273,
حصين,25345,,,,0.0622329821686684,
حقل,26247,,,,0.0,
حكر الضاهري,35253,,,,0.0,
حكر جورة سرار,35239,,,,0.0,
حلبا,35111,,,,0.0163800459569448,
حلباتا,53247,,,,0.0034919811532544,
حلوة,55197,,,,0.0,
حلوسية,62269,,,,0.0,
حمانا,21411,,,,0.0242091766655281,
حمصية,63127,,,,0.0487209405109165,
حمى مار مارون عنَايا,26388,,,,0.0,
حميري ,62244,,,,0.0,
حميص,35470,,,,0.0,
حناوي,62247,,,,0.0,
حنية,62293,,,,0.0,
حنيدر,35514,,,,0.0,
حنين,72284,,,,0.0,
حواكير,33152,,,,0.0,
حور تعلا,53451,,,,0.0002468876817487,
حوش الحريمة,52254,,,,0.0011087041352985,
حوش الرافقة,53419,,,,0.0,
حوش الزراعنة,51113,,,,0.0,
حوش الغنم,51329,,,,0.0,
حوش النبي,53431,,,,0.0,
حوش بردى,53151,,,,0.0,
حوش تل صفية,53135,,,,0.0307660882343322,
حوش حالا,51317,,,,0.0656788620886439,
حوش سنيد,53433,,,,0.0,
حولا,73234,,,,0.0,
حومال,24275,,,,0.0049999665392997,
حياطة,25349,,,,0.0,
حيتوله,63224,,,,0.2317240230205665,
حيزوق,35139,,,,0.000640870657255,
حيطورة,63137,,,,0.0331421583481609,
حيلان زغرتا,33275,,,,0.0053226588686032,
خاربة جبيل,26249,,,,0.002927390394915,
خربة داوود,35417,,,,0.0003220203250099,
خربة روحا,55151,,,,0.0006785744125423,
خربة سلم,72234,,,,0.0,
خربة شار,35431,,,,0.0,
خربة قنافار,52151,,,,0.0215148805107948,
خرطوم,61446,,,,0.0,
خريبة ,53455,,,,0.0,
خريبة الجندي,35216,,,,0.0020716231411218,
خريبة بعبدا,21431,,,,0.0356592216440281,
خزيز,61474,,,,0.0089798150223098,
خضر ,53443,,,,0.0,
خلوات,21421,,,,0.001510036814114,
خلوات حاصبيّا,74168,,,,8.98705845256134e-05,
دار الواسعة,53366,,,,0.0,
داريا ,33163,,,,0.0,
داريا كسروان,25241,,,,0.0,
دارين,35225,,,,0.0,
دبابية,35432,,,,0.0262557795455433,
دبعل,62212,,,,0.0,
دبل امية,72281,,,,0.0021544491501538,
دبين,73119,,,,0.0,
درب السيم,61335,,,,0.0470072418213533,
دردغايا,62239,,,,0.0,
درعون,25347,,,,0.003309747471259,
دفون,24357,,,,0.0251336775845557,
دقون,24251,,,,0.0,
دكوة,52251,,,,0.0211564409523847,
دلافة,74179,,,,0.0,
دلبتا,25323,,,,0.0,
دلهميه,51383,,,,0.0,
دليبه,21391,,,,0.0040348730349088,
دوريس,53119,,,,0.0276738576866221,
دوسة بغدادي,35439,,,,6.662220543883099e-05,
دوير الرمان,24345,,,,0.0,
دوير عدويه,35443,,,,0.000197052280002,
دير الاحمر,53311,,,,0.0229666911738599,
دير الحرف,21367,,,,0.1633369350119584,
دير العشاير,55187,,,,0.0,
دير الغزال,51347,,,,0.0,
دير جنين,35441,,,,0.0,
دير خونة,21337,,,,0.0,
دير دلوم,35149,,,,0.0169525960829487,
دير سريان,73230,,,,0.0,
دير قانون,62179,,,,0.0,
دير قانون النهر,62263,,,,0.0,
دير قطِين ,63284,,,,0.2718284814306768,
دير قوبل,24177,,,,0.0,
دير كيفا,62251,,,,0.0,
دير ميماس,73167,,,,0.004925702061902,
دير نطار,72244,,,,0.0,
ديرعامص,62223,,,,0.0,
ذوق الحبالصة,35153,,,,0.000141931090228,
ذوق الحصينة,35151,,,,0.0007420180464443,
ذوق الخراب,22467,,,,0.0,
ذوق المقشرين,35161,,,,0.0,
ذوق حدارة,35159,,,,0.0040254963621262,
ذوق مصبح,25126,,,,0.0146685286241841,
ذوق مكايل,25116,,,,0.0131190726836748,
رأس بيروت,10150,,,,0.5598936138127324,
راس اسطا,26241,,,,0.221627752108618,
راس الحرف,21334,,,,0.5217074380535769,
راس المتن,21351,,,,0.0180364917897245,
راس بعلبك,53211,,,,0.0,
راس كيفا,33167,,,,0.0209377731195916,
راشا,34247,,,,0.0,
راشيّا الفخار,74118,,,,0.0,
رامية بنت جبيل,72191,,,,0.0,
رب التلاتين,73257,,,,0.0,
رحبة,35357,,,,0.0150620411718286,
رشاف,72271,,,,0.0,
رشعين,33117,,,,0.0093523166559902,
رشكنانيه,62236,,,,0.0,
رعشين,25435,,,,0.0015918506015599,
رعيت,51359,,,,0.00589909261507,
رماح النهريه,35404,,,,0.0,
رمادية,62259,,,,0.0,
رمحالا,24367,,,,0.1537490836471953,
رميش,72167,,,,0.0022463238812335,
رميل,10550,,,,0.0452257402376595,
روضة إسطبل,52295,,,,0.0003909103369693,
روم,63277,,,,0.3391059691091622,
رويسة البلوط,21317,,,,0.0374741122038549,
رياق,51311,,,,0.1206129079644632,
ريحا,53355,,,,0.0050020947104695,
ريحانة,26159,,,,0.2013396148585056,
ريفون,25411,,,,0.0,
ريمات,63264,,,,0.2021282982328731,
زان,34243,,,,0.0,
زبدين,26246,,,,0.0013482773961904,
زبقين,62286,,,,0.0,
زبود,53237,,,,0.0,
زحلة,51111,,,,0.0035590655169124,
زحلة  سيدة النجاة,51129,,,,0.0,
زحلة حوش الامراء أراضي,51127,,,,0.0,
زحلة مار انطونيوس,51123,,,,0.0,
زحلة معلقة أراضي,51121,,,,0.0432063803840639,
زحلتا,63177,,,,0.0082949238423735,
زرارية,61427,,,,0.0,
زعيتره,25353,,,,0.0167126442320658,
زغدرايا,61371,,,,0.0172210145675453,
زغرتا,33111,,,,0.0043471627309226,
زغرين,54119,,,,0.0041416576272037,
زقاق البلاط,10410,,,,0.0716580389495078,
زلايا,52284,,,,0.0,
زندوقة,21374,,,,0.1502393070683825,
زيتا,61359,,,,0.0133744884549167,
زيتون,25375,,,,0.229520146588243,
ساحل علما,25136,,,,0.015111225023538,
ساقية الخيط,26263,,,,0.0,
سبعل زغرتا,33259,,,,0.0,
سجد,63351,,,,0.0,
سحمر,52267,,,,0.0,
سرار,35471,,,,0.0,
سرعيتا,26334,,,,1.0044231850979524,
سرعيل,33255,,,,0.0,
سرعين التحتا,53437,,,,0.0,
سريرة,63298,,,,0.0,
سعدنايل,51231,,,,0.001268466117315,
سعدين,35217,,,,0.0,
سعيدة,53167,,,,0.0036663693302902,
سفيرة,37337,,,,0.0067436331042402,
سفينة الدريب,35447,,,,0.0020022301407614,
سفينة القيطع,35324,,,,1.7140173888235484e-05,
سقي رشميا,26377,,,,0.0,
سكسكية,61461,,,,0.0029290763715321,
سلطان يعقوب الفوقا,52231,,,,0.0,
سلطانية ,72214,,,,0.0,
سلعا ,62227,,,,0.0,
سلفايا,24363,,,,0.0,
سنيَا,63287,,,,0.0,
سهيلة,25231,,,,0.0015243626141821,
سوق الغرب,24331,,,,1.3275766749478213,
سيسوق,35311,,,,0.0,
شارون,24444,,,,0.0230563772281687,
شامات,26279,,,,0.0138846961998788,
شان,35320,,,,0.0003865917171474,
شانيه,24417,,,,0.0053787281360282,
شبانية,21426,,,,0.0194745691148194,
شبرقية عميق,52181,,,,0.0,
شبعا,74130,,,,0.0,
شتورا,51211,,,,0.0476507498509815,
شحتول,25351,,,,0.0,
شحور,62264,,,,0.0,
شربيلا,35457,,,,0.0,
شربين,54127,,,,0.0053371957460746,
شرتون,24353,,,,0.4504010438386544,
شعت,53274,,,,0.0014431403175124,
شعيتية,62277,,,,0.0,
شقرا ,72229,,,,0.0,
شليفا,53467,,,,0.0,
شمسطار,53429,,,,0.0032638309972937,
شمع,62298,,,,0.0,
شملان,24339,,,,0.2079701843816354,
شموت,26296,,,,0.0,
شننعير,25315,,,,0.0,
شهابية ,62254,,,,0.0,
شواليق جزين,63247,,,,0.0305475720860336,
شوان,25479,,,,0.0340689008317676,
شويا,22764,,,,0.0,
شويت,21354,,,,0.2962017159951794,
شياح,21111,,,,0.0263897431642931,
شيحين,62285,,,,0.0,
شيخان,26295,,,,0.0237861997447037,
شيخلار,35402,,,,0.0,
شير حمارين,35224,,,,0.0,
صالحية,61211,,,,0.0687562393859072,
صبوبا,53261,,,,0.0109113994497978,
صديقين,62241,,,,0.0,
صربا,25111,,,,0.0264776496087105,
صربين,72267,,,,0.0,
صرفند,61449,,,,0.0370627992533278,
صريفا,62266,,,,0.0,
صغبين,52136,,,,0.0461759128903362,
صفاريه,63237,,,,0.0954905136453347,
صفد البطيخ,72217,,,,0.0,
صفرا كسروان,25161,,,,0.0132726215081567,
صليما بعبدا,21394,,,,0.0337439210730514,
صوانة ,26220,,,,2.403749687119074,
صوانة مرجعيون,73280,,,,0.0,
صور,62111,,,,0.1409823804210585,
صويري,52264,,,,0.0,
صيدا,61115,,,,0.0303704019689774,
صيدا الدكرمان,61119,,,,0.0620764944109867,
صيدون,63271,,,,0.0056127708580051,
صيفي,10510,,,,0.0757368048302686,
صّباح,63134,,,,0.0132313494324884,
ضهر ابي ياغي,34211,,,,0.0,
ضهر الاحمر,55124,,,,0.0078305946791862,
ضهر ليسينه,35155,,,,0.0,
طاريا,53435,,,,0.0,
طبرجا,25151,,,,0.0341024568423542,
طفيل,53475,,,,0.0151085884052597,
طلوسة,73244,,,,0.0,
طليا,53439,,,,0.0,
طنبوريت,61383,,,,0.0126214575569367,
طورا,62261,,,,0.0,
طورزيا,26215,,,,0.027037423179018,
طيبة بعلبك,53139,,,,0.0,
طيبة مرجعيون,73232,,,,0.0,
طير حرفا,62295,,,,0.0,
طير دبّه,62253,,,,0.0,
طير فلسيه,62271,,,,0.0,
طيري,72254,,,,0.0,
ظهيرة ,62341,,,,0.0,
عاريا,21371,,,,0.0265054612938986,
عازور,63184,,,,0.0306039038142102,
عاقورة,26371,,,,0.0,
عاليه,24311,,,,0.0452114966489274,
عانا,52161,,,,0.0,
عبادية,21341,,,,0.2382763190365713,
عباسية ,62276,,,,0.0,
عبرا ,61244,,,,0.1341889902971462,
عبيدات,26256,,,,0.0031776414118995,
عبيه,24375,,,,0.0640832455047675,
عجلتون,25211,,,,0.0193665161570284,
عدبل,35117,,,,0.0122967554516896,
عدشيت الشقيف,71347,,,,0.0,
عدلون,61434,,,,0.0007985722038673,
عديسة مرجعيون,73211,,,,0.0,
عدّوسية,61466,,,,0.0488015369310706,
عربانية,21381,,,,0.0,
عربة قزحيا,33227,,,,0.0,
عرجس,33161,,,,0.0033874853801169,
عرسال,53231,,,,0.0002043432430061,
عرقا,35141,,,,0.0003994087583417,
عرمتى,63311,,,,0.0,
عرمون,24211,,,,0.0201846533437142,
عرمون كسروان,25327,,,,0.0,
عشاش,33267,,,,0.0,
عشقوت,25423,,,,0.0148952814602646,
عقبة راشيّا,55114,,,,0.0049327791968671,
عقتنيت,61477,,,,0.1370634432197366,
عقيبة,25171,,,,0.0084924858748983,
عكار العتيقة,35191,,,,0.0004256729656117,
علما,33133,,,,0.0541349535525957,
علما الشعب,62316,,,,0.0,
علمات الشمالية,26212,,,,0.2128656606819683,
علمانة,73293,,,,0.0,
علي النهري,51323,,,,0.0,
عمار البيكات,35449,,,,0.0097125577001499,
عماره,35265,,,,0.0,
عمروسية الشويفات,24111,,,,0.0121093553983535,
عمشيت,26141,,,,0.0061458939828235,
عميق,52176,,,,0.1284490773183133,
عندقت,35498,,,,0.0018563246888897,
عنقون,61489,,,,0.0183001720535084,
عيات,35185,,,,0.000672839667085,
عيتا الجبل الزط,72224,,,,0.0,
عيتا الشعب,72183,,,,0.0,
عيتا الفخار,55194,,,,0.0058676809404005,
عيتات,24329,,,,0.0526093504047702,
عيترون,72151,,,,0.0,
عيتنيت,52121,,,,0.0360548744574993,
عيتيت,62217,,,,0.0,
عيحا,55117,,,,0.0018045113242419,
عيشية,63355,,,,0.0732136688397346,
عين ابل,72143,,,,0.0027282359566769,
عين ابو عبدالله,62291,,,,0.0,
عين البنية,53465,,,,0.0,
عين التينة بقاع الغربي,52116,,,,0.0,
عين الجديدة,24325,,,,0.7198859884963975,
عين الحلزون,24431,,,,0.0,
عين الدلب,61277,,,,0.0797074688999315,
عين الدلبة,25463,,,,0.0,
عين الدلبة جبيل,26221,,,,0.3443281295100302,
عين الرمانة,24317,,,,0.5638399423410348,
عين الريحان,25251,,,,0.0010844339103583,
عين الزيت,35427,,,,0.003676916986478,
عين الغويبة,26317,,,,5.228811375383325,
عين المريسه,10110,,,,4.177013803960353,
عين تراز,24361,,,,0.0,
عين تنتا,35435,,,,0.0013860787659799,
عين جرفا,74114,,,,0.0002809986216559,
عين جرين,26227,,,,0.110604781997187,
عين داره,24477,,,,0.0639703926162797,
عين درافيل,24219,,,,0.0,
عين زبدة,52146,,,,0.0322260765084833,
عين عرب,55167,,,,0.0160786835578408,
عين عرب مرجعيون,73162,,,,0.0,
عين عطا,55171,,,,0.0037263218341499,
عين عنوب,24259,,,,0.0508404394229715,
عين قنيا,74126,,,,0.0035892146989328,
عين كسور,24371,,,,0.1670205805974781,
عين كفاع,26289,,,,0.0,
عين كفر زبد,51377,,,,0.2283032046608102,
عين موفق,21314,,,,1.2858524659863946,
عين يعقوب,35187,,,,0.0016154379609967,
عيناب,24351,,,,0.7525047240092757,
عيناتا,53377,,,,0.0,
عيناتا بنت جبيل,72119,,,,0.0,
عينطورة,25271,,,,0.0,
عينطورين,33219,,,,0.0,
عيون الغزلان,35347,,,,0.0,
غابات,26337,,,,0.0,
غازية,61311,,,,0.0150231154349713,
غبالة ,25363,,,,0.0027168622088944,
غبَاطية,63141,,,,0.6262076496910294,
غدراس,25331,,,,0.0,
غرزوز,26294,,,,0.0044758549678374,
غرفين,26291,,,,0.0015367476782614,
غزة,52227,,,,0.000596865836447,
غزير,25311,,,,0.0780260210545002,
غسانية,61447,,,,0.0,
غلبون,26277,,,,0.009274530111486,
غندورية بنت جبيل,72274,,,,0.0,
غوسطا,25319,,,,0.003360817719097,
غينة,25343,,,,0.0045150772947398,
فاريا,25475,,,,0.0695745526049217,
فاكهة,53214,,,,0.0453749640656055,
فالوغا,21446,,,,0.2094977934845472,
فتري,26266,,,,0.0364280054249764,
فتقا,25313,,,,0.0155051994357656,
فرات,26223,,,,0.1146342834654522,
فرحت,26217,,,,0.2060928620928621,
فرزل ,51139,,,,0.0,
فرون,72276,,,,0.0,
فريديس,35412,,,,0.0,
فريديس الشوف,23467,,,,0.0689312062559839,
فغال,26298,,,,0.0071388422484598,
فيطرون,25427,,,,0.0389478152136645,
قاع الريم,51173,,,,0.0048777181360657,
قانا,62229,,,,0.0007233547997371,
قب الياس,51234,,,,0.0286497683644701,
قبة الشويفات,24133,,,,0.3193823383234956,
قبريخا,73262,,,,0.0,
قبعيت,35325,,,,0.0015854432981101,
قبولا,35179,,,,0.0,
قبيع,21357,,,,0.174238958242889,
قتالة,21331,,,,0.0,
قتالة جزين,63291,,,,0.0691823411114068,
قرحا,53277,,,,0.0057587283077633,
قرطادة,21361,,,,0.0,
قرطبا,26311,,,,0.009110419013491,
قرقريا,26351,,,,0.0155190024534823,
قرنايل,21456,,,,0.0367783059249698,
قره باش,33119,,,,0.0,
قرية,21344,,,,0.0394923408590963,
قرية صيدا,61255,,,,0.1114681683610841,
قشلق,35453,,,,0.0,
قصرنابا,53413,,,,0.0,
قصيبة,21364,,,,0.0,
قطارة,26251,,,,0.0,
قطراني,63327,,,,0.0,
قعقعية الصنوبر,61451,,,,0.0,
قلود الباقية,35317,,,,0.0,
قلويه,72261,,,,0.0,
قليعة,73151,,,,0.0203795358135754,
قليلة,62287,,,,0.0,
قناريت,61347,,,,0.0028748083103531,
قنطرة,73276,,,,0.0,
قهمز,26367,,,,0.0,
قوزح,72291,,,,0.0,
قوسايا,51353,,,,0.0,
قيتولي,63121,,,,0.0915609834897852,
كامد اللوز,52217,,,,0.0017586369672321,
كحلونية الشوف,23643,,,,0.0153451727679355,
كرخا,63244,,,,0.0610637093646883,
كرم سده,33169,,,,0.0029367909900408,
كرم عصفور,35133,,,,0.0,
كروم العرب,35119,,,,0.0131255575869385,
كفر,26273,,,,0.0,
كفر الفتوح,35423,,,,0.0,
كفر حورا,33143,,,,0.0,
كفر دان,53179,,,,0.0,
كفر دبش,53427,,,,0.0,
كفر دبيان,25439,,,,0.0037748103867584,
كفر دنيس,55137,,,,0.0015040293487966,
كفر دونين,72247,,,,0.0,
كفر زبد,51389,,,,0.0750467000862535,
كفر زينا,33145,,,,0.0016842054460962,
كفر شخنا,33147,,,,0.0,
كفر شلال,61494,,,,0.0,
كفر شوبا,74160,,,,0.0,
كفر صغاب,33223,,,,0.0,
كفر فو,33165,,,,0.0037285778742405,
كفر كده,26189,,,,0.0,
كفر مسحون,26287,,,,0.0,
كفر مشكي,55154,,,,0.0420076030563733,
كفر ياسين,25146,,,,0.0138233141756605,
كفر ياشيت,33153,,,,0.0078142765592376,
كفرا بنت جبيل,72257,,,,0.0,
كفربيت,61491,,,,0.0,
كفرتيه ,22799,,,,0.0,
كفرجرا,63267,,,,0.2447649021087328,
كفرحاتا,32155,,,,0.0,
كفرحتى,61493,,,,0.0250842678891555,
كفرحون,63167,,,,0.0205297789193361,
كفرسلوان,21476,,,,0.1097867812962447,
كفرشيما,21251,,,,0.0430263791931603,
كفرفالوس,63211,,,,0.0637032655252116,
كفرقوق,55134,,,,0.0,
كفركيلا,73228,,,,0.0,
كفرمتى,24377,,,,0.1519140671311366,
كفرملكي,35234,,,,0.0,
كفرنون,35406,,,,0.0,
كفريا,61222,,,,0.0438536935407653,
كفريا بقاع الغربي,52156,,,,0.0175725203544717,
كفريا زغرتا,33283,,,,0.0,
كفون,26267,,,,0.0,
كفير الزيت,74175,,,,0.0793633121655311,
كنيسة,53322,,,,0.0107653239678609,
كنيسة بعبدا,21377,,,,0.0,
كنيسة صور,62267,,,,0.0,
كوثرية السياد,61454,,,,0.000128856554004,
كوكبا ,55144,,,,0.2576796163902965,
كوكبا حاصبيّا,74133,,,,0.0208794099849097,
كونين,72251,,,,0.0,
كيفون,24337,,,,0.5252862517518794,
لاسا,26331,,,,2.4668827104608884,
لالا,52214,,,,0.0001340821811423,
لبايا,52274,,,,0.0,
لبعا,63227,,,,0.0649891183401755,
لبوة,53234,,,,0.0,
لحفد,26233,,,,0.00158426774112,
لوبية,61439,,,,0.0033201779560736,
لوسيا,52141,,,,0.0,
لويزة,21243,,,,0.2565014721397509,
ليلكي,21166,,,,0.0,
مار الياس زحلة,51135,,,,0.0,
مار توما,35167,,,,0.0001510954484718,
مارون الراس,72127,,,,0.0,
ماري,74158,,,,0.0,
مجدل بلهيص,55174,,,,0.0065990126722669,
مجدل زون,62297,,,,0.0,
مجدل سلم,73279,,,,0.0,
مجدل عنجر,51284,,,,0.0022197434795667,
مجدلا,35354,,,,0.0014645848890711,
مجدلون,53147,,,,0.0,
مجدليا,24349,,,,0.0532812920375815,
مجدليا زغرتا,33129,,,,0.0067137023367451,
مجدليون,61233,,,,0.416354779750288,
مجيدل,63254,,,,0.1036685889600132,
مجيدية حاصبيا,74177,,,,0.0,
محاربية,63231,,,,0.5402636534839923,
محيبيب,73248,,,,0.0,
محيدثه ,55141,,,,0.0,
مدوخا,55181,,,,0.0015758657419625,
مدور,10610,,,,0.308685128605991,
مراح الحباس,63217,,,,0.0198281720414687,
مرادية,25367,,,,0.0,
مرداشة,21235,,,,0.0,
مرفأ,10450,,,,1.6258233837573584,
مركبا,73245,,,,0.0,
مروانية,61463,,,,0.0034999847475851,
مروحين,62311,,,,0.0,
مرياطا,33271,,,,0.0010440722422,
مريجات,51241,,,,0.1943643809053947,
مزرعة  سردة,73175,,,,0.0,
مزرعة التفاح,33235,,,,0.01158086682123,
مزرعة الزلوطية,62351,,,,0.0,
مزرعة السياد,26321,,,,0.0515566917840174,
مزرعة المشرف,62215,,,,0.0,
مزرعة المطحنة,63297,,,,0.0,
مزرعة بني صعب,36134,,,,0.0,
مزرعة بيت مشيك,53457,,,,0.0,
مزرعة سلساتا,55191,,,,0.0,
مزيارة,33251,,,,0.0132323619678142,
مسا,51371,,,,0.0,
مشان,26231,,,,0.1801077717179582,
مشتى حمود,35437,,,,0.0001009361538486,
مشحة,35137,,,,2.721526228263352e-05,
مشغرة,52111,,,,0.0,
مشمش,35351,,,,0.0001527042087965,
مشمش جبيل,26218,,,,0.0016027694003034,
مشموشة,63157,,,,0.0,
مشيلحة الحاكور,35131,,,,0.0284149467067919,
مصيطبة,10210,,,,0.5858395587829468,
معاد,26293,,,,0.0,
معراب,25321,,,,0.0,
معربون,53461,,,,0.0096320125712278,
معركة,62231,,,,0.0,
معروب,62234,,,,0.0,
معمارية,61476,,,,0.0674137237901955,
مغدوشة,61323,,,,0.0642949087144768,
مغيره,26341,,,,0.0695746688808905,
مقنة,53155,,,,0.0,
مكسة,51217,,,,0.0614786123924428,
مكنونية ,63147,,,,0.0156778147812871,
مليخ,63315,,,,4.922749849639592,
ممنع,35371,,,,0.0,
منجز,35414,,,,0.0,
منصورية,22411,,,,0.0529981387284307,
منيارة,35129,,,,0.0069449884227586,
مية ومية,61183,,,,0.0099104704274837,
ميدان ,63161,,,,0.0,
ميدون,52287,,,,0.0,
ميروبا,25459,,,,0.0149633084113981,
ميس الجبل,73250,,,,0.0,
ميفوق,26257,,,,0.0,
ميمس,74128,,,,0.0265758223589159,
مينا الحصن,10250,,,,0.0,
مينا طرابلس 1,31171,,,,0.0047062149193519,
مينا طرابلس 2,31176,,,,0.0004353217193074,
نابيه,22443,,,,0.0047879675894362,
ناصرية  زحلة,51287,,,,0.0,
نبحا,53271,,,,0.0064383402193216,
نبي ايلا,51151,,,,0.0001992354146641,
نبي شيت,53445,,,,0.0,
نبي عثمان,53224,,,,0.0046176744698029,
نجارية,61464,,,,0.0843126482199544,
نحله ,53143,,,,0.0034646731333312,
نفاخية,62233,,,,0.0,
نمورة,25341,,,,0.0015747451841443,
نهر ابراهيم,26171,,,,0.0058144772274222,
نيحا,23625,,,,0.011120141134473,
هابيل,26234,,,,0.0,
هبّارية,74122,,,,0.0085926126530835,
هرمل,54111,,,,0.0039328245184413,
هرهريا,25333,,,,0.0,
هلالية,21324,,,,0.0217252506469016,
هلالية صيدا,61147,,,,0.1250388179453585,
هيتلا,35463,,,,0.0,
وادي الجاموس,35364,,,,0.0001768972626114,
وادي الحور,35455,,,,0.000317178753005,
وادي الدلم,51257,,,,0.0,
وادي العرايش,51189,,,,0.0,
وادي بعنقودين,63251,,,,0.0948990038336431,
وادي جزين,63114,,,,0.011720454462183,
وادي جيلو,62218,,,,0.0,
وادي شحرور السفلى,21259,,,,0.0353552699640524,
وادي شحرور العليا,21267,,,,0.0220094696463061,
وطى الجوز,25455,,,,0.0,
يارون,72159,,,,0.0,
يارين,62308,,,,0.0,
ياطر,72277,,,,0.0,
يانوح,26347,,,,0.0,
يانوح صور,62219,,,,0.0,
يحشوش,25373,,,,0.0026297113273066,
يحفوفا,53449,,,,0.0,
يحمر,71394,,,,0.0,
يمونة,53388,,,,0.0,
ينطا,55184,,,,4.599424319779171e-06,
يونين,53284,,,,0.0,
