{
"type": "FeatureCollection",
"name": "IDPs_Inside_CS_03_09_26",
"crs": { "type": "name", "properties": { "name": "urn:ogc:def:crs:OGC:1.3:CRS84" } },
"features": [
{"type":"Feature","properties":{"objectid":6,"globalid":"5dedbfa1-a265-4da2-85db-f24ecb32a90f","shelter_name":"مدرسة جون المختلطة المتوسطة الرسمية","governorate_name":"Mount Lebanon","district_name":"Chouf","villages":"Joun","lat_calc":33.583778,"long_calc":35.459014,"loc_calc":"33.583778 35.459014","structure_type":"School","structure_type_other":null,"cerd_number":353,"ministry_name":"جون المختلطة المتوسطة الرسمية","ACS":23336,"P_Code":"23336_001","focal":"مريم ابراهيم صالح ","nb":3503082,"mosa_focal":"ندى ابو ضاهر","mosa_focal_phone":71748560,"mehe_focal":"مريم ابراهيم صالح ","mehe_focalnb":"3503082","type_private_public":"public","other_specifyy":null,"status":"full","notes":null,"sourcee":"ministry","displaced_cas_code":23336,"phases":null,"nb_idps":120,"nb_families":25,"capacity":173,"male":87,"female":86,"age_0_1":2,"ages_1_3":5,"age_3_5":2,"age_6_12":12,"age_13_18":13,"age_19_57":46,"age_58_above":8,"disabilities_pregnant":null,"pregnant_women":1,"heating_disability":null,"visual_disability":0,"physical_disability":0,"interllectual_disability":null,"CreationDate":"2026-03-04T12:04:10","Creator":"Ramez.Hassan.961","EditDate":"2026-08-06T07:07:52","Editor":"EOR.CHOUF","lactating_women":2,"hearing_disability":0,"mental_disability":0,"DONT_ADD":"true","old_global_id":null,"floorsnum":2,"totalrooms":24,"occ_rooms":24,"free_spaces":0,"free_rooms":0,"kitchen_found":"true","kitchen_found2":"true","type_meal":"hot_cold_meal","toilets_male":11,"toilets_female":5,"toilets_not_used_male":4,"toilets_not_used_female":5,"water_source":"الدولة","elec_source":"دولة-طاقة شمسية","bathtub_male":4,"bathtub_female":4,"generator":"true","generator_kva":24,"water_tank":10,"water_tank_capacity":10000,"water_heater":4,"ac":0,"firedistinguisher":4,"first_aid":"false","wheelchair":0,"beds":0,"fridges":0,"washingmachines":1,"kitchen":"true","kids_area":1,"water_available":"false","need_water":100,"who_water":null,"how_water":null,"LAF_Focal":null,"LAF_shelter_name":null,"LAF_Phone_nb":null,"kg1_public_f":null,"kg1_public_e":null,"kg1_private":null,"kg2_public_f":null,"kg2_public_e":null,"kg2_private":null,"kg3_public_f":null,"kg3_public_e":null,"kg3_private":null,"gr1_public_f":null,"gr1_public_e":null,"gr1_private":null,"gr2_public_f":null,"gr2_public_e":null,"gr2_private":null,"gr3_public_f":null,"gr3_public_e":null,"gr3_private":null,"gr4_public_f":null,"gr4_public_e":null,"gr4_private":null,"gr5_public_f":null,"gr5_public_e":null,"gr5_private":null,"gr6_public_f":null,"gr6_public_e":null,"gr6_private":null,"gr7_public_f":null,"gr7_public_e":null,"gr7_private":null,"gr8_public_f":null,"gr8_public_e":null,"gr8_private":null,"gr9_public_f":null,"gr9_public_e":null,"gr9_private":null,"gr10_public_f":null,"gr10_public_e":null,"gr10_private":null,"gr11s_public_f":null,"gr11s_public_e":null,"gr11s_private":null,"gr11e_public_f":null,"gr11e_public_e":null,"gr11e_private":null,"gr12sg_public_f":null,"gr12sg_public_e":null,"gr12sg_private":null,"gr12se_public_f":null,"gr12se_public_e":null,"gr12se_private":null,"gr12lh_public_f":null,"gr12lh_public_e":null,"gr12lh_private":null,"gr12sv_public_f":null,"gr12sv_public_e":null,"gr12sv_private":null,"tvet_public":null,"tvet_private":null,"uni":null,"syrians":null,"oosc":null,"teachers":null,"bath_hygiene":null,"playground":null,"corridor":null,"rooms_hygiene":null,"Is_waste_collected":null,"Collection_frequency":null,"construction":null,"yes_construction":null,"unified_authority":null,"documentation":null,"check_all":null,"Comments":null,"comments2":null,"age0_6_months":1,"age6_12_months":0,"f_age0_6_months":0,"f_age6_12_months":0,"f_ages_1_3":2,"f_age_3_5":1,"f_age_6_12":16,"f_age_13_18":17,"f_age_19_57":42,"f_age_58_above":8,"Female_Headed_Households":null,"lost_kids":null,"chronic_disease":null,"diesel_fuel_tank":null,"count_tanks":null,"capacity_tank":null,"need_bin":null,"need_bin_240":null,"need_bin_1100":null,"status_2026":"used","gov_cad":"Mount Lebanon","district_cad":"Chouf","cad_name":"Joun","x":35.4689138,"y":33.5791519},"geometry":{"type":"Point","coordinates":[35.4689138,33.5791519]}},
{"type":"Feature","properties":{"objectid":9,"globalid":"e3fd71af-46b6-4256-a41f-93495c750e0f","shelter_name":"ثانوية الرئيس الشهيد رفيق الحريري دوحة الشويفات الرسمية المختلطة","governorate_name":"Mount Lebanon","district_name":"Aley","villages":"Qoubbe Choueifat","lat_calc":33.802889,"long_calc":35.508336,"loc_calc":"33.802889 35.508336","structure_type":"School","structure_type_other":null,"cerd_number":1574,"ministry_name":"ثانوية الرئيس الشهيد رفيق الحريري دوحة الشويفات الرسمية المختلطة","ACS":24133,"P_Code":"24133_003","focal":"سوزان درويش","nb":3644918,"mosa_focal":"Alia abou daya","mosa_focal_phone":3797942,"mehe_focal":"سوزان درويش","mehe_focalnb":"3644918","type_private_public":"public","other_specifyy":null,"status":"open","notes":"1 floor was closed for learning purposes","sourcee":"ministry","displaced_cas_code":24133,"phases":null,"nb_idps":30,"nb_families":8,"capacity":314,"male":156,"female":158,"age_0_1":8,"ages_1_3":3,"age_3_5":7,"age_6_12":30,"age_13_18":24,"age_19_57":79,"age_58_above":12,"disabilities_pregnant":null,"pregnant_women":4,"heating_disability":null,"visual_disability":1,"physical_disability":3,"interllectual_disability":null,"CreationDate":"2026-03-04T12:04:10","Creator":"Ramez.Hassan.961","EditDate":"2026-08-04T07:03:12","Editor":"EOR.ALEY","lactating_women":4,"hearing_disability":5,"mental_disability":1,"DONT_ADD":"true","old_global_id":null,"floorsnum":4,"totalrooms":44,"occ_rooms":26,"free_spaces":0,"free_rooms":1,"kitchen_found":"false","kitchen_found2":null,"type_meal":null,"toilets_male":8,"toilets_female":8,"toilets_not_used_male":0,"toilets_not_used_female":0,"water_source":"صهريج مياه - بير","elec_source":"دولة - مولد خاص","bathtub_male":2,"bathtub_female":2,"generator":"true","generator_kva":120,"water_tank":7,"water_tank_capacity":14000,"water_heater":2,"ac":0,"firedistinguisher":3,"first_aid":"false","wheelchair":0,"beds":0,"fridges":0,"washingmachines":2,"kitchen":"false","kids_area":100,"water_available":"true","need_water":4000,"who_water":"World visison","how_water":"صهريج مياه","LAF_Focal":null,"LAF_shelter_name":null,"LAF_Phone_nb":null,"kg1_public_f":null,"kg1_public_e":null,"kg1_private":null,"kg2_public_f":null,"kg2_public_e":3,"kg2_private":2,"kg3_public_f":null,"kg3_public_e":1,"kg3_private":1,"gr1_public_f":null,"gr1_public_e":5,"gr1_private":3,"gr2_public_f":null,"gr2_public_e":3,"gr2_private":3,"gr3_public_f":null,"gr3_public_e":2,"gr3_private":3,"gr4_public_f":null,"gr4_public_e":6,"gr4_private":7,"gr5_public_f":null,"gr5_public_e":5,"gr5_private":1,"gr6_public_f":1,"gr6_public_e":4,"gr6_private":3,"gr7_public_f":1,"gr7_public_e":2,"gr7_private":1,"gr8_public_f":null,"gr8_public_e":2,"gr8_private":4,"gr9_public_f":null,"gr9_public_e":2,"gr9_private":2,"gr10_public_f":null,"gr10_public_e":2,"gr10_private":1,"gr11s_public_f":null,"gr11s_public_e":null,"gr11s_private":null,"gr11e_public_f":null,"gr11e_public_e":null,"gr11e_private":null,"gr12sg_public_f":1,"gr12sg_public_e":1,"gr12sg_private":null,"gr12se_public_f":1,"gr12se_public_e":1,"gr12se_private":null,"gr12lh_public_f":null,"gr12lh_public_e":null,"gr12lh_private":null,"gr12sv_public_f":null,"gr12sv_public_e":null,"gr12sv_private":null,"tvet_public":1,"tvet_private":4,"uni":5,"syrians":0,"oosc":null,"teachers":null,"bath_hygiene":"fair","playground":"good","corridor":"fair","rooms_hygiene":"good","Is_waste_collected":"true","Collection_frequency":"daily","construction":"false","yes_construction":null,"unified_authority":"true","documentation":"true","check_all":"true","Comments":null,"comments2":null,"age0_6_months":0,"age6_12_months":1,"f_age0_6_months":2,"f_age6_12_months":2,"f_ages_1_3":5,"f_age_3_5":5,"f_age_6_12":23,"f_age_13_18":23,"f_age_19_57":85,"f_age_58_above":13,"Female_Headed_Households":null,"lost_kids":null,"chronic_disease":null,"diesel_fuel_tank":"true","count_tanks":1,"capacity_tank":2000,"need_bin":null,"need_bin_240":null,"need_bin_1100":null,"status_2026":"used","gov_cad":"Mount Lebanon","district_cad":"Aley","cad_name":"Chouaifat Qobbat","x":35.48701,"y":33.79271333},"geometry":{"type":"Point","coordinates":[35.48701,33.79271333]}},
{"type":"Feature","properties":{"objectid":10,"globalid":"78714f92-7043-4467-9acc-20f3804296c1","shelter_name":"مجمع الرئيس بري بئر حسن","governorate_name":"Mount Lebanon","district_name":"Baabda","villages":"Bir Hassan","lat_calc":33.860953,"long_calc":35.490887,"loc_calc":"33.860953 35.490887","structure_type":"Institute","structure_type_other":null,"cerd_number":null,"ministry_name":"مجمع الرئيس نبيه بري","ACS":21111,"P_Code":"21111_001","focal":"وسام الحج","nb":76867505,"mosa_focal":"ناديا كريم عون","mosa_focal_phone":70860271,"mehe_focal":null,"mehe_focalnb":null,"type_private_public":"public","other_specifyy":null,"status":"full","notes":null,"sourcee":"ministry","displaced_cas_code":21111,"phases":null,"nb_idps":430,"nb_families":120,"capacity":2930,"male":176,"female":254,"age_0_1":82,"ages_1_3":9,"age_3_5":10,"age_6_12":16,"age_13_18":17,"age_19_57":68,"age_58_above":21,"disabilities_pregnant":null,"pregnant_women":18,"heating_disability":null,"visual_disability":2,"physical_disability":20,"interllectual_disability":null,"CreationDate":"2026-03-04T12:04:10","Creator":"Ramez.Hassan.961","EditDate":"2026-09-01T08:20:31","Editor":"EOR.BAABDA","lactating_women":18,"hearing_disability":1,"mental_disability":4,"DONT_ADD":"true","old_global_id":null,"floorsnum":null,"totalrooms":null,"occ_rooms":null,"free_spaces":null,"free_rooms":null,"kitchen_found":"true","kitchen_found2":"true","type_meal":"hot_cold_meal","toilets_male":11,"toilets_female":11,"toilets_not_used_male":0,"toilets_not_used_female":0,"water_source":"دولة و بلدية","elec_source":"طاقة شمسية - مولد كهربائي ","bathtub_male":11,"bathtub_female":11,"generator":"true","generator_kva":400,"water_tank":0,"water_tank_capacity":0,"water_heater":10,"ac":null,"firedistinguisher":null,"first_aid":"false","wheelchair":null,"beds":null,"fridges":null,"washingmachines":null,"kitchen":null,"kids_area":null,"water_available":"false","need_water":300,"who_water":null,"how_water":null,"LAF_Focal":null,"LAF_shelter_name":null,"LAF_Phone_nb":null,"kg1_public_f":0,"kg1_public_e":9,"kg1_private":null,"kg2_public_f":0,"kg2_public_e":17,"kg2_private":null,"kg3_public_f":0,"kg3_public_e":13,"kg3_private":null,"gr1_public_f":0,"gr1_public_e":26,"gr1_private":null,"gr2_public_f":0,"gr2_public_e":25,"gr2_private":null,"gr3_public_f":0,"gr3_public_e":32,"gr3_private":null,"gr4_public_f":2,"gr4_public_e":29,"gr4_private":null,"gr5_public_f":1,"gr5_public_e":23,"gr5_private":null,"gr6_public_f":2,"gr6_public_e":20,"gr6_private":null,"gr7_public_f":3,"gr7_public_e":23,"gr7_private":null,"gr8_public_f":1,"gr8_public_e":14,"gr8_private":null,"gr9_public_f":1,"gr9_public_e":21,"gr9_private":null,"gr10_public_f":0,"gr10_public_e":13,"gr10_private":null,"gr11s_public_f":0,"gr11s_public_e":1,"gr11s_private":null,"gr11e_public_f":0,"gr11e_public_e":1,"gr11e_private":null,"gr12sg_public_f":0,"gr12sg_public_e":1,"gr12sg_private":null,"gr12se_public_f":0,"gr12se_public_e":0,"gr12se_private":null,"gr12lh_public_f":"false","gr12lh_public_e":1,"gr12lh_private":null,"gr12sv_public_f":0,"gr12sv_public_e":1,"gr12sv_private":null,"tvet_public":null,"tvet_private":null,"uni":31,"syrians":null,"oosc":null,"teachers":null,"bath_hygiene":"fair","playground":"bad","corridor":"fair","rooms_hygiene":"good","Is_waste_collected":"true","Collection_frequency":"weekly","construction":"false","yes_construction":null,"unified_authority":null,"documentation":null,"check_all":null,"Comments":"true","comments2":"الخيام, العديسة, مركبة, القصيبة, النبطية","age0_6_months":17,"age6_12_months":18,"f_age0_6_months":6,"f_age6_12_months":5,"f_ages_1_3":13,"f_age_3_5":15,"f_age_6_12":28,"f_age_13_18":22,"f_age_19_57":115,"f_age_58_above":50,"Female_Headed_Households":null,"lost_kids":null,"chronic_disease":null,"diesel_fuel_tank":"true","count_tanks":4,"capacity_tank":12000,"need_bin":null,"need_bin_240":null,"need_bin_1100":null,"status_2026":"used","gov_cad":"Mount Lebanon","district_cad":"Baabda","cad_name":"Chiah","x":35.49195806,"y":33.86746906},"geometry":{"type":"Point","coordinates":[35.49195806,33.86746906]}},
{"type":"Feature","properties":{"objectid":16,"globalid":"d8d417de-3dac-4727-971d-6a019b70d594","shelter_name":"متوسطة صور الرسمية الاولى","governorate_name":"South","district_name":"Sour","villages":"Sour","lat_calc":33.274117,"long_calc":35.192517,"loc_calc":"33.274117 35.192517","structure_type":"School","structure_type_other":null,"cerd_number":1222,"ministry_name":"صور الاولى المتوسطة الرسمية","ACS":62111,"P_Code":"62111_005","focal":"ابراهيم خير الله ","nb":3873527,"mosa_focal":"ثريا عزالدين","mosa_focal_phone":76130303,"mehe_focal":"ايمان محمد جمعه ","mehe_focalnb":"71174453","type_private_public":"public","other_specifyy":null,"status":"full","notes":null,"sourcee":"ministry","displaced_cas_code":62111,"phases":2,"nb_idps":101,"nb_families":22,"capacity":101,"male":58,"female":43,"age_0_1":5,"ages_1_3":1,"age_3_5":0,"age_6_12":9,"age_13_18":11,"age_19_57":30,"age_58_above":7,"disabilities_pregnant":null,"pregnant_women":1,"heating_disability":null,"visual_disability":0,"physical_disability":2,"interllectual_disability":null,"CreationDate":"2026-03-04T12:04:10","Creator":"Ramez.Hassan.961","EditDate":"2026-08-20T13:36:46","Editor":"EOR.TYRE","lactating_women":0,"hearing_disability":0,"mental_disability":0,"DONT_ADD":"true","old_global_id":null,"floorsnum":2,"totalrooms":12,"occ_rooms":12,"free_spaces":0,"free_rooms":0,"kitchen_found":"false","kitchen_found2":null,"type_meal":null,"toilets_male":4,"toilets_female":3,"toilets_not_used_male":4,"toilets_not_used_female":3,"water_source":"الشبكة العامة","elec_source":"مولد","bathtub_male":0,"bathtub_female":0,"generator":"true","generator_kva":100,"water_tank":2,"water_tank_capacity":30000,"water_heater":0,"ac":0,"firedistinguisher":14,"first_aid":"true","wheelchair":0,"beds":1,"fridges":0,"washingmachines":0,"kitchen":"false","kids_area":100,"water_available":"true","need_water":150,"who_water":"مؤسسة مياه لبنان","how_water":"الشبكة العامة","LAF_Focal":null,"LAF_shelter_name":null,"LAF_Phone_nb":null,"kg1_public_f":0,"kg1_public_e":2,"kg1_private":1,"kg2_public_f":0,"kg2_public_e":0,"kg2_private":0,"kg3_public_f":0,"kg3_public_e":1,"kg3_private":0,"gr1_public_f":0,"gr1_public_e":4,"gr1_private":0,"gr2_public_f":0,"gr2_public_e":2,"gr2_private":0,"gr3_public_f":0,"gr3_public_e":1,"gr3_private":0,"gr4_public_f":0,"gr4_public_e":9,"gr4_private":4,"gr5_public_f":0,"gr5_public_e":1,"gr5_private":0,"gr6_public_f":0,"gr6_public_e":1,"gr6_private":1,"gr7_public_f":0,"gr7_public_e":2,"gr7_private":1,"gr8_public_f":0,"gr8_public_e":0,"gr8_private":0,"gr9_public_f":0,"gr9_public_e":0,"gr9_private":0,"gr10_public_f":0,"gr10_public_e":0,"gr10_private":0,"gr11s_public_f":0,"gr11s_public_e":0,"gr11s_private":0,"gr11e_public_f":0,"gr11e_public_e":0,"gr11e_private":0,"gr12sg_public_f":0,"gr12sg_public_e":0,"gr12sg_private":0,"gr12se_public_f":0,"gr12se_public_e":0,"gr12se_private":0,"gr12lh_public_f":"false","gr12lh_public_e":0,"gr12lh_private":"false","gr12sv_public_f":0,"gr12sv_public_e":0,"gr12sv_private":0,"tvet_public":0,"tvet_private":3,"uni":1,"syrians":4,"oosc":2,"teachers":0,"bath_hygiene":"good","playground":"good","corridor":"good","rooms_hygiene":null,"Is_waste_collected":"true","Collection_frequency":"daily","construction":"false","yes_construction":null,"unified_authority":"true","documentation":"false","check_all":"false","Comments":"true","comments2":null,"age0_6_months":0,"age6_12_months":0,"f_age0_6_months":1,"f_age6_12_months":1,"f_ages_1_3":0,"f_age_3_5":4,"f_age_6_12":5,"f_age_13_18":3,"f_age_19_57":27,"f_age_58_above":2,"Female_Headed_Households":null,"lost_kids":null,"chronic_disease":null,"diesel_fuel_tank":null,"count_tanks":null,"capacity_tank":null,"need_bin":null,"need_bin_240":null,"need_bin_1100":null,"status_2026":"used","gov_cad":"South","district_cad":"Sour","cad_name":"Sour (Tyr)","x":35.19806226,"y":33.2710299},"geometry":{"type":"Point","coordinates":[35.19806226,33.2710299]}},
{"type":"Feature","properties":{"objectid":18,"globalid":"4e80ede6-f172-4e54-b745-435253a53575","shelter_name":"صيدا اللبنانية الكويتية الرسمية المختلطة","governorate_name":"South","district_name":"Saida","villages":"Saida","lat_calc":33.562603,"long_calc":35.367789,"loc_calc":"33.562603 35.367789","structure_type":"School","structure_type_other":null,"cerd_number":1500,"ministry_name":"1500 - صيدا اللبنانية الكويتية الرسمية","ACS":61111,"P_Code":"61111_001","focal":"جيهان القيسي","nb":3813140,"mosa_focal":"هبة بدير","mosa_focal_phone":71970550,"mehe_focal":"وداد احمد جرادي","mehe_focalnb":"3728695","type_private_public":"public","other_specifyy":null,"status":"open","notes":null,"sourcee":"field","displaced_cas_code":61115,"phases":null,"nb_idps":128,"nb_families":38,"capacity":756,"male":308,"female":352,"age_0_1":15,"ages_1_3":3,"age_3_5":12,"age_6_12":40,"age_13_18":38,"age_19_57":166,"age_58_above":43,"disabilities_pregnant":null,"pregnant_women":5,"heating_disability":null,"visual_disability":0,"physical_disability":5,"interllectual_disability":null,"CreationDate":"2026-03-04T12:04:10","Creator":"Ramez.Hassan.961","EditDate":"2026-09-02T07:36:43","Editor":"EOR.SAIDA","lactating_women":4,"hearing_disability":0,"mental_disability":2,"DONT_ADD":"true","old_global_id":null,"floorsnum":1,"totalrooms":32,"occ_rooms":30,"free_spaces":0,"free_rooms":0,"kitchen_found":"false","kitchen_found2":null,"type_meal":null,"toilets_male":10,"toilets_female":14,"toilets_not_used_male":0,"toilets_not_used_female":0,"water_source":"شركة المياه","elec_source":"كهرباء + مولد + طاقة","bathtub_male":4,"bathtub_female":4,"generator":"true","generator_kva":200,"water_tank":6,"water_tank_capacity":10000,"water_heater":0,"ac":0,"firedistinguisher":20,"first_aid":"true","wheelchair":0,"beds":0,"fridges":0,"washingmachines":0,"kitchen":"false","kids_area":2,"water_available":"true","need_water":10000,"who_water":"شركة المياه","how_water":"فوج اطفاء صيدا","LAF_Focal":null,"LAF_shelter_name":null,"LAF_Phone_nb":null,"kg1_public_f":0,"kg1_public_e":6,"kg1_private":0,"kg2_public_f":0,"kg2_public_e":3,"kg2_private":0,"kg3_public_f":0,"kg3_public_e":7,"kg3_private":0,"gr1_public_f":0,"gr1_public_e":5,"gr1_private":0,"gr2_public_f":0,"gr2_public_e":6,"gr2_private":0,"gr3_public_f":0,"gr3_public_e":4,"gr3_private":0,"gr4_public_f":0,"gr4_public_e":8,"gr4_private":0,"gr5_public_f":0,"gr5_public_e":10,"gr5_private":0,"gr6_public_f":0,"gr6_public_e":7,"gr6_private":0,"gr7_public_f":0,"gr7_public_e":3,"gr7_private":0,"gr8_public_f":1,"gr8_public_e":6,"gr8_private":0,"gr9_public_f":1,"gr9_public_e":6,"gr9_private":0,"gr10_public_f":0,"gr10_public_e":5,"gr10_private":0,"gr11s_public_f":0,"gr11s_public_e":5,"gr11s_private":0,"gr11e_public_f":0,"gr11e_public_e":2,"gr11e_private":0,"gr12sg_public_f":0,"gr12sg_public_e":2,"gr12sg_private":0,"gr12se_public_f":0,"gr12se_public_e":0,"gr12se_private":0,"gr12lh_public_f":"false","gr12lh_public_e":1,"gr12lh_private":"false","gr12sv_public_f":0,"gr12sv_public_e":2,"gr12sv_private":0,"tvet_public":5,"tvet_private":0,"uni":2,"syrians":0,"oosc":0,"teachers":4,"bath_hygiene":"fair","playground":"fair","corridor":"fair","rooms_hygiene":"fair","Is_waste_collected":"true","Collection_frequency":"daily","construction":"false","yes_construction":null,"unified_authority":"true","documentation":"true","check_all":"true","Comments":null,"comments2":"النبطية","age0_6_months":2,"age6_12_months":4,"f_age0_6_months":3,"f_age6_12_months":3,"f_ages_1_3":5,"f_age_3_5":15,"f_age_6_12":48,"f_age_13_18":35,"f_age_19_57":189,"f_age_58_above":54,"Female_Headed_Households":15,"lost_kids":2,"chronic_disease":10,"diesel_fuel_tank":null,"count_tanks":null,"capacity_tank":null,"need_bin":null,"need_bin_240":null,"need_bin_1100":null,"status_2026":"used","gov_cad":"South","district_cad":"Saida","cad_name":"Saïda Wastani","x":35.37822338,"y":33.56788315},"geometry":{"type":"Point","coordinates":[35.37822338,33.56788315]}},
{"type":"Feature","properties":{"objectid":null,"globalid":null,"shelter_name":null,"governorate_name":null,"district_name":null,"villages":null,"lat_calc":null,"long_calc":null,"loc_calc":null,"structure_type":null,"structure_type_other":null,"cerd_number":null,"ministry_name":null,"ACS":null,"P_Code":null,"focal":null,"nb":null,"mosa_focal":null,"mosa_focal_phone":null,"mehe_focal":null,"mehe_focalnb":null,"type_private_public":null,"other_specifyy":null,"status":null,"notes":null,"sourcee":null,"displaced_cas_code":null,"phases":null,"nb_idps":null,"nb_families":null,"capacity":null,"male":null,"female":null,"age_0_1":null,"ages_1_3":null,"age_3_5":null,"age_6_12":null,"age_13_18":null,"age_19_57":null,"age_58_above":null,"disabilities_pregnant":null,"pregnant_women":null,"heating_disability":null,"visual_disability":null,"physical_disability":null,"interllectual_disability":null,"CreationDate":null,"Creator":null,"EditDate":null,"Editor":null,"lactating_women":null,"hearing_disability":null,"mental_disability":null,"DONT_ADD":null,"old_global_id":null,"floorsnum":null,"totalrooms":null,"occ_rooms":null,"free_spaces":null,"free_rooms":null,"kitchen_found":null,"kitchen_found2":null,"type_meal":null,"toilets_male":null,"toilets_female":null,"toilets_not_used_male":null,"toilets_not_used_female":null,"water_source":null,"elec_source":null,"bathtub_male":null,"bathtub_female":null,"generator":null,"generator_kva":null,"water_tank":null,"water_tank_capacity":null,"water_heater":null,"ac":null,"firedistinguisher":null,"first_aid":null,"wheelchair":null,"beds":null,"fridges":null,"washingmachines":null,"kitchen":null,"kids_area":null,"water_available":null,"need_water":null,"who_water":null,"how_water":null,"LAF_Focal":null,"LAF_shelter_name":null,"LAF_Phone_nb":null,"kg1_public_f":null,"kg1_public_e":null,"kg1_private":null,"kg2_public_f":null,"kg2_public_e":null,"kg2_private":null,"kg3_public_f":null,"kg3_public_e":null,"kg3_private":null,"gr1_public_f":null,"gr1_public_e":null,"gr1_private":null,"gr2_public_f":null,"gr2_public_e":null,"gr2_private":null,"gr3_public_f":null,"gr3_public_e":null,"gr3_private":null,"gr4_public_f":null,"gr4_public_e":null,"gr4_private":null,"gr5_public_f":null,"gr5_public_e":null,"gr5_private":null,"gr6_public_f":null,"gr6_public_e":null,"gr6_private":null,"gr7_public_f":null,"gr7_public_e":null,"gr7_private":null,"gr8_public_f":null,"gr8_public_e":null,"gr8_private":null,"gr9_public_f":null,"gr9_public_e":null,"gr9_private":null,"gr10_public_f":null,"gr10_public_e":null,"gr10_private":null,"gr11s_public_f":null,"gr11s_public_e":null,"gr11s_private":null,"gr11e_public_f":null,"gr11e_public_e":null,"gr11e_private":null,"gr12sg_public_f":null,"gr12sg_public_e":null,"gr12sg_private":null,"gr12se_public_f":null,"gr12se_public_e":null,"gr12se_private":null,"gr12lh_public_f":null,"gr12lh_public_e":null,"gr12lh_private":null,"gr12sv_public_f":null,"gr12sv_public_e":null,"gr12sv_private":null,"tvet_public":null,"tvet_private":null,"uni":null,"syrians":null,"oosc":null,"teachers":null,"bath_hygiene":null,"playground":null,"corridor":null,"rooms_hygiene":null,"Is_waste_collected":null,"Collection_frequency":null,"construction":null,"yes_construction":null,"unified_authority":null,"documentation":null,"check_all":null,"Comments":null,"comments2":"عيتا الشعب","age0_6_months":null,"age6_12_months":null,"f_age0_6_months":null,"f_age6_12_months":null,"f_ages_1_3":null,"f_age_3_5":null,"f_age_6_12":null,"f_age_13_18":null,"f_age_19_57":null,"f_age_58_above":null,"Female_Headed_Households":null,"lost_kids":null,"chronic_disease":null,"diesel_fuel_tank":null,"count_tanks":null,"capacity_tank":null,"need_bin":null,"need_bin_240":null,"need_bin_1100":null,"status_2026":null,"gov_cad":null,"district_cad":null,"cad_name":null,"x":null,"y":null},"geometry":null},
{"type":"Feature","properties":{"objectid":null,"globalid":null,"shelter_name":null,"governorate_name":null,"district_name":null,"villages":null,"lat_calc":null,"long_calc":null,"loc_calc":null,"structure_type":null,"structure_type_other":null,"cerd_number":null,"ministry_name":null,"ACS":null,"P_Code":null,"focal":null,"nb":null,"mosa_focal":null,"mosa_focal_phone":null,"mehe_focal":null,"mehe_focalnb":null,"type_private_public":null,"other_specifyy":null,"status":null,"notes":null,"sourcee":null,"displaced_cas_code":null,"phases":null,"nb_idps":null,"nb_families":null,"capacity":null,"male":null,"female":null,"age_0_1":null,"ages_1_3":null,"age_3_5":null,"age_6_12":null,"age_13_18":null,"age_19_57":null,"age_58_above":null,"disabilities_pregnant":null,"pregnant_women":null,"heating_disability":null,"visual_disability":null,"physical_disability":null,"interllectual_disability":null,"CreationDate":null,"Creator":null,"EditDate":null,"Editor":null,"lactating_women":null,"hearing_disability":null,"mental_disability":null,"DONT_ADD":null,"old_global_id":null,"floorsnum":null,"totalrooms":null,"occ_rooms":null,"free_spaces":null,"free_rooms":null,"kitchen_found":null,"kitchen_found2":null,"type_meal":null,"toilets_male":null,"toilets_female":null,"toilets_not_used_male":null,"toilets_not_used_female":null,"water_source":null,"elec_source":null,"bathtub_male":null,"bathtub_female":null,"generator":null,"generator_kva":null,"water_tank":null,"water_tank_capacity":null,"water_heater":null,"ac":null,"firedistinguisher":null,"first_aid":null,"wheelchair":null,"beds":null,"fridges":null,"washingmachines":null,"kitchen":null,"kids_area":null,"water_available":null,"need_water":null,"who_water":null,"how_water":null,"LAF_Focal":null,"LAF_shelter_name":null,"LAF_Phone_nb":null,"kg1_public_f":null,"kg1_public_e":null,"kg1_private":null,"kg2_public_f":null,"kg2_public_e":null,"kg2_private":null,"kg3_public_f":null,"kg3_public_e":null,"kg3_private":null,"gr1_public_f":null,"gr1_public_e":null,"gr1_private":null,"gr2_public_f":null,"gr2_public_e":null,"gr2_private":null,"gr3_public_f":null,"gr3_public_e":null,"gr3_private":null,"gr4_public_f":null,"gr4_public_e":null,"gr4_private":null,"gr5_public_f":null,"gr5_public_e":null,"gr5_private":null,"gr6_public_f":null,"gr6_public_e":null,"gr6_private":null,"gr7_public_f":null,"gr7_public_e":null,"gr7_private":null,"gr8_public_f":null,"gr8_public_e":null,"gr8_private":null,"gr9_public_f":null,"gr9_public_e":null,"gr9_private":null,"gr10_public_f":null,"gr10_public_e":null,"gr10_private":null,"gr11s_public_f":null,"gr11s_public_e":null,"gr11s_private":null,"gr11e_public_f":null,"gr11e_public_e":null,"gr11e_private":null,"gr12sg_public_f":null,"gr12sg_public_e":null,"gr12sg_private":null,"gr12se_public_f":null,"gr12se_public_e":null,"gr12se_private":null,"gr12lh_public_f":null,"gr12lh_public_e":null,"gr12lh_private":null,"gr12sv_public_f":null,"gr12sv_public_e":null,"gr12sv_private":null,"tvet_public":null,"tvet_private":null,"uni":null,"syrians":null,"oosc":null,"teachers":null,"bath_hygiene":null,"playground":null,"corridor":null,"rooms_hygiene":null,"Is_waste_collected":null,"Collection_frequency":null,"construction":null,"yes_construction":null,"unified_authority":null,"documentation":null,"check_all":null,"Comments":null,"comments2":"صور","age0_6_months":null,"age6_12_months":null,"f_age0_6_months":null,"f_age6_12_months":null,"f_ages_1_3":null,"f_age_3_5":null,"f_age_6_12":null,"f_age_13_18":null,"f_age_19_57":null,"f_age_58_above":null,"Female_Headed_Households":null,"lost_kids":null,"chronic_disease":null,"diesel_fuel_tank":null,"count_tanks":null,"capacity_tank":null,"need_bin":null,"need_bin_240":null,"need_bin_1100":null,"status_2026":null,"gov_cad":null,"district_cad":null,"cad_name":null,"x":null,"y":null},"geometry":null},
{"type":"Feature","properties":{"objectid":null,"globalid":null,"shelter_name":null,"governorate_name":null,"district_name":null,"villages":null,"lat_calc":null,"long_calc":null,"loc_calc":null,"structure_type":null,"structure_type_other":null,"cerd_number":null,"ministry_name":null,"ACS":null,"P_Code":null,"focal":null,"nb":null,"mosa_focal":null,"mosa_focal_phone":null,"mehe_focal":null,"mehe_focalnb":null,"type_private_public":null,"other_specifyy":null,"status":null,"notes":null,"sourcee":null,"displaced_cas_code":null,"phases":null,"nb_idps":null,"nb_families":null,"capacity":null,"male":null,"female":null,"age_0_1":null,"ages_1_3":null,"age_3_5":null,"age_6_12":null,"age_13_18":null,"age_19_57":null,"age_58_above":null,"disabilities_pregnant":null,"pregnant_women":null,"heating_disability":null,"visual_disability":null,"physical_disability":null,"interllectual_disability":null,"CreationDate":null,"Creator":null,"EditDate":null,"Editor":null,"lactating_women":null,"hearing_disability":null,"mental_disability":null,"DONT_ADD":null,"old_global_id":null,"floorsnum":null,"totalrooms":null,"occ_rooms":null,"free_spaces":null,"free_rooms":null,"kitchen_found":null,"kitchen_found2":null,"type_meal":null,"toilets_male":null,"toilets_female":null,"toilets_not_used_male":null,"toilets_not_used_female":null,"water_source":null,"elec_source":null,"bathtub_male":null,"bathtub_female":null,"generator":null,"generator_kva":null,"water_tank":null,"water_tank_capacity":null,"water_heater":null,"ac":null,"firedistinguisher":null,"first_aid":null,"wheelchair":null,"beds":null,"fridges":null,"washingmachines":null,"kitchen":null,"kids_area":null,"water_available":null,"need_water":null,"who_water":null,"how_water":null,"LAF_Focal":null,"LAF_shelter_name":null,"LAF_Phone_nb":null,"kg1_public_f":null,"kg1_public_e":null,"kg1_private":null,"kg2_public_f":null,"kg2_public_e":null,"kg2_private":null,"kg3_public_f":null,"kg3_public_e":null,"kg3_private":null,"gr1_public_f":null,"gr1_public_e":null,"gr1_private":null,"gr2_public_f":null,"gr2_public_e":null,"gr2_private":null,"gr3_public_f":null,"gr3_public_e":null,"gr3_private":null,"gr4_public_f":null,"gr4_public_e":null,"gr4_private":null,"gr5_public_f":null,"gr5_public_e":null,"gr5_private":null,"gr6_public_f":null,"gr6_public_e":null,"gr6_private":null,"gr7_public_f":null,"gr7_public_e":null,"gr7_private":null,"gr8_public_f":null,"gr8_public_e":null,"gr8_private":null,"gr9_public_f":null,"gr9_public_e":null,"gr9_private":null,"gr10_public_f":null,"gr10_public_e":null,"gr10_private":null,"gr11s_public_f":null,"gr11s_public_e":null,"gr11s_private":null,"gr11e_public_f":null,"gr11e_public_e":null,"gr11e_private":null,"gr12sg_public_f":null,"gr12sg_public_e":null,"gr12sg_private":null,"gr12se_public_f":null,"gr12se_public_e":null,"gr12se_private":null,"gr12lh_public_f":null,"gr12lh_public_e":null,"gr12lh_private":null,"gr12sv_public_f":null,"gr12sv_public_e":null,"gr12sv_private":null,"tvet_public":null,"tvet_private":null,"uni":null,"syrians":null,"oosc":null,"teachers":null,"bath_hygiene":null,"playground":null,"corridor":null,"rooms_hygiene":null,"Is_waste_collected":null,"Collection_frequency":null,"construction":null,"yes_construction":null,"unified_authority":null,"documentation":null,"check_all":null,"Comments":null,"comments2":"إسماعية","age0_6_months":null,"age6_12_months":null,"f_age0_6_months":null,"f_age6_12_months":null,"f_ages_1_3":null,"f_age_3_5":null,"f_age_6_12":null,"f_age_13_18":null,"f_age_19_57":null,"f_age_58_above":null,"Female_Headed_Households":null,"lost_kids":null,"chronic_disease":null,"diesel_fuel_tank":null,"count_tanks":null,"capacity_tank":null,"need_bin":null,"need_bin_240":null,"need_bin_1100":null,"status_2026":null,"gov_cad":null,"district_cad":null,"cad_name":null,"x":null,"y":null},"geometry":null},
{"type":"Feature","properties":{"objectid":null,"globalid":null,"shelter_name":null,"governorate_name":null,"district_name":null,"villages":null,"lat_calc":null,"long_calc":null,"loc_calc":null,"structure_type":null,"structure_type_other":null,"cerd_number":null,"ministry_name":null,"ACS":null,"P_Code":null,"focal":null,"nb":null,"mosa_focal":null,"mosa_focal_phone":null,"mehe_focal":null,"mehe_focalnb":null,"type_private_public":null,"other_specifyy":null,"status":null,"notes":null,"sourcee":null,"displaced_cas_code":null,"phases":null,"nb_idps":null,"nb_families":null,"capacity":null,"male":null,"female":null,"age_0_1":null,"ages_1_3":null,"age_3_5":null,"age_6_12":null,"age_13_18":null,"age_19_57":null,"age_58_above":null,"disabilities_pregnant":null,"pregnant_women":null,"heating_disability":null,"visual_disability":null,"physical_disability":null,"interllectual_disability":null,"CreationDate":null,"Creator":null,"EditDate":null,"Editor":null,"lactating_women":null,"hearing_disability":null,"mental_disability":null,"DONT_ADD":null,"old_global_id":null,"floorsnum":null,"totalrooms":null,"occ_rooms":null,"free_spaces":null,"free_rooms":null,"kitchen_found":null,"kitchen_found2":null,"type_meal":null,"toilets_male":null,"toilets_female":null,"toilets_not_used_male":null,"toilets_not_used_female":null,"water_source":null,"elec_source":null,"bathtub_male":null,"bathtub_female":null,"generator":null,"generator_kva":null,"water_tank":null,"water_tank_capacity":null,"water_heater":null,"ac":null,"firedistinguisher":null,"first_aid":null,"wheelchair":null,"beds":null,"fridges":null,"washingmachines":null,"kitchen":null,"kids_area":null,"water_available":null,"need_water":null,"who_water":null,"how_water":null,"LAF_Focal":null,"LAF_shelter_name":null,"LAF_Phone_nb":null,"kg1_public_f":null,"kg1_public_e":null,"kg1_private":null,"kg2_public_f":null,"kg2_public_e":null,"kg2_private":null,"kg3_public_f":null,"kg3_public_e":null,"kg3_private":null,"gr1_public_f":null,"gr1_public_e":null,"gr1_private":null,"gr2_public_f":null,"gr2_public_e":null,"gr2_private":null,"gr3_public_f":null,"gr3_public_e":null,"gr3_private":null,"gr4_public_f":null,"gr4_public_e":null,"gr4_private":null,"gr5_public_f":null,"gr5_public_e":null,"gr5_private":null,"gr6_public_f":null,"gr6_public_e":null,"gr6_private":null,"gr7_public_f":null,"gr7_public_e":null,"gr7_private":null,"gr8_public_f":null,"gr8_public_e":null,"gr8_private":null,"gr9_public_f":null,"gr9_public_e":null,"gr9_private":null,"gr10_public_f":null,"gr10_public_e":null,"gr10_private":null,"gr11s_public_f":null,"gr11s_public_e":null,"gr11s_private":null,"gr11e_public_f":null,"gr11e_public_e":null,"gr11e_private":null,"gr12sg_public_f":null,"gr12sg_public_e":null,"gr12sg_private":null,"gr12se_public_f":null,"gr12se_public_e":null,"gr12se_private":null,"gr12lh_public_f":null,"gr12lh_public_e":null,"gr12lh_private":null,"gr12sv_public_f":null,"gr12sv_public_e":null,"gr12sv_private":null,"tvet_public":null,"tvet_private":null,"uni":null,"syrians":null,"oosc":null,"teachers":null,"bath_hygiene":null,"playground":null,"corridor":null,"rooms_hygiene":null,"Is_waste_collected":null,"Collection_frequency":null,"construction":null,"yes_construction":null,"unified_authority":null,"documentation":null,"check_all":null,"Comments":null,"comments2":"الكنيسة","age0_6_months":null,"age6_12_months":null,"f_age0_6_months":null,"f_age6_12_months":null,"f_ages_1_3":null,"f_age_3_5":null,"f_age_6_12":null,"f_age_13_18":null,"f_age_19_57":null,"f_age_58_above":null,"Female_Headed_Households":null,"lost_kids":null,"chronic_disease":null,"diesel_fuel_tank":null,"count_tanks":null,"capacity_tank":null,"need_bin":null,"need_bin_240":null,"need_bin_1100":null,"status_2026":null,"gov_cad":null,"district_cad":null,"cad_name":null,"x":null,"y":null},"geometry":null},
{"type":"Feature","properties":{"objectid":null,"globalid":null,"shelter_name":null,"governorate_name":null,"district_name":null,"villages":null,"lat_calc":null,"long_calc":null,"loc_calc":null,"structure_type":null,"structure_type_other":null,"cerd_number":null,"ministry_name":null,"ACS":null,"P_Code":null,"focal":null,"nb":null,"mosa_focal":null,"mosa_focal_phone":null,"mehe_focal":null,"mehe_focalnb":null,"type_private_public":null,"other_specifyy":null,"status":null,"notes":null,"sourcee":null,"displaced_cas_code":null,"phases":null,"nb_idps":null,"nb_families":null,"capacity":null,"male":null,"female":null,"age_0_1":null,"ages_1_3":null,"age_3_5":null,"age_6_12":null,"age_13_18":null,"age_19_57":null,"age_58_above":null,"disabilities_pregnant":null,"pregnant_women":null,"heating_disability":null,"visual_disability":null,"physical_disability":null,"interllectual_disability":null,"CreationDate":null,"Creator":null,"EditDate":null,"Editor":null,"lactating_women":null,"hearing_disability":null,"mental_disability":null,"DONT_ADD":null,"old_global_id":null,"floorsnum":null,"totalrooms":null,"occ_rooms":null,"free_spaces":null,"free_rooms":null,"kitchen_found":null,"kitchen_found2":null,"type_meal":null,"toilets_male":null,"toilets_female":null,"toilets_not_used_male":null,"toilets_not_used_female":null,"water_source":null,"elec_source":null,"bathtub_male":null,"bathtub_female":null,"generator":null,"generator_kva":null,"water_tank":null,"water_tank_capacity":null,"water_heater":null,"ac":null,"firedistinguisher":null,"first_aid":null,"wheelchair":null,"beds":null,"fridges":null,"washingmachines":null,"kitchen":null,"kids_area":null,"water_available":null,"need_water":null,"who_water":null,"how_water":null,"LAF_Focal":null,"LAF_shelter_name":null,"LAF_Phone_nb":null,"kg1_public_f":null,"kg1_public_e":null,"kg1_private":null,"kg2_public_f":null,"kg2_public_e":null,"kg2_private":null,"kg3_public_f":null,"kg3_public_e":null,"kg3_private":null,"gr1_public_f":null,"gr1_public_e":null,"gr1_private":null,"gr2_public_f":null,"gr2_public_e":null,"gr2_private":null,"gr3_public_f":null,"gr3_public_e":null,"gr3_private":null,"gr4_public_f":null,"gr4_public_e":null,"gr4_private":null,"gr5_public_f":null,"gr5_public_e":null,"gr5_private":null,"gr6_public_f":null,"gr6_public_e":null,"gr6_private":null,"gr7_public_f":null,"gr7_public_e":null,"gr7_private":null,"gr8_public_f":null,"gr8_public_e":null,"gr8_private":null,"gr9_public_f":null,"gr9_public_e":null,"gr9_private":null,"gr10_public_f":null,"gr10_public_e":null,"gr10_private":null,"gr11s_public_f":null,"gr11s_public_e":null,"gr11s_private":null,"gr11e_public_f":null,"gr11e_public_e":null,"gr11e_private":null,"gr12sg_public_f":null,"gr12sg_public_e":null,"gr12sg_private":null,"gr12se_public_f":null,"gr12se_public_e":null,"gr12se_private":null,"gr12lh_public_f":null,"gr12lh_public_e":null,"gr12lh_private":null,"gr12sv_public_f":null,"gr12sv_public_e":null,"gr12sv_private":null,"tvet_public":null,"tvet_private":null,"uni":null,"syrians":null,"oosc":null,"teachers":null,"bath_hygiene":null,"playground":null,"corridor":null,"rooms_hygiene":null,"Is_waste_collected":null,"Collection_frequency":null,"construction":null,"yes_construction":null,"unified_authority":null,"documentation":null,"check_all":null,"Comments":null,"comments2":"الضهيرة","age0_6_months":null,"age6_12_months":null,"f_age0_6_months":null,"f_age6_12_months":null,"f_ages_1_3":null,"f_age_3_5":null,"f_age_6_12":null,"f_age_13_18":null,"f_age_19_57":null,"f_age_58_above":null,"Female_Headed_Households":null,"lost_kids":null,"chronic_disease":null,"diesel_fuel_tank":null,"count_tanks":null,"capacity_tank":null,"need_bin":null,"need_bin_240":null,"need_bin_1100":null,"status_2026":null,"gov_cad":null,"district_cad":null,"cad_name":null,"x":null,"y":null},"geometry":null},
{"type":"Feature","properties":{"objectid":null,"globalid":null,"shelter_name":null,"governorate_name":null,"district_name":null,"villages":null,"lat_calc":null,"long_calc":null,"loc_calc":null,"structure_type":null,"structure_type_other":null,"cerd_number":null,"ministry_name":null,"ACS":null,"P_Code":null,"focal":null,"nb":null,"mosa_focal":null,"mosa_focal_phone":null,"mehe_focal":null,"mehe_focalnb":null,"type_private_public":null,"other_specifyy":null,"status":null,"notes":null,"sourcee":null,"displaced_cas_code":null,"phases":null,"nb_idps":null,"nb_families":null,"capacity":null,"male":null,"female":null,"age_0_1":null,"ages_1_3":null,"age_3_5":null,"age_6_12":null,"age_13_18":null,"age_19_57":null,"age_58_above":null,"disabilities_pregnant":null,"pregnant_women":null,"heating_disability":null,"visual_disability":null,"physical_disability":null,"interllectual_disability":null,"CreationDate":null,"Creator":null,"EditDate":null,"Editor":null,"lactating_women":null,"hearing_disability":null,"mental_disability":null,"DONT_ADD":null,"old_global_id":null,"floorsnum":null,"totalrooms":null,"occ_rooms":null,"free_spaces":null,"free_rooms":null,"kitchen_found":null,"kitchen_found2":null,"type_meal":null,"toilets_male":null,"toilets_female":null,"toilets_not_used_male":null,"toilets_not_used_female":null,"water_source":null,"elec_source":null,"bathtub_male":null,"bathtub_female":null,"generator":null,"generator_kva":null,"water_tank":null,"water_tank_capacity":null,"water_heater":null,"ac":null,"firedistinguisher":null,"first_aid":null,"wheelchair":null,"beds":null,"fridges":null,"washingmachines":null,"kitchen":null,"kids_area":null,"water_available":null,"need_water":null,"who_water":null,"how_water":null,"LAF_Focal":null,"LAF_shelter_name":null,"LAF_Phone_nb":null,"kg1_public_f":null,"kg1_public_e":null,"kg1_private":null,"kg2_public_f":null,"kg2_public_e":null,"kg2_private":null,"kg3_public_f":null,"kg3_public_e":null,"kg3_private":null,"gr1_public_f":null,"gr1_public_e":null,"gr1_private":null,"gr2_public_f":null,"gr2_public_e":null,"gr2_private":null,"gr3_public_f":null,"gr3_public_e":null,"gr3_private":null,"gr4_public_f":null,"gr4_public_e":null,"gr4_private":null,"gr5_public_f":null,"gr5_public_e":null,"gr5_private":null,"gr6_public_f":null,"gr6_public_e":null,"gr6_private":null,"gr7_public_f":null,"gr7_public_e":null,"gr7_private":null,"gr8_public_f":null,"gr8_public_e":null,"gr8_private":null,"gr9_public_f":null,"gr9_public_e":null,"gr9_private":null,"gr10_public_f":null,"gr10_public_e":null,"gr10_private":null,"gr11s_public_f":null,"gr11s_public_e":null,"gr11s_private":null,"gr11e_public_f":null,"gr11e_public_e":null,"gr11e_private":null,"gr12sg_public_f":null,"gr12sg_public_e":null,"gr12sg_private":null,"gr12se_public_f":null,"gr12se_public_e":null,"gr12se_private":null,"gr12lh_public_f":null,"gr12lh_public_e":null,"gr12lh_private":null,"gr12sv_public_f":null,"gr12sv_public_e":null,"gr12sv_private":null,"tvet_public":null,"tvet_private":null,"uni":null,"syrians":null,"oosc":null,"teachers":null,"bath_hygiene":null,"playground":null,"corridor":null,"rooms_hygiene":null,"Is_waste_collected":null,"Collection_frequency":null,"construction":null,"yes_construction":null,"unified_authority":null,"documentation":null,"check_all":null,"Comments":null,"comments2":"القصيبة","age0_6_months":null,"age6_12_months":null,"f_age0_6_months":null,"f_age6_12_months":null,"f_ages_1_3":null,"f_age_3_5":null,"f_age_6_12":null,"f_age_13_18":null,"f_age_19_57":null,"f_age_58_above":null,"Female_Headed_Households":null,"lost_kids":null,"chronic_disease":null,"diesel_fuel_tank":null,"count_tanks":null,"capacity_tank":null,"need_bin":null,"need_bin_240":null,"need_bin_1100":null,"status_2026":null,"gov_cad":null,"district_cad":null,"cad_name":null,"x":null,"y":null},"geometry":null},
{"type":"Feature","properties":{"objectid":null,"globalid":null,"shelter_name":null,"governorate_name":null,"district_name":null,"villages":null,"lat_calc":null,"long_calc":null,"loc_calc":null,"structure_type":null,"structure_type_other":null,"cerd_number":null,"ministry_name":null,"ACS":null,"P_Code":null,"focal":null,"nb":null,"mosa_focal":null,"mosa_focal_phone":null,"mehe_focal":null,"mehe_focalnb":null,"type_private_public":null,"other_specifyy":null,"status":null,"notes":null,"sourcee":null,"displaced_cas_code":null,"phases":null,"nb_idps":null,"nb_families":null,"capacity":null,"male":null,"female":null,"age_0_1":null,"ages_1_3":null,"age_3_5":null,"age_6_12":null,"age_13_18":null,"age_19_57":null,"age_58_above":null,"disabilities_pregnant":null,"pregnant_women":null,"heating_disability":null,"visual_disability":null,"physical_disability":null,"interllectual_disability":null,"CreationDate":null,"Creator":null,"EditDate":null,"Editor":null,"lactating_women":null,"hearing_disability":null,"mental_disability":null,"DONT_ADD":null,"old_global_id":null,"floorsnum":null,"totalrooms":null,"occ_rooms":null,"free_spaces":null,"free_rooms":null,"kitchen_found":null,"kitchen_found2":null,"type_meal":null,"toilets_male":null,"toilets_female":null,"toilets_not_used_male":null,"toilets_not_used_female":null,"water_source":null,"elec_source":null,"bathtub_male":null,"bathtub_female":null,"generator":null,"generator_kva":null,"water_tank":null,"water_tank_capacity":null,"water_heater":null,"ac":null,"firedistinguisher":null,"first_aid":null,"wheelchair":null,"beds":null,"fridges":null,"washingmachines":null,"kitchen":null,"kids_area":null,"water_available":null,"need_water":null,"who_water":null,"how_water":null,"LAF_Focal":null,"LAF_shelter_name":null,"LAF_Phone_nb":null,"kg1_public_f":null,"kg1_public_e":null,"kg1_private":null,"kg2_public_f":null,"kg2_public_e":null,"kg2_private":null,"kg3_public_f":null,"kg3_public_e":null,"kg3_private":null,"gr1_public_f":null,"gr1_public_e":null,"gr1_private":null,"gr2_public_f":null,"gr2_public_e":null,"gr2_private":null,"gr3_public_f":null,"gr3_public_e":null,"gr3_private":null,"gr4_public_f":null,"gr4_public_e":null,"gr4_private":null,"gr5_public_f":null,"gr5_public_e":null,"gr5_private":null,"gr6_public_f":null,"gr6_public_e":null,"gr6_private":null,"gr7_public_f":null,"gr7_public_e":null,"gr7_private":null,"gr8_public_f":null,"gr8_public_e":null,"gr8_private":null,"gr9_public_f":null,"gr9_public_e":null,"gr9_private":null,"gr10_public_f":null,"gr10_public_e":null,"gr10_private":null,"gr11s_public_f":null,"gr11s_public_e":null,"gr11s_private":null,"gr11e_public_f":null,"gr11e_public_e":null,"gr11e_private":null,"gr12sg_public_f":null,"gr12sg_public_e":null,"gr12sg_private":null,"gr12se_public_f":null,"gr12se_public_e":null,"gr12se_private":null,"gr12lh_public_f":null,"gr12lh_public_e":null,"gr12lh_private":null,"gr12sv_public_f":null,"gr12sv_public_e":null,"gr12sv_private":null,"tvet_public":null,"tvet_private":null,"uni":null,"syrians":null,"oosc":null,"teachers":null,"bath_hygiene":null,"playground":null,"corridor":null,"rooms_hygiene":null,"Is_waste_collected":null,"Collection_frequency":null,"construction":null,"yes_construction":null,"unified_authority":null,"documentation":null,"check_all":null,"Comments":null,"comments2":"صيديقين","age0_6_months":null,"age6_12_months":null,"f_age0_6_months":null,"f_age6_12_months":null,"f_ages_1_3":null,"f_age_3_5":null,"f_age_6_12":null,"f_age_13_18":null,"f_age_19_57":null,"f_age_58_above":null,"Female_Headed_Households":null,"lost_kids":null,"chronic_disease":null,"diesel_fuel_tank":null,"count_tanks":null,"capacity_tank":null,"need_bin":null,"need_bin_240":null,"need_bin_1100":null,"status_2026":null,"gov_cad":null,"district_cad":null,"cad_name":null,"x":null,"y":null},"geometry":null},
{"type":"Feature","properties":{"objectid":null,"globalid":null,"shelter_name":null,"governorate_name":null,"district_name":null,"villages":null,"lat_calc":null,"long_calc":null,"loc_calc":null,"structure_type":null,"structure_type_other":null,"cerd_number":null,"ministry_name":null,"ACS":null,"P_Code":null,"focal":null,"nb":null,"mosa_focal":null,"mosa_focal_phone":null,"mehe_focal":null,"mehe_focalnb":null,"type_private_public":null,"other_specifyy":null,"status":null,"notes":null,"sourcee":null,"displaced_cas_code":null,"phases":null,"nb_idps":null,"nb_families":null,"capacity":null,"male":null,"female":null,"age_0_1":null,"ages_1_3":null,"age_3_5":null,"age_6_12":null,"age_13_18":null,"age_19_57":null,"age_58_above":null,"disabilities_pregnant":null,"pregnant_women":null,"heating_disability":null,"visual_disability":null,"physical_disability":null,"interllectual_disability":null,"CreationDate":null,"Creator":null,"EditDate":null,"Editor":null,"lactating_women":null,"hearing_disability":null,"mental_disability":null,"DONT_ADD":null,"old_global_id":null,"floorsnum":null,"totalrooms":null,"occ_rooms":null,"free_spaces":null,"free_rooms":null,"kitchen_found":null,"kitchen_found2":null,"type_meal":null,"toilets_male":null,"toilets_female":null,"toilets_not_used_male":null,"toilets_not_used_female":null,"water_source":null,"elec_source":null,"bathtub_male":null,"bathtub_female":null,"generator":null,"generator_kva":null,"water_tank":null,"water_tank_capacity":null,"water_heater":null,"ac":null,"firedistinguisher":null,"first_aid":null,"wheelchair":null,"beds":null,"fridges":null,"washingmachines":null,"kitchen":null,"kids_area":null,"water_available":null,"need_water":null,"who_water":null,"how_water":null,"LAF_Focal":null,"LAF_shelter_name":null,"LAF_Phone_nb":null,"kg1_public_f":null,"kg1_public_e":null,"kg1_private":null,"kg2_public_f":null,"kg2_public_e":null,"kg2_private":null,"kg3_public_f":null,"kg3_public_e":null,"kg3_private":null,"gr1_public_f":null,"gr1_public_e":null,"gr1_private":null,"gr2_public_f":null,"gr2_public_e":null,"gr2_private":null,"gr3_public_f":null,"gr3_public_e":null,"gr3_private":null,"gr4_public_f":null,"gr4_public_e":null,"gr4_private":null,"gr5_public_f":null,"gr5_public_e":null,"gr5_private":null,"gr6_public_f":null,"gr6_public_e":null,"gr6_private":null,"gr7_public_f":null,"gr7_public_e":null,"gr7_private":null,"gr8_public_f":null,"gr8_public_e":null,"gr8_private":null,"gr9_public_f":null,"gr9_public_e":null,"gr9_private":null,"gr10_public_f":null,"gr10_public_e":null,"gr10_private":null,"gr11s_public_f":null,"gr11s_public_e":null,"gr11s_private":null,"gr11e_public_f":null,"gr11e_public_e":null,"gr11e_private":null,"gr12sg_public_f":null,"gr12sg_public_e":null,"gr12sg_private":null,"gr12se_public_f":null,"gr12se_public_e":null,"gr12se_private":null,"gr12lh_public_f":null,"gr12lh_public_e":null,"gr12lh_private":null,"gr12sv_public_f":null,"gr12sv_public_e":null,"gr12sv_private":null,"tvet_public":null,"tvet_private":null,"uni":null,"syrians":null,"oosc":null,"teachers":null,"bath_hygiene":null,"playground":null,"corridor":null,"rooms_hygiene":null,"Is_waste_collected":null,"Collection_frequency":null,"construction":null,"yes_construction":null,"unified_authority":null,"documentation":null,"check_all":null,"Comments":null,"comments2":"برج الشمالي","age0_6_months":null,"age6_12_months":null,"f_age0_6_months":null,"f_age6_12_months":null,"f_ages_1_3":null,"f_age_3_5":null,"f_age_6_12":null,"f_age_13_18":null,"f_age_19_57":null,"f_age_58_above":null,"Female_Headed_Households":null,"lost_kids":null,"chronic_disease":null,"diesel_fuel_tank":null,"count_tanks":null,"capacity_tank":null,"need_bin":null,"need_bin_240":null,"need_bin_1100":null,"status_2026":null,"gov_cad":null,"district_cad":null,"cad_name":null,"x":null,"y":null},"geometry":null},
{"type":"Feature","properties":{"objectid":null,"globalid":null,"shelter_name":null,"governorate_name":null,"district_name":null,"villages":null,"lat_calc":null,"long_calc":null,"loc_calc":null,"structure_type":null,"structure_type_other":null,"cerd_number":null,"ministry_name":null,"ACS":null,"P_Code":null,"focal":null,"nb":null,"mosa_focal":null,"mosa_focal_phone":null,"mehe_focal":null,"mehe_focalnb":null,"type_private_public":null,"other_specifyy":null,"status":null,"notes":null,"sourcee":null,"displaced_cas_code":null,"phases":null,"nb_idps":null,"nb_families":null,"capacity":null,"male":null,"female":null,"age_0_1":null,"ages_1_3":null,"age_3_5":null,"age_6_12":null,"age_13_18":null,"age_19_57":null,"age_58_above":null,"disabilities_pregnant":null,"pregnant_women":null,"heating_disability":null,"visual_disability":null,"physical_disability":null,"interllectual_disability":null,"CreationDate":null,"Creator":null,"EditDate":null,"Editor":null,"lactating_women":null,"hearing_disability":null,"mental_disability":null,"DONT_ADD":null,"old_global_id":null,"floorsnum":null,"totalrooms":null,"occ_rooms":null,"free_spaces":null,"free_rooms":null,"kitchen_found":null,"kitchen_found2":null,"type_meal":null,"toilets_male":null,"toilets_female":null,"toilets_not_used_male":null,"toilets_not_used_female":null,"water_source":null,"elec_source":null,"bathtub_male":null,"bathtub_female":null,"generator":null,"generator_kva":null,"water_tank":null,"water_tank_capacity":null,"water_heater":null,"ac":null,"firedistinguisher":null,"first_aid":null,"wheelchair":null,"beds":null,"fridges":null,"washingmachines":null,"kitchen":null,"kids_area":null,"water_available":null,"need_water":null,"who_water":null,"how_water":null,"LAF_Focal":null,"LAF_shelter_name":null,"LAF_Phone_nb":null,"kg1_public_f":null,"kg1_public_e":null,"kg1_private":null,"kg2_public_f":null,"kg2_public_e":null,"kg2_private":null,"kg3_public_f":null,"kg3_public_e":null,"kg3_private":null,"gr1_public_f":null,"gr1_public_e":null,"gr1_private":null,"gr2_public_f":null,"gr2_public_e":null,"gr2_private":null,"gr3_public_f":null,"gr3_public_e":null,"gr3_private":null,"gr4_public_f":null,"gr4_public_e":null,"gr4_private":null,"gr5_public_f":null,"gr5_public_e":null,"gr5_private":null,"gr6_public_f":null,"gr6_public_e":null,"gr6_private":null,"gr7_public_f":null,"gr7_public_e":null,"gr7_private":null,"gr8_public_f":null,"gr8_public_e":null,"gr8_private":null,"gr9_public_f":null,"gr9_public_e":null,"gr9_private":null,"gr10_public_f":null,"gr10_public_e":null,"gr10_private":null,"gr11s_public_f":null,"gr11s_public_e":null,"gr11s_private":null,"gr11e_public_f":null,"gr11e_public_e":null,"gr11e_private":null,"gr12sg_public_f":null,"gr12sg_public_e":null,"gr12sg_private":null,"gr12se_public_f":null,"gr12se_public_e":null,"gr12se_private":null,"gr12lh_public_f":null,"gr12lh_public_e":null,"gr12lh_private":null,"gr12sv_public_f":null,"gr12sv_public_e":null,"gr12sv_private":null,"tvet_public":null,"tvet_private":null,"uni":null,"syrians":null,"oosc":null,"teachers":null,"bath_hygiene":null,"playground":null,"corridor":null,"rooms_hygiene":null,"Is_waste_collected":null,"Collection_frequency":null,"construction":null,"yes_construction":null,"unified_authority":null,"documentation":null,"check_all":null,"Comments":null,"comments2":"البازورية","age0_6_months":null,"age6_12_months":null,"f_age0_6_months":null,"f_age6_12_months":null,"f_ages_1_3":null,"f_age_3_5":null,"f_age_6_12":null,"f_age_13_18":null,"f_age_19_57":null,"f_age_58_above":null,"Female_Headed_Households":null,"lost_kids":null,"chronic_disease":null,"diesel_fuel_tank":null,"count_tanks":null,"capacity_tank":null,"need_bin":null,"need_bin_240":null,"need_bin_1100":null,"status_2026":null,"gov_cad":null,"district_cad":null,"cad_name":null,"x":null,"y":null},"geometry":null},
{"type":"Feature","properties":{"objectid":26,"globalid":"091f57c7-9dcc-4261-8688-a3655cac9dfb","shelter_name":"درب السيم المتوسطة الرسمية المختلطة","governorate_name":"South","district_name":"Saida","villages":"Darb es Sim","lat_calc":33.530511,"long_calc":35.379908,"loc_calc":"33.530511 35.379908","structure_type":"School","structure_type_other":null,"cerd_number":1062,"ministry_name":"درب السيم المتوسطة الرسمية","ACS":61335,"P_Code":"61335_001","focal":"فادي العسي","nb":71600360,"mosa_focal":"بولين باسيل","mosa_focal_phone":3432671,"mehe_focal":"عبير الياس الحايك","mehe_focalnb":"70010292","type_private_public":"public","other_specifyy":null,"status":"open","notes":null,"sourcee":"ministry","displaced_cas_code":61335,"phases":1,"nb_idps":18,"nb_families":5,"capacity":122,"male":60,"female":48,"age_0_1":1,"ages_1_3":2,"age_3_5":5,"age_6_12":13,"age_13_18":9,"age_19_57":21,"age_58_above":9,"disabilities_pregnant":null,"pregnant_women":1,"heating_disability":null,"visual_disability":0,"physical_disability":1,"interllectual_disability":null,"CreationDate":"2026-03-04T12:04:10","Creator":"Ramez.Hassan.961","EditDate":"2026-09-02T07:13:12","Editor":"EOR.SAIDA","lactating_women":0,"hearing_disability":0,"mental_disability":0,"DONT_ADD":"true","old_global_id":null,"floorsnum":4,"totalrooms":31,"occ_rooms":26,"free_spaces":0,"free_rooms":0,"kitchen_found":"false","kitchen_found2":null,"type_meal":null,"toilets_male":12,"toilets_female":12,"toilets_not_used_male":0,"toilets_not_used_female":0,"water_source":"شركة المياه وصريج البلدية","elec_source":"طاقة","bathtub_male":2,"bathtub_female":2,"generator":"true","generator_kva":27,"water_tank":10,"water_tank_capacity":32000,"water_heater":2,"ac":0,"firedistinguisher":0,"first_aid":"false","wheelchair":0,"beds":0,"fridges":1,"washingmachines":6,"kitchen":"false","kids_area":3000,"water_available":"false","need_water":1500,"who_water":null,"how_water":null,"LAF_Focal":null,"LAF_shelter_name":null,"LAF_Phone_nb":null,"kg1_public_f":0,"kg1_public_e":0,"kg1_private":0,"kg2_public_f":0,"kg2_public_e":1,"kg2_private":1,"kg3_public_f":0,"kg3_public_e":2,"kg3_private":0,"gr1_public_f":0,"gr1_public_e":4,"gr1_private":2,"gr2_public_f":0,"gr2_public_e":3,"gr2_private":2,"gr3_public_f":0,"gr3_public_e":2,"gr3_private":1,"gr4_public_f":0,"gr4_public_e":0,"gr4_private":0,"gr5_public_f":0,"gr5_public_e":2,"gr5_private":0,"gr6_public_f":0,"gr6_public_e":0,"gr6_private":0,"gr7_public_f":1,"gr7_public_e":3,"gr7_private":2,"gr8_public_f":0,"gr8_public_e":1,"gr8_private":1,"gr9_public_f":0,"gr9_public_e":1,"gr9_private":0,"gr10_public_f":0,"gr10_public_e":1,"gr10_private":0,"gr11s_public_f":0,"gr11s_public_e":0,"gr11s_private":0,"gr11e_public_f":0,"gr11e_public_e":0,"gr11e_private":0,"gr12sg_public_f":0,"gr12sg_public_e":0,"gr12sg_private":0,"gr12se_public_f":0,"gr12se_public_e":0,"gr12se_private":0,"gr12lh_public_f":"false","gr12lh_public_e":0,"gr12lh_private":"false","gr12sv_public_f":0,"gr12sv_public_e":0,"gr12sv_private":0,"tvet_public":3,"tvet_private":3,"uni":2,"syrians":0,"oosc":0,"teachers":0,"bath_hygiene":"good","playground":"good","corridor":"good","rooms_hygiene":"fair","Is_waste_collected":"true","Collection_frequency":"daily","construction":"false","yes_construction":null,"unified_authority":"true","documentation":null,"check_all":null,"Comments":"true","comments2":"كفرتبنيت كفركلا","age0_6_months":0,"age6_12_months":1,"f_age0_6_months":0,"f_age6_12_months":0,"f_ages_1_3":0,"f_age_3_5":0,"f_age_6_12":7,"f_age_13_18":9,"f_age_19_57":24,"f_age_58_above":8,"Female_Headed_Households":5,"lost_kids":null,"chronic_disease":19,"diesel_fuel_tank":null,"count_tanks":null,"capacity_tank":null,"need_bin":null,"need_bin_240":null,"need_bin_1100":null,"status_2026":"used","gov_cad":"South","district_cad":"Saida","cad_name":"Darbessim","x":35.38165688,"y":33.53577973},"geometry":{"type":"Point","coordinates":[35.38165688,33.53577973]}},
{"type":"Feature","properties":{"objectid":47,"globalid":"8a7d27f7-8e4e-4256-8512-d094069e1b0a","shelter_name":"معهد زغرتا الفني الرسمي","governorate_name":"North","district_name":"Zgharta","villages":"Al Aaqbe","lat_calc":34.431308,"long_calc":35.891628,"loc_calc":"34.431308 35.891628","structure_type":"Institute","structure_type_other":null,"cerd_number":null,"ministry_name":"معهد زغرتا الفني","ACS":33113,"P_Code":"33113_001","focal":"مونيت فرنجية","nb":3054574,"mosa_focal":"تيريزا سايد دحدح - سلمى ميلاد الجعيتاني","mosa_focal_phone":70674474,"mehe_focal":"مونيت فرنجية","mehe_focalnb":"3054574","type_private_public":"public","other_specifyy":null,"status":"open","notes":"Safety concerns","sourcee":"field","displaced_cas_code":33133,"phases":null,"nb_idps":38,"nb_families":10,"capacity":340,"male":165,"female":177,"age_0_1":2,"ages_1_3":5,"age_3_5":10,"age_6_12":38,"age_13_18":18,"age_19_57":71,"age_58_above":18,"disabilities_pregnant":null,"pregnant_women":3,"heating_disability":null,"visual_disability":0,"physical_disability":7,"interllectual_disability":null,"CreationDate":"2026-03-04T12:04:10","Creator":"Ramez.Hassan.961","EditDate":"2026-09-02T06:30:54","Editor":"EOR.NORTH","lactating_women":2,"hearing_disability":0,"mental_disability":4,"DONT_ADD":"true","old_global_id":null,"floorsnum":6,"totalrooms":40,"occ_rooms":40,"free_spaces":0,"free_rooms":7,"kitchen_found":"true","kitchen_found2":"true","type_meal":"hot_cold_meal","toilets_male":12,"toilets_female":9,"toilets_not_used_male":0,"toilets_not_used_female":0,"water_source":"بئر","elec_source":"طاقة شمسية+مولد خاص","bathtub_male":null,"bathtub_female":null,"generator":"true","generator_kva":225,"water_tank":1,"water_tank_capacity":10000,"water_heater":7,"ac":0,"firedistinguisher":12,"first_aid":"true","wheelchair":null,"beds":2,"fridges":4,"washingmachines":2,"kitchen":"true","kids_area":5,"water_available":"true","need_water":0,"who_water":"بئر","how_water":"بئر","LAF_Focal":null,"LAF_shelter_name":null,"LAF_Phone_nb":null,"kg1_public_f":1,"kg1_public_e":5,"kg1_private":0,"kg2_public_f":0,"kg2_public_e":5,"kg2_private":2,"kg3_public_f":1,"kg3_public_e":2,"kg3_private":5,"gr1_public_f":0,"gr1_public_e":6,"gr1_private":0,"gr2_public_f":0,"gr2_public_e":8,"gr2_private":2,"gr3_public_f":0,"gr3_public_e":7,"gr3_private":4,"gr4_public_f":0,"gr4_public_e":7,"gr4_private":2,"gr5_public_f":1,"gr5_public_e":4,"gr5_private":3,"gr6_public_f":0,"gr6_public_e":6,"gr6_private":0,"gr7_public_f":2,"gr7_public_e":5,"gr7_private":1,"gr8_public_f":1,"gr8_public_e":4,"gr8_private":1,"gr9_public_f":1,"gr9_public_e":1,"gr9_private":1,"gr10_public_f":1,"gr10_public_e":1,"gr10_private":0,"gr11s_public_f":0,"gr11s_public_e":1,"gr11s_private":1,"gr11e_public_f":0,"gr11e_public_e":2,"gr11e_private":0,"gr12sg_public_f":0,"gr12sg_public_e":0,"gr12sg_private":0,"gr12se_public_f":0,"gr12se_public_e":0,"gr12se_private":0,"gr12lh_public_f":"false","gr12lh_public_e":2,"gr12lh_private":"false","gr12sv_public_f":0,"gr12sv_public_e":1,"gr12sv_private":0,"tvet_public":7,"tvet_private":3,"uni":6,"syrians":0,"oosc":8,"teachers":0,"bath_hygiene":null,"playground":null,"corridor":null,"rooms_hygiene":null,"Is_waste_collected":null,"Collection_frequency":null,"construction":null,"yes_construction":null,"unified_authority":null,"documentation":null,"check_all":null,"Comments":"true","comments2":"الشرقية-معركة-كفرسير-الشعيتية-الشهابية-مجادل-عنقون-انصار-خربة سلم","age0_6_months":3,"age6_12_months":2,"f_age0_6_months":1,"f_age6_12_months":0,"f_ages_1_3":8,"f_age_3_5":10,"f_age_6_12":19,"f_age_13_18":25,"f_age_19_57":89,"f_age_58_above":25,"Female_Headed_Households":1,"lost_kids":1,"chronic_disease":45,"diesel_fuel_tank":null,"count_tanks":null,"capacity_tank":null,"need_bin":null,"need_bin_240":null,"need_bin_1100":null,"status_2026":"used","gov_cad":"North","district_cad":"Zgharta","cad_name":"Alma","x":35.83544371,"y":34.43295447},"geometry":{"type":"Point","coordinates":[35.83544371,34.43295447]}},
{"type":"Feature","properties":{"objectid":72,"globalid":"fa12d8f0-5f7f-4dd0-a10b-2fa53126072e","shelter_name":"تكميلية صور الرسمية الثانية","governorate_name":"South","district_name":"Sour","villages":"Sour","lat_calc":33.274117,"long_calc":35.192517,"loc_calc":"33.274117 35.192517","structure_type":"School","structure_type_other":null,"cerd_number":1223,"ministry_name":"صور الثانية الرسمية المختلطة","ACS":62111,"P_Code":"62111_002","focal":"مصطفى مسلماني","nb":81171953,"mosa_focal":"ثريا عز الدين ","mosa_focal_phone":76130303,"mehe_focal":"رويدا عبدالله بيضون","mehe_focalnb":"70340676","type_private_public":"public","other_specifyy":null,"status":"full","notes":null,"sourcee":"ministry","displaced_cas_code":62111,"phases":null,"nb_idps":427,"nb_families":110,"capacity":427,"male":236,"female":191,"age_0_1":0,"ages_1_3":7,"age_3_5":7,"age_6_12":24,"age_13_18":24,"age_19_57":142,"age_58_above":27,"disabilities_pregnant":null,"pregnant_women":0,"heating_disability":null,"visual_disability":0,"physical_disability":0,"interllectual_disability":null,"CreationDate":"2026-03-04T12:04:10","Creator":"Ramez.Hassan.961","EditDate":"2026-08-20T13:14:56","Editor":"EOR.TYRE","lactating_women":0,"hearing_disability":0,"mental_disability":0,"DONT_ADD":"true","old_global_id":null,"floorsnum":3,"totalrooms":128,"occ_rooms":128,"free_spaces":0,"free_rooms":0,"kitchen_found":"true","kitchen_found2":"false","type_meal":null,"toilets_male":15,"toilets_female":15,"toilets_not_used_male":0,"toilets_not_used_female":0,"water_source":"بير مياه","elec_source":"مولد كهرباء","bathtub_male":3,"bathtub_female":2,"generator":"true","generator_kva":800,"water_tank":4,"water_tank_capacity":32000,"water_heater":0,"ac":0,"firedistinguisher":15,"first_aid":"false","wheelchair":0,"beds":0,"fridges":0,"washingmachines":0,"kitchen":"false","kids_area":1000,"water_available":"true","need_water":160,"who_water":"مؤسسة مياه لبنان الجنوبي","how_water":"من خليل بئر المياه","LAF_Focal":null,"LAF_shelter_name":null,"LAF_Phone_nb":null,"kg1_public_f":0,"kg1_public_e":3,"kg1_private":0,"kg2_public_f":0,"kg2_public_e":8,"kg2_private":1,"kg3_public_f":0,"kg3_public_e":7,"kg3_private":1,"gr1_public_f":0,"gr1_public_e":9,"gr1_private":1,"gr2_public_f":0,"gr2_public_e":5,"gr2_private":2,"gr3_public_f":0,"gr3_public_e":7,"gr3_private":2,"gr4_public_f":0,"gr4_public_e":5,"gr4_private":2,"gr5_public_f":0,"gr5_public_e":8,"gr5_private":1,"gr6_public_f":0,"gr6_public_e":10,"gr6_private":1,"gr7_public_f":0,"gr7_public_e":9,"gr7_private":0,"gr8_public_f":0,"gr8_public_e":8,"gr8_private":0,"gr9_public_f":0,"gr9_public_e":4,"gr9_private":1,"gr10_public_f":0,"gr10_public_e":1,"gr10_private":2,"gr11s_public_f":0,"gr11s_public_e":1,"gr11s_private":0,"gr11e_public_f":0,"gr11e_public_e":0,"gr11e_private":0,"gr12sg_public_f":0,"gr12sg_public_e":0,"gr12sg_private":0,"gr12se_public_f":0,"gr12se_public_e":5,"gr12se_private":60,"gr12lh_public_f":"false","gr12lh_public_e":0,"gr12lh_private":"false","gr12sv_public_f":0,"gr12sv_public_e":0,"gr12sv_private":0,"tvet_public":1,"tvet_private":0,"uni":1,"syrians":0,"oosc":16,"teachers":0,"bath_hygiene":"good","playground":"good","corridor":"good","rooms_hygiene":"good","Is_waste_collected":"true","Collection_frequency":"daily","construction":"false","yes_construction":null,"unified_authority":"true","documentation":"true","check_all":"false","Comments":"true","comments2":null,"age0_6_months":3,"age6_12_months":2,"f_age0_6_months":2,"f_age6_12_months":2,"f_ages_1_3":7,"f_age_3_5":7,"f_age_6_12":16,"f_age_13_18":12,"f_age_19_57":122,"f_age_58_above":23,"Female_Headed_Households":null,"lost_kids":null,"chronic_disease":null,"diesel_fuel_tank":null,"count_tanks":null,"capacity_tank":null,"need_bin":null,"need_bin_240":null,"need_bin_1100":null,"status_2026":"used","gov_cad":"South","district_cad":"Sour","cad_name":"Sour (Tyr)","x":35.21623154,"y":33.26042273},"geometry":{"type":"Point","coordinates":[35.21623154,33.26042273]}},
{"type":"Feature","properties":{"objectid":73,"globalid":"4563ba30-036c-4974-ac73-9816651f63a2","shelter_name":"ثانوية صور المختلطة الرسمية","governorate_name":"South","district_name":"Sour","villages":"Sour","lat_calc":33.274117,"long_calc":35.192517,"loc_calc":"33.274117 35.192517","structure_type":"School","structure_type_other":null,"cerd_number":1224,"ministry_name":"ثانوية صور الرسمية المختلطة","ACS":62111,"P_Code":"62111_011","focal":"محمود المصري","nb":71103891,"mosa_focal":"ثريا عز الدين","mosa_focal_phone":76130303,"mehe_focal":"مصطفى الراعي","mehe_focalnb":"3790102","type_private_public":"public","other_specifyy":null,"status":"full","notes":null,"sourcee":"ministry","displaced_cas_code":62111,"phases":1,"nb_idps":387,"nb_families":115,"capacity":387,"male":200,"female":189,"age_0_1":5,"ages_1_3":7,"age_3_5":8,"age_6_12":30,"age_13_18":15,"age_19_57":134,"age_58_above":6,"disabilities_pregnant":null,"pregnant_women":2,"heating_disability":null,"visual_disability":0,"physical_disability":4,"interllectual_disability":null,"CreationDate":"2026-03-04T12:04:10","Creator":"Ramez.Hassan.961","EditDate":"2026-08-20T13:29:57","Editor":"EOR.TYRE","lactating_women":0,"hearing_disability":0,"mental_disability":0,"DONT_ADD":"true","old_global_id":null,"floorsnum":4,"totalrooms":37,"occ_rooms":37,"free_spaces":0,"free_rooms":0,"kitchen_found":"false","kitchen_found2":null,"type_meal":null,"toilets_male":15,"toilets_female":15,"toilets_not_used_male":15,"toilets_not_used_female":15,"water_source":"الاشبكة العامة","elec_source":"الدولة + مولد","bathtub_male":2,"bathtub_female":2,"generator":"true","generator_kva":800,"water_tank":6,"water_tank_capacity":48000,"water_heater":0,"ac":0,"firedistinguisher":20,"first_aid":"true","wheelchair":3,"beds":2,"fridges":0,"washingmachines":0,"kitchen":"false","kids_area":100,"water_available":"true","need_water":80,"who_water":"الدولة","how_water":"مؤسسة مياه لبنان","LAF_Focal":null,"LAF_shelter_name":null,"LAF_Phone_nb":null,"kg1_public_f":2,"kg1_public_e":2,"kg1_private":0,"kg2_public_f":0,"kg2_public_e":1,"kg2_private":0,"kg3_public_f":0,"kg3_public_e":5,"kg3_private":3,"gr1_public_f":5,"gr1_public_e":10,"gr1_private":0,"gr2_public_f":2,"gr2_public_e":5,"gr2_private":1,"gr3_public_f":0,"gr3_public_e":3,"gr3_private":3,"gr4_public_f":2,"gr4_public_e":10,"gr4_private":0,"gr5_public_f":0,"gr5_public_e":0,"gr5_private":1,"gr6_public_f":3,"gr6_public_e":2,"gr6_private":0,"gr7_public_f":2,"gr7_public_e":5,"gr7_private":5,"gr8_public_f":0,"gr8_public_e":2,"gr8_private":0,"gr9_public_f":0,"gr9_public_e":7,"gr9_private":2,"gr10_public_f":0,"gr10_public_e":10,"gr10_private":0,"gr11s_public_f":2,"gr11s_public_e":2,"gr11s_private":2,"gr11e_public_f":0,"gr11e_public_e":0,"gr11e_private":0,"gr12sg_public_f":0,"gr12sg_public_e":0,"gr12sg_private":0,"gr12se_public_f":0,"gr12se_public_e":0,"gr12se_private":0,"gr12lh_public_f":"false","gr12lh_public_e":0,"gr12lh_private":"false","gr12sv_public_f":0,"gr12sv_public_e":0,"gr12sv_private":0,"tvet_public":0,"tvet_private":0,"uni":0,"syrians":0,"oosc":0,"teachers":0,"bath_hygiene":"good","playground":"good","corridor":"good","rooms_hygiene":"good","Is_waste_collected":"true","Collection_frequency":"daily","construction":"false","yes_construction":null,"unified_authority":"true","documentation":"true","check_all":"false","Comments":"true","comments2":null,"age0_6_months":0,"age6_12_months":0,"f_age0_6_months":1,"f_age6_12_months":8,"f_ages_1_3":8,"f_age_3_5":7,"f_age_6_12":19,"f_age_13_18":20,"f_age_19_57":100,"f_age_58_above":26,"Female_Headed_Households":null,"lost_kids":null,"chronic_disease":null,"diesel_fuel_tank":null,"count_tanks":null,"capacity_tank":null,"need_bin":null,"need_bin_240":null,"need_bin_1100":null,"status_2026":"used","gov_cad":"South","district_cad":"Sour","cad_name":"Sour (Tyr)","x":35.21396008,"y":33.26035871},"geometry":{"type":"Point","coordinates":[35.21396008,33.26035871]}},
{"type":"Feature","properties":{"objectid":76,"globalid":"4e762c25-e6f2-423a-961d-d94f67d3b8f0","shelter_name":"تكميلية صور للبنات","governorate_name":"South","district_name":"Sour","villages":"Sour","lat_calc":33.274117,"long_calc":35.192517,"loc_calc":"33.274117 35.192517","structure_type":"School","structure_type_other":null,"cerd_number":1221,"ministry_name":"ثانوية صور الرسمية للبنات","ACS":62111,"P_Code":"62111_003","focal":"سامي الشعبي","nb":76958883,"mosa_focal":"ثريا عز الدين ","mosa_focal_phone":3761303,"mehe_focal":"ليندا خطار خير الدين","mehe_focalnb":"33670142","type_private_public":"public","other_specifyy":null,"status":"full","notes":null,"sourcee":"ministry","displaced_cas_code":62111,"phases":1,"nb_idps":307,"nb_families":80,"capacity":307,"male":150,"female":157,"age_0_1":0,"ages_1_3":6,"age_3_5":8,"age_6_12":25,"age_13_18":20,"age_19_57":79,"age_58_above":11,"disabilities_pregnant":null,"pregnant_women":1,"heating_disability":null,"visual_disability":0,"physical_disability":1,"interllectual_disability":null,"CreationDate":"2026-03-04T12:04:10","Creator":"Ramez.Hassan.961","EditDate":"2026-08-20T13:18:49","Editor":"EOR.TYRE","lactating_women":0,"hearing_disability":0,"mental_disability":0,"DONT_ADD":"true","old_global_id":null,"floorsnum":3,"totalrooms":50,"occ_rooms":50,"free_spaces":0,"free_rooms":0,"kitchen_found":"true","kitchen_found2":"false","type_meal":null,"toilets_male":8,"toilets_female":8,"toilets_not_used_male":0,"toilets_not_used_female":0,"water_source":"تعبئة مياه","elec_source":"مولد كهرباء","bathtub_male":0,"bathtub_female":0,"generator":"true","generator_kva":800,"water_tank":3,"water_tank_capacity":16000,"water_heater":0,"ac":0,"firedistinguisher":10,"first_aid":"false","wheelchair":0,"beds":1,"fridges":0,"washingmachines":0,"kitchen":"false","kids_area":100,"water_available":"true","need_water":80,"who_water":"المدرسة","how_water":"من خلال تعبئة المياه","LAF_Focal":null,"LAF_shelter_name":null,"LAF_Phone_nb":null,"kg1_public_f":0,"kg1_public_e":3,"kg1_private":0,"kg2_public_f":1,"kg2_public_e":2,"kg2_private":0,"kg3_public_f":0,"kg3_public_e":5,"kg3_private":0,"gr1_public_f":0,"gr1_public_e":5,"gr1_private":3,"gr2_public_f":1,"gr2_public_e":8,"gr2_private":2,"gr3_public_f":1,"gr3_public_e":3,"gr3_private":2,"gr4_public_f":2,"gr4_public_e":4,"gr4_private":2,"gr5_public_f":0,"gr5_public_e":6,"gr5_private":3,"gr6_public_f":1,"gr6_public_e":6,"gr6_private":1,"gr7_public_f":0,"gr7_public_e":4,"gr7_private":4,"gr8_public_f":0,"gr8_public_e":3,"gr8_private":0,"gr9_public_f":2,"gr9_public_e":5,"gr9_private":3,"gr10_public_f":0,"gr10_public_e":0,"gr10_private":0,"gr11s_public_f":0,"gr11s_public_e":0,"gr11s_private":0,"gr11e_public_f":0,"gr11e_public_e":0,"gr11e_private":0,"gr12sg_public_f":0,"gr12sg_public_e":0,"gr12sg_private":0,"gr12se_public_f":0,"gr12se_public_e":0,"gr12se_private":0,"gr12lh_public_f":"false","gr12lh_public_e":0,"gr12lh_private":"false","gr12sv_public_f":0,"gr12sv_public_e":0,"gr12sv_private":0,"tvet_public":0,"tvet_private":0,"uni":0,"syrians":0,"oosc":0,"teachers":0,"bath_hygiene":"good","playground":"good","corridor":"good","rooms_hygiene":"good","Is_waste_collected":"true","Collection_frequency":"daily","construction":"false","yes_construction":null,"unified_authority":"true","documentation":"true","check_all":"false","Comments":"true","comments2":null,"age0_6_months":1,"age6_12_months":0,"f_age0_6_months":2,"f_age6_12_months":3,"f_ages_1_3":4,"f_age_3_5":2,"f_age_6_12":24,"f_age_13_18":20,"f_age_19_57":80,"f_age_58_above":22,"Female_Headed_Households":null,"lost_kids":null,"chronic_disease":null,"diesel_fuel_tank":null,"count_tanks":null,"capacity_tank":null,"need_bin":null,"need_bin_240":null,"need_bin_1100":null,"status_2026":"used","gov_cad":"South","district_cad":"Sour","cad_name":"Sour (Tyr)","x":35.21365114,"y":33.25998646},"geometry":{"type":"Point","coordinates":[35.21365114,33.25998646]}},
{"type":"Feature","properties":{"objectid":78,"globalid":"3163dc65-a28a-4a8b-a2e2-dfdae33c16be","shelter_name":"مهنية صور الفنية","governorate_name":"South","district_name":"Sour","villages":"Sour","lat_calc":33.274117,"long_calc":35.192517,"loc_calc":"33.274117 35.192517","structure_type":"Institute","structure_type_other":null,"cerd_number":null,"ministry_name":"انوية فخر الدين المعني الرسمية للبنات","ACS":62111,"P_Code":"62111_004","focal":"علي غزيل","nb":76739280,"mosa_focal":"ثريا عز الدين","mosa_focal_phone":76130303,"mehe_focal":"هادي قرعوني","mehe_focalnb":"70644843","type_private_public":"public","other_specifyy":null,"status":"full","notes":null,"sourcee":"ministry","displaced_cas_code":62111,"phases":1,"nb_idps":224,"nb_families":53,"capacity":224,"male":104,"female":120,"age_0_1":0,"ages_1_3":5,"age_3_5":4,"age_6_12":14,"age_13_18":24,"age_19_57":38,"age_58_above":17,"disabilities_pregnant":null,"pregnant_women":0,"heating_disability":null,"visual_disability":0,"physical_disability":1,"interllectual_disability":null,"CreationDate":"2026-03-04T12:04:10","Creator":"Ramez.Hassan.961","EditDate":"2026-08-20T13:50:44","Editor":"EOR.TYRE","lactating_women":0,"hearing_disability":0,"mental_disability":0,"DONT_ADD":"true","old_global_id":null,"floorsnum":2,"totalrooms":37,"occ_rooms":37,"free_spaces":0,"free_rooms":0,"kitchen_found":"false","kitchen_found2":null,"type_meal":null,"toilets_male":3,"toilets_female":3,"toilets_not_used_male":3,"toilets_not_used_female":3,"water_source":"الشبكة العامة","elec_source":"الدولة + مولد كهرباء","bathtub_male":1,"bathtub_female":1,"generator":"true","generator_kva":800,"water_tank":4,"water_tank_capacity":60000,"water_heater":1,"ac":0,"firedistinguisher":12,"first_aid":"true","wheelchair":0,"beds":1,"fridges":0,"washingmachines":0,"kitchen":"false","kids_area":1000,"water_available":"true","need_water":60,"who_water":"الدولة","how_water":"مؤسسة مياه لبنان","LAF_Focal":null,"LAF_shelter_name":null,"LAF_Phone_nb":null,"kg1_public_f":0,"kg1_public_e":0,"kg1_private":0,"kg2_public_f":0,"kg2_public_e":1,"kg2_private":1,"kg3_public_f":0,"kg3_public_e":0,"kg3_private":1,"gr1_public_f":0,"gr1_public_e":5,"gr1_private":3,"gr2_public_f":0,"gr2_public_e":1,"gr2_private":0,"gr3_public_f":0,"gr3_public_e":1,"gr3_private":0,"gr4_public_f":1,"gr4_public_e":0,"gr4_private":1,"gr5_public_f":0,"gr5_public_e":0,"gr5_private":0,"gr6_public_f":0,"gr6_public_e":1,"gr6_private":0,"gr7_public_f":0,"gr7_public_e":1,"gr7_private":0,"gr8_public_f":0,"gr8_public_e":0,"gr8_private":0,"gr9_public_f":0,"gr9_public_e":0,"gr9_private":0,"gr10_public_f":0,"gr10_public_e":0,"gr10_private":0,"gr11s_public_f":0,"gr11s_public_e":0,"gr11s_private":0,"gr11e_public_f":0,"gr11e_public_e":0,"gr11e_private":0,"gr12sg_public_f":0,"gr12sg_public_e":0,"gr12sg_private":0,"gr12se_public_f":0,"gr12se_public_e":0,"gr12se_private":0,"gr12lh_public_f":"false","gr12lh_public_e":0,"gr12lh_private":"false","gr12sv_public_f":0,"gr12sv_public_e":0,"gr12sv_private":0,"tvet_public":0,"tvet_private":0,"uni":0,"syrians":0,"oosc":0,"teachers":0,"bath_hygiene":"fair","playground":"fair","corridor":"fair","rooms_hygiene":"fair","Is_waste_collected":"true","Collection_frequency":"daily","construction":"false","yes_construction":null,"unified_authority":"true","documentation":"false","check_all":"false","Comments":"true","comments2":null,"age0_6_months":0,"age6_12_months":2,"f_age0_6_months":1,"f_age6_12_months":1,"f_ages_1_3":2,"f_age_3_5":7,"f_age_6_12":17,"f_age_13_18":10,"f_age_19_57":70,"f_age_58_above":12,"Female_Headed_Households":null,"lost_kids":null,"chronic_disease":null,"diesel_fuel_tank":null,"count_tanks":null,"capacity_tank":null,"need_bin":null,"need_bin_240":null,"need_bin_1100":null,"status_2026":"used","gov_cad":"South","district_cad":"Sour","cad_name":"Sour (Tyr)","x":35.21745889,"y":33.26252768},"geometry":{"type":"Point","coordinates":[35.21745889,33.26252768]}},
{"type":"Feature","properties":{"objectid":80,"globalid":"961ef4b7-db77-4931-aec8-b13d337e5965","shelter_name":"مدرسة بكاسين الرسمية","governorate_name":"South","district_name":"Jezzine","villages":"Bkassine","lat_calc":33.568167,"long_calc":35.578728,"loc_calc":"33.568167 35.578728","structure_type":"School","structure_type_other":null,"cerd_number":null,"ministry_name":"مدرسة بكاسين الرسمية","ACS":63124,"P_Code":"63124_002","focal":"أنجيل الحلو ","nb":3335275,"mosa_focal":"سهيلة لبوس","mosa_focal_phone":71756046,"mehe_focal":null,"mehe_focalnb":null,"type_private_public":"public","other_specifyy":null,"status":"open","notes":null,"sourcee":"ministry","displaced_cas_code":63124,"phases":null,"nb_idps":0,"nb_families":0,"capacity":45,"male":null,"female":null,"age_0_1":0,"ages_1_3":null,"age_3_5":null,"age_6_12":null,"age_13_18":null,"age_19_57":null,"age_58_above":null,"disabilities_pregnant":null,"pregnant_women":0,"heating_disability":null,"visual_disability":0,"physical_disability":0,"interllectual_disability":null,"CreationDate":"2026-03-04T12:04:10","Creator":"Ramez.Hassan.961","EditDate":"2026-08-17T07:54:18","Editor":"GIS.Team.961","lactating_women":0,"hearing_disability":0,"mental_disability":0,"DONT_ADD":"true","old_global_id":null,"floorsnum":2,"totalrooms":6,"occ_rooms":6,"free_spaces":0,"free_rooms":0,"kitchen_found":"true","kitchen_found2":"true","type_meal":"hot_meal","toilets_male":2,"toilets_female":2,"toilets_not_used_male":0,"toilets_not_used_female":0,"water_source":"النبع","elec_source":"كهرباء لبنان ","bathtub_male":null,"bathtub_female":null,"generator":null,"generator_kva":null,"water_tank":null,"water_tank_capacity":null,"water_heater":null,"ac":null,"firedistinguisher":null,"first_aid":null,"wheelchair":null,"beds":null,"fridges":null,"washingmachines":null,"kitchen":null,"kids_area":null,"water_available":"true","need_water":10,"who_water":"مصلحة لبنان الجنوبي","how_water":"امدادات","LAF_Focal":null,"LAF_shelter_name":null,"LAF_Phone_nb":null,"kg1_public_f":3,"kg1_public_e":0,"kg1_private":0,"kg2_public_f":0,"kg2_public_e":0,"kg2_private":0,"kg3_public_f":0,"kg3_public_e":0,"kg3_private":0,"gr1_public_f":1,"gr1_public_e":0,"gr1_private":0,"gr2_public_f":1,"gr2_public_e":0,"gr2_private":0,"gr3_public_f":0,"gr3_public_e":0,"gr3_private":0,"gr4_public_f":2,"gr4_public_e":0,"gr4_private":0,"gr5_public_f":2,"gr5_public_e":0,"gr5_private":0,"gr6_public_f":0,"gr6_public_e":1,"gr6_private":0,"gr7_public_f":1,"gr7_public_e":0,"gr7_private":0,"gr8_public_f":5,"gr8_public_e":0,"gr8_private":1,"gr9_public_f":0,"gr9_public_e":0,"gr9_private":1,"gr10_public_f":0,"gr10_public_e":0,"gr10_private":0,"gr11s_public_f":2,"gr11s_public_e":0,"gr11s_private":1,"gr11e_public_f":0,"gr11e_public_e":1,"gr11e_private":0,"gr12sg_public_f":0,"gr12sg_public_e":0,"gr12sg_private":0,"gr12se_public_f":0,"gr12se_public_e":0,"gr12se_private":0,"gr12lh_public_f":"false","gr12lh_public_e":0,"gr12lh_private":"false","gr12sv_public_f":0,"gr12sv_public_e":0,"gr12sv_private":0,"tvet_public":4,"tvet_private":0,"uni":1,"syrians":0,"oosc":0,"teachers":0,"bath_hygiene":"fair","playground":"fair","corridor":"good","rooms_hygiene":"good","Is_waste_collected":"true","Collection_frequency":"weekly","construction":"false","yes_construction":null,"unified_authority":null,"documentation":null,"check_all":"false","Comments":"false","comments2":"MEHE facility","age0_6_months":null,"age6_12_months":null,"f_age0_6_months":null,"f_age6_12_months":null,"f_ages_1_3":null,"f_age_3_5":null,"f_age_6_12":null,"f_age_13_18":null,"f_age_19_57":null,"f_age_58_above":null,"Female_Headed_Households":null,"lost_kids":null,"chronic_disease":null,"diesel_fuel_tank":null,"count_tanks":null,"capacity_tank":null,"need_bin":null,"need_bin_240":null,"need_bin_1100":null,"status_2026":"used","gov_cad":"South","district_cad":"Jezzine","cad_name":"Bkessine","x":35.57565246,"y":33.56912916},"geometry":{"type":"Point","coordinates":[35.57565246,33.56912916]}},
{"type":"Feature","properties":{"objectid":81,"globalid":"c40f8085-355e-4020-9bfb-e549766a01e2","shelter_name":"مستوصف بنواتي","governorate_name":"South","district_name":"Jezzine","villages":"Benouati","lat_calc":33.576278,"long_calc":35.573897,"loc_calc":"33.576278 35.573897","structure_type":"Other","structure_type_other":"dispensary","cerd_number":null,"ministry_name":"مستوصف بنواتي","ACS":63144,"P_Code":"63144_001","focal":"سميرة درويش ","nb":70147426,"mosa_focal":"سهيلة بديع لبوس","mosa_focal_phone":71756046,"mehe_focal":null,"mehe_focalnb":null,"type_private_public":"public","other_specifyy":null,"status":"open","notes":null,"sourcee":"field","displaced_cas_code":63144,"phases":null,"nb_idps":18,"nb_families":6,"capacity":20,"male":15,"female":14,"age_0_1":0,"ages_1_3":2,"age_3_5":0,"age_6_12":0,"age_13_18":4,"age_19_57":9,"age_58_above":0,"disabilities_pregnant":null,"pregnant_women":0,"heating_disability":null,"visual_disability":0,"physical_disability":0,"interllectual_disability":null,"CreationDate":"2026-03-04T12:04:10","Creator":"Ramez.Hassan.961","EditDate":"2026-07-09T09:09:45","Editor":"EOR.JEZZINE","lactating_women":0,"hearing_disability":0,"mental_disability":0,"DONT_ADD":"true","old_global_id":null,"floorsnum":1,"totalrooms":0,"occ_rooms":5,"free_spaces":0,"free_rooms":0,"kitchen_found":"true","kitchen_found2":"false","type_meal":null,"toilets_male":1,"toilets_female":1,"toilets_not_used_male":0,"toilets_not_used_female":0,"water_source":"نبع الطاسة ","elec_source":"مؤسسة كهرباء لبنان ","bathtub_male":1,"bathtub_female":1,"generator":"false","generator_kva":null,"water_tank":1,"water_tank_capacity":5,"water_heater":2,"ac":0,"firedistinguisher":1,"first_aid":"true","wheelchair":0,"beds":0,"fridges":0,"washingmachines":1,"kitchen":"false","kids_area":0,"water_available":"true","need_water":10,"who_water":"مصلحة مياه لبنان الجنوبي","how_water":"امدادات","LAF_Focal":null,"LAF_shelter_name":null,"LAF_Phone_nb":null,"kg1_public_f":0,"kg1_public_e":1,"kg1_private":0,"kg2_public_f":0,"kg2_public_e":1,"kg2_private":0,"kg3_public_f":0,"kg3_public_e":0,"kg3_private":0,"gr1_public_f":0,"gr1_public_e":0,"gr1_private":0,"gr2_public_f":0,"gr2_public_e":0,"gr2_private":2,"gr3_public_f":0,"gr3_public_e":0,"gr3_private":0,"gr4_public_f":0,"gr4_public_e":0,"gr4_private":0,"gr5_public_f":0,"gr5_public_e":0,"gr5_private":0,"gr6_public_f":0,"gr6_public_e":0,"gr6_private":0,"gr7_public_f":0,"gr7_public_e":0,"gr7_private":1,"gr8_public_f":0,"gr8_public_e":0,"gr8_private":1,"gr9_public_f":0,"gr9_public_e":0,"gr9_private":0,"gr10_public_f":0,"gr10_public_e":0,"gr10_private":1,"gr11s_public_f":0,"gr11s_public_e":1,"gr11s_private":0,"gr11e_public_f":0,"gr11e_public_e":0,"gr11e_private":0,"gr12sg_public_f":0,"gr12sg_public_e":0,"gr12sg_private":0,"gr12se_public_f":0,"gr12se_public_e":0,"gr12se_private":0,"gr12lh_public_f":"false","gr12lh_public_e":0,"gr12lh_private":"false","gr12sv_public_f":1,"gr12sv_public_e":0,"gr12sv_private":0,"tvet_public":3,"tvet_private":0,"uni":1,"syrians":0,"oosc":0,"teachers":null,"bath_hygiene":"fair","playground":"fair","corridor":"good","rooms_hygiene":"good","Is_waste_collected":"true","Collection_frequency":"weekly","construction":"false","yes_construction":null,"unified_authority":"false","documentation":"false","check_all":null,"Comments":"false","comments2":"سجد","age0_6_months":0,"age6_12_months":0,"f_age0_6_months":0,"f_age6_12_months":0,"f_ages_1_3":0,"f_age_3_5":0,"f_age_6_12":3,"f_age_13_18":3,"f_age_19_57":8,"f_age_58_above":0,"Female_Headed_Households":null,"lost_kids":null,"chronic_disease":null,"diesel_fuel_tank":"false","count_tanks":null,"capacity_tank":null,"need_bin":null,"need_bin_240":null,"need_bin_1100":null,"status_2026":"used","gov_cad":"South","district_cad":"Jezzine","cad_name":"Benwati","x":35.57527599,"y":33.5745215},"geometry":{"type":"Point","coordinates":[35.57527599,33.5745215]}},
{"type":"Feature","properties":{"objectid":null,"globalid":null,"shelter_name":null,"governorate_name":null,"district_name":null,"villages":null,"lat_calc":null,"long_calc":null,"loc_calc":null,"structure_type":null,"structure_type_other":null,"cerd_number":null,"ministry_name":null,"ACS":null,"P_Code":null,"focal":null,"nb":null,"mosa_focal":null,"mosa_focal_phone":null,"mehe_focal":null,"mehe_focalnb":null,"type_private_public":null,"other_specifyy":null,"status":null,"notes":null,"sourcee":null,"displaced_cas_code":null,"phases":null,"nb_idps":null,"nb_families":null,"capacity":null,"male":null,"female":null,"age_0_1":null,"ages_1_3":null,"age_3_5":null,"age_6_12":null,"age_13_18":null,"age_19_57":null,"age_58_above":null,"disabilities_pregnant":null,"pregnant_women":null,"heating_disability":null,"visual_disability":null,"physical_disability":null,"interllectual_disability":null,"CreationDate":null,"Creator":null,"EditDate":null,"Editor":null,"lactating_women":null,"hearing_disability":null,"mental_disability":null,"DONT_ADD":null,"old_global_id":null,"floorsnum":null,"totalrooms":null,"occ_rooms":null,"free_spaces":null,"free_rooms":null,"kitchen_found":null,"kitchen_found2":null,"type_meal":null,"toilets_male":null,"toilets_female":null,"toilets_not_used_male":null,"toilets_not_used_female":null,"water_source":null,"elec_source":null,"bathtub_male":null,"bathtub_female":null,"generator":null,"generator_kva":null,"water_tank":null,"water_tank_capacity":null,"water_heater":null,"ac":null,"firedistinguisher":null,"first_aid":null,"wheelchair":null,"beds":null,"fridges":null,"washingmachines":null,"kitchen":null,"kids_area":null,"water_available":null,"need_water":null,"who_water":null,"how_water":null,"LAF_Focal":null,"LAF_shelter_name":null,"LAF_Phone_nb":null,"kg1_public_f":null,"kg1_public_e":null,"kg1_private":null,"kg2_public_f":null,"kg2_public_e":null,"kg2_private":null,"kg3_public_f":null,"kg3_public_e":null,"kg3_private":null,"gr1_public_f":null,"gr1_public_e":null,"gr1_private":null,"gr2_public_f":null,"gr2_public_e":null,"gr2_private":null,"gr3_public_f":null,"gr3_public_e":null,"gr3_private":null,"gr4_public_f":null,"gr4_public_e":null,"gr4_private":null,"gr5_public_f":null,"gr5_public_e":null,"gr5_private":null,"gr6_public_f":null,"gr6_public_e":null,"gr6_private":null,"gr7_public_f":null,"gr7_public_e":null,"gr7_private":null,"gr8_public_f":null,"gr8_public_e":null,"gr8_private":null,"gr9_public_f":null,"gr9_public_e":null,"gr9_private":null,"gr10_public_f":null,"gr10_public_e":null,"gr10_private":null,"gr11s_public_f":null,"gr11s_public_e":null,"gr11s_private":null,"gr11e_public_f":null,"gr11e_public_e":null,"gr11e_private":null,"gr12sg_public_f":null,"gr12sg_public_e":null,"gr12sg_private":null,"gr12se_public_f":null,"gr12se_public_e":null,"gr12se_private":null,"gr12lh_public_f":null,"gr12lh_public_e":null,"gr12lh_private":null,"gr12sv_public_f":null,"gr12sv_public_e":null,"gr12sv_private":null,"tvet_public":null,"tvet_private":null,"uni":null,"syrians":null,"oosc":null,"teachers":null,"bath_hygiene":null,"playground":null,"corridor":null,"rooms_hygiene":null,"Is_waste_collected":null,"Collection_frequency":null,"construction":null,"yes_construction":null,"unified_authority":null,"documentation":null,"check_all":null,"Comments":null,"comments2":"جباع","age0_6_months":null,"age6_12_months":null,"f_age0_6_months":null,"f_age6_12_months":null,"f_ages_1_3":null,"f_age_3_5":null,"f_age_6_12":null,"f_age_13_18":null,"f_age_19_57":null,"f_age_58_above":null,"Female_Headed_Households":null,"lost_kids":null,"chronic_disease":null,"diesel_fuel_tank":null,"count_tanks":null,"capacity_tank":null,"need_bin":null,"need_bin_240":null,"need_bin_1100":null,"status_2026":null,"gov_cad":null,"district_cad":null,"cad_name":null,"x":null,"y":null},"geometry":null},
{"type":"Feature","properties":{"objectid":null,"globalid":null,"shelter_name":null,"governorate_name":null,"district_name":null,"villages":null,"lat_calc":null,"long_calc":null,"loc_calc":null,"structure_type":null,"structure_type_other":null,"cerd_number":null,"ministry_name":null,"ACS":null,"P_Code":null,"focal":null,"nb":null,"mosa_focal":null,"mosa_focal_phone":null,"mehe_focal":null,"mehe_focalnb":null,"type_private_public":null,"other_specifyy":null,"status":null,"notes":null,"sourcee":null,"displaced_cas_code":null,"phases":null,"nb_idps":null,"nb_families":null,"capacity":null,"male":null,"female":null,"age_0_1":null,"ages_1_3":null,"age_3_5":null,"age_6_12":null,"age_13_18":null,"age_19_57":null,"age_58_above":null,"disabilities_pregnant":null,"pregnant_women":null,"heating_disability":null,"visual_disability":null,"physical_disability":null,"interllectual_disability":null,"CreationDate":null,"Creator":null,"EditDate":null,"Editor":null,"lactating_women":null,"hearing_disability":null,"mental_disability":null,"DONT_ADD":null,"old_global_id":null,"floorsnum":null,"totalrooms":null,"occ_rooms":null,"free_spaces":null,"free_rooms":null,"kitchen_found":null,"kitchen_found2":null,"type_meal":null,"toilets_male":null,"toilets_female":null,"toilets_not_used_male":null,"toilets_not_used_female":null,"water_source":null,"elec_source":null,"bathtub_male":null,"bathtub_female":null,"generator":null,"generator_kva":null,"water_tank":null,"water_tank_capacity":null,"water_heater":null,"ac":null,"firedistinguisher":null,"first_aid":null,"wheelchair":null,"beds":null,"fridges":null,"washingmachines":null,"kitchen":null,"kids_area":null,"water_available":null,"need_water":null,"who_water":null,"how_water":null,"LAF_Focal":null,"LAF_shelter_name":null,"LAF_Phone_nb":null,"kg1_public_f":null,"kg1_public_e":null,"kg1_private":null,"kg2_public_f":null,"kg2_public_e":null,"kg2_private":null,"kg3_public_f":null,"kg3_public_e":null,"kg3_private":null,"gr1_public_f":null,"gr1_public_e":null,"gr1_private":null,"gr2_public_f":null,"gr2_public_e":null,"gr2_private":null,"gr3_public_f":null,"gr3_public_e":null,"gr3_private":null,"gr4_public_f":null,"gr4_public_e":null,"gr4_private":null,"gr5_public_f":null,"gr5_public_e":null,"gr5_private":null,"gr6_public_f":null,"gr6_public_e":null,"gr6_private":null,"gr7_public_f":null,"gr7_public_e":null,"gr7_private":null,"gr8_public_f":null,"gr8_public_e":null,"gr8_private":null,"gr9_public_f":null,"gr9_public_e":null,"gr9_private":null,"gr10_public_f":null,"gr10_public_e":null,"gr10_private":null,"gr11s_public_f":null,"gr11s_public_e":null,"gr11s_private":null,"gr11e_public_f":null,"gr11e_public_e":null,"gr11e_private":null,"gr12sg_public_f":null,"gr12sg_public_e":null,"gr12sg_private":null,"gr12se_public_f":null,"gr12se_public_e":null,"gr12se_private":null,"gr12lh_public_f":null,"gr12lh_public_e":null,"gr12lh_private":null,"gr12sv_public_f":null,"gr12sv_public_e":null,"gr12sv_private":null,"tvet_public":null,"tvet_private":null,"uni":null,"syrians":null,"oosc":null,"teachers":null,"bath_hygiene":null,"playground":null,"corridor":null,"rooms_hygiene":null,"Is_waste_collected":null,"Collection_frequency":null,"construction":null,"yes_construction":null,"unified_authority":null,"documentation":null,"check_all":null,"Comments":null,"comments2":"بيت ياحون","age0_6_months":null,"age6_12_months":null,"f_age0_6_months":null,"f_age6_12_months":null,"f_ages_1_3":null,"f_age_3_5":null,"f_age_6_12":null,"f_age_13_18":null,"f_age_19_57":null,"f_age_58_above":null,"Female_Headed_Households":null,"lost_kids":null,"chronic_disease":null,"diesel_fuel_tank":null,"count_tanks":null,"capacity_tank":null,"need_bin":null,"need_bin_240":null,"need_bin_1100":null,"status_2026":null,"gov_cad":null,"district_cad":null,"cad_name":null,"x":null,"y":null},"geometry":null},
{"type":"Feature","properties":{"objectid":null,"globalid":null,"shelter_name":null,"governorate_name":null,"district_name":null,"villages":null,"lat_calc":null,"long_calc":null,"loc_calc":null,"structure_type":null,"structure_type_other":null,"cerd_number":null,"ministry_name":null,"ACS":null,"P_Code":null,"focal":null,"nb":null,"mosa_focal":null,"mosa_focal_phone":null,"mehe_focal":null,"mehe_focalnb":null,"type_private_public":null,"other_specifyy":null,"status":null,"notes":null,"sourcee":null,"displaced_cas_code":null,"phases":null,"nb_idps":null,"nb_families":null,"capacity":null,"male":null,"female":null,"age_0_1":null,"ages_1_3":null,"age_3_5":null,"age_6_12":null,"age_13_18":null,"age_19_57":null,"age_58_above":null,"disabilities_pregnant":null,"pregnant_women":null,"heating_disability":null,"visual_disability":null,"physical_disability":null,"interllectual_disability":null,"CreationDate":null,"Creator":null,"EditDate":null,"Editor":null,"lactating_women":null,"hearing_disability":null,"mental_disability":null,"DONT_ADD":null,"old_global_id":null,"floorsnum":null,"totalrooms":null,"occ_rooms":null,"free_spaces":null,"free_rooms":null,"kitchen_found":null,"kitchen_found2":null,"type_meal":null,"toilets_male":null,"toilets_female":null,"toilets_not_used_male":null,"toilets_not_used_female":null,"water_source":null,"elec_source":null,"bathtub_male":null,"bathtub_female":null,"generator":null,"generator_kva":null,"water_tank":null,"water_tank_capacity":null,"water_heater":null,"ac":null,"firedistinguisher":null,"first_aid":null,"wheelchair":null,"beds":null,"fridges":null,"washingmachines":null,"kitchen":null,"kids_area":null,"water_available":null,"need_water":null,"who_water":null,"how_water":null,"LAF_Focal":null,"LAF_shelter_name":null,"LAF_Phone_nb":null,"kg1_public_f":null,"kg1_public_e":null,"kg1_private":null,"kg2_public_f":null,"kg2_public_e":null,"kg2_private":null,"kg3_public_f":null,"kg3_public_e":null,"kg3_private":null,"gr1_public_f":null,"gr1_public_e":null,"gr1_private":null,"gr2_public_f":null,"gr2_public_e":null,"gr2_private":null,"gr3_public_f":null,"gr3_public_e":null,"gr3_private":null,"gr4_public_f":null,"gr4_public_e":null,"gr4_private":null,"gr5_public_f":null,"gr5_public_e":null,"gr5_private":null,"gr6_public_f":null,"gr6_public_e":null,"gr6_private":null,"gr7_public_f":null,"gr7_public_e":null,"gr7_private":null,"gr8_public_f":null,"gr8_public_e":null,"gr8_private":null,"gr9_public_f":null,"gr9_public_e":null,"gr9_private":null,"gr10_public_f":null,"gr10_public_e":null,"gr10_private":null,"gr11s_public_f":null,"gr11s_public_e":null,"gr11s_private":null,"gr11e_public_f":null,"gr11e_public_e":null,"gr11e_private":null,"gr12sg_public_f":null,"gr12sg_public_e":null,"gr12sg_private":null,"gr12se_public_f":null,"gr12se_public_e":null,"gr12se_private":null,"gr12lh_public_f":null,"gr12lh_public_e":null,"gr12lh_private":null,"gr12sv_public_f":null,"gr12sv_public_e":null,"gr12sv_private":null,"tvet_public":null,"tvet_private":null,"uni":null,"syrians":null,"oosc":null,"teachers":null,"bath_hygiene":null,"playground":null,"corridor":null,"rooms_hygiene":null,"Is_waste_collected":null,"Collection_frequency":null,"construction":null,"yes_construction":null,"unified_authority":null,"documentation":null,"check_all":null,"Comments":null,"comments2":"جبشيت","age0_6_months":null,"age6_12_months":null,"f_age0_6_months":null,"f_age6_12_months":null,"f_ages_1_3":null,"f_age_3_5":null,"f_age_6_12":null,"f_age_13_18":null,"f_age_19_57":null,"f_age_58_above":null,"Female_Headed_Households":null,"lost_kids":null,"chronic_disease":null,"diesel_fuel_tank":null,"count_tanks":null,"capacity_tank":null,"need_bin":null,"need_bin_240":null,"need_bin_1100":null,"status_2026":null,"gov_cad":null,"district_cad":null,"cad_name":null,"x":null,"y":null},"geometry":null},
{"type":"Feature","properties":{"objectid":88,"globalid":"9c6347e7-b8bd-4b12-a236-4c3638380341","shelter_name":"النجارية المتوسطة الرسمية","governorate_name":"South","district_name":"Saida","villages":"Najjaryie","lat_calc":33.471194,"long_calc":35.349789,"loc_calc":"33.471194 35.349789","structure_type":"School","structure_type_other":null,"cerd_number":1085,"ministry_name":"النجارية المتوسطة الرسمية","ACS":61464,"P_Code":"61464_001","focal":"عباس حلال","nb":70513014,"mosa_focal":"ريان الخروبي","mosa_focal_phone":3194656,"mehe_focal":"محمود سلمان حيدر","mehe_focalnb":"71531578","type_private_public":"public","other_specifyy":null,"status":"open","notes":null,"sourcee":"ministry","displaced_cas_code":61464,"phases":null,"nb_idps":77,"nb_families":20,"capacity":172,"male":80,"female":81,"age_0_1":1,"ages_1_3":2,"age_3_5":4,"age_6_12":8,"age_13_18":14,"age_19_57":39,"age_58_above":12,"disabilities_pregnant":null,"pregnant_women":1,"heating_disability":null,"visual_disability":2,"physical_disability":4,"interllectual_disability":null,"CreationDate":"2026-03-04T12:04:10","Creator":"Ramez.Hassan.961","EditDate":"2026-09-02T07:34:41","Editor":"EOR.SAIDA","lactating_women":2,"hearing_disability":1,"mental_disability":6,"DONT_ADD":"true","old_global_id":null,"floorsnum":4,"totalrooms":3,"occ_rooms":24,"free_spaces":null,"free_rooms":1,"kitchen_found":"false","kitchen_found2":null,"type_meal":null,"toilets_male":6,"toilets_female":6,"toilets_not_used_male":0,"toilets_not_used_female":0,"water_source":"شركة المياه","elec_source":"طاقة + موتور","bathtub_male":0,"bathtub_female":0,"generator":"true","generator_kva":15,"water_tank":6,"water_tank_capacity":5000,"water_heater":0,"ac":0,"firedistinguisher":0,"first_aid":"false","wheelchair":0,"beds":0,"fridges":1,"washingmachines":3,"kitchen":"false","kids_area":500,"water_available":"true","need_water":null,"who_water":"شركة المياه","how_water":"شفاط","LAF_Focal":null,"LAF_shelter_name":null,"LAF_Phone_nb":null,"kg1_public_f":0,"kg1_public_e":0,"kg1_private":0,"kg2_public_f":0,"kg2_public_e":1,"kg2_private":3,"kg3_public_f":0,"kg3_public_e":1,"kg3_private":3,"gr1_public_f":0,"gr1_public_e":1,"gr1_private":0,"gr2_public_f":0,"gr2_public_e":1,"gr2_private":2,"gr3_public_f":0,"gr3_public_e":2,"gr3_private":0,"gr4_public_f":0,"gr4_public_e":1,"gr4_private":0,"gr5_public_f":0,"gr5_public_e":2,"gr5_private":1,"gr6_public_f":0,"gr6_public_e":0,"gr6_private":0,"gr7_public_f":0,"gr7_public_e":3,"gr7_private":0,"gr8_public_f":0,"gr8_public_e":1,"gr8_private":0,"gr9_public_f":0,"gr9_public_e":2,"gr9_private":0,"gr10_public_f":0,"gr10_public_e":2,"gr10_private":0,"gr11s_public_f":0,"gr11s_public_e":0,"gr11s_private":0,"gr11e_public_f":0,"gr11e_public_e":0,"gr11e_private":0,"gr12sg_public_f":2,"gr12sg_public_e":0,"gr12sg_private":0,"gr12se_public_f":2,"gr12se_public_e":0,"gr12se_private":0,"gr12lh_public_f":"false","gr12lh_public_e":0,"gr12lh_private":"false","gr12sv_public_f":0,"gr12sv_public_e":0,"gr12sv_private":0,"tvet_public":5,"tvet_private":0,"uni":1,"syrians":0,"oosc":11,"teachers":1,"bath_hygiene":"fair","playground":"fair","corridor":"fair","rooms_hygiene":"good","Is_waste_collected":"true","Collection_frequency":"daily","construction":"false","yes_construction":null,"unified_authority":"true","documentation":"true","check_all":"true","Comments":null,"comments2":"بحاجة لحمامات بالطابق السفلي -  بحاجة الى صيانة طفايات ضروري (بحاجة للبرادي في الغرف)  كفرتبنيت ياطر نبطية عيترون","age0_6_months":1,"age6_12_months":0,"f_age0_6_months":0,"f_age6_12_months":1,"f_ages_1_3":5,"f_age_3_5":2,"f_age_6_12":12,"f_age_13_18":9,"f_age_19_57":43,"f_age_58_above":9,"Female_Headed_Households":8,"lost_kids":0,"chronic_disease":29,"diesel_fuel_tank":null,"count_tanks":null,"capacity_tank":null,"need_bin":null,"need_bin_240":null,"need_bin_1100":null,"status_2026":"used","gov_cad":"South","district_cad":"Saida","cad_name":"Nadjariat","x":35.34501374,"y":33.47778119},"geometry":{"type":"Point","coordinates":[35.34501374,33.47778119]}},
{"type":"Feature","properties":{"objectid":109,"globalid":"808e4e79-6b31-4d4a-96a9-3eb649ffa96e","shelter_name":"مرج الزهور المتوسطة الرسمية المختلطة","governorate_name":"El Nabatieh","district_name":"Hasbaya","villages":"Marj Ez Zouhour Dnaibe","lat_calc":33.465444,"long_calc":35.744361,"loc_calc":"33.465444 35.744361","structure_type":"School","structure_type_other":null,"cerd_number":1187,"ministry_name":"متوسطة مرج الزهور الرسمية","ACS":74131,"P_Code":"74131_001","focal":"علي بعلبكي","nb":3755907,"mosa_focal":"سليمان ابو سعد","mosa_focal_phone":71527004,"mehe_focal":null,"mehe_focalnb":null,"type_private_public":"public","other_specifyy":null,"status":"open","notes":null,"sourcee":"ministry","displaced_cas_code":74131,"phases":null,"nb_idps":139,"nb_families":28,"capacity":152,"male":71,"female":77,"age_0_1":3,"ages_1_3":5,"age_3_5":7,"age_6_12":5,"age_13_18":15,"age_19_57":34,"age_58_above":3,"disabilities_pregnant":null,"pregnant_women":1,"heating_disability":null,"visual_disability":0,"physical_disability":4,"interllectual_disability":null,"CreationDate":"2026-03-04T12:04:10","Creator":"Ramez.Hassan.961","EditDate":"2026-09-01T11:50:51","Editor":"EOR.SAIDA","lactating_women":0,"hearing_disability":3,"mental_disability":0,"DONT_ADD":"true","old_global_id":null,"floorsnum":3,"totalrooms":32,"occ_rooms":29,"free_spaces":2,"free_rooms":1,"kitchen_found":"false","kitchen_found2":null,"type_meal":null,"toilets_male":6,"toilets_female":6,"toilets_not_used_male":3,"toilets_not_used_female":3,"water_source":"من قبل الدفاع المدني","elec_source":"من قبل البلدية","bathtub_male":4,"bathtub_female":4,"generator":"false","generator_kva":null,"water_tank":2,"water_tank_capacity":4000,"water_heater":8,"ac":34,"firedistinguisher":null,"first_aid":"false","wheelchair":20,"beds":0,"fridges":0,"washingmachines":1,"kitchen":"false","kids_area":null,"water_available":"true","need_water":500,"who_water":"الدفاع المدني","how_water":"الدفاع المدني","LAF_Focal":null,"LAF_shelter_name":null,"LAF_Phone_nb":null,"kg1_public_f":0,"kg1_public_e":1,"kg1_private":0,"kg2_public_f":0,"kg2_public_e":1,"kg2_private":0,"kg3_public_f":0,"kg3_public_e":2,"kg3_private":0,"gr1_public_f":0,"gr1_public_e":5,"gr1_private":0,"gr2_public_f":0,"gr2_public_e":1,"gr2_private":0,"gr3_public_f":0,"gr3_public_e":2,"gr3_private":0,"gr4_public_f":0,"gr4_public_e":2,"gr4_private":0,"gr5_public_f":2,"gr5_public_e":2,"gr5_private":0,"gr6_public_f":0,"gr6_public_e":5,"gr6_private":0,"gr7_public_f":0,"gr7_public_e":9,"gr7_private":0,"gr8_public_f":1,"gr8_public_e":1,"gr8_private":0,"gr9_public_f":0,"gr9_public_e":1,"gr9_private":0,"gr10_public_f":0,"gr10_public_e":0,"gr10_private":0,"gr11s_public_f":0,"gr11s_public_e":1,"gr11s_private":0,"gr11e_public_f":0,"gr11e_public_e":1,"gr11e_private":0,"gr12sg_public_f":0,"gr12sg_public_e":0,"gr12sg_private":0,"gr12se_public_f":0,"gr12se_public_e":0,"gr12se_private":0,"gr12lh_public_f":"false","gr12lh_public_e":0,"gr12lh_private":"false","gr12sv_public_f":0,"gr12sv_public_e":0,"gr12sv_private":0,"tvet_public":3,"tvet_private":0,"uni":0,"syrians":6,"oosc":0,"teachers":0,"bath_hygiene":"fair","playground":"fair","corridor":"good","rooms_hygiene":"good","Is_waste_collected":"true","Collection_frequency":"weekly","construction":"false","yes_construction":null,"unified_authority":"false","documentation":"false","check_all":"true","Comments":"true","comments2":"MEHE facility","age0_6_months":2,"age6_12_months":0,"f_age0_6_months":0,"f_age6_12_months":0,"f_ages_1_3":6,"f_age_3_5":11,"f_age_6_12":13,"f_age_13_18":10,"f_age_19_57":35,"f_age_58_above":2,"Female_Headed_Households":0,"lost_kids":0,"chronic_disease":33,"diesel_fuel_tank":null,"count_tanks":null,"capacity_tank":null,"need_bin":null,"need_bin_240":null,"need_bin_1100":null,"status_2026":"used","gov_cad":"El Nabatieh","district_cad":"Hasbaya","cad_name":"Marj Ez-Zouhour (Haouch El-Qinnaabé)","x":35.74548962,"y":33.46494757},"geometry":{"type":"Point","coordinates":[35.74548962,33.46494757]}},
{"type":"Feature","properties":{"objectid":111,"globalid":"44a16bb5-4647-4f06-ad71-f84b4633eb7e","shelter_name":"دير صيدنايا","governorate_name":"El Nabatieh","district_name":"Hasbaya","villages":"Hasbaiya","lat_calc":33.39793,"long_calc":35.684222,"loc_calc":"33.39793 35.684222","structure_type":"religiou_place","structure_type_other":null,"cerd_number":null,"ministry_name":"دير صيدنايا","ACS":74111,"P_Code":"74111_004","focal":null,"nb":null,"mosa_focal":"رانية ديب","mosa_focal_phone":70800239,"mehe_focal":null,"mehe_focalnb":null,"type_private_public":"public","other_specifyy":null,"status":"open","notes":null,"sourcee":"field","displaced_cas_code":74111,"phases":null,"nb_idps":12,"nb_families":4,"capacity":36,"male":11,"female":16,"age_0_1":1,"ages_1_3":0,"age_3_5":0,"age_6_12":3,"age_13_18":0,"age_19_57":5,"age_58_above":3,"disabilities_pregnant":null,"pregnant_women":1,"heating_disability":null,"visual_disability":0,"physical_disability":0,"interllectual_disability":null,"CreationDate":"2026-03-04T12:04:10","Creator":"Ramez.Hassan.961","EditDate":"2026-09-01T12:32:18","Editor":"EOR.SAIDA","lactating_women":1,"hearing_disability":0,"mental_disability":0,"DONT_ADD":"true","old_global_id":null,"floorsnum":1,"totalrooms":4,"occ_rooms":4,"free_spaces":0,"free_rooms":0,"kitchen_found":"false","kitchen_found2":null,"type_meal":null,"toilets_male":2,"toilets_female":2,"toilets_not_used_male":0,"toilets_not_used_female":0,"water_source":"شبكة المياه","elec_source":"كهرباء الدولة و اشتراك البلدية","bathtub_male":2,"bathtub_female":2,"generator":"false","generator_kva":null,"water_tank":3,"water_tank_capacity":16000,"water_heater":1,"ac":1,"firedistinguisher":1,"first_aid":"true","wheelchair":null,"beds":null,"fridges":1,"washingmachines":2,"kitchen":"false","kids_area":null,"water_available":"false","need_water":20,"who_water":null,"how_water":null,"LAF_Focal":null,"LAF_shelter_name":null,"LAF_Phone_nb":null,"kg1_public_f":0,"kg1_public_e":0,"kg1_private":1,"kg2_public_f":0,"kg2_public_e":0,"kg2_private":0,"kg3_public_f":0,"kg3_public_e":0,"kg3_private":0,"gr1_public_f":0,"gr1_public_e":0,"gr1_private":1,"gr2_public_f":0,"gr2_public_e":0,"gr2_private":0,"gr3_public_f":0,"gr3_public_e":0,"gr3_private":1,"gr4_public_f":0,"gr4_public_e":0,"gr4_private":0,"gr5_public_f":0,"gr5_public_e":0,"gr5_private":1,"gr6_public_f":0,"gr6_public_e":0,"gr6_private":0,"gr7_public_f":0,"gr7_public_e":0,"gr7_private":0,"gr8_public_f":0,"gr8_public_e":0,"gr8_private":0,"gr9_public_f":0,"gr9_public_e":0,"gr9_private":0,"gr10_public_f":0,"gr10_public_e":0,"gr10_private":0,"gr11s_public_f":0,"gr11s_public_e":0,"gr11s_private":0,"gr11e_public_f":0,"gr11e_public_e":0,"gr11e_private":0,"gr12sg_public_f":0,"gr12sg_public_e":0,"gr12sg_private":0,"gr12se_public_f":0,"gr12se_public_e":0,"gr12se_private":0,"gr12lh_public_f":"false","gr12lh_public_e":0,"gr12lh_private":"false","gr12sv_public_f":0,"gr12sv_public_e":0,"gr12sv_private":0,"tvet_public":0,"tvet_private":0,"uni":0,"syrians":0,"oosc":0,"teachers":0,"bath_hygiene":"good","playground":null,"corridor":"good","rooms_hygiene":"good","Is_waste_collected":"true","Collection_frequency":"daily","construction":"false","yes_construction":null,"unified_authority":"true","documentation":"false","check_all":"false","Comments":"true","comments2":"ابل السقي راشيا الفخار دير ميماس","age0_6_months":0,"age6_12_months":0,"f_age0_6_months":1,"f_age6_12_months":0,"f_ages_1_3":0,"f_age_3_5":1,"f_age_6_12":1,"f_age_13_18":0,"f_age_19_57":10,"f_age_58_above":3,"Female_Headed_Households":0,"lost_kids":0,"chronic_disease":1,"diesel_fuel_tank":null,"count_tanks":null,"capacity_tank":null,"need_bin":null,"need_bin_240":null,"need_bin_1100":null,"status_2026":"used","gov_cad":"El Nabatieh","district_cad":"Hasbaya","cad_name":"Hasbaya","x":35.69177613,"y":33.39668432},"geometry":{"type":"Point","coordinates":[35.69177613,33.39668432]}},
{"type":"Feature","properties":{"objectid":121,"globalid":"de47c636-5f07-4786-9abc-1778990110ad","shelter_name":"عين مجدلين المتوسطة الرسمية","governorate_name":"South","district_name":"Jezzine","villages":"Jezzine","lat_calc":33.542319,"long_calc":35.58597,"loc_calc":"33.542319 35.58597","structure_type":"School","structure_type_other":null,"cerd_number":1121,"ministry_name":"مدرسة عين مجدولين الرسمية","ACS":63111,"P_Code":"63111_001","focal":"شربل عطيه","nb":70510293,"mosa_focal":"داني مارون كرم","mosa_focal_phone":78908324,"mehe_focal":null,"mehe_focalnb":null,"type_private_public":"public","other_specifyy":null,"status":"open","notes":null,"sourcee":"ministry","displaced_cas_code":63111,"phases":null,"nb_idps":127,"nb_families":38,"capacity":338,"male":171,"female":160,"age_0_1":6,"ages_1_3":14,"age_3_5":3,"age_6_12":29,"age_13_18":21,"age_19_57":72,"age_58_above":28,"disabilities_pregnant":null,"pregnant_women":1,"heating_disability":null,"visual_disability":0,"physical_disability":2,"interllectual_disability":null,"CreationDate":"2026-03-04T12:04:10","Creator":"Ramez.Hassan.961","EditDate":"2026-09-01T10:55:20","Editor":"EOR.JEZZINE","lactating_women":3,"hearing_disability":2,"mental_disability":1,"DONT_ADD":"true","old_global_id":null,"floorsnum":4,"totalrooms":70,"occ_rooms":70,"free_spaces":0,"free_rooms":0,"kitchen_found":"false","kitchen_found2":null,"type_meal":null,"toilets_male":15,"toilets_female":15,"toilets_not_used_male":0,"toilets_not_used_female":0,"water_source":"مصلحة مياه لبنان الجنوبي","elec_source":"مؤسسة كهرباء لبنان ","bathtub_male":7,"bathtub_female":6,"generator":"false","generator_kva":null,"water_tank":6,"water_tank_capacity":20000,"water_heater":7,"ac":0,"firedistinguisher":0,"first_aid":"false","wheelchair":1,"beds":0,"fridges":0,"washingmachines":2,"kitchen":"false","kids_area":null,"water_available":"true","need_water":10000,"who_water":"Oxfam","how_water":"صهريج ","LAF_Focal":null,"LAF_shelter_name":null,"LAF_Phone_nb":null,"kg1_public_f":0,"kg1_public_e":2,"kg1_private":3,"kg2_public_f":0,"kg2_public_e":3,"kg2_private":0,"kg3_public_f":0,"kg3_public_e":5,"kg3_private":0,"gr1_public_f":0,"gr1_public_e":5,"gr1_private":4,"gr2_public_f":0,"gr2_public_e":5,"gr2_private":4,"gr3_public_f":0,"gr3_public_e":5,"gr3_private":4,"gr4_public_f":1,"gr4_public_e":9,"gr4_private":3,"gr5_public_f":1,"gr5_public_e":2,"gr5_private":0,"gr6_public_f":0,"gr6_public_e":2,"gr6_private":1,"gr7_public_f":1,"gr7_public_e":6,"gr7_private":0,"gr8_public_f":0,"gr8_public_e":4,"gr8_private":1,"gr9_public_f":1,"gr9_public_e":2,"gr9_private":1,"gr10_public_f":0,"gr10_public_e":2,"gr10_private":1,"gr11s_public_f":0,"gr11s_public_e":0,"gr11s_private":0,"gr11e_public_f":0,"gr11e_public_e":0,"gr11e_private":0,"gr12sg_public_f":0,"gr12sg_public_e":0,"gr12sg_private":0,"gr12se_public_f":1,"gr12se_public_e":0,"gr12se_private":0,"gr12lh_public_f":"false","gr12lh_public_e":0,"gr12lh_private":"false","gr12sv_public_f":0,"gr12sv_public_e":0,"gr12sv_private":1,"tvet_public":6,"tvet_private":3,"uni":6,"syrians":0,"oosc":0,"teachers":1,"bath_hygiene":"fair","playground":"good","corridor":"good","rooms_hygiene":"good","Is_waste_collected":"true","Collection_frequency":"daily","construction":"false","yes_construction":null,"unified_authority":null,"documentation":null,"check_all":"true","Comments":"false","comments2":"MEHE facility","age0_6_months":1,"age6_12_months":3,"f_age0_6_months":0,"f_age6_12_months":0,"f_ages_1_3":5,"f_age_3_5":3,"f_age_6_12":21,"f_age_13_18":20,"f_age_19_57":81,"f_age_58_above":30,"Female_Headed_Households":13,"lost_kids":0,"chronic_disease":null,"diesel_fuel_tank":"false","count_tanks":null,"capacity_tank":null,"need_bin":null,"need_bin_240":null,"need_bin_1100":null,"status_2026":"used","gov_cad":"South","district_cad":"Jezzine","cad_name":"Djezzine","x":35.58441259,"y":33.543593},"geometry":{"type":"Point","coordinates":[35.58441259,33.543593]}},
{"type":"Feature","properties":{"objectid":123,"globalid":"059a985f-418a-46a8-853f-e83c34d862b8","shelter_name":"ثانوية مصطفى الزعتري الرسمية","governorate_name":"South","district_name":"Saida","villages":"Saida","lat_calc":33.562603,"long_calc":35.367789,"loc_calc":"33.562603 35.367789","structure_type":"School","structure_type_other":null,"cerd_number":1055,"ministry_name":"1055 - ثانوية مصطفى الزعتري الرسمية","ACS":61183,"P_Code":"61183_001","focal":"خالد ابو الريش","nb":76353832,"mosa_focal":"عبد البديع معين الدادا","mosa_focal_phone":70866876,"mehe_focal":"عبير هلال حبلي","mehe_focalnb":"70891443","type_private_public":"public","other_specifyy":null,"status":"open","notes":null,"sourcee":"ministry","displaced_cas_code":61115,"phases":1,"nb_idps":460,"nb_families":156,"capacity":1050,"male":304,"female":346,"age_0_1":3,"ages_1_3":1,"age_3_5":5,"age_6_12":16,"age_13_18":28,"age_19_57":222,"age_58_above":31,"disabilities_pregnant":null,"pregnant_women":2,"heating_disability":null,"visual_disability":0,"physical_disability":8,"interllectual_disability":null,"CreationDate":"2026-03-04T12:04:10","Creator":"Ramez.Hassan.961","EditDate":"2026-09-02T09:19:05","Editor":"EOR.SAIDA","lactating_women":11,"hearing_disability":1,"mental_disability":1,"DONT_ADD":"true","old_global_id":null,"floorsnum":3,"totalrooms":53,"occ_rooms":45,"free_spaces":0,"free_rooms":0,"kitchen_found":"false","kitchen_found2":null,"type_meal":null,"toilets_male":0,"toilets_female":0,"toilets_not_used_male":0,"toilets_not_used_female":0,"water_source":"لا يوجد مياه","elec_source":"طاقة","bathtub_male":3,"bathtub_female":3,"generator":"false","generator_kva":null,"water_tank":6,"water_tank_capacity":12000,"water_heater":4,"ac":2,"firedistinguisher":10,"first_aid":"false","wheelchair":5,"beds":0,"fridges":0,"washingmachines":2,"kitchen":"false","kids_area":0,"water_available":"false","need_water":60,"who_water":null,"how_water":null,"LAF_Focal":null,"LAF_shelter_name":null,"LAF_Phone_nb":null,"kg1_public_f":0,"kg1_public_e":2,"kg1_private":0,"kg2_public_f":0,"kg2_public_e":8,"kg2_private":0,"kg3_public_f":0,"kg3_public_e":0,"kg3_private":0,"gr1_public_f":0,"gr1_public_e":4,"gr1_private":0,"gr2_public_f":0,"gr2_public_e":4,"gr2_private":0,"gr3_public_f":0,"gr3_public_e":4,"gr3_private":0,"gr4_public_f":0,"gr4_public_e":4,"gr4_private":0,"gr5_public_f":0,"gr5_public_e":4,"gr5_private":0,"gr6_public_f":0,"gr6_public_e":6,"gr6_private":0,"gr7_public_f":0,"gr7_public_e":11,"gr7_private":2,"gr8_public_f":2,"gr8_public_e":6,"gr8_private":2,"gr9_public_f":0,"gr9_public_e":7,"gr9_private":0,"gr10_public_f":0,"gr10_public_e":7,"gr10_private":1,"gr11s_public_f":0,"gr11s_public_e":0,"gr11s_private":1,"gr11e_public_f":1,"gr11e_public_e":0,"gr11e_private":0,"gr12sg_public_f":0,"gr12sg_public_e":0,"gr12sg_private":1,"gr12se_public_f":0,"gr12se_public_e":0,"gr12se_private":0,"gr12lh_public_f":"true","gr12lh_public_e":0,"gr12lh_private":"false","gr12sv_public_f":0,"gr12sv_public_e":2,"gr12sv_private":0,"tvet_public":5,"tvet_private":8,"uni":14,"syrians":0,"oosc":5,"teachers":0,"bath_hygiene":"fair","playground":"fair","corridor":"fair","rooms_hygiene":"fair","Is_waste_collected":"true","Collection_frequency":"daily","construction":"false","yes_construction":null,"unified_authority":"true","documentation":"false","check_all":"false","Comments":"false","comments2":"منصوري مركبا قصيبة شعيتية قاقعيةالجسر حولا كفركلا معركة الطيبة تبنين","age0_6_months":0,"age6_12_months":1,"f_age0_6_months":0,"f_age6_12_months":1,"f_ages_1_3":1,"f_age_3_5":3,"f_age_6_12":10,"f_age_13_18":29,"f_age_19_57":284,"f_age_58_above":18,"Female_Headed_Households":10,"lost_kids":0,"chronic_disease":15,"diesel_fuel_tank":null,"count_tanks":null,"capacity_tank":null,"need_bin":null,"need_bin_240":null,"need_bin_1100":null,"status_2026":"used","gov_cad":"South","district_cad":"Saida","cad_name":"Saïda Dekerman","x":35.38078793,"y":33.54853484},"geometry":{"type":"Point","coordinates":[35.38078793,33.54853484]}},
{"type":"Feature","properties":{"objectid":152,"globalid":"ff295915-5286-4abd-b83f-25fd1f140eb6","shelter_name":"معهد صيدا الفني ","governorate_name":"South","district_name":"Saida","villages":"Saida","lat_calc":33.562603,"long_calc":35.367789,"loc_calc":"33.562603 35.367789","structure_type":"Institute","structure_type_other":null,"cerd_number":null,"ministry_name":"معهد صيدا الفني ","ACS":61115,"P_Code":"61115_008","focal":"ابراهيم ارناؤوط","nb":71379423,"mosa_focal":"جاكلين يونس","mosa_focal_phone":76933421,"mehe_focal":"فيصل جراده","mehe_focalnb":"76319677","type_private_public":"public","other_specifyy":null,"status":"open","notes":null,"sourcee":"ministry","displaced_cas_code":61115,"phases":null,"nb_idps":570,"nb_families":160,"capacity":1100,"male":null,"female":null,"age_0_1":22,"ages_1_3":null,"age_3_5":null,"age_6_12":null,"age_13_18":null,"age_19_57":null,"age_58_above":null,"disabilities_pregnant":null,"pregnant_women":null,"heating_disability":null,"visual_disability":null,"physical_disability":null,"interllectual_disability":null,"CreationDate":"2026-03-04T12:04:10","Creator":"Ramez.Hassan.961","EditDate":"2026-09-02T07:45:56","Editor":"EOR.SAIDA","lactating_women":null,"hearing_disability":null,"mental_disability":null,"DONT_ADD":"true","old_global_id":null,"floorsnum":2,"totalrooms":null,"occ_rooms":85,"free_spaces":0,"free_rooms":0,"kitchen_found":"true","kitchen_found2":"false","type_meal":null,"toilets_male":10,"toilets_female":10,"toilets_not_used_male":null,"toilets_not_used_female":null,"water_source":"شركة المياه","elec_source":"اشتراك","bathtub_male":13,"bathtub_female":13,"generator":"false","generator_kva":null,"water_tank":16,"water_tank_capacity":22000,"water_heater":3,"ac":0,"firedistinguisher":0,"first_aid":"true","wheelchair":0,"beds":0,"fridges":0,"washingmachines":0,"kitchen":"false","kids_area":null,"water_available":"false","need_water":null,"who_water":null,"how_water":null,"LAF_Focal":null,"LAF_shelter_name":null,"LAF_Phone_nb":null,"kg1_public_f":0,"kg1_public_e":18,"kg1_private":2,"kg2_public_f":0,"kg2_public_e":13,"kg2_private":3,"kg3_public_f":2,"kg3_public_e":10,"kg3_private":5,"gr1_public_f":2,"gr1_public_e":12,"gr1_private":6,"gr2_public_f":2,"gr2_public_e":17,"gr2_private":3,"gr3_public_f":2,"gr3_public_e":11,"gr3_private":5,"gr4_public_f":1,"gr4_public_e":19,"gr4_private":4,"gr5_public_f":1,"gr5_public_e":16,"gr5_private":4,"gr6_public_f":1,"gr6_public_e":11,"gr6_private":3,"gr7_public_f":3,"gr7_public_e":10,"gr7_private":7,"gr8_public_f":0,"gr8_public_e":7,"gr8_private":4,"gr9_public_f":2,"gr9_public_e":9,"gr9_private":2,"gr10_public_f":2,"gr10_public_e":3,"gr10_private":1,"gr11s_public_f":0,"gr11s_public_e":2,"gr11s_private":0,"gr11e_public_f":0,"gr11e_public_e":0,"gr11e_private":0,"gr12sg_public_f":0,"gr12sg_public_e":1,"gr12sg_private":0,"gr12se_public_f":2,"gr12se_public_e":3,"gr12se_private":0,"gr12lh_public_f":"false","gr12lh_public_e":0,"gr12lh_private":"false","gr12sv_public_f":0,"gr12sv_public_e":2,"gr12sv_private":0,"tvet_public":15,"tvet_private":9,"uni":10,"syrians":0,"oosc":8,"teachers":3,"bath_hygiene":null,"playground":null,"corridor":null,"rooms_hygiene":null,"Is_waste_collected":null,"Collection_frequency":null,"construction":null,"yes_construction":null,"unified_authority":null,"documentation":null,"check_all":null,"Comments":null,"comments2":"عيترون عيناتا يارين زوطر صور عيتا الشعب ","age0_6_months":null,"age6_12_months":null,"f_age0_6_months":null,"f_age6_12_months":null,"f_ages_1_3":null,"f_age_3_5":null,"f_age_6_12":null,"f_age_13_18":null,"f_age_19_57":null,"f_age_58_above":null,"Female_Headed_Households":null,"lost_kids":null,"chronic_disease":null,"diesel_fuel_tank":null,"count_tanks":null,"capacity_tank":null,"need_bin":null,"need_bin_240":null,"need_bin_1100":null,"status_2026":"used","gov_cad":"South","district_cad":"Saida","cad_name":"Saïda Dekerman","x":35.37214702,"y":33.5499817},"geometry":{"type":"Point","coordinates":[35.37214702,33.5499817]}},
{"type":"Feature","properties":{"objectid":153,"globalid":"9d8a2297-90e2-4cab-bb28-b1f55cfbb019","shelter_name":"الميه وميه المتوسطة الرسمية","governorate_name":"South","district_name":"Saida","villages":"Miyeh ou Miyeh","lat_calc":33.542983,"long_calc":35.396592,"loc_calc":"33.542983 35.396592","structure_type":"School","structure_type_other":null,"cerd_number":1061,"ministry_name":"1061 - الميه وميه المتوسطة الرسمية","ACS":61183,"P_Code":"61183_002","focal":"ايميل عبدالله","nb":70921702,"mosa_focal":"ميرنا سيقلي","mosa_focal_phone":3525945,"mehe_focal":"هلا قسطنطين","mehe_focalnb":"70048531","type_private_public":"public","other_specifyy":null,"status":"open","notes":null,"sourcee":"field","displaced_cas_code":61183,"phases":1,"nb_idps":58,"nb_families":13,"capacity":302,"male":129,"female":142,"age_0_1":3,"ages_1_3":2,"age_3_5":5,"age_6_12":27,"age_13_18":22,"age_19_57":64,"age_58_above":8,"disabilities_pregnant":null,"pregnant_women":0,"heating_disability":null,"visual_disability":1,"physical_disability":5,"interllectual_disability":null,"CreationDate":"2026-03-04T12:04:10","Creator":"Ramez.Hassan.961","EditDate":"2026-09-02T07:11:38","Editor":"EOR.SAIDA","lactating_women":0,"hearing_disability":0,"mental_disability":4,"DONT_ADD":"true","old_global_id":null,"floorsnum":3,"totalrooms":23,"occ_rooms":19,"free_spaces":0,"free_rooms":0,"kitchen_found":"false","kitchen_found2":null,"type_meal":null,"toilets_male":9,"toilets_female":9,"toilets_not_used_male":0,"toilets_not_used_female":0,"water_source":"بير ارتوازي","elec_source":"مولد بلدية + كهرباء الشركة","bathtub_male":2,"bathtub_female":2,"generator":"false","generator_kva":null,"water_tank":5,"water_tank_capacity":10000,"water_heater":4,"ac":0,"firedistinguisher":4,"first_aid":"true","wheelchair":0,"beds":0,"fridges":1,"washingmachines":0,"kitchen":"false","kids_area":2,"water_available":"false","need_water":100,"who_water":null,"how_water":null,"LAF_Focal":null,"LAF_shelter_name":null,"LAF_Phone_nb":null,"kg1_public_f":0,"kg1_public_e":4,"kg1_private":1,"kg2_public_f":0,"kg2_public_e":0,"kg2_private":1,"kg3_public_f":0,"kg3_public_e":1,"kg3_private":2,"gr1_public_f":0,"gr1_public_e":4,"gr1_private":1,"gr2_public_f":0,"gr2_public_e":2,"gr2_private":2,"gr3_public_f":0,"gr3_public_e":2,"gr3_private":1,"gr4_public_f":0,"gr4_public_e":3,"gr4_private":1,"gr5_public_f":0,"gr5_public_e":4,"gr5_private":3,"gr6_public_f":0,"gr6_public_e":1,"gr6_private":2,"gr7_public_f":0,"gr7_public_e":5,"gr7_private":1,"gr8_public_f":1,"gr8_public_e":4,"gr8_private":2,"gr9_public_f":0,"gr9_public_e":1,"gr9_private":3,"gr10_public_f":1,"gr10_public_e":1,"gr10_private":0,"gr11s_public_f":0,"gr11s_public_e":0,"gr11s_private":1,"gr11e_public_f":0,"gr11e_public_e":0,"gr11e_private":0,"gr12sg_public_f":0,"gr12sg_public_e":0,"gr12sg_private":0,"gr12se_public_f":1,"gr12se_public_e":2,"gr12se_private":0,"gr12lh_public_f":"false","gr12lh_public_e":0,"gr12lh_private":"false","gr12sv_public_f":0,"gr12sv_public_e":0,"gr12sv_private":1,"tvet_public":3,"tvet_private":2,"uni":5,"syrians":0,"oosc":8,"teachers":2,"bath_hygiene":"fair","playground":"fair","corridor":"good","rooms_hygiene":"good","Is_waste_collected":"true","Collection_frequency":"daily","construction":"false","yes_construction":null,"unified_authority":"true","documentation":"true","check_all":"true","Comments":null,"comments2":"(Baby Diapers: 2 Packs for 2 years old, 1 pack for 3 months old, 1 pack for 4 months old, 2 for 5 months,2 large 3 XL) النبطية صور","age0_6_months":1,"age6_12_months":0,"f_age0_6_months":1,"f_age6_12_months":3,"f_ages_1_3":2,"f_age_3_5":0,"f_age_6_12":17,"f_age_13_18":22,"f_age_19_57":82,"f_age_58_above":15,"Female_Headed_Households":20,"lost_kids":0,"chronic_disease":86,"diesel_fuel_tank":null,"count_tanks":null,"capacity_tank":null,"need_bin":null,"need_bin_240":null,"need_bin_1100":null,"status_2026":"used","gov_cad":"South","district_cad":"Saida","cad_name":"Miemié","x":35.39515766,"y":33.54163581},"geometry":{"type":"Point","coordinates":[35.39515766,33.54163581]}},
{"type":"Feature","properties":{"objectid":156,"globalid":"0b44b81e-c910-4d59-8e55-35580dd000e6","shelter_name":"اوتيل مونتانا","governorate_name":"South","district_name":"Saida","villages":"Merouaniye","lat_calc":33.446286,"long_calc":35.383272,"loc_calc":"33.446286 35.383272","structure_type":"Other","structure_type_other":"hotel","cerd_number":null,"ministry_name":"اوتيل مونتانا","ACS":61463,"P_Code":"61463_001","focal":"سلام بدرالدين","nb":70863462,"mosa_focal":"فؤاد الامين","mosa_focal_phone":3203230,"mehe_focal":null,"mehe_focalnb":null,"type_private_public":"private","other_specifyy":null,"status":"full","notes":null,"sourcee":"field","displaced_cas_code":61463,"phases":null,"nb_idps":635,"nb_families":210,"capacity":635,"male":265,"female":400,"age_0_1":5,"ages_1_3":8,"age_3_5":20,"age_6_12":39,"age_13_18":80,"age_19_57":100,"age_58_above":18,"disabilities_pregnant":null,"pregnant_women":0,"heating_disability":null,"visual_disability":0,"physical_disability":0,"interllectual_disability":null,"CreationDate":"2026-03-04T12:04:10","Creator":"Ramez.Hassan.961","EditDate":"2026-09-02T07:31:17","Editor":"EOR.SAIDA","lactating_women":0,"hearing_disability":0,"mental_disability":0,"DONT_ADD":"true","old_global_id":null,"floorsnum":3,"totalrooms":80,"occ_rooms":80,"free_spaces":0,"free_rooms":1,"kitchen_found":"true","kitchen_found2":"true","type_meal":"hot_cold_meal","toilets_male":40,"toilets_female":40,"toilets_not_used_male":0,"toilets_not_used_female":0,"water_source":"شركة خاصة","elec_source":"موتير ودولة","bathtub_male":40,"bathtub_female":40,"generator":"true","generator_kva":25,"water_tank":8,"water_tank_capacity":16000,"water_heater":25,"ac":0,"firedistinguisher":0,"first_aid":"true","wheelchair":0,"beds":0,"fridges":1,"washingmachines":0,"kitchen":"false","kids_area":3000,"water_available":"true","need_water":160,"who_water":"جمعيات","how_water":"عبر ناقلات المياه","LAF_Focal":null,"LAF_shelter_name":null,"LAF_Phone_nb":null,"kg1_public_f":null,"kg1_public_e":1,"kg1_private":2,"kg2_public_f":null,"kg2_public_e":4,"kg2_private":null,"kg3_public_f":null,"kg3_public_e":2,"kg3_private":null,"gr1_public_f":null,"gr1_public_e":3,"gr1_private":1,"gr2_public_f":null,"gr2_public_e":4,"gr2_private":2,"gr3_public_f":null,"gr3_public_e":3,"gr3_private":1,"gr4_public_f":null,"gr4_public_e":2,"gr4_private":3,"gr5_public_f":null,"gr5_public_e":4,"gr5_private":null,"gr6_public_f":1,"gr6_public_e":4,"gr6_private":2,"gr7_public_f":1,"gr7_public_e":4,"gr7_private":4,"gr8_public_f":null,"gr8_public_e":1,"gr8_private":null,"gr9_public_f":null,"gr9_public_e":4,"gr9_private":1,"gr10_public_f":3,"gr10_public_e":2,"gr10_private":null,"gr11s_public_f":null,"gr11s_public_e":null,"gr11s_private":1,"gr11e_public_f":null,"gr11e_public_e":null,"gr11e_private":null,"gr12sg_public_f":null,"gr12sg_public_e":null,"gr12sg_private":null,"gr12se_public_f":null,"gr12se_public_e":null,"gr12se_private":null,"gr12lh_public_f":null,"gr12lh_public_e":null,"gr12lh_private":null,"gr12sv_public_f":null,"gr12sv_public_e":null,"gr12sv_private":null,"tvet_public":3,"tvet_private":6,"uni":3,"syrians":null,"oosc":null,"teachers":7,"bath_hygiene":"fair","playground":"fair","corridor":"fair","rooms_hygiene":"fair","Is_waste_collected":"true","Collection_frequency":"weekly","construction":"false","yes_construction":null,"unified_authority":null,"documentation":null,"check_all":null,"Comments":null,"comments2":"عديسة طيبة عيترون ","age0_6_months":0,"age6_12_months":0,"f_age0_6_months":0,"f_age6_12_months":0,"f_ages_1_3":0,"f_age_3_5":100,"f_age_6_12":100,"f_age_13_18":100,"f_age_19_57":100,"f_age_58_above":0,"Female_Headed_Households":null,"lost_kids":null,"chronic_disease":null,"diesel_fuel_tank":null,"count_tanks":null,"capacity_tank":null,"need_bin":null,"need_bin_240":null,"need_bin_1100":null,"status_2026":"used","gov_cad":"South","district_cad":"Saida","cad_name":"El-Merwaniyé","x":35.38973531,"y":33.45887816},"geometry":{"type":"Point","coordinates":[35.38973531,33.45887816]}},
{"type":"Feature","properties":{"objectid":158,"globalid":"67fd3e5e-3d39-4ef8-88e8-dfe994a30912","shelter_name":"عالتراس كافيه","governorate_name":"South","district_name":"Jezzine","villages":"Mjaydel","lat_calc":33.517094,"long_calc":35.440044,"loc_calc":"33.517094 35.440044","structure_type":"Other","structure_type_other":"Restaurent","cerd_number":null,"ministry_name":"مطعم الرايز","ACS":63254,"P_Code":"63254_003","focal":"كميل المندلق","nb":3483530,"mosa_focal":null,"mosa_focal_phone":null,"mehe_focal":null,"mehe_focalnb":null,"type_private_public":"private","other_specifyy":null,"status":"open","notes":null,"sourcee":"ministry","displaced_cas_code":63254,"phases":null,"nb_idps":20,"nb_families":6,"capacity":51,"male":24,"female":28,"age_0_1":0,"ages_1_3":0,"age_3_5":1,"age_6_12":3,"age_13_18":3,"age_19_57":14,"age_58_above":3,"disabilities_pregnant":null,"pregnant_women":0,"heating_disability":null,"visual_disability":0,"physical_disability":1,"interllectual_disability":null,"CreationDate":"2026-03-04T12:04:10","Creator":"Ramez.Hassan.961","EditDate":"2026-08-22T06:24:15","Editor":"EOR.JEZZINE","lactating_women":0,"hearing_disability":0,"mental_disability":1,"DONT_ADD":"true","old_global_id":null,"floorsnum":1,"totalrooms":1,"occ_rooms":1,"free_spaces":0,"free_rooms":0,"kitchen_found":"true","kitchen_found2":"true","type_meal":"hot_cold_meal","toilets_male":4,"toilets_female":4,"toilets_not_used_male":0,"toilets_not_used_female":0,"water_source":"الدولة","elec_source":"الدولة","bathtub_male":4,"bathtub_female":4,"generator":"true","generator_kva":40,"water_tank":2,"water_tank_capacity":4000,"water_heater":4,"ac":1,"firedistinguisher":0,"first_aid":"false","wheelchair":null,"beds":null,"fridges":null,"washingmachines":null,"kitchen":"true","kids_area":1,"water_available":null,"need_water":null,"who_water":null,"how_water":null,"LAF_Focal":null,"LAF_shelter_name":null,"LAF_Phone_nb":null,"kg1_public_f":0,"kg1_public_e":1,"kg1_private":0,"kg2_public_f":0,"kg2_public_e":2,"kg2_private":0,"kg3_public_f":0,"kg3_public_e":0,"kg3_private":0,"gr1_public_f":0,"gr1_public_e":0,"gr1_private":0,"gr2_public_f":0,"gr2_public_e":0,"gr2_private":1,"gr3_public_f":0,"gr3_public_e":3,"gr3_private":0,"gr4_public_f":0,"gr4_public_e":1,"gr4_private":0,"gr5_public_f":0,"gr5_public_e":4,"gr5_private":1,"gr6_public_f":0,"gr6_public_e":0,"gr6_private":0,"gr7_public_f":0,"gr7_public_e":0,"gr7_private":0,"gr8_public_f":0,"gr8_public_e":2,"gr8_private":0,"gr9_public_f":0,"gr9_public_e":0,"gr9_private":0,"gr10_public_f":0,"gr10_public_e":0,"gr10_private":0,"gr11s_public_f":0,"gr11s_public_e":0,"gr11s_private":0,"gr11e_public_f":0,"gr11e_public_e":0,"gr11e_private":0,"gr12sg_public_f":0,"gr12sg_public_e":0,"gr12sg_private":0,"gr12se_public_f":0,"gr12se_public_e":0,"gr12se_private":0,"gr12lh_public_f":"false","gr12lh_public_e":0,"gr12lh_private":"false","gr12sv_public_f":0,"gr12sv_public_e":0,"gr12sv_private":0,"tvet_public":1,"tvet_private":0,"uni":0,"syrians":0,"oosc":0,"teachers":0,"bath_hygiene":"good","playground":"good","corridor":"good","rooms_hygiene":"good","Is_waste_collected":"true","Collection_frequency":"daily","construction":"false","yes_construction":null,"unified_authority":"true","documentation":"true","check_all":"false","Comments":"false","comments2":"كفرحتى","age0_6_months":0,"age6_12_months":0,"f_age0_6_months":0,"f_age6_12_months":0,"f_ages_1_3":0,"f_age_3_5":1,"f_age_6_12":3,"f_age_13_18":3,"f_age_19_57":16,"f_age_58_above":5,"Female_Headed_Households":0,"lost_kids":0,"chronic_disease":0,"diesel_fuel_tank":null,"count_tanks":null,"capacity_tank":null,"need_bin":null,"need_bin_240":null,"need_bin_1100":null,"status_2026":"used","gov_cad":"South","district_cad":"Jezzine","cad_name":"Mjaïdel","x":35.43378079,"y":33.52561064},"geometry":{"type":"Point","coordinates":[35.43378079,33.52561064]}},
{"type":"Feature","properties":{"objectid":null,"globalid":null,"shelter_name":null,"governorate_name":null,"district_name":null,"villages":null,"lat_calc":null,"long_calc":null,"loc_calc":null,"structure_type":null,"structure_type_other":null,"cerd_number":null,"ministry_name":null,"ACS":null,"P_Code":null,"focal":null,"nb":null,"mosa_focal":null,"mosa_focal_phone":null,"mehe_focal":null,"mehe_focalnb":null,"type_private_public":null,"other_specifyy":null,"status":null,"notes":null,"sourcee":null,"displaced_cas_code":null,"phases":null,"nb_idps":null,"nb_families":null,"capacity":null,"male":null,"female":null,"age_0_1":null,"ages_1_3":null,"age_3_5":null,"age_6_12":null,"age_13_18":null,"age_19_57":null,"age_58_above":null,"disabilities_pregnant":null,"pregnant_women":null,"heating_disability":null,"visual_disability":null,"physical_disability":null,"interllectual_disability":null,"CreationDate":null,"Creator":null,"EditDate":null,"Editor":null,"lactating_women":null,"hearing_disability":null,"mental_disability":null,"DONT_ADD":null,"old_global_id":null,"floorsnum":null,"totalrooms":null,"occ_rooms":null,"free_spaces":null,"free_rooms":null,"kitchen_found":null,"kitchen_found2":null,"type_meal":null,"toilets_male":null,"toilets_female":null,"toilets_not_used_male":null,"toilets_not_used_female":null,"water_source":null,"elec_source":null,"bathtub_male":null,"bathtub_female":null,"generator":null,"generator_kva":null,"water_tank":null,"water_tank_capacity":null,"water_heater":null,"ac":null,"firedistinguisher":null,"first_aid":null,"wheelchair":null,"beds":null,"fridges":null,"washingmachines":null,"kitchen":null,"kids_area":null,"water_available":null,"need_water":null,"who_water":null,"how_water":null,"LAF_Focal":null,"LAF_shelter_name":null,"LAF_Phone_nb":null,"kg1_public_f":null,"kg1_public_e":null,"kg1_private":null,"kg2_public_f":null,"kg2_public_e":null,"kg2_private":null,"kg3_public_f":null,"kg3_public_e":null,"kg3_private":null,"gr1_public_f":null,"gr1_public_e":null,"gr1_private":null,"gr2_public_f":null,"gr2_public_e":null,"gr2_private":null,"gr3_public_f":null,"gr3_public_e":null,"gr3_private":null,"gr4_public_f":null,"gr4_public_e":null,"gr4_private":null,"gr5_public_f":null,"gr5_public_e":null,"gr5_private":null,"gr6_public_f":null,"gr6_public_e":null,"gr6_private":null,"gr7_public_f":null,"gr7_public_e":null,"gr7_private":null,"gr8_public_f":null,"gr8_public_e":null,"gr8_private":null,"gr9_public_f":null,"gr9_public_e":null,"gr9_private":null,"gr10_public_f":null,"gr10_public_e":null,"gr10_private":null,"gr11s_public_f":null,"gr11s_public_e":null,"gr11s_private":null,"gr11e_public_f":null,"gr11e_public_e":null,"gr11e_private":null,"gr12sg_public_f":null,"gr12sg_public_e":null,"gr12sg_private":null,"gr12se_public_f":null,"gr12se_public_e":null,"gr12se_private":null,"gr12lh_public_f":null,"gr12lh_public_e":null,"gr12lh_private":null,"gr12sv_public_f":null,"gr12sv_public_e":null,"gr12sv_private":null,"tvet_public":null,"tvet_private":null,"uni":null,"syrians":null,"oosc":null,"teachers":null,"bath_hygiene":null,"playground":null,"corridor":null,"rooms_hygiene":null,"Is_waste_collected":null,"Collection_frequency":null,"construction":null,"yes_construction":null,"unified_authority":null,"documentation":null,"check_all":null,"Comments":null,"comments2":"كفرفيلا","age0_6_months":null,"age6_12_months":null,"f_age0_6_months":null,"f_age6_12_months":null,"f_ages_1_3":null,"f_age_3_5":null,"f_age_6_12":null,"f_age_13_18":null,"f_age_19_57":null,"f_age_58_above":null,"Female_Headed_Households":null,"lost_kids":null,"chronic_disease":null,"diesel_fuel_tank":null,"count_tanks":null,"capacity_tank":null,"need_bin":null,"need_bin_240":null,"need_bin_1100":null,"status_2026":null,"gov_cad":null,"district_cad":null,"cad_name":null,"x":null,"y":null},"geometry":null},
{"type":"Feature","properties":{"objectid":null,"globalid":null,"shelter_name":null,"governorate_name":null,"district_name":null,"villages":null,"lat_calc":null,"long_calc":null,"loc_calc":null,"structure_type":null,"structure_type_other":null,"cerd_number":null,"ministry_name":null,"ACS":null,"P_Code":null,"focal":null,"nb":null,"mosa_focal":null,"mosa_focal_phone":null,"mehe_focal":null,"mehe_focalnb":null,"type_private_public":null,"other_specifyy":null,"status":null,"notes":null,"sourcee":null,"displaced_cas_code":null,"phases":null,"nb_idps":null,"nb_families":null,"capacity":null,"male":null,"female":null,"age_0_1":null,"ages_1_3":null,"age_3_5":null,"age_6_12":null,"age_13_18":null,"age_19_57":null,"age_58_above":null,"disabilities_pregnant":null,"pregnant_women":null,"heating_disability":null,"visual_disability":null,"physical_disability":null,"interllectual_disability":null,"CreationDate":null,"Creator":null,"EditDate":null,"Editor":null,"lactating_women":null,"hearing_disability":null,"mental_disability":null,"DONT_ADD":null,"old_global_id":null,"floorsnum":null,"totalrooms":null,"occ_rooms":null,"free_spaces":null,"free_rooms":null,"kitchen_found":null,"kitchen_found2":null,"type_meal":null,"toilets_male":null,"toilets_female":null,"toilets_not_used_male":null,"toilets_not_used_female":null,"water_source":null,"elec_source":null,"bathtub_male":null,"bathtub_female":null,"generator":null,"generator_kva":null,"water_tank":null,"water_tank_capacity":null,"water_heater":null,"ac":null,"firedistinguisher":null,"first_aid":null,"wheelchair":null,"beds":null,"fridges":null,"washingmachines":null,"kitchen":null,"kids_area":null,"water_available":null,"need_water":null,"who_water":null,"how_water":null,"LAF_Focal":null,"LAF_shelter_name":null,"LAF_Phone_nb":null,"kg1_public_f":null,"kg1_public_e":null,"kg1_private":null,"kg2_public_f":null,"kg2_public_e":null,"kg2_private":null,"kg3_public_f":null,"kg3_public_e":null,"kg3_private":null,"gr1_public_f":null,"gr1_public_e":null,"gr1_private":null,"gr2_public_f":null,"gr2_public_e":null,"gr2_private":null,"gr3_public_f":null,"gr3_public_e":null,"gr3_private":null,"gr4_public_f":null,"gr4_public_e":null,"gr4_private":null,"gr5_public_f":null,"gr5_public_e":null,"gr5_private":null,"gr6_public_f":null,"gr6_public_e":null,"gr6_private":null,"gr7_public_f":null,"gr7_public_e":null,"gr7_private":null,"gr8_public_f":null,"gr8_public_e":null,"gr8_private":null,"gr9_public_f":null,"gr9_public_e":null,"gr9_private":null,"gr10_public_f":null,"gr10_public_e":null,"gr10_private":null,"gr11s_public_f":null,"gr11s_public_e":null,"gr11s_private":null,"gr11e_public_f":null,"gr11e_public_e":null,"gr11e_private":null,"gr12sg_public_f":null,"gr12sg_public_e":null,"gr12sg_private":null,"gr12se_public_f":null,"gr12se_public_e":null,"gr12se_private":null,"gr12lh_public_f":null,"gr12lh_public_e":null,"gr12lh_private":null,"gr12sv_public_f":null,"gr12sv_public_e":null,"gr12sv_private":null,"tvet_public":null,"tvet_private":null,"uni":null,"syrians":null,"oosc":null,"teachers":null,"bath_hygiene":null,"playground":null,"corridor":null,"rooms_hygiene":null,"Is_waste_collected":null,"Collection_frequency":null,"construction":null,"yes_construction":null,"unified_authority":null,"documentation":null,"check_all":null,"Comments":null,"comments2":"بنعفول","age0_6_months":null,"age6_12_months":null,"f_age0_6_months":null,"f_age6_12_months":null,"f_ages_1_3":null,"f_age_3_5":null,"f_age_6_12":null,"f_age_13_18":null,"f_age_19_57":null,"f_age_58_above":null,"Female_Headed_Households":null,"lost_kids":null,"chronic_disease":null,"diesel_fuel_tank":null,"count_tanks":null,"capacity_tank":null,"need_bin":null,"need_bin_240":null,"need_bin_1100":null,"status_2026":null,"gov_cad":null,"district_cad":null,"cad_name":null,"x":null,"y":null},"geometry":null},
{"type":"Feature","properties":{"objectid":null,"globalid":null,"shelter_name":null,"governorate_name":null,"district_name":null,"villages":null,"lat_calc":null,"long_calc":null,"loc_calc":null,"structure_type":null,"structure_type_other":null,"cerd_number":null,"ministry_name":null,"ACS":null,"P_Code":null,"focal":null,"nb":null,"mosa_focal":null,"mosa_focal_phone":null,"mehe_focal":null,"mehe_focalnb":null,"type_private_public":null,"other_specifyy":null,"status":null,"notes":null,"sourcee":null,"displaced_cas_code":null,"phases":null,"nb_idps":null,"nb_families":null,"capacity":null,"male":null,"female":null,"age_0_1":null,"ages_1_3":null,"age_3_5":null,"age_6_12":null,"age_13_18":null,"age_19_57":null,"age_58_above":null,"disabilities_pregnant":null,"pregnant_women":null,"heating_disability":null,"visual_disability":null,"physical_disability":null,"interllectual_disability":null,"CreationDate":null,"Creator":null,"EditDate":null,"Editor":null,"lactating_women":null,"hearing_disability":null,"mental_disability":null,"DONT_ADD":null,"old_global_id":null,"floorsnum":null,"totalrooms":null,"occ_rooms":null,"free_spaces":null,"free_rooms":null,"kitchen_found":null,"kitchen_found2":null,"type_meal":null,"toilets_male":null,"toilets_female":null,"toilets_not_used_male":null,"toilets_not_used_female":null,"water_source":null,"elec_source":null,"bathtub_male":null,"bathtub_female":null,"generator":null,"generator_kva":null,"water_tank":null,"water_tank_capacity":null,"water_heater":null,"ac":null,"firedistinguisher":null,"first_aid":null,"wheelchair":null,"beds":null,"fridges":null,"washingmachines":null,"kitchen":null,"kids_area":null,"water_available":null,"need_water":null,"who_water":null,"how_water":null,"LAF_Focal":null,"LAF_shelter_name":null,"LAF_Phone_nb":null,"kg1_public_f":null,"kg1_public_e":null,"kg1_private":null,"kg2_public_f":null,"kg2_public_e":null,"kg2_private":null,"kg3_public_f":null,"kg3_public_e":null,"kg3_private":null,"gr1_public_f":null,"gr1_public_e":null,"gr1_private":null,"gr2_public_f":null,"gr2_public_e":null,"gr2_private":null,"gr3_public_f":null,"gr3_public_e":null,"gr3_private":null,"gr4_public_f":null,"gr4_public_e":null,"gr4_private":null,"gr5_public_f":null,"gr5_public_e":null,"gr5_private":null,"gr6_public_f":null,"gr6_public_e":null,"gr6_private":null,"gr7_public_f":null,"gr7_public_e":null,"gr7_private":null,"gr8_public_f":null,"gr8_public_e":null,"gr8_private":null,"gr9_public_f":null,"gr9_public_e":null,"gr9_private":null,"gr10_public_f":null,"gr10_public_e":null,"gr10_private":null,"gr11s_public_f":null,"gr11s_public_e":null,"gr11s_private":null,"gr11e_public_f":null,"gr11e_public_e":null,"gr11e_private":null,"gr12sg_public_f":null,"gr12sg_public_e":null,"gr12sg_private":null,"gr12se_public_f":null,"gr12se_public_e":null,"gr12se_private":null,"gr12lh_public_f":null,"gr12lh_public_e":null,"gr12lh_private":null,"gr12sv_public_f":null,"gr12sv_public_e":null,"gr12sv_private":null,"tvet_public":null,"tvet_private":null,"uni":null,"syrians":null,"oosc":null,"teachers":null,"bath_hygiene":null,"playground":null,"corridor":null,"rooms_hygiene":null,"Is_waste_collected":null,"Collection_frequency":null,"construction":null,"yes_construction":null,"unified_authority":null,"documentation":null,"check_all":null,"Comments":null,"comments2":"شقرا","age0_6_months":null,"age6_12_months":null,"f_age0_6_months":null,"f_age6_12_months":null,"f_ages_1_3":null,"f_age_3_5":null,"f_age_6_12":null,"f_age_13_18":null,"f_age_19_57":null,"f_age_58_above":null,"Female_Headed_Households":null,"lost_kids":null,"chronic_disease":null,"diesel_fuel_tank":null,"count_tanks":null,"capacity_tank":null,"need_bin":null,"need_bin_240":null,"need_bin_1100":null,"status_2026":null,"gov_cad":null,"district_cad":null,"cad_name":null,"x":null,"y":null},"geometry":null},
{"type":"Feature","properties":{"objectid":null,"globalid":null,"shelter_name":null,"governorate_name":null,"district_name":null,"villages":null,"lat_calc":null,"long_calc":null,"loc_calc":null,"structure_type":null,"structure_type_other":null,"cerd_number":null,"ministry_name":null,"ACS":null,"P_Code":null,"focal":null,"nb":null,"mosa_focal":null,"mosa_focal_phone":null,"mehe_focal":null,"mehe_focalnb":null,"type_private_public":null,"other_specifyy":null,"status":null,"notes":null,"sourcee":null,"displaced_cas_code":null,"phases":null,"nb_idps":null,"nb_families":null,"capacity":null,"male":null,"female":null,"age_0_1":null,"ages_1_3":null,"age_3_5":null,"age_6_12":null,"age_13_18":null,"age_19_57":null,"age_58_above":null,"disabilities_pregnant":null,"pregnant_women":null,"heating_disability":null,"visual_disability":null,"physical_disability":null,"interllectual_disability":null,"CreationDate":null,"Creator":null,"EditDate":null,"Editor":null,"lactating_women":null,"hearing_disability":null,"mental_disability":null,"DONT_ADD":null,"old_global_id":null,"floorsnum":null,"totalrooms":null,"occ_rooms":null,"free_spaces":null,"free_rooms":null,"kitchen_found":null,"kitchen_found2":null,"type_meal":null,"toilets_male":null,"toilets_female":null,"toilets_not_used_male":null,"toilets_not_used_female":null,"water_source":null,"elec_source":null,"bathtub_male":null,"bathtub_female":null,"generator":null,"generator_kva":null,"water_tank":null,"water_tank_capacity":null,"water_heater":null,"ac":null,"firedistinguisher":null,"first_aid":null,"wheelchair":null,"beds":null,"fridges":null,"washingmachines":null,"kitchen":null,"kids_area":null,"water_available":null,"need_water":null,"who_water":null,"how_water":null,"LAF_Focal":null,"LAF_shelter_name":null,"LAF_Phone_nb":null,"kg1_public_f":null,"kg1_public_e":null,"kg1_private":null,"kg2_public_f":null,"kg2_public_e":null,"kg2_private":null,"kg3_public_f":null,"kg3_public_e":null,"kg3_private":null,"gr1_public_f":null,"gr1_public_e":null,"gr1_private":null,"gr2_public_f":null,"gr2_public_e":null,"gr2_private":null,"gr3_public_f":null,"gr3_public_e":null,"gr3_private":null,"gr4_public_f":null,"gr4_public_e":null,"gr4_private":null,"gr5_public_f":null,"gr5_public_e":null,"gr5_private":null,"gr6_public_f":null,"gr6_public_e":null,"gr6_private":null,"gr7_public_f":null,"gr7_public_e":null,"gr7_private":null,"gr8_public_f":null,"gr8_public_e":null,"gr8_private":null,"gr9_public_f":null,"gr9_public_e":null,"gr9_private":null,"gr10_public_f":null,"gr10_public_e":null,"gr10_private":null,"gr11s_public_f":null,"gr11s_public_e":null,"gr11s_private":null,"gr11e_public_f":null,"gr11e_public_e":null,"gr11e_private":null,"gr12sg_public_f":null,"gr12sg_public_e":null,"gr12sg_private":null,"gr12se_public_f":null,"gr12se_public_e":null,"gr12se_private":null,"gr12lh_public_f":null,"gr12lh_public_e":null,"gr12lh_private":null,"gr12sv_public_f":null,"gr12sv_public_e":null,"gr12sv_private":null,"tvet_public":null,"tvet_private":null,"uni":null,"syrians":null,"oosc":null,"teachers":null,"bath_hygiene":null,"playground":null,"corridor":null,"rooms_hygiene":null,"Is_waste_collected":null,"Collection_frequency":null,"construction":null,"yes_construction":null,"unified_authority":null,"documentation":null,"check_all":null,"Comments":null,"comments2":"الدوير","age0_6_months":null,"age6_12_months":null,"f_age0_6_months":null,"f_age6_12_months":null,"f_ages_1_3":null,"f_age_3_5":null,"f_age_6_12":null,"f_age_13_18":null,"f_age_19_57":null,"f_age_58_above":null,"Female_Headed_Households":null,"lost_kids":null,"chronic_disease":null,"diesel_fuel_tank":null,"count_tanks":null,"capacity_tank":null,"need_bin":null,"need_bin_240":null,"need_bin_1100":null,"status_2026":null,"gov_cad":null,"district_cad":null,"cad_name":null,"x":null,"y":null},"geometry":null},
{"type":"Feature","properties":{"objectid":null,"globalid":null,"shelter_name":null,"governorate_name":null,"district_name":null,"villages":null,"lat_calc":null,"long_calc":null,"loc_calc":null,"structure_type":null,"structure_type_other":null,"cerd_number":null,"ministry_name":null,"ACS":null,"P_Code":null,"focal":null,"nb":null,"mosa_focal":null,"mosa_focal_phone":null,"mehe_focal":null,"mehe_focalnb":null,"type_private_public":null,"other_specifyy":null,"status":null,"notes":null,"sourcee":null,"displaced_cas_code":null,"phases":null,"nb_idps":null,"nb_families":null,"capacity":null,"male":null,"female":null,"age_0_1":null,"ages_1_3":null,"age_3_5":null,"age_6_12":null,"age_13_18":null,"age_19_57":null,"age_58_above":null,"disabilities_pregnant":null,"pregnant_women":null,"heating_disability":null,"visual_disability":null,"physical_disability":null,"interllectual_disability":null,"CreationDate":null,"Creator":null,"EditDate":null,"Editor":null,"lactating_women":null,"hearing_disability":null,"mental_disability":null,"DONT_ADD":null,"old_global_id":null,"floorsnum":null,"totalrooms":null,"occ_rooms":null,"free_spaces":null,"free_rooms":null,"kitchen_found":null,"kitchen_found2":null,"type_meal":null,"toilets_male":null,"toilets_female":null,"toilets_not_used_male":null,"toilets_not_used_female":null,"water_source":null,"elec_source":null,"bathtub_male":null,"bathtub_female":null,"generator":null,"generator_kva":null,"water_tank":null,"water_tank_capacity":null,"water_heater":null,"ac":null,"firedistinguisher":null,"first_aid":null,"wheelchair":null,"beds":null,"fridges":null,"washingmachines":null,"kitchen":null,"kids_area":null,"water_available":null,"need_water":null,"who_water":null,"how_water":null,"LAF_Focal":null,"LAF_shelter_name":null,"LAF_Phone_nb":null,"kg1_public_f":null,"kg1_public_e":null,"kg1_private":null,"kg2_public_f":null,"kg2_public_e":null,"kg2_private":null,"kg3_public_f":null,"kg3_public_e":null,"kg3_private":null,"gr1_public_f":null,"gr1_public_e":null,"gr1_private":null,"gr2_public_f":null,"gr2_public_e":null,"gr2_private":null,"gr3_public_f":null,"gr3_public_e":null,"gr3_private":null,"gr4_public_f":null,"gr4_public_e":null,"gr4_private":null,"gr5_public_f":null,"gr5_public_e":null,"gr5_private":null,"gr6_public_f":null,"gr6_public_e":null,"gr6_private":null,"gr7_public_f":null,"gr7_public_e":null,"gr7_private":null,"gr8_public_f":null,"gr8_public_e":null,"gr8_private":null,"gr9_public_f":null,"gr9_public_e":null,"gr9_private":null,"gr10_public_f":null,"gr10_public_e":null,"gr10_private":null,"gr11s_public_f":null,"gr11s_public_e":null,"gr11s_private":null,"gr11e_public_f":null,"gr11e_public_e":null,"gr11e_private":null,"gr12sg_public_f":null,"gr12sg_public_e":null,"gr12sg_private":null,"gr12se_public_f":null,"gr12se_public_e":null,"gr12se_private":null,"gr12lh_public_f":null,"gr12lh_public_e":null,"gr12lh_private":null,"gr12sv_public_f":null,"gr12sv_public_e":null,"gr12sv_private":null,"tvet_public":null,"tvet_private":null,"uni":null,"syrians":null,"oosc":null,"teachers":null,"bath_hygiene":null,"playground":null,"corridor":null,"rooms_hygiene":null,"Is_waste_collected":null,"Collection_frequency":null,"construction":null,"yes_construction":null,"unified_authority":null,"documentation":null,"check_all":null,"Comments":null,"comments2":"تول","age0_6_months":null,"age6_12_months":null,"f_age0_6_months":null,"f_age6_12_months":null,"f_ages_1_3":null,"f_age_3_5":null,"f_age_6_12":null,"f_age_13_18":null,"f_age_19_57":null,"f_age_58_above":null,"Female_Headed_Households":null,"lost_kids":null,"chronic_disease":null,"diesel_fuel_tank":null,"count_tanks":null,"capacity_tank":null,"need_bin":null,"need_bin_240":null,"need_bin_1100":null,"status_2026":null,"gov_cad":null,"district_cad":null,"cad_name":null,"x":null,"y":null},"geometry":null},
{"type":"Feature","properties":{"objectid":null,"globalid":null,"shelter_name":null,"governorate_name":null,"district_name":null,"villages":null,"lat_calc":null,"long_calc":null,"loc_calc":null,"structure_type":null,"structure_type_other":null,"cerd_number":null,"ministry_name":null,"ACS":null,"P_Code":null,"focal":null,"nb":null,"mosa_focal":null,"mosa_focal_phone":null,"mehe_focal":null,"mehe_focalnb":null,"type_private_public":null,"other_specifyy":null,"status":null,"notes":null,"sourcee":null,"displaced_cas_code":null,"phases":null,"nb_idps":null,"nb_families":null,"capacity":null,"male":null,"female":null,"age_0_1":null,"ages_1_3":null,"age_3_5":null,"age_6_12":null,"age_13_18":null,"age_19_57":null,"age_58_above":null,"disabilities_pregnant":null,"pregnant_women":null,"heating_disability":null,"visual_disability":null,"physical_disability":null,"interllectual_disability":null,"CreationDate":null,"Creator":null,"EditDate":null,"Editor":null,"lactating_women":null,"hearing_disability":null,"mental_disability":null,"DONT_ADD":null,"old_global_id":null,"floorsnum":null,"totalrooms":null,"occ_rooms":null,"free_spaces":null,"free_rooms":null,"kitchen_found":null,"kitchen_found2":null,"type_meal":null,"toilets_male":null,"toilets_female":null,"toilets_not_used_male":null,"toilets_not_used_female":null,"water_source":null,"elec_source":null,"bathtub_male":null,"bathtub_female":null,"generator":null,"generator_kva":null,"water_tank":null,"water_tank_capacity":null,"water_heater":null,"ac":null,"firedistinguisher":null,"first_aid":null,"wheelchair":null,"beds":null,"fridges":null,"washingmachines":null,"kitchen":null,"kids_area":null,"water_available":null,"need_water":null,"who_water":null,"how_water":null,"LAF_Focal":null,"LAF_shelter_name":null,"LAF_Phone_nb":null,"kg1_public_f":null,"kg1_public_e":null,"kg1_private":null,"kg2_public_f":null,"kg2_public_e":null,"kg2_private":null,"kg3_public_f":null,"kg3_public_e":null,"kg3_private":null,"gr1_public_f":null,"gr1_public_e":null,"gr1_private":null,"gr2_public_f":null,"gr2_public_e":null,"gr2_private":null,"gr3_public_f":null,"gr3_public_e":null,"gr3_private":null,"gr4_public_f":null,"gr4_public_e":null,"gr4_private":null,"gr5_public_f":null,"gr5_public_e":null,"gr5_private":null,"gr6_public_f":null,"gr6_public_e":null,"gr6_private":null,"gr7_public_f":null,"gr7_public_e":null,"gr7_private":null,"gr8_public_f":null,"gr8_public_e":null,"gr8_private":null,"gr9_public_f":null,"gr9_public_e":null,"gr9_private":null,"gr10_public_f":null,"gr10_public_e":null,"gr10_private":null,"gr11s_public_f":null,"gr11s_public_e":null,"gr11s_private":null,"gr11e_public_f":null,"gr11e_public_e":null,"gr11e_private":null,"gr12sg_public_f":null,"gr12sg_public_e":null,"gr12sg_private":null,"gr12se_public_f":null,"gr12se_public_e":null,"gr12se_private":null,"gr12lh_public_f":null,"gr12lh_public_e":null,"gr12lh_private":null,"gr12sv_public_f":null,"gr12sv_public_e":null,"gr12sv_private":null,"tvet_public":null,"tvet_private":null,"uni":null,"syrians":null,"oosc":null,"teachers":null,"bath_hygiene":null,"playground":null,"corridor":null,"rooms_hygiene":null,"Is_waste_collected":null,"Collection_frequency":null,"construction":null,"yes_construction":null,"unified_authority":null,"documentation":null,"check_all":null,"Comments":null,"comments2":"كفرتبنيت","age0_6_months":null,"age6_12_months":null,"f_age0_6_months":null,"f_age6_12_months":null,"f_ages_1_3":null,"f_age_3_5":null,"f_age_6_12":null,"f_age_13_18":null,"f_age_19_57":null,"f_age_58_above":null,"Female_Headed_Households":null,"lost_kids":null,"chronic_disease":null,"diesel_fuel_tank":null,"count_tanks":null,"capacity_tank":null,"need_bin":null,"need_bin_240":null,"need_bin_1100":null,"status_2026":null,"gov_cad":null,"district_cad":null,"cad_name":null,"x":null,"y":null},"geometry":null},
{"type":"Feature","properties":{"objectid":null,"globalid":null,"shelter_name":null,"governorate_name":null,"district_name":null,"villages":null,"lat_calc":null,"long_calc":null,"loc_calc":null,"structure_type":null,"structure_type_other":null,"cerd_number":null,"ministry_name":null,"ACS":null,"P_Code":null,"focal":null,"nb":null,"mosa_focal":null,"mosa_focal_phone":null,"mehe_focal":null,"mehe_focalnb":null,"type_private_public":null,"other_specifyy":null,"status":null,"notes":null,"sourcee":null,"displaced_cas_code":null,"phases":null,"nb_idps":null,"nb_families":null,"capacity":null,"male":null,"female":null,"age_0_1":null,"ages_1_3":null,"age_3_5":null,"age_6_12":null,"age_13_18":null,"age_19_57":null,"age_58_above":null,"disabilities_pregnant":null,"pregnant_women":null,"heating_disability":null,"visual_disability":null,"physical_disability":null,"interllectual_disability":null,"CreationDate":null,"Creator":null,"EditDate":null,"Editor":null,"lactating_women":null,"hearing_disability":null,"mental_disability":null,"DONT_ADD":null,"old_global_id":null,"floorsnum":null,"totalrooms":null,"occ_rooms":null,"free_spaces":null,"free_rooms":null,"kitchen_found":null,"kitchen_found2":null,"type_meal":null,"toilets_male":null,"toilets_female":null,"toilets_not_used_male":null,"toilets_not_used_female":null,"water_source":null,"elec_source":null,"bathtub_male":null,"bathtub_female":null,"generator":null,"generator_kva":null,"water_tank":null,"water_tank_capacity":null,"water_heater":null,"ac":null,"firedistinguisher":null,"first_aid":null,"wheelchair":null,"beds":null,"fridges":null,"washingmachines":null,"kitchen":null,"kids_area":null,"water_available":null,"need_water":null,"who_water":null,"how_water":null,"LAF_Focal":null,"LAF_shelter_name":null,"LAF_Phone_nb":null,"kg1_public_f":null,"kg1_public_e":null,"kg1_private":null,"kg2_public_f":null,"kg2_public_e":null,"kg2_private":null,"kg3_public_f":null,"kg3_public_e":null,"kg3_private":null,"gr1_public_f":null,"gr1_public_e":null,"gr1_private":null,"gr2_public_f":null,"gr2_public_e":null,"gr2_private":null,"gr3_public_f":null,"gr3_public_e":null,"gr3_private":null,"gr4_public_f":null,"gr4_public_e":null,"gr4_private":null,"gr5_public_f":null,"gr5_public_e":null,"gr5_private":null,"gr6_public_f":null,"gr6_public_e":null,"gr6_private":null,"gr7_public_f":null,"gr7_public_e":null,"gr7_private":null,"gr8_public_f":null,"gr8_public_e":null,"gr8_private":null,"gr9_public_f":null,"gr9_public_e":null,"gr9_private":null,"gr10_public_f":null,"gr10_public_e":null,"gr10_private":null,"gr11s_public_f":null,"gr11s_public_e":null,"gr11s_private":null,"gr11e_public_f":null,"gr11e_public_e":null,"gr11e_private":null,"gr12sg_public_f":null,"gr12sg_public_e":null,"gr12sg_private":null,"gr12se_public_f":null,"gr12se_public_e":null,"gr12se_private":null,"gr12lh_public_f":null,"gr12lh_public_e":null,"gr12lh_private":null,"gr12sv_public_f":null,"gr12sv_public_e":null,"gr12sv_private":null,"tvet_public":null,"tvet_private":null,"uni":null,"syrians":null,"oosc":null,"teachers":null,"bath_hygiene":null,"playground":null,"corridor":null,"rooms_hygiene":null,"Is_waste_collected":null,"Collection_frequency":null,"construction":null,"yes_construction":null,"unified_authority":null,"documentation":null,"check_all":null,"Comments":null,"comments2":"عين قانا","age0_6_months":null,"age6_12_months":null,"f_age0_6_months":null,"f_age6_12_months":null,"f_ages_1_3":null,"f_age_3_5":null,"f_age_6_12":null,"f_age_13_18":null,"f_age_19_57":null,"f_age_58_above":null,"Female_Headed_Households":null,"lost_kids":null,"chronic_disease":null,"diesel_fuel_tank":null,"count_tanks":null,"capacity_tank":null,"need_bin":null,"need_bin_240":null,"need_bin_1100":null,"status_2026":null,"gov_cad":null,"district_cad":null,"cad_name":null,"x":null,"y":null},"geometry":null},
{"type":"Feature","properties":{"objectid":159,"globalid":"30d48d26-806a-4120-ba16-14142ad10c37","shelter_name":"قاعة الشيخ عبدالامير قبلان ","governorate_name":"South","district_name":"Saida","villages":"Haret Saida","lat_calc":33.556875,"long_calc":35.385889,"loc_calc":"33.556875 35.385889","structure_type":"Other","structure_type_other":"hall","cerd_number":null,"ministry_name":"قاعة الشيخ عبدالامير قبلان ","ACS":61159,"P_Code":"61159_004","focal":"مصطفى الزين","nb":81751115,"mosa_focal":"زينب الامين","mosa_focal_phone":79314604,"mehe_focal":null,"mehe_focalnb":null,"type_private_public":"private","other_specifyy":null,"status":"open","notes":null,"sourcee":"field","displaced_cas_code":61159,"phases":null,"nb_idps":72,"nb_families":29,"capacity":381,"male":64,"female":118,"age_0_1":7,"ages_1_3":0,"age_3_5":3,"age_6_12":7,"age_13_18":12,"age_19_57":29,"age_58_above":9,"disabilities_pregnant":null,"pregnant_women":0,"heating_disability":null,"visual_disability":0,"physical_disability":5,"interllectual_disability":null,"CreationDate":"2026-03-04T12:04:10","Creator":"Ramez.Hassan.961","EditDate":"2026-09-02T07:30:05","Editor":"EOR.SAIDA","lactating_women":1,"hearing_disability":0,"mental_disability":4,"DONT_ADD":"true","old_global_id":null,"floorsnum":2,"totalrooms":2,"occ_rooms":2,"free_spaces":0,"free_rooms":0,"kitchen_found":"false","kitchen_found2":null,"type_meal":null,"toilets_male":4,"toilets_female":3,"toilets_not_used_male":null,"toilets_not_used_female":null,"water_source":"حارة صيدا","elec_source":"طاقة شمسية","bathtub_male":1,"bathtub_female":3,"generator":"true","generator_kva":100,"water_tank":5,"water_tank_capacity":1000,"water_heater":0,"ac":0,"firedistinguisher":3,"first_aid":"false","wheelchair":0,"beds":0,"fridges":0,"washingmachines":2,"kitchen":"false","kids_area":null,"water_available":"false","need_water":20,"who_water":null,"how_water":null,"LAF_Focal":null,"LAF_shelter_name":null,"LAF_Phone_nb":null,"kg1_public_f":2,"kg1_public_e":0,"kg1_private":1,"kg2_public_f":0,"kg2_public_e":5,"kg2_private":1,"kg3_public_f":0,"kg3_public_e":4,"kg3_private":2,"gr1_public_f":1,"gr1_public_e":4,"gr1_private":2,"gr2_public_f":0,"gr2_public_e":6,"gr2_private":1,"gr3_public_f":0,"gr3_public_e":3,"gr3_private":2,"gr4_public_f":0,"gr4_public_e":8,"gr4_private":0,"gr5_public_f":0,"gr5_public_e":9,"gr5_private":1,"gr6_public_f":0,"gr6_public_e":2,"gr6_private":1,"gr7_public_f":0,"gr7_public_e":9,"gr7_private":1,"gr8_public_f":1,"gr8_public_e":3,"gr8_private":0,"gr9_public_f":0,"gr9_public_e":6,"gr9_private":0,"gr10_public_f":1,"gr10_public_e":0,"gr10_private":0,"gr11s_public_f":0,"gr11s_public_e":0,"gr11s_private":0,"gr11e_public_f":0,"gr11e_public_e":0,"gr11e_private":0,"gr12sg_public_f":0,"gr12sg_public_e":0,"gr12sg_private":0,"gr12se_public_f":0,"gr12se_public_e":1,"gr12se_private":0,"gr12lh_public_f":"false","gr12lh_public_e":0,"gr12lh_private":"false","gr12sv_public_f":0,"gr12sv_public_e":1,"gr12sv_private":0,"tvet_public":10,"tvet_private":0,"uni":4,"syrians":4,"oosc":6,"teachers":0,"bath_hygiene":"fair","playground":"good","corridor":"good","rooms_hygiene":"fair","Is_waste_collected":"true","Collection_frequency":"daily","construction":"false","yes_construction":null,"unified_authority":"true","documentation":"false","check_all":null,"Comments":null,"comments2":"شقرا عيترون كفركلا صريفا","age0_6_months":2,"age6_12_months":2,"f_age0_6_months":0,"f_age6_12_months":4,"f_ages_1_3":3,"f_age_3_5":5,"f_age_6_12":20,"f_age_13_18":22,"f_age_19_57":45,"f_age_58_above":19,"Female_Headed_Households":4,"lost_kids":2,"chronic_disease":18,"diesel_fuel_tank":null,"count_tanks":null,"capacity_tank":null,"need_bin":null,"need_bin_240":null,"need_bin_1100":null,"status_2026":"used","gov_cad":"South","district_cad":"Saida","cad_name":"Haret Saïda","x":35.39613004,"y":33.55622451},"geometry":{"type":"Point","coordinates":[35.39613004,33.55622451]}},
{"type":"Feature","properties":{"objectid":162,"globalid":"f34d1e7d-c1bc-4079-b30a-0bfbb36b4255","shelter_name":"ثانوية الإمام الصدر الرسمية صور","governorate_name":"South","district_name":"Sour","villages":"Sour","lat_calc":33.274117,"long_calc":35.192517,"loc_calc":"33.274117 35.192517","structure_type":"School","structure_type_other":null,"cerd_number":1226,"ministry_name":"ثانوية صور الرسمية للبنات","ACS":62111,"P_Code":"62111_006","focal":"يوسف شيخ عمر","nb":81705752,"mosa_focal":"ثريا عز الدين ","mosa_focal_phone":76130303,"mehe_focal":"سوسن فياض حسين","mehe_focalnb":"70428735","type_private_public":"public","other_specifyy":null,"status":"full","notes":null,"sourcee":"ministry","displaced_cas_code":62111,"phases":null,"nb_idps":168,"nb_families":44,"capacity":168,"male":100,"female":68,"age_0_1":0,"ages_1_3":5,"age_3_5":8,"age_6_12":18,"age_13_18":10,"age_19_57":49,"age_58_above":10,"disabilities_pregnant":null,"pregnant_women":1,"heating_disability":null,"visual_disability":0,"physical_disability":0,"interllectual_disability":null,"CreationDate":"2026-03-04T12:04:10","Creator":"Ramez.Hassan.961","EditDate":"2026-08-20T13:25:03","Editor":"EOR.TYRE","lactating_women":0,"hearing_disability":0,"mental_disability":0,"DONT_ADD":"true","old_global_id":null,"floorsnum":3,"totalrooms":43,"occ_rooms":43,"free_spaces":0,"free_rooms":0,"kitchen_found":"false","kitchen_found2":null,"type_meal":null,"toilets_male":15,"toilets_female":15,"toilets_not_used_male":4,"toilets_not_used_female":4,"water_source":"بير مياه + دولة","elec_source":"مولد كهرباء","bathtub_male":3,"bathtub_female":3,"generator":"true","generator_kva":800,"water_tank":2,"water_tank_capacity":18000,"water_heater":0,"ac":0,"firedistinguisher":12,"first_aid":"false","wheelchair":0,"beds":1,"fridges":1,"washingmachines":0,"kitchen":"false","kids_area":200,"water_available":"true","need_water":80,"who_water":"الدولة","how_water":"مؤسسة مياه لبنان","LAF_Focal":null,"LAF_shelter_name":null,"LAF_Phone_nb":null,"kg1_public_f":0,"kg1_public_e":1,"kg1_private":1,"kg2_public_f":0,"kg2_public_e":2,"kg2_private":1,"kg3_public_f":0,"kg3_public_e":4,"kg3_private":2,"gr1_public_f":0,"gr1_public_e":5,"gr1_private":3,"gr2_public_f":0,"gr2_public_e":8,"gr2_private":2,"gr3_public_f":0,"gr3_public_e":2,"gr3_private":2,"gr4_public_f":0,"gr4_public_e":7,"gr4_private":1,"gr5_public_f":0,"gr5_public_e":7,"gr5_private":0,"gr6_public_f":0,"gr6_public_e":6,"gr6_private":2,"gr7_public_f":0,"gr7_public_e":5,"gr7_private":2,"gr8_public_f":0,"gr8_public_e":3,"gr8_private":0,"gr9_public_f":0,"gr9_public_e":3,"gr9_private":0,"gr10_public_f":0,"gr10_public_e":5,"gr10_private":2,"gr11s_public_f":0,"gr11s_public_e":6,"gr11s_private":1,"gr11e_public_f":0,"gr11e_public_e":0,"gr11e_private":0,"gr12sg_public_f":0,"gr12sg_public_e":4,"gr12sg_private":0,"gr12se_public_f":0,"gr12se_public_e":0,"gr12se_private":0,"gr12lh_public_f":"false","gr12lh_public_e":0,"gr12lh_private":"false","gr12sv_public_f":0,"gr12sv_public_e":0,"gr12sv_private":0,"tvet_public":3,"tvet_private":2,"uni":6,"syrians":0,"oosc":10,"teachers":0,"bath_hygiene":"good","playground":"good","corridor":"good","rooms_hygiene":"good","Is_waste_collected":"true","Collection_frequency":"daily","construction":"false","yes_construction":null,"unified_authority":"true","documentation":"true","check_all":"false","Comments":"true","comments2":null,"age0_6_months":0,"age6_12_months":0,"f_age0_6_months":0,"f_age6_12_months":1,"f_ages_1_3":5,"f_age_3_5":2,"f_age_6_12":10,"f_age_13_18":10,"f_age_19_57":32,"f_age_58_above":8,"Female_Headed_Households":null,"lost_kids":null,"chronic_disease":null,"diesel_fuel_tank":null,"count_tanks":null,"capacity_tank":null,"need_bin":null,"need_bin_240":null,"need_bin_1100":null,"status_2026":"used","gov_cad":"South","district_cad":"Sour","cad_name":"Sour (Tyr)","x":35.19299447,"y":33.27279951},"geometry":{"type":"Point","coordinates":[35.19299447,33.27279951]}},
{"type":"Feature","properties":{"objectid":164,"globalid":"58b39cd7-ff38-4385-852f-8c46bd123508","shelter_name":"اوتيل غرانادا - روم ","governorate_name":"South","district_name":"Jezzine","villages":"Roum","lat_calc":33.549803,"long_calc":35.5266,"loc_calc":"33.549803 35.5266","structure_type":"Other","structure_type_other":"hotel","cerd_number":null,"ministry_name":"اوتيل غرانادا - روم ","ACS":63277,"P_Code":"63277_002","focal":"جوني حداد","nb":3465738,"mosa_focal":"ديما سليم حسن","mosa_focal_phone":70223721,"mehe_focal":null,"mehe_focalnb":null,"type_private_public":"private","other_specifyy":null,"status":"open","notes":null,"sourcee":"ministry","displaced_cas_code":63277,"phases":null,"nb_idps":54,"nb_families":18,"capacity":177,"male":84,"female":79,"age_0_1":5,"ages_1_3":5,"age_3_5":4,"age_6_12":12,"age_13_18":14,"age_19_57":41,"age_58_above":3,"disabilities_pregnant":null,"pregnant_women":2,"heating_disability":null,"visual_disability":null,"physical_disability":2,"interllectual_disability":null,"CreationDate":"2026-03-04T12:04:10","Creator":"Ramez.Hassan.961","EditDate":"2026-06-26T10:02:03","Editor":"EOR.JEZZINE","lactating_women":1,"hearing_disability":null,"mental_disability":2,"DONT_ADD":"true","old_global_id":null,"floorsnum":4,"totalrooms":31,"occ_rooms":31,"free_spaces":0,"free_rooms":0,"kitchen_found":"false","kitchen_found2":null,"type_meal":null,"toilets_male":0,"toilets_female":31,"toilets_not_used_male":0,"toilets_not_used_female":0,"water_source":"جمعية نبع","elec_source":"مؤسسة كهرباء لبنان  ","bathtub_male":31,"bathtub_female":0,"generator":"false","generator_kva":null,"water_tank":6,"water_tank_capacity":1200,"water_heater":6,"ac":0,"firedistinguisher":0,"first_aid":"false","wheelchair":0,"beds":0,"fridges":0,"washingmachines":3,"kitchen":"false","kids_area":0,"water_available":"false","need_water":40,"who_water":null,"how_water":null,"LAF_Focal":null,"LAF_shelter_name":null,"LAF_Phone_nb":null,"kg1_public_f":0,"kg1_public_e":0,"kg1_private":1,"kg2_public_f":1,"kg2_public_e":3,"kg2_private":5,"kg3_public_f":0,"kg3_public_e":2,"kg3_private":1,"gr1_public_f":0,"gr1_public_e":1,"gr1_private":1,"gr2_public_f":0,"gr2_public_e":0,"gr2_private":4,"gr3_public_f":0,"gr3_public_e":1,"gr3_private":1,"gr4_public_f":1,"gr4_public_e":2,"gr4_private":2,"gr5_public_f":0,"gr5_public_e":1,"gr5_private":3,"gr6_public_f":0,"gr6_public_e":2,"gr6_private":4,"gr7_public_f":0,"gr7_public_e":2,"gr7_private":2,"gr8_public_f":1,"gr8_public_e":3,"gr8_private":2,"gr9_public_f":0,"gr9_public_e":1,"gr9_private":3,"gr10_public_f":1,"gr10_public_e":1,"gr10_private":0,"gr11s_public_f":0,"gr11s_public_e":1,"gr11s_private":1,"gr11e_public_f":0,"gr11e_public_e":0,"gr11e_private":0,"gr12sg_public_f":0,"gr12sg_public_e":0,"gr12sg_private":2,"gr12se_public_f":0,"gr12se_public_e":0,"gr12se_private":0,"gr12lh_public_f":"false","gr12lh_public_e":0,"gr12lh_private":"false","gr12sv_public_f":0,"gr12sv_public_e":1,"gr12sv_private":1,"tvet_public":1,"tvet_private":1,"uni":0,"syrians":3,"oosc":1,"teachers":1,"bath_hygiene":"bad","playground":"bad","corridor":"bad","rooms_hygiene":"bad","Is_waste_collected":"true","Collection_frequency":null,"construction":"false","yes_construction":null,"unified_authority":null,"documentation":null,"check_all":"false","Comments":"false","comments2":"عرمتى","age0_6_months":3,"age6_12_months":2,"f_age0_6_months":0,"f_age6_12_months":0,"f_ages_1_3":3,"f_age_3_5":5,"f_age_6_12":6,"f_age_13_18":8,"f_age_19_57":42,"f_age_58_above":15,"Female_Headed_Households":null,"lost_kids":null,"chronic_disease":null,"diesel_fuel_tank":null,"count_tanks":null,"capacity_tank":null,"need_bin":null,"need_bin_240":null,"need_bin_1100":null,"status_2026":"used","gov_cad":"South","district_cad":"Jezzine","cad_name":"Roum","x":35.5283172,"y":33.5482092},"geometry":{"type":"Point","coordinates":[35.5283172,33.5482092]}},
{"type":"Feature","properties":{"objectid":null,"globalid":null,"shelter_name":null,"governorate_name":null,"district_name":null,"villages":null,"lat_calc":null,"long_calc":null,"loc_calc":null,"structure_type":null,"structure_type_other":null,"cerd_number":null,"ministry_name":null,"ACS":null,"P_Code":null,"focal":null,"nb":null,"mosa_focal":null,"mosa_focal_phone":null,"mehe_focal":null,"mehe_focalnb":null,"type_private_public":null,"other_specifyy":null,"status":null,"notes":null,"sourcee":null,"displaced_cas_code":null,"phases":null,"nb_idps":null,"nb_families":null,"capacity":null,"male":null,"female":null,"age_0_1":null,"ages_1_3":null,"age_3_5":null,"age_6_12":null,"age_13_18":null,"age_19_57":null,"age_58_above":null,"disabilities_pregnant":null,"pregnant_women":null,"heating_disability":null,"visual_disability":null,"physical_disability":null,"interllectual_disability":null,"CreationDate":null,"Creator":null,"EditDate":null,"Editor":null,"lactating_women":null,"hearing_disability":null,"mental_disability":null,"DONT_ADD":null,"old_global_id":null,"floorsnum":null,"totalrooms":null,"occ_rooms":null,"free_spaces":null,"free_rooms":null,"kitchen_found":null,"kitchen_found2":null,"type_meal":null,"toilets_male":null,"toilets_female":null,"toilets_not_used_male":null,"toilets_not_used_female":null,"water_source":null,"elec_source":null,"bathtub_male":null,"bathtub_female":null,"generator":null,"generator_kva":null,"water_tank":null,"water_tank_capacity":null,"water_heater":null,"ac":null,"firedistinguisher":null,"first_aid":null,"wheelchair":null,"beds":null,"fridges":null,"washingmachines":null,"kitchen":null,"kids_area":null,"water_available":null,"need_water":null,"who_water":null,"how_water":null,"LAF_Focal":null,"LAF_shelter_name":null,"LAF_Phone_nb":null,"kg1_public_f":null,"kg1_public_e":null,"kg1_private":null,"kg2_public_f":null,"kg2_public_e":null,"kg2_private":null,"kg3_public_f":null,"kg3_public_e":null,"kg3_private":null,"gr1_public_f":null,"gr1_public_e":null,"gr1_private":null,"gr2_public_f":null,"gr2_public_e":null,"gr2_private":null,"gr3_public_f":null,"gr3_public_e":null,"gr3_private":null,"gr4_public_f":null,"gr4_public_e":null,"gr4_private":null,"gr5_public_f":null,"gr5_public_e":null,"gr5_private":null,"gr6_public_f":null,"gr6_public_e":null,"gr6_private":null,"gr7_public_f":null,"gr7_public_e":null,"gr7_private":null,"gr8_public_f":null,"gr8_public_e":null,"gr8_private":null,"gr9_public_f":null,"gr9_public_e":null,"gr9_private":null,"gr10_public_f":null,"gr10_public_e":null,"gr10_private":null,"gr11s_public_f":null,"gr11s_public_e":null,"gr11s_private":null,"gr11e_public_f":null,"gr11e_public_e":null,"gr11e_private":null,"gr12sg_public_f":null,"gr12sg_public_e":null,"gr12sg_private":null,"gr12se_public_f":null,"gr12se_public_e":null,"gr12se_private":null,"gr12lh_public_f":null,"gr12lh_public_e":null,"gr12lh_private":null,"gr12sv_public_f":null,"gr12sv_public_e":null,"gr12sv_private":null,"tvet_public":null,"tvet_private":null,"uni":null,"syrians":null,"oosc":null,"teachers":null,"bath_hygiene":null,"playground":null,"corridor":null,"rooms_hygiene":null,"Is_waste_collected":null,"Collection_frequency":null,"construction":null,"yes_construction":null,"unified_authority":null,"documentation":null,"check_all":null,"Comments":null,"comments2":"كفرفيلا","age0_6_months":null,"age6_12_months":null,"f_age0_6_months":null,"f_age6_12_months":null,"f_ages_1_3":null,"f_age_3_5":null,"f_age_6_12":null,"f_age_13_18":null,"f_age_19_57":null,"f_age_58_above":null,"Female_Headed_Households":null,"lost_kids":null,"chronic_disease":null,"diesel_fuel_tank":null,"count_tanks":null,"capacity_tank":null,"need_bin":null,"need_bin_240":null,"need_bin_1100":null,"status_2026":null,"gov_cad":null,"district_cad":null,"cad_name":null,"x":null,"y":null},"geometry":null},
{"type":"Feature","properties":{"objectid":null,"globalid":null,"shelter_name":null,"governorate_name":null,"district_name":null,"villages":null,"lat_calc":null,"long_calc":null,"loc_calc":null,"structure_type":null,"structure_type_other":null,"cerd_number":null,"ministry_name":null,"ACS":null,"P_Code":null,"focal":null,"nb":null,"mosa_focal":null,"mosa_focal_phone":null,"mehe_focal":null,"mehe_focalnb":null,"type_private_public":null,"other_specifyy":null,"status":null,"notes":null,"sourcee":null,"displaced_cas_code":null,"phases":null,"nb_idps":null,"nb_families":null,"capacity":null,"male":null,"female":null,"age_0_1":null,"ages_1_3":null,"age_3_5":null,"age_6_12":null,"age_13_18":null,"age_19_57":null,"age_58_above":null,"disabilities_pregnant":null,"pregnant_women":null,"heating_disability":null,"visual_disability":null,"physical_disability":null,"interllectual_disability":null,"CreationDate":null,"Creator":null,"EditDate":null,"Editor":null,"lactating_women":null,"hearing_disability":null,"mental_disability":null,"DONT_ADD":null,"old_global_id":null,"floorsnum":null,"totalrooms":null,"occ_rooms":null,"free_spaces":null,"free_rooms":null,"kitchen_found":null,"kitchen_found2":null,"type_meal":null,"toilets_male":null,"toilets_female":null,"toilets_not_used_male":null,"toilets_not_used_female":null,"water_source":null,"elec_source":null,"bathtub_male":null,"bathtub_female":null,"generator":null,"generator_kva":null,"water_tank":null,"water_tank_capacity":null,"water_heater":null,"ac":null,"firedistinguisher":null,"first_aid":null,"wheelchair":null,"beds":null,"fridges":null,"washingmachines":null,"kitchen":null,"kids_area":null,"water_available":null,"need_water":null,"who_water":null,"how_water":null,"LAF_Focal":null,"LAF_shelter_name":null,"LAF_Phone_nb":null,"kg1_public_f":null,"kg1_public_e":null,"kg1_private":null,"kg2_public_f":null,"kg2_public_e":null,"kg2_private":null,"kg3_public_f":null,"kg3_public_e":null,"kg3_private":null,"gr1_public_f":null,"gr1_public_e":null,"gr1_private":null,"gr2_public_f":null,"gr2_public_e":null,"gr2_private":null,"gr3_public_f":null,"gr3_public_e":null,"gr3_private":null,"gr4_public_f":null,"gr4_public_e":null,"gr4_private":null,"gr5_public_f":null,"gr5_public_e":null,"gr5_private":null,"gr6_public_f":null,"gr6_public_e":null,"gr6_private":null,"gr7_public_f":null,"gr7_public_e":null,"gr7_private":null,"gr8_public_f":null,"gr8_public_e":null,"gr8_private":null,"gr9_public_f":null,"gr9_public_e":null,"gr9_private":null,"gr10_public_f":null,"gr10_public_e":null,"gr10_private":null,"gr11s_public_f":null,"gr11s_public_e":null,"gr11s_private":null,"gr11e_public_f":null,"gr11e_public_e":null,"gr11e_private":null,"gr12sg_public_f":null,"gr12sg_public_e":null,"gr12sg_private":null,"gr12se_public_f":null,"gr12se_public_e":null,"gr12se_private":null,"gr12lh_public_f":null,"gr12lh_public_e":null,"gr12lh_private":null,"gr12sv_public_f":null,"gr12sv_public_e":null,"gr12sv_private":null,"tvet_public":null,"tvet_private":null,"uni":null,"syrians":null,"oosc":null,"teachers":null,"bath_hygiene":null,"playground":null,"corridor":null,"rooms_hygiene":null,"Is_waste_collected":null,"Collection_frequency":null,"construction":null,"yes_construction":null,"unified_authority":null,"documentation":null,"check_all":null,"Comments":null,"comments2":"الغازية","age0_6_months":null,"age6_12_months":null,"f_age0_6_months":null,"f_age6_12_months":null,"f_ages_1_3":null,"f_age_3_5":null,"f_age_6_12":null,"f_age_13_18":null,"f_age_19_57":null,"f_age_58_above":null,"Female_Headed_Households":null,"lost_kids":null,"chronic_disease":null,"diesel_fuel_tank":null,"count_tanks":null,"capacity_tank":null,"need_bin":null,"need_bin_240":null,"need_bin_1100":null,"status_2026":null,"gov_cad":null,"district_cad":null,"cad_name":null,"x":null,"y":null},"geometry":null},
{"type":"Feature","properties":{"objectid":null,"globalid":null,"shelter_name":null,"governorate_name":null,"district_name":null,"villages":null,"lat_calc":null,"long_calc":null,"loc_calc":null,"structure_type":null,"structure_type_other":null,"cerd_number":null,"ministry_name":null,"ACS":null,"P_Code":null,"focal":null,"nb":null,"mosa_focal":null,"mosa_focal_phone":null,"mehe_focal":null,"mehe_focalnb":null,"type_private_public":null,"other_specifyy":null,"status":null,"notes":null,"sourcee":null,"displaced_cas_code":null,"phases":null,"nb_idps":null,"nb_families":null,"capacity":null,"male":null,"female":null,"age_0_1":null,"ages_1_3":null,"age_3_5":null,"age_6_12":null,"age_13_18":null,"age_19_57":null,"age_58_above":null,"disabilities_pregnant":null,"pregnant_women":null,"heating_disability":null,"visual_disability":null,"physical_disability":null,"interllectual_disability":null,"CreationDate":null,"Creator":null,"EditDate":null,"Editor":null,"lactating_women":null,"hearing_disability":null,"mental_disability":null,"DONT_ADD":null,"old_global_id":null,"floorsnum":null,"totalrooms":null,"occ_rooms":null,"free_spaces":null,"free_rooms":null,"kitchen_found":null,"kitchen_found2":null,"type_meal":null,"toilets_male":null,"toilets_female":null,"toilets_not_used_male":null,"toilets_not_used_female":null,"water_source":null,"elec_source":null,"bathtub_male":null,"bathtub_female":null,"generator":null,"generator_kva":null,"water_tank":null,"water_tank_capacity":null,"water_heater":null,"ac":null,"firedistinguisher":null,"first_aid":null,"wheelchair":null,"beds":null,"fridges":null,"washingmachines":null,"kitchen":null,"kids_area":null,"water_available":null,"need_water":null,"who_water":null,"how_water":null,"LAF_Focal":null,"LAF_shelter_name":null,"LAF_Phone_nb":null,"kg1_public_f":null,"kg1_public_e":null,"kg1_private":null,"kg2_public_f":null,"kg2_public_e":null,"kg2_private":null,"kg3_public_f":null,"kg3_public_e":null,"kg3_private":null,"gr1_public_f":null,"gr1_public_e":null,"gr1_private":null,"gr2_public_f":null,"gr2_public_e":null,"gr2_private":null,"gr3_public_f":null,"gr3_public_e":null,"gr3_private":null,"gr4_public_f":null,"gr4_public_e":null,"gr4_private":null,"gr5_public_f":null,"gr5_public_e":null,"gr5_private":null,"gr6_public_f":null,"gr6_public_e":null,"gr6_private":null,"gr7_public_f":null,"gr7_public_e":null,"gr7_private":null,"gr8_public_f":null,"gr8_public_e":null,"gr8_private":null,"gr9_public_f":null,"gr9_public_e":null,"gr9_private":null,"gr10_public_f":null,"gr10_public_e":null,"gr10_private":null,"gr11s_public_f":null,"gr11s_public_e":null,"gr11s_private":null,"gr11e_public_f":null,"gr11e_public_e":null,"gr11e_private":null,"gr12sg_public_f":null,"gr12sg_public_e":null,"gr12sg_private":null,"gr12se_public_f":null,"gr12se_public_e":null,"gr12se_private":null,"gr12lh_public_f":null,"gr12lh_public_e":null,"gr12lh_private":null,"gr12sv_public_f":null,"gr12sv_public_e":null,"gr12sv_private":null,"tvet_public":null,"tvet_private":null,"uni":null,"syrians":null,"oosc":null,"teachers":null,"bath_hygiene":null,"playground":null,"corridor":null,"rooms_hygiene":null,"Is_waste_collected":null,"Collection_frequency":null,"construction":null,"yes_construction":null,"unified_authority":null,"documentation":null,"check_all":null,"Comments":null,"comments2":"الضاحية","age0_6_months":null,"age6_12_months":null,"f_age0_6_months":null,"f_age6_12_months":null,"f_ages_1_3":null,"f_age_3_5":null,"f_age_6_12":null,"f_age_13_18":null,"f_age_19_57":null,"f_age_58_above":null,"Female_Headed_Households":null,"lost_kids":null,"chronic_disease":null,"diesel_fuel_tank":null,"count_tanks":null,"capacity_tank":null,"need_bin":null,"need_bin_240":null,"need_bin_1100":null,"status_2026":null,"gov_cad":null,"district_cad":null,"cad_name":null,"x":null,"y":null},"geometry":null},
{"type":"Feature","properties":{"objectid":null,"globalid":null,"shelter_name":null,"governorate_name":null,"district_name":null,"villages":null,"lat_calc":null,"long_calc":null,"loc_calc":null,"structure_type":null,"structure_type_other":null,"cerd_number":null,"ministry_name":null,"ACS":null,"P_Code":null,"focal":null,"nb":null,"mosa_focal":null,"mosa_focal_phone":null,"mehe_focal":null,"mehe_focalnb":null,"type_private_public":null,"other_specifyy":null,"status":null,"notes":null,"sourcee":null,"displaced_cas_code":null,"phases":null,"nb_idps":null,"nb_families":null,"capacity":null,"male":null,"female":null,"age_0_1":null,"ages_1_3":null,"age_3_5":null,"age_6_12":null,"age_13_18":null,"age_19_57":null,"age_58_above":null,"disabilities_pregnant":null,"pregnant_women":null,"heating_disability":null,"visual_disability":null,"physical_disability":null,"interllectual_disability":null,"CreationDate":null,"Creator":null,"EditDate":null,"Editor":null,"lactating_women":null,"hearing_disability":null,"mental_disability":null,"DONT_ADD":null,"old_global_id":null,"floorsnum":null,"totalrooms":null,"occ_rooms":null,"free_spaces":null,"free_rooms":null,"kitchen_found":null,"kitchen_found2":null,"type_meal":null,"toilets_male":null,"toilets_female":null,"toilets_not_used_male":null,"toilets_not_used_female":null,"water_source":null,"elec_source":null,"bathtub_male":null,"bathtub_female":null,"generator":null,"generator_kva":null,"water_tank":null,"water_tank_capacity":null,"water_heater":null,"ac":null,"firedistinguisher":null,"first_aid":null,"wheelchair":null,"beds":null,"fridges":null,"washingmachines":null,"kitchen":null,"kids_area":null,"water_available":null,"need_water":null,"who_water":null,"how_water":null,"LAF_Focal":null,"LAF_shelter_name":null,"LAF_Phone_nb":null,"kg1_public_f":null,"kg1_public_e":null,"kg1_private":null,"kg2_public_f":null,"kg2_public_e":null,"kg2_private":null,"kg3_public_f":null,"kg3_public_e":null,"kg3_private":null,"gr1_public_f":null,"gr1_public_e":null,"gr1_private":null,"gr2_public_f":null,"gr2_public_e":null,"gr2_private":null,"gr3_public_f":null,"gr3_public_e":null,"gr3_private":null,"gr4_public_f":null,"gr4_public_e":null,"gr4_private":null,"gr5_public_f":null,"gr5_public_e":null,"gr5_private":null,"gr6_public_f":null,"gr6_public_e":null,"gr6_private":null,"gr7_public_f":null,"gr7_public_e":null,"gr7_private":null,"gr8_public_f":null,"gr8_public_e":null,"gr8_private":null,"gr9_public_f":null,"gr9_public_e":null,"gr9_private":null,"gr10_public_f":null,"gr10_public_e":null,"gr10_private":null,"gr11s_public_f":null,"gr11s_public_e":null,"gr11s_private":null,"gr11e_public_f":null,"gr11e_public_e":null,"gr11e_private":null,"gr12sg_public_f":null,"gr12sg_public_e":null,"gr12sg_private":null,"gr12se_public_f":null,"gr12se_public_e":null,"gr12se_private":null,"gr12lh_public_f":null,"gr12lh_public_e":null,"gr12lh_private":null,"gr12sv_public_f":null,"gr12sv_public_e":null,"gr12sv_private":null,"tvet_public":null,"tvet_private":null,"uni":null,"syrians":null,"oosc":null,"teachers":null,"bath_hygiene":null,"playground":null,"corridor":null,"rooms_hygiene":null,"Is_waste_collected":null,"Collection_frequency":null,"construction":null,"yes_construction":null,"unified_authority":null,"documentation":null,"check_all":null,"Comments":null,"comments2":"الجميجمة","age0_6_months":null,"age6_12_months":null,"f_age0_6_months":null,"f_age6_12_months":null,"f_ages_1_3":null,"f_age_3_5":null,"f_age_6_12":null,"f_age_13_18":null,"f_age_19_57":null,"f_age_58_above":null,"Female_Headed_Households":null,"lost_kids":null,"chronic_disease":null,"diesel_fuel_tank":null,"count_tanks":null,"capacity_tank":null,"need_bin":null,"need_bin_240":null,"need_bin_1100":null,"status_2026":null,"gov_cad":null,"district_cad":null,"cad_name":null,"x":null,"y":null},"geometry":null},
{"type":"Feature","properties":{"objectid":null,"globalid":null,"shelter_name":null,"governorate_name":null,"district_name":null,"villages":null,"lat_calc":null,"long_calc":null,"loc_calc":null,"structure_type":null,"structure_type_other":null,"cerd_number":null,"ministry_name":null,"ACS":null,"P_Code":null,"focal":null,"nb":null,"mosa_focal":null,"mosa_focal_phone":null,"mehe_focal":null,"mehe_focalnb":null,"type_private_public":null,"other_specifyy":null,"status":null,"notes":null,"sourcee":null,"displaced_cas_code":null,"phases":null,"nb_idps":null,"nb_families":null,"capacity":null,"male":null,"female":null,"age_0_1":null,"ages_1_3":null,"age_3_5":null,"age_6_12":null,"age_13_18":null,"age_19_57":null,"age_58_above":null,"disabilities_pregnant":null,"pregnant_women":null,"heating_disability":null,"visual_disability":null,"physical_disability":null,"interllectual_disability":null,"CreationDate":null,"Creator":null,"EditDate":null,"Editor":null,"lactating_women":null,"hearing_disability":null,"mental_disability":null,"DONT_ADD":null,"old_global_id":null,"floorsnum":null,"totalrooms":null,"occ_rooms":null,"free_spaces":null,"free_rooms":null,"kitchen_found":null,"kitchen_found2":null,"type_meal":null,"toilets_male":null,"toilets_female":null,"toilets_not_used_male":null,"toilets_not_used_female":null,"water_source":null,"elec_source":null,"bathtub_male":null,"bathtub_female":null,"generator":null,"generator_kva":null,"water_tank":null,"water_tank_capacity":null,"water_heater":null,"ac":null,"firedistinguisher":null,"first_aid":null,"wheelchair":null,"beds":null,"fridges":null,"washingmachines":null,"kitchen":null,"kids_area":null,"water_available":null,"need_water":null,"who_water":null,"how_water":null,"LAF_Focal":null,"LAF_shelter_name":null,"LAF_Phone_nb":null,"kg1_public_f":null,"kg1_public_e":null,"kg1_private":null,"kg2_public_f":null,"kg2_public_e":null,"kg2_private":null,"kg3_public_f":null,"kg3_public_e":null,"kg3_private":null,"gr1_public_f":null,"gr1_public_e":null,"gr1_private":null,"gr2_public_f":null,"gr2_public_e":null,"gr2_private":null,"gr3_public_f":null,"gr3_public_e":null,"gr3_private":null,"gr4_public_f":null,"gr4_public_e":null,"gr4_private":null,"gr5_public_f":null,"gr5_public_e":null,"gr5_private":null,"gr6_public_f":null,"gr6_public_e":null,"gr6_private":null,"gr7_public_f":null,"gr7_public_e":null,"gr7_private":null,"gr8_public_f":null,"gr8_public_e":null,"gr8_private":null,"gr9_public_f":null,"gr9_public_e":null,"gr9_private":null,"gr10_public_f":null,"gr10_public_e":null,"gr10_private":null,"gr11s_public_f":null,"gr11s_public_e":null,"gr11s_private":null,"gr11e_public_f":null,"gr11e_public_e":null,"gr11e_private":null,"gr12sg_public_f":null,"gr12sg_public_e":null,"gr12sg_private":null,"gr12se_public_f":null,"gr12se_public_e":null,"gr12se_private":null,"gr12lh_public_f":null,"gr12lh_public_e":null,"gr12lh_private":null,"gr12sv_public_f":null,"gr12sv_public_e":null,"gr12sv_private":null,"tvet_public":null,"tvet_private":null,"uni":null,"syrians":null,"oosc":null,"teachers":null,"bath_hygiene":null,"playground":null,"corridor":null,"rooms_hygiene":null,"Is_waste_collected":null,"Collection_frequency":null,"construction":null,"yes_construction":null,"unified_authority":null,"documentation":null,"check_all":null,"Comments":null,"comments2":"صريفا","age0_6_months":null,"age6_12_months":null,"f_age0_6_months":null,"f_age6_12_months":null,"f_ages_1_3":null,"f_age_3_5":null,"f_age_6_12":null,"f_age_13_18":null,"f_age_19_57":null,"f_age_58_above":null,"Female_Headed_Households":null,"lost_kids":null,"chronic_disease":null,"diesel_fuel_tank":null,"count_tanks":null,"capacity_tank":null,"need_bin":null,"need_bin_240":null,"need_bin_1100":null,"status_2026":null,"gov_cad":null,"district_cad":null,"cad_name":null,"x":null,"y":null},"geometry":null},
{"type":"Feature","properties":{"objectid":null,"globalid":null,"shelter_name":null,"governorate_name":null,"district_name":null,"villages":null,"lat_calc":null,"long_calc":null,"loc_calc":null,"structure_type":null,"structure_type_other":null,"cerd_number":null,"ministry_name":null,"ACS":null,"P_Code":null,"focal":null,"nb":null,"mosa_focal":null,"mosa_focal_phone":null,"mehe_focal":null,"mehe_focalnb":null,"type_private_public":null,"other_specifyy":null,"status":null,"notes":null,"sourcee":null,"displaced_cas_code":null,"phases":null,"nb_idps":null,"nb_families":null,"capacity":null,"male":null,"female":null,"age_0_1":null,"ages_1_3":null,"age_3_5":null,"age_6_12":null,"age_13_18":null,"age_19_57":null,"age_58_above":null,"disabilities_pregnant":null,"pregnant_women":null,"heating_disability":null,"visual_disability":null,"physical_disability":null,"interllectual_disability":null,"CreationDate":null,"Creator":null,"EditDate":null,"Editor":null,"lactating_women":null,"hearing_disability":null,"mental_disability":null,"DONT_ADD":null,"old_global_id":null,"floorsnum":null,"totalrooms":null,"occ_rooms":null,"free_spaces":null,"free_rooms":null,"kitchen_found":null,"kitchen_found2":null,"type_meal":null,"toilets_male":null,"toilets_female":null,"toilets_not_used_male":null,"toilets_not_used_female":null,"water_source":null,"elec_source":null,"bathtub_male":null,"bathtub_female":null,"generator":null,"generator_kva":null,"water_tank":null,"water_tank_capacity":null,"water_heater":null,"ac":null,"firedistinguisher":null,"first_aid":null,"wheelchair":null,"beds":null,"fridges":null,"washingmachines":null,"kitchen":null,"kids_area":null,"water_available":null,"need_water":null,"who_water":null,"how_water":null,"LAF_Focal":null,"LAF_shelter_name":null,"LAF_Phone_nb":null,"kg1_public_f":null,"kg1_public_e":null,"kg1_private":null,"kg2_public_f":null,"kg2_public_e":null,"kg2_private":null,"kg3_public_f":null,"kg3_public_e":null,"kg3_private":null,"gr1_public_f":null,"gr1_public_e":null,"gr1_private":null,"gr2_public_f":null,"gr2_public_e":null,"gr2_private":null,"gr3_public_f":null,"gr3_public_e":null,"gr3_private":null,"gr4_public_f":null,"gr4_public_e":null,"gr4_private":null,"gr5_public_f":null,"gr5_public_e":null,"gr5_private":null,"gr6_public_f":null,"gr6_public_e":null,"gr6_private":null,"gr7_public_f":null,"gr7_public_e":null,"gr7_private":null,"gr8_public_f":null,"gr8_public_e":null,"gr8_private":null,"gr9_public_f":null,"gr9_public_e":null,"gr9_private":null,"gr10_public_f":null,"gr10_public_e":null,"gr10_private":null,"gr11s_public_f":null,"gr11s_public_e":null,"gr11s_private":null,"gr11e_public_f":null,"gr11e_public_e":null,"gr11e_private":null,"gr12sg_public_f":null,"gr12sg_public_e":null,"gr12sg_private":null,"gr12se_public_f":null,"gr12se_public_e":null,"gr12se_private":null,"gr12lh_public_f":null,"gr12lh_public_e":null,"gr12lh_private":null,"gr12sv_public_f":null,"gr12sv_public_e":null,"gr12sv_private":null,"tvet_public":null,"tvet_private":null,"uni":null,"syrians":null,"oosc":null,"teachers":null,"bath_hygiene":null,"playground":null,"corridor":null,"rooms_hygiene":null,"Is_waste_collected":null,"Collection_frequency":null,"construction":null,"yes_construction":null,"unified_authority":null,"documentation":null,"check_all":null,"Comments":null,"comments2":"عربصاليم","age0_6_months":null,"age6_12_months":null,"f_age0_6_months":null,"f_age6_12_months":null,"f_ages_1_3":null,"f_age_3_5":null,"f_age_6_12":null,"f_age_13_18":null,"f_age_19_57":null,"f_age_58_above":null,"Female_Headed_Households":null,"lost_kids":null,"chronic_disease":null,"diesel_fuel_tank":null,"count_tanks":null,"capacity_tank":null,"need_bin":null,"need_bin_240":null,"need_bin_1100":null,"status_2026":null,"gov_cad":null,"district_cad":null,"cad_name":null,"x":null,"y":null},"geometry":null},
{"type":"Feature","properties":{"objectid":null,"globalid":null,"shelter_name":null,"governorate_name":null,"district_name":null,"villages":null,"lat_calc":null,"long_calc":null,"loc_calc":null,"structure_type":null,"structure_type_other":null,"cerd_number":null,"ministry_name":null,"ACS":null,"P_Code":null,"focal":null,"nb":null,"mosa_focal":null,"mosa_focal_phone":null,"mehe_focal":null,"mehe_focalnb":null,"type_private_public":null,"other_specifyy":null,"status":null,"notes":null,"sourcee":null,"displaced_cas_code":null,"phases":null,"nb_idps":null,"nb_families":null,"capacity":null,"male":null,"female":null,"age_0_1":null,"ages_1_3":null,"age_3_5":null,"age_6_12":null,"age_13_18":null,"age_19_57":null,"age_58_above":null,"disabilities_pregnant":null,"pregnant_women":null,"heating_disability":null,"visual_disability":null,"physical_disability":null,"interllectual_disability":null,"CreationDate":null,"Creator":null,"EditDate":null,"Editor":null,"lactating_women":null,"hearing_disability":null,"mental_disability":null,"DONT_ADD":null,"old_global_id":null,"floorsnum":null,"totalrooms":null,"occ_rooms":null,"free_spaces":null,"free_rooms":null,"kitchen_found":null,"kitchen_found2":null,"type_meal":null,"toilets_male":null,"toilets_female":null,"toilets_not_used_male":null,"toilets_not_used_female":null,"water_source":null,"elec_source":null,"bathtub_male":null,"bathtub_female":null,"generator":null,"generator_kva":null,"water_tank":null,"water_tank_capacity":null,"water_heater":null,"ac":null,"firedistinguisher":null,"first_aid":null,"wheelchair":null,"beds":null,"fridges":null,"washingmachines":null,"kitchen":null,"kids_area":null,"water_available":null,"need_water":null,"who_water":null,"how_water":null,"LAF_Focal":null,"LAF_shelter_name":null,"LAF_Phone_nb":null,"kg1_public_f":null,"kg1_public_e":null,"kg1_private":null,"kg2_public_f":null,"kg2_public_e":null,"kg2_private":null,"kg3_public_f":null,"kg3_public_e":null,"kg3_private":null,"gr1_public_f":null,"gr1_public_e":null,"gr1_private":null,"gr2_public_f":null,"gr2_public_e":null,"gr2_private":null,"gr3_public_f":null,"gr3_public_e":null,"gr3_private":null,"gr4_public_f":null,"gr4_public_e":null,"gr4_private":null,"gr5_public_f":null,"gr5_public_e":null,"gr5_private":null,"gr6_public_f":null,"gr6_public_e":null,"gr6_private":null,"gr7_public_f":null,"gr7_public_e":null,"gr7_private":null,"gr8_public_f":null,"gr8_public_e":null,"gr8_private":null,"gr9_public_f":null,"gr9_public_e":null,"gr9_private":null,"gr10_public_f":null,"gr10_public_e":null,"gr10_private":null,"gr11s_public_f":null,"gr11s_public_e":null,"gr11s_private":null,"gr11e_public_f":null,"gr11e_public_e":null,"gr11e_private":null,"gr12sg_public_f":null,"gr12sg_public_e":null,"gr12sg_private":null,"gr12se_public_f":null,"gr12se_public_e":null,"gr12se_private":null,"gr12lh_public_f":null,"gr12lh_public_e":null,"gr12lh_private":null,"gr12sv_public_f":null,"gr12sv_public_e":null,"gr12sv_private":null,"tvet_public":null,"tvet_private":null,"uni":null,"syrians":null,"oosc":null,"teachers":null,"bath_hygiene":null,"playground":null,"corridor":null,"rooms_hygiene":null,"Is_waste_collected":null,"Collection_frequency":null,"construction":null,"yes_construction":null,"unified_authority":null,"documentation":null,"check_all":null,"Comments":null,"comments2":"حومين الفوقا","age0_6_months":null,"age6_12_months":null,"f_age0_6_months":null,"f_age6_12_months":null,"f_ages_1_3":null,"f_age_3_5":null,"f_age_6_12":null,"f_age_13_18":null,"f_age_19_57":null,"f_age_58_above":null,"Female_Headed_Households":null,"lost_kids":null,"chronic_disease":null,"diesel_fuel_tank":null,"count_tanks":null,"capacity_tank":null,"need_bin":null,"need_bin_240":null,"need_bin_1100":null,"status_2026":null,"gov_cad":null,"district_cad":null,"cad_name":null,"x":null,"y":null},"geometry":null},
{"type":"Feature","properties":{"objectid":null,"globalid":null,"shelter_name":null,"governorate_name":null,"district_name":null,"villages":null,"lat_calc":null,"long_calc":null,"loc_calc":null,"structure_type":null,"structure_type_other":null,"cerd_number":null,"ministry_name":null,"ACS":null,"P_Code":null,"focal":null,"nb":null,"mosa_focal":null,"mosa_focal_phone":null,"mehe_focal":null,"mehe_focalnb":null,"type_private_public":null,"other_specifyy":null,"status":null,"notes":null,"sourcee":null,"displaced_cas_code":null,"phases":null,"nb_idps":null,"nb_families":null,"capacity":null,"male":null,"female":null,"age_0_1":null,"ages_1_3":null,"age_3_5":null,"age_6_12":null,"age_13_18":null,"age_19_57":null,"age_58_above":null,"disabilities_pregnant":null,"pregnant_women":null,"heating_disability":null,"visual_disability":null,"physical_disability":null,"interllectual_disability":null,"CreationDate":null,"Creator":null,"EditDate":null,"Editor":null,"lactating_women":null,"hearing_disability":null,"mental_disability":null,"DONT_ADD":null,"old_global_id":null,"floorsnum":null,"totalrooms":null,"occ_rooms":null,"free_spaces":null,"free_rooms":null,"kitchen_found":null,"kitchen_found2":null,"type_meal":null,"toilets_male":null,"toilets_female":null,"toilets_not_used_male":null,"toilets_not_used_female":null,"water_source":null,"elec_source":null,"bathtub_male":null,"bathtub_female":null,"generator":null,"generator_kva":null,"water_tank":null,"water_tank_capacity":null,"water_heater":null,"ac":null,"firedistinguisher":null,"first_aid":null,"wheelchair":null,"beds":null,"fridges":null,"washingmachines":null,"kitchen":null,"kids_area":null,"water_available":null,"need_water":null,"who_water":null,"how_water":null,"LAF_Focal":null,"LAF_shelter_name":null,"LAF_Phone_nb":null,"kg1_public_f":null,"kg1_public_e":null,"kg1_private":null,"kg2_public_f":null,"kg2_public_e":null,"kg2_private":null,"kg3_public_f":null,"kg3_public_e":null,"kg3_private":null,"gr1_public_f":null,"gr1_public_e":null,"gr1_private":null,"gr2_public_f":null,"gr2_public_e":null,"gr2_private":null,"gr3_public_f":null,"gr3_public_e":null,"gr3_private":null,"gr4_public_f":null,"gr4_public_e":null,"gr4_private":null,"gr5_public_f":null,"gr5_public_e":null,"gr5_private":null,"gr6_public_f":null,"gr6_public_e":null,"gr6_private":null,"gr7_public_f":null,"gr7_public_e":null,"gr7_private":null,"gr8_public_f":null,"gr8_public_e":null,"gr8_private":null,"gr9_public_f":null,"gr9_public_e":null,"gr9_private":null,"gr10_public_f":null,"gr10_public_e":null,"gr10_private":null,"gr11s_public_f":null,"gr11s_public_e":null,"gr11s_private":null,"gr11e_public_f":null,"gr11e_public_e":null,"gr11e_private":null,"gr12sg_public_f":null,"gr12sg_public_e":null,"gr12sg_private":null,"gr12se_public_f":null,"gr12se_public_e":null,"gr12se_private":null,"gr12lh_public_f":null,"gr12lh_public_e":null,"gr12lh_private":null,"gr12sv_public_f":null,"gr12sv_public_e":null,"gr12sv_private":null,"tvet_public":null,"tvet_private":null,"uni":null,"syrians":null,"oosc":null,"teachers":null,"bath_hygiene":null,"playground":null,"corridor":null,"rooms_hygiene":null,"Is_waste_collected":null,"Collection_frequency":null,"construction":null,"yes_construction":null,"unified_authority":null,"documentation":null,"check_all":null,"Comments":null,"comments2":"الغسانية","age0_6_months":null,"age6_12_months":null,"f_age0_6_months":null,"f_age6_12_months":null,"f_ages_1_3":null,"f_age_3_5":null,"f_age_6_12":null,"f_age_13_18":null,"f_age_19_57":null,"f_age_58_above":null,"Female_Headed_Households":null,"lost_kids":null,"chronic_disease":null,"diesel_fuel_tank":null,"count_tanks":null,"capacity_tank":null,"need_bin":null,"need_bin_240":null,"need_bin_1100":null,"status_2026":null,"gov_cad":null,"district_cad":null,"cad_name":null,"x":null,"y":null},"geometry":null},
{"type":"Feature","properties":{"objectid":null,"globalid":null,"shelter_name":null,"governorate_name":null,"district_name":null,"villages":null,"lat_calc":null,"long_calc":null,"loc_calc":null,"structure_type":null,"structure_type_other":null,"cerd_number":null,"ministry_name":null,"ACS":null,"P_Code":null,"focal":null,"nb":null,"mosa_focal":null,"mosa_focal_phone":null,"mehe_focal":null,"mehe_focalnb":null,"type_private_public":null,"other_specifyy":null,"status":null,"notes":null,"sourcee":null,"displaced_cas_code":null,"phases":null,"nb_idps":null,"nb_families":null,"capacity":null,"male":null,"female":null,"age_0_1":null,"ages_1_3":null,"age_3_5":null,"age_6_12":null,"age_13_18":null,"age_19_57":null,"age_58_above":null,"disabilities_pregnant":null,"pregnant_women":null,"heating_disability":null,"visual_disability":null,"physical_disability":null,"interllectual_disability":null,"CreationDate":null,"Creator":null,"EditDate":null,"Editor":null,"lactating_women":null,"hearing_disability":null,"mental_disability":null,"DONT_ADD":null,"old_global_id":null,"floorsnum":null,"totalrooms":null,"occ_rooms":null,"free_spaces":null,"free_rooms":null,"kitchen_found":null,"kitchen_found2":null,"type_meal":null,"toilets_male":null,"toilets_female":null,"toilets_not_used_male":null,"toilets_not_used_female":null,"water_source":null,"elec_source":null,"bathtub_male":null,"bathtub_female":null,"generator":null,"generator_kva":null,"water_tank":null,"water_tank_capacity":null,"water_heater":null,"ac":null,"firedistinguisher":null,"first_aid":null,"wheelchair":null,"beds":null,"fridges":null,"washingmachines":null,"kitchen":null,"kids_area":null,"water_available":null,"need_water":null,"who_water":null,"how_water":null,"LAF_Focal":null,"LAF_shelter_name":null,"LAF_Phone_nb":null,"kg1_public_f":null,"kg1_public_e":null,"kg1_private":null,"kg2_public_f":null,"kg2_public_e":null,"kg2_private":null,"kg3_public_f":null,"kg3_public_e":null,"kg3_private":null,"gr1_public_f":null,"gr1_public_e":null,"gr1_private":null,"gr2_public_f":null,"gr2_public_e":null,"gr2_private":null,"gr3_public_f":null,"gr3_public_e":null,"gr3_private":null,"gr4_public_f":null,"gr4_public_e":null,"gr4_private":null,"gr5_public_f":null,"gr5_public_e":null,"gr5_private":null,"gr6_public_f":null,"gr6_public_e":null,"gr6_private":null,"gr7_public_f":null,"gr7_public_e":null,"gr7_private":null,"gr8_public_f":null,"gr8_public_e":null,"gr8_private":null,"gr9_public_f":null,"gr9_public_e":null,"gr9_private":null,"gr10_public_f":null,"gr10_public_e":null,"gr10_private":null,"gr11s_public_f":null,"gr11s_public_e":null,"gr11s_private":null,"gr11e_public_f":null,"gr11e_public_e":null,"gr11e_private":null,"gr12sg_public_f":null,"gr12sg_public_e":null,"gr12sg_private":null,"gr12se_public_f":null,"gr12se_public_e":null,"gr12se_private":null,"gr12lh_public_f":null,"gr12lh_public_e":null,"gr12lh_private":null,"gr12sv_public_f":null,"gr12sv_public_e":null,"gr12sv_private":null,"tvet_public":null,"tvet_private":null,"uni":null,"syrians":null,"oosc":null,"teachers":null,"bath_hygiene":null,"playground":null,"corridor":null,"rooms_hygiene":null,"Is_waste_collected":null,"Collection_frequency":null,"construction":null,"yes_construction":null,"unified_authority":null,"documentation":null,"check_all":null,"Comments":null,"comments2":"النبطيه","age0_6_months":null,"age6_12_months":null,"f_age0_6_months":null,"f_age6_12_months":null,"f_ages_1_3":null,"f_age_3_5":null,"f_age_6_12":null,"f_age_13_18":null,"f_age_19_57":null,"f_age_58_above":null,"Female_Headed_Households":null,"lost_kids":null,"chronic_disease":null,"diesel_fuel_tank":null,"count_tanks":null,"capacity_tank":null,"need_bin":null,"need_bin_240":null,"need_bin_1100":null,"status_2026":null,"gov_cad":null,"district_cad":null,"cad_name":null,"x":null,"y":null},"geometry":null},
{"type":"Feature","properties":{"objectid":null,"globalid":null,"shelter_name":null,"governorate_name":null,"district_name":null,"villages":null,"lat_calc":null,"long_calc":null,"loc_calc":null,"structure_type":null,"structure_type_other":null,"cerd_number":null,"ministry_name":null,"ACS":null,"P_Code":null,"focal":null,"nb":null,"mosa_focal":null,"mosa_focal_phone":null,"mehe_focal":null,"mehe_focalnb":null,"type_private_public":null,"other_specifyy":null,"status":null,"notes":null,"sourcee":null,"displaced_cas_code":null,"phases":null,"nb_idps":null,"nb_families":null,"capacity":null,"male":null,"female":null,"age_0_1":null,"ages_1_3":null,"age_3_5":null,"age_6_12":null,"age_13_18":null,"age_19_57":null,"age_58_above":null,"disabilities_pregnant":null,"pregnant_women":null,"heating_disability":null,"visual_disability":null,"physical_disability":null,"interllectual_disability":null,"CreationDate":null,"Creator":null,"EditDate":null,"Editor":null,"lactating_women":null,"hearing_disability":null,"mental_disability":null,"DONT_ADD":null,"old_global_id":null,"floorsnum":null,"totalrooms":null,"occ_rooms":null,"free_spaces":null,"free_rooms":null,"kitchen_found":null,"kitchen_found2":null,"type_meal":null,"toilets_male":null,"toilets_female":null,"toilets_not_used_male":null,"toilets_not_used_female":null,"water_source":null,"elec_source":null,"bathtub_male":null,"bathtub_female":null,"generator":null,"generator_kva":null,"water_tank":null,"water_tank_capacity":null,"water_heater":null,"ac":null,"firedistinguisher":null,"first_aid":null,"wheelchair":null,"beds":null,"fridges":null,"washingmachines":null,"kitchen":null,"kids_area":null,"water_available":null,"need_water":null,"who_water":null,"how_water":null,"LAF_Focal":null,"LAF_shelter_name":null,"LAF_Phone_nb":null,"kg1_public_f":null,"kg1_public_e":null,"kg1_private":null,"kg2_public_f":null,"kg2_public_e":null,"kg2_private":null,"kg3_public_f":null,"kg3_public_e":null,"kg3_private":null,"gr1_public_f":null,"gr1_public_e":null,"gr1_private":null,"gr2_public_f":null,"gr2_public_e":null,"gr2_private":null,"gr3_public_f":null,"gr3_public_e":null,"gr3_private":null,"gr4_public_f":null,"gr4_public_e":null,"gr4_private":null,"gr5_public_f":null,"gr5_public_e":null,"gr5_private":null,"gr6_public_f":null,"gr6_public_e":null,"gr6_private":null,"gr7_public_f":null,"gr7_public_e":null,"gr7_private":null,"gr8_public_f":null,"gr8_public_e":null,"gr8_private":null,"gr9_public_f":null,"gr9_public_e":null,"gr9_private":null,"gr10_public_f":null,"gr10_public_e":null,"gr10_private":null,"gr11s_public_f":null,"gr11s_public_e":null,"gr11s_private":null,"gr11e_public_f":null,"gr11e_public_e":null,"gr11e_private":null,"gr12sg_public_f":null,"gr12sg_public_e":null,"gr12sg_private":null,"gr12se_public_f":null,"gr12se_public_e":null,"gr12se_private":null,"gr12lh_public_f":null,"gr12lh_public_e":null,"gr12lh_private":null,"gr12sv_public_f":null,"gr12sv_public_e":null,"gr12sv_private":null,"tvet_public":null,"tvet_private":null,"uni":null,"syrians":null,"oosc":null,"teachers":null,"bath_hygiene":null,"playground":null,"corridor":null,"rooms_hygiene":null,"Is_waste_collected":null,"Collection_frequency":null,"construction":null,"yes_construction":null,"unified_authority":null,"documentation":null,"check_all":null,"Comments":null,"comments2":"اللويزة","age0_6_months":null,"age6_12_months":null,"f_age0_6_months":null,"f_age6_12_months":null,"f_ages_1_3":null,"f_age_3_5":null,"f_age_6_12":null,"f_age_13_18":null,"f_age_19_57":null,"f_age_58_above":null,"Female_Headed_Households":null,"lost_kids":null,"chronic_disease":null,"diesel_fuel_tank":null,"count_tanks":null,"capacity_tank":null,"need_bin":null,"need_bin_240":null,"need_bin_1100":null,"status_2026":null,"gov_cad":null,"district_cad":null,"cad_name":null,"x":null,"y":null},"geometry":null},
{"type":"Feature","properties":{"objectid":null,"globalid":null,"shelter_name":null,"governorate_name":null,"district_name":null,"villages":null,"lat_calc":null,"long_calc":null,"loc_calc":null,"structure_type":null,"structure_type_other":null,"cerd_number":null,"ministry_name":null,"ACS":null,"P_Code":null,"focal":null,"nb":null,"mosa_focal":null,"mosa_focal_phone":null,"mehe_focal":null,"mehe_focalnb":null,"type_private_public":null,"other_specifyy":null,"status":null,"notes":null,"sourcee":null,"displaced_cas_code":null,"phases":null,"nb_idps":null,"nb_families":null,"capacity":null,"male":null,"female":null,"age_0_1":null,"ages_1_3":null,"age_3_5":null,"age_6_12":null,"age_13_18":null,"age_19_57":null,"age_58_above":null,"disabilities_pregnant":null,"pregnant_women":null,"heating_disability":null,"visual_disability":null,"physical_disability":null,"interllectual_disability":null,"CreationDate":null,"Creator":null,"EditDate":null,"Editor":null,"lactating_women":null,"hearing_disability":null,"mental_disability":null,"DONT_ADD":null,"old_global_id":null,"floorsnum":null,"totalrooms":null,"occ_rooms":null,"free_spaces":null,"free_rooms":null,"kitchen_found":null,"kitchen_found2":null,"type_meal":null,"toilets_male":null,"toilets_female":null,"toilets_not_used_male":null,"toilets_not_used_female":null,"water_source":null,"elec_source":null,"bathtub_male":null,"bathtub_female":null,"generator":null,"generator_kva":null,"water_tank":null,"water_tank_capacity":null,"water_heater":null,"ac":null,"firedistinguisher":null,"first_aid":null,"wheelchair":null,"beds":null,"fridges":null,"washingmachines":null,"kitchen":null,"kids_area":null,"water_available":null,"need_water":null,"who_water":null,"how_water":null,"LAF_Focal":null,"LAF_shelter_name":null,"LAF_Phone_nb":null,"kg1_public_f":null,"kg1_public_e":null,"kg1_private":null,"kg2_public_f":null,"kg2_public_e":null,"kg2_private":null,"kg3_public_f":null,"kg3_public_e":null,"kg3_private":null,"gr1_public_f":null,"gr1_public_e":null,"gr1_private":null,"gr2_public_f":null,"gr2_public_e":null,"gr2_private":null,"gr3_public_f":null,"gr3_public_e":null,"gr3_private":null,"gr4_public_f":null,"gr4_public_e":null,"gr4_private":null,"gr5_public_f":null,"gr5_public_e":null,"gr5_private":null,"gr6_public_f":null,"gr6_public_e":null,"gr6_private":null,"gr7_public_f":null,"gr7_public_e":null,"gr7_private":null,"gr8_public_f":null,"gr8_public_e":null,"gr8_private":null,"gr9_public_f":null,"gr9_public_e":null,"gr9_private":null,"gr10_public_f":null,"gr10_public_e":null,"gr10_private":null,"gr11s_public_f":null,"gr11s_public_e":null,"gr11s_private":null,"gr11e_public_f":null,"gr11e_public_e":null,"gr11e_private":null,"gr12sg_public_f":null,"gr12sg_public_e":null,"gr12sg_private":null,"gr12se_public_f":null,"gr12se_public_e":null,"gr12se_private":null,"gr12lh_public_f":null,"gr12lh_public_e":null,"gr12lh_private":null,"gr12sv_public_f":null,"gr12sv_public_e":null,"gr12sv_private":null,"tvet_public":null,"tvet_private":null,"uni":null,"syrians":null,"oosc":null,"teachers":null,"bath_hygiene":null,"playground":null,"corridor":null,"rooms_hygiene":null,"Is_waste_collected":null,"Collection_frequency":null,"construction":null,"yes_construction":null,"unified_authority":null,"documentation":null,"check_all":null,"Comments":null,"comments2":"زفتا","age0_6_months":null,"age6_12_months":null,"f_age0_6_months":null,"f_age6_12_months":null,"f_ages_1_3":null,"f_age_3_5":null,"f_age_6_12":null,"f_age_13_18":null,"f_age_19_57":null,"f_age_58_above":null,"Female_Headed_Households":null,"lost_kids":null,"chronic_disease":null,"diesel_fuel_tank":null,"count_tanks":null,"capacity_tank":null,"need_bin":null,"need_bin_240":null,"need_bin_1100":null,"status_2026":null,"gov_cad":null,"district_cad":null,"cad_name":null,"x":null,"y":null},"geometry":null},
{"type":"Feature","properties":{"objectid":null,"globalid":null,"shelter_name":null,"governorate_name":null,"district_name":null,"villages":null,"lat_calc":null,"long_calc":null,"loc_calc":null,"structure_type":null,"structure_type_other":null,"cerd_number":null,"ministry_name":null,"ACS":null,"P_Code":null,"focal":null,"nb":null,"mosa_focal":null,"mosa_focal_phone":null,"mehe_focal":null,"mehe_focalnb":null,"type_private_public":null,"other_specifyy":null,"status":null,"notes":null,"sourcee":null,"displaced_cas_code":null,"phases":null,"nb_idps":null,"nb_families":null,"capacity":null,"male":null,"female":null,"age_0_1":null,"ages_1_3":null,"age_3_5":null,"age_6_12":null,"age_13_18":null,"age_19_57":null,"age_58_above":null,"disabilities_pregnant":null,"pregnant_women":null,"heating_disability":null,"visual_disability":null,"physical_disability":null,"interllectual_disability":null,"CreationDate":null,"Creator":null,"EditDate":null,"Editor":null,"lactating_women":null,"hearing_disability":null,"mental_disability":null,"DONT_ADD":null,"old_global_id":null,"floorsnum":null,"totalrooms":null,"occ_rooms":null,"free_spaces":null,"free_rooms":null,"kitchen_found":null,"kitchen_found2":null,"type_meal":null,"toilets_male":null,"toilets_female":null,"toilets_not_used_male":null,"toilets_not_used_female":null,"water_source":null,"elec_source":null,"bathtub_male":null,"bathtub_female":null,"generator":null,"generator_kva":null,"water_tank":null,"water_tank_capacity":null,"water_heater":null,"ac":null,"firedistinguisher":null,"first_aid":null,"wheelchair":null,"beds":null,"fridges":null,"washingmachines":null,"kitchen":null,"kids_area":null,"water_available":null,"need_water":null,"who_water":null,"how_water":null,"LAF_Focal":null,"LAF_shelter_name":null,"LAF_Phone_nb":null,"kg1_public_f":null,"kg1_public_e":null,"kg1_private":null,"kg2_public_f":null,"kg2_public_e":null,"kg2_private":null,"kg3_public_f":null,"kg3_public_e":null,"kg3_private":null,"gr1_public_f":null,"gr1_public_e":null,"gr1_private":null,"gr2_public_f":null,"gr2_public_e":null,"gr2_private":null,"gr3_public_f":null,"gr3_public_e":null,"gr3_private":null,"gr4_public_f":null,"gr4_public_e":null,"gr4_private":null,"gr5_public_f":null,"gr5_public_e":null,"gr5_private":null,"gr6_public_f":null,"gr6_public_e":null,"gr6_private":null,"gr7_public_f":null,"gr7_public_e":null,"gr7_private":null,"gr8_public_f":null,"gr8_public_e":null,"gr8_private":null,"gr9_public_f":null,"gr9_public_e":null,"gr9_private":null,"gr10_public_f":null,"gr10_public_e":null,"gr10_private":null,"gr11s_public_f":null,"gr11s_public_e":null,"gr11s_private":null,"gr11e_public_f":null,"gr11e_public_e":null,"gr11e_private":null,"gr12sg_public_f":null,"gr12sg_public_e":null,"gr12sg_private":null,"gr12se_public_f":null,"gr12se_public_e":null,"gr12se_private":null,"gr12lh_public_f":null,"gr12lh_public_e":null,"gr12lh_private":null,"gr12sv_public_f":null,"gr12sv_public_e":null,"gr12sv_private":null,"tvet_public":null,"tvet_private":null,"uni":null,"syrians":null,"oosc":null,"teachers":null,"bath_hygiene":null,"playground":null,"corridor":null,"rooms_hygiene":null,"Is_waste_collected":null,"Collection_frequency":null,"construction":null,"yes_construction":null,"unified_authority":null,"documentation":null,"check_all":null,"Comments":null,"comments2":"كفرتبنيت","age0_6_months":null,"age6_12_months":null,"f_age0_6_months":null,"f_age6_12_months":null,"f_ages_1_3":null,"f_age_3_5":null,"f_age_6_12":null,"f_age_13_18":null,"f_age_19_57":null,"f_age_58_above":null,"Female_Headed_Households":null,"lost_kids":null,"chronic_disease":null,"diesel_fuel_tank":null,"count_tanks":null,"capacity_tank":null,"need_bin":null,"need_bin_240":null,"need_bin_1100":null,"status_2026":null,"gov_cad":null,"district_cad":null,"cad_name":null,"x":null,"y":null},"geometry":null},
{"type":"Feature","properties":{"objectid":null,"globalid":null,"shelter_name":null,"governorate_name":null,"district_name":null,"villages":null,"lat_calc":null,"long_calc":null,"loc_calc":null,"structure_type":null,"structure_type_other":null,"cerd_number":null,"ministry_name":null,"ACS":null,"P_Code":null,"focal":null,"nb":null,"mosa_focal":null,"mosa_focal_phone":null,"mehe_focal":null,"mehe_focalnb":null,"type_private_public":null,"other_specifyy":null,"status":null,"notes":null,"sourcee":null,"displaced_cas_code":null,"phases":null,"nb_idps":null,"nb_families":null,"capacity":null,"male":null,"female":null,"age_0_1":null,"ages_1_3":null,"age_3_5":null,"age_6_12":null,"age_13_18":null,"age_19_57":null,"age_58_above":null,"disabilities_pregnant":null,"pregnant_women":null,"heating_disability":null,"visual_disability":null,"physical_disability":null,"interllectual_disability":null,"CreationDate":null,"Creator":null,"EditDate":null,"Editor":null,"lactating_women":null,"hearing_disability":null,"mental_disability":null,"DONT_ADD":null,"old_global_id":null,"floorsnum":null,"totalrooms":null,"occ_rooms":null,"free_spaces":null,"free_rooms":null,"kitchen_found":null,"kitchen_found2":null,"type_meal":null,"toilets_male":null,"toilets_female":null,"toilets_not_used_male":null,"toilets_not_used_female":null,"water_source":null,"elec_source":null,"bathtub_male":null,"bathtub_female":null,"generator":null,"generator_kva":null,"water_tank":null,"water_tank_capacity":null,"water_heater":null,"ac":null,"firedistinguisher":null,"first_aid":null,"wheelchair":null,"beds":null,"fridges":null,"washingmachines":null,"kitchen":null,"kids_area":null,"water_available":null,"need_water":null,"who_water":null,"how_water":null,"LAF_Focal":null,"LAF_shelter_name":null,"LAF_Phone_nb":null,"kg1_public_f":null,"kg1_public_e":null,"kg1_private":null,"kg2_public_f":null,"kg2_public_e":null,"kg2_private":null,"kg3_public_f":null,"kg3_public_e":null,"kg3_private":null,"gr1_public_f":null,"gr1_public_e":null,"gr1_private":null,"gr2_public_f":null,"gr2_public_e":null,"gr2_private":null,"gr3_public_f":null,"gr3_public_e":null,"gr3_private":null,"gr4_public_f":null,"gr4_public_e":null,"gr4_private":null,"gr5_public_f":null,"gr5_public_e":null,"gr5_private":null,"gr6_public_f":null,"gr6_public_e":null,"gr6_private":null,"gr7_public_f":null,"gr7_public_e":null,"gr7_private":null,"gr8_public_f":null,"gr8_public_e":null,"gr8_private":null,"gr9_public_f":null,"gr9_public_e":null,"gr9_private":null,"gr10_public_f":null,"gr10_public_e":null,"gr10_private":null,"gr11s_public_f":null,"gr11s_public_e":null,"gr11s_private":null,"gr11e_public_f":null,"gr11e_public_e":null,"gr11e_private":null,"gr12sg_public_f":null,"gr12sg_public_e":null,"gr12sg_private":null,"gr12se_public_f":null,"gr12se_public_e":null,"gr12se_private":null,"gr12lh_public_f":null,"gr12lh_public_e":null,"gr12lh_private":null,"gr12sv_public_f":null,"gr12sv_public_e":null,"gr12sv_private":null,"tvet_public":null,"tvet_private":null,"uni":null,"syrians":null,"oosc":null,"teachers":null,"bath_hygiene":null,"playground":null,"corridor":null,"rooms_hygiene":null,"Is_waste_collected":null,"Collection_frequency":null,"construction":null,"yes_construction":null,"unified_authority":null,"documentation":null,"check_all":null,"Comments":null,"comments2":"عين قانا","age0_6_months":null,"age6_12_months":null,"f_age0_6_months":null,"f_age6_12_months":null,"f_ages_1_3":null,"f_age_3_5":null,"f_age_6_12":null,"f_age_13_18":null,"f_age_19_57":null,"f_age_58_above":null,"Female_Headed_Households":null,"lost_kids":null,"chronic_disease":null,"diesel_fuel_tank":null,"count_tanks":null,"capacity_tank":null,"need_bin":null,"need_bin_240":null,"need_bin_1100":null,"status_2026":null,"gov_cad":null,"district_cad":null,"cad_name":null,"x":null,"y":null},"geometry":null},
{"type":"Feature","properties":{"objectid":null,"globalid":null,"shelter_name":null,"governorate_name":null,"district_name":null,"villages":null,"lat_calc":null,"long_calc":null,"loc_calc":null,"structure_type":null,"structure_type_other":null,"cerd_number":null,"ministry_name":null,"ACS":null,"P_Code":null,"focal":null,"nb":null,"mosa_focal":null,"mosa_focal_phone":null,"mehe_focal":null,"mehe_focalnb":null,"type_private_public":null,"other_specifyy":null,"status":null,"notes":null,"sourcee":null,"displaced_cas_code":null,"phases":null,"nb_idps":null,"nb_families":null,"capacity":null,"male":null,"female":null,"age_0_1":null,"ages_1_3":null,"age_3_5":null,"age_6_12":null,"age_13_18":null,"age_19_57":null,"age_58_above":null,"disabilities_pregnant":null,"pregnant_women":null,"heating_disability":null,"visual_disability":null,"physical_disability":null,"interllectual_disability":null,"CreationDate":null,"Creator":null,"EditDate":null,"Editor":null,"lactating_women":null,"hearing_disability":null,"mental_disability":null,"DONT_ADD":null,"old_global_id":null,"floorsnum":null,"totalrooms":null,"occ_rooms":null,"free_spaces":null,"free_rooms":null,"kitchen_found":null,"kitchen_found2":null,"type_meal":null,"toilets_male":null,"toilets_female":null,"toilets_not_used_male":null,"toilets_not_used_female":null,"water_source":null,"elec_source":null,"bathtub_male":null,"bathtub_female":null,"generator":null,"generator_kva":null,"water_tank":null,"water_tank_capacity":null,"water_heater":null,"ac":null,"firedistinguisher":null,"first_aid":null,"wheelchair":null,"beds":null,"fridges":null,"washingmachines":null,"kitchen":null,"kids_area":null,"water_available":null,"need_water":null,"who_water":null,"how_water":null,"LAF_Focal":null,"LAF_shelter_name":null,"LAF_Phone_nb":null,"kg1_public_f":null,"kg1_public_e":null,"kg1_private":null,"kg2_public_f":null,"kg2_public_e":null,"kg2_private":null,"kg3_public_f":null,"kg3_public_e":null,"kg3_private":null,"gr1_public_f":null,"gr1_public_e":null,"gr1_private":null,"gr2_public_f":null,"gr2_public_e":null,"gr2_private":null,"gr3_public_f":null,"gr3_public_e":null,"gr3_private":null,"gr4_public_f":null,"gr4_public_e":null,"gr4_private":null,"gr5_public_f":null,"gr5_public_e":null,"gr5_private":null,"gr6_public_f":null,"gr6_public_e":null,"gr6_private":null,"gr7_public_f":null,"gr7_public_e":null,"gr7_private":null,"gr8_public_f":null,"gr8_public_e":null,"gr8_private":null,"gr9_public_f":null,"gr9_public_e":null,"gr9_private":null,"gr10_public_f":null,"gr10_public_e":null,"gr10_private":null,"gr11s_public_f":null,"gr11s_public_e":null,"gr11s_private":null,"gr11e_public_f":null,"gr11e_public_e":null,"gr11e_private":null,"gr12sg_public_f":null,"gr12sg_public_e":null,"gr12sg_private":null,"gr12se_public_f":null,"gr12se_public_e":null,"gr12se_private":null,"gr12lh_public_f":null,"gr12lh_public_e":null,"gr12lh_private":null,"gr12sv_public_f":null,"gr12sv_public_e":null,"gr12sv_private":null,"tvet_public":null,"tvet_private":null,"uni":null,"syrians":null,"oosc":null,"teachers":null,"bath_hygiene":null,"playground":null,"corridor":null,"rooms_hygiene":null,"Is_waste_collected":null,"Collection_frequency":null,"construction":null,"yes_construction":null,"unified_authority":null,"documentation":null,"check_all":null,"Comments":null,"comments2":"جبشيت","age0_6_months":null,"age6_12_months":null,"f_age0_6_months":null,"f_age6_12_months":null,"f_ages_1_3":null,"f_age_3_5":null,"f_age_6_12":null,"f_age_13_18":null,"f_age_19_57":null,"f_age_58_above":null,"Female_Headed_Households":null,"lost_kids":null,"chronic_disease":null,"diesel_fuel_tank":null,"count_tanks":null,"capacity_tank":null,"need_bin":null,"need_bin_240":null,"need_bin_1100":null,"status_2026":null,"gov_cad":null,"district_cad":null,"cad_name":null,"x":null,"y":null},"geometry":null},
{"type":"Feature","properties":{"objectid":null,"globalid":null,"shelter_name":null,"governorate_name":null,"district_name":null,"villages":null,"lat_calc":null,"long_calc":null,"loc_calc":null,"structure_type":null,"structure_type_other":null,"cerd_number":null,"ministry_name":null,"ACS":null,"P_Code":null,"focal":null,"nb":null,"mosa_focal":null,"mosa_focal_phone":null,"mehe_focal":null,"mehe_focalnb":null,"type_private_public":null,"other_specifyy":null,"status":null,"notes":null,"sourcee":null,"displaced_cas_code":null,"phases":null,"nb_idps":null,"nb_families":null,"capacity":null,"male":null,"female":null,"age_0_1":null,"ages_1_3":null,"age_3_5":null,"age_6_12":null,"age_13_18":null,"age_19_57":null,"age_58_above":null,"disabilities_pregnant":null,"pregnant_women":null,"heating_disability":null,"visual_disability":null,"physical_disability":null,"interllectual_disability":null,"CreationDate":null,"Creator":null,"EditDate":null,"Editor":null,"lactating_women":null,"hearing_disability":null,"mental_disability":null,"DONT_ADD":null,"old_global_id":null,"floorsnum":null,"totalrooms":null,"occ_rooms":null,"free_spaces":null,"free_rooms":null,"kitchen_found":null,"kitchen_found2":null,"type_meal":null,"toilets_male":null,"toilets_female":null,"toilets_not_used_male":null,"toilets_not_used_female":null,"water_source":null,"elec_source":null,"bathtub_male":null,"bathtub_female":null,"generator":null,"generator_kva":null,"water_tank":null,"water_tank_capacity":null,"water_heater":null,"ac":null,"firedistinguisher":null,"first_aid":null,"wheelchair":null,"beds":null,"fridges":null,"washingmachines":null,"kitchen":null,"kids_area":null,"water_available":null,"need_water":null,"who_water":null,"how_water":null,"LAF_Focal":null,"LAF_shelter_name":null,"LAF_Phone_nb":null,"kg1_public_f":null,"kg1_public_e":null,"kg1_private":null,"kg2_public_f":null,"kg2_public_e":null,"kg2_private":null,"kg3_public_f":null,"kg3_public_e":null,"kg3_private":null,"gr1_public_f":null,"gr1_public_e":null,"gr1_private":null,"gr2_public_f":null,"gr2_public_e":null,"gr2_private":null,"gr3_public_f":null,"gr3_public_e":null,"gr3_private":null,"gr4_public_f":null,"gr4_public_e":null,"gr4_private":null,"gr5_public_f":null,"gr5_public_e":null,"gr5_private":null,"gr6_public_f":null,"gr6_public_e":null,"gr6_private":null,"gr7_public_f":null,"gr7_public_e":null,"gr7_private":null,"gr8_public_f":null,"gr8_public_e":null,"gr8_private":null,"gr9_public_f":null,"gr9_public_e":null,"gr9_private":null,"gr10_public_f":null,"gr10_public_e":null,"gr10_private":null,"gr11s_public_f":null,"gr11s_public_e":null,"gr11s_private":null,"gr11e_public_f":null,"gr11e_public_e":null,"gr11e_private":null,"gr12sg_public_f":null,"gr12sg_public_e":null,"gr12sg_private":null,"gr12se_public_f":null,"gr12se_public_e":null,"gr12se_private":null,"gr12lh_public_f":null,"gr12lh_public_e":null,"gr12lh_private":null,"gr12sv_public_f":null,"gr12sv_public_e":null,"gr12sv_private":null,"tvet_public":null,"tvet_private":null,"uni":null,"syrians":null,"oosc":null,"teachers":null,"bath_hygiene":null,"playground":null,"corridor":null,"rooms_hygiene":null,"Is_waste_collected":null,"Collection_frequency":null,"construction":null,"yes_construction":null,"unified_authority":null,"documentation":null,"check_all":null,"Comments":null,"comments2":"القطراني","age0_6_months":null,"age6_12_months":null,"f_age0_6_months":null,"f_age6_12_months":null,"f_ages_1_3":null,"f_age_3_5":null,"f_age_6_12":null,"f_age_13_18":null,"f_age_19_57":null,"f_age_58_above":null,"Female_Headed_Households":null,"lost_kids":null,"chronic_disease":null,"diesel_fuel_tank":null,"count_tanks":null,"capacity_tank":null,"need_bin":null,"need_bin_240":null,"need_bin_1100":null,"status_2026":null,"gov_cad":null,"district_cad":null,"cad_name":null,"x":null,"y":null},"geometry":null},
{"type":"Feature","properties":{"objectid":null,"globalid":null,"shelter_name":null,"governorate_name":null,"district_name":null,"villages":null,"lat_calc":null,"long_calc":null,"loc_calc":null,"structure_type":null,"structure_type_other":null,"cerd_number":null,"ministry_name":null,"ACS":null,"P_Code":null,"focal":null,"nb":null,"mosa_focal":null,"mosa_focal_phone":null,"mehe_focal":null,"mehe_focalnb":null,"type_private_public":null,"other_specifyy":null,"status":null,"notes":null,"sourcee":null,"displaced_cas_code":null,"phases":null,"nb_idps":null,"nb_families":null,"capacity":null,"male":null,"female":null,"age_0_1":null,"ages_1_3":null,"age_3_5":null,"age_6_12":null,"age_13_18":null,"age_19_57":null,"age_58_above":null,"disabilities_pregnant":null,"pregnant_women":null,"heating_disability":null,"visual_disability":null,"physical_disability":null,"interllectual_disability":null,"CreationDate":null,"Creator":null,"EditDate":null,"Editor":null,"lactating_women":null,"hearing_disability":null,"mental_disability":null,"DONT_ADD":null,"old_global_id":null,"floorsnum":null,"totalrooms":null,"occ_rooms":null,"free_spaces":null,"free_rooms":null,"kitchen_found":null,"kitchen_found2":null,"type_meal":null,"toilets_male":null,"toilets_female":null,"toilets_not_used_male":null,"toilets_not_used_female":null,"water_source":null,"elec_source":null,"bathtub_male":null,"bathtub_female":null,"generator":null,"generator_kva":null,"water_tank":null,"water_tank_capacity":null,"water_heater":null,"ac":null,"firedistinguisher":null,"first_aid":null,"wheelchair":null,"beds":null,"fridges":null,"washingmachines":null,"kitchen":null,"kids_area":null,"water_available":null,"need_water":null,"who_water":null,"how_water":null,"LAF_Focal":null,"LAF_shelter_name":null,"LAF_Phone_nb":null,"kg1_public_f":null,"kg1_public_e":null,"kg1_private":null,"kg2_public_f":null,"kg2_public_e":null,"kg2_private":null,"kg3_public_f":null,"kg3_public_e":null,"kg3_private":null,"gr1_public_f":null,"gr1_public_e":null,"gr1_private":null,"gr2_public_f":null,"gr2_public_e":null,"gr2_private":null,"gr3_public_f":null,"gr3_public_e":null,"gr3_private":null,"gr4_public_f":null,"gr4_public_e":null,"gr4_private":null,"gr5_public_f":null,"gr5_public_e":null,"gr5_private":null,"gr6_public_f":null,"gr6_public_e":null,"gr6_private":null,"gr7_public_f":null,"gr7_public_e":null,"gr7_private":null,"gr8_public_f":null,"gr8_public_e":null,"gr8_private":null,"gr9_public_f":null,"gr9_public_e":null,"gr9_private":null,"gr10_public_f":null,"gr10_public_e":null,"gr10_private":null,"gr11s_public_f":null,"gr11s_public_e":null,"gr11s_private":null,"gr11e_public_f":null,"gr11e_public_e":null,"gr11e_private":null,"gr12sg_public_f":null,"gr12sg_public_e":null,"gr12sg_private":null,"gr12se_public_f":null,"gr12se_public_e":null,"gr12se_private":null,"gr12lh_public_f":null,"gr12lh_public_e":null,"gr12lh_private":null,"gr12sv_public_f":null,"gr12sv_public_e":null,"gr12sv_private":null,"tvet_public":null,"tvet_private":null,"uni":null,"syrians":null,"oosc":null,"teachers":null,"bath_hygiene":null,"playground":null,"corridor":null,"rooms_hygiene":null,"Is_waste_collected":null,"Collection_frequency":null,"construction":null,"yes_construction":null,"unified_authority":null,"documentation":null,"check_all":null,"Comments":null,"comments2":"قعقية الصنوبر","age0_6_months":null,"age6_12_months":null,"f_age0_6_months":null,"f_age6_12_months":null,"f_ages_1_3":null,"f_age_3_5":null,"f_age_6_12":null,"f_age_13_18":null,"f_age_19_57":null,"f_age_58_above":null,"Female_Headed_Households":null,"lost_kids":null,"chronic_disease":null,"diesel_fuel_tank":null,"count_tanks":null,"capacity_tank":null,"need_bin":null,"need_bin_240":null,"need_bin_1100":null,"status_2026":null,"gov_cad":null,"district_cad":null,"cad_name":null,"x":null,"y":null},"geometry":null},
{"type":"Feature","properties":{"objectid":null,"globalid":null,"shelter_name":null,"governorate_name":null,"district_name":null,"villages":null,"lat_calc":null,"long_calc":null,"loc_calc":null,"structure_type":null,"structure_type_other":null,"cerd_number":null,"ministry_name":null,"ACS":null,"P_Code":null,"focal":null,"nb":null,"mosa_focal":null,"mosa_focal_phone":null,"mehe_focal":null,"mehe_focalnb":null,"type_private_public":null,"other_specifyy":null,"status":null,"notes":null,"sourcee":null,"displaced_cas_code":null,"phases":null,"nb_idps":null,"nb_families":null,"capacity":null,"male":null,"female":null,"age_0_1":null,"ages_1_3":null,"age_3_5":null,"age_6_12":null,"age_13_18":null,"age_19_57":null,"age_58_above":null,"disabilities_pregnant":null,"pregnant_women":null,"heating_disability":null,"visual_disability":null,"physical_disability":null,"interllectual_disability":null,"CreationDate":null,"Creator":null,"EditDate":null,"Editor":null,"lactating_women":null,"hearing_disability":null,"mental_disability":null,"DONT_ADD":null,"old_global_id":null,"floorsnum":null,"totalrooms":null,"occ_rooms":null,"free_spaces":null,"free_rooms":null,"kitchen_found":null,"kitchen_found2":null,"type_meal":null,"toilets_male":null,"toilets_female":null,"toilets_not_used_male":null,"toilets_not_used_female":null,"water_source":null,"elec_source":null,"bathtub_male":null,"bathtub_female":null,"generator":null,"generator_kva":null,"water_tank":null,"water_tank_capacity":null,"water_heater":null,"ac":null,"firedistinguisher":null,"first_aid":null,"wheelchair":null,"beds":null,"fridges":null,"washingmachines":null,"kitchen":null,"kids_area":null,"water_available":null,"need_water":null,"who_water":null,"how_water":null,"LAF_Focal":null,"LAF_shelter_name":null,"LAF_Phone_nb":null,"kg1_public_f":null,"kg1_public_e":null,"kg1_private":null,"kg2_public_f":null,"kg2_public_e":null,"kg2_private":null,"kg3_public_f":null,"kg3_public_e":null,"kg3_private":null,"gr1_public_f":null,"gr1_public_e":null,"gr1_private":null,"gr2_public_f":null,"gr2_public_e":null,"gr2_private":null,"gr3_public_f":null,"gr3_public_e":null,"gr3_private":null,"gr4_public_f":null,"gr4_public_e":null,"gr4_private":null,"gr5_public_f":null,"gr5_public_e":null,"gr5_private":null,"gr6_public_f":null,"gr6_public_e":null,"gr6_private":null,"gr7_public_f":null,"gr7_public_e":null,"gr7_private":null,"gr8_public_f":null,"gr8_public_e":null,"gr8_private":null,"gr9_public_f":null,"gr9_public_e":null,"gr9_private":null,"gr10_public_f":null,"gr10_public_e":null,"gr10_private":null,"gr11s_public_f":null,"gr11s_public_e":null,"gr11s_private":null,"gr11e_public_f":null,"gr11e_public_e":null,"gr11e_private":null,"gr12sg_public_f":null,"gr12sg_public_e":null,"gr12sg_private":null,"gr12se_public_f":null,"gr12se_public_e":null,"gr12se_private":null,"gr12lh_public_f":null,"gr12lh_public_e":null,"gr12lh_private":null,"gr12sv_public_f":null,"gr12sv_public_e":null,"gr12sv_private":null,"tvet_public":null,"tvet_private":null,"uni":null,"syrians":null,"oosc":null,"teachers":null,"bath_hygiene":null,"playground":null,"corridor":null,"rooms_hygiene":null,"Is_waste_collected":null,"Collection_frequency":null,"construction":null,"yes_construction":null,"unified_authority":null,"documentation":null,"check_all":null,"Comments":null,"comments2":"عين بوسوار","age0_6_months":null,"age6_12_months":null,"f_age0_6_months":null,"f_age6_12_months":null,"f_ages_1_3":null,"f_age_3_5":null,"f_age_6_12":null,"f_age_13_18":null,"f_age_19_57":null,"f_age_58_above":null,"Female_Headed_Households":null,"lost_kids":null,"chronic_disease":null,"diesel_fuel_tank":null,"count_tanks":null,"capacity_tank":null,"need_bin":null,"need_bin_240":null,"need_bin_1100":null,"status_2026":null,"gov_cad":null,"district_cad":null,"cad_name":null,"x":null,"y":null},"geometry":null},
{"type":"Feature","properties":{"objectid":null,"globalid":null,"shelter_name":null,"governorate_name":null,"district_name":null,"villages":null,"lat_calc":null,"long_calc":null,"loc_calc":null,"structure_type":null,"structure_type_other":null,"cerd_number":null,"ministry_name":null,"ACS":null,"P_Code":null,"focal":null,"nb":null,"mosa_focal":null,"mosa_focal_phone":null,"mehe_focal":null,"mehe_focalnb":null,"type_private_public":null,"other_specifyy":null,"status":null,"notes":null,"sourcee":null,"displaced_cas_code":null,"phases":null,"nb_idps":null,"nb_families":null,"capacity":null,"male":null,"female":null,"age_0_1":null,"ages_1_3":null,"age_3_5":null,"age_6_12":null,"age_13_18":null,"age_19_57":null,"age_58_above":null,"disabilities_pregnant":null,"pregnant_women":null,"heating_disability":null,"visual_disability":null,"physical_disability":null,"interllectual_disability":null,"CreationDate":null,"Creator":null,"EditDate":null,"Editor":null,"lactating_women":null,"hearing_disability":null,"mental_disability":null,"DONT_ADD":null,"old_global_id":null,"floorsnum":null,"totalrooms":null,"occ_rooms":null,"free_spaces":null,"free_rooms":null,"kitchen_found":null,"kitchen_found2":null,"type_meal":null,"toilets_male":null,"toilets_female":null,"toilets_not_used_male":null,"toilets_not_used_female":null,"water_source":null,"elec_source":null,"bathtub_male":null,"bathtub_female":null,"generator":null,"generator_kva":null,"water_tank":null,"water_tank_capacity":null,"water_heater":null,"ac":null,"firedistinguisher":null,"first_aid":null,"wheelchair":null,"beds":null,"fridges":null,"washingmachines":null,"kitchen":null,"kids_area":null,"water_available":null,"need_water":null,"who_water":null,"how_water":null,"LAF_Focal":null,"LAF_shelter_name":null,"LAF_Phone_nb":null,"kg1_public_f":null,"kg1_public_e":null,"kg1_private":null,"kg2_public_f":null,"kg2_public_e":null,"kg2_private":null,"kg3_public_f":null,"kg3_public_e":null,"kg3_private":null,"gr1_public_f":null,"gr1_public_e":null,"gr1_private":null,"gr2_public_f":null,"gr2_public_e":null,"gr2_private":null,"gr3_public_f":null,"gr3_public_e":null,"gr3_private":null,"gr4_public_f":null,"gr4_public_e":null,"gr4_private":null,"gr5_public_f":null,"gr5_public_e":null,"gr5_private":null,"gr6_public_f":null,"gr6_public_e":null,"gr6_private":null,"gr7_public_f":null,"gr7_public_e":null,"gr7_private":null,"gr8_public_f":null,"gr8_public_e":null,"gr8_private":null,"gr9_public_f":null,"gr9_public_e":null,"gr9_private":null,"gr10_public_f":null,"gr10_public_e":null,"gr10_private":null,"gr11s_public_f":null,"gr11s_public_e":null,"gr11s_private":null,"gr11e_public_f":null,"gr11e_public_e":null,"gr11e_private":null,"gr12sg_public_f":null,"gr12sg_public_e":null,"gr12sg_private":null,"gr12se_public_f":null,"gr12se_public_e":null,"gr12se_private":null,"gr12lh_public_f":null,"gr12lh_public_e":null,"gr12lh_private":null,"gr12sv_public_f":null,"gr12sv_public_e":null,"gr12sv_private":null,"tvet_public":null,"tvet_private":null,"uni":null,"syrians":null,"oosc":null,"teachers":null,"bath_hygiene":null,"playground":null,"corridor":null,"rooms_hygiene":null,"Is_waste_collected":null,"Collection_frequency":null,"construction":null,"yes_construction":null,"unified_authority":null,"documentation":null,"check_all":null,"Comments":null,"comments2":"كفررمان","age0_6_months":null,"age6_12_months":null,"f_age0_6_months":null,"f_age6_12_months":null,"f_ages_1_3":null,"f_age_3_5":null,"f_age_6_12":null,"f_age_13_18":null,"f_age_19_57":null,"f_age_58_above":null,"Female_Headed_Households":null,"lost_kids":null,"chronic_disease":null,"diesel_fuel_tank":null,"count_tanks":null,"capacity_tank":null,"need_bin":null,"need_bin_240":null,"need_bin_1100":null,"status_2026":null,"gov_cad":null,"district_cad":null,"cad_name":null,"x":null,"y":null},"geometry":null},
{"type":"Feature","properties":{"objectid":null,"globalid":null,"shelter_name":null,"governorate_name":null,"district_name":null,"villages":null,"lat_calc":null,"long_calc":null,"loc_calc":null,"structure_type":null,"structure_type_other":null,"cerd_number":null,"ministry_name":null,"ACS":null,"P_Code":null,"focal":null,"nb":null,"mosa_focal":null,"mosa_focal_phone":null,"mehe_focal":null,"mehe_focalnb":null,"type_private_public":null,"other_specifyy":null,"status":null,"notes":null,"sourcee":null,"displaced_cas_code":null,"phases":null,"nb_idps":null,"nb_families":null,"capacity":null,"male":null,"female":null,"age_0_1":null,"ages_1_3":null,"age_3_5":null,"age_6_12":null,"age_13_18":null,"age_19_57":null,"age_58_above":null,"disabilities_pregnant":null,"pregnant_women":null,"heating_disability":null,"visual_disability":null,"physical_disability":null,"interllectual_disability":null,"CreationDate":null,"Creator":null,"EditDate":null,"Editor":null,"lactating_women":null,"hearing_disability":null,"mental_disability":null,"DONT_ADD":null,"old_global_id":null,"floorsnum":null,"totalrooms":null,"occ_rooms":null,"free_spaces":null,"free_rooms":null,"kitchen_found":null,"kitchen_found2":null,"type_meal":null,"toilets_male":null,"toilets_female":null,"toilets_not_used_male":null,"toilets_not_used_female":null,"water_source":null,"elec_source":null,"bathtub_male":null,"bathtub_female":null,"generator":null,"generator_kva":null,"water_tank":null,"water_tank_capacity":null,"water_heater":null,"ac":null,"firedistinguisher":null,"first_aid":null,"wheelchair":null,"beds":null,"fridges":null,"washingmachines":null,"kitchen":null,"kids_area":null,"water_available":null,"need_water":null,"who_water":null,"how_water":null,"LAF_Focal":null,"LAF_shelter_name":null,"LAF_Phone_nb":null,"kg1_public_f":null,"kg1_public_e":null,"kg1_private":null,"kg2_public_f":null,"kg2_public_e":null,"kg2_private":null,"kg3_public_f":null,"kg3_public_e":null,"kg3_private":null,"gr1_public_f":null,"gr1_public_e":null,"gr1_private":null,"gr2_public_f":null,"gr2_public_e":null,"gr2_private":null,"gr3_public_f":null,"gr3_public_e":null,"gr3_private":null,"gr4_public_f":null,"gr4_public_e":null,"gr4_private":null,"gr5_public_f":null,"gr5_public_e":null,"gr5_private":null,"gr6_public_f":null,"gr6_public_e":null,"gr6_private":null,"gr7_public_f":null,"gr7_public_e":null,"gr7_private":null,"gr8_public_f":null,"gr8_public_e":null,"gr8_private":null,"gr9_public_f":null,"gr9_public_e":null,"gr9_private":null,"gr10_public_f":null,"gr10_public_e":null,"gr10_private":null,"gr11s_public_f":null,"gr11s_public_e":null,"gr11s_private":null,"gr11e_public_f":null,"gr11e_public_e":null,"gr11e_private":null,"gr12sg_public_f":null,"gr12sg_public_e":null,"gr12sg_private":null,"gr12se_public_f":null,"gr12se_public_e":null,"gr12se_private":null,"gr12lh_public_f":null,"gr12lh_public_e":null,"gr12lh_private":null,"gr12sv_public_f":null,"gr12sv_public_e":null,"gr12sv_private":null,"tvet_public":null,"tvet_private":null,"uni":null,"syrians":null,"oosc":null,"teachers":null,"bath_hygiene":null,"playground":null,"corridor":null,"rooms_hygiene":null,"Is_waste_collected":null,"Collection_frequency":null,"construction":null,"yes_construction":null,"unified_authority":null,"documentation":null,"check_all":null,"Comments":null,"comments2":"الشعيتية","age0_6_months":null,"age6_12_months":null,"f_age0_6_months":null,"f_age6_12_months":null,"f_ages_1_3":null,"f_age_3_5":null,"f_age_6_12":null,"f_age_13_18":null,"f_age_19_57":null,"f_age_58_above":null,"Female_Headed_Households":null,"lost_kids":null,"chronic_disease":null,"diesel_fuel_tank":null,"count_tanks":null,"capacity_tank":null,"need_bin":null,"need_bin_240":null,"need_bin_1100":null,"status_2026":null,"gov_cad":null,"district_cad":null,"cad_name":null,"x":null,"y":null},"geometry":null},
{"type":"Feature","properties":{"objectid":null,"globalid":null,"shelter_name":null,"governorate_name":null,"district_name":null,"villages":null,"lat_calc":null,"long_calc":null,"loc_calc":null,"structure_type":null,"structure_type_other":null,"cerd_number":null,"ministry_name":null,"ACS":null,"P_Code":null,"focal":null,"nb":null,"mosa_focal":null,"mosa_focal_phone":null,"mehe_focal":null,"mehe_focalnb":null,"type_private_public":null,"other_specifyy":null,"status":null,"notes":null,"sourcee":null,"displaced_cas_code":null,"phases":null,"nb_idps":null,"nb_families":null,"capacity":null,"male":null,"female":null,"age_0_1":null,"ages_1_3":null,"age_3_5":null,"age_6_12":null,"age_13_18":null,"age_19_57":null,"age_58_above":null,"disabilities_pregnant":null,"pregnant_women":null,"heating_disability":null,"visual_disability":null,"physical_disability":null,"interllectual_disability":null,"CreationDate":null,"Creator":null,"EditDate":null,"Editor":null,"lactating_women":null,"hearing_disability":null,"mental_disability":null,"DONT_ADD":null,"old_global_id":null,"floorsnum":null,"totalrooms":null,"occ_rooms":null,"free_spaces":null,"free_rooms":null,"kitchen_found":null,"kitchen_found2":null,"type_meal":null,"toilets_male":null,"toilets_female":null,"toilets_not_used_male":null,"toilets_not_used_female":null,"water_source":null,"elec_source":null,"bathtub_male":null,"bathtub_female":null,"generator":null,"generator_kva":null,"water_tank":null,"water_tank_capacity":null,"water_heater":null,"ac":null,"firedistinguisher":null,"first_aid":null,"wheelchair":null,"beds":null,"fridges":null,"washingmachines":null,"kitchen":null,"kids_area":null,"water_available":null,"need_water":null,"who_water":null,"how_water":null,"LAF_Focal":null,"LAF_shelter_name":null,"LAF_Phone_nb":null,"kg1_public_f":null,"kg1_public_e":null,"kg1_private":null,"kg2_public_f":null,"kg2_public_e":null,"kg2_private":null,"kg3_public_f":null,"kg3_public_e":null,"kg3_private":null,"gr1_public_f":null,"gr1_public_e":null,"gr1_private":null,"gr2_public_f":null,"gr2_public_e":null,"gr2_private":null,"gr3_public_f":null,"gr3_public_e":null,"gr3_private":null,"gr4_public_f":null,"gr4_public_e":null,"gr4_private":null,"gr5_public_f":null,"gr5_public_e":null,"gr5_private":null,"gr6_public_f":null,"gr6_public_e":null,"gr6_private":null,"gr7_public_f":null,"gr7_public_e":null,"gr7_private":null,"gr8_public_f":null,"gr8_public_e":null,"gr8_private":null,"gr9_public_f":null,"gr9_public_e":null,"gr9_private":null,"gr10_public_f":null,"gr10_public_e":null,"gr10_private":null,"gr11s_public_f":null,"gr11s_public_e":null,"gr11s_private":null,"gr11e_public_f":null,"gr11e_public_e":null,"gr11e_private":null,"gr12sg_public_f":null,"gr12sg_public_e":null,"gr12sg_private":null,"gr12se_public_f":null,"gr12se_public_e":null,"gr12se_private":null,"gr12lh_public_f":null,"gr12lh_public_e":null,"gr12lh_private":null,"gr12sv_public_f":null,"gr12sv_public_e":null,"gr12sv_private":null,"tvet_public":null,"tvet_private":null,"uni":null,"syrians":null,"oosc":null,"teachers":null,"bath_hygiene":null,"playground":null,"corridor":null,"rooms_hygiene":null,"Is_waste_collected":null,"Collection_frequency":null,"construction":null,"yes_construction":null,"unified_authority":null,"documentation":null,"check_all":null,"Comments":null,"comments2":"الخرايب","age0_6_months":null,"age6_12_months":null,"f_age0_6_months":null,"f_age6_12_months":null,"f_ages_1_3":null,"f_age_3_5":null,"f_age_6_12":null,"f_age_13_18":null,"f_age_19_57":null,"f_age_58_above":null,"Female_Headed_Households":null,"lost_kids":null,"chronic_disease":null,"diesel_fuel_tank":null,"count_tanks":null,"capacity_tank":null,"need_bin":null,"need_bin_240":null,"need_bin_1100":null,"status_2026":null,"gov_cad":null,"district_cad":null,"cad_name":null,"x":null,"y":null},"geometry":null},
{"type":"Feature","properties":{"objectid":null,"globalid":null,"shelter_name":null,"governorate_name":null,"district_name":null,"villages":null,"lat_calc":null,"long_calc":null,"loc_calc":null,"structure_type":null,"structure_type_other":null,"cerd_number":null,"ministry_name":null,"ACS":null,"P_Code":null,"focal":null,"nb":null,"mosa_focal":null,"mosa_focal_phone":null,"mehe_focal":null,"mehe_focalnb":null,"type_private_public":null,"other_specifyy":null,"status":null,"notes":null,"sourcee":null,"displaced_cas_code":null,"phases":null,"nb_idps":null,"nb_families":null,"capacity":null,"male":null,"female":null,"age_0_1":null,"ages_1_3":null,"age_3_5":null,"age_6_12":null,"age_13_18":null,"age_19_57":null,"age_58_above":null,"disabilities_pregnant":null,"pregnant_women":null,"heating_disability":null,"visual_disability":null,"physical_disability":null,"interllectual_disability":null,"CreationDate":null,"Creator":null,"EditDate":null,"Editor":null,"lactating_women":null,"hearing_disability":null,"mental_disability":null,"DONT_ADD":null,"old_global_id":null,"floorsnum":null,"totalrooms":null,"occ_rooms":null,"free_spaces":null,"free_rooms":null,"kitchen_found":null,"kitchen_found2":null,"type_meal":null,"toilets_male":null,"toilets_female":null,"toilets_not_used_male":null,"toilets_not_used_female":null,"water_source":null,"elec_source":null,"bathtub_male":null,"bathtub_female":null,"generator":null,"generator_kva":null,"water_tank":null,"water_tank_capacity":null,"water_heater":null,"ac":null,"firedistinguisher":null,"first_aid":null,"wheelchair":null,"beds":null,"fridges":null,"washingmachines":null,"kitchen":null,"kids_area":null,"water_available":null,"need_water":null,"who_water":null,"how_water":null,"LAF_Focal":null,"LAF_shelter_name":null,"LAF_Phone_nb":null,"kg1_public_f":null,"kg1_public_e":null,"kg1_private":null,"kg2_public_f":null,"kg2_public_e":null,"kg2_private":null,"kg3_public_f":null,"kg3_public_e":null,"kg3_private":null,"gr1_public_f":null,"gr1_public_e":null,"gr1_private":null,"gr2_public_f":null,"gr2_public_e":null,"gr2_private":null,"gr3_public_f":null,"gr3_public_e":null,"gr3_private":null,"gr4_public_f":null,"gr4_public_e":null,"gr4_private":null,"gr5_public_f":null,"gr5_public_e":null,"gr5_private":null,"gr6_public_f":null,"gr6_public_e":null,"gr6_private":null,"gr7_public_f":null,"gr7_public_e":null,"gr7_private":null,"gr8_public_f":null,"gr8_public_e":null,"gr8_private":null,"gr9_public_f":null,"gr9_public_e":null,"gr9_private":null,"gr10_public_f":null,"gr10_public_e":null,"gr10_private":null,"gr11s_public_f":null,"gr11s_public_e":null,"gr11s_private":null,"gr11e_public_f":null,"gr11e_public_e":null,"gr11e_private":null,"gr12sg_public_f":null,"gr12sg_public_e":null,"gr12sg_private":null,"gr12se_public_f":null,"gr12se_public_e":null,"gr12se_private":null,"gr12lh_public_f":null,"gr12lh_public_e":null,"gr12lh_private":null,"gr12sv_public_f":null,"gr12sv_public_e":null,"gr12sv_private":null,"tvet_public":null,"tvet_private":null,"uni":null,"syrians":null,"oosc":null,"teachers":null,"bath_hygiene":null,"playground":null,"corridor":null,"rooms_hygiene":null,"Is_waste_collected":null,"Collection_frequency":null,"construction":null,"yes_construction":null,"unified_authority":null,"documentation":null,"check_all":null,"Comments":null,"comments2":"كفرحتى","age0_6_months":null,"age6_12_months":null,"f_age0_6_months":null,"f_age6_12_months":null,"f_ages_1_3":null,"f_age_3_5":null,"f_age_6_12":null,"f_age_13_18":null,"f_age_19_57":null,"f_age_58_above":null,"Female_Headed_Households":null,"lost_kids":null,"chronic_disease":null,"diesel_fuel_tank":null,"count_tanks":null,"capacity_tank":null,"need_bin":null,"need_bin_240":null,"need_bin_1100":null,"status_2026":null,"gov_cad":null,"district_cad":null,"cad_name":null,"x":null,"y":null},"geometry":null},
{"type":"Feature","properties":{"objectid":null,"globalid":null,"shelter_name":null,"governorate_name":null,"district_name":null,"villages":null,"lat_calc":null,"long_calc":null,"loc_calc":null,"structure_type":null,"structure_type_other":null,"cerd_number":null,"ministry_name":null,"ACS":null,"P_Code":null,"focal":null,"nb":null,"mosa_focal":null,"mosa_focal_phone":null,"mehe_focal":null,"mehe_focalnb":null,"type_private_public":null,"other_specifyy":null,"status":null,"notes":null,"sourcee":null,"displaced_cas_code":null,"phases":null,"nb_idps":null,"nb_families":null,"capacity":null,"male":null,"female":null,"age_0_1":null,"ages_1_3":null,"age_3_5":null,"age_6_12":null,"age_13_18":null,"age_19_57":null,"age_58_above":null,"disabilities_pregnant":null,"pregnant_women":null,"heating_disability":null,"visual_disability":null,"physical_disability":null,"interllectual_disability":null,"CreationDate":null,"Creator":null,"EditDate":null,"Editor":null,"lactating_women":null,"hearing_disability":null,"mental_disability":null,"DONT_ADD":null,"old_global_id":null,"floorsnum":null,"totalrooms":null,"occ_rooms":null,"free_spaces":null,"free_rooms":null,"kitchen_found":null,"kitchen_found2":null,"type_meal":null,"toilets_male":null,"toilets_female":null,"toilets_not_used_male":null,"toilets_not_used_female":null,"water_source":null,"elec_source":null,"bathtub_male":null,"bathtub_female":null,"generator":null,"generator_kva":null,"water_tank":null,"water_tank_capacity":null,"water_heater":null,"ac":null,"firedistinguisher":null,"first_aid":null,"wheelchair":null,"beds":null,"fridges":null,"washingmachines":null,"kitchen":null,"kids_area":null,"water_available":null,"need_water":null,"who_water":null,"how_water":null,"LAF_Focal":null,"LAF_shelter_name":null,"LAF_Phone_nb":null,"kg1_public_f":null,"kg1_public_e":null,"kg1_private":null,"kg2_public_f":null,"kg2_public_e":null,"kg2_private":null,"kg3_public_f":null,"kg3_public_e":null,"kg3_private":null,"gr1_public_f":null,"gr1_public_e":null,"gr1_private":null,"gr2_public_f":null,"gr2_public_e":null,"gr2_private":null,"gr3_public_f":null,"gr3_public_e":null,"gr3_private":null,"gr4_public_f":null,"gr4_public_e":null,"gr4_private":null,"gr5_public_f":null,"gr5_public_e":null,"gr5_private":null,"gr6_public_f":null,"gr6_public_e":null,"gr6_private":null,"gr7_public_f":null,"gr7_public_e":null,"gr7_private":null,"gr8_public_f":null,"gr8_public_e":null,"gr8_private":null,"gr9_public_f":null,"gr9_public_e":null,"gr9_private":null,"gr10_public_f":null,"gr10_public_e":null,"gr10_private":null,"gr11s_public_f":null,"gr11s_public_e":null,"gr11s_private":null,"gr11e_public_f":null,"gr11e_public_e":null,"gr11e_private":null,"gr12sg_public_f":null,"gr12sg_public_e":null,"gr12sg_private":null,"gr12se_public_f":null,"gr12se_public_e":null,"gr12se_private":null,"gr12lh_public_f":null,"gr12lh_public_e":null,"gr12lh_private":null,"gr12sv_public_f":null,"gr12sv_public_e":null,"gr12sv_private":null,"tvet_public":null,"tvet_private":null,"uni":null,"syrians":null,"oosc":null,"teachers":null,"bath_hygiene":null,"playground":null,"corridor":null,"rooms_hygiene":null,"Is_waste_collected":null,"Collection_frequency":null,"construction":null,"yes_construction":null,"unified_authority":null,"documentation":null,"check_all":null,"Comments":null,"comments2":"قناريت","age0_6_months":null,"age6_12_months":null,"f_age0_6_months":null,"f_age6_12_months":null,"f_ages_1_3":null,"f_age_3_5":null,"f_age_6_12":null,"f_age_13_18":null,"f_age_19_57":null,"f_age_58_above":null,"Female_Headed_Households":null,"lost_kids":null,"chronic_disease":null,"diesel_fuel_tank":null,"count_tanks":null,"capacity_tank":null,"need_bin":null,"need_bin_240":null,"need_bin_1100":null,"status_2026":null,"gov_cad":null,"district_cad":null,"cad_name":null,"x":null,"y":null},"geometry":null},
{"type":"Feature","properties":{"objectid":null,"globalid":null,"shelter_name":null,"governorate_name":null,"district_name":null,"villages":null,"lat_calc":null,"long_calc":null,"loc_calc":null,"structure_type":null,"structure_type_other":null,"cerd_number":null,"ministry_name":null,"ACS":null,"P_Code":null,"focal":null,"nb":null,"mosa_focal":null,"mosa_focal_phone":null,"mehe_focal":null,"mehe_focalnb":null,"type_private_public":null,"other_specifyy":null,"status":null,"notes":null,"sourcee":null,"displaced_cas_code":null,"phases":null,"nb_idps":null,"nb_families":null,"capacity":null,"male":null,"female":null,"age_0_1":null,"ages_1_3":null,"age_3_5":null,"age_6_12":null,"age_13_18":null,"age_19_57":null,"age_58_above":null,"disabilities_pregnant":null,"pregnant_women":null,"heating_disability":null,"visual_disability":null,"physical_disability":null,"interllectual_disability":null,"CreationDate":null,"Creator":null,"EditDate":null,"Editor":null,"lactating_women":null,"hearing_disability":null,"mental_disability":null,"DONT_ADD":null,"old_global_id":null,"floorsnum":null,"totalrooms":null,"occ_rooms":null,"free_spaces":null,"free_rooms":null,"kitchen_found":null,"kitchen_found2":null,"type_meal":null,"toilets_male":null,"toilets_female":null,"toilets_not_used_male":null,"toilets_not_used_female":null,"water_source":null,"elec_source":null,"bathtub_male":null,"bathtub_female":null,"generator":null,"generator_kva":null,"water_tank":null,"water_tank_capacity":null,"water_heater":null,"ac":null,"firedistinguisher":null,"first_aid":null,"wheelchair":null,"beds":null,"fridges":null,"washingmachines":null,"kitchen":null,"kids_area":null,"water_available":null,"need_water":null,"who_water":null,"how_water":null,"LAF_Focal":null,"LAF_shelter_name":null,"LAF_Phone_nb":null,"kg1_public_f":null,"kg1_public_e":null,"kg1_private":null,"kg2_public_f":null,"kg2_public_e":null,"kg2_private":null,"kg3_public_f":null,"kg3_public_e":null,"kg3_private":null,"gr1_public_f":null,"gr1_public_e":null,"gr1_private":null,"gr2_public_f":null,"gr2_public_e":null,"gr2_private":null,"gr3_public_f":null,"gr3_public_e":null,"gr3_private":null,"gr4_public_f":null,"gr4_public_e":null,"gr4_private":null,"gr5_public_f":null,"gr5_public_e":null,"gr5_private":null,"gr6_public_f":null,"gr6_public_e":null,"gr6_private":null,"gr7_public_f":null,"gr7_public_e":null,"gr7_private":null,"gr8_public_f":null,"gr8_public_e":null,"gr8_private":null,"gr9_public_f":null,"gr9_public_e":null,"gr9_private":null,"gr10_public_f":null,"gr10_public_e":null,"gr10_private":null,"gr11s_public_f":null,"gr11s_public_e":null,"gr11s_private":null,"gr11e_public_f":null,"gr11e_public_e":null,"gr11e_private":null,"gr12sg_public_f":null,"gr12sg_public_e":null,"gr12sg_private":null,"gr12se_public_f":null,"gr12se_public_e":null,"gr12se_private":null,"gr12lh_public_f":null,"gr12lh_public_e":null,"gr12lh_private":null,"gr12sv_public_f":null,"gr12sv_public_e":null,"gr12sv_private":null,"tvet_public":null,"tvet_private":null,"uni":null,"syrians":null,"oosc":null,"teachers":null,"bath_hygiene":null,"playground":null,"corridor":null,"rooms_hygiene":null,"Is_waste_collected":null,"Collection_frequency":null,"construction":null,"yes_construction":null,"unified_authority":null,"documentation":null,"check_all":null,"Comments":null,"comments2":"عبا","age0_6_months":null,"age6_12_months":null,"f_age0_6_months":null,"f_age6_12_months":null,"f_ages_1_3":null,"f_age_3_5":null,"f_age_6_12":null,"f_age_13_18":null,"f_age_19_57":null,"f_age_58_above":null,"Female_Headed_Households":null,"lost_kids":null,"chronic_disease":null,"diesel_fuel_tank":null,"count_tanks":null,"capacity_tank":null,"need_bin":null,"need_bin_240":null,"need_bin_1100":null,"status_2026":null,"gov_cad":null,"district_cad":null,"cad_name":null,"x":null,"y":null},"geometry":null},
{"type":"Feature","properties":{"objectid":240,"globalid":"2ec0ce3e-bcd1-45b0-9907-267f4788bcde","shelter_name":"رويسة البلوط الرسمية المختلطة","governorate_name":"Mount Lebanon","district_name":"Baabda","villages":"Rouisset el Ballout","lat_calc":33.827125,"long_calc":35.644039,"loc_calc":"33.827125 35.644039","structure_type":"School","structure_type_other":null,"cerd_number":252,"ministry_name":"252 - رويسة البلوط الرسمية المختلطة","ACS":21317,"P_Code":"21317_001","focal":"ميسون مروان زيدان ","nb":3876035,"mosa_focal":"وائل عاطف شجاع","mosa_focal_phone":71387852,"mehe_focal":"ميسون مروان زيدان ","mehe_focalnb":"3876035","type_private_public":"public","other_specifyy":null,"status":"full","notes":null,"sourcee":"ministry","displaced_cas_code":21317,"phases":2,"nb_idps":71,"nb_families":23,"capacity":71,"male":29,"female":42,"age_0_1":3,"ages_1_3":2,"age_3_5":2,"age_6_12":2,"age_13_18":2,"age_19_57":19,"age_58_above":2,"disabilities_pregnant":null,"pregnant_women":1,"heating_disability":null,"visual_disability":0,"physical_disability":1,"interllectual_disability":null,"CreationDate":"2026-03-04T12:04:10","Creator":"Ramez.Hassan.961","EditDate":"2026-09-01T08:20:34","Editor":"EOR.BAABDA","lactating_women":1,"hearing_disability":0,"mental_disability":0,"DONT_ADD":"true","old_global_id":null,"floorsnum":null,"totalrooms":null,"occ_rooms":null,"free_spaces":null,"free_rooms":null,"kitchen_found":null,"kitchen_found2":null,"type_meal":null,"toilets_male":null,"toilets_female":null,"toilets_not_used_male":null,"toilets_not_used_female":null,"water_source":null,"elec_source":null,"bathtub_male":null,"bathtub_female":null,"generator":null,"generator_kva":null,"water_tank":null,"water_tank_capacity":null,"water_heater":null,"ac":null,"firedistinguisher":null,"first_aid":null,"wheelchair":null,"beds":null,"fridges":null,"washingmachines":null,"kitchen":null,"kids_area":null,"water_available":null,"need_water":null,"who_water":null,"how_water":null,"LAF_Focal":null,"LAF_shelter_name":null,"LAF_Phone_nb":null,"kg1_public_f":0,"kg1_public_e":1,"kg1_private":0,"kg2_public_f":0,"kg2_public_e":1,"kg2_private":2,"kg3_public_f":0,"kg3_public_e":1,"kg3_private":0,"gr1_public_f":0,"gr1_public_e":2,"gr1_private":0,"gr2_public_f":0,"gr2_public_e":2,"gr2_private":0,"gr3_public_f":0,"gr3_public_e":0,"gr3_private":0,"gr4_public_f":0,"gr4_public_e":0,"gr4_private":0,"gr5_public_f":0,"gr5_public_e":1,"gr5_private":2,"gr6_public_f":0,"gr6_public_e":1,"gr6_private":1,"gr7_public_f":0,"gr7_public_e":1,"gr7_private":0,"gr8_public_f":0,"gr8_public_e":0,"gr8_private":0,"gr9_public_f":0,"gr9_public_e":0,"gr9_private":0,"gr10_public_f":0,"gr10_public_e":0,"gr10_private":1,"gr11s_public_f":0,"gr11s_public_e":0,"gr11s_private":0,"gr11e_public_f":0,"gr11e_public_e":0,"gr11e_private":0,"gr12sg_public_f":0,"gr12sg_public_e":0,"gr12sg_private":0,"gr12se_public_f":0,"gr12se_public_e":0,"gr12se_private":0,"gr12lh_public_f":"false","gr12lh_public_e":0,"gr12lh_private":"false","gr12sv_public_f":0,"gr12sv_public_e":0,"gr12sv_private":0,"tvet_public":0,"tvet_private":0,"uni":1,"syrians":0,"oosc":5,"teachers":0,"bath_hygiene":"good","playground":"good","corridor":"good","rooms_hygiene":"good","Is_waste_collected":"true","Collection_frequency":"daily","construction":"false","yes_construction":null,"unified_authority":"true","documentation":null,"check_all":"false","Comments":null,"comments2":null,"age0_6_months":0,"age6_12_months":0,"f_age0_6_months":3,"f_age6_12_months":0,"f_ages_1_3":4,"f_age_3_5":2,"f_age_6_12":5,"f_age_13_18":4,"f_age_19_57":20,"f_age_58_above":4,"Female_Headed_Households":2,"lost_kids":0,"chronic_disease":3,"diesel_fuel_tank":null,"count_tanks":null,"capacity_tank":null,"need_bin":null,"need_bin_240":null,"need_bin_1100":null,"status_2026":"used","gov_cad":"Mount Lebanon","district_cad":"Baabda","cad_name":"Roueissat-el-Ballout","x":35.64687283,"y":33.82726296},"geometry":{"type":"Point","coordinates":[35.64687283,33.82726296]}},
{"type":"Feature","properties":{"objectid":245,"globalid":"413eeee8-bccf-433e-b224-026fd5adf36e","shelter_name":"القرية الرسمية المتوسطة المختلطة","governorate_name":"Mount Lebanon","district_name":"Baabda","villages":"Qraiye","lat_calc":33.808136,"long_calc":35.676433,"loc_calc":"33.808136 35.676433","structure_type":"School","structure_type_other":null,"cerd_number":249,"ministry_name":"القرية الرسمية المتوسطة المختلطة","ACS":21344,"P_Code":"21344_001","focal":"مروان أبو الحسن","nb":71836366,"mosa_focal":null,"mosa_focal_phone":null,"mehe_focal":"لورا مرعي","mehe_focalnb":"71252958","type_private_public":"public","other_specifyy":null,"status":"full","notes":null,"sourcee":"field","displaced_cas_code":21344,"phases":1,"nb_idps":11,"nb_families":4,"capacity":45,"male":5,"female":6,"age_0_1":null,"ages_1_3":1,"age_3_5":1,"age_6_12":0,"age_13_18":0,"age_19_57":3,"age_58_above":0,"disabilities_pregnant":null,"pregnant_women":1,"heating_disability":null,"visual_disability":null,"physical_disability":1,"interllectual_disability":null,"CreationDate":"2026-03-04T12:04:10","Creator":"Ramez.Hassan.961","EditDate":"2026-09-01T08:20:36","Editor":"EOR.BAABDA","lactating_women":1,"hearing_disability":null,"mental_disability":null,"DONT_ADD":"true","old_global_id":null,"floorsnum":null,"totalrooms":null,"occ_rooms":null,"free_spaces":null,"free_rooms":null,"kitchen_found":null,"kitchen_found2":null,"type_meal":null,"toilets_male":null,"toilets_female":null,"toilets_not_used_male":null,"toilets_not_used_female":null,"water_source":null,"elec_source":null,"bathtub_male":null,"bathtub_female":null,"generator":null,"generator_kva":null,"water_tank":null,"water_tank_capacity":null,"water_heater":null,"ac":null,"firedistinguisher":null,"first_aid":null,"wheelchair":null,"beds":null,"fridges":null,"washingmachines":null,"kitchen":null,"kids_area":null,"water_available":null,"need_water":null,"who_water":null,"how_water":null,"LAF_Focal":null,"LAF_shelter_name":null,"LAF_Phone_nb":null,"kg1_public_f":0,"kg1_public_e":2,"kg1_private":2,"kg2_public_f":0,"kg2_public_e":0,"kg2_private":0,"kg3_public_f":0,"kg3_public_e":0,"kg3_private":0,"gr1_public_f":0,"gr1_public_e":0,"gr1_private":1,"gr2_public_f":0,"gr2_public_e":0,"gr2_private":2,"gr3_public_f":0,"gr3_public_e":0,"gr3_private":1,"gr4_public_f":0,"gr4_public_e":2,"gr4_private":2,"gr5_public_f":0,"gr5_public_e":0,"gr5_private":0,"gr6_public_f":0,"gr6_public_e":1,"gr6_private":1,"gr7_public_f":0,"gr7_public_e":0,"gr7_private":0,"gr8_public_f":0,"gr8_public_e":0,"gr8_private":0,"gr9_public_f":0,"gr9_public_e":1,"gr9_private":0,"gr10_public_f":0,"gr10_public_e":0,"gr10_private":0,"gr11s_public_f":0,"gr11s_public_e":0,"gr11s_private":0,"gr11e_public_f":0,"gr11e_public_e":0,"gr11e_private":0,"gr12sg_public_f":0,"gr12sg_public_e":0,"gr12sg_private":0,"gr12se_public_f":0,"gr12se_public_e":0,"gr12se_private":0,"gr12lh_public_f":"false","gr12lh_public_e":0,"gr12lh_private":"false","gr12sv_public_f":0,"gr12sv_public_e":0,"gr12sv_private":0,"tvet_public":0,"tvet_private":0,"uni":0,"syrians":0,"oosc":0,"teachers":0,"bath_hygiene":"fair","playground":"good","corridor":"fair","rooms_hygiene":"fair","Is_waste_collected":"true","Collection_frequency":"daily","construction":"false","yes_construction":null,"unified_authority":null,"documentation":null,"check_all":"true","Comments":"false","comments2":null,"age0_6_months":0,"age6_12_months":0,"f_age0_6_months":0,"f_age6_12_months":1,"f_ages_1_3":1,"f_age_3_5":0,"f_age_6_12":1,"f_age_13_18":0,"f_age_19_57":2,"f_age_58_above":1,"Female_Headed_Households":2,"lost_kids":0,"chronic_disease":11,"diesel_fuel_tank":null,"count_tanks":null,"capacity_tank":null,"need_bin":null,"need_bin_240":null,"need_bin_1100":null,"status_2026":"used","gov_cad":"Mount Lebanon","district_cad":"Baabda","cad_name":"El-Krayé","x":35.676433,"y":33.808136},"geometry":{"type":"Point","coordinates":[35.676433,33.808136]}},
{"type":"Feature","properties":{"objectid":252,"globalid":"d13d45e1-da8f-4d73-bc15-1a67b1747e5c","shelter_name":"ثانوية حاصبيا الرسمية","governorate_name":"El Nabatieh","district_name":"Hasbaya","villages":"Hasbaiya","lat_calc":33.39793,"long_calc":35.684222,"loc_calc":"33.39793 35.684222","structure_type":"School","structure_type_other":null,"cerd_number":1176,"ministry_name":"ثانوية حاصبيا الرسمية","ACS":74111,"P_Code":"74111_007","focal":"علي بعلبكي","nb":3755907,"mosa_focal":"هدى وردة","mosa_focal_phone":71580639,"mehe_focal":"رانيا ابو غايدة","mehe_focalnb":"71435323","type_private_public":"public","other_specifyy":null,"status":"open","notes":null,"sourcee":"ministry","displaced_cas_code":74111,"phases":2,"nb_idps":15,"nb_families":4,"capacity":131,"male":90,"female":79,"age_0_1":0,"ages_1_3":1,"age_3_5":4,"age_6_12":12,"age_13_18":11,"age_19_57":41,"age_58_above":20,"disabilities_pregnant":null,"pregnant_women":1,"heating_disability":null,"visual_disability":0,"physical_disability":0,"interllectual_disability":null,"CreationDate":"2026-03-04T12:04:10","Creator":"Ramez.Hassan.961","EditDate":"2026-09-01T12:38:35","Editor":"EOR.SAIDA","lactating_women":0,"hearing_disability":0,"mental_disability":0,"DONT_ADD":"true","old_global_id":null,"floorsnum":3,"totalrooms":25,"occ_rooms":19,"free_spaces":0,"free_rooms":1,"kitchen_found":"false","kitchen_found2":null,"type_meal":null,"toilets_male":66,"toilets_female":0,"toilets_not_used_male":0,"toilets_not_used_female":0,"water_source":"مياه لبنان الجنوبي و صهاريج الدفاع المدني","elec_source":"دولة و اشتراك البلدية","bathtub_male":1,"bathtub_female":1,"generator":"false","generator_kva":null,"water_tank":4,"water_tank_capacity":8000,"water_heater":2,"ac":19,"firedistinguisher":null,"first_aid":"false","wheelchair":0,"beds":1,"fridges":1,"washingmachines":2,"kitchen":"false","kids_area":0,"water_available":"true","need_water":20,"who_water":"الدفاع المدني","how_water":"صهاريج الدفاع المدني","LAF_Focal":null,"LAF_shelter_name":null,"LAF_Phone_nb":null,"kg1_public_f":0,"kg1_public_e":0,"kg1_private":0,"kg2_public_f":0,"kg2_public_e":1,"kg2_private":2,"kg3_public_f":0,"kg3_public_e":1,"kg3_private":1,"gr1_public_f":0,"gr1_public_e":2,"gr1_private":0,"gr2_public_f":0,"gr2_public_e":1,"gr2_private":1,"gr3_public_f":0,"gr3_public_e":2,"gr3_private":0,"gr4_public_f":1,"gr4_public_e":2,"gr4_private":0,"gr5_public_f":1,"gr5_public_e":1,"gr5_private":0,"gr6_public_f":1,"gr6_public_e":2,"gr6_private":1,"gr7_public_f":0,"gr7_public_e":2,"gr7_private":0,"gr8_public_f":0,"gr8_public_e":2,"gr8_private":1,"gr9_public_f":1,"gr9_public_e":1,"gr9_private":0,"gr10_public_f":0,"gr10_public_e":0,"gr10_private":0,"gr11s_public_f":0,"gr11s_public_e":1,"gr11s_private":0,"gr11e_public_f":0,"gr11e_public_e":1,"gr11e_private":0,"gr12sg_public_f":0,"gr12sg_public_e":0,"gr12sg_private":0,"gr12se_public_f":0,"gr12se_public_e":0,"gr12se_private":0,"gr12lh_public_f":"false","gr12lh_public_e":0,"gr12lh_private":"false","gr12sv_public_f":0,"gr12sv_public_e":0,"gr12sv_private":0,"tvet_public":3,"tvet_private":2,"uni":4,"syrians":0,"oosc":3,"teachers":1,"bath_hygiene":"fair","playground":"fair","corridor":"fair","rooms_hygiene":"fair","Is_waste_collected":"true","Collection_frequency":"weekly","construction":"false","yes_construction":null,"unified_authority":"true","documentation":"true","check_all":"false","Comments":"true","comments2":"الخيام دبين بلاط مرجعيون كفركيلا","age0_6_months":0,"age6_12_months":1,"f_age0_6_months":0,"f_age6_12_months":0,"f_ages_1_3":4,"f_age_3_5":1,"f_age_6_12":8,"f_age_13_18":7,"f_age_19_57":44,"f_age_58_above":15,"Female_Headed_Households":3,"lost_kids":2,"chronic_disease":6,"diesel_fuel_tank":null,"count_tanks":null,"capacity_tank":null,"need_bin":null,"need_bin_240":null,"need_bin_1100":null,"status_2026":"used","gov_cad":"El Nabatieh","district_cad":"Hasbaya","cad_name":"Hasbaya","x":35.684222,"y":33.39793},"geometry":{"type":"Point","coordinates":[35.684222,33.39793]}},
{"type":"Feature","properties":{"objectid":255,"globalid":"ef37c2ce-b76a-4122-bb34-a20a819bb82f","shelter_name":"  مدرسة بعقلين المتوسطة الرسمية المختلطة","governorate_name":"Mount Lebanon","district_name":"Chouf","villages":"Baaqline","lat_calc":33.678844,"long_calc":35.557908,"loc_calc":"33.678844 35.557908","structure_type":"School","structure_type_other":null,"cerd_number":311,"ministry_name":"بعقلين المتوسطة الرسمية المختلطة","ACS":23511,"P_Code":"23511_002","focal":"جنان الغصيني","nb":70757492,"mosa_focal":"Abir Abou Fakher","mosa_focal_phone":70764390,"mehe_focal":"جنان الغصيني","mehe_focalnb":"70757492","type_private_public":"public","other_specifyy":null,"status":"full","notes":"جيش","sourcee":"ministry","displaced_cas_code":23511,"phases":10,"nb_idps":44,"nb_families":9,"capacity":65,"male":30,"female":29,"age_0_1":0,"ages_1_3":0,"age_3_5":1,"age_6_12":7,"age_13_18":2,"age_19_57":15,"age_58_above":5,"disabilities_pregnant":null,"pregnant_women":0,"heating_disability":null,"visual_disability":1,"physical_disability":0,"interllectual_disability":null,"CreationDate":"2026-03-04T12:04:10","Creator":"Ramez.Hassan.961","EditDate":"2026-08-16T13:27:48","Editor":"EOR.CHOUF","lactating_women":0,"hearing_disability":1,"mental_disability":0,"DONT_ADD":"true","old_global_id":null,"floorsnum":3,"totalrooms":16,"occ_rooms":10,"free_spaces":1,"free_rooms":1,"kitchen_found":"true","kitchen_found2":"false","type_meal":null,"toilets_male":7,"toilets_female":5,"toilets_not_used_male":1,"toilets_not_used_female":4,"water_source":"مصلحة مياه","elec_source":"المولد- الطاقة","bathtub_male":2,"bathtub_female":2,"generator":"true","generator_kva":45,"water_tank":12,"water_tank_capacity":24000,"water_heater":4,"ac":8,"firedistinguisher":21,"first_aid":"true","wheelchair":0,"beds":2,"fridges":2,"washingmachines":0,"kitchen":"false","kids_area":0,"water_available":"false","need_water":50,"who_water":null,"how_water":null,"LAF_Focal":"الرائد محمد يحيى","LAF_shelter_name":"تكميلية بعقلين الرسمية","LAF_Phone_nb":3259697,"kg1_public_f":null,"kg1_public_e":null,"kg1_private":null,"kg2_public_f":null,"kg2_public_e":null,"kg2_private":null,"kg3_public_f":null,"kg3_public_e":null,"kg3_private":null,"gr1_public_f":null,"gr1_public_e":null,"gr1_private":null,"gr2_public_f":null,"gr2_public_e":null,"gr2_private":null,"gr3_public_f":null,"gr3_public_e":null,"gr3_private":null,"gr4_public_f":null,"gr4_public_e":null,"gr4_private":null,"gr5_public_f":null,"gr5_public_e":null,"gr5_private":null,"gr6_public_f":null,"gr6_public_e":null,"gr6_private":null,"gr7_public_f":null,"gr7_public_e":null,"gr7_private":null,"gr8_public_f":null,"gr8_public_e":null,"gr8_private":null,"gr9_public_f":null,"gr9_public_e":null,"gr9_private":null,"gr10_public_f":null,"gr10_public_e":null,"gr10_private":null,"gr11s_public_f":null,"gr11s_public_e":null,"gr11s_private":null,"gr11e_public_f":null,"gr11e_public_e":null,"gr11e_private":null,"gr12sg_public_f":null,"gr12sg_public_e":null,"gr12sg_private":null,"gr12se_public_f":null,"gr12se_public_e":null,"gr12se_private":null,"gr12lh_public_f":null,"gr12lh_public_e":null,"gr12lh_private":null,"gr12sv_public_f":null,"gr12sv_public_e":null,"gr12sv_private":null,"tvet_public":null,"tvet_private":null,"uni":null,"syrians":null,"oosc":null,"teachers":null,"bath_hygiene":null,"playground":null,"corridor":null,"rooms_hygiene":null,"Is_waste_collected":null,"Collection_frequency":null,"construction":null,"yes_construction":null,"unified_authority":null,"documentation":null,"check_all":null,"Comments":null,"comments2":null,"age0_6_months":0,"age6_12_months":0,"f_age0_6_months":0,"f_age6_12_months":0,"f_ages_1_3":2,"f_age_3_5":1,"f_age_6_12":5,"f_age_13_18":3,"f_age_19_57":14,"f_age_58_above":4,"Female_Headed_Households":null,"lost_kids":null,"chronic_disease":null,"diesel_fuel_tank":null,"count_tanks":null,"capacity_tank":null,"need_bin":null,"need_bin_240":null,"need_bin_1100":null,"status_2026":"used","gov_cad":"Mount Lebanon","district_cad":"Chouf","cad_name":"Baakline","x":35.55944,"y":33.67694},"geometry":{"type":"Point","coordinates":[35.55944,33.67694]}},
{"type":"Feature","properties":{"objectid":295,"globalid":"18d61f19-c7b0-4c4e-bd64-5e31361bb42e","shelter_name":"المدرسة الفندقية الدكوانة","governorate_name":"Mount Lebanon","district_name":"El Meten","villages":"Dekouane","lat_calc":33.876147,"long_calc":35.549034,"loc_calc":"33.876147 35.549034","structure_type":"Institute","structure_type_other":null,"cerd_number":103,"ministry_name":"المدرسة الفندقية الدكوانة الرسمية","ACS":22262,"P_Code":"22262_001","focal":"ناصيف متى","nb":3665860,"mosa_focal":"كلير ابوزيد","mosa_focal_phone":3423995,"mehe_focal":"فاروق الحركة","mehe_focalnb":"76656361","type_private_public":"public","other_specifyy":null,"status":"open","notes":"0","sourcee":"ministry","displaced_cas_code":22262,"phases":0,"nb_idps":31,"nb_families":12,"capacity":365,"male":29,"female":42,"age_0_1":7,"ages_1_3":0,"age_3_5":1,"age_6_12":3,"age_13_18":7,"age_19_57":17,"age_58_above":1,"disabilities_pregnant":null,"pregnant_women":2,"heating_disability":null,"visual_disability":1,"physical_disability":1,"interllectual_disability":null,"CreationDate":"2026-03-04T12:04:10","Creator":"Ramez.Hassan.961","EditDate":"2026-09-02T13:13:01","Editor":"EOR.MATEN","lactating_women":0,"hearing_disability":1,"mental_disability":3,"DONT_ADD":"true","old_global_id":null,"floorsnum":5,"totalrooms":18,"occ_rooms":18,"free_spaces":0,"free_rooms":18,"kitchen_found":"true","kitchen_found2":"true","type_meal":"hot_cold_meal","toilets_male":18,"toilets_female":18,"toilets_not_used_male":3,"toilets_not_used_female":0,"water_source":"public network ـ water trucking","elec_source":"public network ـ solar power - private generator","bathtub_male":1,"bathtub_female":2,"generator":"true","generator_kva":60,"water_tank":7,"water_tank_capacity":80000,"water_heater":1,"ac":0,"firedistinguisher":6,"first_aid":"false","wheelchair":0,"beds":0,"fridges":1,"washingmachines":0,"kitchen":"true","kids_area":2,"water_available":"false","need_water":275,"who_water":null,"how_water":null,"LAF_Focal":null,"LAF_shelter_name":null,"LAF_Phone_nb":null,"kg1_public_f":1,"kg1_public_e":5,"kg1_private":0,"kg2_public_f":0,"kg2_public_e":3,"kg2_private":1,"kg3_public_f":0,"kg3_public_e":2,"kg3_private":1,"gr1_public_f":1,"gr1_public_e":6,"gr1_private":4,"gr2_public_f":1,"gr2_public_e":2,"gr2_private":3,"gr3_public_f":1,"gr3_public_e":4,"gr3_private":4,"gr4_public_f":4,"gr4_public_e":1,"gr4_private":3,"gr5_public_f":1,"gr5_public_e":1,"gr5_private":0,"gr6_public_f":7,"gr6_public_e":8,"gr6_private":3,"gr7_public_f":1,"gr7_public_e":5,"gr7_private":3,"gr8_public_f":0,"gr8_public_e":4,"gr8_private":3,"gr9_public_f":0,"gr9_public_e":3,"gr9_private":5,"gr10_public_f":0,"gr10_public_e":3,"gr10_private":0,"gr11s_public_f":0,"gr11s_public_e":1,"gr11s_private":1,"gr11e_public_f":0,"gr11e_public_e":0,"gr11e_private":0,"gr12sg_public_f":0,"gr12sg_public_e":0,"gr12sg_private":0,"gr12se_public_f":1,"gr12se_public_e":0,"gr12se_private":0,"gr12lh_public_f":"false","gr12lh_public_e":0,"gr12lh_private":"false","gr12sv_public_f":0,"gr12sv_public_e":0,"gr12sv_private":0,"tvet_public":11,"tvet_private":6,"uni":9,"syrians":6,"oosc":6,"teachers":5,"bath_hygiene":"fair","playground":"fair","corridor":"fair","rooms_hygiene":"fair","Is_waste_collected":"true","Collection_frequency":"monthly","construction":null,"yes_construction":null,"unified_authority":null,"documentation":null,"check_all":"true","Comments":null,"comments2":"اسماء مناطق النازحين:الضاحية (5) النبطية (15) بنت الجبيل (4) بعلبك الهرمل (1) البقاع الغربي (1)","age0_6_months":0,"age6_12_months":0,"f_age0_6_months":0,"f_age6_12_months":0,"f_ages_1_3":0,"f_age_3_5":1,"f_age_6_12":1,"f_age_13_18":5,"f_age_19_57":35,"f_age_58_above":0,"Female_Headed_Households":2,"lost_kids":null,"chronic_disease":null,"diesel_fuel_tank":"false","count_tanks":null,"capacity_tank":null,"need_bin":null,"need_bin_240":null,"need_bin_1100":null,"status_2026":"used","gov_cad":"Mount Lebanon","district_cad":"El Meten","cad_name":"Dekouanet","x":35.549034,"y":33.876147},"geometry":{"type":"Point","coordinates":[35.549034,33.876147]}},
{"type":"Feature","properties":{"objectid":296,"globalid":"26992056-0c76-483f-959a-e7c71cca4ad4","shelter_name":"المعهد الفني الصناعي-دكوانه","governorate_name":"Mount Lebanon","district_name":"El Meten","villages":"Dekouane","lat_calc":33.876147,"long_calc":35.549034,"loc_calc":"33.876147 35.549034","structure_type":"Institute","structure_type_other":null,"cerd_number":null,"ministry_name":"المعهد الفني الصناعي-دكوانه","ACS":22262,"P_Code":"22262_013","focal":"Marwan  Gemayel ","nb":3595193,"mosa_focal":"كلير ابوزيد","mosa_focal_phone":3423995,"mehe_focal":"فاروق الحركة","mehe_focalnb":"76656361","type_private_public":"public","other_specifyy":null,"status":"open","notes":"0","sourcee":"ministry","displaced_cas_code":22262,"phases":0,"nb_idps":100,"nb_families":22,"capacity":401,"male":59,"female":62,"age_0_1":10,"ages_1_3":2,"age_3_5":1,"age_6_12":7,"age_13_18":9,"age_19_57":35,"age_58_above":3,"disabilities_pregnant":null,"pregnant_women":3,"heating_disability":null,"visual_disability":3,"physical_disability":9,"interllectual_disability":null,"CreationDate":"2026-03-04T12:04:10","Creator":"Ramez.Hassan.961","EditDate":"2026-09-02T13:13:05","Editor":"EOR.MATEN","lactating_women":5,"hearing_disability":6,"mental_disability":1,"DONT_ADD":"true","old_global_id":null,"floorsnum":4,"totalrooms":38,"occ_rooms":38,"free_spaces":0,"free_rooms":0,"kitchen_found":"false","kitchen_found2":null,"type_meal":null,"toilets_male":8,"toilets_female":8,"toilets_not_used_male":0,"toilets_not_used_female":0,"water_source":"شركة المياه","elec_source":"شركة الكهرباء","bathtub_male":3,"bathtub_female":3,"generator":"true","generator_kva":0,"water_tank":3,"water_tank_capacity":20000,"water_heater":3,"ac":0,"firedistinguisher":0,"first_aid":"false","wheelchair":0,"beds":0,"fridges":0,"washingmachines":0,"kitchen":"false","kids_area":0,"water_available":"false","need_water":50,"who_water":null,"how_water":null,"LAF_Focal":null,"LAF_shelter_name":null,"LAF_Phone_nb":null,"kg1_public_f":1,"kg1_public_e":1,"kg1_private":4,"kg2_public_f":1,"kg2_public_e":1,"kg2_private":5,"kg3_public_f":0,"kg3_public_e":6,"kg3_private":4,"gr1_public_f":0,"gr1_public_e":3,"gr1_private":3,"gr2_public_f":0,"gr2_public_e":6,"gr2_private":4,"gr3_public_f":0,"gr3_public_e":6,"gr3_private":6,"gr4_public_f":1,"gr4_public_e":7,"gr4_private":2,"gr5_public_f":0,"gr5_public_e":4,"gr5_private":4,"gr6_public_f":1,"gr6_public_e":7,"gr6_private":2,"gr7_public_f":0,"gr7_public_e":4,"gr7_private":2,"gr8_public_f":0,"gr8_public_e":4,"gr8_private":2,"gr9_public_f":0,"gr9_public_e":1,"gr9_private":2,"gr10_public_f":0,"gr10_public_e":1,"gr10_private":0,"gr11s_public_f":0,"gr11s_public_e":1,"gr11s_private":0,"gr11e_public_f":0,"gr11e_public_e":0,"gr11e_private":0,"gr12sg_public_f":0,"gr12sg_public_e":0,"gr12sg_private":0,"gr12se_public_f":0,"gr12se_public_e":0,"gr12se_private":0,"gr12lh_public_f":"false","gr12lh_public_e":0,"gr12lh_private":"false","gr12sv_public_f":0,"gr12sv_public_e":1,"gr12sv_private":1,"tvet_public":8,"tvet_private":1,"uni":10,"syrians":13,"oosc":1,"teachers":1,"bath_hygiene":"good","playground":"good","corridor":"good","rooms_hygiene":"good","Is_waste_collected":"true","Collection_frequency":"daily","construction":"true","yes_construction":"تصليح المجارير","unified_authority":"true","documentation":null,"check_all":"false","Comments":"true","comments2":"اسماء مناطق النازحين:بنت جبيل النبطية الضاحية  صيدا صور مرجعيون","age0_6_months":1,"age6_12_months":1,"f_age0_6_months":1,"f_age6_12_months":2,"f_ages_1_3":4,"f_age_3_5":3,"f_age_6_12":12,"f_age_13_18":8,"f_age_19_57":30,"f_age_58_above":2,"Female_Headed_Households":17,"lost_kids":0,"chronic_disease":0,"diesel_fuel_tank":null,"count_tanks":null,"capacity_tank":null,"need_bin":null,"need_bin_240":null,"need_bin_1100":null,"status_2026":"used","gov_cad":"Mount Lebanon","district_cad":"El Meten","cad_name":"Dekouanet","x":35.549034,"y":33.876147},"geometry":{"type":"Point","coordinates":[35.549034,33.876147]}},
{"type":"Feature","properties":{"objectid":316,"globalid":"1efbe35a-c2b3-4b37-9bff-c02895c9dd0d","shelter_name":"  مدرسة شحيم الرسمية الثانية  - الفرع الفرنسي ","governorate_name":"Mount Lebanon","district_name":"Chouf","villages":"Chhim","lat_calc":33.62305,"long_calc":35.485017,"loc_calc":"33.62305 35.485017","structure_type":"School","structure_type_other":null,"cerd_number":334,"ministry_name":"شحيم الرسمية الثانية - الفرع الفرنسي","ACS":23211,"P_Code":"23211_002","focal":"مايا رشاد الحاج شحادة","nb":70765055,"mosa_focal":null,"mosa_focal_phone":null,"mehe_focal":"مايا رشاد الحاج شحادة","mehe_focalnb":"70765055","type_private_public":"public","other_specifyy":null,"status":"full","notes":null,"sourcee":"ministry","displaced_cas_code":23211,"phases":1,"nb_idps":8,"nb_families":3,"capacity":104,"male":51,"female":53,"age_0_1":1,"ages_1_3":3,"age_3_5":1,"age_6_12":7,"age_13_18":6,"age_19_57":25,"age_58_above":8,"disabilities_pregnant":null,"pregnant_women":1,"heating_disability":null,"visual_disability":3,"physical_disability":1,"interllectual_disability":null,"CreationDate":"2026-03-04T12:04:10","Creator":"Ramez.Hassan.961","EditDate":"2026-08-31T08:08:32","Editor":"EOR.CHOUF","lactating_women":0,"hearing_disability":3,"mental_disability":1,"DONT_ADD":"true","old_global_id":null,"floorsnum":4,"totalrooms":31,"occ_rooms":14,"free_spaces":0,"free_rooms":0,"kitchen_found":"false","kitchen_found2":null,"type_meal":null,"toilets_male":4,"toilets_female":4,"toilets_not_used_male":2,"toilets_not_used_female":2,"water_source":"الدفاع المدني-مياه دؤلة-أوكسفام","elec_source":"طاثة شمسية-إشتراك موتير","bathtub_male":2,"bathtub_female":2,"generator":"false","generator_kva":null,"water_tank":15,"water_tank_capacity":15,"water_heater":4,"ac":4,"firedistinguisher":12,"first_aid":"false","wheelchair":0,"beds":0,"fridges":0,"washingmachines":2,"kitchen":"false","kids_area":2,"water_available":"true","need_water":40,"who_water":"الدفاع المدني","how_water":"أسبوعية","LAF_Focal":null,"LAF_shelter_name":null,"LAF_Phone_nb":null,"kg1_public_f":null,"kg1_public_e":null,"kg1_private":null,"kg2_public_f":null,"kg2_public_e":null,"kg2_private":null,"kg3_public_f":null,"kg3_public_e":null,"kg3_private":null,"gr1_public_f":null,"gr1_public_e":null,"gr1_private":null,"gr2_public_f":null,"gr2_public_e":null,"gr2_private":null,"gr3_public_f":null,"gr3_public_e":null,"gr3_private":null,"gr4_public_f":null,"gr4_public_e":null,"gr4_private":null,"gr5_public_f":null,"gr5_public_e":null,"gr5_private":null,"gr6_public_f":null,"gr6_public_e":null,"gr6_private":null,"gr7_public_f":null,"gr7_public_e":null,"gr7_private":null,"gr8_public_f":null,"gr8_public_e":null,"gr8_private":null,"gr9_public_f":null,"gr9_public_e":null,"gr9_private":null,"gr10_public_f":null,"gr10_public_e":null,"gr10_private":null,"gr11s_public_f":null,"gr11s_public_e":null,"gr11s_private":null,"gr11e_public_f":null,"gr11e_public_e":null,"gr11e_private":null,"gr12sg_public_f":null,"gr12sg_public_e":null,"gr12sg_private":null,"gr12se_public_f":null,"gr12se_public_e":null,"gr12se_private":null,"gr12lh_public_f":null,"gr12lh_public_e":null,"gr12lh_private":null,"gr12sv_public_f":null,"gr12sv_public_e":null,"gr12sv_private":null,"tvet_public":null,"tvet_private":null,"uni":null,"syrians":null,"oosc":null,"teachers":null,"bath_hygiene":null,"playground":null,"corridor":null,"rooms_hygiene":null,"Is_waste_collected":null,"Collection_frequency":null,"construction":null,"yes_construction":null,"unified_authority":null,"documentation":null,"check_all":null,"Comments":null,"comments2":null,"age0_6_months":0,"age6_12_months":1,"f_age0_6_months":0,"f_age6_12_months":0,"f_ages_1_3":2,"f_age_3_5":2,"f_age_6_12":5,"f_age_13_18":5,"f_age_19_57":31,"f_age_58_above":8,"Female_Headed_Households":null,"lost_kids":null,"chronic_disease":null,"diesel_fuel_tank":null,"count_tanks":null,"capacity_tank":null,"need_bin":null,"need_bin_240":null,"need_bin_1100":null,"status_2026":"used","gov_cad":"Mount Lebanon","district_cad":"Chouf","cad_name":"Chehime","x":35.48698,"y":33.62133},"geometry":{"type":"Point","coordinates":[35.48698,33.62133]}},
{"type":"Feature","properties":{"objectid":320,"globalid":"4b943021-1067-4782-9c40-7079cf8d2bc6","shelter_name":"  مدرسة الوردانية المختلطة المتوسطة الرسمية","governorate_name":"Mount Lebanon","district_name":"Chouf","villages":"Quardaniye","lat_calc":33.613058,"long_calc":35.431667,"loc_calc":"33.613058 35.431667","structure_type":"School","structure_type_other":null,"cerd_number":351,"ministry_name":"الوردانية المختلطة المتوسطة الرسمية","ACS":23331,"P_Code":"23331_001","focal":"صفا فرحات ","nb":3657550,"mosa_focal":"عناية الحاج ","mosa_focal_phone":71534532,"mehe_focal":"صفا محمد فرحات ","mehe_focalnb":"3657550","type_private_public":"public","other_specifyy":null,"status":"full","notes":null,"sourcee":"field","displaced_cas_code":23331,"phases":1,"nb_idps":106,"nb_families":34,"capacity":200,"male":121,"female":114,"age_0_1":7,"ages_1_3":5,"age_3_5":6,"age_6_12":22,"age_13_18":22,"age_19_57":56,"age_58_above":9,"disabilities_pregnant":null,"pregnant_women":2,"heating_disability":null,"visual_disability":0,"physical_disability":0,"interllectual_disability":null,"CreationDate":"2026-03-04T12:04:10","Creator":"Ramez.Hassan.961","EditDate":"2026-09-01T06:55:59","Editor":"EOR.CHOUF","lactating_women":1,"hearing_disability":0,"mental_disability":0,"DONT_ADD":"true","old_global_id":null,"floorsnum":3,"totalrooms":22,"occ_rooms":20,"free_spaces":0,"free_rooms":1,"kitchen_found":"true","kitchen_found2":"true","type_meal":"cold_meal","toilets_male":4,"toilets_female":5,"toilets_not_used_male":0,"toilets_not_used_female":0,"water_source":"مياه الدولة","elec_source":"دولة-اشتراك","bathtub_male":3,"bathtub_female":3,"generator":"true","generator_kva":15,"water_tank":4,"water_tank_capacity":14000,"water_heater":4,"ac":0,"firedistinguisher":4,"first_aid":"false","wheelchair":0,"beds":0,"fridges":0,"washingmachines":0,"kitchen":"false","kids_area":1,"water_available":"true","need_water":40,"who_water":"valuecare","how_water":"صهاريج","LAF_Focal":null,"LAF_shelter_name":null,"LAF_Phone_nb":null,"kg1_public_f":null,"kg1_public_e":null,"kg1_private":null,"kg2_public_f":null,"kg2_public_e":null,"kg2_private":null,"kg3_public_f":null,"kg3_public_e":null,"kg3_private":null,"gr1_public_f":null,"gr1_public_e":null,"gr1_private":null,"gr2_public_f":null,"gr2_public_e":null,"gr2_private":null,"gr3_public_f":null,"gr3_public_e":null,"gr3_private":null,"gr4_public_f":null,"gr4_public_e":null,"gr4_private":null,"gr5_public_f":null,"gr5_public_e":null,"gr5_private":null,"gr6_public_f":null,"gr6_public_e":null,"gr6_private":null,"gr7_public_f":null,"gr7_public_e":null,"gr7_private":null,"gr8_public_f":null,"gr8_public_e":null,"gr8_private":null,"gr9_public_f":null,"gr9_public_e":null,"gr9_private":null,"gr10_public_f":null,"gr10_public_e":null,"gr10_private":null,"gr11s_public_f":null,"gr11s_public_e":null,"gr11s_private":null,"gr11e_public_f":null,"gr11e_public_e":null,"gr11e_private":null,"gr12sg_public_f":null,"gr12sg_public_e":null,"gr12sg_private":null,"gr12se_public_f":null,"gr12se_public_e":null,"gr12se_private":null,"gr12lh_public_f":null,"gr12lh_public_e":null,"gr12lh_private":null,"gr12sv_public_f":null,"gr12sv_public_e":null,"gr12sv_private":null,"tvet_public":null,"tvet_private":null,"uni":null,"syrians":null,"oosc":null,"teachers":null,"bath_hygiene":null,"playground":null,"corridor":null,"rooms_hygiene":null,"Is_waste_collected":null,"Collection_frequency":null,"construction":null,"yes_construction":null,"unified_authority":null,"documentation":null,"check_all":null,"Comments":null,"comments2":null,"age0_6_months":0,"age6_12_months":1,"f_age0_6_months":1,"f_age6_12_months":3,"f_ages_1_3":6,"f_age_3_5":4,"f_age_6_12":18,"f_age_13_18":10,"f_age_19_57":58,"f_age_58_above":14,"Female_Headed_Households":null,"lost_kids":null,"chronic_disease":null,"diesel_fuel_tank":null,"count_tanks":null,"capacity_tank":null,"need_bin":null,"need_bin_240":null,"need_bin_1100":null,"status_2026":"used","gov_cad":"Mount Lebanon","district_cad":"Chouf","cad_name":"El-Wardaniyeh","x":35.43619869,"y":33.61047388},"geometry":{"type":"Point","coordinates":[35.43619869,33.61047388]}},
{"type":"Feature","properties":{"objectid":322,"globalid":"89d37cbe-04c8-43f7-a7dc-973e4ca756ea","shelter_name":"  مدرسة عانوت المتوسطة المختلطة الرسمية","governorate_name":"Mount Lebanon","district_name":"Chouf","villages":"Aanout","lat_calc":33.630758,"long_calc":35.513417,"loc_calc":"33.630758 35.513417","structure_type":"School","structure_type_other":null,"cerd_number":340,"ministry_name":"مدرسة عانوت المتوسطة المختلطة الرسمية","ACS":23239,"P_Code":"23239_001","focal":"Yolla alghor","nb":3880166,"mosa_focal":"lamis basbous","mosa_focal_phone":81984802,"mehe_focal":"Yolla alghor","mehe_focalnb":"3880166","type_private_public":"public","other_specifyy":null,"status":"full","notes":null,"sourcee":"field","displaced_cas_code":23239,"phases":5,"nb_idps":75,"nb_families":19,"capacity":136,"male":69,"female":72,"age_0_1":0,"ages_1_3":2,"age_3_5":6,"age_6_12":10,"age_13_18":8,"age_19_57":35,"age_58_above":7,"disabilities_pregnant":null,"pregnant_women":0,"heating_disability":null,"visual_disability":1,"physical_disability":1,"interllectual_disability":null,"CreationDate":"2026-03-04T12:04:10","Creator":"Ramez.Hassan.961","EditDate":"2026-08-29T06:59:35","Editor":"EOR.CHOUF","lactating_women":0,"hearing_disability":0,"mental_disability":0,"DONT_ADD":"true","old_global_id":null,"floorsnum":2,"totalrooms":16,"occ_rooms":16,"free_spaces":0,"free_rooms":0,"kitchen_found":"true","kitchen_found2":"false","type_meal":null,"toilets_male":4,"toilets_female":4,"toilets_not_used_male":0,"toilets_not_used_female":0,"water_source":"الدفاع المدني","elec_source":"دولة-اشتراك","bathtub_male":2,"bathtub_female":2,"generator":"false","generator_kva":null,"water_tank":9,"water_tank_capacity":5000,"water_heater":2,"ac":20,"firedistinguisher":3,"first_aid":"false","wheelchair":0,"beds":0,"fridges":0,"washingmachines":0,"kitchen":"true","kids_area":1,"water_available":"true","need_water":30,"who_water":"دفاع تامدني","how_water":"عيار-صهريج","LAF_Focal":null,"LAF_shelter_name":null,"LAF_Phone_nb":null,"kg1_public_f":null,"kg1_public_e":null,"kg1_private":null,"kg2_public_f":null,"kg2_public_e":null,"kg2_private":null,"kg3_public_f":null,"kg3_public_e":null,"kg3_private":null,"gr1_public_f":null,"gr1_public_e":null,"gr1_private":null,"gr2_public_f":null,"gr2_public_e":null,"gr2_private":null,"gr3_public_f":null,"gr3_public_e":null,"gr3_private":null,"gr4_public_f":null,"gr4_public_e":null,"gr4_private":null,"gr5_public_f":null,"gr5_public_e":null,"gr5_private":null,"gr6_public_f":null,"gr6_public_e":null,"gr6_private":null,"gr7_public_f":null,"gr7_public_e":null,"gr7_private":null,"gr8_public_f":null,"gr8_public_e":null,"gr8_private":null,"gr9_public_f":null,"gr9_public_e":null,"gr9_private":null,"gr10_public_f":null,"gr10_public_e":null,"gr10_private":null,"gr11s_public_f":null,"gr11s_public_e":null,"gr11s_private":null,"gr11e_public_f":null,"gr11e_public_e":null,"gr11e_private":null,"gr12sg_public_f":null,"gr12sg_public_e":null,"gr12sg_private":null,"gr12se_public_f":null,"gr12se_public_e":null,"gr12se_private":null,"gr12lh_public_f":null,"gr12lh_public_e":null,"gr12lh_private":null,"gr12sv_public_f":null,"gr12sv_public_e":null,"gr12sv_private":null,"tvet_public":null,"tvet_private":null,"uni":null,"syrians":null,"oosc":null,"teachers":null,"bath_hygiene":null,"playground":null,"corridor":null,"rooms_hygiene":null,"Is_waste_collected":null,"Collection_frequency":null,"construction":null,"yes_construction":null,"unified_authority":null,"documentation":null,"check_all":null,"Comments":null,"comments2":null,"age0_6_months":1,"age6_12_months":0,"f_age0_6_months":0,"f_age6_12_months":0,"f_ages_1_3":1,"f_age_3_5":3,"f_age_6_12":7,"f_age_13_18":13,"f_age_19_57":38,"f_age_58_above":10,"Female_Headed_Households":null,"lost_kids":null,"chronic_disease":null,"diesel_fuel_tank":null,"count_tanks":null,"capacity_tank":null,"need_bin":null,"need_bin_240":null,"need_bin_1100":null,"status_2026":"used","gov_cad":"Mount Lebanon","district_cad":"Chouf","cad_name":"Anoute","x":35.5138616,"y":33.6289881},"geometry":{"type":"Point","coordinates":[35.5138616,33.6289881]}},
{"type":"Feature","properties":{"objectid":329,"globalid":"4e8bc0e7-a351-4c72-934a-91971888a513","shelter_name":"     مدرسة حصروت المتوسطة الرسمية المختلطة","governorate_name":"Mount Lebanon","district_name":"Chouf","villages":"Hasrout","lat_calc":33.629222,"long_calc":35.531325,"loc_calc":"33.629222 35.531325","structure_type":"School","structure_type_other":null,"cerd_number":342,"ministry_name":"حصروت المتوسطة الرسمية المختلطة","ACS":23588,"P_Code":"23588_001","focal":"Hisham Younes","nb":3781194,"mosa_focal":"لورا عبد الناصر الحجار","mosa_focal_phone":71577950,"mehe_focal":"هشام عبدو يونس","mehe_focalnb":"3781194","type_private_public":"public","other_specifyy":null,"status":"full","notes":null,"sourcee":"field","displaced_cas_code":23588,"phases":1,"nb_idps":33,"nb_families":8,"capacity":35,"male":17,"female":16,"age_0_1":0,"ages_1_3":0,"age_3_5":0,"age_6_12":0,"age_13_18":2,"age_19_57":11,"age_58_above":3,"disabilities_pregnant":null,"pregnant_women":0,"heating_disability":null,"visual_disability":0,"physical_disability":0,"interllectual_disability":null,"CreationDate":"2026-03-04T12:04:10","Creator":"Ramez.Hassan.961","EditDate":"2026-07-05T10:18:33","Editor":"EOR.CHOUF","lactating_women":0,"hearing_disability":0,"mental_disability":0,"DONT_ADD":"true","old_global_id":null,"floorsnum":2,"totalrooms":7,"occ_rooms":7,"free_spaces":0,"free_rooms":0,"kitchen_found":"false","kitchen_found2":null,"type_meal":null,"toilets_male":1,"toilets_female":1,"toilets_not_used_male":3,"toilets_not_used_female":1,"water_source":"عيار ماء","elec_source":"دولة-اشتراك","bathtub_male":1,"bathtub_female":1,"generator":"true","generator_kva":6,"water_tank":4,"water_tank_capacity":8000,"water_heater":1,"ac":6,"firedistinguisher":3,"first_aid":"false","wheelchair":1,"beds":0,"fridges":0,"washingmachines":0,"kitchen":"false","kids_area":0,"water_available":"false","need_water":10,"who_water":null,"how_water":null,"LAF_Focal":null,"LAF_shelter_name":null,"LAF_Phone_nb":null,"kg1_public_f":null,"kg1_public_e":null,"kg1_private":null,"kg2_public_f":null,"kg2_public_e":null,"kg2_private":null,"kg3_public_f":null,"kg3_public_e":null,"kg3_private":null,"gr1_public_f":null,"gr1_public_e":null,"gr1_private":null,"gr2_public_f":null,"gr2_public_e":null,"gr2_private":null,"gr3_public_f":null,"gr3_public_e":null,"gr3_private":null,"gr4_public_f":null,"gr4_public_e":null,"gr4_private":null,"gr5_public_f":null,"gr5_public_e":null,"gr5_private":null,"gr6_public_f":null,"gr6_public_e":null,"gr6_private":null,"gr7_public_f":null,"gr7_public_e":null,"gr7_private":null,"gr8_public_f":null,"gr8_public_e":null,"gr8_private":null,"gr9_public_f":null,"gr9_public_e":null,"gr9_private":null,"gr10_public_f":null,"gr10_public_e":null,"gr10_private":null,"gr11s_public_f":null,"gr11s_public_e":null,"gr11s_private":null,"gr11e_public_f":null,"gr11e_public_e":null,"gr11e_private":null,"gr12sg_public_f":null,"gr12sg_public_e":null,"gr12sg_private":null,"gr12se_public_f":null,"gr12se_public_e":null,"gr12se_private":null,"gr12lh_public_f":null,"gr12lh_public_e":null,"gr12lh_private":null,"gr12sv_public_f":null,"gr12sv_public_e":null,"gr12sv_private":null,"tvet_public":null,"tvet_private":null,"uni":null,"syrians":null,"oosc":null,"teachers":null,"bath_hygiene":null,"playground":null,"corridor":null,"rooms_hygiene":null,"Is_waste_collected":null,"Collection_frequency":null,"construction":null,"yes_construction":null,"unified_authority":null,"documentation":null,"check_all":null,"Comments":null,"comments2":null,"age0_6_months":0,"age6_12_months":1,"f_age0_6_months":0,"f_age6_12_months":0,"f_ages_1_3":0,"f_age_3_5":1,"f_age_6_12":3,"f_age_13_18":2,"f_age_19_57":10,"f_age_58_above":0,"Female_Headed_Households":null,"lost_kids":null,"chronic_disease":null,"diesel_fuel_tank":null,"count_tanks":null,"capacity_tank":null,"need_bin":null,"need_bin_240":null,"need_bin_1100":null,"status_2026":"used","gov_cad":"Mount Lebanon","district_cad":"Chouf","cad_name":"Hasroute","x":35.531325,"y":33.629222},"geometry":{"type":"Point","coordinates":[35.531325,33.629222]}},
{"type":"Feature","properties":{"objectid":332,"globalid":"d95a9105-7f99-4c59-ad65-52a3d6274ee0","shelter_name":"    مدرسة المغيرية المتوسطة الرسمية المختلطة","governorate_name":"Mount Lebanon","district_name":"Chouf","villages":"Mghairiye Chouf","lat_calc":33.603164,"long_calc":35.456678,"loc_calc":"33.603164 35.456678","structure_type":"School","structure_type_other":null,"cerd_number":346,"ministry_name":"المغيرية المتوسطة الرسمية المختلطة","ACS":23341,"P_Code":"23341_001","focal":"انتصار الحاج","nb":76317045,"mosa_focal":"سميه سبع حماده","mosa_focal_phone":70702605,"mehe_focal":"انتصار   محمد  الحاج","mehe_focalnb":"76317045","type_private_public":"public","other_specifyy":null,"status":"full","notes":null,"sourcee":null,"displaced_cas_code":23341,"phases":2,"nb_idps":67,"nb_families":18,"capacity":239,"male":97,"female":119,"age_0_1":4,"ages_1_3":3,"age_3_5":4,"age_6_12":12,"age_13_18":17,"age_19_57":48,"age_58_above":11,"disabilities_pregnant":null,"pregnant_women":2,"heating_disability":null,"visual_disability":0,"physical_disability":4,"interllectual_disability":null,"CreationDate":"2026-03-04T12:04:10","Creator":"Ramez.Hassan.961","EditDate":"2026-08-30T07:01:01","Editor":"EOR.CHOUF","lactating_women":1,"hearing_disability":0,"mental_disability":0,"DONT_ADD":"true","old_global_id":null,"floorsnum":2,"totalrooms":null,"occ_rooms":28,"free_spaces":0,"free_rooms":0,"kitchen_found":"false","kitchen_found2":null,"type_meal":null,"toilets_male":2,"toilets_female":2,"toilets_not_used_male":3,"toilets_not_used_female":2,"water_source":"الرؤية العالمية-البلدية-الدفاع المدني","elec_source":"طاقة شمسية","bathtub_male":1,"bathtub_female":2,"generator":"false","generator_kva":null,"water_tank":6,"water_tank_capacity":12000,"water_heater":2,"ac":0,"firedistinguisher":6,"first_aid":"false","wheelchair":0,"beds":1,"fridges":0,"washingmachines":0,"kitchen":"false","kids_area":1,"water_available":"true","need_water":40,"who_water":"البلدية-الدفاع المدني-الرؤية العالمية","how_water":null,"LAF_Focal":null,"LAF_shelter_name":null,"LAF_Phone_nb":null,"kg1_public_f":null,"kg1_public_e":null,"kg1_private":null,"kg2_public_f":null,"kg2_public_e":null,"kg2_private":null,"kg3_public_f":null,"kg3_public_e":null,"kg3_private":null,"gr1_public_f":null,"gr1_public_e":null,"gr1_private":null,"gr2_public_f":null,"gr2_public_e":null,"gr2_private":null,"gr3_public_f":null,"gr3_public_e":null,"gr3_private":null,"gr4_public_f":null,"gr4_public_e":null,"gr4_private":null,"gr5_public_f":null,"gr5_public_e":null,"gr5_private":null,"gr6_public_f":null,"gr6_public_e":null,"gr6_private":null,"gr7_public_f":null,"gr7_public_e":null,"gr7_private":null,"gr8_public_f":null,"gr8_public_e":null,"gr8_private":null,"gr9_public_f":null,"gr9_public_e":null,"gr9_private":null,"gr10_public_f":null,"gr10_public_e":null,"gr10_private":null,"gr11s_public_f":null,"gr11s_public_e":null,"gr11s_private":null,"gr11e_public_f":null,"gr11e_public_e":null,"gr11e_private":null,"gr12sg_public_f":null,"gr12sg_public_e":null,"gr12sg_private":null,"gr12se_public_f":null,"gr12se_public_e":null,"gr12se_private":null,"gr12lh_public_f":null,"gr12lh_public_e":null,"gr12lh_private":null,"gr12sv_public_f":null,"gr12sv_public_e":null,"gr12sv_private":null,"tvet_public":null,"tvet_private":null,"uni":null,"syrians":null,"oosc":null,"teachers":null,"bath_hygiene":null,"playground":null,"corridor":null,"rooms_hygiene":null,"Is_waste_collected":null,"Collection_frequency":null,"construction":null,"yes_construction":null,"unified_authority":null,"documentation":null,"check_all":null,"Comments":null,"comments2":null,"age0_6_months":1,"age6_12_months":1,"f_age0_6_months":1,"f_age6_12_months":0,"f_ages_1_3":4,"f_age_3_5":5,"f_age_6_12":22,"f_age_13_18":18,"f_age_19_57":55,"f_age_58_above":14,"Female_Headed_Households":null,"lost_kids":null,"chronic_disease":null,"diesel_fuel_tank":null,"count_tanks":null,"capacity_tank":null,"need_bin":null,"need_bin_240":null,"need_bin_1100":null,"status_2026":"used","gov_cad":"Mount Lebanon","district_cad":"Chouf","cad_name":"El-Moghaïriyeh","x":35.458475,"y":33.599315},"geometry":{"type":"Point","coordinates":[35.458475,33.599315]}},
{"type":"Feature","properties":{"objectid":336,"globalid":"11edf47d-2135-439b-a619-441e85905436","shelter_name":"ثانوية برجا فرع جون الرسمية","governorate_name":"Mount Lebanon","district_name":"Chouf","villages":"Joun","lat_calc":33.583778,"long_calc":35.459014,"loc_calc":"33.583778 35.459014","structure_type":"School","structure_type_other":null,"cerd_number":1454,"ministry_name":"ثانوية برجا فرع جون","ACS":23336,"P_Code":"23336_002","focal":"المديرة و بمعاونة شباب البلدة","nb":3176945,"mosa_focal":"سهاد فوزي سليمان","mosa_focal_phone":70938892,"mehe_focal":"منى احمد المعوش ","mehe_focalnb":"3176945","type_private_public":"public","other_specifyy":null,"status":"full","notes":null,"sourcee":"ministry","displaced_cas_code":23336,"phases":1,"nb_idps":35,"nb_families":8,"capacity":57,"male":28,"female":29,"age_0_1":0,"ages_1_3":3,"age_3_5":2,"age_6_12":8,"age_13_18":4,"age_19_57":9,"age_58_above":2,"disabilities_pregnant":null,"pregnant_women":0,"heating_disability":null,"visual_disability":0,"physical_disability":0,"interllectual_disability":null,"CreationDate":"2026-03-04T12:04:10","Creator":"Ramez.Hassan.961","EditDate":"2026-08-29T07:00:11","Editor":"EOR.CHOUF","lactating_women":0,"hearing_disability":0,"mental_disability":0,"DONT_ADD":"true","old_global_id":null,"floorsnum":2,"totalrooms":10,"occ_rooms":8,"free_spaces":0,"free_rooms":0,"kitchen_found":"false","kitchen_found2":null,"type_meal":null,"toilets_male":2,"toilets_female":2,"toilets_not_used_male":0,"toilets_not_used_female":0,"water_source":"مياه الباروك","elec_source":"دولة -طاقة ","bathtub_male":2,"bathtub_female":2,"generator":"true","generator_kva":4,"water_tank":4,"water_tank_capacity":50,"water_heater":1,"ac":8,"firedistinguisher":0,"first_aid":"false","wheelchair":0,"beds":0,"fridges":0,"washingmachines":1,"kitchen":"false","kids_area":0,"water_available":"false","need_water":50,"who_water":null,"how_water":null,"LAF_Focal":null,"LAF_shelter_name":null,"LAF_Phone_nb":null,"kg1_public_f":null,"kg1_public_e":null,"kg1_private":null,"kg2_public_f":null,"kg2_public_e":null,"kg2_private":null,"kg3_public_f":null,"kg3_public_e":null,"kg3_private":null,"gr1_public_f":null,"gr1_public_e":null,"gr1_private":null,"gr2_public_f":null,"gr2_public_e":null,"gr2_private":null,"gr3_public_f":null,"gr3_public_e":null,"gr3_private":null,"gr4_public_f":null,"gr4_public_e":null,"gr4_private":null,"gr5_public_f":null,"gr5_public_e":null,"gr5_private":null,"gr6_public_f":null,"gr6_public_e":null,"gr6_private":null,"gr7_public_f":null,"gr7_public_e":null,"gr7_private":null,"gr8_public_f":null,"gr8_public_e":null,"gr8_private":null,"gr9_public_f":null,"gr9_public_e":null,"gr9_private":null,"gr10_public_f":null,"gr10_public_e":null,"gr10_private":null,"gr11s_public_f":null,"gr11s_public_e":null,"gr11s_private":null,"gr11e_public_f":null,"gr11e_public_e":null,"gr11e_private":null,"gr12sg_public_f":null,"gr12sg_public_e":null,"gr12sg_private":null,"gr12se_public_f":null,"gr12se_public_e":null,"gr12se_private":null,"gr12lh_public_f":null,"gr12lh_public_e":null,"gr12lh_private":null,"gr12sv_public_f":null,"gr12sv_public_e":null,"gr12sv_private":null,"tvet_public":null,"tvet_private":null,"uni":null,"syrians":null,"oosc":null,"teachers":null,"bath_hygiene":null,"playground":null,"corridor":null,"rooms_hygiene":null,"Is_waste_collected":null,"Collection_frequency":null,"construction":null,"yes_construction":null,"unified_authority":null,"documentation":null,"check_all":null,"Comments":null,"comments2":null,"age0_6_months":0,"age6_12_months":0,"f_age0_6_months":0,"f_age6_12_months":0,"f_ages_1_3":1,"f_age_3_5":0,"f_age_6_12":5,"f_age_13_18":8,"f_age_19_57":11,"f_age_58_above":4,"Female_Headed_Households":null,"lost_kids":null,"chronic_disease":null,"diesel_fuel_tank":null,"count_tanks":null,"capacity_tank":null,"need_bin":null,"need_bin_240":null,"need_bin_1100":null,"status_2026":"used","gov_cad":"Mount Lebanon","district_cad":"Chouf","cad_name":"Joun","x":35.46931745,"y":33.5793557},"geometry":{"type":"Point","coordinates":[35.46931745,33.5793557]}},
{"type":"Feature","properties":{"objectid":337,"globalid":"101b3e30-a993-4216-823f-ff471f171429","shelter_name":"ثانوية الاخطل الصغير الرسمية للبنين","governorate_name":"Mount Lebanon","district_name":"El Meten","villages":"Jdaide el Meten","lat_calc":33.890333,"long_calc":35.566283,"loc_calc":"33.890333 35.566283","structure_type":"School","structure_type_other":null,"cerd_number":93,"ministry_name":"93 - ثانوية الاخطل الصغير الرسمية للبنين","ACS":22228,"P_Code":"22228_002","focal":"Maurice ghodban","nb":3924723,"mosa_focal":"نجيبه ساروفيم","mosa_focal_phone":3299165,"mehe_focal":"جورج سركيس","mehe_focalnb":"3924723","type_private_public":"public","other_specifyy":null,"status":"full","notes":"قوى الأمن","sourcee":"ministry","displaced_cas_code":22211,"phases":1,"nb_idps":88,"nb_families":20,"capacity":88,"male":41,"female":47,"age_0_1":1,"ages_1_3":0,"age_3_5":2,"age_6_12":12,"age_13_18":7,"age_19_57":15,"age_58_above":5,"disabilities_pregnant":null,"pregnant_women":0,"heating_disability":null,"visual_disability":0,"physical_disability":2,"interllectual_disability":null,"CreationDate":"2026-03-04T12:04:10","Creator":"Ramez.Hassan.961","EditDate":"2026-09-02T13:13:09","Editor":"EOR.MATEN","lactating_women":0,"hearing_disability":0,"mental_disability":2,"DONT_ADD":"true","old_global_id":null,"floorsnum":3,"totalrooms":2,"occ_rooms":11,"free_spaces":0,"free_rooms":0,"kitchen_found":"false","kitchen_found2":null,"type_meal":null,"toilets_male":2,"toilets_female":3,"toilets_not_used_male":3,"toilets_not_used_female":2,"water_source":"Public","elec_source":"Solar system","bathtub_male":0,"bathtub_female":0,"generator":"false","generator_kva":null,"water_tank":5,"water_tank_capacity":10000,"water_heater":0,"ac":4,"firedistinguisher":10,"first_aid":"false","wheelchair":0,"beds":0,"fridges":2,"washingmachines":1,"kitchen":"false","kids_area":1,"water_available":"false","need_water":200,"who_water":null,"how_water":null,"LAF_Focal":null,"LAF_shelter_name":null,"LAF_Phone_nb":null,"kg1_public_f":1,"kg1_public_e":0,"kg1_private":2,"kg2_public_f":0,"kg2_public_e":0,"kg2_private":0,"kg3_public_f":0,"kg3_public_e":0,"kg3_private":3,"gr1_public_f":1,"gr1_public_e":0,"gr1_private":0,"gr2_public_f":1,"gr2_public_e":0,"gr2_private":3,"gr3_public_f":1,"gr3_public_e":0,"gr3_private":2,"gr4_public_f":1,"gr4_public_e":0,"gr4_private":2,"gr5_public_f":1,"gr5_public_e":0,"gr5_private":0,"gr6_public_f":1,"gr6_public_e":0,"gr6_private":1,"gr7_public_f":3,"gr7_public_e":0,"gr7_private":2,"gr8_public_f":0,"gr8_public_e":0,"gr8_private":0,"gr9_public_f":2,"gr9_public_e":0,"gr9_private":1,"gr10_public_f":1,"gr10_public_e":0,"gr10_private":2,"gr11s_public_f":0,"gr11s_public_e":0,"gr11s_private":0,"gr11e_public_f":0,"gr11e_public_e":0,"gr11e_private":0,"gr12sg_public_f":0,"gr12sg_public_e":0,"gr12sg_private":0,"gr12se_public_f":0,"gr12se_public_e":0,"gr12se_private":0,"gr12lh_public_f":"false","gr12lh_public_e":0,"gr12lh_private":"false","gr12sv_public_f":0,"gr12sv_public_e":0,"gr12sv_private":1,"tvet_public":0,"tvet_private":0,"uni":14,"syrians":1,"oosc":0,"teachers":0,"bath_hygiene":"bad","playground":"fair","corridor":"fair","rooms_hygiene":"fair","Is_waste_collected":"true","Collection_frequency":"weekly","construction":"false","yes_construction":null,"unified_authority":null,"documentation":null,"check_all":"true","Comments":"true","comments2":"اسماء مناطق النازحين:صور النبطية ضاحية","age0_6_months":0,"age6_12_months":0,"f_age0_6_months":0,"f_age6_12_months":0,"f_ages_1_3":2,"f_age_3_5":3,"f_age_6_12":14,"f_age_13_18":7,"f_age_19_57":16,"f_age_58_above":5,"Female_Headed_Households":0,"lost_kids":0,"chronic_disease":3,"diesel_fuel_tank":"false","count_tanks":null,"capacity_tank":null,"need_bin":null,"need_bin_240":null,"need_bin_1100":null,"status_2026":"used","gov_cad":"Mount Lebanon","district_cad":"El Meten","cad_name":"Jodaidat","x":35.566283,"y":33.890333},"geometry":{"type":"Point","coordinates":[35.566283,33.890333]}},
{"type":"Feature","properties":{"objectid":352,"globalid":"9bfa6589-5ae3-4e1a-8bf8-35ebc6ccb1dd","shelter_name":"  مدرسة الناعمة المتوسطة المختلطة الرسمية","governorate_name":"Mount Lebanon","district_name":"Chouf","villages":"Naame","lat_calc":33.747243,"long_calc":35.464862,"loc_calc":"33.747243 35.464862","structure_type":"School","structure_type_other":null,"cerd_number":162,"ministry_name":"الناعمة المتوسطة المختلطة الرسمية","ACS":23141,"P_Code":"23141_002","focal":"زياد أبو نصر ","nb":70034748,"mosa_focal":"Amal l hajj","mosa_focal_phone":81866142,"mehe_focal":"زياد أبو نصر ","mehe_focalnb":"70034748","type_private_public":"public","other_specifyy":null,"status":"full","notes":null,"sourcee":"ministry","displaced_cas_code":23141,"phases":1,"nb_idps":76,"nb_families":18,"capacity":403,"male":149,"female":251,"age_0_1":5,"ages_1_3":3,"age_3_5":6,"age_6_12":13,"age_13_18":22,"age_19_57":92,"age_58_above":10,"disabilities_pregnant":null,"pregnant_women":1,"heating_disability":null,"visual_disability":0,"physical_disability":2,"interllectual_disability":null,"CreationDate":"2026-03-04T12:04:10","Creator":"Ramez.Hassan.961","EditDate":"2026-08-24T07:17:49","Editor":"EOR.CHOUF","lactating_women":0,"hearing_disability":1,"mental_disability":0,"DONT_ADD":"true","old_global_id":null,"floorsnum":null,"totalrooms":null,"occ_rooms":null,"free_spaces":null,"free_rooms":null,"kitchen_found":null,"kitchen_found2":null,"type_meal":null,"toilets_male":null,"toilets_female":null,"toilets_not_used_male":null,"toilets_not_used_female":null,"water_source":null,"elec_source":null,"bathtub_male":null,"bathtub_female":null,"generator":null,"generator_kva":null,"water_tank":null,"water_tank_capacity":null,"water_heater":null,"ac":null,"firedistinguisher":null,"first_aid":null,"wheelchair":null,"beds":null,"fridges":null,"washingmachines":null,"kitchen":null,"kids_area":null,"water_available":null,"need_water":null,"who_water":null,"how_water":null,"LAF_Focal":null,"LAF_shelter_name":null,"LAF_Phone_nb":null,"kg1_public_f":null,"kg1_public_e":null,"kg1_private":null,"kg2_public_f":null,"kg2_public_e":null,"kg2_private":null,"kg3_public_f":null,"kg3_public_e":null,"kg3_private":null,"gr1_public_f":null,"gr1_public_e":null,"gr1_private":null,"gr2_public_f":null,"gr2_public_e":null,"gr2_private":null,"gr3_public_f":null,"gr3_public_e":null,"gr3_private":null,"gr4_public_f":null,"gr4_public_e":null,"gr4_private":null,"gr5_public_f":null,"gr5_public_e":null,"gr5_private":null,"gr6_public_f":null,"gr6_public_e":null,"gr6_private":null,"gr7_public_f":null,"gr7_public_e":null,"gr7_private":null,"gr8_public_f":null,"gr8_public_e":null,"gr8_private":null,"gr9_public_f":null,"gr9_public_e":null,"gr9_private":null,"gr10_public_f":null,"gr10_public_e":null,"gr10_private":null,"gr11s_public_f":null,"gr11s_public_e":null,"gr11s_private":null,"gr11e_public_f":null,"gr11e_public_e":null,"gr11e_private":null,"gr12sg_public_f":null,"gr12sg_public_e":null,"gr12sg_private":null,"gr12se_public_f":null,"gr12se_public_e":null,"gr12se_private":null,"gr12lh_public_f":null,"gr12lh_public_e":null,"gr12lh_private":null,"gr12sv_public_f":null,"gr12sv_public_e":null,"gr12sv_private":null,"tvet_public":null,"tvet_private":null,"uni":null,"syrians":null,"oosc":null,"teachers":null,"bath_hygiene":null,"playground":null,"corridor":null,"rooms_hygiene":null,"Is_waste_collected":null,"Collection_frequency":null,"construction":null,"yes_construction":null,"unified_authority":null,"documentation":null,"check_all":null,"Comments":null,"comments2":null,"age0_6_months":1,"age6_12_months":2,"f_age0_6_months":0,"f_age6_12_months":2,"f_ages_1_3":3,"f_age_3_5":7,"f_age_6_12":14,"f_age_13_18":51,"f_age_19_57":157,"f_age_58_above":17,"Female_Headed_Households":null,"lost_kids":null,"chronic_disease":null,"diesel_fuel_tank":null,"count_tanks":null,"capacity_tank":null,"need_bin":null,"need_bin_240":null,"need_bin_1100":null,"status_2026":"used","gov_cad":"Mount Lebanon","district_cad":"Chouf","cad_name":"Naamat","x":35.463507,"y":33.7500227},"geometry":{"type":"Point","coordinates":[35.463507,33.7500227]}},
{"type":"Feature","properties":{"objectid":356,"globalid":"e8ccd7b2-a977-44e5-bea8-1adf1768dc46","shelter_name":"  مدرسة الدامور الرسمية المختلطة","governorate_name":"Mount Lebanon","district_name":"Chouf","villages":"Damour","lat_calc":33.730739,"long_calc":35.456892,"loc_calc":"33.730739 35.456892","structure_type":"School","structure_type_other":null,"cerd_number":1348,"ministry_name":"الدامور الرسمية المختلطة","ACS":23111,"P_Code":"23111_001","focal":"ندى ابراهيم ابو سعد ","nb":3003126,"mosa_focal":"محمد زهير فخر الدين","mosa_focal_phone":70059085,"mehe_focal":"ندى ابراهيم ابو سعد ","mehe_focalnb":"3003126","type_private_public":"public","other_specifyy":null,"status":"full","notes":"الجيش","sourcee":"field","displaced_cas_code":23111,"phases":10,"nb_idps":43,"nb_families":14,"capacity":140,"male":75,"female":69,"age_0_1":1,"ages_1_3":1,"age_3_5":10,"age_6_12":16,"age_13_18":4,"age_19_57":37,"age_58_above":7,"disabilities_pregnant":null,"pregnant_women":2,"heating_disability":null,"visual_disability":0,"physical_disability":0,"interllectual_disability":null,"CreationDate":"2026-03-04T12:04:10","Creator":"Ramez.Hassan.961","EditDate":"2026-08-29T07:19:40","Editor":"EOR.CHOUF","lactating_women":1,"hearing_disability":0,"mental_disability":0,"DONT_ADD":"true","old_global_id":null,"floorsnum":3,"totalrooms":40,"occ_rooms":15,"free_spaces":25,"free_rooms":25,"kitchen_found":"true","kitchen_found2":"false","type_meal":null,"toilets_male":2,"toilets_female":2,"toilets_not_used_male":0,"toilets_not_used_female":0,"water_source":"بئر","elec_source":"اشتراك","bathtub_male":4,"bathtub_female":4,"generator":"false","generator_kva":null,"water_tank":2,"water_tank_capacity":20000,"water_heater":2,"ac":0,"firedistinguisher":0,"first_aid":"false","wheelchair":0,"beds":0,"fridges":0,"washingmachines":2,"kitchen":"true","kids_area":1,"water_available":"true","need_water":null,"who_water":null,"how_water":"طرمبة خاصة","LAF_Focal":"الرائد محمد يحيى","LAF_shelter_name":"مدرسة الدامور المختلطة - الشوف","LAF_Phone_nb":3259698,"kg1_public_f":null,"kg1_public_e":null,"kg1_private":null,"kg2_public_f":null,"kg2_public_e":null,"kg2_private":null,"kg3_public_f":null,"kg3_public_e":null,"kg3_private":null,"gr1_public_f":null,"gr1_public_e":null,"gr1_private":null,"gr2_public_f":null,"gr2_public_e":null,"gr2_private":null,"gr3_public_f":null,"gr3_public_e":null,"gr3_private":null,"gr4_public_f":null,"gr4_public_e":null,"gr4_private":null,"gr5_public_f":null,"gr5_public_e":null,"gr5_private":null,"gr6_public_f":null,"gr6_public_e":null,"gr6_private":null,"gr7_public_f":null,"gr7_public_e":null,"gr7_private":null,"gr8_public_f":null,"gr8_public_e":null,"gr8_private":null,"gr9_public_f":null,"gr9_public_e":null,"gr9_private":null,"gr10_public_f":null,"gr10_public_e":null,"gr10_private":null,"gr11s_public_f":null,"gr11s_public_e":null,"gr11s_private":null,"gr11e_public_f":null,"gr11e_public_e":null,"gr11e_private":null,"gr12sg_public_f":null,"gr12sg_public_e":null,"gr12sg_private":null,"gr12se_public_f":null,"gr12se_public_e":null,"gr12se_private":null,"gr12lh_public_f":null,"gr12lh_public_e":null,"gr12lh_private":null,"gr12sv_public_f":null,"gr12sv_public_e":null,"gr12sv_private":null,"tvet_public":null,"tvet_private":null,"uni":null,"syrians":null,"oosc":null,"teachers":null,"bath_hygiene":null,"playground":null,"corridor":null,"rooms_hygiene":null,"Is_waste_collected":null,"Collection_frequency":null,"construction":null,"yes_construction":null,"unified_authority":null,"documentation":null,"check_all":null,"Comments":null,"comments2":null,"age0_6_months":0,"age6_12_months":0,"f_age0_6_months":0,"f_age6_12_months":0,"f_ages_1_3":2,"f_age_3_5":2,"f_age_6_12":10,"f_age_13_18":9,"f_age_19_57":39,"f_age_58_above":7,"Female_Headed_Households":null,"lost_kids":null,"chronic_disease":null,"diesel_fuel_tank":null,"count_tanks":null,"capacity_tank":null,"need_bin":null,"need_bin_240":null,"need_bin_1100":null,"status_2026":"used","gov_cad":"Mount Lebanon","district_cad":"Chouf","cad_name":"Damour","x":35.456892,"y":33.730739},"geometry":{"type":"Point","coordinates":[35.456892,33.730739]}},
{"type":"Feature","properties":{"objectid":358,"globalid":"489eed77-a08b-40c5-a8bd-ccb45d99350e","shelter_name":"سد البوشرية العالية الرسمية للصبيان","governorate_name":"Mount Lebanon","district_name":"El Meten","villages":"Jdaide el Meten","lat_calc":33.890333,"long_calc":35.566283,"loc_calc":"33.890333 35.566283","structure_type":"School","structure_type_other":null,"cerd_number":95,"ministry_name":"سد البوشرية العالية الرسمية للصبيان","ACS":22228,"P_Code":"22228_004","focal":"Roula rizk","nb":79142944,"mosa_focal":"Chada hilany","mosa_focal_phone":79183566,"mehe_focal":"رولى الياس رزق","mehe_focalnb":"79142944","type_private_public":"public","other_specifyy":null,"status":"full","notes":"مخصصة لعائلات الجيش","sourcee":"field","displaced_cas_code":22211,"phases":10,"nb_idps":66,"nb_families":16,"capacity":139,"male":37,"female":47,"age_0_1":2,"ages_1_3":5,"age_3_5":4,"age_6_12":3,"age_13_18":5,"age_19_57":14,"age_58_above":5,"disabilities_pregnant":null,"pregnant_women":1,"heating_disability":null,"visual_disability":0,"physical_disability":1,"interllectual_disability":null,"CreationDate":"2026-03-04T12:04:10","Creator":"Ramez.Hassan.961","EditDate":"2026-09-02T13:13:12","Editor":"EOR.MATEN","lactating_women":2,"hearing_disability":0,"mental_disability":0,"DONT_ADD":"true","old_global_id":null,"floorsnum":3,"totalrooms":25,"occ_rooms":25,"free_spaces":0,"free_rooms":0,"kitchen_found":"false","kitchen_found2":null,"type_meal":null,"toilets_male":10,"toilets_female":11,"toilets_not_used_male":0,"toilets_not_used_female":3,"water_source":"مؤسسة مياه بيروت وجبل لبنان والدفاع المدني والجيش","elec_source":"كهرباء لبنان و طاقة شمسية","bathtub_male":1,"bathtub_female":3,"generator":"false","generator_kva":null,"water_tank":10,"water_tank_capacity":20000,"water_heater":4,"ac":0,"firedistinguisher":14,"first_aid":"false","wheelchair":0,"beds":0,"fridges":3,"washingmachines":0,"kitchen":"false","kids_area":1,"water_available":"true","need_water":100,"who_water":"دولة والدفاع المدني والجيش اللبناني","how_water":"صهاريج","LAF_Focal":"النقيب زياد كعدي","LAF_shelter_name":"ثانوية الصبيان الرسمية - سد البوشرية -المتن","LAF_Phone_nb":71303786,"kg1_public_f":0,"kg1_public_e":2,"kg1_private":1,"kg2_public_f":0,"kg2_public_e":3,"kg2_private":4,"kg3_public_f":1,"kg3_public_e":1,"kg3_private":3,"gr1_public_f":0,"gr1_public_e":1,"gr1_private":4,"gr2_public_f":0,"gr2_public_e":2,"gr2_private":2,"gr3_public_f":0,"gr3_public_e":0,"gr3_private":2,"gr4_public_f":0,"gr4_public_e":2,"gr4_private":4,"gr5_public_f":0,"gr5_public_e":2,"gr5_private":0,"gr6_public_f":0,"gr6_public_e":1,"gr6_private":3,"gr7_public_f":0,"gr7_public_e":1,"gr7_private":1,"gr8_public_f":0,"gr8_public_e":0,"gr8_private":0,"gr9_public_f":0,"gr9_public_e":0,"gr9_private":0,"gr10_public_f":0,"gr10_public_e":0,"gr10_private":0,"gr11s_public_f":0,"gr11s_public_e":0,"gr11s_private":0,"gr11e_public_f":0,"gr11e_public_e":0,"gr11e_private":0,"gr12sg_public_f":0,"gr12sg_public_e":0,"gr12sg_private":0,"gr12se_public_f":0,"gr12se_public_e":0,"gr12se_private":0,"gr12lh_public_f":"false","gr12lh_public_e":0,"gr12lh_private":"false","gr12sv_public_f":0,"gr12sv_public_e":0,"gr12sv_private":0,"tvet_public":0,"tvet_private":0,"uni":4,"syrians":0,"oosc":0,"teachers":2,"bath_hygiene":"good","playground":"good","corridor":"good","rooms_hygiene":"good","Is_waste_collected":"true","Collection_frequency":"daily","construction":"false","yes_construction":null,"unified_authority":"true","documentation":"true","check_all":"true","Comments":"true","comments2":"اسماء مناطق النازحين:بعلبك الضاحية صور بنت جبيل النبطية","age0_6_months":0,"age6_12_months":1,"f_age0_6_months":1,"f_age6_12_months":2,"f_ages_1_3":5,"f_age_3_5":3,"f_age_6_12":8,"f_age_13_18":1,"f_age_19_57":24,"f_age_58_above":3,"Female_Headed_Households":0,"lost_kids":0,"chronic_disease":10,"diesel_fuel_tank":"false","count_tanks":null,"capacity_tank":null,"need_bin":"false","need_bin_240":null,"need_bin_1100":null,"status_2026":"used","gov_cad":"Mount Lebanon","district_cad":"El Meten","cad_name":"Baouchariat","x":35.55844429,"y":33.88648939},"geometry":{"type":"Point","coordinates":[35.55844429,33.88648939]}},
{"type":"Feature","properties":{"objectid":373,"globalid":"bc85208a-a68a-4f16-9b0a-47784246442b","shelter_name":"روضة جبيل الرسمية المختلطة","governorate_name":"Mount Lebanon","district_name":"Jbeil","villages":"Jbail","lat_calc":34.120422,"long_calc":35.647114,"loc_calc":"34.120422 35.647114","structure_type":"School","structure_type_other":null,"cerd_number":166,"ministry_name":"جبيل الرابعة الرسمية المختلطة","ACS":26111,"P_Code":"26111_003","focal":"ناريمان لقيس","nb":70685364,"mosa_focal":"Rana Daou","mosa_focal_phone":3821447,"mehe_focal":"ناريمان اللقيس","mehe_focalnb":"70685364","type_private_public":"public","other_specifyy":null,"status":"open","notes":null,"sourcee":"field","displaced_cas_code":26111,"phases":1,"nb_idps":40,"nb_families":16,"capacity":81,"male":null,"female":null,"age_0_1":4,"ages_1_3":3,"age_3_5":3,"age_6_12":14,"age_13_18":6,"age_19_57":38,"age_58_above":12,"disabilities_pregnant":null,"pregnant_women":0,"heating_disability":null,"visual_disability":0,"physical_disability":0,"interllectual_disability":null,"CreationDate":"2026-03-04T12:04:10","Creator":"Ramez.Hassan.961","EditDate":"2026-08-17T08:26:54","Editor":"EOR.JBEIL","lactating_women":4,"hearing_disability":0,"mental_disability":0,"DONT_ADD":"true","old_global_id":null,"floorsnum":3,"totalrooms":28,"occ_rooms":25,"free_spaces":3,"free_rooms":3,"kitchen_found":"true","kitchen_found2":null,"type_meal":null,"toilets_male":10,"toilets_female":10,"toilets_not_used_male":null,"toilets_not_used_female":null,"water_source":"Dawle","elec_source":"Solar and dawle","bathtub_male":1,"bathtub_female":1,"generator":"false","generator_kva":null,"water_tank":7,"water_tank_capacity":7000,"water_heater":2,"ac":1,"firedistinguisher":0,"first_aid":"false","wheelchair":0,"beds":0,"fridges":null,"washingmachines":1,"kitchen":"false","kids_area":2,"water_available":"true","need_water":null,"who_water":null,"how_water":null,"LAF_Focal":null,"LAF_shelter_name":null,"LAF_Phone_nb":null,"kg1_public_f":null,"kg1_public_e":null,"kg1_private":null,"kg2_public_f":null,"kg2_public_e":null,"kg2_private":null,"kg3_public_f":null,"kg3_public_e":null,"kg3_private":null,"gr1_public_f":null,"gr1_public_e":null,"gr1_private":null,"gr2_public_f":null,"gr2_public_e":null,"gr2_private":null,"gr3_public_f":null,"gr3_public_e":null,"gr3_private":null,"gr4_public_f":null,"gr4_public_e":null,"gr4_private":null,"gr5_public_f":null,"gr5_public_e":null,"gr5_private":null,"gr6_public_f":null,"gr6_public_e":null,"gr6_private":null,"gr7_public_f":null,"gr7_public_e":null,"gr7_private":null,"gr8_public_f":null,"gr8_public_e":null,"gr8_private":null,"gr9_public_f":null,"gr9_public_e":null,"gr9_private":null,"gr10_public_f":null,"gr10_public_e":null,"gr10_private":null,"gr11s_public_f":null,"gr11s_public_e":null,"gr11s_private":null,"gr11e_public_f":null,"gr11e_public_e":null,"gr11e_private":null,"gr12sg_public_f":null,"gr12sg_public_e":null,"gr12sg_private":null,"gr12se_public_f":null,"gr12se_public_e":null,"gr12se_private":null,"gr12lh_public_f":null,"gr12lh_public_e":null,"gr12lh_private":null,"gr12sv_public_f":null,"gr12sv_public_e":null,"gr12sv_private":null,"tvet_public":null,"tvet_private":null,"uni":null,"syrians":null,"oosc":null,"teachers":null,"bath_hygiene":null,"playground":null,"corridor":null,"rooms_hygiene":null,"Is_waste_collected":null,"Collection_frequency":null,"construction":null,"yes_construction":null,"unified_authority":null,"documentation":null,"check_all":null,"Comments":null,"comments2":"النبطية الفوقا، الدوير ،طير حرفة،كفركلا، حارة حريك،يانوح، خربة سلم، الخيام،مجدل سلم، بيت ياحون، قلوي،تول","age0_6_months":null,"age6_12_months":null,"f_age0_6_months":null,"f_age6_12_months":null,"f_ages_1_3":null,"f_age_3_5":null,"f_age_6_12":null,"f_age_13_18":null,"f_age_19_57":null,"f_age_58_above":null,"Female_Headed_Households":null,"lost_kids":null,"chronic_disease":null,"diesel_fuel_tank":null,"count_tanks":null,"capacity_tank":null,"need_bin":null,"need_bin_240":null,"need_bin_1100":null,"status_2026":"used","gov_cad":"Mount Lebanon","district_cad":"Jbeil","cad_name":"Jbail","x":35.647114,"y":34.120422},"geometry":{"type":"Point","coordinates":[35.647114,34.120422]}},
{"type":"Feature","properties":{"objectid":380,"globalid":"5923654b-82ca-4bf5-b0a9-b39e50db6de2","shelter_name":"مدرسة برج حمود الثانية","governorate_name":"Mount Lebanon","district_name":"El Meten","villages":"Borj Hammoud","lat_calc":33.887678,"long_calc":35.541194,"loc_calc":"33.887678 35.541194","structure_type":"Other","structure_type_other":null,"cerd_number":1405,"ministry_name":"برج حمود الثانية المتوسطة المختلطة /انكليزي","ACS":22111,"P_Code":"22111_003","focal":"Mohamad ","nb":70656959,"mosa_focal":"Patricia el baysari","mosa_focal_phone":70311773,"mehe_focal":null,"mehe_focalnb":null,"type_private_public":"private","other_specifyy":null,"status":"open","notes":"جميع العائلات المتبقية فقدت منازلها ولا مجال للعودة في وقت قريب","sourcee":"field","displaced_cas_code":22111,"phases":null,"nb_idps":80,"nb_families":27,"capacity":640,"male":220,"female":260,"age_0_1":5,"ages_1_3":8,"age_3_5":7,"age_6_12":30,"age_13_18":20,"age_19_57":70,"age_58_above":81,"disabilities_pregnant":null,"pregnant_women":3,"heating_disability":null,"visual_disability":1,"physical_disability":1,"interllectual_disability":null,"CreationDate":"2026-03-04T12:04:10","Creator":"Ramez.Hassan.961","EditDate":"2026-09-02T13:13:15","Editor":"EOR.MATEN","lactating_women":1,"hearing_disability":1,"mental_disability":2,"DONT_ADD":"true","old_global_id":null,"floorsnum":4,"totalrooms":47,"occ_rooms":47,"free_spaces":0,"free_rooms":0,"kitchen_found":"false","kitchen_found2":null,"type_meal":null,"toilets_male":10,"toilets_female":2,"toilets_not_used_male":5,"toilets_not_used_female":0,"water_source":"citerne","elec_source":"Public\\moteur","bathtub_male":1,"bathtub_female":0,"generator":"false","generator_kva":null,"water_tank":9,"water_tank_capacity":18000,"water_heater":1,"ac":0,"firedistinguisher":0,"first_aid":"false","wheelchair":0,"beds":0,"fridges":0,"washingmachines":0,"kitchen":"false","kids_area":2,"water_available":"true","need_water":90,"who_water":"مبادرة فردية","how_water":"صهاريج","LAF_Focal":null,"LAF_shelter_name":null,"LAF_Phone_nb":null,"kg1_public_f":0,"kg1_public_e":1,"kg1_private":2,"kg2_public_f":1,"kg2_public_e":5,"kg2_private":3,"kg3_public_f":1,"kg3_public_e":3,"kg3_private":3,"gr1_public_f":1,"gr1_public_e":4,"gr1_private":1,"gr2_public_f":5,"gr2_public_e":4,"gr2_private":5,"gr3_public_f":1,"gr3_public_e":7,"gr3_private":4,"gr4_public_f":0,"gr4_public_e":4,"gr4_private":2,"gr5_public_f":1,"gr5_public_e":2,"gr5_private":3,"gr6_public_f":1,"gr6_public_e":5,"gr6_private":7,"gr7_public_f":1,"gr7_public_e":2,"gr7_private":4,"gr8_public_f":0,"gr8_public_e":2,"gr8_private":4,"gr9_public_f":0,"gr9_public_e":3,"gr9_private":2,"gr10_public_f":1,"gr10_public_e":0,"gr10_private":1,"gr11s_public_f":0,"gr11s_public_e":3,"gr11s_private":0,"gr11e_public_f":0,"gr11e_public_e":0,"gr11e_private":1,"gr12sg_public_f":0,"gr12sg_public_e":0,"gr12sg_private":0,"gr12se_public_f":0,"gr12se_public_e":0,"gr12se_private":0,"gr12lh_public_f":"false","gr12lh_public_e":0,"gr12lh_private":"false","gr12sv_public_f":0,"gr12sv_public_e":2,"gr12sv_private":0,"tvet_public":6,"tvet_private":5,"uni":3,"syrians":0,"oosc":6,"teachers":0,"bath_hygiene":"bad","playground":"bad","corridor":"bad","rooms_hygiene":"fair","Is_waste_collected":"true","Collection_frequency":"daily","construction":"false","yes_construction":null,"unified_authority":null,"documentation":null,"check_all":"true","Comments":null,"comments2":"MEHE facility (NO MEHE focal/ MOSA is doing the field visits to this shelter)","age0_6_months":2,"age6_12_months":2,"f_age0_6_months":1,"f_age6_12_months":0,"f_ages_1_3":8,"f_age_3_5":8,"f_age_6_12":26,"f_age_13_18":30,"f_age_19_57":100,"f_age_58_above":87,"Female_Headed_Households":6,"lost_kids":0,"chronic_disease":27,"diesel_fuel_tank":"false","count_tanks":null,"capacity_tank":null,"need_bin":"false","need_bin_240":null,"need_bin_1100":null,"status_2026":"used","gov_cad":"Mount Lebanon","district_cad":"El Meten","cad_name":"Borge Hammoud","x":35.541194,"y":33.887678},"geometry":{"type":"Point","coordinates":[35.541194,33.887678]}},
{"type":"Feature","properties":{"objectid":385,"globalid":"672cb7f0-3cb7-4414-8e69-22899fe261bc","shelter_name":"متوسطة بسكنتا الرسمية","governorate_name":"Mount Lebanon","district_name":"El Meten","villages":"Baskinta","lat_calc":33.943925,"long_calc":35.789095,"loc_calc":"33.943925 35.789095","structure_type":"School","structure_type_other":null,"cerd_number":224,"ministry_name":"ثانوية بسكنتا الرسمية","ACS":22797,"P_Code":"22797_002","focal":"فراس ابو حيدر ","nb":3119958,"mosa_focal":null,"mosa_focal_phone":null,"mehe_focal":"وعد بو حيدر","mehe_focalnb":"3980340","type_private_public":"public","other_specifyy":null,"status":"open","notes":null,"sourcee":"ministry","displaced_cas_code":22797,"phases":null,"nb_idps":25,"nb_families":5,"capacity":67,"male":18,"female":17,"age_0_1":0,"ages_1_3":0,"age_3_5":1,"age_6_12":6,"age_13_18":3,"age_19_57":7,"age_58_above":1,"disabilities_pregnant":null,"pregnant_women":0,"heating_disability":null,"visual_disability":0,"physical_disability":0,"interllectual_disability":null,"CreationDate":"2026-03-04T12:04:10","Creator":"Ramez.Hassan.961","EditDate":"2026-09-02T13:13:18","Editor":"EOR.MATEN","lactating_women":0,"hearing_disability":0,"mental_disability":0,"DONT_ADD":"true","old_global_id":null,"floorsnum":2,"totalrooms":10,"occ_rooms":10,"free_spaces":0,"free_rooms":0,"kitchen_found":"true","kitchen_found2":"false","type_meal":null,"toilets_male":2,"toilets_female":5,"toilets_not_used_male":1,"toilets_not_used_female":0,"water_source":"Public network","elec_source":"Public network - private generator  - solar power","bathtub_male":0,"bathtub_female":1,"generator":"true","generator_kva":65,"water_tank":1,"water_tank_capacity":2000,"water_heater":2,"ac":1,"firedistinguisher":2,"first_aid":"false","wheelchair":0,"beds":0,"fridges":1,"washingmachines":1,"kitchen":"false","kids_area":2,"water_available":"true","need_water":15,"who_water":"Public network - civil defence","how_water":"Public network and water trucking","LAF_Focal":null,"LAF_shelter_name":null,"LAF_Phone_nb":null,"kg1_public_f":0,"kg1_public_e":1,"kg1_private":0,"kg2_public_f":0,"kg2_public_e":1,"kg2_private":0,"kg3_public_f":0,"kg3_public_e":0,"kg3_private":2,"gr1_public_f":0,"gr1_public_e":0,"gr1_private":3,"gr2_public_f":0,"gr2_public_e":0,"gr2_private":2,"gr3_public_f":0,"gr3_public_e":2,"gr3_private":0,"gr4_public_f":0,"gr4_public_e":2,"gr4_private":0,"gr5_public_f":0,"gr5_public_e":0,"gr5_private":2,"gr6_public_f":0,"gr6_public_e":0,"gr6_private":0,"gr7_public_f":0,"gr7_public_e":1,"gr7_private":0,"gr8_public_f":0,"gr8_public_e":0,"gr8_private":0,"gr9_public_f":0,"gr9_public_e":0,"gr9_private":0,"gr10_public_f":0,"gr10_public_e":0,"gr10_private":0,"gr11s_public_f":0,"gr11s_public_e":0,"gr11s_private":0,"gr11e_public_f":0,"gr11e_public_e":0,"gr11e_private":0,"gr12sg_public_f":0,"gr12sg_public_e":0,"gr12sg_private":0,"gr12se_public_f":0,"gr12se_public_e":0,"gr12se_private":0,"gr12lh_public_f":"false","gr12lh_public_e":0,"gr12lh_private":"false","gr12sv_public_f":0,"gr12sv_public_e":0,"gr12sv_private":0,"tvet_public":0,"tvet_private":1,"uni":1,"syrians":0,"oosc":1,"teachers":2,"bath_hygiene":"good","playground":"good","corridor":"good","rooms_hygiene":"good","Is_waste_collected":"true","Collection_frequency":"daily","construction":"false","yes_construction":null,"unified_authority":"true","documentation":"true","check_all":"true","Comments":"true","comments2":"Municipal emergency committee and school principal","age0_6_months":0,"age6_12_months":0,"f_age0_6_months":0,"f_age6_12_months":0,"f_ages_1_3":0,"f_age_3_5":1,"f_age_6_12":3,"f_age_13_18":2,"f_age_19_57":11,"f_age_58_above":0,"Female_Headed_Households":1,"lost_kids":0,"chronic_disease":5,"diesel_fuel_tank":"true","count_tanks":5,"capacity_tank":14000,"need_bin":"true","need_bin_240":4,"need_bin_1100":4,"status_2026":"used","gov_cad":"Mount Lebanon","district_cad":"El Meten","cad_name":"Baskinta","x":35.79828335,"y":33.93714799},"geometry":{"type":"Point","coordinates":[35.79828335,33.93714799]}},
{"type":"Feature","properties":{"objectid":399,"globalid":"1a684a24-63e2-4861-b309-be082e9a59e2","shelter_name":"مدرسة سن الفيل الاولى ","governorate_name":"Mount Lebanon","district_name":"El Meten","villages":"Sinn el Fil","lat_calc":33.877347,"long_calc":35.534522,"loc_calc":"33.877347 35.534522","structure_type":"School","structure_type_other":null,"cerd_number":65,"ministry_name":"ثانوية سن الفيل الرسمية","ACS":22155,"P_Code":"22155_001","focal":"Sanaa Khoury","nb":3750718,"mosa_focal":"سيلفا العنطوري","mosa_focal_phone":3038245,"mehe_focal":"Sanaa Khoury","mehe_focalnb":"3750718","type_private_public":"public","other_specifyy":null,"status":"open","notes":null,"sourcee":"field","displaced_cas_code":22155,"phases":1,"nb_idps":130,"nb_families":33,"capacity":200,"male":40,"female":51,"age_0_1":2,"ages_1_3":1,"age_3_5":2,"age_6_12":4,"age_13_18":3,"age_19_57":23,"age_58_above":6,"disabilities_pregnant":null,"pregnant_women":0,"heating_disability":null,"visual_disability":0,"physical_disability":0,"interllectual_disability":null,"CreationDate":"2026-03-04T12:04:10","Creator":"Ramez.Hassan.961","EditDate":"2026-09-02T13:13:21","Editor":"EOR.MATEN","lactating_women":0,"hearing_disability":0,"mental_disability":1,"DONT_ADD":"true","old_global_id":null,"floorsnum":5,"totalrooms":20,"occ_rooms":20,"free_spaces":0,"free_rooms":0,"kitchen_found":"false","kitchen_found2":null,"type_meal":null,"toilets_male":5,"toilets_female":6,"toilets_not_used_male":0,"toilets_not_used_female":1,"water_source":"مياه لبنان","elec_source":"كهرباء لبنان والطاقة الشمسية","bathtub_male":2,"bathtub_female":2,"generator":"false","generator_kva":null,"water_tank":7,"water_tank_capacity":20000,"water_heater":4,"ac":0,"firedistinguisher":7,"first_aid":"false","wheelchair":0,"beds":1,"fridges":0,"washingmachines":0,"kitchen":"false","kids_area":0,"water_available":"true","need_water":70,"who_water":"البلدية","how_water":"Citernes","LAF_Focal":null,"LAF_shelter_name":null,"LAF_Phone_nb":null,"kg1_public_f":0,"kg1_public_e":0,"kg1_private":0,"kg2_public_f":0,"kg2_public_e":1,"kg2_private":0,"kg3_public_f":0,"kg3_public_e":0,"kg3_private":0,"gr1_public_f":0,"gr1_public_e":0,"gr1_private":3,"gr2_public_f":0,"gr2_public_e":0,"gr2_private":1,"gr3_public_f":0,"gr3_public_e":1,"gr3_private":0,"gr4_public_f":0,"gr4_public_e":1,"gr4_private":1,"gr5_public_f":0,"gr5_public_e":1,"gr5_private":2,"gr6_public_f":0,"gr6_public_e":0,"gr6_private":2,"gr7_public_f":0,"gr7_public_e":1,"gr7_private":0,"gr8_public_f":0,"gr8_public_e":1,"gr8_private":0,"gr9_public_f":0,"gr9_public_e":1,"gr9_private":0,"gr10_public_f":0,"gr10_public_e":0,"gr10_private":0,"gr11s_public_f":0,"gr11s_public_e":0,"gr11s_private":0,"gr11e_public_f":0,"gr11e_public_e":0,"gr11e_private":0,"gr12sg_public_f":0,"gr12sg_public_e":0,"gr12sg_private":0,"gr12se_public_f":0,"gr12se_public_e":0,"gr12se_private":0,"gr12lh_public_f":"false","gr12lh_public_e":0,"gr12lh_private":"false","gr12sv_public_f":0,"gr12sv_public_e":0,"gr12sv_private":0,"tvet_public":4,"tvet_private":1,"uni":1,"syrians":0,"oosc":1,"teachers":0,"bath_hygiene":"fair","playground":"fair","corridor":"fair","rooms_hygiene":"fair","Is_waste_collected":"true","Collection_frequency":"weekly","construction":"false","yes_construction":null,"unified_authority":"true","documentation":"true","check_all":"false","Comments":"true","comments2":"اسماء مناطق النازحين:حارة حريك  حي السلم  الشياح برج البراجنة صفير حي ماضي  اجندة الخمسة  الشويفات  صحراء الشويفات  الشويفات العمروسية  الغسائية  عيترون مجادل جبع بافلاي خربة سلم طردبا الشابية  الشهابية كفركلا  ميس جبل جويا  معروب","age0_6_months":0,"age6_12_months":1,"f_age0_6_months":0,"f_age6_12_months":0,"f_ages_1_3":2,"f_age_3_5":2,"f_age_6_12":7,"f_age_13_18":6,"f_age_19_57":27,"f_age_58_above":7,"Female_Headed_Households":4,"lost_kids":0,"chronic_disease":15,"diesel_fuel_tank":"true","count_tanks":1,"capacity_tank":1000,"need_bin":null,"need_bin_240":null,"need_bin_1100":null,"status_2026":"used","gov_cad":"Mount Lebanon","district_cad":"El Meten","cad_name":"Senn el Fil","x":35.534522,"y":33.877347},"geometry":{"type":"Point","coordinates":[35.534522,33.877347]}},
{"type":"Feature","properties":{"objectid":402,"globalid":"7687b854-dc8d-42c7-9354-e62064c55d34","shelter_name":"مدرسة البرجين الرسمية","governorate_name":"Mount Lebanon","district_name":"Chouf","villages":"Borjein","lat_calc":33.658028,"long_calc":35.486856,"loc_calc":"33.658028 35.486856","structure_type":"School","structure_type_other":null,"cerd_number":null,"ministry_name":"ثانوية جنة الطلبه","ACS":23247,"P_Code":"23247_001","focal":"محمد عبد العزيز بوعرم( رئيس البلدية)","nb":3386599,"mosa_focal":"تهاني حسين ياسين","mosa_focal_phone":71730758,"mehe_focal":"لا يوجد","mehe_focalnb":"لا يوجد","type_private_public":"public","other_specifyy":null,"status":"full","notes":null,"sourcee":"field","displaced_cas_code":23247,"phases":null,"nb_idps":13,"nb_families":4,"capacity":78,"male":25,"female":40,"age_0_1":0,"ages_1_3":1,"age_3_5":1,"age_6_12":5,"age_13_18":1,"age_19_57":14,"age_58_above":3,"disabilities_pregnant":null,"pregnant_women":1,"heating_disability":null,"visual_disability":0,"physical_disability":1,"interllectual_disability":null,"CreationDate":"2026-03-04T12:04:10","Creator":"Ramez.Hassan.961","EditDate":"2026-08-19T07:56:25","Editor":"EOR.CHOUF","lactating_women":0,"hearing_disability":0,"mental_disability":0,"DONT_ADD":"true","old_global_id":null,"floorsnum":3,"totalrooms":14,"occ_rooms":14,"free_spaces":0,"free_rooms":1,"kitchen_found":"false","kitchen_found2":null,"type_meal":null,"toilets_male":1,"toilets_female":1,"toilets_not_used_male":1,"toilets_not_used_female":1,"water_source":"الدفاع المدني و شركة فاليمار","elec_source":"اشتراك كهربة الدولة","bathtub_male":1,"bathtub_female":1,"generator":"false","generator_kva":null,"water_tank":3,"water_tank_capacity":20,"water_heater":1,"ac":0,"firedistinguisher":0,"first_aid":"false","wheelchair":0,"beds":0,"fridges":0,"washingmachines":1,"kitchen":"false","kids_area":1,"water_available":"false","need_water":20,"who_water":null,"how_water":null,"LAF_Focal":null,"LAF_shelter_name":null,"LAF_Phone_nb":null,"kg1_public_f":null,"kg1_public_e":null,"kg1_private":null,"kg2_public_f":null,"kg2_public_e":null,"kg2_private":null,"kg3_public_f":null,"kg3_public_e":null,"kg3_private":null,"gr1_public_f":null,"gr1_public_e":null,"gr1_private":null,"gr2_public_f":null,"gr2_public_e":null,"gr2_private":null,"gr3_public_f":null,"gr3_public_e":null,"gr3_private":null,"gr4_public_f":null,"gr4_public_e":null,"gr4_private":null,"gr5_public_f":null,"gr5_public_e":null,"gr5_private":null,"gr6_public_f":null,"gr6_public_e":null,"gr6_private":null,"gr7_public_f":null,"gr7_public_e":null,"gr7_private":null,"gr8_public_f":null,"gr8_public_e":null,"gr8_private":null,"gr9_public_f":null,"gr9_public_e":null,"gr9_private":null,"gr10_public_f":null,"gr10_public_e":null,"gr10_private":null,"gr11s_public_f":null,"gr11s_public_e":null,"gr11s_private":null,"gr11e_public_f":null,"gr11e_public_e":null,"gr11e_private":null,"gr12sg_public_f":null,"gr12sg_public_e":null,"gr12sg_private":null,"gr12se_public_f":null,"gr12se_public_e":null,"gr12se_private":null,"gr12lh_public_f":null,"gr12lh_public_e":null,"gr12lh_private":null,"gr12sv_public_f":null,"gr12sv_public_e":null,"gr12sv_private":null,"tvet_public":null,"tvet_private":null,"uni":null,"syrians":null,"oosc":null,"teachers":null,"bath_hygiene":null,"playground":null,"corridor":null,"rooms_hygiene":null,"Is_waste_collected":null,"Collection_frequency":null,"construction":null,"yes_construction":null,"unified_authority":null,"documentation":null,"check_all":null,"Comments":null,"comments2":"MEHE facility","age0_6_months":0,"age6_12_months":0,"f_age0_6_months":0,"f_age6_12_months":0,"f_ages_1_3":2,"f_age_3_5":6,"f_age_6_12":8,"f_age_13_18":4,"f_age_19_57":15,"f_age_58_above":5,"Female_Headed_Households":null,"lost_kids":null,"chronic_disease":null,"diesel_fuel_tank":null,"count_tanks":null,"capacity_tank":null,"need_bin":null,"need_bin_240":null,"need_bin_1100":null,"status_2026":"used","gov_cad":"Mount Lebanon","district_cad":"Chouf","cad_name":"El-Berjaine","x":35.486856,"y":33.658028},"geometry":{"type":"Point","coordinates":[35.486856,33.658028]}},
{"type":"Feature","properties":{"objectid":405,"globalid":"d05e6563-7c73-41aa-88ce-cc619424c817","shelter_name":"النجدة الشعبية(برجا)","governorate_name":"Mount Lebanon","district_name":"Chouf","villages":"Barja","lat_calc":33.649664,"long_calc":35.441761,"loc_calc":"33.649664 35.441761","structure_type":"organization","structure_type_other":null,"cerd_number":7521,"ministry_name":"النجدة الشعبية(برجا)","ACS":23251,"P_Code":"23251_015","focal":"مالك حدادة","nb":3708822,"mosa_focal":"Adham Sayed","mosa_focal_phone":3708882,"mehe_focal":null,"mehe_focalnb":null,"type_private_public":"private","other_specifyy":null,"status":"full","notes":null,"sourcee":"field","displaced_cas_code":23251,"phases":null,"nb_idps":5,"nb_families":2,"capacity":76,"male":106,"female":118,"age_0_1":5,"ages_1_3":2,"age_3_5":4,"age_6_12":11,"age_13_18":13,"age_19_57":56,"age_58_above":18,"disabilities_pregnant":null,"pregnant_women":2,"heating_disability":null,"visual_disability":0,"physical_disability":0,"interllectual_disability":null,"CreationDate":"2026-03-04T12:04:10","Creator":"Ramez.Hassan.961","EditDate":"2026-08-27T07:00:25","Editor":"EOR.CHOUF","lactating_women":0,"hearing_disability":0,"mental_disability":0,"DONT_ADD":"true","old_global_id":null,"floorsnum":1,"totalrooms":18,"occ_rooms":18,"free_spaces":0,"free_rooms":0,"kitchen_found":"false","kitchen_found2":null,"type_meal":null,"toilets_male":2,"toilets_female":2,"toilets_not_used_male":1,"toilets_not_used_female":1,"water_source":"شراء","elec_source":"اشتراك-دولة","bathtub_male":1,"bathtub_female":1,"generator":"false","generator_kva":null,"water_tank":2,"water_tank_capacity":200,"water_heater":2,"ac":0,"firedistinguisher":0,"first_aid":"false","wheelchair":0,"beds":0,"fridges":1,"washingmachines":0,"kitchen":"false","kids_area":2,"water_available":"false","need_water":20,"who_water":null,"how_water":null,"LAF_Focal":null,"LAF_shelter_name":null,"LAF_Phone_nb":null,"kg1_public_f":null,"kg1_public_e":null,"kg1_private":null,"kg2_public_f":null,"kg2_public_e":null,"kg2_private":null,"kg3_public_f":null,"kg3_public_e":null,"kg3_private":null,"gr1_public_f":null,"gr1_public_e":null,"gr1_private":null,"gr2_public_f":null,"gr2_public_e":null,"gr2_private":null,"gr3_public_f":null,"gr3_public_e":null,"gr3_private":null,"gr4_public_f":null,"gr4_public_e":null,"gr4_private":null,"gr5_public_f":null,"gr5_public_e":null,"gr5_private":null,"gr6_public_f":null,"gr6_public_e":null,"gr6_private":null,"gr7_public_f":null,"gr7_public_e":null,"gr7_private":null,"gr8_public_f":null,"gr8_public_e":null,"gr8_private":null,"gr9_public_f":null,"gr9_public_e":null,"gr9_private":null,"gr10_public_f":null,"gr10_public_e":null,"gr10_private":null,"gr11s_public_f":null,"gr11s_public_e":null,"gr11s_private":null,"gr11e_public_f":null,"gr11e_public_e":null,"gr11e_private":null,"gr12sg_public_f":null,"gr12sg_public_e":null,"gr12sg_private":null,"gr12se_public_f":null,"gr12se_public_e":null,"gr12se_private":null,"gr12lh_public_f":null,"gr12lh_public_e":null,"gr12lh_private":null,"gr12sv_public_f":null,"gr12sv_public_e":null,"gr12sv_private":null,"tvet_public":null,"tvet_private":null,"uni":null,"syrians":null,"oosc":null,"teachers":null,"bath_hygiene":null,"playground":null,"corridor":null,"rooms_hygiene":null,"Is_waste_collected":null,"Collection_frequency":null,"construction":null,"yes_construction":null,"unified_authority":null,"documentation":null,"check_all":null,"Comments":null,"comments2":null,"age0_6_months":1,"age6_12_months":1,"f_age0_6_months":1,"f_age6_12_months":3,"f_ages_1_3":6,"f_age_3_5":7,"f_age_6_12":12,"f_age_13_18":21,"f_age_19_57":50,"f_age_58_above":18,"Female_Headed_Households":null,"lost_kids":null,"chronic_disease":null,"diesel_fuel_tank":null,"count_tanks":null,"capacity_tank":null,"need_bin":null,"need_bin_240":null,"need_bin_1100":null,"status_2026":"used","gov_cad":"Mount Lebanon","district_cad":"Chouf","cad_name":"Barja","x":35.441761,"y":33.649664},"geometry":{"type":"Point","coordinates":[35.441761,33.649664]}},
{"type":"Feature","properties":{"objectid":426,"globalid":"9dfdf442-a392-4626-8dcf-d26208ca5474","shelter_name":"مجمع المهندس - serop kizirian - مجيدل - اوليف هيلز ","governorate_name":"South","district_name":"Jezzine","villages":"Mjaydel","lat_calc":33.517094,"long_calc":35.440044,"loc_calc":"33.517094 35.440044","structure_type":"Other","structure_type_other":"مجمع سكني ","cerd_number":null,"ministry_name":"مجمع المهندس - serop kizirian ","ACS":63111,"P_Code":"63111_007","focal":"كميل المندلق","nb":3483530,"mosa_focal":null,"mosa_focal_phone":null,"mehe_focal":null,"mehe_focalnb":null,"type_private_public":"private","other_specifyy":null,"status":"open","notes":null,"sourcee":"field","displaced_cas_code":63254,"phases":null,"nb_idps":42,"nb_families":17,"capacity":97,"male":83,"female":112,"age_0_1":6,"ages_1_3":2,"age_3_5":5,"age_6_12":10,"age_13_18":12,"age_19_57":35,"age_58_above":15,"disabilities_pregnant":null,"pregnant_women":0,"heating_disability":null,"visual_disability":0,"physical_disability":0,"interllectual_disability":null,"CreationDate":"2026-03-04T12:04:10","Creator":"Ramez.Hassan.961","EditDate":"2026-09-01T09:58:30","Editor":"EOR.JEZZINE","lactating_women":1,"hearing_disability":0,"mental_disability":0,"DONT_ADD":"true","old_global_id":null,"floorsnum":2,"totalrooms":4,"occ_rooms":4,"free_spaces":0,"free_rooms":0,"kitchen_found":"true","kitchen_found2":"true","type_meal":"hot_cold_meal","toilets_male":4,"toilets_female":4,"toilets_not_used_male":0,"toilets_not_used_female":0,"water_source":"دولة","elec_source":"دولة","bathtub_male":4,"bathtub_female":4,"generator":"true","generator_kva":0,"water_tank":null,"water_tank_capacity":null,"water_heater":null,"ac":4,"firedistinguisher":4,"first_aid":"false","wheelchair":0,"beds":0,"fridges":4,"washingmachines":4,"kitchen":"true","kids_area":1,"water_available":"true","need_water":null,"who_water":null,"how_water":null,"LAF_Focal":null,"LAF_shelter_name":null,"LAF_Phone_nb":null,"kg1_public_f":null,"kg1_public_e":null,"kg1_private":1,"kg2_public_f":0,"kg2_public_e":0,"kg2_private":4,"kg3_public_f":0,"kg3_public_e":0,"kg3_private":3,"gr1_public_f":0,"gr1_public_e":0,"gr1_private":1,"gr2_public_f":0,"gr2_public_e":0,"gr2_private":1,"gr3_public_f":0,"gr3_public_e":0,"gr3_private":2,"gr4_public_f":0,"gr4_public_e":1,"gr4_private":2,"gr5_public_f":0,"gr5_public_e":0,"gr5_private":0,"gr6_public_f":0,"gr6_public_e":0,"gr6_private":1,"gr7_public_f":0,"gr7_public_e":1,"gr7_private":0,"gr8_public_f":0,"gr8_public_e":0,"gr8_private":2,"gr9_public_f":0,"gr9_public_e":1,"gr9_private":1,"gr10_public_f":0,"gr10_public_e":0,"gr10_private":2,"gr11s_public_f":0,"gr11s_public_e":0,"gr11s_private":1,"gr11e_public_f":0,"gr11e_public_e":1,"gr11e_private":0,"gr12sg_public_f":0,"gr12sg_public_e":0,"gr12sg_private":1,"gr12se_public_f":0,"gr12se_public_e":0,"gr12se_private":1,"gr12lh_public_f":"false","gr12lh_public_e":0,"gr12lh_private":"true","gr12sv_public_f":0,"gr12sv_public_e":0,"gr12sv_private":1,"tvet_public":0,"tvet_private":2,"uni":2,"syrians":0,"oosc":0,"teachers":0,"bath_hygiene":"good","playground":"good","corridor":"good","rooms_hygiene":"good","Is_waste_collected":"true","Collection_frequency":"daily","construction":"false","yes_construction":null,"unified_authority":"true","documentation":"true","check_all":null,"Comments":"true","comments2":"كفرحتى","age0_6_months":0,"age6_12_months":4,"f_age0_6_months":1,"f_age6_12_months":2,"f_ages_1_3":2,"f_age_3_5":3,"f_age_6_12":13,"f_age_13_18":10,"f_age_19_57":67,"f_age_58_above":14,"Female_Headed_Households":0,"lost_kids":0,"chronic_disease":0,"diesel_fuel_tank":null,"count_tanks":null,"capacity_tank":null,"need_bin":null,"need_bin_240":null,"need_bin_1100":null,"status_2026":"used","gov_cad":"South","district_cad":"Jezzine","cad_name":"Mjaïdel","x":35.43097846,"y":33.517208},"geometry":{"type":"Point","coordinates":[35.43097846,33.517208]}},
{"type":"Feature","properties":{"objectid":null,"globalid":null,"shelter_name":null,"governorate_name":null,"district_name":null,"villages":null,"lat_calc":null,"long_calc":null,"loc_calc":null,"structure_type":null,"structure_type_other":null,"cerd_number":null,"ministry_name":null,"ACS":null,"P_Code":null,"focal":null,"nb":null,"mosa_focal":null,"mosa_focal_phone":null,"mehe_focal":null,"mehe_focalnb":null,"type_private_public":null,"other_specifyy":null,"status":null,"notes":null,"sourcee":null,"displaced_cas_code":null,"phases":null,"nb_idps":null,"nb_families":null,"capacity":null,"male":null,"female":null,"age_0_1":null,"ages_1_3":null,"age_3_5":null,"age_6_12":null,"age_13_18":null,"age_19_57":null,"age_58_above":null,"disabilities_pregnant":null,"pregnant_women":null,"heating_disability":null,"visual_disability":null,"physical_disability":null,"interllectual_disability":null,"CreationDate":null,"Creator":null,"EditDate":null,"Editor":null,"lactating_women":null,"hearing_disability":null,"mental_disability":null,"DONT_ADD":null,"old_global_id":null,"floorsnum":null,"totalrooms":null,"occ_rooms":null,"free_spaces":null,"free_rooms":null,"kitchen_found":null,"kitchen_found2":null,"type_meal":null,"toilets_male":null,"toilets_female":null,"toilets_not_used_male":null,"toilets_not_used_female":null,"water_source":null,"elec_source":null,"bathtub_male":null,"bathtub_female":null,"generator":null,"generator_kva":null,"water_tank":null,"water_tank_capacity":null,"water_heater":null,"ac":null,"firedistinguisher":null,"first_aid":null,"wheelchair":null,"beds":null,"fridges":null,"washingmachines":null,"kitchen":null,"kids_area":null,"water_available":null,"need_water":null,"who_water":null,"how_water":null,"LAF_Focal":null,"LAF_shelter_name":null,"LAF_Phone_nb":null,"kg1_public_f":null,"kg1_public_e":null,"kg1_private":null,"kg2_public_f":null,"kg2_public_e":null,"kg2_private":null,"kg3_public_f":null,"kg3_public_e":null,"kg3_private":null,"gr1_public_f":null,"gr1_public_e":null,"gr1_private":null,"gr2_public_f":null,"gr2_public_e":null,"gr2_private":null,"gr3_public_f":null,"gr3_public_e":null,"gr3_private":null,"gr4_public_f":null,"gr4_public_e":null,"gr4_private":null,"gr5_public_f":null,"gr5_public_e":null,"gr5_private":null,"gr6_public_f":null,"gr6_public_e":null,"gr6_private":null,"gr7_public_f":null,"gr7_public_e":null,"gr7_private":null,"gr8_public_f":null,"gr8_public_e":null,"gr8_private":null,"gr9_public_f":null,"gr9_public_e":null,"gr9_private":null,"gr10_public_f":null,"gr10_public_e":null,"gr10_private":null,"gr11s_public_f":null,"gr11s_public_e":null,"gr11s_private":null,"gr11e_public_f":null,"gr11e_public_e":null,"gr11e_private":null,"gr12sg_public_f":null,"gr12sg_public_e":null,"gr12sg_private":null,"gr12se_public_f":null,"gr12se_public_e":null,"gr12se_private":null,"gr12lh_public_f":null,"gr12lh_public_e":null,"gr12lh_private":null,"gr12sv_public_f":null,"gr12sv_public_e":null,"gr12sv_private":null,"tvet_public":null,"tvet_private":null,"uni":null,"syrians":null,"oosc":null,"teachers":null,"bath_hygiene":null,"playground":null,"corridor":null,"rooms_hygiene":null,"Is_waste_collected":null,"Collection_frequency":null,"construction":null,"yes_construction":null,"unified_authority":null,"documentation":null,"check_all":null,"Comments":null,"comments2":"كفرملكي","age0_6_months":null,"age6_12_months":null,"f_age0_6_months":null,"f_age6_12_months":null,"f_ages_1_3":null,"f_age_3_5":null,"f_age_6_12":null,"f_age_13_18":null,"f_age_19_57":null,"f_age_58_above":null,"Female_Headed_Households":null,"lost_kids":null,"chronic_disease":null,"diesel_fuel_tank":null,"count_tanks":null,"capacity_tank":null,"need_bin":null,"need_bin_240":null,"need_bin_1100":null,"status_2026":null,"gov_cad":null,"district_cad":null,"cad_name":null,"x":null,"y":null},"geometry":null},
{"type":"Feature","properties":{"objectid":null,"globalid":null,"shelter_name":null,"governorate_name":null,"district_name":null,"villages":null,"lat_calc":null,"long_calc":null,"loc_calc":null,"structure_type":null,"structure_type_other":null,"cerd_number":null,"ministry_name":null,"ACS":null,"P_Code":null,"focal":null,"nb":null,"mosa_focal":null,"mosa_focal_phone":null,"mehe_focal":null,"mehe_focalnb":null,"type_private_public":null,"other_specifyy":null,"status":null,"notes":null,"sourcee":null,"displaced_cas_code":null,"phases":null,"nb_idps":null,"nb_families":null,"capacity":null,"male":null,"female":null,"age_0_1":null,"ages_1_3":null,"age_3_5":null,"age_6_12":null,"age_13_18":null,"age_19_57":null,"age_58_above":null,"disabilities_pregnant":null,"pregnant_women":null,"heating_disability":null,"visual_disability":null,"physical_disability":null,"interllectual_disability":null,"CreationDate":null,"Creator":null,"EditDate":null,"Editor":null,"lactating_women":null,"hearing_disability":null,"mental_disability":null,"DONT_ADD":null,"old_global_id":null,"floorsnum":null,"totalrooms":null,"occ_rooms":null,"free_spaces":null,"free_rooms":null,"kitchen_found":null,"kitchen_found2":null,"type_meal":null,"toilets_male":null,"toilets_female":null,"toilets_not_used_male":null,"toilets_not_used_female":null,"water_source":null,"elec_source":null,"bathtub_male":null,"bathtub_female":null,"generator":null,"generator_kva":null,"water_tank":null,"water_tank_capacity":null,"water_heater":null,"ac":null,"firedistinguisher":null,"first_aid":null,"wheelchair":null,"beds":null,"fridges":null,"washingmachines":null,"kitchen":null,"kids_area":null,"water_available":null,"need_water":null,"who_water":null,"how_water":null,"LAF_Focal":null,"LAF_shelter_name":null,"LAF_Phone_nb":null,"kg1_public_f":null,"kg1_public_e":null,"kg1_private":null,"kg2_public_f":null,"kg2_public_e":null,"kg2_private":null,"kg3_public_f":null,"kg3_public_e":null,"kg3_private":null,"gr1_public_f":null,"gr1_public_e":null,"gr1_private":null,"gr2_public_f":null,"gr2_public_e":null,"gr2_private":null,"gr3_public_f":null,"gr3_public_e":null,"gr3_private":null,"gr4_public_f":null,"gr4_public_e":null,"gr4_private":null,"gr5_public_f":null,"gr5_public_e":null,"gr5_private":null,"gr6_public_f":null,"gr6_public_e":null,"gr6_private":null,"gr7_public_f":null,"gr7_public_e":null,"gr7_private":null,"gr8_public_f":null,"gr8_public_e":null,"gr8_private":null,"gr9_public_f":null,"gr9_public_e":null,"gr9_private":null,"gr10_public_f":null,"gr10_public_e":null,"gr10_private":null,"gr11s_public_f":null,"gr11s_public_e":null,"gr11s_private":null,"gr11e_public_f":null,"gr11e_public_e":null,"gr11e_private":null,"gr12sg_public_f":null,"gr12sg_public_e":null,"gr12sg_private":null,"gr12se_public_f":null,"gr12se_public_e":null,"gr12se_private":null,"gr12lh_public_f":null,"gr12lh_public_e":null,"gr12lh_private":null,"gr12sv_public_f":null,"gr12sv_public_e":null,"gr12sv_private":null,"tvet_public":null,"tvet_private":null,"uni":null,"syrians":null,"oosc":null,"teachers":null,"bath_hygiene":null,"playground":null,"corridor":null,"rooms_hygiene":null,"Is_waste_collected":null,"Collection_frequency":null,"construction":null,"yes_construction":null,"unified_authority":null,"documentation":null,"check_all":null,"Comments":null,"comments2":"الغازية","age0_6_months":null,"age6_12_months":null,"f_age0_6_months":null,"f_age6_12_months":null,"f_ages_1_3":null,"f_age_3_5":null,"f_age_6_12":null,"f_age_13_18":null,"f_age_19_57":null,"f_age_58_above":null,"Female_Headed_Households":null,"lost_kids":null,"chronic_disease":null,"diesel_fuel_tank":null,"count_tanks":null,"capacity_tank":null,"need_bin":null,"need_bin_240":null,"need_bin_1100":null,"status_2026":null,"gov_cad":null,"district_cad":null,"cad_name":null,"x":null,"y":null},"geometry":null},
{"type":"Feature","properties":{"objectid":null,"globalid":null,"shelter_name":null,"governorate_name":null,"district_name":null,"villages":null,"lat_calc":null,"long_calc":null,"loc_calc":null,"structure_type":null,"structure_type_other":null,"cerd_number":null,"ministry_name":null,"ACS":null,"P_Code":null,"focal":null,"nb":null,"mosa_focal":null,"mosa_focal_phone":null,"mehe_focal":null,"mehe_focalnb":null,"type_private_public":null,"other_specifyy":null,"status":null,"notes":null,"sourcee":null,"displaced_cas_code":null,"phases":null,"nb_idps":null,"nb_families":null,"capacity":null,"male":null,"female":null,"age_0_1":null,"ages_1_3":null,"age_3_5":null,"age_6_12":null,"age_13_18":null,"age_19_57":null,"age_58_above":null,"disabilities_pregnant":null,"pregnant_women":null,"heating_disability":null,"visual_disability":null,"physical_disability":null,"interllectual_disability":null,"CreationDate":null,"Creator":null,"EditDate":null,"Editor":null,"lactating_women":null,"hearing_disability":null,"mental_disability":null,"DONT_ADD":null,"old_global_id":null,"floorsnum":null,"totalrooms":null,"occ_rooms":null,"free_spaces":null,"free_rooms":null,"kitchen_found":null,"kitchen_found2":null,"type_meal":null,"toilets_male":null,"toilets_female":null,"toilets_not_used_male":null,"toilets_not_used_female":null,"water_source":null,"elec_source":null,"bathtub_male":null,"bathtub_female":null,"generator":null,"generator_kva":null,"water_tank":null,"water_tank_capacity":null,"water_heater":null,"ac":null,"firedistinguisher":null,"first_aid":null,"wheelchair":null,"beds":null,"fridges":null,"washingmachines":null,"kitchen":null,"kids_area":null,"water_available":null,"need_water":null,"who_water":null,"how_water":null,"LAF_Focal":null,"LAF_shelter_name":null,"LAF_Phone_nb":null,"kg1_public_f":null,"kg1_public_e":null,"kg1_private":null,"kg2_public_f":null,"kg2_public_e":null,"kg2_private":null,"kg3_public_f":null,"kg3_public_e":null,"kg3_private":null,"gr1_public_f":null,"gr1_public_e":null,"gr1_private":null,"gr2_public_f":null,"gr2_public_e":null,"gr2_private":null,"gr3_public_f":null,"gr3_public_e":null,"gr3_private":null,"gr4_public_f":null,"gr4_public_e":null,"gr4_private":null,"gr5_public_f":null,"gr5_public_e":null,"gr5_private":null,"gr6_public_f":null,"gr6_public_e":null,"gr6_private":null,"gr7_public_f":null,"gr7_public_e":null,"gr7_private":null,"gr8_public_f":null,"gr8_public_e":null,"gr8_private":null,"gr9_public_f":null,"gr9_public_e":null,"gr9_private":null,"gr10_public_f":null,"gr10_public_e":null,"gr10_private":null,"gr11s_public_f":null,"gr11s_public_e":null,"gr11s_private":null,"gr11e_public_f":null,"gr11e_public_e":null,"gr11e_private":null,"gr12sg_public_f":null,"gr12sg_public_e":null,"gr12sg_private":null,"gr12se_public_f":null,"gr12se_public_e":null,"gr12se_private":null,"gr12lh_public_f":null,"gr12lh_public_e":null,"gr12lh_private":null,"gr12sv_public_f":null,"gr12sv_public_e":null,"gr12sv_private":null,"tvet_public":null,"tvet_private":null,"uni":null,"syrians":null,"oosc":null,"teachers":null,"bath_hygiene":null,"playground":null,"corridor":null,"rooms_hygiene":null,"Is_waste_collected":null,"Collection_frequency":null,"construction":null,"yes_construction":null,"unified_authority":null,"documentation":null,"check_all":null,"Comments":null,"comments2":"عدلون","age0_6_months":null,"age6_12_months":null,"f_age0_6_months":null,"f_age6_12_months":null,"f_ages_1_3":null,"f_age_3_5":null,"f_age_6_12":null,"f_age_13_18":null,"f_age_19_57":null,"f_age_58_above":null,"Female_Headed_Households":null,"lost_kids":null,"chronic_disease":null,"diesel_fuel_tank":null,"count_tanks":null,"capacity_tank":null,"need_bin":null,"need_bin_240":null,"need_bin_1100":null,"status_2026":null,"gov_cad":null,"district_cad":null,"cad_name":null,"x":null,"y":null},"geometry":null},
{"type":"Feature","properties":{"objectid":null,"globalid":null,"shelter_name":null,"governorate_name":null,"district_name":null,"villages":null,"lat_calc":null,"long_calc":null,"loc_calc":null,"structure_type":null,"structure_type_other":null,"cerd_number":null,"ministry_name":null,"ACS":null,"P_Code":null,"focal":null,"nb":null,"mosa_focal":null,"mosa_focal_phone":null,"mehe_focal":null,"mehe_focalnb":null,"type_private_public":null,"other_specifyy":null,"status":null,"notes":null,"sourcee":null,"displaced_cas_code":null,"phases":null,"nb_idps":null,"nb_families":null,"capacity":null,"male":null,"female":null,"age_0_1":null,"ages_1_3":null,"age_3_5":null,"age_6_12":null,"age_13_18":null,"age_19_57":null,"age_58_above":null,"disabilities_pregnant":null,"pregnant_women":null,"heating_disability":null,"visual_disability":null,"physical_disability":null,"interllectual_disability":null,"CreationDate":null,"Creator":null,"EditDate":null,"Editor":null,"lactating_women":null,"hearing_disability":null,"mental_disability":null,"DONT_ADD":null,"old_global_id":null,"floorsnum":null,"totalrooms":null,"occ_rooms":null,"free_spaces":null,"free_rooms":null,"kitchen_found":null,"kitchen_found2":null,"type_meal":null,"toilets_male":null,"toilets_female":null,"toilets_not_used_male":null,"toilets_not_used_female":null,"water_source":null,"elec_source":null,"bathtub_male":null,"bathtub_female":null,"generator":null,"generator_kva":null,"water_tank":null,"water_tank_capacity":null,"water_heater":null,"ac":null,"firedistinguisher":null,"first_aid":null,"wheelchair":null,"beds":null,"fridges":null,"washingmachines":null,"kitchen":null,"kids_area":null,"water_available":null,"need_water":null,"who_water":null,"how_water":null,"LAF_Focal":null,"LAF_shelter_name":null,"LAF_Phone_nb":null,"kg1_public_f":null,"kg1_public_e":null,"kg1_private":null,"kg2_public_f":null,"kg2_public_e":null,"kg2_private":null,"kg3_public_f":null,"kg3_public_e":null,"kg3_private":null,"gr1_public_f":null,"gr1_public_e":null,"gr1_private":null,"gr2_public_f":null,"gr2_public_e":null,"gr2_private":null,"gr3_public_f":null,"gr3_public_e":null,"gr3_private":null,"gr4_public_f":null,"gr4_public_e":null,"gr4_private":null,"gr5_public_f":null,"gr5_public_e":null,"gr5_private":null,"gr6_public_f":null,"gr6_public_e":null,"gr6_private":null,"gr7_public_f":null,"gr7_public_e":null,"gr7_private":null,"gr8_public_f":null,"gr8_public_e":null,"gr8_private":null,"gr9_public_f":null,"gr9_public_e":null,"gr9_private":null,"gr10_public_f":null,"gr10_public_e":null,"gr10_private":null,"gr11s_public_f":null,"gr11s_public_e":null,"gr11s_private":null,"gr11e_public_f":null,"gr11e_public_e":null,"gr11e_private":null,"gr12sg_public_f":null,"gr12sg_public_e":null,"gr12sg_private":null,"gr12se_public_f":null,"gr12se_public_e":null,"gr12se_private":null,"gr12lh_public_f":null,"gr12lh_public_e":null,"gr12lh_private":null,"gr12sv_public_f":null,"gr12sv_public_e":null,"gr12sv_private":null,"tvet_public":null,"tvet_private":null,"uni":null,"syrians":null,"oosc":null,"teachers":null,"bath_hygiene":null,"playground":null,"corridor":null,"rooms_hygiene":null,"Is_waste_collected":null,"Collection_frequency":null,"construction":null,"yes_construction":null,"unified_authority":null,"documentation":null,"check_all":null,"Comments":null,"comments2":"حبوش","age0_6_months":null,"age6_12_months":null,"f_age0_6_months":null,"f_age6_12_months":null,"f_ages_1_3":null,"f_age_3_5":null,"f_age_6_12":null,"f_age_13_18":null,"f_age_19_57":null,"f_age_58_above":null,"Female_Headed_Households":null,"lost_kids":null,"chronic_disease":null,"diesel_fuel_tank":null,"count_tanks":null,"capacity_tank":null,"need_bin":null,"need_bin_240":null,"need_bin_1100":null,"status_2026":null,"gov_cad":null,"district_cad":null,"cad_name":null,"x":null,"y":null},"geometry":null},
{"type":"Feature","properties":{"objectid":null,"globalid":null,"shelter_name":null,"governorate_name":null,"district_name":null,"villages":null,"lat_calc":null,"long_calc":null,"loc_calc":null,"structure_type":null,"structure_type_other":null,"cerd_number":null,"ministry_name":null,"ACS":null,"P_Code":null,"focal":null,"nb":null,"mosa_focal":null,"mosa_focal_phone":null,"mehe_focal":null,"mehe_focalnb":null,"type_private_public":null,"other_specifyy":null,"status":null,"notes":null,"sourcee":null,"displaced_cas_code":null,"phases":null,"nb_idps":null,"nb_families":null,"capacity":null,"male":null,"female":null,"age_0_1":null,"ages_1_3":null,"age_3_5":null,"age_6_12":null,"age_13_18":null,"age_19_57":null,"age_58_above":null,"disabilities_pregnant":null,"pregnant_women":null,"heating_disability":null,"visual_disability":null,"physical_disability":null,"interllectual_disability":null,"CreationDate":null,"Creator":null,"EditDate":null,"Editor":null,"lactating_women":null,"hearing_disability":null,"mental_disability":null,"DONT_ADD":null,"old_global_id":null,"floorsnum":null,"totalrooms":null,"occ_rooms":null,"free_spaces":null,"free_rooms":null,"kitchen_found":null,"kitchen_found2":null,"type_meal":null,"toilets_male":null,"toilets_female":null,"toilets_not_used_male":null,"toilets_not_used_female":null,"water_source":null,"elec_source":null,"bathtub_male":null,"bathtub_female":null,"generator":null,"generator_kva":null,"water_tank":null,"water_tank_capacity":null,"water_heater":null,"ac":null,"firedistinguisher":null,"first_aid":null,"wheelchair":null,"beds":null,"fridges":null,"washingmachines":null,"kitchen":null,"kids_area":null,"water_available":null,"need_water":null,"who_water":null,"how_water":null,"LAF_Focal":null,"LAF_shelter_name":null,"LAF_Phone_nb":null,"kg1_public_f":null,"kg1_public_e":null,"kg1_private":null,"kg2_public_f":null,"kg2_public_e":null,"kg2_private":null,"kg3_public_f":null,"kg3_public_e":null,"kg3_private":null,"gr1_public_f":null,"gr1_public_e":null,"gr1_private":null,"gr2_public_f":null,"gr2_public_e":null,"gr2_private":null,"gr3_public_f":null,"gr3_public_e":null,"gr3_private":null,"gr4_public_f":null,"gr4_public_e":null,"gr4_private":null,"gr5_public_f":null,"gr5_public_e":null,"gr5_private":null,"gr6_public_f":null,"gr6_public_e":null,"gr6_private":null,"gr7_public_f":null,"gr7_public_e":null,"gr7_private":null,"gr8_public_f":null,"gr8_public_e":null,"gr8_private":null,"gr9_public_f":null,"gr9_public_e":null,"gr9_private":null,"gr10_public_f":null,"gr10_public_e":null,"gr10_private":null,"gr11s_public_f":null,"gr11s_public_e":null,"gr11s_private":null,"gr11e_public_f":null,"gr11e_public_e":null,"gr11e_private":null,"gr12sg_public_f":null,"gr12sg_public_e":null,"gr12sg_private":null,"gr12se_public_f":null,"gr12se_public_e":null,"gr12se_private":null,"gr12lh_public_f":null,"gr12lh_public_e":null,"gr12lh_private":null,"gr12sv_public_f":null,"gr12sv_public_e":null,"gr12sv_private":null,"tvet_public":null,"tvet_private":null,"uni":null,"syrians":null,"oosc":null,"teachers":null,"bath_hygiene":null,"playground":null,"corridor":null,"rooms_hygiene":null,"Is_waste_collected":null,"Collection_frequency":null,"construction":null,"yes_construction":null,"unified_authority":null,"documentation":null,"check_all":null,"Comments":null,"comments2":"فرون","age0_6_months":null,"age6_12_months":null,"f_age0_6_months":null,"f_age6_12_months":null,"f_ages_1_3":null,"f_age_3_5":null,"f_age_6_12":null,"f_age_13_18":null,"f_age_19_57":null,"f_age_58_above":null,"Female_Headed_Households":null,"lost_kids":null,"chronic_disease":null,"diesel_fuel_tank":null,"count_tanks":null,"capacity_tank":null,"need_bin":null,"need_bin_240":null,"need_bin_1100":null,"status_2026":null,"gov_cad":null,"district_cad":null,"cad_name":null,"x":null,"y":null},"geometry":null},
{"type":"Feature","properties":{"objectid":null,"globalid":null,"shelter_name":null,"governorate_name":null,"district_name":null,"villages":null,"lat_calc":null,"long_calc":null,"loc_calc":null,"structure_type":null,"structure_type_other":null,"cerd_number":null,"ministry_name":null,"ACS":null,"P_Code":null,"focal":null,"nb":null,"mosa_focal":null,"mosa_focal_phone":null,"mehe_focal":null,"mehe_focalnb":null,"type_private_public":null,"other_specifyy":null,"status":null,"notes":null,"sourcee":null,"displaced_cas_code":null,"phases":null,"nb_idps":null,"nb_families":null,"capacity":null,"male":null,"female":null,"age_0_1":null,"ages_1_3":null,"age_3_5":null,"age_6_12":null,"age_13_18":null,"age_19_57":null,"age_58_above":null,"disabilities_pregnant":null,"pregnant_women":null,"heating_disability":null,"visual_disability":null,"physical_disability":null,"interllectual_disability":null,"CreationDate":null,"Creator":null,"EditDate":null,"Editor":null,"lactating_women":null,"hearing_disability":null,"mental_disability":null,"DONT_ADD":null,"old_global_id":null,"floorsnum":null,"totalrooms":null,"occ_rooms":null,"free_spaces":null,"free_rooms":null,"kitchen_found":null,"kitchen_found2":null,"type_meal":null,"toilets_male":null,"toilets_female":null,"toilets_not_used_male":null,"toilets_not_used_female":null,"water_source":null,"elec_source":null,"bathtub_male":null,"bathtub_female":null,"generator":null,"generator_kva":null,"water_tank":null,"water_tank_capacity":null,"water_heater":null,"ac":null,"firedistinguisher":null,"first_aid":null,"wheelchair":null,"beds":null,"fridges":null,"washingmachines":null,"kitchen":null,"kids_area":null,"water_available":null,"need_water":null,"who_water":null,"how_water":null,"LAF_Focal":null,"LAF_shelter_name":null,"LAF_Phone_nb":null,"kg1_public_f":null,"kg1_public_e":null,"kg1_private":null,"kg2_public_f":null,"kg2_public_e":null,"kg2_private":null,"kg3_public_f":null,"kg3_public_e":null,"kg3_private":null,"gr1_public_f":null,"gr1_public_e":null,"gr1_private":null,"gr2_public_f":null,"gr2_public_e":null,"gr2_private":null,"gr3_public_f":null,"gr3_public_e":null,"gr3_private":null,"gr4_public_f":null,"gr4_public_e":null,"gr4_private":null,"gr5_public_f":null,"gr5_public_e":null,"gr5_private":null,"gr6_public_f":null,"gr6_public_e":null,"gr6_private":null,"gr7_public_f":null,"gr7_public_e":null,"gr7_private":null,"gr8_public_f":null,"gr8_public_e":null,"gr8_private":null,"gr9_public_f":null,"gr9_public_e":null,"gr9_private":null,"gr10_public_f":null,"gr10_public_e":null,"gr10_private":null,"gr11s_public_f":null,"gr11s_public_e":null,"gr11s_private":null,"gr11e_public_f":null,"gr11e_public_e":null,"gr11e_private":null,"gr12sg_public_f":null,"gr12sg_public_e":null,"gr12sg_private":null,"gr12se_public_f":null,"gr12se_public_e":null,"gr12se_private":null,"gr12lh_public_f":null,"gr12lh_public_e":null,"gr12lh_private":null,"gr12sv_public_f":null,"gr12sv_public_e":null,"gr12sv_private":null,"tvet_public":null,"tvet_private":null,"uni":null,"syrians":null,"oosc":null,"teachers":null,"bath_hygiene":null,"playground":null,"corridor":null,"rooms_hygiene":null,"Is_waste_collected":null,"Collection_frequency":null,"construction":null,"yes_construction":null,"unified_authority":null,"documentation":null,"check_all":null,"Comments":null,"comments2":"الحلوسية","age0_6_months":null,"age6_12_months":null,"f_age0_6_months":null,"f_age6_12_months":null,"f_ages_1_3":null,"f_age_3_5":null,"f_age_6_12":null,"f_age_13_18":null,"f_age_19_57":null,"f_age_58_above":null,"Female_Headed_Households":null,"lost_kids":null,"chronic_disease":null,"diesel_fuel_tank":null,"count_tanks":null,"capacity_tank":null,"need_bin":null,"need_bin_240":null,"need_bin_1100":null,"status_2026":null,"gov_cad":null,"district_cad":null,"cad_name":null,"x":null,"y":null},"geometry":null},
{"type":"Feature","properties":{"objectid":null,"globalid":null,"shelter_name":null,"governorate_name":null,"district_name":null,"villages":null,"lat_calc":null,"long_calc":null,"loc_calc":null,"structure_type":null,"structure_type_other":null,"cerd_number":null,"ministry_name":null,"ACS":null,"P_Code":null,"focal":null,"nb":null,"mosa_focal":null,"mosa_focal_phone":null,"mehe_focal":null,"mehe_focalnb":null,"type_private_public":null,"other_specifyy":null,"status":null,"notes":null,"sourcee":null,"displaced_cas_code":null,"phases":null,"nb_idps":null,"nb_families":null,"capacity":null,"male":null,"female":null,"age_0_1":null,"ages_1_3":null,"age_3_5":null,"age_6_12":null,"age_13_18":null,"age_19_57":null,"age_58_above":null,"disabilities_pregnant":null,"pregnant_women":null,"heating_disability":null,"visual_disability":null,"physical_disability":null,"interllectual_disability":null,"CreationDate":null,"Creator":null,"EditDate":null,"Editor":null,"lactating_women":null,"hearing_disability":null,"mental_disability":null,"DONT_ADD":null,"old_global_id":null,"floorsnum":null,"totalrooms":null,"occ_rooms":null,"free_spaces":null,"free_rooms":null,"kitchen_found":null,"kitchen_found2":null,"type_meal":null,"toilets_male":null,"toilets_female":null,"toilets_not_used_male":null,"toilets_not_used_female":null,"water_source":null,"elec_source":null,"bathtub_male":null,"bathtub_female":null,"generator":null,"generator_kva":null,"water_tank":null,"water_tank_capacity":null,"water_heater":null,"ac":null,"firedistinguisher":null,"first_aid":null,"wheelchair":null,"beds":null,"fridges":null,"washingmachines":null,"kitchen":null,"kids_area":null,"water_available":null,"need_water":null,"who_water":null,"how_water":null,"LAF_Focal":null,"LAF_shelter_name":null,"LAF_Phone_nb":null,"kg1_public_f":null,"kg1_public_e":null,"kg1_private":null,"kg2_public_f":null,"kg2_public_e":null,"kg2_private":null,"kg3_public_f":null,"kg3_public_e":null,"kg3_private":null,"gr1_public_f":null,"gr1_public_e":null,"gr1_private":null,"gr2_public_f":null,"gr2_public_e":null,"gr2_private":null,"gr3_public_f":null,"gr3_public_e":null,"gr3_private":null,"gr4_public_f":null,"gr4_public_e":null,"gr4_private":null,"gr5_public_f":null,"gr5_public_e":null,"gr5_private":null,"gr6_public_f":null,"gr6_public_e":null,"gr6_private":null,"gr7_public_f":null,"gr7_public_e":null,"gr7_private":null,"gr8_public_f":null,"gr8_public_e":null,"gr8_private":null,"gr9_public_f":null,"gr9_public_e":null,"gr9_private":null,"gr10_public_f":null,"gr10_public_e":null,"gr10_private":null,"gr11s_public_f":null,"gr11s_public_e":null,"gr11s_private":null,"gr11e_public_f":null,"gr11e_public_e":null,"gr11e_private":null,"gr12sg_public_f":null,"gr12sg_public_e":null,"gr12sg_private":null,"gr12se_public_f":null,"gr12se_public_e":null,"gr12se_private":null,"gr12lh_public_f":null,"gr12lh_public_e":null,"gr12lh_private":null,"gr12sv_public_f":null,"gr12sv_public_e":null,"gr12sv_private":null,"tvet_public":null,"tvet_private":null,"uni":null,"syrians":null,"oosc":null,"teachers":null,"bath_hygiene":null,"playground":null,"corridor":null,"rooms_hygiene":null,"Is_waste_collected":null,"Collection_frequency":null,"construction":null,"yes_construction":null,"unified_authority":null,"documentation":null,"check_all":null,"Comments":null,"comments2":"صور","age0_6_months":null,"age6_12_months":null,"f_age0_6_months":null,"f_age6_12_months":null,"f_ages_1_3":null,"f_age_3_5":null,"f_age_6_12":null,"f_age_13_18":null,"f_age_19_57":null,"f_age_58_above":null,"Female_Headed_Households":null,"lost_kids":null,"chronic_disease":null,"diesel_fuel_tank":null,"count_tanks":null,"capacity_tank":null,"need_bin":null,"need_bin_240":null,"need_bin_1100":null,"status_2026":null,"gov_cad":null,"district_cad":null,"cad_name":null,"x":null,"y":null},"geometry":null},
{"type":"Feature","properties":{"objectid":null,"globalid":null,"shelter_name":null,"governorate_name":null,"district_name":null,"villages":null,"lat_calc":null,"long_calc":null,"loc_calc":null,"structure_type":null,"structure_type_other":null,"cerd_number":null,"ministry_name":null,"ACS":null,"P_Code":null,"focal":null,"nb":null,"mosa_focal":null,"mosa_focal_phone":null,"mehe_focal":null,"mehe_focalnb":null,"type_private_public":null,"other_specifyy":null,"status":null,"notes":null,"sourcee":null,"displaced_cas_code":null,"phases":null,"nb_idps":null,"nb_families":null,"capacity":null,"male":null,"female":null,"age_0_1":null,"ages_1_3":null,"age_3_5":null,"age_6_12":null,"age_13_18":null,"age_19_57":null,"age_58_above":null,"disabilities_pregnant":null,"pregnant_women":null,"heating_disability":null,"visual_disability":null,"physical_disability":null,"interllectual_disability":null,"CreationDate":null,"Creator":null,"EditDate":null,"Editor":null,"lactating_women":null,"hearing_disability":null,"mental_disability":null,"DONT_ADD":null,"old_global_id":null,"floorsnum":null,"totalrooms":null,"occ_rooms":null,"free_spaces":null,"free_rooms":null,"kitchen_found":null,"kitchen_found2":null,"type_meal":null,"toilets_male":null,"toilets_female":null,"toilets_not_used_male":null,"toilets_not_used_female":null,"water_source":null,"elec_source":null,"bathtub_male":null,"bathtub_female":null,"generator":null,"generator_kva":null,"water_tank":null,"water_tank_capacity":null,"water_heater":null,"ac":null,"firedistinguisher":null,"first_aid":null,"wheelchair":null,"beds":null,"fridges":null,"washingmachines":null,"kitchen":null,"kids_area":null,"water_available":null,"need_water":null,"who_water":null,"how_water":null,"LAF_Focal":null,"LAF_shelter_name":null,"LAF_Phone_nb":null,"kg1_public_f":null,"kg1_public_e":null,"kg1_private":null,"kg2_public_f":null,"kg2_public_e":null,"kg2_private":null,"kg3_public_f":null,"kg3_public_e":null,"kg3_private":null,"gr1_public_f":null,"gr1_public_e":null,"gr1_private":null,"gr2_public_f":null,"gr2_public_e":null,"gr2_private":null,"gr3_public_f":null,"gr3_public_e":null,"gr3_private":null,"gr4_public_f":null,"gr4_public_e":null,"gr4_private":null,"gr5_public_f":null,"gr5_public_e":null,"gr5_private":null,"gr6_public_f":null,"gr6_public_e":null,"gr6_private":null,"gr7_public_f":null,"gr7_public_e":null,"gr7_private":null,"gr8_public_f":null,"gr8_public_e":null,"gr8_private":null,"gr9_public_f":null,"gr9_public_e":null,"gr9_private":null,"gr10_public_f":null,"gr10_public_e":null,"gr10_private":null,"gr11s_public_f":null,"gr11s_public_e":null,"gr11s_private":null,"gr11e_public_f":null,"gr11e_public_e":null,"gr11e_private":null,"gr12sg_public_f":null,"gr12sg_public_e":null,"gr12sg_private":null,"gr12se_public_f":null,"gr12se_public_e":null,"gr12se_private":null,"gr12lh_public_f":null,"gr12lh_public_e":null,"gr12lh_private":null,"gr12sv_public_f":null,"gr12sv_public_e":null,"gr12sv_private":null,"tvet_public":null,"tvet_private":null,"uni":null,"syrians":null,"oosc":null,"teachers":null,"bath_hygiene":null,"playground":null,"corridor":null,"rooms_hygiene":null,"Is_waste_collected":null,"Collection_frequency":null,"construction":null,"yes_construction":null,"unified_authority":null,"documentation":null,"check_all":null,"Comments":null,"comments2":"قعقعية الجسر","age0_6_months":null,"age6_12_months":null,"f_age0_6_months":null,"f_age6_12_months":null,"f_ages_1_3":null,"f_age_3_5":null,"f_age_6_12":null,"f_age_13_18":null,"f_age_19_57":null,"f_age_58_above":null,"Female_Headed_Households":null,"lost_kids":null,"chronic_disease":null,"diesel_fuel_tank":null,"count_tanks":null,"capacity_tank":null,"need_bin":null,"need_bin_240":null,"need_bin_1100":null,"status_2026":null,"gov_cad":null,"district_cad":null,"cad_name":null,"x":null,"y":null},"geometry":null},
{"type":"Feature","properties":{"objectid":null,"globalid":null,"shelter_name":null,"governorate_name":null,"district_name":null,"villages":null,"lat_calc":null,"long_calc":null,"loc_calc":null,"structure_type":null,"structure_type_other":null,"cerd_number":null,"ministry_name":null,"ACS":null,"P_Code":null,"focal":null,"nb":null,"mosa_focal":null,"mosa_focal_phone":null,"mehe_focal":null,"mehe_focalnb":null,"type_private_public":null,"other_specifyy":null,"status":null,"notes":null,"sourcee":null,"displaced_cas_code":null,"phases":null,"nb_idps":null,"nb_families":null,"capacity":null,"male":null,"female":null,"age_0_1":null,"ages_1_3":null,"age_3_5":null,"age_6_12":null,"age_13_18":null,"age_19_57":null,"age_58_above":null,"disabilities_pregnant":null,"pregnant_women":null,"heating_disability":null,"visual_disability":null,"physical_disability":null,"interllectual_disability":null,"CreationDate":null,"Creator":null,"EditDate":null,"Editor":null,"lactating_women":null,"hearing_disability":null,"mental_disability":null,"DONT_ADD":null,"old_global_id":null,"floorsnum":null,"totalrooms":null,"occ_rooms":null,"free_spaces":null,"free_rooms":null,"kitchen_found":null,"kitchen_found2":null,"type_meal":null,"toilets_male":null,"toilets_female":null,"toilets_not_used_male":null,"toilets_not_used_female":null,"water_source":null,"elec_source":null,"bathtub_male":null,"bathtub_female":null,"generator":null,"generator_kva":null,"water_tank":null,"water_tank_capacity":null,"water_heater":null,"ac":null,"firedistinguisher":null,"first_aid":null,"wheelchair":null,"beds":null,"fridges":null,"washingmachines":null,"kitchen":null,"kids_area":null,"water_available":null,"need_water":null,"who_water":null,"how_water":null,"LAF_Focal":null,"LAF_shelter_name":null,"LAF_Phone_nb":null,"kg1_public_f":null,"kg1_public_e":null,"kg1_private":null,"kg2_public_f":null,"kg2_public_e":null,"kg2_private":null,"kg3_public_f":null,"kg3_public_e":null,"kg3_private":null,"gr1_public_f":null,"gr1_public_e":null,"gr1_private":null,"gr2_public_f":null,"gr2_public_e":null,"gr2_private":null,"gr3_public_f":null,"gr3_public_e":null,"gr3_private":null,"gr4_public_f":null,"gr4_public_e":null,"gr4_private":null,"gr5_public_f":null,"gr5_public_e":null,"gr5_private":null,"gr6_public_f":null,"gr6_public_e":null,"gr6_private":null,"gr7_public_f":null,"gr7_public_e":null,"gr7_private":null,"gr8_public_f":null,"gr8_public_e":null,"gr8_private":null,"gr9_public_f":null,"gr9_public_e":null,"gr9_private":null,"gr10_public_f":null,"gr10_public_e":null,"gr10_private":null,"gr11s_public_f":null,"gr11s_public_e":null,"gr11s_private":null,"gr11e_public_f":null,"gr11e_public_e":null,"gr11e_private":null,"gr12sg_public_f":null,"gr12sg_public_e":null,"gr12sg_private":null,"gr12se_public_f":null,"gr12se_public_e":null,"gr12se_private":null,"gr12lh_public_f":null,"gr12lh_public_e":null,"gr12lh_private":null,"gr12sv_public_f":null,"gr12sv_public_e":null,"gr12sv_private":null,"tvet_public":null,"tvet_private":null,"uni":null,"syrians":null,"oosc":null,"teachers":null,"bath_hygiene":null,"playground":null,"corridor":null,"rooms_hygiene":null,"Is_waste_collected":null,"Collection_frequency":null,"construction":null,"yes_construction":null,"unified_authority":null,"documentation":null,"check_all":null,"Comments":null,"comments2":"معركة","age0_6_months":null,"age6_12_months":null,"f_age0_6_months":null,"f_age6_12_months":null,"f_ages_1_3":null,"f_age_3_5":null,"f_age_6_12":null,"f_age_13_18":null,"f_age_19_57":null,"f_age_58_above":null,"Female_Headed_Households":null,"lost_kids":null,"chronic_disease":null,"diesel_fuel_tank":null,"count_tanks":null,"capacity_tank":null,"need_bin":null,"need_bin_240":null,"need_bin_1100":null,"status_2026":null,"gov_cad":null,"district_cad":null,"cad_name":null,"x":null,"y":null},"geometry":null},
{"type":"Feature","properties":{"objectid":null,"globalid":null,"shelter_name":null,"governorate_name":null,"district_name":null,"villages":null,"lat_calc":null,"long_calc":null,"loc_calc":null,"structure_type":null,"structure_type_other":null,"cerd_number":null,"ministry_name":null,"ACS":null,"P_Code":null,"focal":null,"nb":null,"mosa_focal":null,"mosa_focal_phone":null,"mehe_focal":null,"mehe_focalnb":null,"type_private_public":null,"other_specifyy":null,"status":null,"notes":null,"sourcee":null,"displaced_cas_code":null,"phases":null,"nb_idps":null,"nb_families":null,"capacity":null,"male":null,"female":null,"age_0_1":null,"ages_1_3":null,"age_3_5":null,"age_6_12":null,"age_13_18":null,"age_19_57":null,"age_58_above":null,"disabilities_pregnant":null,"pregnant_women":null,"heating_disability":null,"visual_disability":null,"physical_disability":null,"interllectual_disability":null,"CreationDate":null,"Creator":null,"EditDate":null,"Editor":null,"lactating_women":null,"hearing_disability":null,"mental_disability":null,"DONT_ADD":null,"old_global_id":null,"floorsnum":null,"totalrooms":null,"occ_rooms":null,"free_spaces":null,"free_rooms":null,"kitchen_found":null,"kitchen_found2":null,"type_meal":null,"toilets_male":null,"toilets_female":null,"toilets_not_used_male":null,"toilets_not_used_female":null,"water_source":null,"elec_source":null,"bathtub_male":null,"bathtub_female":null,"generator":null,"generator_kva":null,"water_tank":null,"water_tank_capacity":null,"water_heater":null,"ac":null,"firedistinguisher":null,"first_aid":null,"wheelchair":null,"beds":null,"fridges":null,"washingmachines":null,"kitchen":null,"kids_area":null,"water_available":null,"need_water":null,"who_water":null,"how_water":null,"LAF_Focal":null,"LAF_shelter_name":null,"LAF_Phone_nb":null,"kg1_public_f":null,"kg1_public_e":null,"kg1_private":null,"kg2_public_f":null,"kg2_public_e":null,"kg2_private":null,"kg3_public_f":null,"kg3_public_e":null,"kg3_private":null,"gr1_public_f":null,"gr1_public_e":null,"gr1_private":null,"gr2_public_f":null,"gr2_public_e":null,"gr2_private":null,"gr3_public_f":null,"gr3_public_e":null,"gr3_private":null,"gr4_public_f":null,"gr4_public_e":null,"gr4_private":null,"gr5_public_f":null,"gr5_public_e":null,"gr5_private":null,"gr6_public_f":null,"gr6_public_e":null,"gr6_private":null,"gr7_public_f":null,"gr7_public_e":null,"gr7_private":null,"gr8_public_f":null,"gr8_public_e":null,"gr8_private":null,"gr9_public_f":null,"gr9_public_e":null,"gr9_private":null,"gr10_public_f":null,"gr10_public_e":null,"gr10_private":null,"gr11s_public_f":null,"gr11s_public_e":null,"gr11s_private":null,"gr11e_public_f":null,"gr11e_public_e":null,"gr11e_private":null,"gr12sg_public_f":null,"gr12sg_public_e":null,"gr12sg_private":null,"gr12se_public_f":null,"gr12se_public_e":null,"gr12se_private":null,"gr12lh_public_f":null,"gr12lh_public_e":null,"gr12lh_private":null,"gr12sv_public_f":null,"gr12sv_public_e":null,"gr12sv_private":null,"tvet_public":null,"tvet_private":null,"uni":null,"syrians":null,"oosc":null,"teachers":null,"bath_hygiene":null,"playground":null,"corridor":null,"rooms_hygiene":null,"Is_waste_collected":null,"Collection_frequency":null,"construction":null,"yes_construction":null,"unified_authority":null,"documentation":null,"check_all":null,"Comments":null,"comments2":"برج رحال","age0_6_months":null,"age6_12_months":null,"f_age0_6_months":null,"f_age6_12_months":null,"f_ages_1_3":null,"f_age_3_5":null,"f_age_6_12":null,"f_age_13_18":null,"f_age_19_57":null,"f_age_58_above":null,"Female_Headed_Households":null,"lost_kids":null,"chronic_disease":null,"diesel_fuel_tank":null,"count_tanks":null,"capacity_tank":null,"need_bin":null,"need_bin_240":null,"need_bin_1100":null,"status_2026":null,"gov_cad":null,"district_cad":null,"cad_name":null,"x":null,"y":null},"geometry":null},
{"type":"Feature","properties":{"objectid":null,"globalid":null,"shelter_name":null,"governorate_name":null,"district_name":null,"villages":null,"lat_calc":null,"long_calc":null,"loc_calc":null,"structure_type":null,"structure_type_other":null,"cerd_number":null,"ministry_name":null,"ACS":null,"P_Code":null,"focal":null,"nb":null,"mosa_focal":null,"mosa_focal_phone":null,"mehe_focal":null,"mehe_focalnb":null,"type_private_public":null,"other_specifyy":null,"status":null,"notes":null,"sourcee":null,"displaced_cas_code":null,"phases":null,"nb_idps":null,"nb_families":null,"capacity":null,"male":null,"female":null,"age_0_1":null,"ages_1_3":null,"age_3_5":null,"age_6_12":null,"age_13_18":null,"age_19_57":null,"age_58_above":null,"disabilities_pregnant":null,"pregnant_women":null,"heating_disability":null,"visual_disability":null,"physical_disability":null,"interllectual_disability":null,"CreationDate":null,"Creator":null,"EditDate":null,"Editor":null,"lactating_women":null,"hearing_disability":null,"mental_disability":null,"DONT_ADD":null,"old_global_id":null,"floorsnum":null,"totalrooms":null,"occ_rooms":null,"free_spaces":null,"free_rooms":null,"kitchen_found":null,"kitchen_found2":null,"type_meal":null,"toilets_male":null,"toilets_female":null,"toilets_not_used_male":null,"toilets_not_used_female":null,"water_source":null,"elec_source":null,"bathtub_male":null,"bathtub_female":null,"generator":null,"generator_kva":null,"water_tank":null,"water_tank_capacity":null,"water_heater":null,"ac":null,"firedistinguisher":null,"first_aid":null,"wheelchair":null,"beds":null,"fridges":null,"washingmachines":null,"kitchen":null,"kids_area":null,"water_available":null,"need_water":null,"who_water":null,"how_water":null,"LAF_Focal":null,"LAF_shelter_name":null,"LAF_Phone_nb":null,"kg1_public_f":null,"kg1_public_e":null,"kg1_private":null,"kg2_public_f":null,"kg2_public_e":null,"kg2_private":null,"kg3_public_f":null,"kg3_public_e":null,"kg3_private":null,"gr1_public_f":null,"gr1_public_e":null,"gr1_private":null,"gr2_public_f":null,"gr2_public_e":null,"gr2_private":null,"gr3_public_f":null,"gr3_public_e":null,"gr3_private":null,"gr4_public_f":null,"gr4_public_e":null,"gr4_private":null,"gr5_public_f":null,"gr5_public_e":null,"gr5_private":null,"gr6_public_f":null,"gr6_public_e":null,"gr6_private":null,"gr7_public_f":null,"gr7_public_e":null,"gr7_private":null,"gr8_public_f":null,"gr8_public_e":null,"gr8_private":null,"gr9_public_f":null,"gr9_public_e":null,"gr9_private":null,"gr10_public_f":null,"gr10_public_e":null,"gr10_private":null,"gr11s_public_f":null,"gr11s_public_e":null,"gr11s_private":null,"gr11e_public_f":null,"gr11e_public_e":null,"gr11e_private":null,"gr12sg_public_f":null,"gr12sg_public_e":null,"gr12sg_private":null,"gr12se_public_f":null,"gr12se_public_e":null,"gr12se_private":null,"gr12lh_public_f":null,"gr12lh_public_e":null,"gr12lh_private":null,"gr12sv_public_f":null,"gr12sv_public_e":null,"gr12sv_private":null,"tvet_public":null,"tvet_private":null,"uni":null,"syrians":null,"oosc":null,"teachers":null,"bath_hygiene":null,"playground":null,"corridor":null,"rooms_hygiene":null,"Is_waste_collected":null,"Collection_frequency":null,"construction":null,"yes_construction":null,"unified_authority":null,"documentation":null,"check_all":null,"Comments":null,"comments2":"جبشيت","age0_6_months":null,"age6_12_months":null,"f_age0_6_months":null,"f_age6_12_months":null,"f_ages_1_3":null,"f_age_3_5":null,"f_age_6_12":null,"f_age_13_18":null,"f_age_19_57":null,"f_age_58_above":null,"Female_Headed_Households":null,"lost_kids":null,"chronic_disease":null,"diesel_fuel_tank":null,"count_tanks":null,"capacity_tank":null,"need_bin":null,"need_bin_240":null,"need_bin_1100":null,"status_2026":null,"gov_cad":null,"district_cad":null,"cad_name":null,"x":null,"y":null},"geometry":null},
{"type":"Feature","properties":{"objectid":null,"globalid":null,"shelter_name":null,"governorate_name":null,"district_name":null,"villages":null,"lat_calc":null,"long_calc":null,"loc_calc":null,"structure_type":null,"structure_type_other":null,"cerd_number":null,"ministry_name":null,"ACS":null,"P_Code":null,"focal":null,"nb":null,"mosa_focal":null,"mosa_focal_phone":null,"mehe_focal":null,"mehe_focalnb":null,"type_private_public":null,"other_specifyy":null,"status":null,"notes":null,"sourcee":null,"displaced_cas_code":null,"phases":null,"nb_idps":null,"nb_families":null,"capacity":null,"male":null,"female":null,"age_0_1":null,"ages_1_3":null,"age_3_5":null,"age_6_12":null,"age_13_18":null,"age_19_57":null,"age_58_above":null,"disabilities_pregnant":null,"pregnant_women":null,"heating_disability":null,"visual_disability":null,"physical_disability":null,"interllectual_disability":null,"CreationDate":null,"Creator":null,"EditDate":null,"Editor":null,"lactating_women":null,"hearing_disability":null,"mental_disability":null,"DONT_ADD":null,"old_global_id":null,"floorsnum":null,"totalrooms":null,"occ_rooms":null,"free_spaces":null,"free_rooms":null,"kitchen_found":null,"kitchen_found2":null,"type_meal":null,"toilets_male":null,"toilets_female":null,"toilets_not_used_male":null,"toilets_not_used_female":null,"water_source":null,"elec_source":null,"bathtub_male":null,"bathtub_female":null,"generator":null,"generator_kva":null,"water_tank":null,"water_tank_capacity":null,"water_heater":null,"ac":null,"firedistinguisher":null,"first_aid":null,"wheelchair":null,"beds":null,"fridges":null,"washingmachines":null,"kitchen":null,"kids_area":null,"water_available":null,"need_water":null,"who_water":null,"how_water":null,"LAF_Focal":null,"LAF_shelter_name":null,"LAF_Phone_nb":null,"kg1_public_f":null,"kg1_public_e":null,"kg1_private":null,"kg2_public_f":null,"kg2_public_e":null,"kg2_private":null,"kg3_public_f":null,"kg3_public_e":null,"kg3_private":null,"gr1_public_f":null,"gr1_public_e":null,"gr1_private":null,"gr2_public_f":null,"gr2_public_e":null,"gr2_private":null,"gr3_public_f":null,"gr3_public_e":null,"gr3_private":null,"gr4_public_f":null,"gr4_public_e":null,"gr4_private":null,"gr5_public_f":null,"gr5_public_e":null,"gr5_private":null,"gr6_public_f":null,"gr6_public_e":null,"gr6_private":null,"gr7_public_f":null,"gr7_public_e":null,"gr7_private":null,"gr8_public_f":null,"gr8_public_e":null,"gr8_private":null,"gr9_public_f":null,"gr9_public_e":null,"gr9_private":null,"gr10_public_f":null,"gr10_public_e":null,"gr10_private":null,"gr11s_public_f":null,"gr11s_public_e":null,"gr11s_private":null,"gr11e_public_f":null,"gr11e_public_e":null,"gr11e_private":null,"gr12sg_public_f":null,"gr12sg_public_e":null,"gr12sg_private":null,"gr12se_public_f":null,"gr12se_public_e":null,"gr12se_private":null,"gr12lh_public_f":null,"gr12lh_public_e":null,"gr12lh_private":null,"gr12sv_public_f":null,"gr12sv_public_e":null,"gr12sv_private":null,"tvet_public":null,"tvet_private":null,"uni":null,"syrians":null,"oosc":null,"teachers":null,"bath_hygiene":null,"playground":null,"corridor":null,"rooms_hygiene":null,"Is_waste_collected":null,"Collection_frequency":null,"construction":null,"yes_construction":null,"unified_authority":null,"documentation":null,"check_all":null,"Comments":null,"comments2":"العباسية","age0_6_months":null,"age6_12_months":null,"f_age0_6_months":null,"f_age6_12_months":null,"f_ages_1_3":null,"f_age_3_5":null,"f_age_6_12":null,"f_age_13_18":null,"f_age_19_57":null,"f_age_58_above":null,"Female_Headed_Households":null,"lost_kids":null,"chronic_disease":null,"diesel_fuel_tank":null,"count_tanks":null,"capacity_tank":null,"need_bin":null,"need_bin_240":null,"need_bin_1100":null,"status_2026":null,"gov_cad":null,"district_cad":null,"cad_name":null,"x":null,"y":null},"geometry":null},
{"type":"Feature","properties":{"objectid":431,"globalid":"9894ce7c-10ca-42c8-9a76-0ae21223828a","shelter_name":"معهد الافاق","governorate_name":"South","district_name":"Sour","villages":"Sour","lat_calc":33.274117,"long_calc":35.192517,"loc_calc":"33.274117 35.192517","structure_type":"Institute","structure_type_other":null,"cerd_number":null,"ministry_name":"معهد الأفاق","ACS":62111,"P_Code":"62111_030","focal":"جواد طفلا","nb":81207191,"mosa_focal":"ثريا عز الدين ","mosa_focal_phone":3761303,"mehe_focal":null,"mehe_focalnb":null,"type_private_public":"private","other_specifyy":null,"status":"full","notes":null,"sourcee":"field","displaced_cas_code":62111,"phases":null,"nb_idps":123,"nb_families":29,"capacity":123,"male":62,"female":61,"age_0_1":null,"ages_1_3":5,"age_3_5":2,"age_6_12":7,"age_13_18":10,"age_19_57":34,"age_58_above":3,"disabilities_pregnant":null,"pregnant_women":2,"heating_disability":null,"visual_disability":2,"physical_disability":0,"interllectual_disability":null,"CreationDate":"2026-03-04T12:04:10","Creator":"Ramez.Hassan.961","EditDate":"2026-08-20T13:46:22","Editor":"EOR.TYRE","lactating_women":0,"hearing_disability":0,"mental_disability":0,"DONT_ADD":"true","old_global_id":null,"floorsnum":3,"totalrooms":40,"occ_rooms":40,"free_spaces":0,"free_rooms":0,"kitchen_found":"false","kitchen_found2":null,"type_meal":null,"toilets_male":5,"toilets_female":6,"toilets_not_used_male":0,"toilets_not_used_female":0,"water_source":"الشبكة العامة","elec_source":"مولد","bathtub_male":0,"bathtub_female":0,"generator":"true","generator_kva":100,"water_tank":4,"water_tank_capacity":18000,"water_heater":0,"ac":0,"firedistinguisher":12,"first_aid":"false","wheelchair":0,"beds":0,"fridges":0,"washingmachines":0,"kitchen":"false","kids_area":300,"water_available":"true","need_water":90,"who_water":"مؤسسة مياه لبنان","how_water":"الشبكة العامة","LAF_Focal":null,"LAF_shelter_name":null,"LAF_Phone_nb":null,"kg1_public_f":0,"kg1_public_e":1,"kg1_private":0,"kg2_public_f":0,"kg2_public_e":1,"kg2_private":0,"kg3_public_f":0,"kg3_public_e":1,"kg3_private":0,"gr1_public_f":1,"gr1_public_e":1,"gr1_private":0,"gr2_public_f":0,"gr2_public_e":1,"gr2_private":0,"gr3_public_f":1,"gr3_public_e":1,"gr3_private":0,"gr4_public_f":0,"gr4_public_e":2,"gr4_private":0,"gr5_public_f":0,"gr5_public_e":0,"gr5_private":1,"gr6_public_f":0,"gr6_public_e":0,"gr6_private":1,"gr7_public_f":1,"gr7_public_e":0,"gr7_private":0,"gr8_public_f":0,"gr8_public_e":1,"gr8_private":0,"gr9_public_f":0,"gr9_public_e":1,"gr9_private":0,"gr10_public_f":0,"gr10_public_e":2,"gr10_private":0,"gr11s_public_f":0,"gr11s_public_e":2,"gr11s_private":0,"gr11e_public_f":0,"gr11e_public_e":0,"gr11e_private":0,"gr12sg_public_f":0,"gr12sg_public_e":0,"gr12sg_private":0,"gr12se_public_f":0,"gr12se_public_e":0,"gr12se_private":0,"gr12lh_public_f":"false","gr12lh_public_e":0,"gr12lh_private":"false","gr12sv_public_f":0,"gr12sv_public_e":0,"gr12sv_private":0,"tvet_public":0,"tvet_private":0,"uni":0,"syrians":0,"oosc":0,"teachers":0,"bath_hygiene":"good","playground":"good","corridor":"good","rooms_hygiene":"good","Is_waste_collected":"true","Collection_frequency":"daily","construction":"false","yes_construction":null,"unified_authority":"true","documentation":"false","check_all":"false","Comments":"true","comments2":null,"age0_6_months":0,"age6_12_months":1,"f_age0_6_months":0,"f_age6_12_months":2,"f_ages_1_3":1,"f_age_3_5":4,"f_age_6_12":7,"f_age_13_18":8,"f_age_19_57":36,"f_age_58_above":3,"Female_Headed_Households":null,"lost_kids":null,"chronic_disease":null,"diesel_fuel_tank":null,"count_tanks":null,"capacity_tank":null,"need_bin":null,"need_bin_240":null,"need_bin_1100":null,"status_2026":"used","gov_cad":"South","district_cad":"Sour","cad_name":"Sour (Tyr)","x":35.19743484,"y":33.27090061},"geometry":{"type":"Point","coordinates":[35.19743484,33.27090061]}},
{"type":"Feature","properties":{"objectid":433,"globalid":"254ce4dd-aced-4650-b596-2a3ad6f5dbca","shelter_name":"مدرسة الدامور الفنية ( سلطانة غريب )","governorate_name":"Mount Lebanon","district_name":"Chouf","villages":"Damour","lat_calc":33.730739,"long_calc":35.456892,"loc_calc":"33.730739 35.456892","structure_type":"Institute","structure_type_other":null,"cerd_number":null,"ministry_name":"معهد الدامور الفني","ACS":23111,"P_Code":"23111_006","focal":"Charbel Sadek","nb":3404856,"mosa_focal":"Chady aoun","mosa_focal_phone":3804343,"mehe_focal":"Charbel sadek","mehe_focalnb":"O3404856","type_private_public":"public","other_specifyy":null,"status":"full","notes":null,"sourcee":"ministry","displaced_cas_code":23111,"phases":2,"nb_idps":3,"nb_families":2,"capacity":135,"male":63,"female":66,"age_0_1":4,"ages_1_3":4,"age_3_5":3,"age_6_12":8,"age_13_18":8,"age_19_57":29,"age_58_above":9,"disabilities_pregnant":null,"pregnant_women":0,"heating_disability":null,"visual_disability":0,"physical_disability":0,"interllectual_disability":null,"CreationDate":"2026-03-04T12:04:10","Creator":"Ramez.Hassan.961","EditDate":"2026-09-02T07:00:47","Editor":"EOR.CHOUF","lactating_women":1,"hearing_disability":0,"mental_disability":1,"DONT_ADD":"true","old_global_id":null,"floorsnum":4,"totalrooms":30,"occ_rooms":20,"free_spaces":0,"free_rooms":1,"kitchen_found":"true","kitchen_found2":"false","type_meal":null,"toilets_male":8,"toilets_female":8,"toilets_not_used_male":2,"toilets_not_used_female":2,"water_source":"البلدية","elec_source":"كهرباء الدولة-طاقة شمسية","bathtub_male":3,"bathtub_female":4,"generator":"true","generator_kva":50,"water_tank":10,"water_tank_capacity":20000,"water_heater":7,"ac":0,"firedistinguisher":2,"first_aid":"false","wheelchair":0,"beds":0,"fridges":0,"washingmachines":2,"kitchen":"false","kids_area":2,"water_available":"true","need_water":20000,"who_water":"البلدية-الدفاع المدني-world vision","how_water":"شبكات الرئيسية - خزانات مياه - الدفاع المدني","LAF_Focal":null,"LAF_shelter_name":null,"LAF_Phone_nb":null,"kg1_public_f":null,"kg1_public_e":null,"kg1_private":null,"kg2_public_f":null,"kg2_public_e":null,"kg2_private":null,"kg3_public_f":null,"kg3_public_e":null,"kg3_private":null,"gr1_public_f":null,"gr1_public_e":null,"gr1_private":null,"gr2_public_f":null,"gr2_public_e":null,"gr2_private":null,"gr3_public_f":null,"gr3_public_e":null,"gr3_private":null,"gr4_public_f":null,"gr4_public_e":null,"gr4_private":null,"gr5_public_f":null,"gr5_public_e":null,"gr5_private":null,"gr6_public_f":null,"gr6_public_e":null,"gr6_private":null,"gr7_public_f":null,"gr7_public_e":null,"gr7_private":null,"gr8_public_f":null,"gr8_public_e":null,"gr8_private":null,"gr9_public_f":null,"gr9_public_e":null,"gr9_private":null,"gr10_public_f":null,"gr10_public_e":null,"gr10_private":null,"gr11s_public_f":null,"gr11s_public_e":null,"gr11s_private":null,"gr11e_public_f":null,"gr11e_public_e":null,"gr11e_private":null,"gr12sg_public_f":null,"gr12sg_public_e":null,"gr12sg_private":null,"gr12se_public_f":null,"gr12se_public_e":null,"gr12se_private":null,"gr12lh_public_f":null,"gr12lh_public_e":null,"gr12lh_private":null,"gr12sv_public_f":null,"gr12sv_public_e":null,"gr12sv_private":null,"tvet_public":null,"tvet_private":null,"uni":null,"syrians":null,"oosc":null,"teachers":null,"bath_hygiene":null,"playground":null,"corridor":null,"rooms_hygiene":null,"Is_waste_collected":null,"Collection_frequency":null,"construction":null,"yes_construction":null,"unified_authority":null,"documentation":null,"check_all":null,"Comments":null,"comments2":null,"age0_6_months":1,"age6_12_months":1,"f_age0_6_months":0,"f_age6_12_months":1,"f_ages_1_3":2,"f_age_3_5":4,"f_age_6_12":9,"f_age_13_18":8,"f_age_19_57":32,"f_age_58_above":10,"Female_Headed_Households":null,"lost_kids":null,"chronic_disease":null,"diesel_fuel_tank":null,"count_tanks":null,"capacity_tank":null,"need_bin":null,"need_bin_240":null,"need_bin_1100":null,"status_2026":"used","gov_cad":"Mount Lebanon","district_cad":"Chouf","cad_name":"Damour","x":35.456892,"y":33.730739},"geometry":{"type":"Point","coordinates":[35.456892,33.730739]}},
{"type":"Feature","properties":{"objectid":446,"globalid":"b39e1d02-9f8a-4e96-a06c-745a837f8547","shelter_name":"المركز الزراعي دير القمر","governorate_name":"Mount Lebanon","district_name":"Chouf","villages":"Deir el Qamar","lat_calc":33.69618,"long_calc":35.561119,"loc_calc":"33.69618 35.561119","structure_type":"Other","structure_type_other":"مركز زراعي","cerd_number":0,"ministry_name":"المركز الزراعي دير القمر","ACS":23411,"P_Code":"23411_002","focal":"وسام بو ضاهر","nb":3505205,"mosa_focal":"جيسيكا موسى","mosa_focal_phone":71436038,"mehe_focal":"وسام بو ضاهر","mehe_focalnb":"3505205","type_private_public":"public","other_specifyy":null,"status":"full","notes":null,"sourcee":"ministry","displaced_cas_code":23413,"phases":null,"nb_idps":36,"nb_families":11,"capacity":33,"male":8,"female":23,"age_0_1":0,"ages_1_3":0,"age_3_5":1,"age_6_12":1,"age_13_18":1,"age_19_57":3,"age_58_above":2,"disabilities_pregnant":null,"pregnant_women":0,"heating_disability":null,"visual_disability":0,"physical_disability":0,"interllectual_disability":null,"CreationDate":"2026-03-04T12:04:10","Creator":"Ramez.Hassan.961","EditDate":"2026-07-16T08:50:11","Editor":"EOR.CHOUF","lactating_women":0,"hearing_disability":0,"mental_disability":0,"DONT_ADD":"true","old_global_id":null,"floorsnum":1,"totalrooms":4,"occ_rooms":4,"free_spaces":0,"free_rooms":0,"kitchen_found":"true","kitchen_found2":"true","type_meal":"hot_cold_meal","toilets_male":0,"toilets_female":0,"toilets_not_used_male":0,"toilets_not_used_female":0,"water_source":"الشبكة العامة","elec_source":"دولة و موتير","bathtub_male":1,"bathtub_female":1,"generator":"false","generator_kva":null,"water_tank":2,"water_tank_capacity":2000,"water_heater":1,"ac":2,"firedistinguisher":2,"first_aid":"false","wheelchair":0,"beds":0,"fridges":0,"washingmachines":1,"kitchen":"true","kids_area":1,"water_available":"false","need_water":3,"who_water":null,"how_water":null,"LAF_Focal":null,"LAF_shelter_name":null,"LAF_Phone_nb":null,"kg1_public_f":null,"kg1_public_e":null,"kg1_private":null,"kg2_public_f":null,"kg2_public_e":null,"kg2_private":null,"kg3_public_f":null,"kg3_public_e":null,"kg3_private":null,"gr1_public_f":null,"gr1_public_e":null,"gr1_private":null,"gr2_public_f":null,"gr2_public_e":null,"gr2_private":null,"gr3_public_f":null,"gr3_public_e":null,"gr3_private":null,"gr4_public_f":null,"gr4_public_e":null,"gr4_private":null,"gr5_public_f":null,"gr5_public_e":null,"gr5_private":null,"gr6_public_f":null,"gr6_public_e":null,"gr6_private":null,"gr7_public_f":null,"gr7_public_e":null,"gr7_private":null,"gr8_public_f":null,"gr8_public_e":null,"gr8_private":null,"gr9_public_f":null,"gr9_public_e":null,"gr9_private":null,"gr10_public_f":null,"gr10_public_e":null,"gr10_private":null,"gr11s_public_f":null,"gr11s_public_e":null,"gr11s_private":null,"gr11e_public_f":null,"gr11e_public_e":null,"gr11e_private":null,"gr12sg_public_f":null,"gr12sg_public_e":null,"gr12sg_private":null,"gr12se_public_f":null,"gr12se_public_e":null,"gr12se_private":null,"gr12lh_public_f":null,"gr12lh_public_e":null,"gr12lh_private":null,"gr12sv_public_f":null,"gr12sv_public_e":null,"gr12sv_private":null,"tvet_public":null,"tvet_private":null,"uni":null,"syrians":null,"oosc":null,"teachers":null,"bath_hygiene":null,"playground":null,"corridor":null,"rooms_hygiene":null,"Is_waste_collected":null,"Collection_frequency":null,"construction":null,"yes_construction":null,"unified_authority":null,"documentation":null,"check_all":null,"Comments":null,"comments2":null,"age0_6_months":0,"age6_12_months":0,"f_age0_6_months":0,"f_age6_12_months":0,"f_ages_1_3":1,"f_age_3_5":5,"f_age_6_12":4,"f_age_13_18":0,"f_age_19_57":12,"f_age_58_above":1,"Female_Headed_Households":null,"lost_kids":null,"chronic_disease":null,"diesel_fuel_tank":null,"count_tanks":null,"capacity_tank":null,"need_bin":null,"need_bin_240":null,"need_bin_1100":null,"status_2026":"used","gov_cad":"Mount Lebanon","district_cad":"Chouf","cad_name":"Deir El-Kamar","x":35.561119,"y":33.69618},"geometry":{"type":"Point","coordinates":[35.561119,33.69618]}},
{"type":"Feature","properties":{"objectid":447,"globalid":"9fc36e3f-6daa-45e2-8404-4a2aa2591579","shelter_name":"مدرسة الجية الاولى المختلطة المتوسطة الرسمي","governorate_name":"Mount Lebanon","district_name":"Chouf","villages":"Jiye","lat_calc":33.667442,"long_calc":35.425083,"loc_calc":"33.667442 35.425083","structure_type":"School","structure_type_other":null,"cerd_number":297,"ministry_name":"الجية الاولى المختلطة المتوسطة الرسمية","ACS":23267,"P_Code":"23267_001","focal":"تقلا قزي","nb":76504306,"mosa_focal":"Zahraa barakat","mosa_focal_phone":7147903,"mehe_focal":"تقلا قزي","mehe_focalnb":"76504306","type_private_public":"public","other_specifyy":null,"status":"full","notes":null,"sourcee":"field","displaced_cas_code":23267,"phases":1,"nb_idps":83,"nb_families":24,"capacity":250,"male":111,"female":140,"age_0_1":6,"ages_1_3":3,"age_3_5":3,"age_6_12":11,"age_13_18":11,"age_19_57":56,"age_58_above":24,"disabilities_pregnant":null,"pregnant_women":3,"heating_disability":null,"visual_disability":0,"physical_disability":1,"interllectual_disability":null,"CreationDate":"2026-03-04T12:04:10","Creator":"Ramez.Hassan.961","EditDate":"2026-09-02T07:02:07","Editor":"EOR.CHOUF","lactating_women":0,"hearing_disability":0,"mental_disability":1,"DONT_ADD":"true","old_global_id":null,"floorsnum":3,"totalrooms":18,"occ_rooms":17,"free_spaces":1,"free_rooms":0,"kitchen_found":"true","kitchen_found2":"true","type_meal":"hot_cold_meal","toilets_male":2,"toilets_female":3,"toilets_not_used_male":0,"toilets_not_used_female":0,"water_source":"بير المقام","elec_source":"شتراك-كهرباء دولة","bathtub_male":1,"bathtub_female":1,"generator":"false","generator_kva":null,"water_tank":2,"water_tank_capacity":4000,"water_heater":2,"ac":0,"firedistinguisher":0,"first_aid":"false","wheelchair":0,"beds":3,"fridges":0,"washingmachines":0,"kitchen":"false","kids_area":1,"water_available":"false","need_water":40,"who_water":null,"how_water":null,"LAF_Focal":null,"LAF_shelter_name":null,"LAF_Phone_nb":null,"kg1_public_f":null,"kg1_public_e":null,"kg1_private":null,"kg2_public_f":null,"kg2_public_e":null,"kg2_private":null,"kg3_public_f":null,"kg3_public_e":null,"kg3_private":null,"gr1_public_f":null,"gr1_public_e":null,"gr1_private":null,"gr2_public_f":null,"gr2_public_e":null,"gr2_private":null,"gr3_public_f":null,"gr3_public_e":null,"gr3_private":null,"gr4_public_f":null,"gr4_public_e":null,"gr4_private":null,"gr5_public_f":null,"gr5_public_e":null,"gr5_private":null,"gr6_public_f":null,"gr6_public_e":null,"gr6_private":null,"gr7_public_f":null,"gr7_public_e":null,"gr7_private":null,"gr8_public_f":null,"gr8_public_e":null,"gr8_private":null,"gr9_public_f":null,"gr9_public_e":null,"gr9_private":null,"gr10_public_f":null,"gr10_public_e":null,"gr10_private":null,"gr11s_public_f":null,"gr11s_public_e":null,"gr11s_private":null,"gr11e_public_f":null,"gr11e_public_e":null,"gr11e_private":null,"gr12sg_public_f":null,"gr12sg_public_e":null,"gr12sg_private":null,"gr12se_public_f":null,"gr12se_public_e":null,"gr12se_private":null,"gr12lh_public_f":null,"gr12lh_public_e":null,"gr12lh_private":null,"gr12sv_public_f":null,"gr12sv_public_e":null,"gr12sv_private":null,"tvet_public":null,"tvet_private":null,"uni":null,"syrians":null,"oosc":null,"teachers":null,"bath_hygiene":null,"playground":null,"corridor":null,"rooms_hygiene":null,"Is_waste_collected":null,"Collection_frequency":null,"construction":null,"yes_construction":null,"unified_authority":null,"documentation":null,"check_all":null,"Comments":null,"comments2":null,"age0_6_months":2,"age6_12_months":1,"f_age0_6_months":2,"f_age6_12_months":2,"f_ages_1_3":4,"f_age_3_5":8,"f_age_6_12":19,"f_age_13_18":12,"f_age_19_57":80,"f_age_58_above":13,"Female_Headed_Households":null,"lost_kids":null,"chronic_disease":null,"diesel_fuel_tank":null,"count_tanks":null,"capacity_tank":null,"need_bin":null,"need_bin_240":null,"need_bin_1100":null,"status_2026":"used","gov_cad":"Mount Lebanon","district_cad":"Chouf","cad_name":"El Jiyeh","x":35.425083,"y":33.667442},"geometry":{"type":"Point","coordinates":[35.425083,33.667442]}},
{"type":"Feature","properties":{"objectid":451,"globalid":"44937e22-d2c3-4067-9078-a375608a27a3","shelter_name":"معهد خربة روحا الفني","governorate_name":"Bekaa","district_name":"Rachaya","villages":"Khirbet Rouha","lat_calc":33.571842,"long_calc":35.852183,"loc_calc":"33.571842 35.852183","structure_type":"Institute","structure_type_other":null,"cerd_number":null,"ministry_name":"المدرسة المهنية في خربة روحا","ACS":55151,"P_Code":"55151_003","focal":"اسامة ابراهيم","nb":3284478,"mosa_focal":"مريم جحا","mosa_focal_phone":null,"mehe_focal":"اسامة ابراهيم","mehe_focalnb":"3284478","type_private_public":"public","other_specifyy":null,"status":"open","notes":null,"sourcee":"ministry","displaced_cas_code":55151,"phases":1,"nb_idps":45,"nb_families":13,"capacity":87,"male":56,"female":51,"age_0_1":null,"ages_1_3":4,"age_3_5":0,"age_6_12":6,"age_13_18":7,"age_19_57":31,"age_58_above":6,"disabilities_pregnant":null,"pregnant_women":1,"heating_disability":null,"visual_disability":0,"physical_disability":0,"interllectual_disability":null,"CreationDate":"2026-03-04T12:04:10","Creator":"Ramez.Hassan.961","EditDate":"2026-09-02T08:39:45","Editor":"EOR.BEKAA","lactating_women":1,"hearing_disability":0,"mental_disability":0,"DONT_ADD":"true","old_global_id":null,"floorsnum":2,"totalrooms":23,"occ_rooms":23,"free_spaces":0,"free_rooms":0,"kitchen_found":"false","kitchen_found2":null,"type_meal":null,"toilets_male":6,"toilets_female":8,"toilets_not_used_male":0,"toilets_not_used_female":0,"water_source":"شبكة مياه البلدة","elec_source":"solar system","bathtub_male":2,"bathtub_female":2,"generator":"true","generator_kva":35,"water_tank":5,"water_tank_capacity":15000,"water_heater":2,"ac":0,"firedistinguisher":0,"first_aid":"true","wheelchair":0,"beds":0,"fridges":0,"washingmachines":0,"kitchen":"false","kids_area":1,"water_available":"true","need_water":20,"who_water":"بلدية خربة روحا وجمعية سوا","how_water":"صهريج البلدية","LAF_Focal":null,"LAF_shelter_name":null,"LAF_Phone_nb":null,"kg1_public_f":null,"kg1_public_e":null,"kg1_private":null,"kg2_public_f":null,"kg2_public_e":null,"kg2_private":null,"kg3_public_f":null,"kg3_public_e":null,"kg3_private":null,"gr1_public_f":null,"gr1_public_e":null,"gr1_private":null,"gr2_public_f":null,"gr2_public_e":null,"gr2_private":null,"gr3_public_f":null,"gr3_public_e":null,"gr3_private":null,"gr4_public_f":null,"gr4_public_e":null,"gr4_private":null,"gr5_public_f":null,"gr5_public_e":null,"gr5_private":null,"gr6_public_f":null,"gr6_public_e":null,"gr6_private":null,"gr7_public_f":null,"gr7_public_e":null,"gr7_private":null,"gr8_public_f":null,"gr8_public_e":null,"gr8_private":null,"gr9_public_f":null,"gr9_public_e":null,"gr9_private":null,"gr10_public_f":null,"gr10_public_e":null,"gr10_private":null,"gr11s_public_f":null,"gr11s_public_e":null,"gr11s_private":null,"gr11e_public_f":null,"gr11e_public_e":null,"gr11e_private":null,"gr12sg_public_f":null,"gr12sg_public_e":null,"gr12sg_private":null,"gr12se_public_f":null,"gr12se_public_e":null,"gr12se_private":null,"gr12lh_public_f":null,"gr12lh_public_e":null,"gr12lh_private":null,"gr12sv_public_f":null,"gr12sv_public_e":null,"gr12sv_private":null,"tvet_public":null,"tvet_private":null,"uni":null,"syrians":null,"oosc":null,"teachers":null,"bath_hygiene":"good","playground":"fair","corridor":"fair","rooms_hygiene":"fair","Is_waste_collected":"true","Collection_frequency":"daily","construction":"false","yes_construction":null,"unified_authority":"true","documentation":"true","check_all":"true","Comments":"false","comments2":"سحمر  كفرشوبا لبايا","age0_6_months":2,"age6_12_months":0,"f_age0_6_months":0,"f_age6_12_months":0,"f_ages_1_3":2,"f_age_3_5":0,"f_age_6_12":4,"f_age_13_18":7,"f_age_19_57":28,"f_age_58_above":10,"Female_Headed_Households":0,"lost_kids":0,"chronic_disease":10,"diesel_fuel_tank":"true","count_tanks":1,"capacity_tank":4000,"need_bin":null,"need_bin_240":null,"need_bin_1100":null,"status_2026":"used","gov_cad":"Bekaa","district_cad":"Rachaya","cad_name":"Kherbet Rouha","x":35.852183,"y":33.571842},"geometry":{"type":"Point","coordinates":[35.852183,33.571842]}},
{"type":"Feature","properties":{"objectid":461,"globalid":"f088839b-5f0c-4a4e-b52a-163a96d3bb61","shelter_name":"ثانوية الشويفات المختلطة الرسمية","governorate_name":"Mount Lebanon","district_name":"Aley","villages":"Aamroussieh Choueifat","lat_calc":33.811236,"long_calc":35.520857,"loc_calc":"33.811236 35.520857","structure_type":"School","structure_type_other":null,"cerd_number":155,"ministry_name":"لمربية ناديا عون الرسمية للبنات","ACS":24155,"P_Code":"24155_001","focal":"Ghada haydoura","nb":3319137,"mosa_focal":"Ghada haydoura","mosa_focal_phone":3319137,"mehe_focal":"هشام ابو شقر","mehe_focalnb":"+961 70 635 524","type_private_public":"public","other_specifyy":null,"status":"open","notes":null,"sourcee":null,"displaced_cas_code":24111,"phases":1,"nb_idps":105,"nb_families":31,"capacity":426,"male":51,"female":51,"age_0_1":4,"ages_1_3":2,"age_3_5":2,"age_6_12":11,"age_13_18":8,"age_19_57":25,"age_58_above":3,"disabilities_pregnant":null,"pregnant_women":2,"heating_disability":null,"visual_disability":null,"physical_disability":2,"interllectual_disability":null,"CreationDate":"2026-03-04T12:04:10","Creator":"Ramez.Hassan.961","EditDate":"2026-08-31T17:10:32","Editor":"EOR.ALEY","lactating_women":9,"hearing_disability":null,"mental_disability":null,"DONT_ADD":"true","old_global_id":null,"floorsnum":null,"totalrooms":null,"occ_rooms":null,"free_spaces":null,"free_rooms":null,"kitchen_found":null,"kitchen_found2":null,"type_meal":null,"toilets_male":null,"toilets_female":null,"toilets_not_used_male":null,"toilets_not_used_female":null,"water_source":null,"elec_source":null,"bathtub_male":null,"bathtub_female":null,"generator":null,"generator_kva":null,"water_tank":null,"water_tank_capacity":null,"water_heater":null,"ac":null,"firedistinguisher":null,"first_aid":null,"wheelchair":null,"beds":null,"fridges":null,"washingmachines":null,"kitchen":null,"kids_area":null,"water_available":null,"need_water":null,"who_water":null,"how_water":null,"LAF_Focal":null,"LAF_shelter_name":null,"LAF_Phone_nb":null,"kg1_public_f":null,"kg1_public_e":null,"kg1_private":null,"kg2_public_f":null,"kg2_public_e":null,"kg2_private":null,"kg3_public_f":null,"kg3_public_e":null,"kg3_private":null,"gr1_public_f":null,"gr1_public_e":null,"gr1_private":null,"gr2_public_f":null,"gr2_public_e":null,"gr2_private":null,"gr3_public_f":null,"gr3_public_e":null,"gr3_private":null,"gr4_public_f":null,"gr4_public_e":null,"gr4_private":null,"gr5_public_f":null,"gr5_public_e":null,"gr5_private":null,"gr6_public_f":null,"gr6_public_e":null,"gr6_private":null,"gr7_public_f":null,"gr7_public_e":null,"gr7_private":null,"gr8_public_f":null,"gr8_public_e":null,"gr8_private":null,"gr9_public_f":null,"gr9_public_e":null,"gr9_private":null,"gr10_public_f":null,"gr10_public_e":null,"gr10_private":null,"gr11s_public_f":null,"gr11s_public_e":null,"gr11s_private":null,"gr11e_public_f":null,"gr11e_public_e":null,"gr11e_private":null,"gr12sg_public_f":null,"gr12sg_public_e":null,"gr12sg_private":null,"gr12se_public_f":null,"gr12se_public_e":null,"gr12se_private":null,"gr12lh_public_f":null,"gr12lh_public_e":null,"gr12lh_private":null,"gr12sv_public_f":null,"gr12sv_public_e":null,"gr12sv_private":null,"tvet_public":null,"tvet_private":null,"uni":null,"syrians":null,"oosc":null,"teachers":null,"bath_hygiene":null,"playground":null,"corridor":null,"rooms_hygiene":null,"Is_waste_collected":null,"Collection_frequency":null,"construction":null,"yes_construction":null,"unified_authority":null,"documentation":null,"check_all":null,"Comments":null,"comments2":null,"age0_6_months":0,"age6_12_months":0,"f_age0_6_months":0,"f_age6_12_months":0,"f_ages_1_3":2,"f_age_3_5":2,"f_age_6_12":12,"f_age_13_18":8,"f_age_19_57":25,"f_age_58_above":2,"Female_Headed_Households":null,"lost_kids":null,"chronic_disease":null,"diesel_fuel_tank":null,"count_tanks":null,"capacity_tank":null,"need_bin":null,"need_bin_240":null,"need_bin_1100":null,"status_2026":"used","gov_cad":"Mount Lebanon","district_cad":"Aley","cad_name":"Chouaifat Oumara","x":35.52330079,"y":33.8011392},"geometry":{"type":"Point","coordinates":[35.52330079,33.8011392]}},
{"type":"Feature","properties":{"objectid":468,"globalid":"3fea66b6-d666-4217-bfa3-d64b3b8945e6","shelter_name":"متوسطة تل الذنوب الرسمية المختلطة","governorate_name":"Bekaa","district_name":"West Bekaa","villages":"Tall Znoub","lat_calc":33.661247,"long_calc":35.778689,"loc_calc":"33.661247 35.778689","structure_type":"School","structure_type_other":null,"cerd_number":1475,"ministry_name":"متوسطة تل الذنوب الرسمية المختلطة","ACS":52221,"P_Code":"52221_002","focal":"فادي شميس","nb":3566136,"mosa_focal":"ديالا الداسوقي","mosa_focal_phone":71119794,"mehe_focal":"فادي وسيم شميس ","mehe_focalnb":"3566136","type_private_public":"public","other_specifyy":null,"status":"open","notes":null,"sourcee":"ministry","displaced_cas_code":52221,"phases":1,"nb_idps":13,"nb_families":4,"capacity":113,"male":37,"female":43,"age_0_1":0,"ages_1_3":0,"age_3_5":0,"age_6_12":15,"age_13_18":8,"age_19_57":13,"age_58_above":1,"disabilities_pregnant":null,"pregnant_women":2,"heating_disability":null,"visual_disability":0,"physical_disability":1,"interllectual_disability":null,"CreationDate":"2026-03-04T12:04:10","Creator":"Ramez.Hassan.961","EditDate":"2026-08-12T07:43:31","Editor":"EOR.BEKAA","lactating_women":0,"hearing_disability":3,"mental_disability":2,"DONT_ADD":"true","old_global_id":null,"floorsnum":1,"totalrooms":16,"occ_rooms":14,"free_spaces":0,"free_rooms":0,"kitchen_found":"false","kitchen_found2":null,"type_meal":null,"toilets_male":3,"toilets_female":2,"toilets_not_used_male":1,"toilets_not_used_female":0,"water_source":"بئر ارتوازي","elec_source":"solar systeme","bathtub_male":2,"bathtub_female":2,"generator":"false","generator_kva":null,"water_tank":2,"water_tank_capacity":8000,"water_heater":2,"ac":15,"firedistinguisher":0,"first_aid":"false","wheelchair":0,"beds":0,"fridges":0,"washingmachines":2,"kitchen":"false","kids_area":0,"water_available":"true","need_water":20,"who_water":"private well","how_water":"شركة المياه","LAF_Focal":null,"LAF_shelter_name":null,"LAF_Phone_nb":null,"kg1_public_f":0,"kg1_public_e":0,"kg1_private":1,"kg2_public_f":0,"kg2_public_e":0,"kg2_private":0,"kg3_public_f":0,"kg3_public_e":2,"kg3_private":1,"gr1_public_f":0,"gr1_public_e":2,"gr1_private":1,"gr2_public_f":0,"gr2_public_e":0,"gr2_private":1,"gr3_public_f":0,"gr3_public_e":2,"gr3_private":2,"gr4_public_f":0,"gr4_public_e":4,"gr4_private":1,"gr5_public_f":0,"gr5_public_e":3,"gr5_private":1,"gr6_public_f":0,"gr6_public_e":3,"gr6_private":0,"gr7_public_f":0,"gr7_public_e":3,"gr7_private":2,"gr8_public_f":0,"gr8_public_e":1,"gr8_private":0,"gr9_public_f":0,"gr9_public_e":1,"gr9_private":3,"gr10_public_f":0,"gr10_public_e":0,"gr10_private":0,"gr11s_public_f":1,"gr11s_public_e":0,"gr11s_private":0,"gr11e_public_f":0,"gr11e_public_e":0,"gr11e_private":0,"gr12sg_public_f":0,"gr12sg_public_e":0,"gr12sg_private":0,"gr12se_public_f":1,"gr12se_public_e":0,"gr12se_private":0,"gr12lh_public_f":"false","gr12lh_public_e":0,"gr12lh_private":"false","gr12sv_public_f":0,"gr12sv_public_e":0,"gr12sv_private":0,"tvet_public":2,"tvet_private":0,"uni":2,"syrians":0,"oosc":5,"teachers":0,"bath_hygiene":"fair","playground":"good","corridor":"good","rooms_hygiene":"fair","Is_waste_collected":"true","Collection_frequency":"daily","construction":"false","yes_construction":null,"unified_authority":"true","documentation":"true","check_all":"true","Comments":"false","comments2":"سحمر مشغرة ايليا ميدون كفرشوبا","age0_6_months":0,"age6_12_months":0,"f_age0_6_months":0,"f_age6_12_months":0,"f_ages_1_3":0,"f_age_3_5":1,"f_age_6_12":11,"f_age_13_18":7,"f_age_19_57":23,"f_age_58_above":1,"Female_Headed_Households":5,"lost_kids":0,"chronic_disease":20,"diesel_fuel_tank":"true","count_tanks":1,"capacity_tank":4000,"need_bin":null,"need_bin_240":null,"need_bin_1100":null,"status_2026":"used","gov_cad":"Bekaa","district_cad":"West Bekaa","cad_name":"Tal Zenoub","x":35.778689,"y":33.661247},"geometry":{"type":"Point","coordinates":[35.778689,33.661247]}},
{"type":"Feature","properties":{"objectid":481,"globalid":"84c9ce07-6f34-4b5b-8cc3-b9e3de8d2641","shelter_name":"ثانوية مارون عبود صوفر","governorate_name":"Mount Lebanon","district_name":"Aley","villages":"Sofar","lat_calc":33.802206,"long_calc":35.702342,"loc_calc":"33.802206 35.702342","structure_type":"School","structure_type_other":null,"cerd_number":1599,"ministry_name":"النجدة الشعبية صوفر","ACS":24427,"P_Code":"24427_006","focal":"Rima ahmadieh","nb":3621784,"mosa_focal":"Bassam Shayya","mosa_focal_phone":3749554,"mehe_focal":"Rima ahmadieh","mehe_focalnb":"3621784","type_private_public":"public","other_specifyy":null,"status":"open","notes":null,"sourcee":null,"displaced_cas_code":24427,"phases":1,"nb_idps":80,"nb_families":23,"capacity":115,"male":64,"female":67,"age_0_1":4,"ages_1_3":4,"age_3_5":2,"age_6_12":6,"age_13_18":11,"age_19_57":34,"age_58_above":4,"disabilities_pregnant":null,"pregnant_women":null,"heating_disability":null,"visual_disability":null,"physical_disability":null,"interllectual_disability":null,"CreationDate":"2026-03-04T12:04:10","Creator":"Ramez.Hassan.961","EditDate":"2026-08-21T09:55:01","Editor":"EOR.ALEY","lactating_women":null,"hearing_disability":null,"mental_disability":null,"DONT_ADD":"true","old_global_id":null,"floorsnum":2,"totalrooms":10,"occ_rooms":1,"free_spaces":null,"free_rooms":null,"kitchen_found":"false","kitchen_found2":null,"type_meal":null,"toilets_male":6,"toilets_female":6,"toilets_not_used_male":1,"toilets_not_used_female":1,"water_source":"بلدية ودفاع مدني","elec_source":"موتور خاص","bathtub_male":3,"bathtub_female":3,"generator":"true","generator_kva":120,"water_tank":null,"water_tank_capacity":null,"water_heater":null,"ac":null,"firedistinguisher":null,"first_aid":null,"wheelchair":null,"beds":null,"fridges":null,"washingmachines":null,"kitchen":null,"kids_area":1,"water_available":"true","need_water":null,"who_water":"بلدية","how_water":null,"LAF_Focal":null,"LAF_shelter_name":null,"LAF_Phone_nb":null,"kg1_public_f":null,"kg1_public_e":null,"kg1_private":null,"kg2_public_f":null,"kg2_public_e":null,"kg2_private":null,"kg3_public_f":null,"kg3_public_e":null,"kg3_private":null,"gr1_public_f":null,"gr1_public_e":null,"gr1_private":null,"gr2_public_f":null,"gr2_public_e":null,"gr2_private":null,"gr3_public_f":null,"gr3_public_e":null,"gr3_private":null,"gr4_public_f":null,"gr4_public_e":null,"gr4_private":null,"gr5_public_f":null,"gr5_public_e":null,"gr5_private":null,"gr6_public_f":null,"gr6_public_e":null,"gr6_private":null,"gr7_public_f":null,"gr7_public_e":null,"gr7_private":null,"gr8_public_f":null,"gr8_public_e":null,"gr8_private":null,"gr9_public_f":null,"gr9_public_e":null,"gr9_private":null,"gr10_public_f":null,"gr10_public_e":null,"gr10_private":null,"gr11s_public_f":null,"gr11s_public_e":null,"gr11s_private":null,"gr11e_public_f":null,"gr11e_public_e":null,"gr11e_private":null,"gr12sg_public_f":null,"gr12sg_public_e":null,"gr12sg_private":null,"gr12se_public_f":null,"gr12se_public_e":null,"gr12se_private":null,"gr12lh_public_f":null,"gr12lh_public_e":null,"gr12lh_private":null,"gr12sv_public_f":null,"gr12sv_public_e":null,"gr12sv_private":null,"tvet_public":null,"tvet_private":null,"uni":null,"syrians":null,"oosc":null,"teachers":null,"bath_hygiene":null,"playground":null,"corridor":null,"rooms_hygiene":null,"Is_waste_collected":null,"Collection_frequency":null,"construction":null,"yes_construction":null,"unified_authority":null,"documentation":null,"check_all":null,"Comments":null,"comments2":null,"age0_6_months":1,"age6_12_months":2,"f_age0_6_months":0,"f_age6_12_months":0,"f_ages_1_3":2,"f_age_3_5":1,"f_age_6_12":4,"f_age_13_18":15,"f_age_19_57":38,"f_age_58_above":7,"Female_Headed_Households":null,"lost_kids":null,"chronic_disease":null,"diesel_fuel_tank":null,"count_tanks":null,"capacity_tank":null,"need_bin":null,"need_bin_240":null,"need_bin_1100":null,"status_2026":"used","gov_cad":"Mount Lebanon","district_cad":"Aley","cad_name":"Aïn Sofar","x":35.70103538,"y":33.80113657},"geometry":{"type":"Point","coordinates":[35.70103538,33.80113657]}},
{"type":"Feature","properties":{"objectid":493,"globalid":"2e9fcc55-80c7-4c61-ad5e-8dff01d05b12","shelter_name":"ثانوية الكفير الرسمية ","governorate_name":"El Nabatieh","district_name":"Hasbaya","villages":"Kfair","lat_calc":33.430033,"long_calc":35.738742,"loc_calc":"33.430033 35.738742","structure_type":"School","structure_type_other":null,"cerd_number":1186,"ministry_name":"ثانوية الكفير الرسمية","ACS":74175,"P_Code":"74175_001","focal":"علي بعلبكي","nb":3755907,"mosa_focal":"نانسي ابو صعب","mosa_focal_phone":71429873,"mehe_focal":"أسامة أبوفاعور ","mehe_focalnb":"3759089","type_private_public":"public","other_specifyy":null,"status":"open","notes":null,"sourcee":"ministry","displaced_cas_code":74175,"phases":1,"nb_idps":34,"nb_families":10,"capacity":46,"male":23,"female":30,"age_0_1":0,"ages_1_3":0,"age_3_5":0,"age_6_12":5,"age_13_18":1,"age_19_57":10,"age_58_above":7,"disabilities_pregnant":null,"pregnant_women":0,"heating_disability":null,"visual_disability":1,"physical_disability":0,"interllectual_disability":null,"CreationDate":"2026-03-04T12:04:10","Creator":"Ramez.Hassan.961","EditDate":"2026-09-01T12:49:13","Editor":"EOR.SAIDA","lactating_women":0,"hearing_disability":2,"mental_disability":0,"DONT_ADD":"true","old_global_id":null,"floorsnum":3,"totalrooms":9,"occ_rooms":9,"free_spaces":0,"free_rooms":0,"kitchen_found":"false","kitchen_found2":null,"type_meal":null,"toilets_male":4,"toilets_female":4,"toilets_not_used_male":0,"toilets_not_used_female":0,"water_source":"خزانات الثانوية و شبكة البلدة","elec_source":"مؤسسة كهرباء لبنان و مولد الثانوية","bathtub_male":0,"bathtub_female":1,"generator":"true","generator_kva":18,"water_tank":2,"water_tank_capacity":20,"water_heater":1,"ac":8,"firedistinguisher":0,"first_aid":"false","wheelchair":0,"beds":0,"fridges":3,"washingmachines":4,"kitchen":"false","kids_area":0,"water_available":"true","need_water":40,"who_water":"الثانوية","how_water":"خزان الثانوية الرئيسي عبر الضخ","LAF_Focal":null,"LAF_shelter_name":null,"LAF_Phone_nb":null,"kg1_public_f":0,"kg1_public_e":0,"kg1_private":0,"kg2_public_f":0,"kg2_public_e":0,"kg2_private":1,"kg3_public_f":0,"kg3_public_e":1,"kg3_private":2,"gr1_public_f":0,"gr1_public_e":0,"gr1_private":0,"gr2_public_f":0,"gr2_public_e":0,"gr2_private":2,"gr3_public_f":0,"gr3_public_e":0,"gr3_private":1,"gr4_public_f":0,"gr4_public_e":0,"gr4_private":0,"gr5_public_f":0,"gr5_public_e":0,"gr5_private":5,"gr6_public_f":0,"gr6_public_e":1,"gr6_private":0,"gr7_public_f":0,"gr7_public_e":0,"gr7_private":1,"gr8_public_f":0,"gr8_public_e":0,"gr8_private":0,"gr9_public_f":1,"gr9_public_e":0,"gr9_private":0,"gr10_public_f":1,"gr10_public_e":0,"gr10_private":0,"gr11s_public_f":1,"gr11s_public_e":0,"gr11s_private":0,"gr11e_public_f":0,"gr11e_public_e":1,"gr11e_private":0,"gr12sg_public_f":0,"gr12sg_public_e":0,"gr12sg_private":0,"gr12se_public_f":0,"gr12se_public_e":0,"gr12se_private":0,"gr12lh_public_f":"false","gr12lh_public_e":0,"gr12lh_private":"false","gr12sv_public_f":0,"gr12sv_public_e":0,"gr12sv_private":0,"tvet_public":0,"tvet_private":2,"uni":3,"syrians":0,"oosc":0,"teachers":0,"bath_hygiene":"good","playground":"good","corridor":"good","rooms_hygiene":"bad","Is_waste_collected":"true","Collection_frequency":"weekly","construction":"true","yes_construction":"موافقة عبر البريد الالكتروني من السيدة مايا سماحة بتاريخ 16-3-2026","unified_authority":"true","documentation":"false","check_all":"false","Comments":null,"comments2":"الخيام حولا دبين","age0_6_months":0,"age6_12_months":0,"f_age0_6_months":0,"f_age6_12_months":0,"f_ages_1_3":1,"f_age_3_5":1,"f_age_6_12":6,"f_age_13_18":3,"f_age_19_57":14,"f_age_58_above":5,"Female_Headed_Households":2,"lost_kids":0,"chronic_disease":13,"diesel_fuel_tank":null,"count_tanks":null,"capacity_tank":null,"need_bin":null,"need_bin_240":null,"need_bin_1100":null,"status_2026":"used","gov_cad":"El Nabatieh","district_cad":"Hasbaya","cad_name":"El-Kfeir","x":35.738742,"y":33.430033},"geometry":{"type":"Point","coordinates":[35.738742,33.430033]}},
{"type":"Feature","properties":{"objectid":503,"globalid":"82038240-a011-4725-a676-6d4b19a9d200","shelter_name":"متوسطة كفرمشكي الرسمية","governorate_name":"Bekaa","district_name":"Rachaya","villages":"Kfar Mechki","lat_calc":33.516878,"long_calc":35.766653,"loc_calc":"33.516878 35.766653","structure_type":"Other","structure_type_other":"تابع للبلدية","cerd_number":null,"ministry_name":"متوسطة كفرمشكي الرسمية","ACS":55154,"P_Code":"55154_002","focal":"منال لحام (نائب رئيس البلدية)","nb":81325229,"mosa_focal":null,"mosa_focal_phone":null,"mehe_focal":null,"mehe_focalnb":null,"type_private_public":"public","other_specifyy":null,"status":"open","notes":null,"sourcee":"ministry","displaced_cas_code":55154,"phases":null,"nb_idps":53,"nb_families":13,"capacity":100,"male":108,"female":101,"age_0_1":4,"ages_1_3":1,"age_3_5":3,"age_6_12":17,"age_13_18":12,"age_19_57":66,"age_58_above":6,"disabilities_pregnant":null,"pregnant_women":1,"heating_disability":null,"visual_disability":0,"physical_disability":0,"interllectual_disability":null,"CreationDate":"2026-03-04T12:04:10","Creator":"Ramez.Hassan.961","EditDate":"2026-08-31T07:27:10","Editor":"EOR.BEKAA","lactating_women":0,"hearing_disability":1,"mental_disability":0,"DONT_ADD":"true","old_global_id":null,"floorsnum":2,"totalrooms":28,"occ_rooms":28,"free_spaces":0,"free_rooms":0,"kitchen_found":"false","kitchen_found2":null,"type_meal":null,"toilets_male":3,"toilets_female":3,"toilets_not_used_male":0,"toilets_not_used_female":0,"water_source":"بئر ارتوازي","elec_source":"  مولد و كهرباء دولة و طاقة شمسية","bathtub_male":2,"bathtub_female":2,"generator":"true","generator_kva":135,"water_tank":8,"water_tank_capacity":100,"water_heater":2,"ac":28,"firedistinguisher":3,"first_aid":"false","wheelchair":0,"beds":0,"fridges":0,"washingmachines":4,"kitchen":"false","kids_area":0,"water_available":"true","need_water":20,"who_water":"البلدية","how_water":"صهريج","LAF_Focal":null,"LAF_shelter_name":null,"LAF_Phone_nb":null,"kg1_public_f":0,"kg1_public_e":1,"kg1_private":0,"kg2_public_f":1,"kg2_public_e":1,"kg2_private":1,"kg3_public_f":1,"kg3_public_e":0,"kg3_private":1,"gr1_public_f":0,"gr1_public_e":0,"gr1_private":2,"gr2_public_f":0,"gr2_public_e":1,"gr2_private":0,"gr3_public_f":0,"gr3_public_e":2,"gr3_private":0,"gr4_public_f":0,"gr4_public_e":1,"gr4_private":1,"gr5_public_f":0,"gr5_public_e":1,"gr5_private":0,"gr6_public_f":0,"gr6_public_e":0,"gr6_private":1,"gr7_public_f":0,"gr7_public_e":2,"gr7_private":0,"gr8_public_f":0,"gr8_public_e":1,"gr8_private":0,"gr9_public_f":0,"gr9_public_e":1,"gr9_private":0,"gr10_public_f":0,"gr10_public_e":0,"gr10_private":0,"gr11s_public_f":0,"gr11s_public_e":0,"gr11s_private":0,"gr11e_public_f":0,"gr11e_public_e":0,"gr11e_private":0,"gr12sg_public_f":0,"gr12sg_public_e":0,"gr12sg_private":0,"gr12se_public_f":0,"gr12se_public_e":1,"gr12se_private":0,"gr12lh_public_f":"false","gr12lh_public_e":0,"gr12lh_private":"false","gr12sv_public_f":0,"gr12sv_public_e":0,"gr12sv_private":0,"tvet_public":5,"tvet_private":0,"uni":0,"syrians":0,"oosc":0,"teachers":0,"bath_hygiene":"fair","playground":"fair","corridor":"bad","rooms_hygiene":"fair","Is_waste_collected":"true","Collection_frequency":"daily","construction":"false","yes_construction":null,"unified_authority":"true","documentation":"true","check_all":"false","Comments":"false","comments2":"لبايا سحمر مشغرة قليا يحمر","age0_6_months":3,"age6_12_months":0,"f_age0_6_months":1,"f_age6_12_months":0,"f_ages_1_3":3,"f_age_3_5":4,"f_age_6_12":13,"f_age_13_18":13,"f_age_19_57":53,"f_age_58_above":14,"Female_Headed_Households":2,"lost_kids":0,"chronic_disease":14,"diesel_fuel_tank":"false","count_tanks":null,"capacity_tank":null,"need_bin":"false","need_bin_240":null,"need_bin_1100":null,"status_2026":"used","gov_cad":"Bekaa","district_cad":"Rachaya","cad_name":"Kfar Mechké","x":35.766653,"y":33.516878},"geometry":{"type":"Point","coordinates":[35.766653,33.516878]}},
{"type":"Feature","properties":{"objectid":510,"globalid":"8d4d4287-42c5-4c31-b3d0-476c7e76280b","shelter_name":"متوسطة الخيارة الرسمية","governorate_name":"Bekaa","district_name":"West Bekaa","villages":"Khiara","lat_calc":33.689853,"long_calc":35.847636,"loc_calc":"33.689853 35.847636","structure_type":"School","structure_type_other":null,"cerd_number":981,"ministry_name":"متوسطة الخيارة الرسمية","ACS":52234,"P_Code":"52234_001","focal":"بدرية صالح","nb":3628963,"mosa_focal":"بسام عجاج","mosa_focal_phone":3328948,"mehe_focal":"بدرية عبد الهادي صالح","mehe_focalnb":"3628963","type_private_public":"public","other_specifyy":null,"status":"open","notes":null,"sourcee":"field","displaced_cas_code":52234,"phases":1,"nb_idps":30,"nb_families":8,"capacity":91,"male":76,"female":111,"age_0_1":1,"ages_1_3":5,"age_3_5":4,"age_6_12":2,"age_13_18":6,"age_19_57":51,"age_58_above":6,"disabilities_pregnant":null,"pregnant_women":1,"heating_disability":null,"visual_disability":0,"physical_disability":1,"interllectual_disability":null,"CreationDate":"2026-03-04T12:04:10","Creator":"Ramez.Hassan.961","EditDate":"2026-09-02T08:41:23","Editor":"EOR.BEKAA","lactating_women":3,"hearing_disability":0,"mental_disability":0,"DONT_ADD":"true","old_global_id":null,"floorsnum":2,"totalrooms":20,"occ_rooms":19,"free_spaces":0,"free_rooms":2,"kitchen_found":"true","kitchen_found2":"false","type_meal":null,"toilets_male":6,"toilets_female":7,"toilets_not_used_male":0,"toilets_not_used_female":0,"water_source":"public well","elec_source":"solar system","bathtub_male":2,"bathtub_female":2,"generator":"false","generator_kva":null,"water_tank":2,"water_tank_capacity":20000,"water_heater":2,"ac":0,"firedistinguisher":9,"first_aid":"true","wheelchair":0,"beds":0,"fridges":0,"washingmachines":0,"kitchen":"false","kids_area":1,"water_available":"true","need_water":60,"who_water":"بلدية","how_water":"صهريج","LAF_Focal":null,"LAF_shelter_name":null,"LAF_Phone_nb":null,"kg1_public_f":0,"kg1_public_e":1,"kg1_private":0,"kg2_public_f":0,"kg2_public_e":0,"kg2_private":2,"kg3_public_f":0,"kg3_public_e":1,"kg3_private":1,"gr1_public_f":0,"gr1_public_e":1,"gr1_private":3,"gr2_public_f":0,"gr2_public_e":0,"gr2_private":1,"gr3_public_f":0,"gr3_public_e":0,"gr3_private":3,"gr4_public_f":0,"gr4_public_e":2,"gr4_private":2,"gr5_public_f":0,"gr5_public_e":2,"gr5_private":2,"gr6_public_f":0,"gr6_public_e":1,"gr6_private":1,"gr7_public_f":0,"gr7_public_e":0,"gr7_private":2,"gr8_public_f":0,"gr8_public_e":1,"gr8_private":0,"gr9_public_f":0,"gr9_public_e":1,"gr9_private":1,"gr10_public_f":0,"gr10_public_e":1,"gr10_private":0,"gr11s_public_f":0,"gr11s_public_e":0,"gr11s_private":0,"gr11e_public_f":0,"gr11e_public_e":0,"gr11e_private":0,"gr12sg_public_f":0,"gr12sg_public_e":0,"gr12sg_private":1,"gr12se_public_f":0,"gr12se_public_e":0,"gr12se_private":0,"gr12lh_public_f":"false","gr12lh_public_e":0,"gr12lh_private":"false","gr12sv_public_f":0,"gr12sv_public_e":0,"gr12sv_private":0,"tvet_public":6,"tvet_private":0,"uni":1,"syrians":0,"oosc":0,"teachers":0,"bath_hygiene":"good","playground":"good","corridor":"good","rooms_hygiene":"good","Is_waste_collected":"true","Collection_frequency":"daily","construction":"false","yes_construction":null,"unified_authority":"true","documentation":"true","check_all":"true","Comments":"false","comments2":"كفررمان طير دبا جويا لبايا ميدون مشغرة الخيام دلافة حوش الغنم بريتال دورس  النبي شيت الخضر  الحلانية","age0_6_months":0,"age6_12_months":2,"f_age0_6_months":0,"f_age6_12_months":0,"f_ages_1_3":5,"f_age_3_5":8,"f_age_6_12":3,"f_age_13_18":6,"f_age_19_57":61,"f_age_58_above":28,"Female_Headed_Households":4,"lost_kids":0,"chronic_disease":12,"diesel_fuel_tank":"true","count_tanks":4,"capacity_tank":20000,"need_bin":null,"need_bin_240":null,"need_bin_1100":null,"status_2026":"used","gov_cad":"Bekaa","district_cad":"West Bekaa","cad_name":"Al-Khiara","x":35.847636,"y":33.689853},"geometry":{"type":"Point","coordinates":[35.847636,33.689853]}},
{"type":"Feature","properties":{"objectid":520,"globalid":"531627ad-03df-45e3-b9d1-b8ea212739be","shelter_name":"حسينية القماطية","governorate_name":"Mount Lebanon","district_name":"Aley","villages":"Qmatiye","lat_calc":33.802778,"long_calc":35.576961,"loc_calc":"33.802778 35.576961","structure_type":"religiou_place","structure_type_other":null,"cerd_number":null,"ministry_name":"جامع القماطية","ACS":24315,"P_Code":"24315_004","focal":"Sami nassreldine","nb":78909036,"mosa_focal":null,"mosa_focal_phone":null,"mehe_focal":null,"mehe_focalnb":null,"type_private_public":"private","other_specifyy":"جامع","status":"open","notes":null,"sourcee":"ministry","displaced_cas_code":24315,"phases":null,"nb_idps":93,"nb_families":29,"capacity":232,"male":80,"female":68,"age_0_1":10,"ages_1_3":3,"age_3_5":7,"age_6_12":6,"age_13_18":7,"age_19_57":32,"age_58_above":9,"disabilities_pregnant":null,"pregnant_women":3,"heating_disability":null,"visual_disability":null,"physical_disability":5,"interllectual_disability":null,"CreationDate":"2026-03-04T12:04:10","Creator":"Ramez.Hassan.961","EditDate":"2026-08-18T13:31:26","Editor":"Data.collection.961","lactating_women":5,"hearing_disability":null,"mental_disability":null,"DONT_ADD":"true","old_global_id":null,"floorsnum":null,"totalrooms":null,"occ_rooms":null,"free_spaces":null,"free_rooms":null,"kitchen_found":null,"kitchen_found2":null,"type_meal":null,"toilets_male":null,"toilets_female":null,"toilets_not_used_male":null,"toilets_not_used_female":null,"water_source":null,"elec_source":null,"bathtub_male":null,"bathtub_female":null,"generator":null,"generator_kva":null,"water_tank":null,"water_tank_capacity":null,"water_heater":null,"ac":null,"firedistinguisher":null,"first_aid":null,"wheelchair":null,"beds":null,"fridges":null,"washingmachines":null,"kitchen":null,"kids_area":null,"water_available":null,"need_water":null,"who_water":null,"how_water":null,"LAF_Focal":null,"LAF_shelter_name":null,"LAF_Phone_nb":null,"kg1_public_f":null,"kg1_public_e":1,"kg1_private":null,"kg2_public_f":null,"kg2_public_e":1,"kg2_private":3,"kg3_public_f":null,"kg3_public_e":1,"kg3_private":1,"gr1_public_f":null,"gr1_public_e":2,"gr1_private":5,"gr2_public_f":null,"gr2_public_e":null,"gr2_private":2,"gr3_public_f":null,"gr3_public_e":2,"gr3_private":1,"gr4_public_f":null,"gr4_public_e":2,"gr4_private":1,"gr5_public_f":null,"gr5_public_e":1,"gr5_private":7,"gr6_public_f":null,"gr6_public_e":1,"gr6_private":2,"gr7_public_f":null,"gr7_public_e":1,"gr7_private":3,"gr8_public_f":null,"gr8_public_e":1,"gr8_private":2,"gr9_public_f":null,"gr9_public_e":null,"gr9_private":1,"gr10_public_f":null,"gr10_public_e":null,"gr10_private":2,"gr11s_public_f":null,"gr11s_public_e":null,"gr11s_private":1,"gr11e_public_f":null,"gr11e_public_e":null,"gr11e_private":null,"gr12sg_public_f":null,"gr12sg_public_e":null,"gr12sg_private":null,"gr12se_public_f":null,"gr12se_public_e":null,"gr12se_private":1,"gr12lh_public_f":null,"gr12lh_public_e":null,"gr12lh_private":null,"gr12sv_public_f":null,"gr12sv_public_e":null,"gr12sv_private":null,"tvet_public":null,"tvet_private":null,"uni":null,"syrians":null,"oosc":null,"teachers":null,"bath_hygiene":null,"playground":null,"corridor":null,"rooms_hygiene":null,"Is_waste_collected":null,"Collection_frequency":null,"construction":null,"yes_construction":null,"unified_authority":null,"documentation":null,"check_all":null,"Comments":null,"comments2":null,"age0_6_months":6,"age6_12_months":10,"f_age0_6_months":4,"f_age6_12_months":12,"f_ages_1_3":2,"f_age_3_5":2,"f_age_6_12":8,"f_age_13_18":10,"f_age_19_57":20,"f_age_58_above":10,"Female_Headed_Households":null,"lost_kids":null,"chronic_disease":null,"diesel_fuel_tank":null,"count_tanks":null,"capacity_tank":null,"need_bin":null,"need_bin_240":null,"need_bin_1100":null,"status_2026":"used","gov_cad":"Mount Lebanon","district_cad":"Aley","cad_name":"El-Kamatiyeh","x":35.57692529,"y":33.80252107},"geometry":{"type":"Point","coordinates":[35.57692529,33.80252107]}},
{"type":"Feature","properties":{"objectid":528,"globalid":"222dd208-5900-446d-945e-c8a28e3de355","shelter_name":"مدرسة داوود العلي","governorate_name":"Mount Lebanon","district_name":"Chouf","villages":"Sibline","lat_calc":33.623486,"long_calc":35.433875,"loc_calc":"33.623486 35.433875","structure_type":"School","structure_type_other":null,"cerd_number":8314,"ministry_name":"مدرسة داوود العلي","ACS":23243,"P_Code":"23243_009","focal":"Shadi Al Ali","nb":70971344,"mosa_focal":"Maysam Hatoum","mosa_focal_phone":3737242,"mehe_focal":"شادي العلي","mehe_focalnb":"70 971 344","type_private_public":"private","other_specifyy":null,"status":"full","notes":null,"sourcee":"field","displaced_cas_code":23243,"phases":null,"nb_idps":64,"nb_families":19,"capacity":239,"male":127,"female":133,"age_0_1":7,"ages_1_3":4,"age_3_5":5,"age_6_12":22,"age_13_18":15,"age_19_57":68,"age_58_above":10,"disabilities_pregnant":null,"pregnant_women":3,"heating_disability":null,"visual_disability":3,"physical_disability":1,"interllectual_disability":null,"CreationDate":"2026-03-04T12:04:10","Creator":"Ramez.Hassan.961","EditDate":"2026-08-27T07:37:19","Editor":"EOR.CHOUF","lactating_women":6,"hearing_disability":0,"mental_disability":5,"DONT_ADD":"true","old_global_id":null,"floorsnum":4,"totalrooms":31,"occ_rooms":31,"free_spaces":0,"free_rooms":0,"kitchen_found":"false","kitchen_found2":null,"type_meal":null,"toilets_male":2,"toilets_female":2,"toilets_not_used_male":0,"toilets_not_used_female":0,"water_source":"جهة حزبية","elec_source":"دولة+ اشتراك","bathtub_male":2,"bathtub_female":2,"generator":"false","generator_kva":null,"water_tank":5,"water_tank_capacity":8000,"water_heater":3,"ac":0,"firedistinguisher":0,"first_aid":"false","wheelchair":0,"beds":0,"fridges":0,"washingmachines":3,"kitchen":"false","kids_area":1,"water_available":"false","need_water":40,"who_water":null,"how_water":null,"LAF_Focal":null,"LAF_shelter_name":null,"LAF_Phone_nb":null,"kg1_public_f":null,"kg1_public_e":null,"kg1_private":null,"kg2_public_f":null,"kg2_public_e":null,"kg2_private":null,"kg3_public_f":null,"kg3_public_e":null,"kg3_private":null,"gr1_public_f":null,"gr1_public_e":null,"gr1_private":null,"gr2_public_f":null,"gr2_public_e":null,"gr2_private":null,"gr3_public_f":null,"gr3_public_e":null,"gr3_private":null,"gr4_public_f":null,"gr4_public_e":null,"gr4_private":null,"gr5_public_f":null,"gr5_public_e":null,"gr5_private":null,"gr6_public_f":null,"gr6_public_e":null,"gr6_private":null,"gr7_public_f":null,"gr7_public_e":null,"gr7_private":null,"gr8_public_f":null,"gr8_public_e":null,"gr8_private":null,"gr9_public_f":null,"gr9_public_e":null,"gr9_private":null,"gr10_public_f":null,"gr10_public_e":null,"gr10_private":null,"gr11s_public_f":null,"gr11s_public_e":null,"gr11s_private":null,"gr11e_public_f":null,"gr11e_public_e":null,"gr11e_private":null,"gr12sg_public_f":null,"gr12sg_public_e":null,"gr12sg_private":null,"gr12se_public_f":null,"gr12se_public_e":null,"gr12se_private":null,"gr12lh_public_f":null,"gr12lh_public_e":null,"gr12lh_private":null,"gr12sv_public_f":null,"gr12sv_public_e":null,"gr12sv_private":null,"tvet_public":null,"tvet_private":null,"uni":null,"syrians":null,"oosc":null,"teachers":null,"bath_hygiene":null,"playground":null,"corridor":null,"rooms_hygiene":null,"Is_waste_collected":null,"Collection_frequency":null,"construction":null,"yes_construction":null,"unified_authority":null,"documentation":null,"check_all":null,"Comments":null,"comments2":null,"age0_6_months":3,"age6_12_months":0,"f_age0_6_months":4,"f_age6_12_months":2,"f_ages_1_3":7,"f_age_3_5":9,"f_age_6_12":10,"f_age_13_18":6,"f_age_19_57":80,"f_age_58_above":15,"Female_Headed_Households":null,"lost_kids":null,"chronic_disease":null,"diesel_fuel_tank":null,"count_tanks":null,"capacity_tank":null,"need_bin":null,"need_bin_240":null,"need_bin_1100":null,"status_2026":"used","gov_cad":"Mount Lebanon","district_cad":"Chouf","cad_name":"Sebline","x":35.433875,"y":33.623486},"geometry":{"type":"Point","coordinates":[35.433875,33.623486]}},
{"type":"Feature","properties":{"objectid":536,"globalid":"63b9ba81-3200-4c4c-b5f4-6fa8bd758266","shelter_name":"نادي الفتيان في الزعرورية","governorate_name":"Mount Lebanon","district_name":"Chouf","villages":"Zaarouriye","lat_calc":33.614733,"long_calc":35.519792,"loc_calc":"33.614733 35.519792","structure_type":"Other","structure_type_other":"نادي","cerd_number":390,"ministry_name":"نادي الفتيان في الزعرورية","ACS":23381,"P_Code":"23381_003","focal":"Carol Shameseddine","nb":70191977,"mosa_focal":"منيا محسن الحجار","mosa_focal_phone":70078623,"mehe_focal":"لايوجد","mehe_focalnb":"لايوجد","type_private_public":"private","other_specifyy":null,"status":"full","notes":"غير قادر على الاستيعاب","sourcee":"ministry","displaced_cas_code":23381,"phases":2,"nb_idps":59,"nb_families":20,"capacity":73,"male":35,"female":36,"age_0_1":0,"ages_1_3":4,"age_3_5":3,"age_6_12":2,"age_13_18":2,"age_19_57":15,"age_58_above":9,"disabilities_pregnant":null,"pregnant_women":1,"heating_disability":null,"visual_disability":0,"physical_disability":0,"interllectual_disability":null,"CreationDate":"2026-03-04T12:04:10","Creator":"Ramez.Hassan.961","EditDate":"2026-08-18T06:40:32","Editor":"EOR.CHOUF","lactating_women":0,"hearing_disability":0,"mental_disability":0,"DONT_ADD":"true","old_global_id":null,"floorsnum":2,"totalrooms":7,"occ_rooms":7,"free_spaces":0,"free_rooms":0,"kitchen_found":"false","kitchen_found2":null,"type_meal":null,"toilets_male":1,"toilets_female":1,"toilets_not_used_male":2,"toilets_not_used_female":1,"water_source":"عيار ماء","elec_source":"دولة","bathtub_male":1,"bathtub_female":1,"generator":"false","generator_kva":null,"water_tank":2,"water_tank_capacity":20,"water_heater":1,"ac":0,"firedistinguisher":0,"first_aid":"false","wheelchair":0,"beds":0,"fridges":1,"washingmachines":2,"kitchen":"false","kids_area":0,"water_available":"true","need_water":20,"who_water":"دولة","how_water":"جيدة","LAF_Focal":null,"LAF_shelter_name":null,"LAF_Phone_nb":null,"kg1_public_f":null,"kg1_public_e":null,"kg1_private":null,"kg2_public_f":null,"kg2_public_e":null,"kg2_private":null,"kg3_public_f":null,"kg3_public_e":null,"kg3_private":null,"gr1_public_f":null,"gr1_public_e":null,"gr1_private":null,"gr2_public_f":null,"gr2_public_e":null,"gr2_private":null,"gr3_public_f":null,"gr3_public_e":null,"gr3_private":null,"gr4_public_f":null,"gr4_public_e":null,"gr4_private":null,"gr5_public_f":null,"gr5_public_e":null,"gr5_private":null,"gr6_public_f":null,"gr6_public_e":null,"gr6_private":null,"gr7_public_f":null,"gr7_public_e":null,"gr7_private":null,"gr8_public_f":null,"gr8_public_e":null,"gr8_private":null,"gr9_public_f":null,"gr9_public_e":null,"gr9_private":null,"gr10_public_f":null,"gr10_public_e":null,"gr10_private":null,"gr11s_public_f":null,"gr11s_public_e":null,"gr11s_private":null,"gr11e_public_f":null,"gr11e_public_e":null,"gr11e_private":null,"gr12sg_public_f":null,"gr12sg_public_e":null,"gr12sg_private":null,"gr12se_public_f":null,"gr12se_public_e":null,"gr12se_private":null,"gr12lh_public_f":null,"gr12lh_public_e":null,"gr12lh_private":null,"gr12sv_public_f":null,"gr12sv_public_e":null,"gr12sv_private":null,"tvet_public":null,"tvet_private":null,"uni":null,"syrians":null,"oosc":null,"teachers":null,"bath_hygiene":null,"playground":null,"corridor":null,"rooms_hygiene":null,"Is_waste_collected":null,"Collection_frequency":null,"construction":null,"yes_construction":null,"unified_authority":null,"documentation":null,"check_all":null,"Comments":null,"comments2":null,"age0_6_months":0,"age6_12_months":0,"f_age0_6_months":0,"f_age6_12_months":0,"f_ages_1_3":0,"f_age_3_5":0,"f_age_6_12":7,"f_age_13_18":6,"f_age_19_57":20,"f_age_58_above":3,"Female_Headed_Households":null,"lost_kids":null,"chronic_disease":null,"diesel_fuel_tank":null,"count_tanks":null,"capacity_tank":null,"need_bin":null,"need_bin_240":null,"need_bin_1100":null,"status_2026":"used","gov_cad":"Mount Lebanon","district_cad":"Chouf","cad_name":"Zaarouriyeh","x":35.519792,"y":33.614733},"geometry":{"type":"Point","coordinates":[35.519792,33.614733]}},
{"type":"Feature","properties":{"objectid":544,"globalid":"9efe9362-3ab9-4f04-b63a-d2519036d1a0","shelter_name":"مدرسة بترومين","governorate_name":"North","district_name":"El Koura","villages":"Batroumine","lat_calc":34.365789,"long_calc":35.808419,"loc_calc":"34.365789 35.808419","structure_type":"Other","structure_type_other":"municipality","cerd_number":null,"ministry_name":"مدرسة بترومين","ACS":32159,"P_Code":"32159_002","focal":"غابي غانم","nb":3805462,"mosa_focal":"Georges Nehme","mosa_focal_phone":3748630,"mehe_focal":"غابي غانم","mehe_focalnb":"3805462","type_private_public":"public","other_specifyy":null,"status":"open","notes":null,"sourcee":"ministry","displaced_cas_code":32159,"phases":null,"nb_idps":6,"nb_families":1,"capacity":58,"male":32,"female":39,"age_0_1":1,"ages_1_3":0,"age_3_5":2,"age_6_12":8,"age_13_18":6,"age_19_57":12,"age_58_above":4,"disabilities_pregnant":null,"pregnant_women":0,"heating_disability":null,"visual_disability":0,"physical_disability":1,"interllectual_disability":null,"CreationDate":"2026-03-04T12:04:10","Creator":"Ramez.Hassan.961","EditDate":"2026-08-22T05:45:29","Editor":"EOR.NORTH","lactating_women":1,"hearing_disability":0,"mental_disability":2,"DONT_ADD":"true","old_global_id":null,"floorsnum":null,"totalrooms":null,"occ_rooms":null,"free_spaces":null,"free_rooms":null,"kitchen_found":null,"kitchen_found2":null,"type_meal":null,"toilets_male":null,"toilets_female":null,"toilets_not_used_male":null,"toilets_not_used_female":null,"water_source":null,"elec_source":null,"bathtub_male":null,"bathtub_female":null,"generator":null,"generator_kva":null,"water_tank":null,"water_tank_capacity":null,"water_heater":null,"ac":null,"firedistinguisher":null,"first_aid":null,"wheelchair":null,"beds":null,"fridges":null,"washingmachines":null,"kitchen":null,"kids_area":null,"water_available":null,"need_water":null,"who_water":null,"how_water":null,"LAF_Focal":null,"LAF_shelter_name":null,"LAF_Phone_nb":null,"kg1_public_f":1,"kg1_public_e":2,"kg1_private":0,"kg2_public_f":1,"kg2_public_e":2,"kg2_private":0,"kg3_public_f":0,"kg3_public_e":0,"kg3_private":0,"gr1_public_f":0,"gr1_public_e":0,"gr1_private":0,"gr2_public_f":0,"gr2_public_e":2,"gr2_private":0,"gr3_public_f":0,"gr3_public_e":5,"gr3_private":0,"gr4_public_f":0,"gr4_public_e":2,"gr4_private":0,"gr5_public_f":0,"gr5_public_e":2,"gr5_private":0,"gr6_public_f":0,"gr6_public_e":0,"gr6_private":0,"gr7_public_f":0,"gr7_public_e":0,"gr7_private":0,"gr8_public_f":1,"gr8_public_e":0,"gr8_private":0,"gr9_public_f":0,"gr9_public_e":0,"gr9_private":0,"gr10_public_f":0,"gr10_public_e":2,"gr10_private":0,"gr11s_public_f":0,"gr11s_public_e":0,"gr11s_private":0,"gr11e_public_f":0,"gr11e_public_e":0,"gr11e_private":0,"gr12sg_public_f":0,"gr12sg_public_e":0,"gr12sg_private":0,"gr12se_public_f":0,"gr12se_public_e":0,"gr12se_private":0,"gr12lh_public_f":"false","gr12lh_public_e":0,"gr12lh_private":"false","gr12sv_public_f":0,"gr12sv_public_e":0,"gr12sv_private":0,"tvet_public":5,"tvet_private":0,"uni":4,"syrians":0,"oosc":0,"teachers":1,"bath_hygiene":null,"playground":null,"corridor":null,"rooms_hygiene":null,"Is_waste_collected":null,"Collection_frequency":null,"construction":null,"yes_construction":null,"unified_authority":null,"documentation":null,"check_all":null,"Comments":"false","comments2":"الغبيري - جرجوع - بني حيان - بنعفول - حومين التحتا - بيت ليف - الطيبة - حاروف - حي السلم - مجدل سلم - خربة سلم - خرايب - صور","age0_6_months":0,"age6_12_months":0,"f_age0_6_months":0,"f_age6_12_months":0,"f_ages_1_3":2,"f_age_3_5":3,"f_age_6_12":3,"f_age_13_18":5,"f_age_19_57":23,"f_age_58_above":3,"Female_Headed_Households":3,"lost_kids":0,"chronic_disease":11,"diesel_fuel_tank":null,"count_tanks":null,"capacity_tank":null,"need_bin":null,"need_bin_240":null,"need_bin_1100":null,"status_2026":"used","gov_cad":"North","district_cad":"Tripoli","cad_name":"Tripoli Jardins","x":35.83536031,"y":34.43285804},"geometry":{"type":"Point","coordinates":[35.83536031,34.43285804]}},
{"type":"Feature","properties":{"objectid":549,"globalid":"fb660546-303d-46a0-9da9-361ad312f902","shelter_name":"عين قنيا المتوسطة الرسمية المختلطة","governorate_name":"El Nabatieh","district_name":"Hasbaya","villages":"Ain Qenya","lat_calc":33.398819,"long_calc":35.706253,"loc_calc":"33.398819 35.706253","structure_type":"School","structure_type_other":null,"cerd_number":1178,"ministry_name":"عين قنيا المتوسطة الرسمية","ACS":74124,"P_Code":"74124_001","focal":null,"nb":null,"mosa_focal":"نسرين زويهد","mosa_focal_phone":3063925,"mehe_focal":"سهيل علود ","mehe_focalnb":null,"type_private_public":"public","other_specifyy":null,"status":"open","notes":"لا سعة اكثر ","sourcee":"ministry","displaced_cas_code":74126,"phases":1,"nb_idps":9,"nb_families":2,"capacity":73,"male":43,"female":29,"age_0_1":2,"ages_1_3":1,"age_3_5":3,"age_6_12":6,"age_13_18":8,"age_19_57":21,"age_58_above":4,"disabilities_pregnant":null,"pregnant_women":0,"heating_disability":null,"visual_disability":0,"physical_disability":1,"interllectual_disability":null,"CreationDate":"2026-03-04T12:04:10","Creator":"Ramez.Hassan.961","EditDate":"2026-09-01T12:39:59","Editor":"EOR.SAIDA","lactating_women":1,"hearing_disability":1,"mental_disability":1,"DONT_ADD":"true","old_global_id":null,"floorsnum":3,"totalrooms":19,"occ_rooms":10,"free_spaces":0,"free_rooms":3,"kitchen_found":"true","kitchen_found2":"true","type_meal":"hot_cold_meal","toilets_male":10,"toilets_female":8,"toilets_not_used_male":5,"toilets_not_used_female":3,"water_source":"مياه لبنان الجنوبي","elec_source":"كهرباء لبنان","bathtub_male":0,"bathtub_female":0,"generator":"false","generator_kva":null,"water_tank":5,"water_tank_capacity":10000,"water_heater":0,"ac":0,"firedistinguisher":0,"first_aid":"false","wheelchair":0,"beds":0,"fridges":0,"washingmachines":2,"kitchen":"false","kids_area":0,"water_available":"true","need_water":15,"who_water":"الدفاع المدني","how_water":"الضخ من صهريج الدفاع المدني","LAF_Focal":null,"LAF_shelter_name":null,"LAF_Phone_nb":null,"kg1_public_f":0,"kg1_public_e":1,"kg1_private":0,"kg2_public_f":0,"kg2_public_e":2,"kg2_private":0,"kg3_public_f":0,"kg3_public_e":2,"kg3_private":0,"gr1_public_f":0,"gr1_public_e":0,"gr1_private":1,"gr2_public_f":0,"gr2_public_e":2,"gr2_private":1,"gr3_public_f":0,"gr3_public_e":0,"gr3_private":0,"gr4_public_f":0,"gr4_public_e":2,"gr4_private":0,"gr5_public_f":0,"gr5_public_e":1,"gr5_private":1,"gr6_public_f":0,"gr6_public_e":0,"gr6_private":0,"gr7_public_f":0,"gr7_public_e":0,"gr7_private":1,"gr8_public_f":1,"gr8_public_e":1,"gr8_private":0,"gr9_public_f":0,"gr9_public_e":1,"gr9_private":0,"gr10_public_f":0,"gr10_public_e":2,"gr10_private":0,"gr11s_public_f":0,"gr11s_public_e":0,"gr11s_private":0,"gr11e_public_f":0,"gr11e_public_e":0,"gr11e_private":0,"gr12sg_public_f":0,"gr12sg_public_e":0,"gr12sg_private":0,"gr12se_public_f":0,"gr12se_public_e":0,"gr12se_private":0,"gr12lh_public_f":"false","gr12lh_public_e":0,"gr12lh_private":"false","gr12sv_public_f":0,"gr12sv_public_e":0,"gr12sv_private":0,"tvet_public":6,"tvet_private":1,"uni":1,"syrians":0,"oosc":2,"teachers":1,"bath_hygiene":"fair","playground":"fair","corridor":"fair","rooms_hygiene":"fair","Is_waste_collected":"true","Collection_frequency":"daily","construction":"false","yes_construction":null,"unified_authority":"true","documentation":"false","check_all":"false","Comments":"true","comments2":"الخيام كفركيلا","age0_6_months":0,"age6_12_months":0,"f_age0_6_months":1,"f_age6_12_months":0,"f_ages_1_3":0,"f_age_3_5":1,"f_age_6_12":3,"f_age_13_18":5,"f_age_19_57":15,"f_age_58_above":4,"Female_Headed_Households":1,"lost_kids":4,"chronic_disease":1,"diesel_fuel_tank":null,"count_tanks":null,"capacity_tank":null,"need_bin":null,"need_bin_240":null,"need_bin_1100":null,"status_2026":"used","gov_cad":"El Nabatieh","district_cad":"Hasbaya","cad_name":"Aïn Kinia","x":35.706253,"y":33.398819},"geometry":{"type":"Point","coordinates":[35.706253,33.398819]}},
{"type":"Feature","properties":{"objectid":575,"globalid":"1bb6715c-dc36-48d3-b2aa-e64d2187f759","shelter_name":"ثانوية ضهور الشوير الرسمية","governorate_name":"Mount Lebanon","district_name":"El Meten","villages":"Dhour Ech Choueir","lat_calc":33.9067,"long_calc":35.7214,"loc_calc":"33.9067 35.7214","structure_type":"School","structure_type_other":null,"cerd_number":227,"ministry_name":"ثانوية ضهور الشوير الرسمية","ACS":22754,"P_Code":"22754_001","focal":"Hanadi Rahbani","nb":3858018,"mosa_focal":"Haifa kharrat","mosa_focal_phone":76129845,"mehe_focal":"Hanadi Rahbani","mehe_focalnb":"3858018","type_private_public":"public","other_specifyy":null,"status":"open","notes":null,"sourcee":"field","displaced_cas_code":22754,"phases":2,"nb_idps":63,"nb_families":18,"capacity":350,"male":107,"female":126,"age_0_1":1,"ages_1_3":6,"age_3_5":5,"age_6_12":21,"age_13_18":23,"age_19_57":36,"age_58_above":13,"disabilities_pregnant":null,"pregnant_women":2,"heating_disability":null,"visual_disability":1,"physical_disability":0,"interllectual_disability":null,"CreationDate":"2026-03-04T12:04:10","Creator":"Ramez.Hassan.961","EditDate":"2026-09-02T13:13:25","Editor":"EOR.MATEN","lactating_women":0,"hearing_disability":0,"mental_disability":1,"DONT_ADD":"true","old_global_id":null,"floorsnum":3,"totalrooms":48,"occ_rooms":48,"free_spaces":0,"free_rooms":0,"kitchen_found":"false","kitchen_found2":null,"type_meal":null,"toilets_male":4,"toilets_female":4,"toilets_not_used_male":1,"toilets_not_used_female":1,"water_source":"الشبكة العامة","elec_source":"الشبكة العامة + اشتراك مولد","bathtub_male":4,"bathtub_female":4,"generator":"false","generator_kva":null,"water_tank":7,"water_tank_capacity":24,"water_heater":2,"ac":0,"firedistinguisher":0,"first_aid":"false","wheelchair":0,"beds":0,"fridges":0,"washingmachines":2,"kitchen":"false","kids_area":1,"water_available":"false","need_water":120,"who_water":null,"how_water":null,"LAF_Focal":null,"LAF_shelter_name":null,"LAF_Phone_nb":null,"kg1_public_f":0,"kg1_public_e":6,"kg1_private":1,"kg2_public_f":0,"kg2_public_e":3,"kg2_private":3,"kg3_public_f":0,"kg3_public_e":1,"kg3_private":0,"gr1_public_f":0,"gr1_public_e":4,"gr1_private":5,"gr2_public_f":1,"gr2_public_e":4,"gr2_private":1,"gr3_public_f":0,"gr3_public_e":2,"gr3_private":7,"gr4_public_f":1,"gr4_public_e":3,"gr4_private":4,"gr5_public_f":1,"gr5_public_e":4,"gr5_private":5,"gr6_public_f":0,"gr6_public_e":6,"gr6_private":3,"gr7_public_f":2,"gr7_public_e":7,"gr7_private":3,"gr8_public_f":0,"gr8_public_e":1,"gr8_private":2,"gr9_public_f":0,"gr9_public_e":5,"gr9_private":1,"gr10_public_f":0,"gr10_public_e":5,"gr10_private":0,"gr11s_public_f":0,"gr11s_public_e":1,"gr11s_private":1,"gr11e_public_f":0,"gr11e_public_e":0,"gr11e_private":0,"gr12sg_public_f":0,"gr12sg_public_e":0,"gr12sg_private":0,"gr12se_public_f":0,"gr12se_public_e":1,"gr12se_private":0,"gr12lh_public_f":"false","gr12lh_public_e":0,"gr12lh_private":"false","gr12sv_public_f":0,"gr12sv_public_e":0,"gr12sv_private":0,"tvet_public":4,"tvet_private":2,"uni":7,"syrians":0,"oosc":22,"teachers":0,"bath_hygiene":"fair","playground":"fair","corridor":"fair","rooms_hygiene":"fair","Is_waste_collected":"true","Collection_frequency":"daily","construction":"false","yes_construction":null,"unified_authority":"true","documentation":"true","check_all":"true","Comments":"true","comments2":"اسماء مناطق النازحين:الطيري جولا تبنين تبنين التحتا ياطر معركة الجميحة الضاحية ارزاي شوكين حاريص صريفا بعلبك النبي شيت الخيام البازورية قلاوي عيتب","age0_6_months":1,"age6_12_months":2,"f_age0_6_months":0,"f_age6_12_months":5,"f_ages_1_3":3,"f_age_3_5":4,"f_age_6_12":19,"f_age_13_18":14,"f_age_19_57":72,"f_age_58_above":9,"Female_Headed_Households":0,"lost_kids":0,"chronic_disease":2,"diesel_fuel_tank":"true","count_tanks":1,"capacity_tank":1600,"need_bin":null,"need_bin_240":null,"need_bin_1100":null,"status_2026":"used","gov_cad":"Mount Lebanon","district_cad":"El Meten","cad_name":"Choueir","x":35.72570337,"y":33.92064349},"geometry":{"type":"Point","coordinates":[35.72570337,33.92064349]}},
{"type":"Feature","properties":{"objectid":631,"globalid":"77cf8b22-8a25-496d-a74a-d592712d50eb","shelter_name":"مركز الامداد للرعاية الاجتماعية - دار الأيتام المعيصرة","governorate_name":"Mount Lebanon","district_name":"Kesrwane","villages":"Maaysra","lat_calc":34.071044,"long_calc":35.685239,"loc_calc":"34.071044 35.685239","structure_type":"Institute","structure_type_other":null,"cerd_number":null,"ministry_name":"مركز الامداد للرعاية الاجتماعية - دار الأيتام المعيصرة","ACS":25357,"P_Code":"25357_007","focal":"Khoder Aamro","nb":71962884,"mosa_focal":"Aya Ahmad","mosa_focal_phone":70061619,"mehe_focal":null,"mehe_focalnb":null,"type_private_public":"private","other_specifyy":"مركز رعاية صحية ","status":"open","notes":null,"sourcee":"field","displaced_cas_code":25357,"phases":null,"nb_idps":42,"nb_families":11,"capacity":255,"male":119,"female":138,"age_0_1":36,"ages_1_3":7,"age_3_5":15,"age_6_12":21,"age_13_18":17,"age_19_57":43,"age_58_above":11,"disabilities_pregnant":null,"pregnant_women":11,"heating_disability":null,"visual_disability":1,"physical_disability":6,"interllectual_disability":null,"CreationDate":"2026-03-04T12:04:10","Creator":"Ramez.Hassan.961","EditDate":"2026-08-24T07:27:33","Editor":"EOR.KESRWAN","lactating_women":15,"hearing_disability":1,"mental_disability":4,"DONT_ADD":"true","old_global_id":null,"floorsnum":5,"totalrooms":null,"occ_rooms":null,"free_spaces":null,"free_rooms":null,"kitchen_found":null,"kitchen_found2":null,"type_meal":null,"toilets_male":null,"toilets_female":null,"toilets_not_used_male":null,"toilets_not_used_female":null,"water_source":null,"elec_source":null,"bathtub_male":null,"bathtub_female":null,"generator":null,"generator_kva":null,"water_tank":null,"water_tank_capacity":null,"water_heater":null,"ac":null,"firedistinguisher":3,"first_aid":null,"wheelchair":null,"beds":null,"fridges":null,"washingmachines":null,"kitchen":null,"kids_area":null,"water_available":null,"need_water":null,"who_water":null,"how_water":null,"LAF_Focal":null,"LAF_shelter_name":null,"LAF_Phone_nb":null,"kg1_public_f":1,"kg1_public_e":null,"kg1_private":null,"kg2_public_f":4,"kg2_public_e":null,"kg2_private":null,"kg3_public_f":6,"kg3_public_e":null,"kg3_private":null,"gr1_public_f":3,"gr1_public_e":null,"gr1_private":null,"gr2_public_f":4,"gr2_public_e":null,"gr2_private":null,"gr3_public_f":null,"gr3_public_e":null,"gr3_private":null,"gr4_public_f":3,"gr4_public_e":null,"gr4_private":null,"gr5_public_f":2,"gr5_public_e":null,"gr5_private":null,"gr6_public_f":2,"gr6_public_e":null,"gr6_private":null,"gr7_public_f":4,"gr7_public_e":null,"gr7_private":null,"gr8_public_f":5,"gr8_public_e":null,"gr8_private":null,"gr9_public_f":4,"gr9_public_e":null,"gr9_private":null,"gr10_public_f":3,"gr10_public_e":null,"gr10_private":null,"gr11s_public_f":1,"gr11s_public_e":null,"gr11s_private":null,"gr11e_public_f":2,"gr11e_public_e":null,"gr11e_private":null,"gr12sg_public_f":null,"gr12sg_public_e":null,"gr12sg_private":null,"gr12se_public_f":2,"gr12se_public_e":null,"gr12se_private":null,"gr12lh_public_f":null,"gr12lh_public_e":null,"gr12lh_private":null,"gr12sv_public_f":null,"gr12sv_public_e":null,"gr12sv_private":null,"tvet_public":5,"tvet_private":null,"uni":5,"syrians":null,"oosc":null,"teachers":null,"bath_hygiene":null,"playground":null,"corridor":null,"rooms_hygiene":null,"Is_waste_collected":null,"Collection_frequency":null,"construction":null,"yes_construction":null,"unified_authority":null,"documentation":null,"check_all":null,"Comments":null,"comments2":"الخيام الزرارية النبطية انصار البابلية باريش تول حاروف حبوش حلوسية دير عامص زوطر شهابية صديقين الضاحية عبا عيتا الشعب عيترون غازية كفرصير","age0_6_months":2,"age6_12_months":3,"f_age0_6_months":0,"f_age6_12_months":3,"f_ages_1_3":6,"f_age_3_5":6,"f_age_6_12":21,"f_age_13_18":17,"f_age_19_57":68,"f_age_58_above":17,"Female_Headed_Households":null,"lost_kids":null,"chronic_disease":null,"diesel_fuel_tank":null,"count_tanks":null,"capacity_tank":null,"need_bin":null,"need_bin_240":null,"need_bin_1100":null,"status_2026":"used","gov_cad":"Mount Lebanon","district_cad":"Kesrwane","cad_name":"El-Mouaïsra","x":35.685239,"y":34.071044},"geometry":{"type":"Point","coordinates":[35.685239,34.071044]}},
{"type":"Feature","properties":{"objectid":651,"globalid":"c7dbc1cc-0868-4649-8e5a-73d78b900adf","shelter_name":"مدرسة الزعرورية المختلطة المتوسطة الرسمية","governorate_name":"Mount Lebanon","district_name":"Chouf","villages":"Zaarouriye","lat_calc":33.614733,"long_calc":35.519792,"loc_calc":"33.614733 35.519792","structure_type":"School","structure_type_other":null,"cerd_number":343,"ministry_name":"الزعرورية المختلطة المتوسطة الرسمية","ACS":23381,"P_Code":"23381_001","focal":"مي الخازن","nb":3591676,"mosa_focal":null,"mosa_focal_phone":null,"mehe_focal":"مي الخازن","mehe_focalnb":"3591676","type_private_public":"public","other_specifyy":null,"status":"full","notes":null,"sourcee":"field","displaced_cas_code":23381,"phases":1,"nb_idps":48,"nb_families":13,"capacity":48,"male":40,"female":33,"age_0_1":0,"ages_1_3":1,"age_3_5":4,"age_6_12":12,"age_13_18":2,"age_19_57":18,"age_58_above":3,"disabilities_pregnant":null,"pregnant_women":0,"heating_disability":null,"visual_disability":0,"physical_disability":0,"interllectual_disability":null,"CreationDate":"2026-03-04T12:04:10","Creator":"Ramez.Hassan.961","EditDate":"2026-07-10T11:27:52","Editor":"EOR.CHOUF","lactating_women":0,"hearing_disability":0,"mental_disability":0,"DONT_ADD":"true","old_global_id":null,"floorsnum":3,"totalrooms":12,"occ_rooms":9,"free_spaces":3,"free_rooms":0,"kitchen_found":"false","kitchen_found2":null,"type_meal":null,"toilets_male":2,"toilets_female":1,"toilets_not_used_male":2,"toilets_not_used_female":2,"water_source":"عيار ماء","elec_source":"طاقة شمسية-دولة","bathtub_male":2,"bathtub_female":1,"generator":"false","generator_kva":null,"water_tank":6,"water_tank_capacity":20,"water_heater":3,"ac":8,"firedistinguisher":3,"first_aid":"true","wheelchair":0,"beds":0,"fridges":0,"washingmachines":2,"kitchen":"false","kids_area":1,"water_available":null,"need_water":null,"who_water":null,"how_water":null,"LAF_Focal":null,"LAF_shelter_name":null,"LAF_Phone_nb":null,"kg1_public_f":null,"kg1_public_e":null,"kg1_private":null,"kg2_public_f":null,"kg2_public_e":null,"kg2_private":null,"kg3_public_f":null,"kg3_public_e":null,"kg3_private":null,"gr1_public_f":null,"gr1_public_e":null,"gr1_private":null,"gr2_public_f":null,"gr2_public_e":null,"gr2_private":null,"gr3_public_f":null,"gr3_public_e":null,"gr3_private":null,"gr4_public_f":null,"gr4_public_e":null,"gr4_private":null,"gr5_public_f":null,"gr5_public_e":null,"gr5_private":null,"gr6_public_f":null,"gr6_public_e":null,"gr6_private":null,"gr7_public_f":null,"gr7_public_e":null,"gr7_private":null,"gr8_public_f":null,"gr8_public_e":null,"gr8_private":null,"gr9_public_f":null,"gr9_public_e":null,"gr9_private":null,"gr10_public_f":null,"gr10_public_e":null,"gr10_private":null,"gr11s_public_f":null,"gr11s_public_e":null,"gr11s_private":null,"gr11e_public_f":null,"gr11e_public_e":null,"gr11e_private":null,"gr12sg_public_f":null,"gr12sg_public_e":null,"gr12sg_private":null,"gr12se_public_f":null,"gr12se_public_e":null,"gr12se_private":null,"gr12lh_public_f":null,"gr12lh_public_e":null,"gr12lh_private":null,"gr12sv_public_f":null,"gr12sv_public_e":null,"gr12sv_private":null,"tvet_public":null,"tvet_private":null,"uni":null,"syrians":null,"oosc":null,"teachers":null,"bath_hygiene":null,"playground":null,"corridor":null,"rooms_hygiene":null,"Is_waste_collected":null,"Collection_frequency":null,"construction":null,"yes_construction":null,"unified_authority":null,"documentation":null,"check_all":null,"Comments":null,"comments2":null,"age0_6_months":0,"age6_12_months":0,"f_age0_6_months":0,"f_age6_12_months":0,"f_ages_1_3":1,"f_age_3_5":1,"f_age_6_12":6,"f_age_13_18":4,"f_age_19_57":18,"f_age_58_above":3,"Female_Headed_Households":null,"lost_kids":null,"chronic_disease":null,"diesel_fuel_tank":null,"count_tanks":null,"capacity_tank":null,"need_bin":null,"need_bin_240":null,"need_bin_1100":null,"status_2026":"used","gov_cad":"Mount Lebanon","district_cad":"Chouf","cad_name":"Zaarouriyeh","x":35.519792,"y":33.614733},"geometry":{"type":"Point","coordinates":[35.519792,33.614733]}},
{"type":"Feature","properties":{"objectid":655,"globalid":"915dcf26-f2cf-4448-a55a-5c1d709d3e45","shelter_name":"متوسطة فرن الشباك الرسمية المختلطة","governorate_name":"Mount Lebanon","district_name":"Baabda","villages":"Furn ech Chebak","lat_calc":33.872778,"long_calc":35.520833,"loc_calc":"33.872778 35.520833","structure_type":"School","structure_type_other":null,"cerd_number":71,"ministry_name":"رن الشباك المختلطة المتوسطة الرسمية","ACS":21133,"P_Code":"21133_002","focal":"رانيا رزق","nb":3041589,"mosa_focal":"ليال فيصل منصور","mosa_focal_phone":76485822,"mehe_focal":"رانيا رزق","mehe_focalnb":"3041589","type_private_public":"public","other_specifyy":null,"status":"full","notes":"عدم قدرة على الاستعاب","sourcee":"ministry","displaced_cas_code":21133,"phases":1,"nb_idps":26,"nb_families":7,"capacity":134,"male":12,"female":14,"age_0_1":0,"ages_1_3":0,"age_3_5":2,"age_6_12":1,"age_13_18":1,"age_19_57":6,"age_58_above":2,"disabilities_pregnant":null,"pregnant_women":1,"heating_disability":null,"visual_disability":2,"physical_disability":2,"interllectual_disability":null,"CreationDate":"2026-03-04T12:04:10","Creator":"Ramez.Hassan.961","EditDate":"2026-09-01T08:20:38","Editor":"EOR.BAABDA","lactating_women":1,"hearing_disability":3,"mental_disability":3,"DONT_ADD":"true","old_global_id":null,"floorsnum":3,"totalrooms":20,"occ_rooms":20,"free_spaces":0,"free_rooms":1,"kitchen_found":"false","kitchen_found2":null,"type_meal":null,"toilets_male":5,"toilets_female":3,"toilets_not_used_male":0,"toilets_not_used_female":0,"water_source":"مياه دولة بيروت - صهريج مياه","elec_source":"كهرباء دولة - اشتراك مولد","bathtub_male":2,"bathtub_female":3,"generator":"false","generator_kva":null,"water_tank":11,"water_tank_capacity":22000,"water_heater":6,"ac":7,"firedistinguisher":0,"first_aid":"false","wheelchair":0,"beds":0,"fridges":0,"washingmachines":0,"kitchen":"false","kids_area":2,"water_available":"true","need_water":15000,"who_water":"World vision - اطفائية ","how_water":"صهريج مياه","LAF_Focal":null,"LAF_shelter_name":null,"LAF_Phone_nb":null,"kg1_public_f":0,"kg1_public_e":0,"kg1_private":0,"kg2_public_f":0,"kg2_public_e":0,"kg2_private":0,"kg3_public_f":0,"kg3_public_e":1,"kg3_private":1,"gr1_public_f":0,"gr1_public_e":3,"gr1_private":3,"gr2_public_f":0,"gr2_public_e":1,"gr2_private":null,"gr3_public_f":0,"gr3_public_e":0,"gr3_private":2,"gr4_public_f":0,"gr4_public_e":4,"gr4_private":4,"gr5_public_f":0,"gr5_public_e":1,"gr5_private":2,"gr6_public_f":0,"gr6_public_e":1,"gr6_private":0,"gr7_public_f":0,"gr7_public_e":2,"gr7_private":0,"gr8_public_f":0,"gr8_public_e":3,"gr8_private":1,"gr9_public_f":0,"gr9_public_e":1,"gr9_private":1,"gr10_public_f":0,"gr10_public_e":1,"gr10_private":1,"gr11s_public_f":1,"gr11s_public_e":0,"gr11s_private":0,"gr11e_public_f":0,"gr11e_public_e":0,"gr11e_private":0,"gr12sg_public_f":0,"gr12sg_public_e":0,"gr12sg_private":0,"gr12se_public_f":0,"gr12se_public_e":0,"gr12se_private":0,"gr12lh_public_f":"false","gr12lh_public_e":0,"gr12lh_private":"false","gr12sv_public_f":0,"gr12sv_public_e":0,"gr12sv_private":0,"tvet_public":0,"tvet_private":1,"uni":4,"syrians":0,"oosc":0,"teachers":3,"bath_hygiene":"fair","playground":"good","corridor":"good","rooms_hygiene":"good","Is_waste_collected":"true","Collection_frequency":"daily","construction":"false","yes_construction":null,"unified_authority":"true","documentation":"true","check_all":"true","Comments":"true","comments2":"الغبيري, حارة حريك, بير العبد. الجنوب البقاع الضاحية","age0_6_months":0,"age6_12_months":0,"f_age0_6_months":1,"f_age6_12_months":1,"f_ages_1_3":2,"f_age_3_5":1,"f_age_6_12":1,"f_age_13_18":1,"f_age_19_57":5,"f_age_58_above":2,"Female_Headed_Households":0,"lost_kids":0,"chronic_disease":18,"diesel_fuel_tank":"false","count_tanks":null,"capacity_tank":null,"need_bin":null,"need_bin_240":null,"need_bin_1100":null,"status_2026":"used","gov_cad":"Mount Lebanon","district_cad":"Baabda","cad_name":"Forn El-Chobbek","x":35.52330333,"y":33.87232},"geometry":{"type":"Point","coordinates":[35.52330333,33.87232]}},
{"type":"Feature","properties":{"objectid":657,"globalid":"a5a174d0-b22a-4989-ab45-24e04663ac8b","shelter_name":"الجامعة الاسلامية - الوردانية","governorate_name":"Mount Lebanon","district_name":"Chouf","villages":"Quardaniye","lat_calc":33.613058,"long_calc":35.431667,"loc_calc":"33.613058 35.431667","structure_type":"University","structure_type_other":null,"cerd_number":null,"ministry_name":"الجامعة الاسلامية- الوردانية","ACS":23331,"P_Code":"23331_005","focal":"Hussein Alawieh","nb":76358647,"mosa_focal":"ريهام برو/محمد شمس/ نضال الحاج","mosa_focal_phone":3148832,"mehe_focal":null,"mehe_focalnb":null,"type_private_public":"private","other_specifyy":null,"status":"full","notes":null,"sourcee":"field","displaced_cas_code":23331,"phases":null,"nb_idps":154,"nb_families":42,"capacity":513,"male":735,"female":803,"age_0_1":30,"ages_1_3":15,"age_3_5":25,"age_6_12":90,"age_13_18":115,"age_19_57":387,"age_58_above":86,"disabilities_pregnant":null,"pregnant_women":3,"heating_disability":null,"visual_disability":4,"physical_disability":9,"interllectual_disability":null,"CreationDate":"2026-03-04T12:04:10","Creator":"Ramez.Hassan.961","EditDate":"2026-08-28T07:37:05","Editor":"EOR.CHOUF","lactating_women":8,"hearing_disability":6,"mental_disability":6,"DONT_ADD":"true","old_global_id":null,"floorsnum":25,"totalrooms":121,"occ_rooms":121,"free_spaces":0,"free_rooms":1,"kitchen_found":"true","kitchen_found2":"false","type_meal":null,"toilets_male":30,"toilets_female":30,"toilets_not_used_male":0,"toilets_not_used_female":0,"water_source":"بئر خاص","elec_source":"موتير كهرباء","bathtub_male":6,"bathtub_female":6,"generator":"true","generator_kva":150,"water_tank":10,"water_tank_capacity":5000,"water_heater":0,"ac":121,"firedistinguisher":121,"first_aid":"false","wheelchair":0,"beds":0,"fridges":0,"washingmachines":5,"kitchen":"true","kids_area":1,"water_available":"false","need_water":2760,"who_water":null,"how_water":null,"LAF_Focal":null,"LAF_shelter_name":null,"LAF_Phone_nb":null,"kg1_public_f":null,"kg1_public_e":null,"kg1_private":null,"kg2_public_f":null,"kg2_public_e":null,"kg2_private":null,"kg3_public_f":null,"kg3_public_e":null,"kg3_private":null,"gr1_public_f":null,"gr1_public_e":null,"gr1_private":null,"gr2_public_f":null,"gr2_public_e":null,"gr2_private":null,"gr3_public_f":null,"gr3_public_e":null,"gr3_private":null,"gr4_public_f":null,"gr4_public_e":null,"gr4_private":null,"gr5_public_f":null,"gr5_public_e":null,"gr5_private":null,"gr6_public_f":null,"gr6_public_e":null,"gr6_private":null,"gr7_public_f":null,"gr7_public_e":null,"gr7_private":null,"gr8_public_f":null,"gr8_public_e":null,"gr8_private":null,"gr9_public_f":null,"gr9_public_e":null,"gr9_private":null,"gr10_public_f":null,"gr10_public_e":null,"gr10_private":null,"gr11s_public_f":null,"gr11s_public_e":null,"gr11s_private":null,"gr11e_public_f":null,"gr11e_public_e":null,"gr11e_private":null,"gr12sg_public_f":null,"gr12sg_public_e":null,"gr12sg_private":null,"gr12se_public_f":null,"gr12se_public_e":null,"gr12se_private":null,"gr12lh_public_f":null,"gr12lh_public_e":null,"gr12lh_private":null,"gr12sv_public_f":null,"gr12sv_public_e":null,"gr12sv_private":null,"tvet_public":null,"tvet_private":null,"uni":null,"syrians":null,"oosc":null,"teachers":null,"bath_hygiene":null,"playground":null,"corridor":null,"rooms_hygiene":null,"Is_waste_collected":null,"Collection_frequency":null,"construction":null,"yes_construction":null,"unified_authority":null,"documentation":null,"check_all":null,"Comments":null,"comments2":null,"age0_6_months":8,"age6_12_months":9,"f_age0_6_months":2,"f_age6_12_months":9,"f_ages_1_3":24,"f_age_3_5":22,"f_age_6_12":95,"f_age_13_18":120,"f_age_19_57":443,"f_age_58_above":88,"Female_Headed_Households":null,"lost_kids":null,"chronic_disease":null,"diesel_fuel_tank":null,"count_tanks":null,"capacity_tank":null,"need_bin":null,"need_bin_240":null,"need_bin_1100":null,"status_2026":"used","gov_cad":"Mount Lebanon","district_cad":"Chouf","cad_name":"El-Wardaniyeh","x":35.41114769,"y":33.61580624},"geometry":{"type":"Point","coordinates":[35.41114769,33.61580624]}},
{"type":"Feature","properties":{"objectid":694,"globalid":"a1858271-186d-4cbf-9768-792360065463","shelter_name":"مدرسة كيفون الرسمية ","governorate_name":"Mount Lebanon","district_name":"Aley","villages":"Kaifoun","lat_calc":33.780033,"long_calc":35.557678,"loc_calc":"33.780033 35.557678","structure_type":"School","structure_type_other":null,"cerd_number":261,"ministry_name":"كيفون الرسمية المتوسطة المختلطة","ACS":24337,"P_Code":"24337_001","focal":"مروان محمد جوهر","nb":76047431,"mosa_focal":"حسين صبرا","mosa_focal_phone":3458695,"mehe_focal":"كلثوم فضل الله قطيش","mehe_focalnb":"70752558","type_private_public":"public","other_specifyy":null,"status":"open","notes":null,"sourcee":"ministry","displaced_cas_code":24337,"phases":1,"nb_idps":40,"nb_families":8,"capacity":340,"male":100,"female":125,"age_0_1":10,"ages_1_3":11,"age_3_5":13,"age_6_12":20,"age_13_18":7,"age_19_57":38,"age_58_above":7,"disabilities_pregnant":null,"pregnant_women":2,"heating_disability":null,"visual_disability":null,"physical_disability":8,"interllectual_disability":null,"CreationDate":"2026-03-04T12:04:10","Creator":"Ramez.Hassan.961","EditDate":"2026-08-31T09:33:35","Editor":"EOR.ALEY","lactating_women":null,"hearing_disability":null,"mental_disability":null,"DONT_ADD":"true","old_global_id":null,"floorsnum":4,"totalrooms":17,"occ_rooms":17,"free_spaces":0,"free_rooms":0,"kitchen_found":"false","kitchen_found2":null,"type_meal":null,"toilets_male":4,"toilets_female":5,"toilets_not_used_male":0,"toilets_not_used_female":0,"water_source":"مي الدفاع المدني ومؤسسة الرئية العالمية","elec_source":"طاقة شمسية وكهربة دولة ومولد كهربة","bathtub_male":1,"bathtub_female":1,"generator":"true","generator_kva":27,"water_tank":7,"water_tank_capacity":14000,"water_heater":2,"ac":34,"firedistinguisher":5,"first_aid":"false","wheelchair":1,"beds":1,"fridges":0,"washingmachines":3,"kitchen":"false","kids_area":1,"water_available":"false","need_water":14000,"who_water":null,"how_water":null,"LAF_Focal":null,"LAF_shelter_name":null,"LAF_Phone_nb":null,"kg1_public_f":null,"kg1_public_e":null,"kg1_private":null,"kg2_public_f":null,"kg2_public_e":null,"kg2_private":null,"kg3_public_f":null,"kg3_public_e":null,"kg3_private":null,"gr1_public_f":null,"gr1_public_e":null,"gr1_private":null,"gr2_public_f":null,"gr2_public_e":null,"gr2_private":null,"gr3_public_f":null,"gr3_public_e":null,"gr3_private":null,"gr4_public_f":null,"gr4_public_e":null,"gr4_private":null,"gr5_public_f":null,"gr5_public_e":null,"gr5_private":null,"gr6_public_f":null,"gr6_public_e":null,"gr6_private":null,"gr7_public_f":null,"gr7_public_e":null,"gr7_private":null,"gr8_public_f":null,"gr8_public_e":null,"gr8_private":null,"gr9_public_f":null,"gr9_public_e":null,"gr9_private":null,"gr10_public_f":null,"gr10_public_e":null,"gr10_private":null,"gr11s_public_f":null,"gr11s_public_e":null,"gr11s_private":null,"gr11e_public_f":null,"gr11e_public_e":null,"gr11e_private":null,"gr12sg_public_f":null,"gr12sg_public_e":null,"gr12sg_private":null,"gr12se_public_f":null,"gr12se_public_e":null,"gr12se_private":null,"gr12lh_public_f":null,"gr12lh_public_e":null,"gr12lh_private":null,"gr12sv_public_f":null,"gr12sv_public_e":null,"gr12sv_private":null,"tvet_public":null,"tvet_private":null,"uni":null,"syrians":null,"oosc":null,"teachers":null,"bath_hygiene":null,"playground":null,"corridor":null,"rooms_hygiene":null,"Is_waste_collected":null,"Collection_frequency":null,"construction":null,"yes_construction":null,"unified_authority":null,"documentation":null,"check_all":null,"Comments":null,"comments2":"حولا،  عيتا الشعب، حداثا، صديقين، بنت جبيل، معروب، صريفا، عبا، حاروف، حومين، كفرجوز، النبطية، يحمر علي النهر، الضاحية الجنوبية مارون الراس، تولين، صريفا مجدل زون، قبريخا، الشهابية، الخيام، انصار، دير قانون، حبوش","age0_6_months":2,"age6_12_months":2,"f_age0_6_months":2,"f_age6_12_months":2,"f_ages_1_3":6,"f_age_3_5":16,"f_age_6_12":26,"f_age_13_18":7,"f_age_19_57":54,"f_age_58_above":12,"Female_Headed_Households":null,"lost_kids":null,"chronic_disease":null,"diesel_fuel_tank":null,"count_tanks":null,"capacity_tank":null,"need_bin":null,"need_bin_240":null,"need_bin_1100":null,"status_2026":"used","gov_cad":"Mount Lebanon","district_cad":"Aley","cad_name":"Kaïfoun","x":35.557678,"y":33.780033},"geometry":{"type":"Point","coordinates":[35.557678,33.780033]}},
{"type":"Feature","properties":{"objectid":715,"globalid":"3b91c90c-52a5-4152-bfcc-93a8e77e74ce","shelter_name":"مدرسة كفرسلوان الرسمية","governorate_name":"Mount Lebanon","district_name":"Baabda","villages":"Kfar Selouane","lat_calc":33.857028,"long_calc":35.781725,"loc_calc":"33.857028 35.781725","structure_type":"School","structure_type_other":null,"cerd_number":239,"ministry_name":"كفرسلوان الرسمية المتوسطة المختلطة","ACS":21476,"P_Code":"21476_001","focal":"طارق حاطوم ","nb":71684972,"mosa_focal":"Jawad Hatoum ","mosa_focal_phone":70126143,"mehe_focal":"مها زيدان","mehe_focalnb":"3699642","type_private_public":"public","other_specifyy":null,"status":"full","notes":null,"sourcee":"field","displaced_cas_code":21476,"phases":1,"nb_idps":13,"nb_families":4,"capacity":40,"male":5,"female":8,"age_0_1":1,"ages_1_3":0,"age_3_5":0,"age_6_12":1,"age_13_18":0,"age_19_57":2,"age_58_above":1,"disabilities_pregnant":null,"pregnant_women":1,"heating_disability":null,"visual_disability":0,"physical_disability":2,"interllectual_disability":null,"CreationDate":"2026-03-04T12:04:10","Creator":"Ramez.Hassan.961","EditDate":"2026-09-01T08:20:40","Editor":"EOR.BAABDA","lactating_women":0,"hearing_disability":1,"mental_disability":0,"DONT_ADD":"true","old_global_id":null,"floorsnum":2,"totalrooms":6,"occ_rooms":5,"free_spaces":0,"free_rooms":0,"kitchen_found":"false","kitchen_found2":null,"type_meal":null,"toilets_male":1,"toilets_female":2,"toilets_not_used_male":0,"toilets_not_used_female":0,"water_source":"البلدية","elec_source":"كهرباء لبنان - اشتراك البلدية","bathtub_male":1,"bathtub_female":1,"generator":"false","generator_kva":null,"water_tank":1,"water_tank_capacity":2000,"water_heater":1,"ac":4,"firedistinguisher":1,"first_aid":"true","wheelchair":0,"beds":0,"fridges":0,"washingmachines":0,"kitchen":"false","kids_area":0,"water_available":"true","need_water":20,"who_water":"البلدية","how_water":"شبكة المياه العامة","LAF_Focal":null,"LAF_shelter_name":null,"LAF_Phone_nb":null,"kg1_public_f":0,"kg1_public_e":0,"kg1_private":2,"kg2_public_f":0,"kg2_public_e":0,"kg2_private":1,"kg3_public_f":0,"kg3_public_e":0,"kg3_private":1,"gr1_public_f":0,"gr1_public_e":0,"gr1_private":0,"gr2_public_f":0,"gr2_public_e":1,"gr2_private":1,"gr3_public_f":0,"gr3_public_e":0,"gr3_private":1,"gr4_public_f":0,"gr4_public_e":0,"gr4_private":1,"gr5_public_f":0,"gr5_public_e":0,"gr5_private":0,"gr6_public_f":0,"gr6_public_e":0,"gr6_private":0,"gr7_public_f":0,"gr7_public_e":1,"gr7_private":1,"gr8_public_f":0,"gr8_public_e":0,"gr8_private":0,"gr9_public_f":0,"gr9_public_e":0,"gr9_private":1,"gr10_public_f":0,"gr10_public_e":1,"gr10_private":1,"gr11s_public_f":0,"gr11s_public_e":1,"gr11s_private":0,"gr11e_public_f":0,"gr11e_public_e":0,"gr11e_private":0,"gr12sg_public_f":0,"gr12sg_public_e":0,"gr12sg_private":0,"gr12se_public_f":0,"gr12se_public_e":0,"gr12se_private":0,"gr12lh_public_f":"false","gr12lh_public_e":0,"gr12lh_private":"false","gr12sv_public_f":0,"gr12sv_public_e":0,"gr12sv_private":0,"tvet_public":2,"tvet_private":0,"uni":1,"syrians":0,"oosc":4,"teachers":0,"bath_hygiene":"good","playground":"fair","corridor":"fair","rooms_hygiene":"fair","Is_waste_collected":"true","Collection_frequency":"daily","construction":"false","yes_construction":null,"unified_authority":"true","documentation":"true","check_all":"true","Comments":"true","comments2":null,"age0_6_months":0,"age6_12_months":1,"f_age0_6_months":0,"f_age6_12_months":0,"f_ages_1_3":0,"f_age_3_5":1,"f_age_6_12":1,"f_age_13_18":1,"f_age_19_57":3,"f_age_58_above":2,"Female_Headed_Households":0,"lost_kids":0,"chronic_disease":1,"diesel_fuel_tank":null,"count_tanks":null,"capacity_tank":null,"need_bin":null,"need_bin_240":null,"need_bin_1100":null,"status_2026":"used","gov_cad":"Mount Lebanon","district_cad":"Baabda","cad_name":"Kfar Selouane","x":35.7791075,"y":33.85539397},"geometry":{"type":"Point","coordinates":[35.7791075,33.85539397]}},
{"type":"Feature","properties":{"objectid":717,"globalid":"1c9f398b-cce4-42ea-bc9a-4efc79179329","shelter_name":"الجامعة الاسلامية خلدة","governorate_name":"Mount Lebanon","district_name":"Aley","villages":"Khalde","lat_calc":33.783011,"long_calc":35.475942,"loc_calc":"33.783011 35.475942","structure_type":"University","structure_type_other":null,"cerd_number":null,"ministry_name":"الجامعة الاسلامية خلدة","ACS":24133,"P_Code":"24133_028","focal":"علي مشيك","nb":76454244,"mosa_focal":"رنا مهدي","mosa_focal_phone":71110334,"mehe_focal":"لا يوجد","mehe_focalnb":"0","type_private_public":"private","other_specifyy":null,"status":"open","notes":null,"sourcee":"ministry","displaced_cas_code":24133,"phases":null,"nb_idps":225,"nb_families":54,"capacity":1430,"male":635,"female":801,"age_0_1":27,"ages_1_3":30,"age_3_5":30,"age_6_12":156,"age_13_18":148,"age_19_57":192,"age_58_above":76,"disabilities_pregnant":null,"pregnant_women":2,"heating_disability":null,"visual_disability":0,"physical_disability":4,"interllectual_disability":null,"CreationDate":"2026-03-04T12:04:10","Creator":"Ramez.Hassan.961","EditDate":"2026-08-21T05:59:54","Editor":"EOR.ALEY","lactating_women":2,"hearing_disability":0,"mental_disability":1,"DONT_ADD":"true","old_global_id":null,"floorsnum":8,"totalrooms":120,"occ_rooms":109,"free_spaces":11,"free_rooms":2,"kitchen_found":"true","kitchen_found2":"true","type_meal":"hot_meal","toilets_male":33,"toilets_female":33,"toilets_not_used_male":0,"toilets_not_used_female":0,"water_source":"بير+تعباية","elec_source":"كهرباء+موتير","bathtub_male":5,"bathtub_female":23,"generator":"true","generator_kva":350,"water_tank":8,"water_tank_capacity":200000,"water_heater":24,"ac":0,"firedistinguisher":50,"first_aid":"true","wheelchair":0,"beds":0,"fridges":0,"washingmachines":0,"kitchen":"true","kids_area":2,"water_available":"true","need_water":900,"who_water":"بير ارتوازي ","how_water":"موتير و صهاريج مياه","LAF_Focal":null,"LAF_shelter_name":null,"LAF_Phone_nb":null,"kg1_public_f":2,"kg1_public_e":5,"kg1_private":2,"kg2_public_f":3,"kg2_public_e":10,"kg2_private":2,"kg3_public_f":null,"kg3_public_e":4,"kg3_private":1,"gr1_public_f":2,"gr1_public_e":10,"gr1_private":3,"gr2_public_f":5,"gr2_public_e":17,"gr2_private":3,"gr3_public_f":null,"gr3_public_e":9,"gr3_private":1,"gr4_public_f":3,"gr4_public_e":17,"gr4_private":3,"gr5_public_f":6,"gr5_public_e":19,"gr5_private":1,"gr6_public_f":4,"gr6_public_e":22,"gr6_private":null,"gr7_public_f":null,"gr7_public_e":9,"gr7_private":null,"gr8_public_f":7,"gr8_public_e":10,"gr8_private":0,"gr9_public_f":3,"gr9_public_e":19,"gr9_private":1,"gr10_public_f":null,"gr10_public_e":14,"gr10_private":null,"gr11s_public_f":1,"gr11s_public_e":9,"gr11s_private":0,"gr11e_public_f":0,"gr11e_public_e":13,"gr11e_private":0,"gr12sg_public_f":null,"gr12sg_public_e":3,"gr12sg_private":null,"gr12se_public_f":2,"gr12se_public_e":11,"gr12se_private":0,"gr12lh_public_f":"false","gr12lh_public_e":1,"gr12lh_private":"false","gr12sv_public_f":1,"gr12sv_public_e":5,"gr12sv_private":null,"tvet_public":0,"tvet_private":0,"uni":10,"syrians":0,"oosc":0,"teachers":0,"bath_hygiene":"good","playground":"good","corridor":"good","rooms_hygiene":"good","Is_waste_collected":"true","Collection_frequency":"daily","construction":"false","yes_construction":null,"unified_authority":"true","documentation":"true","check_all":"true","Comments":"false","comments2":"يجب اعادة تعبئة اطفاء الحريق","age0_6_months":1,"age6_12_months":2,"f_age0_6_months":1,"f_age6_12_months":1,"f_ages_1_3":23,"f_age_3_5":48,"f_age_6_12":76,"f_age_13_18":201,"f_age_19_57":384,"f_age_58_above":67,"Female_Headed_Households":0,"lost_kids":0,"chronic_disease":146,"diesel_fuel_tank":"true","count_tanks":6,"capacity_tank":12000,"need_bin":null,"need_bin_240":null,"need_bin_1100":null,"status_2026":"used","gov_cad":"Mount Lebanon","district_cad":"Aley","cad_name":"Chouaifat Qobbat","x":35.475942,"y":33.783011},"geometry":{"type":"Point","coordinates":[35.475942,33.783011]}},
{"type":"Feature","properties":{"objectid":718,"globalid":"6fe89da7-67b2-4c32-bcc3-9266fbf86a43","shelter_name":"بناية الحج حسين بشامون","governorate_name":"Mount Lebanon","district_name":"Aley","villages":"Bchamoun","lat_calc":33.781956,"long_calc":35.530675,"loc_calc":"33.781956 35.530675","structure_type":"Other","structure_type_other":"Buildings","cerd_number":null,"ministry_name":"بناية الحج حسين بشامون","ACS":24243,"P_Code":"24243_011","focal":"Hajj hussein","nb":3261156,"mosa_focal":null,"mosa_focal_phone":null,"mehe_focal":null,"mehe_focalnb":null,"type_private_public":"private","other_specifyy":null,"status":"open","notes":"We need owner approval to add people","sourcee":"field","displaced_cas_code":24243,"phases":null,"nb_idps":100,"nb_families":32,"capacity":150,"male":65,"female":150,"age_0_1":6,"ages_1_3":2,"age_3_5":2,"age_6_12":8,"age_13_18":9,"age_19_57":28,"age_58_above":14,"disabilities_pregnant":null,"pregnant_women":1,"heating_disability":null,"visual_disability":0,"physical_disability":0,"interllectual_disability":null,"CreationDate":"2026-03-04T12:04:10","Creator":"Ramez.Hassan.961","EditDate":"2026-08-17T07:31:16","Editor":"Data.collection.961","lactating_women":1,"hearing_disability":0,"mental_disability":0,"DONT_ADD":"true","old_global_id":null,"floorsnum":5,"totalrooms":70,"occ_rooms":70,"free_spaces":0,"free_rooms":0,"kitchen_found":"true","kitchen_found2":"true","type_meal":"hot_cold_meal","toilets_male":25,"toilets_female":20,"toilets_not_used_male":0,"toilets_not_used_female":0,"water_source":"بير","elec_source":"واشتراك و دولة","bathtub_male":25,"bathtub_female":20,"generator":"false","generator_kva":null,"water_tank":15,"water_tank_capacity":900,"water_heater":15,"ac":0,"firedistinguisher":0,"first_aid":"false","wheelchair":0,"beds":0,"fridges":0,"washingmachines":0,"kitchen":"true","kids_area":1,"water_available":"true","need_water":300,"who_water":null,"how_water":null,"LAF_Focal":null,"LAF_shelter_name":null,"LAF_Phone_nb":null,"kg1_public_f":0,"kg1_public_e":0,"kg1_private":1,"kg2_public_f":0,"kg2_public_e":0,"kg2_private":3,"kg3_public_f":0,"kg3_public_e":0,"kg3_private":null,"gr1_public_f":0,"gr1_public_e":0,"gr1_private":1,"gr2_public_f":3,"gr2_public_e":0,"gr2_private":2,"gr3_public_f":0,"gr3_public_e":0,"gr3_private":null,"gr4_public_f":0,"gr4_public_e":0,"gr4_private":2,"gr5_public_f":1,"gr5_public_e":0,"gr5_private":1,"gr6_public_f":1,"gr6_public_e":0,"gr6_private":1,"gr7_public_f":1,"gr7_public_e":0,"gr7_private":2,"gr8_public_f":0,"gr8_public_e":0,"gr8_private":0,"gr9_public_f":0,"gr9_public_e":0,"gr9_private":1,"gr10_public_f":1,"gr10_public_e":0,"gr10_private":1,"gr11s_public_f":0,"gr11s_public_e":0,"gr11s_private":3,"gr11e_public_f":0,"gr11e_public_e":0,"gr11e_private":0,"gr12sg_public_f":0,"gr12sg_public_e":0,"gr12sg_private":0,"gr12se_public_f":0,"gr12se_public_e":0,"gr12se_private":0,"gr12lh_public_f":"false","gr12lh_public_e":0,"gr12lh_private":"false","gr12sv_public_f":0,"gr12sv_public_e":0,"gr12sv_private":0,"tvet_public":null,"tvet_private":0,"uni":null,"syrians":0,"oosc":0,"teachers":0,"bath_hygiene":"good","playground":"good","corridor":"good","rooms_hygiene":"good","Is_waste_collected":"true","Collection_frequency":"daily","construction":"false","yes_construction":null,"unified_authority":"true","documentation":"true","check_all":"false","Comments":"true","comments2":"عدم وصول أي موساعدت","age0_6_months":0,"age6_12_months":2,"f_age0_6_months":0,"f_age6_12_months":1,"f_ages_1_3":4,"f_age_3_5":9,"f_age_6_12":18,"f_age_13_18":37,"f_age_19_57":65,"f_age_58_above":16,"Female_Headed_Households":0,"lost_kids":0,"chronic_disease":421,"diesel_fuel_tank":"false","count_tanks":null,"capacity_tank":null,"need_bin":null,"need_bin_240":null,"need_bin_1100":null,"status_2026":"used","gov_cad":"Mount Lebanon","district_cad":"Aley","cad_name":"Bchamoune","x":35.530675,"y":33.781956},"geometry":{"type":"Point","coordinates":[35.530675,33.781956]}},
{"type":"Feature","properties":{"objectid":725,"globalid":"81aee124-0f87-497d-834a-b7444aea217a","shelter_name":"بيت القديسة حنة للشبيبة - بطريركية الروم الملكين الكاثوليك ","governorate_name":"Mount Lebanon","district_name":"El Meten","villages":"Raboue","lat_calc":33.914478,"long_calc":35.608983,"loc_calc":"33.914478 35.608983","structure_type":"Institute","structure_type_other":null,"cerd_number":null,"ministry_name":"بطريركية الربوة","ACS":22311,"P_Code":"22311_004","focal":"bassam abdel masih","nb":78845555,"mosa_focal":"amal rouphael","mosa_focal_phone":3109880,"mehe_focal":null,"mehe_focalnb":null,"type_private_public":"private","other_specifyy":null,"status":"open","notes":"تابعة للرهبان وتستقبل الخوارنة","sourcee":"field","displaced_cas_code":22455,"phases":null,"nb_idps":49,"nb_families":12,"capacity":109,"male":27,"female":22,"age_0_1":0,"ages_1_3":0,"age_3_5":1,"age_6_12":6,"age_13_18":8,"age_19_57":12,"age_58_above":0,"disabilities_pregnant":null,"pregnant_women":1,"heating_disability":null,"visual_disability":0,"physical_disability":1,"interllectual_disability":null,"CreationDate":"2026-03-04T12:04:10","Creator":"Ramez.Hassan.961","EditDate":"2026-09-02T13:13:31","Editor":"EOR.MATEN","lactating_women":0,"hearing_disability":0,"mental_disability":0,"DONT_ADD":"true","old_global_id":null,"floorsnum":2,"totalrooms":32,"occ_rooms":15,"free_spaces":0,"free_rooms":1,"kitchen_found":"true","kitchen_found2":"false","type_meal":null,"toilets_male":16,"toilets_female":16,"toilets_not_used_male":0,"toilets_not_used_female":0,"water_source":"مصلحة المياه","elec_source":"موتور + طاقة + كهرباء لبنان","bathtub_male":16,"bathtub_female":16,"generator":"true","generator_kva":80,"water_tank":1,"water_tank_capacity":100000,"water_heater":5,"ac":0,"firedistinguisher":0,"first_aid":"false","wheelchair":0,"beds":0,"fridges":2,"washingmachines":2,"kitchen":"true","kids_area":1,"water_available":"true","need_water":22,"who_water":"مصلحة المياه","how_water":"مصلحة المياه","LAF_Focal":null,"LAF_shelter_name":null,"LAF_Phone_nb":null,"kg1_public_f":0,"kg1_public_e":0,"kg1_private":0,"kg2_public_f":0,"kg2_public_e":1,"kg2_private":2,"kg3_public_f":0,"kg3_public_e":0,"kg3_private":0,"gr1_public_f":0,"gr1_public_e":0,"gr1_private":5,"gr2_public_f":0,"gr2_public_e":0,"gr2_private":1,"gr3_public_f":0,"gr3_public_e":0,"gr3_private":4,"gr4_public_f":0,"gr4_public_e":0,"gr4_private":3,"gr5_public_f":0,"gr5_public_e":0,"gr5_private":5,"gr6_public_f":0,"gr6_public_e":0,"gr6_private":3,"gr7_public_f":0,"gr7_public_e":0,"gr7_private":1,"gr8_public_f":1,"gr8_public_e":0,"gr8_private":4,"gr9_public_f":1,"gr9_public_e":0,"gr9_private":2,"gr10_public_f":0,"gr10_public_e":0,"gr10_private":0,"gr11s_public_f":4,"gr11s_public_e":0,"gr11s_private":0,"gr11e_public_f":0,"gr11e_public_e":0,"gr11e_private":0,"gr12sg_public_f":0,"gr12sg_public_e":0,"gr12sg_private":0,"gr12se_public_f":0,"gr12se_public_e":0,"gr12se_private":0,"gr12lh_public_f":"false","gr12lh_public_e":0,"gr12lh_private":"false","gr12sv_public_f":0,"gr12sv_public_e":0,"gr12sv_private":0,"tvet_public":0,"tvet_private":0,"uni":5,"syrians":0,"oosc":0,"teachers":3,"bath_hygiene":"fair","playground":"fair","corridor":"fair","rooms_hygiene":"fair","Is_waste_collected":"true","Collection_frequency":"daily","construction":"true","yes_construction":null,"unified_authority":null,"documentation":null,"check_all":"true","Comments":"true","comments2":"اسماء مناطق النازحين:صفد البطيخ صور علما الشعب برعشيت","age0_6_months":0,"age6_12_months":0,"f_age0_6_months":0,"f_age6_12_months":0,"f_ages_1_3":0,"f_age_3_5":0,"f_age_6_12":7,"f_age_13_18":2,"f_age_19_57":11,"f_age_58_above":2,"Female_Headed_Households":0,"lost_kids":0,"chronic_disease":39,"diesel_fuel_tank":"true","count_tanks":1,"capacity_tank":24000,"need_bin":null,"need_bin_240":null,"need_bin_1100":null,"status_2026":"used","gov_cad":"Mount Lebanon","district_cad":"El Meten","cad_name":"Kornet Chahouane","x":35.61422941,"y":33.91171032},"geometry":{"type":"Point","coordinates":[35.61422941,33.91171032]}},
{"type":"Feature","properties":{"objectid":743,"globalid":"bd53e56c-bf48-4c1f-bbd9-844d8dc08cfa","shelter_name":"النجدة الشعبية - المروج","governorate_name":"Mount Lebanon","district_name":"El Meten","villages":"Mrouj","lat_calc":33.911542,"long_calc":35.751388,"loc_calc":"33.911542 35.751388","structure_type":"organization","structure_type_other":null,"cerd_number":null,"ministry_name":"النجدة الشعبية - المروج","ACS":22733,"P_Code":"22733_004","focal":"walid said","nb":76484752,"mosa_focal":"ghada abi madi","mosa_focal_phone":3490507,"mehe_focal":null,"mehe_focalnb":null,"type_private_public":"private","other_specifyy":null,"status":"open","notes":null,"sourcee":"field","displaced_cas_code":22733,"phases":null,"nb_idps":47,"nb_families":16,"capacity":63,"male":24,"female":28,"age_0_1":3,"ages_1_3":1,"age_3_5":0,"age_6_12":3,"age_13_18":3,"age_19_57":9,"age_58_above":8,"disabilities_pregnant":null,"pregnant_women":0,"heating_disability":null,"visual_disability":0,"physical_disability":0,"interllectual_disability":null,"CreationDate":"2026-03-04T12:04:10","Creator":"Ramez.Hassan.961","EditDate":"2026-09-02T13:13:34","Editor":"EOR.MATEN","lactating_women":0,"hearing_disability":0,"mental_disability":0,"DONT_ADD":"true","old_global_id":null,"floorsnum":6,"totalrooms":35,"occ_rooms":35,"free_spaces":0,"free_rooms":0,"kitchen_found":"false","kitchen_found2":null,"type_meal":null,"toilets_male":8,"toilets_female":8,"toilets_not_used_male":0,"toilets_not_used_female":0,"water_source":"المياه العامة والدفاع المدني","elec_source":"اشتراك مولد من البلدية والكهرباء العامة","bathtub_male":8,"bathtub_female":8,"generator":"false","generator_kva":null,"water_tank":2,"water_tank_capacity":40000,"water_heater":0,"ac":1,"firedistinguisher":0,"first_aid":"true","wheelchair":0,"beds":1,"fridges":1,"washingmachines":2,"kitchen":"false","kids_area":1,"water_available":"true","need_water":75,"who_water":"Civil defense/ المياه العامة","how_water":"water trucking/ المياه العامة ","LAF_Focal":null,"LAF_shelter_name":null,"LAF_Phone_nb":null,"kg1_public_f":0,"kg1_public_e":0,"kg1_private":0,"kg2_public_f":0,"kg2_public_e":0,"kg2_private":0,"kg3_public_f":0,"kg3_public_e":0,"kg3_private":0,"gr1_public_f":0,"gr1_public_e":0,"gr1_private":0,"gr2_public_f":0,"gr2_public_e":1,"gr2_private":0,"gr3_public_f":0,"gr3_public_e":2,"gr3_private":0,"gr4_public_f":0,"gr4_public_e":3,"gr4_private":0,"gr5_public_f":0,"gr5_public_e":1,"gr5_private":0,"gr6_public_f":0,"gr6_public_e":0,"gr6_private":0,"gr7_public_f":0,"gr7_public_e":2,"gr7_private":0,"gr8_public_f":0,"gr8_public_e":0,"gr8_private":0,"gr9_public_f":0,"gr9_public_e":2,"gr9_private":0,"gr10_public_f":0,"gr10_public_e":1,"gr10_private":0,"gr11s_public_f":0,"gr11s_public_e":0,"gr11s_private":0,"gr11e_public_f":0,"gr11e_public_e":0,"gr11e_private":0,"gr12sg_public_f":0,"gr12sg_public_e":0,"gr12sg_private":0,"gr12se_public_f":0,"gr12se_public_e":0,"gr12se_private":0,"gr12lh_public_f":"false","gr12lh_public_e":0,"gr12lh_private":"false","gr12sv_public_f":0,"gr12sv_public_e":0,"gr12sv_private":0,"tvet_public":0,"tvet_private":0,"uni":2,"syrians":0,"oosc":0,"teachers":0,"bath_hygiene":"good","playground":"good","corridor":"good","rooms_hygiene":"good","Is_waste_collected":"true","Collection_frequency":"daily","construction":"false","yes_construction":null,"unified_authority":"true","documentation":"true","check_all":"true","Comments":"true","comments2":"اسماء مناطق النازحين:لبايا مجدل بلقيس  بئر حسن طلوسه وادي زكمان صريفا انصار حولا فاكهة بعلبك","age0_6_months":0,"age6_12_months":0,"f_age0_6_months":0,"f_age6_12_months":0,"f_ages_1_3":0,"f_age_3_5":0,"f_age_6_12":3,"f_age_13_18":4,"f_age_19_57":11,"f_age_58_above":10,"Female_Headed_Households":0,"lost_kids":0,"chronic_disease":7,"diesel_fuel_tank":"true","count_tanks":1,"capacity_tank":4000,"need_bin":"false","need_bin_240":null,"need_bin_1100":null,"status_2026":"used","gov_cad":"Mount Lebanon","district_cad":"El Meten","cad_name":"El-Mrouge","x":35.75269634,"y":33.90803324},"geometry":{"type":"Point","coordinates":[35.75269634,33.90803324]}},
{"type":"Feature","properties":{"objectid":773,"globalid":"016fc4d5-2842-4ab2-ab06-f957964221e8","shelter_name":"بنابة بزي سوق الغرب","governorate_name":"Mount Lebanon","district_name":"Aley","villages":"Souq el Gharb","lat_calc":33.788111,"long_calc":35.561655,"loc_calc":"33.788111 35.561655","structure_type":"Other","structure_type_other":"بناية","cerd_number":null,"ministry_name":"بنابة بزي سوق الغرب","ACS":24331,"P_Code":"24331_003","focal":"Ali bazzi","nb":3827332,"mosa_focal":"قاسم بيضون","mosa_focal_phone":3640109,"mehe_focal":"Ali bazzi","mehe_focalnb":"3827332","type_private_public":"private","other_specifyy":null,"status":"open","notes":null,"sourcee":null,"displaced_cas_code":24331,"phases":null,"nb_idps":279,"nb_families":76,"capacity":300,"male":161,"female":156,"age_0_1":null,"ages_1_3":4,"age_3_5":8,"age_6_12":13,"age_13_18":29,"age_19_57":81,"age_58_above":25,"disabilities_pregnant":null,"pregnant_women":2,"heating_disability":null,"visual_disability":null,"physical_disability":1,"interllectual_disability":null,"CreationDate":"2026-03-04T12:04:10","Creator":"Ramez.Hassan.961","EditDate":"2026-08-07T07:45:15","Editor":"Data.collection.961","lactating_women":null,"hearing_disability":null,"mental_disability":null,"DONT_ADD":"true","old_global_id":null,"floorsnum":15,"totalrooms":12,"occ_rooms":12,"free_spaces":0,"free_rooms":0,"kitchen_found":"true","kitchen_found2":"true","type_meal":"hot_cold_meal","toilets_male":24,"toilets_female":24,"toilets_not_used_male":0,"toilets_not_used_female":0,"water_source":"مي دولة والدفاع المدني","elec_source":"كهربة دولة واشتراك","bathtub_male":18,"bathtub_female":18,"generator":"false","generator_kva":null,"water_tank":6,"water_tank_capacity":40000,"water_heater":36,"ac":0,"firedistinguisher":0,"first_aid":"false","wheelchair":1,"beds":0,"fridges":0,"washingmachines":12,"kitchen":"true","kids_area":1,"water_available":"false","need_water":20000,"who_water":null,"how_water":null,"LAF_Focal":null,"LAF_shelter_name":null,"LAF_Phone_nb":null,"kg1_public_f":null,"kg1_public_e":1,"kg1_private":null,"kg2_public_f":null,"kg2_public_e":1,"kg2_private":null,"kg3_public_f":null,"kg3_public_e":2,"kg3_private":null,"gr1_public_f":null,"gr1_public_e":2,"gr1_private":null,"gr2_public_f":null,"gr2_public_e":5,"gr2_private":null,"gr3_public_f":null,"gr3_public_e":5,"gr3_private":null,"gr4_public_f":null,"gr4_public_e":4,"gr4_private":null,"gr5_public_f":null,"gr5_public_e":1,"gr5_private":null,"gr6_public_f":null,"gr6_public_e":9,"gr6_private":null,"gr7_public_f":null,"gr7_public_e":3,"gr7_private":null,"gr8_public_f":null,"gr8_public_e":3,"gr8_private":1,"gr9_public_f":null,"gr9_public_e":4,"gr9_private":null,"gr10_public_f":null,"gr10_public_e":4,"gr10_private":null,"gr11s_public_f":null,"gr11s_public_e":null,"gr11s_private":null,"gr11e_public_f":1,"gr11e_public_e":null,"gr11e_private":null,"gr12sg_public_f":null,"gr12sg_public_e":1,"gr12sg_private":null,"gr12se_public_f":null,"gr12se_public_e":null,"gr12se_private":null,"gr12lh_public_f":null,"gr12lh_public_e":null,"gr12lh_private":null,"gr12sv_public_f":null,"gr12sv_public_e":null,"gr12sv_private":null,"tvet_public":3,"tvet_private":null,"uni":null,"syrians":null,"oosc":null,"teachers":null,"bath_hygiene":"good","playground":"good","corridor":"good","rooms_hygiene":"good","Is_waste_collected":"true","Collection_frequency":"daily","construction":"false","yes_construction":null,"unified_authority":null,"documentation":null,"check_all":null,"Comments":null,"comments2":null,"age0_6_months":0,"age6_12_months":1,"f_age0_6_months":1,"f_age6_12_months":1,"f_ages_1_3":5,"f_age_3_5":9,"f_age_6_12":15,"f_age_13_18":28,"f_age_19_57":72,"f_age_58_above":25,"Female_Headed_Households":null,"lost_kids":null,"chronic_disease":null,"diesel_fuel_tank":"false","count_tanks":null,"capacity_tank":null,"need_bin":"false","need_bin_240":null,"need_bin_1100":null,"status_2026":"used","gov_cad":"Mount Lebanon","district_cad":"Aley","cad_name":"Souk-El-Gharb","x":35.561655,"y":33.788111},"geometry":{"type":"Point","coordinates":[35.561655,33.788111]}},
{"type":"Feature","properties":{"objectid":791,"globalid":"addf831f-abb1-463b-b7ec-b42b2ea7b029","shelter_name":"مبنى الخنسا","governorate_name":"Bekaa","district_name":"Zahle","villages":"Bouarej","lat_calc":33.820294,"long_calc":35.815536,"loc_calc":"33.820294 35.815536","structure_type":"Other","structure_type_other":"private building","cerd_number":null,"ministry_name":"مبنى الخىنسا","ACS":51244,"P_Code":"51244_004","focal":"ابراهيم البسط","nb":71989940,"mosa_focal":null,"mosa_focal_phone":null,"mehe_focal":null,"mehe_focalnb":null,"type_private_public":"private","other_specifyy":null,"status":"full","notes":null,"sourcee":"ministry","displaced_cas_code":51244,"phases":null,"nb_idps":37,"nb_families":8,"capacity":37,"male":null,"female":null,"age_0_1":null,"ages_1_3":null,"age_3_5":null,"age_6_12":null,"age_13_18":null,"age_19_57":null,"age_58_above":null,"disabilities_pregnant":null,"pregnant_women":null,"heating_disability":null,"visual_disability":null,"physical_disability":null,"interllectual_disability":null,"CreationDate":"2026-03-04T12:04:10","Creator":"Ramez.Hassan.961","EditDate":"2026-06-22T09:09:53","Editor":"EOR.BEKAA","lactating_women":null,"hearing_disability":null,"mental_disability":null,"DONT_ADD":"true","old_global_id":null,"floorsnum":null,"totalrooms":null,"occ_rooms":null,"free_spaces":null,"free_rooms":null,"kitchen_found":null,"kitchen_found2":null,"type_meal":null,"toilets_male":null,"toilets_female":null,"toilets_not_used_male":null,"toilets_not_used_female":null,"water_source":null,"elec_source":null,"bathtub_male":null,"bathtub_female":null,"generator":null,"generator_kva":null,"water_tank":null,"water_tank_capacity":null,"water_heater":null,"ac":null,"firedistinguisher":null,"first_aid":null,"wheelchair":null,"beds":null,"fridges":null,"washingmachines":null,"kitchen":null,"kids_area":null,"water_available":null,"need_water":null,"who_water":null,"how_water":null,"LAF_Focal":null,"LAF_shelter_name":null,"LAF_Phone_nb":null,"kg1_public_f":null,"kg1_public_e":null,"kg1_private":null,"kg2_public_f":null,"kg2_public_e":null,"kg2_private":null,"kg3_public_f":null,"kg3_public_e":null,"kg3_private":null,"gr1_public_f":null,"gr1_public_e":null,"gr1_private":null,"gr2_public_f":null,"gr2_public_e":null,"gr2_private":null,"gr3_public_f":null,"gr3_public_e":null,"gr3_private":null,"gr4_public_f":null,"gr4_public_e":null,"gr4_private":null,"gr5_public_f":null,"gr5_public_e":null,"gr5_private":null,"gr6_public_f":null,"gr6_public_e":null,"gr6_private":null,"gr7_public_f":null,"gr7_public_e":null,"gr7_private":null,"gr8_public_f":null,"gr8_public_e":null,"gr8_private":null,"gr9_public_f":null,"gr9_public_e":null,"gr9_private":null,"gr10_public_f":null,"gr10_public_e":null,"gr10_private":null,"gr11s_public_f":null,"gr11s_public_e":null,"gr11s_private":null,"gr11e_public_f":null,"gr11e_public_e":null,"gr11e_private":null,"gr12sg_public_f":null,"gr12sg_public_e":null,"gr12sg_private":null,"gr12se_public_f":null,"gr12se_public_e":null,"gr12se_private":null,"gr12lh_public_f":null,"gr12lh_public_e":null,"gr12lh_private":null,"gr12sv_public_f":null,"gr12sv_public_e":null,"gr12sv_private":null,"tvet_public":null,"tvet_private":null,"uni":null,"syrians":null,"oosc":null,"teachers":null,"bath_hygiene":null,"playground":null,"corridor":null,"rooms_hygiene":null,"Is_waste_collected":null,"Collection_frequency":null,"construction":null,"yes_construction":null,"unified_authority":null,"documentation":null,"check_all":null,"Comments":null,"comments2":"الخيام طاريا","age0_6_months":null,"age6_12_months":null,"f_age0_6_months":null,"f_age6_12_months":null,"f_ages_1_3":null,"f_age_3_5":null,"f_age_6_12":null,"f_age_13_18":null,"f_age_19_57":null,"f_age_58_above":null,"Female_Headed_Households":null,"lost_kids":null,"chronic_disease":null,"diesel_fuel_tank":null,"count_tanks":null,"capacity_tank":null,"need_bin":null,"need_bin_240":null,"need_bin_1100":null,"status_2026":"not used","gov_cad":"Bekaa","district_cad":"Zahle","cad_name":"Bouerije","x":35.815536,"y":33.820294},"geometry":{"type":"Point","coordinates":[35.815536,33.820294]}},
{"type":"Feature","properties":{"objectid":799,"globalid":"fc19da64-e129-4319-bdc8-4f15fa598d8e","shelter_name":"ثانوية الكفور الرسمية المخلتطة","governorate_name":"Mount Lebanon","district_name":"Kesrwane","villages":"Kfour","lat_calc":34.031432,"long_calc":35.693641,"loc_calc":"34.031432 35.693641","structure_type":"School","structure_type_other":null,"cerd_number":211,"ministry_name":"ثانوية الكفور الرسمية المختلطة","ACS":25329,"P_Code":"25329_001","focal":"Layale Rizk","nb":3386550,"mosa_focal":"Rafca youssef lebbos","mosa_focal_phone":3210578,"mehe_focal":"Layale rizk","mehe_focalnb":"3386550","type_private_public":"public","other_specifyy":null,"status":"open","notes":null,"sourcee":"ministry","displaced_cas_code":25329,"phases":1,"nb_idps":5,"nb_families":1,"capacity":8,"male":4,"female":1,"age_0_1":0,"ages_1_3":0,"age_3_5":0,"age_6_12":0,"age_13_18":0,"age_19_57":3,"age_58_above":1,"disabilities_pregnant":null,"pregnant_women":null,"heating_disability":null,"visual_disability":null,"physical_disability":null,"interllectual_disability":null,"CreationDate":"2026-03-04T12:04:10","Creator":"Ramez.Hassan.961","EditDate":"2026-07-17T06:48:50","Editor":"EOR.KESRWAN","lactating_women":null,"hearing_disability":null,"mental_disability":null,"DONT_ADD":"true","old_global_id":null,"floorsnum":null,"totalrooms":null,"occ_rooms":null,"free_spaces":null,"free_rooms":null,"kitchen_found":null,"kitchen_found2":null,"type_meal":null,"toilets_male":null,"toilets_female":null,"toilets_not_used_male":null,"toilets_not_used_female":null,"water_source":null,"elec_source":null,"bathtub_male":null,"bathtub_female":null,"generator":null,"generator_kva":null,"water_tank":null,"water_tank_capacity":null,"water_heater":null,"ac":null,"firedistinguisher":0,"first_aid":"false","wheelchair":null,"beds":null,"fridges":null,"washingmachines":null,"kitchen":null,"kids_area":null,"water_available":null,"need_water":null,"who_water":null,"how_water":null,"LAF_Focal":null,"LAF_shelter_name":null,"LAF_Phone_nb":null,"kg1_public_f":null,"kg1_public_e":null,"kg1_private":null,"kg2_public_f":null,"kg2_public_e":null,"kg2_private":null,"kg3_public_f":null,"kg3_public_e":null,"kg3_private":null,"gr1_public_f":null,"gr1_public_e":null,"gr1_private":null,"gr2_public_f":null,"gr2_public_e":null,"gr2_private":null,"gr3_public_f":null,"gr3_public_e":null,"gr3_private":null,"gr4_public_f":null,"gr4_public_e":null,"gr4_private":null,"gr5_public_f":null,"gr5_public_e":null,"gr5_private":null,"gr6_public_f":null,"gr6_public_e":null,"gr6_private":null,"gr7_public_f":null,"gr7_public_e":null,"gr7_private":null,"gr8_public_f":null,"gr8_public_e":null,"gr8_private":null,"gr9_public_f":null,"gr9_public_e":null,"gr9_private":null,"gr10_public_f":null,"gr10_public_e":null,"gr10_private":null,"gr11s_public_f":null,"gr11s_public_e":null,"gr11s_private":null,"gr11e_public_f":null,"gr11e_public_e":null,"gr11e_private":null,"gr12sg_public_f":null,"gr12sg_public_e":null,"gr12sg_private":null,"gr12se_public_f":null,"gr12se_public_e":null,"gr12se_private":null,"gr12lh_public_f":null,"gr12lh_public_e":null,"gr12lh_private":null,"gr12sv_public_f":null,"gr12sv_public_e":null,"gr12sv_private":null,"tvet_public":null,"tvet_private":null,"uni":null,"syrians":null,"oosc":null,"teachers":null,"bath_hygiene":null,"playground":null,"corridor":null,"rooms_hygiene":null,"Is_waste_collected":null,"Collection_frequency":null,"construction":null,"yes_construction":null,"unified_authority":null,"documentation":null,"check_all":null,"Comments":null,"comments2":"أرنون صير الغريبة","age0_6_months":0,"age6_12_months":0,"f_age0_6_months":0,"f_age6_12_months":0,"f_ages_1_3":0,"f_age_3_5":0,"f_age_6_12":0,"f_age_13_18":0,"f_age_19_57":0,"f_age_58_above":1,"Female_Headed_Households":null,"lost_kids":null,"chronic_disease":null,"diesel_fuel_tank":null,"count_tanks":null,"capacity_tank":null,"need_bin":null,"need_bin_240":null,"need_bin_1100":null,"status_2026":"used","gov_cad":"Mount Lebanon","district_cad":"Kesrwane","cad_name":"El-Kfour","x":35.69462427,"y":34.03424835},"geometry":{"type":"Point","coordinates":[35.69462427,34.03424835]}},
{"type":"Feature","properties":{"objectid":812,"globalid":"eadfeef1-fec6-42e8-a790-bdc031f9d096","shelter_name":"جمعية هديل - انطلياس","governorate_name":"Mount Lebanon","district_name":"El Meten","villages":"Antelias","lat_calc":33.914841,"long_calc":35.592088,"loc_calc":"33.914841 35.592088","structure_type":"organization","structure_type_other":null,"cerd_number":null,"ministry_name":"هديل","ACS":22311,"P_Code":"22311_005","focal":"Zeina Ghosn","nb":71002332,"mosa_focal":"Amal Rouphael","mosa_focal_phone":3109880,"mehe_focal":null,"mehe_focalnb":null,"type_private_public":"private","other_specifyy":null,"status":"open","notes":null,"sourcee":"ministry","displaced_cas_code":22311,"phases":null,"nb_idps":76,"nb_families":33,"capacity":109,"male":34,"female":28,"age_0_1":0,"ages_1_3":0,"age_3_5":2,"age_6_12":7,"age_13_18":0,"age_19_57":25,"age_58_above":0,"disabilities_pregnant":null,"pregnant_women":0,"heating_disability":null,"visual_disability":1,"physical_disability":1,"interllectual_disability":null,"CreationDate":"2026-03-04T12:04:10","Creator":"Ramez.Hassan.961","EditDate":"2026-09-02T13:13:37","Editor":"EOR.MATEN","lactating_women":0,"hearing_disability":0,"mental_disability":1,"DONT_ADD":"true","old_global_id":null,"floorsnum":4,"totalrooms":60,"occ_rooms":60,"free_spaces":0,"free_rooms":0,"kitchen_found":"false","kitchen_found2":null,"type_meal":null,"toilets_male":6,"toilets_female":6,"toilets_not_used_male":null,"toilets_not_used_female":null,"water_source":"بئر","elec_source":"موتور + طاقة + كهرباء لبنان","bathtub_male":6,"bathtub_female":6,"generator":"true","generator_kva":220,"water_tank":3,"water_tank_capacity":24000,"water_heater":12,"ac":0,"firedistinguisher":0,"first_aid":"false","wheelchair":0,"beds":0,"fridges":2,"washingmachines":2,"kitchen":"false","kids_area":2,"water_available":"true","need_water":25,"who_water":"مصلحة المياه","how_water":"مصلحة المياه","LAF_Focal":null,"LAF_shelter_name":null,"LAF_Phone_nb":null,"kg1_public_f":0,"kg1_public_e":1,"kg1_private":0,"kg2_public_f":0,"kg2_public_e":0,"kg2_private":1,"kg3_public_f":0,"kg3_public_e":2,"kg3_private":2,"gr1_public_f":0,"gr1_public_e":2,"gr1_private":0,"gr2_public_f":0,"gr2_public_e":1,"gr2_private":1,"gr3_public_f":0,"gr3_public_e":0,"gr3_private":2,"gr4_public_f":0,"gr4_public_e":2,"gr4_private":3,"gr5_public_f":0,"gr5_public_e":0,"gr5_private":2,"gr6_public_f":0,"gr6_public_e":0,"gr6_private":1,"gr7_public_f":0,"gr7_public_e":0,"gr7_private":0,"gr8_public_f":0,"gr8_public_e":1,"gr8_private":0,"gr9_public_f":0,"gr9_public_e":0,"gr9_private":0,"gr10_public_f":0,"gr10_public_e":0,"gr10_private":0,"gr11s_public_f":0,"gr11s_public_e":0,"gr11s_private":0,"gr11e_public_f":0,"gr11e_public_e":0,"gr11e_private":0,"gr12sg_public_f":0,"gr12sg_public_e":0,"gr12sg_private":0,"gr12se_public_f":1,"gr12se_public_e":0,"gr12se_private":0,"gr12lh_public_f":"false","gr12lh_public_e":0,"gr12lh_private":"false","gr12sv_public_f":0,"gr12sv_public_e":0,"gr12sv_private":0,"tvet_public":4,"tvet_private":1,"uni":1,"syrians":3,"oosc":0,"teachers":0,"bath_hygiene":"fair","playground":"fair","corridor":"fair","rooms_hygiene":"fair","Is_waste_collected":"true","Collection_frequency":"daily","construction":"false","yes_construction":null,"unified_authority":null,"documentation":null,"check_all":"true","Comments":"true","comments2":"اسماء مناطق النازحين:دبل  القوزح  صور  مرجعيون  القليعة  ضاحية  عين قبل  يازون","age0_6_months":0,"age6_12_months":0,"f_age0_6_months":0,"f_age6_12_months":0,"f_ages_1_3":1,"f_age_3_5":2,"f_age_6_12":6,"f_age_13_18":1,"f_age_19_57":16,"f_age_58_above":2,"Female_Headed_Households":0,"lost_kids":0,"chronic_disease":25,"diesel_fuel_tank":"true","count_tanks":1,"capacity_tank":3000,"need_bin":null,"need_bin_240":null,"need_bin_1100":null,"status_2026":"used","gov_cad":"Mount Lebanon","district_cad":"El Meten","cad_name":"Antélias","x":35.59488088,"y":33.91311506},"geometry":{"type":"Point","coordinates":[35.59488088,33.91311506]}},
{"type":"Feature","properties":{"objectid":842,"globalid":"aec6c7b9-17e3-46bb-b8c3-c139e50b0e63","shelter_name":"مدرسة المربي محمود ايوب الرسمية","governorate_name":"Mount Lebanon","district_name":"Baabda","villages":"Jnah","lat_calc":33.866037,"long_calc":35.487796,"loc_calc":"33.866037 35.487796","structure_type":"School","structure_type_other":null,"cerd_number":91,"ministry_name":"لمربي محمود أيوب الرسمية","ACS":21111,"P_Code":"21111_013","focal":"يوسف وهبي","nb":3503899,"mosa_focal":"فاطمة زبيب","mosa_focal_phone":3054358,"mehe_focal":"عبير صادق","mehe_focalnb":"70629610","type_private_public":"public","other_specifyy":null,"status":"open","notes":null,"sourcee":"ministry","displaced_cas_code":21111,"phases":null,"nb_idps":17,"nb_families":4,"capacity":100,"male":6,"female":11,"age_0_1":0,"ages_1_3":1,"age_3_5":1,"age_6_12":0,"age_13_18":0,"age_19_57":3,"age_58_above":1,"disabilities_pregnant":null,"pregnant_women":1,"heating_disability":null,"visual_disability":2,"physical_disability":0,"interllectual_disability":null,"CreationDate":"2026-03-04T12:04:10","Creator":"Ramez.Hassan.961","EditDate":"2026-09-01T08:20:42","Editor":"EOR.BAABDA","lactating_women":0,"hearing_disability":1,"mental_disability":2,"DONT_ADD":"true","old_global_id":null,"floorsnum":4,"totalrooms":20,"occ_rooms":20,"free_spaces":0,"free_rooms":1,"kitchen_found":"false","kitchen_found2":null,"type_meal":null,"toilets_male":2,"toilets_female":2,"toilets_not_used_male":2,"toilets_not_used_female":2,"water_source":"بئر ارتوازي","elec_source":"كهرباء دولة (ساعة)","bathtub_male":1,"bathtub_female":1,"generator":"false","generator_kva":null,"water_tank":2,"water_tank_capacity":2000,"water_heater":2,"ac":0,"firedistinguisher":0,"first_aid":"false","wheelchair":0,"beds":0,"fridges":0,"washingmachines":3,"kitchen":"false","kids_area":1,"water_available":"false","need_water":4000,"who_water":null,"how_water":null,"LAF_Focal":null,"LAF_shelter_name":null,"LAF_Phone_nb":null,"kg1_public_f":0,"kg1_public_e":1,"kg1_private":0,"kg2_public_f":0,"kg2_public_e":1,"kg2_private":1,"kg3_public_f":0,"kg3_public_e":6,"kg3_private":0,"gr1_public_f":0,"gr1_public_e":3,"gr1_private":0,"gr2_public_f":0,"gr2_public_e":2,"gr2_private":1,"gr3_public_f":0,"gr3_public_e":2,"gr3_private":0,"gr4_public_f":0,"gr4_public_e":1,"gr4_private":0,"gr5_public_f":0,"gr5_public_e":4,"gr5_private":0,"gr6_public_f":0,"gr6_public_e":3,"gr6_private":0,"gr7_public_f":0,"gr7_public_e":1,"gr7_private":0,"gr8_public_f":0,"gr8_public_e":0,"gr8_private":0,"gr9_public_f":0,"gr9_public_e":0,"gr9_private":0,"gr10_public_f":0,"gr10_public_e":0,"gr10_private":0,"gr11s_public_f":0,"gr11s_public_e":0,"gr11s_private":0,"gr11e_public_f":0,"gr11e_public_e":0,"gr11e_private":0,"gr12sg_public_f":0,"gr12sg_public_e":0,"gr12sg_private":0,"gr12se_public_f":0,"gr12se_public_e":0,"gr12se_private":0,"gr12lh_public_f":"false","gr12lh_public_e":0,"gr12lh_private":"false","gr12sv_public_f":0,"gr12sv_public_e":0,"gr12sv_private":0,"tvet_public":0,"tvet_private":0,"uni":0,"syrians":0,"oosc":0,"teachers":1,"bath_hygiene":"fair","playground":"fair","corridor":"fair","rooms_hygiene":"fair","Is_waste_collected":"false","Collection_frequency":null,"construction":"false","yes_construction":null,"unified_authority":"true","documentation":"false","check_all":"false","Comments":"false","comments2":"شقرا, محرونة, قمير","age0_6_months":0,"age6_12_months":0,"f_age0_6_months":0,"f_age6_12_months":0,"f_ages_1_3":0,"f_age_3_5":0,"f_age_6_12":1,"f_age_13_18":2,"f_age_19_57":6,"f_age_58_above":2,"Female_Headed_Households":0,"lost_kids":0,"chronic_disease":0,"diesel_fuel_tank":null,"count_tanks":null,"capacity_tank":null,"need_bin":null,"need_bin_240":null,"need_bin_1100":null,"status_2026":"used","gov_cad":"Mount Lebanon","district_cad":"Baabda","cad_name":"Chiah","x":35.487796,"y":33.866037},"geometry":{"type":"Point","coordinates":[35.487796,33.866037]}},
{"type":"Feature","properties":{"objectid":860,"globalid":"30808543-e428-4c6c-b73a-03b574044b00","shelter_name":"Silver star","governorate_name":"Mount Lebanon","district_name":"Chouf","villages":"Mazboud","lat_calc":33.610606,"long_calc":35.478739,"loc_calc":"33.610606 35.478739","structure_type":"School","structure_type_other":null,"cerd_number":null,"ministry_name":"Silver star","ACS":23215,"P_Code":"23215_004","focal":"chadi chaaban","nb":70030820,"mosa_focal":null,"mosa_focal_phone":null,"mehe_focal":null,"mehe_focalnb":null,"type_private_public":"private","other_specifyy":null,"status":"full","notes":"refer to Kaemakam","sourcee":"field","displaced_cas_code":23215,"phases":null,"nb_idps":79,"nb_families":23,"capacity":175,"male":75,"female":86,"age_0_1":4,"ages_1_3":5,"age_3_5":2,"age_6_12":7,"age_13_18":13,"age_19_57":40,"age_58_above":5,"disabilities_pregnant":null,"pregnant_women":2,"heating_disability":null,"visual_disability":1,"physical_disability":1,"interllectual_disability":null,"CreationDate":"2026-03-04T12:04:10","Creator":"Ramez.Hassan.961","EditDate":"2026-09-01T06:55:32","Editor":"EOR.CHOUF","lactating_women":0,"hearing_disability":1,"mental_disability":0,"DONT_ADD":"true","old_global_id":null,"floorsnum":2,"totalrooms":24,"occ_rooms":24,"free_spaces":0,"free_rooms":0,"kitchen_found":"false","kitchen_found2":null,"type_meal":null,"toilets_male":8,"toilets_female":4,"toilets_not_used_male":0,"toilets_not_used_female":0,"water_source":"اشتراك","elec_source":"اشتراك-دولة","bathtub_male":2,"bathtub_female":2,"generator":"false","generator_kva":null,"water_tank":2,"water_tank_capacity":20000,"water_heater":2,"ac":0,"firedistinguisher":0,"first_aid":"true","wheelchair":1,"beds":2,"fridges":0,"washingmachines":2,"kitchen":"false","kids_area":1,"water_available":"true","need_water":10000,"who_water":"الدفاع المدني-شراء","how_water":"بيك اب","LAF_Focal":null,"LAF_shelter_name":null,"LAF_Phone_nb":null,"kg1_public_f":0,"kg1_public_e":0,"kg1_private":0,"kg2_public_f":0,"kg2_public_e":0,"kg2_private":0,"kg3_public_f":0,"kg3_public_e":1,"kg3_private":1,"gr1_public_f":0,"gr1_public_e":1,"gr1_private":1,"gr2_public_f":0,"gr2_public_e":4,"gr2_private":0,"gr3_public_f":0,"gr3_public_e":1,"gr3_private":0,"gr4_public_f":0,"gr4_public_e":3,"gr4_private":0,"gr5_public_f":0,"gr5_public_e":3,"gr5_private":0,"gr6_public_f":0,"gr6_public_e":3,"gr6_private":0,"gr7_public_f":0,"gr7_public_e":3,"gr7_private":0,"gr8_public_f":0,"gr8_public_e":0,"gr8_private":1,"gr9_public_f":0,"gr9_public_e":0,"gr9_private":0,"gr10_public_f":0,"gr10_public_e":0,"gr10_private":2,"gr11s_public_f":0,"gr11s_public_e":0,"gr11s_private":0,"gr11e_public_f":0,"gr11e_public_e":0,"gr11e_private":0,"gr12sg_public_f":0,"gr12sg_public_e":0,"gr12sg_private":0,"gr12se_public_f":0,"gr12se_public_e":0,"gr12se_private":0,"gr12lh_public_f":"false","gr12lh_public_e":0,"gr12lh_private":"false","gr12sv_public_f":0,"gr12sv_public_e":0,"gr12sv_private":0,"tvet_public":2,"tvet_private":8,"uni":13,"syrians":0,"oosc":5,"teachers":2,"bath_hygiene":null,"playground":null,"corridor":null,"rooms_hygiene":null,"Is_waste_collected":null,"Collection_frequency":null,"construction":null,"yes_construction":null,"unified_authority":null,"documentation":null,"check_all":null,"Comments":null,"comments2":null,"age0_6_months":1,"age6_12_months":2,"f_age0_6_months":1,"f_age6_12_months":1,"f_ages_1_3":1,"f_age_3_5":1,"f_age_6_12":14,"f_age_13_18":7,"f_age_19_57":52,"f_age_58_above":9,"Female_Headed_Households":null,"lost_kids":null,"chronic_disease":null,"diesel_fuel_tank":null,"count_tanks":null,"capacity_tank":null,"need_bin":null,"need_bin_240":null,"need_bin_1100":null,"status_2026":"used","gov_cad":"Mount Lebanon","district_cad":"Chouf","cad_name":"Mazboud","x":35.478739,"y":33.610606},"geometry":{"type":"Point","coordinates":[35.478739,33.610606]}},
{"type":"Feature","properties":{"objectid":893,"globalid":"a901f091-6b40-4dec-9db2-9e015ad0b1e4","shelter_name":"مهنية الشهيد رفيق الحريري- كترمايا","governorate_name":"Mount Lebanon","district_name":"Chouf","villages":"Ketermaya","lat_calc":33.615872,"long_calc":35.447344,"loc_calc":"33.615872 35.447344","structure_type":"Institute","structure_type_other":null,"cerd_number":null,"ministry_name":"مهنية الشهيد رفيق الحريري- كترمايا","ACS":23231,"P_Code":"23231_006","focal":"yehya alaaedine","nb":3661089,"mosa_focal":"Ahmad Assaad","mosa_focal_phone":71363500,"mehe_focal":"Yehya alaaedine","mehe_focalnb":"3661089","type_private_public":"public","other_specifyy":null,"status":"full","notes":null,"sourcee":"field","displaced_cas_code":23231,"phases":null,"nb_idps":120,"nb_families":33,"capacity":190,"male":84,"female":96,"age_0_1":5,"ages_1_3":3,"age_3_5":4,"age_6_12":16,"age_13_18":17,"age_19_57":34,"age_58_above":8,"disabilities_pregnant":null,"pregnant_women":1,"heating_disability":null,"visual_disability":0,"physical_disability":0,"interllectual_disability":null,"CreationDate":"2026-03-04T12:04:10","Creator":"Ramez.Hassan.961","EditDate":"2026-08-28T07:41:01","Editor":"EOR.CHOUF","lactating_women":3,"hearing_disability":0,"mental_disability":1,"DONT_ADD":"true","old_global_id":null,"floorsnum":3,"totalrooms":13,"occ_rooms":7,"free_spaces":6,"free_rooms":6,"kitchen_found":"true","kitchen_found2":"false","type_meal":null,"toilets_male":0,"toilets_female":1,"toilets_not_used_male":4,"toilets_not_used_female":3,"water_source":"الدولة","elec_source":"طاقة + الدولة","bathtub_male":1,"bathtub_female":2,"generator":"true","generator_kva":5,"water_tank":2,"water_tank_capacity":60000,"water_heater":4,"ac":0,"firedistinguisher":0,"first_aid":"false","wheelchair":0,"beds":0,"fridges":0,"washingmachines":1,"kitchen":"true","kids_area":1,"water_available":"false","need_water":120,"who_water":null,"how_water":null,"LAF_Focal":null,"LAF_shelter_name":null,"LAF_Phone_nb":null,"kg1_public_f":null,"kg1_public_e":null,"kg1_private":null,"kg2_public_f":null,"kg2_public_e":null,"kg2_private":null,"kg3_public_f":null,"kg3_public_e":null,"kg3_private":null,"gr1_public_f":null,"gr1_public_e":null,"gr1_private":null,"gr2_public_f":null,"gr2_public_e":null,"gr2_private":null,"gr3_public_f":null,"gr3_public_e":null,"gr3_private":null,"gr4_public_f":null,"gr4_public_e":null,"gr4_private":null,"gr5_public_f":null,"gr5_public_e":null,"gr5_private":null,"gr6_public_f":null,"gr6_public_e":null,"gr6_private":null,"gr7_public_f":null,"gr7_public_e":null,"gr7_private":null,"gr8_public_f":null,"gr8_public_e":null,"gr8_private":null,"gr9_public_f":null,"gr9_public_e":null,"gr9_private":null,"gr10_public_f":null,"gr10_public_e":null,"gr10_private":null,"gr11s_public_f":null,"gr11s_public_e":null,"gr11s_private":null,"gr11e_public_f":null,"gr11e_public_e":null,"gr11e_private":null,"gr12sg_public_f":null,"gr12sg_public_e":null,"gr12sg_private":null,"gr12se_public_f":null,"gr12se_public_e":null,"gr12se_private":null,"gr12lh_public_f":null,"gr12lh_public_e":null,"gr12lh_private":null,"gr12sv_public_f":null,"gr12sv_public_e":null,"gr12sv_private":null,"tvet_public":null,"tvet_private":null,"uni":null,"syrians":null,"oosc":null,"teachers":null,"bath_hygiene":null,"playground":null,"corridor":null,"rooms_hygiene":null,"Is_waste_collected":null,"Collection_frequency":null,"construction":null,"yes_construction":null,"unified_authority":null,"documentation":null,"check_all":null,"Comments":null,"comments2":null,"age0_6_months":1,"age6_12_months":1,"f_age0_6_months":1,"f_age6_12_months":0,"f_ages_1_3":5,"f_age_3_5":5,"f_age_6_12":18,"f_age_13_18":19,"f_age_19_57":36,"f_age_58_above":12,"Female_Headed_Households":null,"lost_kids":null,"chronic_disease":null,"diesel_fuel_tank":null,"count_tanks":null,"capacity_tank":null,"need_bin":null,"need_bin_240":null,"need_bin_1100":null,"status_2026":"used","gov_cad":"Mount Lebanon","district_cad":"Chouf","cad_name":"Katermaya","x":35.447344,"y":33.615872},"geometry":{"type":"Point","coordinates":[35.447344,33.615872]}},
{"type":"Feature","properties":{"objectid":904,"globalid":"19514fad-dc78-4500-9927-7c22604631be","shelter_name":"حسينية حجولا","governorate_name":"Mount Lebanon","district_name":"Jbeil","villages":"Hjoula","lat_calc":34.132315,"long_calc":35.745147,"loc_calc":"34.132315 35.745147","structure_type":"religiou_place","structure_type_other":null,"cerd_number":null,"ministry_name":"حسينية حجولا","ACS":26226,"P_Code":"26226_001","focal":"Bassem ibrahim","nb":null,"mosa_focal":null,"mosa_focal_phone":null,"mehe_focal":null,"mehe_focalnb":null,"type_private_public":"private","other_specifyy":null,"status":"open","notes":null,"sourcee":"field","displaced_cas_code":26226,"phases":null,"nb_idps":20,"nb_families":6,"capacity":66,"male":null,"female":null,"age_0_1":null,"ages_1_3":null,"age_3_5":null,"age_6_12":null,"age_13_18":null,"age_19_57":null,"age_58_above":null,"disabilities_pregnant":null,"pregnant_women":null,"heating_disability":null,"visual_disability":null,"physical_disability":null,"interllectual_disability":null,"CreationDate":"2026-03-04T12:04:10","Creator":"Ramez.Hassan.961","EditDate":"2026-07-13T08:22:38","Editor":"EOR.JBEIL","lactating_women":null,"hearing_disability":null,"mental_disability":null,"DONT_ADD":"true","old_global_id":null,"floorsnum":null,"totalrooms":null,"occ_rooms":null,"free_spaces":null,"free_rooms":null,"kitchen_found":null,"kitchen_found2":null,"type_meal":null,"toilets_male":null,"toilets_female":null,"toilets_not_used_male":null,"toilets_not_used_female":null,"water_source":null,"elec_source":null,"bathtub_male":null,"bathtub_female":null,"generator":null,"generator_kva":null,"water_tank":null,"water_tank_capacity":null,"water_heater":null,"ac":null,"firedistinguisher":null,"first_aid":null,"wheelchair":null,"beds":null,"fridges":null,"washingmachines":null,"kitchen":null,"kids_area":null,"water_available":null,"need_water":null,"who_water":null,"how_water":null,"LAF_Focal":null,"LAF_shelter_name":null,"LAF_Phone_nb":null,"kg1_public_f":null,"kg1_public_e":null,"kg1_private":null,"kg2_public_f":null,"kg2_public_e":null,"kg2_private":null,"kg3_public_f":null,"kg3_public_e":null,"kg3_private":null,"gr1_public_f":null,"gr1_public_e":null,"gr1_private":null,"gr2_public_f":null,"gr2_public_e":null,"gr2_private":null,"gr3_public_f":null,"gr3_public_e":null,"gr3_private":null,"gr4_public_f":null,"gr4_public_e":null,"gr4_private":null,"gr5_public_f":null,"gr5_public_e":null,"gr5_private":null,"gr6_public_f":null,"gr6_public_e":null,"gr6_private":null,"gr7_public_f":null,"gr7_public_e":null,"gr7_private":null,"gr8_public_f":null,"gr8_public_e":null,"gr8_private":null,"gr9_public_f":null,"gr9_public_e":null,"gr9_private":null,"gr10_public_f":null,"gr10_public_e":null,"gr10_private":null,"gr11s_public_f":null,"gr11s_public_e":null,"gr11s_private":null,"gr11e_public_f":null,"gr11e_public_e":null,"gr11e_private":null,"gr12sg_public_f":null,"gr12sg_public_e":null,"gr12sg_private":null,"gr12se_public_f":null,"gr12se_public_e":null,"gr12se_private":null,"gr12lh_public_f":null,"gr12lh_public_e":null,"gr12lh_private":null,"gr12sv_public_f":null,"gr12sv_public_e":null,"gr12sv_private":null,"tvet_public":null,"tvet_private":null,"uni":null,"syrians":null,"oosc":null,"teachers":null,"bath_hygiene":null,"playground":null,"corridor":null,"rooms_hygiene":null,"Is_waste_collected":null,"Collection_frequency":null,"construction":null,"yes_construction":null,"unified_authority":null,"documentation":null,"check_all":null,"Comments":null,"comments2":null,"age0_6_months":null,"age6_12_months":null,"f_age0_6_months":null,"f_age6_12_months":null,"f_ages_1_3":null,"f_age_3_5":null,"f_age_6_12":null,"f_age_13_18":null,"f_age_19_57":null,"f_age_58_above":null,"Female_Headed_Households":null,"lost_kids":null,"chronic_disease":null,"diesel_fuel_tank":null,"count_tanks":null,"capacity_tank":null,"need_bin":null,"need_bin_240":null,"need_bin_1100":null,"status_2026":"used","gov_cad":"Mount Lebanon","district_cad":"Jbeil","cad_name":"Hejoula","x":35.745147,"y":34.132315},"geometry":{"type":"Point","coordinates":[35.745147,34.132315]}},
{"type":"Feature","properties":{"objectid":914,"globalid":"b8c0b70f-dbb9-4f7e-ba3a-7afe669c3319","shelter_name":"حسينية ابو الفضل مشان","governorate_name":"Mount Lebanon","district_name":"Jbeil","villages":"Mechane","lat_calc":34.084717,"long_calc":35.755736,"loc_calc":"34.084717 35.755736","structure_type":"religiou_place","structure_type_other":null,"cerd_number":null,"ministry_name":"حسينية ابو الفضل مشان","ACS":26231,"P_Code":"26231_003","focal":"mohamad chammas","nb":3392182,"mosa_focal":"محمود مالك زين العابدين","mosa_focal_phone":70502766,"mehe_focal":null,"mehe_focalnb":null,"type_private_public":"other","other_specifyy":null,"status":"open","notes":null,"sourcee":"field","displaced_cas_code":26231,"phases":null,"nb_idps":12,"nb_families":6,"capacity":51,"male":null,"female":null,"age_0_1":null,"ages_1_3":null,"age_3_5":null,"age_6_12":null,"age_13_18":null,"age_19_57":null,"age_58_above":null,"disabilities_pregnant":null,"pregnant_women":null,"heating_disability":null,"visual_disability":null,"physical_disability":null,"interllectual_disability":null,"CreationDate":"2026-03-04T12:04:10","Creator":"Ramez.Hassan.961","EditDate":"2026-08-25T09:36:51","Editor":"EOR.JBEIL","lactating_women":null,"hearing_disability":null,"mental_disability":null,"DONT_ADD":"true","old_global_id":null,"floorsnum":null,"totalrooms":null,"occ_rooms":null,"free_spaces":null,"free_rooms":null,"kitchen_found":null,"kitchen_found2":null,"type_meal":null,"toilets_male":null,"toilets_female":null,"toilets_not_used_male":null,"toilets_not_used_female":null,"water_source":null,"elec_source":null,"bathtub_male":null,"bathtub_female":null,"generator":null,"generator_kva":null,"water_tank":null,"water_tank_capacity":null,"water_heater":null,"ac":null,"firedistinguisher":null,"first_aid":null,"wheelchair":null,"beds":null,"fridges":null,"washingmachines":null,"kitchen":null,"kids_area":null,"water_available":null,"need_water":null,"who_water":null,"how_water":null,"LAF_Focal":null,"LAF_shelter_name":null,"LAF_Phone_nb":null,"kg1_public_f":null,"kg1_public_e":null,"kg1_private":null,"kg2_public_f":null,"kg2_public_e":null,"kg2_private":null,"kg3_public_f":null,"kg3_public_e":null,"kg3_private":null,"gr1_public_f":null,"gr1_public_e":null,"gr1_private":null,"gr2_public_f":null,"gr2_public_e":null,"gr2_private":null,"gr3_public_f":null,"gr3_public_e":null,"gr3_private":null,"gr4_public_f":null,"gr4_public_e":null,"gr4_private":null,"gr5_public_f":null,"gr5_public_e":null,"gr5_private":null,"gr6_public_f":null,"gr6_public_e":null,"gr6_private":null,"gr7_public_f":null,"gr7_public_e":null,"gr7_private":null,"gr8_public_f":null,"gr8_public_e":null,"gr8_private":null,"gr9_public_f":null,"gr9_public_e":null,"gr9_private":null,"gr10_public_f":null,"gr10_public_e":null,"gr10_private":null,"gr11s_public_f":null,"gr11s_public_e":null,"gr11s_private":null,"gr11e_public_f":null,"gr11e_public_e":null,"gr11e_private":null,"gr12sg_public_f":null,"gr12sg_public_e":null,"gr12sg_private":null,"gr12se_public_f":null,"gr12se_public_e":null,"gr12se_private":null,"gr12lh_public_f":null,"gr12lh_public_e":null,"gr12lh_private":null,"gr12sv_public_f":null,"gr12sv_public_e":null,"gr12sv_private":null,"tvet_public":null,"tvet_private":null,"uni":null,"syrians":null,"oosc":null,"teachers":null,"bath_hygiene":null,"playground":null,"corridor":null,"rooms_hygiene":null,"Is_waste_collected":null,"Collection_frequency":null,"construction":null,"yes_construction":null,"unified_authority":null,"documentation":null,"check_all":null,"Comments":null,"comments2":"النبطية،صيدا،عدلون،شعيت،الضاحية","age0_6_months":null,"age6_12_months":null,"f_age0_6_months":null,"f_age6_12_months":null,"f_ages_1_3":null,"f_age_3_5":null,"f_age_6_12":null,"f_age_13_18":null,"f_age_19_57":null,"f_age_58_above":null,"Female_Headed_Households":null,"lost_kids":null,"chronic_disease":null,"diesel_fuel_tank":null,"count_tanks":null,"capacity_tank":null,"need_bin":null,"need_bin_240":null,"need_bin_1100":null,"status_2026":"used","gov_cad":"Mount Lebanon","district_cad":"Jbeil","cad_name":"Mechane","x":35.755736,"y":34.084717},"geometry":{"type":"Point","coordinates":[35.755736,34.084717]}},
{"type":"Feature","properties":{"objectid":918,"globalid":"938d4c9d-9f7d-4982-81e7-bff81e036a8d","shelter_name":"راس اسطا (مستوصف +جامع  ) ","governorate_name":"Mount Lebanon","district_name":"Jbeil","villages":"Ras Osta","lat_calc":34.114925,"long_calc":35.722356,"loc_calc":"34.114925 35.722356","structure_type":"religiou_place","structure_type_other":null,"cerd_number":null,"ministry_name":"راس اسطا (مستوصف +جامع +مطعم الدلعونا ) ","ACS":26241,"P_Code":"26241_001","focal":"hassan haydar","nb":3696753,"mosa_focal":null,"mosa_focal_phone":null,"mehe_focal":null,"mehe_focalnb":null,"type_private_public":"private","other_specifyy":null,"status":"open","notes":null,"sourcee":"field","displaced_cas_code":26241,"phases":null,"nb_idps":12,"nb_families":4,"capacity":20,"male":8,"female":6,"age_0_1":null,"ages_1_3":2,"age_3_5":0,"age_6_12":0,"age_13_18":0,"age_19_57":6,"age_58_above":0,"disabilities_pregnant":null,"pregnant_women":null,"heating_disability":null,"visual_disability":null,"physical_disability":null,"interllectual_disability":null,"CreationDate":"2026-03-04T12:04:10","Creator":"Ramez.Hassan.961","EditDate":"2026-07-13T08:24:38","Editor":"EOR.JBEIL","lactating_women":null,"hearing_disability":null,"mental_disability":1,"DONT_ADD":"true","old_global_id":null,"floorsnum":null,"totalrooms":null,"occ_rooms":null,"free_spaces":null,"free_rooms":null,"kitchen_found":null,"kitchen_found2":null,"type_meal":null,"toilets_male":null,"toilets_female":null,"toilets_not_used_male":null,"toilets_not_used_female":null,"water_source":null,"elec_source":null,"bathtub_male":null,"bathtub_female":null,"generator":null,"generator_kva":null,"water_tank":null,"water_tank_capacity":null,"water_heater":null,"ac":null,"firedistinguisher":null,"first_aid":null,"wheelchair":null,"beds":null,"fridges":null,"washingmachines":null,"kitchen":null,"kids_area":null,"water_available":null,"need_water":null,"who_water":null,"how_water":null,"LAF_Focal":null,"LAF_shelter_name":null,"LAF_Phone_nb":null,"kg1_public_f":0,"kg1_public_e":0,"kg1_private":0,"kg2_public_f":0,"kg2_public_e":0,"kg2_private":0,"kg3_public_f":0,"kg3_public_e":0,"kg3_private":0,"gr1_public_f":0,"gr1_public_e":0,"gr1_private":0,"gr2_public_f":0,"gr2_public_e":0,"gr2_private":0,"gr3_public_f":0,"gr3_public_e":0,"gr3_private":0,"gr4_public_f":0,"gr4_public_e":0,"gr4_private":0,"gr5_public_f":0,"gr5_public_e":0,"gr5_private":0,"gr6_public_f":0,"gr6_public_e":0,"gr6_private":0,"gr7_public_f":0,"gr7_public_e":0,"gr7_private":0,"gr8_public_f":0,"gr8_public_e":0,"gr8_private":0,"gr9_public_f":0,"gr9_public_e":0,"gr9_private":0,"gr10_public_f":0,"gr10_public_e":0,"gr10_private":0,"gr11s_public_f":0,"gr11s_public_e":0,"gr11s_private":0,"gr11e_public_f":0,"gr11e_public_e":0,"gr11e_private":0,"gr12sg_public_f":0,"gr12sg_public_e":0,"gr12sg_private":0,"gr12se_public_f":0,"gr12se_public_e":0,"gr12se_private":0,"gr12lh_public_f":"false","gr12lh_public_e":0,"gr12lh_private":"false","gr12sv_public_f":0,"gr12sv_public_e":0,"gr12sv_private":0,"tvet_public":0,"tvet_private":0,"uni":0,"syrians":0,"oosc":0,"teachers":0,"bath_hygiene":null,"playground":null,"corridor":null,"rooms_hygiene":null,"Is_waste_collected":null,"Collection_frequency":null,"construction":null,"yes_construction":null,"unified_authority":null,"documentation":null,"check_all":null,"Comments":null,"comments2":"الضاحية، طلوسة","age0_6_months":0,"age6_12_months":0,"f_age0_6_months":0,"f_age6_12_months":0,"f_ages_1_3":0,"f_age_3_5":0,"f_age_6_12":0,"f_age_13_18":0,"f_age_19_57":6,"f_age_58_above":0,"Female_Headed_Households":null,"lost_kids":null,"chronic_disease":null,"diesel_fuel_tank":null,"count_tanks":null,"capacity_tank":null,"need_bin":null,"need_bin_240":null,"need_bin_1100":null,"status_2026":"used","gov_cad":"Mount Lebanon","district_cad":"Jbeil","cad_name":"Ras-Osta","x":35.722356,"y":34.114925},"geometry":{"type":"Point","coordinates":[35.722356,34.114925]}},
{"type":"Feature","properties":{"objectid":919,"globalid":"b16f75df-9b82-465f-9199-6c03f5136f3e","shelter_name":"حسينية امام الجواد بشتليدا","governorate_name":"Mount Lebanon","district_name":"Jbeil","villages":"Bechtelida","lat_calc":34.132467,"long_calc":35.722669,"loc_calc":"34.132467 35.722669","structure_type":"religiou_place","structure_type_other":null,"cerd_number":null,"ministry_name":"حسينية امام الجواد بشتليدا","ACS":26243,"P_Code":"26243_005","focal":"fadi kenaan","nb":3456998,"mosa_focal":null,"mosa_focal_phone":null,"mehe_focal":null,"mehe_focalnb":null,"type_private_public":"private","other_specifyy":null,"status":"full","notes":"ceasefire","sourcee":"field","displaced_cas_code":26243,"phases":null,"nb_idps":59,"nb_families":11,"capacity":59,"male":null,"female":null,"age_0_1":null,"ages_1_3":null,"age_3_5":null,"age_6_12":null,"age_13_18":null,"age_19_57":null,"age_58_above":null,"disabilities_pregnant":null,"pregnant_women":null,"heating_disability":null,"visual_disability":null,"physical_disability":null,"interllectual_disability":null,"CreationDate":"2026-03-04T12:04:10","Creator":"Ramez.Hassan.961","EditDate":"2026-07-13T08:22:23","Editor":"EOR.JBEIL","lactating_women":null,"hearing_disability":null,"mental_disability":null,"DONT_ADD":"true","old_global_id":null,"floorsnum":null,"totalrooms":null,"occ_rooms":null,"free_spaces":null,"free_rooms":null,"kitchen_found":null,"kitchen_found2":null,"type_meal":null,"toilets_male":null,"toilets_female":null,"toilets_not_used_male":null,"toilets_not_used_female":null,"water_source":null,"elec_source":null,"bathtub_male":null,"bathtub_female":null,"generator":null,"generator_kva":null,"water_tank":null,"water_tank_capacity":null,"water_heater":null,"ac":null,"firedistinguisher":null,"first_aid":null,"wheelchair":null,"beds":null,"fridges":null,"washingmachines":null,"kitchen":null,"kids_area":null,"water_available":null,"need_water":null,"who_water":null,"how_water":null,"LAF_Focal":null,"LAF_shelter_name":null,"LAF_Phone_nb":null,"kg1_public_f":null,"kg1_public_e":1,"kg1_private":null,"kg2_public_f":null,"kg2_public_e":2,"kg2_private":null,"kg3_public_f":null,"kg3_public_e":null,"kg3_private":null,"gr1_public_f":null,"gr1_public_e":null,"gr1_private":null,"gr2_public_f":1,"gr2_public_e":3,"gr2_private":null,"gr3_public_f":null,"gr3_public_e":1,"gr3_private":null,"gr4_public_f":null,"gr4_public_e":null,"gr4_private":null,"gr5_public_f":null,"gr5_public_e":null,"gr5_private":null,"gr6_public_f":null,"gr6_public_e":null,"gr6_private":null,"gr7_public_f":null,"gr7_public_e":null,"gr7_private":null,"gr8_public_f":null,"gr8_public_e":null,"gr8_private":null,"gr9_public_f":null,"gr9_public_e":null,"gr9_private":null,"gr10_public_f":null,"gr10_public_e":null,"gr10_private":null,"gr11s_public_f":null,"gr11s_public_e":null,"gr11s_private":null,"gr11e_public_f":null,"gr11e_public_e":null,"gr11e_private":null,"gr12sg_public_f":null,"gr12sg_public_e":null,"gr12sg_private":null,"gr12se_public_f":null,"gr12se_public_e":null,"gr12se_private":null,"gr12lh_public_f":null,"gr12lh_public_e":null,"gr12lh_private":null,"gr12sv_public_f":null,"gr12sv_public_e":null,"gr12sv_private":null,"tvet_public":null,"tvet_private":null,"uni":null,"syrians":null,"oosc":null,"teachers":2,"bath_hygiene":null,"playground":null,"corridor":null,"rooms_hygiene":null,"Is_waste_collected":null,"Collection_frequency":null,"construction":null,"yes_construction":null,"unified_authority":null,"documentation":null,"check_all":null,"Comments":"true","comments2":"مركبا، حولا ،بني حيان،مجدل السلم، حدث، الليلكي،ضاحية،الرويس،حي","age0_6_months":null,"age6_12_months":null,"f_age0_6_months":null,"f_age6_12_months":null,"f_ages_1_3":null,"f_age_3_5":null,"f_age_6_12":null,"f_age_13_18":null,"f_age_19_57":null,"f_age_58_above":null,"Female_Headed_Households":null,"lost_kids":null,"chronic_disease":null,"diesel_fuel_tank":null,"count_tanks":null,"capacity_tank":null,"need_bin":null,"need_bin_240":null,"need_bin_1100":null,"status_2026":"used","gov_cad":"Mount Lebanon","district_cad":"Jbeil","cad_name":"Bachtlida","x":35.722669,"y":34.132467},"geometry":{"type":"Point","coordinates":[35.722669,34.132467]}},
{"type":"Feature","properties":{"objectid":null,"globalid":null,"shelter_name":null,"governorate_name":null,"district_name":null,"villages":null,"lat_calc":null,"long_calc":null,"loc_calc":null,"structure_type":null,"structure_type_other":null,"cerd_number":null,"ministry_name":null,"ACS":null,"P_Code":null,"focal":null,"nb":null,"mosa_focal":null,"mosa_focal_phone":null,"mehe_focal":null,"mehe_focalnb":null,"type_private_public":null,"other_specifyy":null,"status":null,"notes":null,"sourcee":null,"displaced_cas_code":null,"phases":null,"nb_idps":null,"nb_families":null,"capacity":null,"male":null,"female":null,"age_0_1":null,"ages_1_3":null,"age_3_5":null,"age_6_12":null,"age_13_18":null,"age_19_57":null,"age_58_above":null,"disabilities_pregnant":null,"pregnant_women":null,"heating_disability":null,"visual_disability":null,"physical_disability":null,"interllectual_disability":null,"CreationDate":null,"Creator":null,"EditDate":null,"Editor":null,"lactating_women":null,"hearing_disability":null,"mental_disability":null,"DONT_ADD":null,"old_global_id":null,"floorsnum":null,"totalrooms":null,"occ_rooms":null,"free_spaces":null,"free_rooms":null,"kitchen_found":null,"kitchen_found2":null,"type_meal":null,"toilets_male":null,"toilets_female":null,"toilets_not_used_male":null,"toilets_not_used_female":null,"water_source":null,"elec_source":null,"bathtub_male":null,"bathtub_female":null,"generator":null,"generator_kva":null,"water_tank":null,"water_tank_capacity":null,"water_heater":null,"ac":null,"firedistinguisher":null,"first_aid":null,"wheelchair":null,"beds":null,"fridges":null,"washingmachines":null,"kitchen":null,"kids_area":null,"water_available":null,"need_water":null,"who_water":null,"how_water":null,"LAF_Focal":null,"LAF_shelter_name":null,"LAF_Phone_nb":null,"kg1_public_f":null,"kg1_public_e":null,"kg1_private":null,"kg2_public_f":null,"kg2_public_e":null,"kg2_private":null,"kg3_public_f":null,"kg3_public_e":null,"kg3_private":null,"gr1_public_f":null,"gr1_public_e":null,"gr1_private":null,"gr2_public_f":null,"gr2_public_e":null,"gr2_private":null,"gr3_public_f":null,"gr3_public_e":null,"gr3_private":null,"gr4_public_f":null,"gr4_public_e":null,"gr4_private":null,"gr5_public_f":null,"gr5_public_e":null,"gr5_private":null,"gr6_public_f":null,"gr6_public_e":null,"gr6_private":null,"gr7_public_f":null,"gr7_public_e":null,"gr7_private":null,"gr8_public_f":null,"gr8_public_e":null,"gr8_private":null,"gr9_public_f":null,"gr9_public_e":null,"gr9_private":null,"gr10_public_f":null,"gr10_public_e":null,"gr10_private":null,"gr11s_public_f":null,"gr11s_public_e":null,"gr11s_private":null,"gr11e_public_f":null,"gr11e_public_e":null,"gr11e_private":null,"gr12sg_public_f":null,"gr12sg_public_e":null,"gr12sg_private":null,"gr12se_public_f":null,"gr12se_public_e":null,"gr12se_private":null,"gr12lh_public_f":null,"gr12lh_public_e":null,"gr12lh_private":null,"gr12sv_public_f":null,"gr12sv_public_e":null,"gr12sv_private":null,"tvet_public":null,"tvet_private":null,"uni":null,"syrians":null,"oosc":null,"teachers":null,"bath_hygiene":null,"playground":null,"corridor":null,"rooms_hygiene":null,"Is_waste_collected":null,"Collection_frequency":null,"construction":null,"yes_construction":null,"unified_authority":null,"documentation":null,"check_all":null,"Comments":null,"comments2":"المريجة، حي السلم،شياح","age0_6_months":null,"age6_12_months":null,"f_age0_6_months":null,"f_age6_12_months":null,"f_ages_1_3":null,"f_age_3_5":null,"f_age_6_12":null,"f_age_13_18":null,"f_age_19_57":null,"f_age_58_above":null,"Female_Headed_Households":null,"lost_kids":null,"chronic_disease":null,"diesel_fuel_tank":null,"count_tanks":null,"capacity_tank":null,"need_bin":null,"need_bin_240":null,"need_bin_1100":null,"status_2026":null,"gov_cad":null,"district_cad":null,"cad_name":null,"x":null,"y":null},"geometry":null},
{"type":"Feature","properties":{"objectid":946,"globalid":"4801aa66-a0a0-437f-b0c8-12b12929cad3","shelter_name":"مؤسسة شملان","governorate_name":"Mount Lebanon","district_name":"Aley","villages":"Chemlane","lat_calc":33.779761,"long_calc":35.541975,"loc_calc":"33.779761 35.541975","structure_type":"organization","structure_type_other":null,"cerd_number":null,"ministry_name":"مؤسسة شملان","ACS":24337,"P_Code":"24337_003","focal":"hadia jaber","nb":3514851,"mosa_focal":null,"mosa_focal_phone":null,"mehe_focal":null,"mehe_focalnb":null,"type_private_public":"private","other_specifyy":null,"status":"open","notes":"disabled students of organization living there until their center in Beirut is fixed","sourcee":null,"displaced_cas_code":24339,"phases":null,"nb_idps":17,"nb_families":3,"capacity":45,"male":8,"female":22,"age_0_1":null,"ages_1_3":0,"age_3_5":0,"age_6_12":2,"age_13_18":2,"age_19_57":4,"age_58_above":0,"disabilities_pregnant":null,"pregnant_women":null,"heating_disability":null,"visual_disability":null,"physical_disability":null,"interllectual_disability":null,"CreationDate":"2026-03-04T12:04:10","Creator":"Ramez.Hassan.961","EditDate":"2026-08-04T06:55:47","Editor":"EOR.ALEY","lactating_women":null,"hearing_disability":null,"mental_disability":null,"DONT_ADD":"true","old_global_id":null,"floorsnum":3,"totalrooms":null,"occ_rooms":null,"free_spaces":null,"free_rooms":null,"kitchen_found":null,"kitchen_found2":null,"type_meal":null,"toilets_male":null,"toilets_female":null,"toilets_not_used_male":null,"toilets_not_used_female":null,"water_source":null,"elec_source":null,"bathtub_male":null,"bathtub_female":null,"generator":null,"generator_kva":null,"water_tank":null,"water_tank_capacity":null,"water_heater":null,"ac":null,"firedistinguisher":null,"first_aid":"false","wheelchair":null,"beds":null,"fridges":null,"washingmachines":null,"kitchen":null,"kids_area":null,"water_available":null,"need_water":null,"who_water":null,"how_water":null,"LAF_Focal":null,"LAF_shelter_name":null,"LAF_Phone_nb":null,"kg1_public_f":0,"kg1_public_e":0,"kg1_private":null,"kg2_public_f":0,"kg2_public_e":0,"kg2_private":0,"kg3_public_f":0,"kg3_public_e":0,"kg3_private":0,"gr1_public_f":0,"gr1_public_e":0,"gr1_private":0,"gr2_public_f":0,"gr2_public_e":0,"gr2_private":0,"gr3_public_f":0,"gr3_public_e":0,"gr3_private":0,"gr4_public_f":0,"gr4_public_e":0,"gr4_private":0,"gr5_public_f":0,"gr5_public_e":0,"gr5_private":0,"gr6_public_f":0,"gr6_public_e":0,"gr6_private":0,"gr7_public_f":0,"gr7_public_e":0,"gr7_private":0,"gr8_public_f":0,"gr8_public_e":0,"gr8_private":0,"gr9_public_f":0,"gr9_public_e":0,"gr9_private":0,"gr10_public_f":0,"gr10_public_e":0,"gr10_private":0,"gr11s_public_f":0,"gr11s_public_e":0,"gr11s_private":0,"gr11e_public_f":0,"gr11e_public_e":0,"gr11e_private":0,"gr12sg_public_f":0,"gr12sg_public_e":0,"gr12sg_private":0,"gr12se_public_f":0,"gr12se_public_e":0,"gr12se_private":0,"gr12lh_public_f":"false","gr12lh_public_e":0,"gr12lh_private":"false","gr12sv_public_f":0,"gr12sv_public_e":0,"gr12sv_private":0,"tvet_public":0,"tvet_private":0,"uni":0,"syrians":0,"oosc":0,"teachers":0,"bath_hygiene":null,"playground":null,"corridor":null,"rooms_hygiene":null,"Is_waste_collected":null,"Collection_frequency":null,"construction":null,"yes_construction":null,"unified_authority":null,"documentation":null,"check_all":null,"Comments":null,"comments2":"they have 1 FA, but they are 3 buildings sothey need 2 more","age0_6_months":0,"age6_12_months":0,"f_age0_6_months":0,"f_age6_12_months":0,"f_ages_1_3":0,"f_age_3_5":0,"f_age_6_12":1,"f_age_13_18":5,"f_age_19_57":15,"f_age_58_above":1,"Female_Headed_Households":null,"lost_kids":null,"chronic_disease":null,"diesel_fuel_tank":null,"count_tanks":null,"capacity_tank":null,"need_bin":null,"need_bin_240":null,"need_bin_1100":null,"status_2026":"used","gov_cad":"Mount Lebanon","district_cad":"Aley","cad_name":"Chamlane","x":35.541975,"y":33.779761},"geometry":{"type":"Point","coordinates":[35.541975,33.779761]}},
{"type":"Feature","properties":{"objectid":953,"globalid":"19c6a80e-b51a-4625-aabe-b8074ad87a5c","shelter_name":"مركز المهندسين في سد جنة","governorate_name":"Mount Lebanon","district_name":"Jbeil","villages":"Janne","lat_calc":34.080931,"long_calc":35.828542,"loc_calc":"34.080931 35.828542","structure_type":"Other","structure_type_other":"مركز ","cerd_number":null,"ministry_name":"مركز المهندسين في سد جنة","ACS":26327,"P_Code":"26327_002","focal":"حافظ حج الحسن","nb":71977639,"mosa_focal":null,"mosa_focal_phone":null,"mehe_focal":null,"mehe_focalnb":null,"type_private_public":"other","other_specifyy":null,"status":"open","notes":null,"sourcee":"field","displaced_cas_code":26327,"phases":null,"nb_idps":152,"nb_families":45,"capacity":410,"male":null,"female":null,"age_0_1":null,"ages_1_3":null,"age_3_5":null,"age_6_12":null,"age_13_18":null,"age_19_57":null,"age_58_above":null,"disabilities_pregnant":null,"pregnant_women":null,"heating_disability":null,"visual_disability":null,"physical_disability":null,"interllectual_disability":null,"CreationDate":"2026-03-04T12:04:10","Creator":"Ramez.Hassan.961","EditDate":"2026-08-18T12:46:41","Editor":"EOR.JBEIL","lactating_women":null,"hearing_disability":null,"mental_disability":null,"DONT_ADD":"true","old_global_id":null,"floorsnum":null,"totalrooms":null,"occ_rooms":null,"free_spaces":null,"free_rooms":null,"kitchen_found":null,"kitchen_found2":null,"type_meal":null,"toilets_male":null,"toilets_female":null,"toilets_not_used_male":null,"toilets_not_used_female":null,"water_source":null,"elec_source":null,"bathtub_male":null,"bathtub_female":null,"generator":null,"generator_kva":null,"water_tank":null,"water_tank_capacity":null,"water_heater":null,"ac":null,"firedistinguisher":null,"first_aid":null,"wheelchair":null,"beds":null,"fridges":null,"washingmachines":null,"kitchen":null,"kids_area":null,"water_available":null,"need_water":null,"who_water":null,"how_water":null,"LAF_Focal":null,"LAF_shelter_name":null,"LAF_Phone_nb":null,"kg1_public_f":null,"kg1_public_e":3,"kg1_private":null,"kg2_public_f":2,"kg2_public_e":2,"kg2_private":null,"kg3_public_f":null,"kg3_public_e":2,"kg3_private":null,"gr1_public_f":null,"gr1_public_e":4,"gr1_private":null,"gr2_public_f":null,"gr2_public_e":5,"gr2_private":null,"gr3_public_f":null,"gr3_public_e":4,"gr3_private":null,"gr4_public_f":4,"gr4_public_e":4,"gr4_private":null,"gr5_public_f":2,"gr5_public_e":5,"gr5_private":null,"gr6_public_f":null,"gr6_public_e":6,"gr6_private":null,"gr7_public_f":4,"gr7_public_e":6,"gr7_private":null,"gr8_public_f":2,"gr8_public_e":4,"gr8_private":null,"gr9_public_f":null,"gr9_public_e":2,"gr9_private":null,"gr10_public_f":null,"gr10_public_e":2,"gr10_private":null,"gr11s_public_f":null,"gr11s_public_e":2,"gr11s_private":null,"gr11e_public_f":null,"gr11e_public_e":null,"gr11e_private":null,"gr12sg_public_f":null,"gr12sg_public_e":null,"gr12sg_private":null,"gr12se_public_f":null,"gr12se_public_e":null,"gr12se_private":null,"gr12lh_public_f":null,"gr12lh_public_e":null,"gr12lh_private":null,"gr12sv_public_f":null,"gr12sv_public_e":null,"gr12sv_private":null,"tvet_public":1,"tvet_private":null,"uni":5,"syrians":null,"oosc":null,"teachers":3,"bath_hygiene":null,"playground":null,"corridor":null,"rooms_hygiene":null,"Is_waste_collected":null,"Collection_frequency":null,"construction":null,"yes_construction":null,"unified_authority":null,"documentation":null,"check_all":null,"Comments":null,"comments2":null,"age0_6_months":null,"age6_12_months":null,"f_age0_6_months":null,"f_age6_12_months":null,"f_ages_1_3":null,"f_age_3_5":null,"f_age_6_12":null,"f_age_13_18":null,"f_age_19_57":null,"f_age_58_above":null,"Female_Headed_Households":null,"lost_kids":null,"chronic_disease":null,"diesel_fuel_tank":null,"count_tanks":null,"capacity_tank":null,"need_bin":null,"need_bin_240":null,"need_bin_1100":null,"status_2026":"used","gov_cad":"Mount Lebanon","district_cad":"Jbeil","cad_name":"Janné","x":35.828542,"y":34.080931},"geometry":{"type":"Point","coordinates":[35.828542,34.080931]}},
{"type":"Feature","properties":{"objectid":965,"globalid":"06255c5f-3ee4-4e02-901b-c946e2012147","shelter_name":"مركز مجمع الدوحة التربوي الرعائي","governorate_name":"Mount Lebanon","district_name":"Aley","villages":"Khalde","lat_calc":33.783011,"long_calc":35.475942,"loc_calc":"33.783011 35.475942","structure_type":"Other","structure_type_other":"Educational compound","cerd_number":null,"ministry_name":"مركز مجمع الدوحة التربوي الرعائي","ACS":24133,"P_Code":"24133_007","focal":"Ghassan wehbe","nb":71158227,"mosa_focal":"منى نصرالدين","mosa_focal_phone":null,"mehe_focal":null,"mehe_focalnb":null,"type_private_public":"private","other_specifyy":null,"status":"open","notes":"they had a building that was a shelter but now houses orphans so it is full capacity","sourcee":"field","displaced_cas_code":24133,"phases":null,"nb_idps":251,"nb_families":87,"capacity":500,"male":437,"female":824,"age_0_1":24,"ages_1_3":25,"age_3_5":52,"age_6_12":85,"age_13_18":70,"age_19_57":139,"age_58_above":61,"disabilities_pregnant":null,"pregnant_women":8,"heating_disability":null,"visual_disability":1,"physical_disability":1,"interllectual_disability":null,"CreationDate":"2026-03-04T12:04:10","Creator":"Ramez.Hassan.961","EditDate":"2026-08-28T10:03:27","Editor":"EOR.ALEY","lactating_women":41,"hearing_disability":1,"mental_disability":1,"DONT_ADD":"true","old_global_id":null,"floorsnum":null,"totalrooms":48,"occ_rooms":48,"free_spaces":0,"free_rooms":0,"kitchen_found":"true","kitchen_found2":"true","type_meal":"hot_cold_meal","toilets_male":15,"toilets_female":15,"toilets_not_used_male":0,"toilets_not_used_female":0,"water_source":"بئر ارتوازي ","elec_source":"متار وطاقة شمسية","bathtub_male":15,"bathtub_female":15,"generator":"true","generator_kva":750,"water_tank":12,"water_tank_capacity":24000,"water_heater":3,"ac":96,"firedistinguisher":40,"first_aid":"true","wheelchair":0,"beds":0,"fridges":0,"washingmachines":6,"kitchen":"true","kids_area":1,"water_available":"true","need_water":24000,"who_water":"بئر ارتوازي ","how_water":"بئر ارتوازي ","LAF_Focal":null,"LAF_shelter_name":null,"LAF_Phone_nb":null,"kg1_public_f":null,"kg1_public_e":null,"kg1_private":7,"kg2_public_f":null,"kg2_public_e":null,"kg2_private":6,"kg3_public_f":null,"kg3_public_e":null,"kg3_private":10,"gr1_public_f":null,"gr1_public_e":null,"gr1_private":8,"gr2_public_f":null,"gr2_public_e":null,"gr2_private":13,"gr3_public_f":null,"gr3_public_e":null,"gr3_private":7,"gr4_public_f":null,"gr4_public_e":null,"gr4_private":17,"gr5_public_f":null,"gr5_public_e":null,"gr5_private":9,"gr6_public_f":null,"gr6_public_e":null,"gr6_private":7,"gr7_public_f":null,"gr7_public_e":null,"gr7_private":15,"gr8_public_f":null,"gr8_public_e":null,"gr8_private":16,"gr9_public_f":null,"gr9_public_e":null,"gr9_private":10,"gr10_public_f":null,"gr10_public_e":null,"gr10_private":10,"gr11s_public_f":null,"gr11s_public_e":null,"gr11s_private":3,"gr11e_public_f":null,"gr11e_public_e":null,"gr11e_private":null,"gr12sg_public_f":null,"gr12sg_public_e":null,"gr12sg_private":13,"gr12se_public_f":null,"gr12se_public_e":null,"gr12se_private":null,"gr12lh_public_f":null,"gr12lh_public_e":null,"gr12lh_private":null,"gr12sv_public_f":null,"gr12sv_public_e":null,"gr12sv_private":null,"tvet_public":null,"tvet_private":23,"uni":4,"syrians":null,"oosc":null,"teachers":null,"bath_hygiene":"good","playground":"good","corridor":"good","rooms_hygiene":"good","Is_waste_collected":"true","Collection_frequency":"daily","construction":"true","yes_construction":"3","unified_authority":null,"documentation":null,"check_all":"true","Comments":"false","comments2":null,"age0_6_months":2,"age6_12_months":3,"f_age0_6_months":6,"f_age6_12_months":6,"f_ages_1_3":25,"f_age_3_5":65,"f_age_6_12":127,"f_age_13_18":144,"f_age_19_57":375,"f_age_58_above":76,"Female_Headed_Households":null,"lost_kids":null,"chronic_disease":null,"diesel_fuel_tank":"true","count_tanks":2,"capacity_tank":4000,"need_bin":null,"need_bin_240":null,"need_bin_1100":null,"status_2026":"used","gov_cad":"Mount Lebanon","district_cad":"Aley","cad_name":"Chouaifat Qobbat","x":35.475942,"y":33.783011},"geometry":{"type":"Point","coordinates":[35.475942,33.783011]}},
{"type":"Feature","properties":{"objectid":969,"globalid":"13a1141a-5014-47cd-a0ea-00add941ca5c","shelter_name":"مبنى فيدال","governorate_name":"Mount Lebanon","district_name":"Aley","villages":"Aley","lat_calc":33.810083,"long_calc":35.596392,"loc_calc":"33.810083 35.596392","structure_type":"Other","structure_type_other":null,"cerd_number":null,"ministry_name":null,"ACS":24311,"P_Code":"24311_019","focal":"Waad Harfoush","nb":3815197,"mosa_focal":null,"mosa_focal_phone":null,"mehe_focal":null,"mehe_focalnb":null,"type_private_public":"private","other_specifyy":null,"status":"open","notes":null,"sourcee":null,"displaced_cas_code":24311,"phases":null,"nb_idps":55,"nb_families":14,"capacity":140,"male":70,"female":70,"age_0_1":null,"ages_1_3":3,"age_3_5":7,"age_6_12":10,"age_13_18":15,"age_19_57":30,"age_58_above":2,"disabilities_pregnant":null,"pregnant_women":null,"heating_disability":null,"visual_disability":null,"physical_disability":null,"interllectual_disability":null,"CreationDate":"2026-03-04T12:04:10","Creator":"Ramez.Hassan.961","EditDate":"2026-08-24T07:48:01","Editor":"EOR.ALEY","lactating_women":null,"hearing_disability":null,"mental_disability":null,"DONT_ADD":"true","old_global_id":null,"floorsnum":8,"totalrooms":48,"occ_rooms":48,"free_spaces":0,"free_rooms":0,"kitchen_found":"true","kitchen_found2":"true","type_meal":"hot_cold_meal","toilets_male":8,"toilets_female":8,"toilets_not_used_male":0,"toilets_not_used_female":0,"water_source":"دفاع المدني","elec_source":"اشتراك ودولة","bathtub_male":8,"bathtub_female":8,"generator":"true","generator_kva":120,"water_tank":6,"water_tank_capacity":60,"water_heater":8,"ac":0,"firedistinguisher":0,"first_aid":"false","wheelchair":0,"beds":1,"fridges":8,"washingmachines":8,"kitchen":"true","kids_area":1,"water_available":"true","need_water":100,"who_water":"الدفاع المدني","how_water":null,"LAF_Focal":null,"LAF_shelter_name":null,"LAF_Phone_nb":null,"kg1_public_f":null,"kg1_public_e":null,"kg1_private":null,"kg2_public_f":null,"kg2_public_e":null,"kg2_private":1,"kg3_public_f":null,"kg3_public_e":1,"kg3_private":1,"gr1_public_f":null,"gr1_public_e":null,"gr1_private":null,"gr2_public_f":null,"gr2_public_e":null,"gr2_private":2,"gr3_public_f":null,"gr3_public_e":null,"gr3_private":3,"gr4_public_f":null,"gr4_public_e":null,"gr4_private":null,"gr5_public_f":null,"gr5_public_e":2,"gr5_private":3,"gr6_public_f":null,"gr6_public_e":null,"gr6_private":1,"gr7_public_f":null,"gr7_public_e":null,"gr7_private":null,"gr8_public_f":null,"gr8_public_e":null,"gr8_private":2,"gr9_public_f":null,"gr9_public_e":null,"gr9_private":null,"gr10_public_f":null,"gr10_public_e":null,"gr10_private":null,"gr11s_public_f":null,"gr11s_public_e":null,"gr11s_private":null,"gr11e_public_f":null,"gr11e_public_e":null,"gr11e_private":null,"gr12sg_public_f":null,"gr12sg_public_e":null,"gr12sg_private":null,"gr12se_public_f":null,"gr12se_public_e":null,"gr12se_private":null,"gr12lh_public_f":null,"gr12lh_public_e":null,"gr12lh_private":null,"gr12sv_public_f":null,"gr12sv_public_e":null,"gr12sv_private":null,"tvet_public":null,"tvet_private":null,"uni":3,"syrians":null,"oosc":null,"teachers":null,"bath_hygiene":null,"playground":null,"corridor":null,"rooms_hygiene":null,"Is_waste_collected":null,"Collection_frequency":null,"construction":null,"yes_construction":null,"unified_authority":null,"documentation":null,"check_all":null,"Comments":null,"comments2":null,"age0_6_months":2,"age6_12_months":1,"f_age0_6_months":0,"f_age6_12_months":0,"f_ages_1_3":0,"f_age_3_5":2,"f_age_6_12":5,"f_age_13_18":16,"f_age_19_57":40,"f_age_58_above":7,"Female_Headed_Households":null,"lost_kids":null,"chronic_disease":null,"diesel_fuel_tank":null,"count_tanks":null,"capacity_tank":null,"need_bin":null,"need_bin_240":null,"need_bin_1100":null,"status_2026":"used","gov_cad":"Mount Lebanon","district_cad":"Aley","cad_name":"Aley","x":35.596392,"y":33.810083},"geometry":{"type":"Point","coordinates":[35.596392,33.810083]}},
{"type":"Feature","properties":{"objectid":992,"globalid":"277976cf-89ec-4195-af19-8ea84607ee79","shelter_name":"متوسطة عانا الرسمية","governorate_name":"Bekaa","district_name":"West Bekaa","villages":"Aana","lat_calc":33.693711,"long_calc":35.752317,"loc_calc":"33.693711 35.752317","structure_type":"Other","structure_type_other":"تابع للبلدية","cerd_number":null,"ministry_name":"متوسطة عانا الرسمية","ACS":52161,"P_Code":"52161_002","focal":"Joseph Awad","nb":705909204,"mosa_focal":"Houwayda maroun","mosa_focal_phone":3710253,"mehe_focal":null,"mehe_focalnb":null,"type_private_public":"public","other_specifyy":null,"status":"full","notes":null,"sourcee":"ministry","displaced_cas_code":52161,"phases":null,"nb_idps":36,"nb_families":11,"capacity":36,"male":40,"female":37,"age_0_1":0,"ages_1_3":2,"age_3_5":2,"age_6_12":7,"age_13_18":7,"age_19_57":18,"age_58_above":4,"disabilities_pregnant":null,"pregnant_women":1,"heating_disability":null,"visual_disability":1,"physical_disability":0,"interllectual_disability":null,"CreationDate":"2026-03-04T12:04:10","Creator":"Ramez.Hassan.961","EditDate":"2026-07-21T11:26:47","Editor":"EOR.BEKAA","lactating_women":0,"hearing_disability":0,"mental_disability":0,"DONT_ADD":"true","old_global_id":null,"floorsnum":1,"totalrooms":13,"occ_rooms":12,"free_spaces":1,"free_rooms":1,"kitchen_found":"false","kitchen_found2":null,"type_meal":null,"toilets_male":4,"toilets_female":4,"toilets_not_used_male":0,"toilets_not_used_female":0,"water_source":"شبكة الضيعة","elec_source":"اشتراك موتور من البلدية ٢٠ امبير","bathtub_male":2,"bathtub_female":2,"generator":"false","generator_kva":null,"water_tank":2,"water_tank_capacity":10000,"water_heater":2,"ac":0,"firedistinguisher":0,"first_aid":"true","wheelchair":0,"beds":0,"fridges":0,"washingmachines":0,"kitchen":"false","kids_area":1,"water_available":"true","need_water":20,"who_water":"البلدبة","how_water":"من مياه البلدة","LAF_Focal":null,"LAF_shelter_name":null,"LAF_Phone_nb":null,"kg1_public_f":0,"kg1_public_e":0,"kg1_private":0,"kg2_public_f":0,"kg2_public_e":1,"kg2_private":3,"kg3_public_f":0,"kg3_public_e":1,"kg3_private":0,"gr1_public_f":1,"gr1_public_e":0,"gr1_private":3,"gr2_public_f":1,"gr2_public_e":2,"gr2_private":1,"gr3_public_f":0,"gr3_public_e":1,"gr3_private":0,"gr4_public_f":0,"gr4_public_e":0,"gr4_private":1,"gr5_public_f":0,"gr5_public_e":1,"gr5_private":1,"gr6_public_f":0,"gr6_public_e":3,"gr6_private":0,"gr7_public_f":0,"gr7_public_e":1,"gr7_private":0,"gr8_public_f":0,"gr8_public_e":1,"gr8_private":0,"gr9_public_f":0,"gr9_public_e":3,"gr9_private":0,"gr10_public_f":0,"gr10_public_e":1,"gr10_private":0,"gr11s_public_f":0,"gr11s_public_e":0,"gr11s_private":0,"gr11e_public_f":0,"gr11e_public_e":0,"gr11e_private":0,"gr12sg_public_f":0,"gr12sg_public_e":0,"gr12sg_private":0,"gr12se_public_f":0,"gr12se_public_e":0,"gr12se_private":0,"gr12lh_public_f":"false","gr12lh_public_e":1,"gr12lh_private":"false","gr12sv_public_f":0,"gr12sv_public_e":0,"gr12sv_private":0,"tvet_public":1,"tvet_private":1,"uni":1,"syrians":0,"oosc":0,"teachers":0,"bath_hygiene":"fair","playground":"fair","corridor":"fair","rooms_hygiene":"fair","Is_waste_collected":"true","Collection_frequency":"daily","construction":"false","yes_construction":null,"unified_authority":"true","documentation":"true","check_all":"true","Comments":"false","comments2":"زكريت جب شيت برعشيت عبا مجدل سلم ميدون","age0_6_months":0,"age6_12_months":0,"f_age0_6_months":0,"f_age6_12_months":0,"f_ages_1_3":3,"f_age_3_5":3,"f_age_6_12":6,"f_age_13_18":5,"f_age_19_57":17,"f_age_58_above":3,"Female_Headed_Households":0,"lost_kids":0,"chronic_disease":13,"diesel_fuel_tank":"true","count_tanks":1,"capacity_tank":5000,"need_bin":null,"need_bin_240":null,"need_bin_1100":null,"status_2026":"used","gov_cad":"Bekaa","district_cad":"Rachaya","cad_name":"Bakka","x":35.91565266,"y":33.58492285},"geometry":{"type":"Point","coordinates":[35.91565266,33.58492285]}},
{"type":"Feature","properties":{"objectid":1002,"globalid":"caf04a22-729d-4195-baea-4aab7b66f1ef","shelter_name":"المدرسة الزراعية الفنية","governorate_name":"North","district_name":"El Batroun","villages":"Batroun","lat_calc":34.256269,"long_calc":35.658111,"loc_calc":"34.256269 35.658111","structure_type":"School","structure_type_other":null,"cerd_number":null,"ministry_name":"المدرسة الزراعية الفنية","ACS":35277,"P_Code":"35277_014","focal":"سونيا الأبيض","nb":3982719,"mosa_focal":"كارول اسبر","mosa_focal_phone":3674970,"mehe_focal":"رالف زغيب","mehe_focalnb":"3598003","type_private_public":"private","other_specifyy":null,"status":"full","notes":null,"sourcee":"ministry","displaced_cas_code":34111,"phases":null,"nb_idps":42,"nb_families":9,"capacity":42,"male":22,"female":20,"age_0_1":null,"ages_1_3":0,"age_3_5":0,"age_6_12":5,"age_13_18":7,"age_19_57":6,"age_58_above":4,"disabilities_pregnant":null,"pregnant_women":0,"heating_disability":null,"visual_disability":0,"physical_disability":0,"interllectual_disability":null,"CreationDate":"2026-03-04T12:04:10","Creator":"Ramez.Hassan.961","EditDate":"2026-09-01T09:00:18","Editor":"dm.datacollection","lactating_women":0,"hearing_disability":0,"mental_disability":0,"DONT_ADD":"true","old_global_id":null,"floorsnum":2,"totalrooms":14,"occ_rooms":8,"free_spaces":6,"free_rooms":6,"kitchen_found":"false","kitchen_found2":null,"type_meal":null,"toilets_male":3,"toilets_female":3,"toilets_not_used_male":1,"toilets_not_used_female":1,"water_source":"شراء","elec_source":"اشتراك مولد وكهرباء الدولة","bathtub_male":1,"bathtub_female":1,"generator":"true","generator_kva":15,"water_tank":2,"water_tank_capacity":null,"water_heater":1,"ac":null,"firedistinguisher":0,"first_aid":"false","wheelchair":null,"beds":null,"fridges":1,"washingmachines":0,"kitchen":"false","kids_area":1,"water_available":"true","need_water":2,"who_water":"الدفاع المدني","how_water":"الدفاع المدني","LAF_Focal":null,"LAF_shelter_name":null,"LAF_Phone_nb":null,"kg1_public_f":0,"kg1_public_e":0,"kg1_private":1,"kg2_public_f":0,"kg2_public_e":1,"kg2_private":0,"kg3_public_f":0,"kg3_public_e":0,"kg3_private":1,"gr1_public_f":0,"gr1_public_e":0,"gr1_private":2,"gr2_public_f":0,"gr2_public_e":0,"gr2_private":0,"gr3_public_f":0,"gr3_public_e":0,"gr3_private":0,"gr4_public_f":0,"gr4_public_e":0,"gr4_private":1,"gr5_public_f":0,"gr5_public_e":0,"gr5_private":0,"gr6_public_f":0,"gr6_public_e":0,"gr6_private":2,"gr7_public_f":0,"gr7_public_e":0,"gr7_private":2,"gr8_public_f":0,"gr8_public_e":1,"gr8_private":1,"gr9_public_f":0,"gr9_public_e":0,"gr9_private":1,"gr10_public_f":1,"gr10_public_e":1,"gr10_private":0,"gr11s_public_f":1,"gr11s_public_e":1,"gr11s_private":0,"gr11e_public_f":0,"gr11e_public_e":0,"gr11e_private":0,"gr12sg_public_f":0,"gr12sg_public_e":0,"gr12sg_private":0,"gr12se_public_f":0,"gr12se_public_e":0,"gr12se_private":0,"gr12lh_public_f":"false","gr12lh_public_e":0,"gr12lh_private":"false","gr12sv_public_f":0,"gr12sv_public_e":0,"gr12sv_private":0,"tvet_public":6,"tvet_private":11,"uni":1,"syrians":0,"oosc":0,"teachers":4,"bath_hygiene":"good","playground":"good","corridor":"good","rooms_hygiene":"good","Is_waste_collected":"true","Collection_frequency":"daily","construction":"false","yes_construction":null,"unified_authority":"true","documentation":"true","check_all":"true","Comments":"false","comments2":"جبشيت-عبا-النبطية-الضاحية-العمروسية-ارنون-كفرتبنين-الكفور-البازورية-بنت جبيل-صور","age0_6_months":0,"age6_12_months":0,"f_age0_6_months":0,"f_age6_12_months":0,"f_ages_1_3":1,"f_age_3_5":2,"f_age_6_12":1,"f_age_13_18":3,"f_age_19_57":10,"f_age_58_above":3,"Female_Headed_Households":0,"lost_kids":null,"chronic_disease":6,"diesel_fuel_tank":"false","count_tanks":null,"capacity_tank":null,"need_bin":"true","need_bin_240":2,"need_bin_1100":2,"status_2026":"used","gov_cad":"North","district_cad":"El Batroun","cad_name":"Batroune","x":35.66348028,"y":34.24764355},"geometry":{"type":"Point","coordinates":[35.66348028,34.24764355]}},
{"type":"Feature","properties":{"objectid":1010,"globalid":"e65a0984-59b7-4fa8-ae64-124c99edbd8c","shelter_name":"معهد التنمية للعلوم والمهن جب جنين ","governorate_name":"Bekaa","district_name":"West Bekaa","villages":"Joub Jannine","lat_calc":33.627761,"long_calc":35.7818,"loc_calc":"33.627761 35.7818","structure_type":"Institute","structure_type_other":null,"cerd_number":null,"ministry_name":null,"ACS":52211,"P_Code":"52211_007","focal":"حسيب بهاء الدين ","nb":3030598,"mosa_focal":null,"mosa_focal_phone":null,"mehe_focal":null,"mehe_focalnb":null,"type_private_public":"public","other_specifyy":null,"status":"open","notes":null,"sourcee":"ministry","displaced_cas_code":52211,"phases":null,"nb_idps":85,"nb_families":24,"capacity":120,"male":60,"female":58,"age_0_1":null,"ages_1_3":7,"age_3_5":4,"age_6_12":6,"age_13_18":7,"age_19_57":30,"age_58_above":4,"disabilities_pregnant":null,"pregnant_women":4,"heating_disability":null,"visual_disability":0,"physical_disability":1,"interllectual_disability":null,"CreationDate":"2026-03-04T12:04:10","Creator":"Ramez.Hassan.961","EditDate":"2026-08-31T07:16:27","Editor":"EOR.BEKAA","lactating_women":0,"hearing_disability":0,"mental_disability":2,"DONT_ADD":"true","old_global_id":null,"floorsnum":2,"totalrooms":40,"occ_rooms":40,"free_spaces":0,"free_rooms":0,"kitchen_found":"true","kitchen_found2":"false","type_meal":null,"toilets_male":2,"toilets_female":5,"toilets_not_used_male":4,"toilets_not_used_female":2,"water_source":"private well","elec_source":"شركة كهرباء لبنان","bathtub_male":1,"bathtub_female":2,"generator":"true","generator_kva":60,"water_tank":3,"water_tank_capacity":6000,"water_heater":0,"ac":0,"firedistinguisher":2,"first_aid":"false","wheelchair":0,"beds":0,"fridges":0,"washingmachines":0,"kitchen":"false","kids_area":0,"water_available":"false","need_water":50,"who_water":null,"how_water":null,"LAF_Focal":null,"LAF_shelter_name":null,"LAF_Phone_nb":null,"kg1_public_f":null,"kg1_public_e":null,"kg1_private":null,"kg2_public_f":null,"kg2_public_e":null,"kg2_private":null,"kg3_public_f":null,"kg3_public_e":null,"kg3_private":null,"gr1_public_f":null,"gr1_public_e":null,"gr1_private":null,"gr2_public_f":null,"gr2_public_e":null,"gr2_private":null,"gr3_public_f":null,"gr3_public_e":null,"gr3_private":null,"gr4_public_f":null,"gr4_public_e":null,"gr4_private":null,"gr5_public_f":null,"gr5_public_e":null,"gr5_private":null,"gr6_public_f":null,"gr6_public_e":null,"gr6_private":null,"gr7_public_f":null,"gr7_public_e":null,"gr7_private":null,"gr8_public_f":null,"gr8_public_e":null,"gr8_private":null,"gr9_public_f":null,"gr9_public_e":null,"gr9_private":null,"gr10_public_f":null,"gr10_public_e":null,"gr10_private":null,"gr11s_public_f":null,"gr11s_public_e":null,"gr11s_private":null,"gr11e_public_f":null,"gr11e_public_e":null,"gr11e_private":null,"gr12sg_public_f":null,"gr12sg_public_e":null,"gr12sg_private":null,"gr12se_public_f":null,"gr12se_public_e":null,"gr12se_private":null,"gr12lh_public_f":null,"gr12lh_public_e":null,"gr12lh_private":null,"gr12sv_public_f":null,"gr12sv_public_e":null,"gr12sv_private":null,"tvet_public":null,"tvet_private":null,"uni":null,"syrians":null,"oosc":null,"teachers":null,"bath_hygiene":"fair","playground":"fair","corridor":"fair","rooms_hygiene":"fair","Is_waste_collected":"true","Collection_frequency":"weekly","construction":"false","yes_construction":null,"unified_authority":"true","documentation":"false","check_all":"true","Comments":"false","comments2":"عين عرب الوزاني وطى الخيام كفرشوبا","age0_6_months":2,"age6_12_months":0,"f_age0_6_months":1,"f_age6_12_months":0,"f_ages_1_3":1,"f_age_3_5":2,"f_age_6_12":12,"f_age_13_18":5,"f_age_19_57":31,"f_age_58_above":6,"Female_Headed_Households":null,"lost_kids":0,"chronic_disease":20,"diesel_fuel_tank":"true","count_tanks":1,"capacity_tank":4000,"need_bin":null,"need_bin_240":null,"need_bin_1100":null,"status_2026":"used","gov_cad":"Bekaa","district_cad":"West Bekaa","cad_name":"Jib Jénine","x":35.7818,"y":33.627761},"geometry":{"type":"Point","coordinates":[35.7818,33.627761]}},
{"type":"Feature","properties":{"objectid":1012,"globalid":"649cf7a1-40e0-44e8-a125-bb24ff196db9","shelter_name":"متوسطة بكا الرسمية ","governorate_name":"Bekaa","district_name":"Rachaya","villages":"Bakka","lat_calc":33.593836,"long_calc":35.923903,"loc_calc":"33.593836 35.923903","structure_type":"School","structure_type_other":null,"cerd_number":null,"ministry_name":"متوسطة بكا الرسمية ","ACS":55177,"P_Code":"55177_001","focal":"ياسر خليل","nb":3967320,"mosa_focal":"فاطمة عبدالرزاق","mosa_focal_phone":71227970,"mehe_focal":"لا يوجد","mehe_focalnb":"لا يوجد","type_private_public":"private","other_specifyy":null,"status":"open","notes":null,"sourcee":"ministry","displaced_cas_code":55177,"phases":null,"nb_idps":36,"nb_families":10,"capacity":43,"male":44,"female":36,"age_0_1":null,"ages_1_3":2,"age_3_5":5,"age_6_12":8,"age_13_18":7,"age_19_57":20,"age_58_above":1,"disabilities_pregnant":null,"pregnant_women":1,"heating_disability":null,"visual_disability":0,"physical_disability":1,"interllectual_disability":null,"CreationDate":"2026-03-04T12:04:10","Creator":"Ramez.Hassan.961","EditDate":"2026-08-31T07:26:09","Editor":"EOR.BEKAA","lactating_women":1,"hearing_disability":0,"mental_disability":0,"DONT_ADD":"true","old_global_id":null,"floorsnum":2,"totalrooms":17,"occ_rooms":16,"free_spaces":1,"free_rooms":1,"kitchen_found":"false","kitchen_found2":null,"type_meal":null,"toilets_male":2,"toilets_female":2,"toilets_not_used_male":1,"toilets_not_used_female":1,"water_source":"لا يوجد","elec_source":"لا يوجد","bathtub_male":1,"bathtub_female":1,"generator":"false","generator_kva":null,"water_tank":2,"water_tank_capacity":40,"water_heater":2,"ac":16,"firedistinguisher":0,"first_aid":"false","wheelchair":0,"beds":0,"fridges":0,"washingmachines":0,"kitchen":"false","kids_area":0,"water_available":"true","need_water":40,"who_water":"Sawa","how_water":"عبر صهريج","LAF_Focal":null,"LAF_shelter_name":null,"LAF_Phone_nb":null,"kg1_public_f":0,"kg1_public_e":2,"kg1_private":0,"kg2_public_f":0,"kg2_public_e":4,"kg2_private":0,"kg3_public_f":0,"kg3_public_e":1,"kg3_private":0,"gr1_public_f":0,"gr1_public_e":3,"gr1_private":0,"gr2_public_f":0,"gr2_public_e":2,"gr2_private":0,"gr3_public_f":0,"gr3_public_e":0,"gr3_private":0,"gr4_public_f":0,"gr4_public_e":5,"gr4_private":0,"gr5_public_f":0,"gr5_public_e":0,"gr5_private":0,"gr6_public_f":0,"gr6_public_e":1,"gr6_private":0,"gr7_public_f":0,"gr7_public_e":1,"gr7_private":0,"gr8_public_f":0,"gr8_public_e":0,"gr8_private":0,"gr9_public_f":0,"gr9_public_e":1,"gr9_private":0,"gr10_public_f":0,"gr10_public_e":0,"gr10_private":0,"gr11s_public_f":0,"gr11s_public_e":0,"gr11s_private":0,"gr11e_public_f":0,"gr11e_public_e":0,"gr11e_private":0,"gr12sg_public_f":0,"gr12sg_public_e":0,"gr12sg_private":0,"gr12se_public_f":0,"gr12se_public_e":0,"gr12se_private":0,"gr12lh_public_f":"false","gr12lh_public_e":0,"gr12lh_private":"false","gr12sv_public_f":0,"gr12sv_public_e":0,"gr12sv_private":0,"tvet_public":0,"tvet_private":0,"uni":0,"syrians":2,"oosc":14,"teachers":0,"bath_hygiene":"fair","playground":"fair","corridor":"fair","rooms_hygiene":"fair","Is_waste_collected":"true","Collection_frequency":"weekly","construction":"false","yes_construction":null,"unified_authority":"true","documentation":"true","check_all":"false","Comments":"true","comments2":"حلتا مشغرة عيترون ميفدون برج البراجنة","age0_6_months":1,"age6_12_months":0,"f_age0_6_months":1,"f_age6_12_months":0,"f_ages_1_3":1,"f_age_3_5":4,"f_age_6_12":9,"f_age_13_18":2,"f_age_19_57":17,"f_age_58_above":2,"Female_Headed_Households":1,"lost_kids":0,"chronic_disease":3,"diesel_fuel_tank":"true","count_tanks":2,"capacity_tank":4000,"need_bin":"true","need_bin_240":3,"need_bin_1100":3,"status_2026":"used","gov_cad":"Bekaa","district_cad":"Rachaya","cad_name":"Bakka","x":35.923903,"y":33.593836},"geometry":{"type":"Point","coordinates":[35.923903,33.593836]}},
{"type":"Feature","properties":{"objectid":1021,"globalid":"1c64cf18-237d-4429-9c77-59c6c5548572","shelter_name":"السان جان - سن الفيل","governorate_name":"Mount Lebanon","district_name":"El Meten","villages":"Sinn el Fil","lat_calc":33.877347,"long_calc":35.534522,"loc_calc":"33.877347 35.534522","structure_type":"Institute","structure_type_other":null,"cerd_number":null,"ministry_name":null,"ACS":22155,"P_Code":"22155_016","focal":"Mohamad Barakat","nb":71040434,"mosa_focal":"najibe safoufim","mosa_focal_phone":3299165,"mehe_focal":null,"mehe_focalnb":null,"type_private_public":"private","other_specifyy":null,"status":"open","notes":"انها ملك خاص وصاحبها لا مانع لديه لاستضافة نازحين من المتن أولا على أن تبقى مأوى للعائلات التي تهدمت بيوتها أو لديها بيت ضمن الشريط الحدودي.","sourcee":"field","displaced_cas_code":22155,"phases":null,"nb_idps":52,"nb_families":17,"capacity":200,"male":85,"female":119,"age_0_1":null,"ages_1_3":3,"age_3_5":8,"age_6_12":6,"age_13_18":15,"age_19_57":46,"age_58_above":6,"disabilities_pregnant":null,"pregnant_women":1,"heating_disability":null,"visual_disability":0,"physical_disability":1,"interllectual_disability":null,"CreationDate":"2026-03-04T12:04:10","Creator":"Ramez.Hassan.961","EditDate":"2026-09-02T13:13:40","Editor":"EOR.MATEN","lactating_women":2,"hearing_disability":0,"mental_disability":1,"DONT_ADD":"true","old_global_id":null,"floorsnum":6,"totalrooms":41,"occ_rooms":41,"free_spaces":0,"free_rooms":0,"kitchen_found":"false","kitchen_found2":null,"type_meal":null,"toilets_male":5,"toilets_female":5,"toilets_not_used_male":0,"toilets_not_used_female":0,"water_source":"صهاريج مدفوعة","elec_source":"Public network - generator subscription","bathtub_male":3,"bathtub_female":3,"generator":null,"generator_kva":null,"water_tank":28000,"water_tank_capacity":20000,"water_heater":6,"ac":0,"firedistinguisher":0,"first_aid":"false","wheelchair":0,"beds":0,"fridges":1,"washingmachines":3,"kitchen":"false","kids_area":1,"water_available":"false","need_water":50,"who_water":null,"how_water":null,"LAF_Focal":null,"LAF_shelter_name":null,"LAF_Phone_nb":null,"kg1_public_f":null,"kg1_public_e":3,"kg1_private":1,"kg2_public_f":1,"kg2_public_e":null,"kg2_private":1,"kg3_public_f":null,"kg3_public_e":3,"kg3_private":null,"gr1_public_f":null,"gr1_public_e":4,"gr1_private":null,"gr2_public_f":null,"gr2_public_e":1,"gr2_private":2,"gr3_public_f":null,"gr3_public_e":2,"gr3_private":5,"gr4_public_f":null,"gr4_public_e":3,"gr4_private":2,"gr5_public_f":null,"gr5_public_e":2,"gr5_private":3,"gr6_public_f":null,"gr6_public_e":1,"gr6_private":1,"gr7_public_f":null,"gr7_public_e":1,"gr7_private":3,"gr8_public_f":0,"gr8_public_e":0,"gr8_private":2,"gr9_public_f":0,"gr9_public_e":5,"gr9_private":2,"gr10_public_f":0,"gr10_public_e":0,"gr10_private":0,"gr11s_public_f":0,"gr11s_public_e":1,"gr11s_private":1,"gr11e_public_f":0,"gr11e_public_e":0,"gr11e_private":0,"gr12sg_public_f":0,"gr12sg_public_e":0,"gr12sg_private":0,"gr12se_public_f":0,"gr12se_public_e":0,"gr12se_private":0,"gr12lh_public_f":"false","gr12lh_public_e":0,"gr12lh_private":"false","gr12sv_public_f":0,"gr12sv_public_e":0,"gr12sv_private":0,"tvet_public":2,"tvet_private":3,"uni":0,"syrians":0,"oosc":2,"teachers":1,"bath_hygiene":"fair","playground":"fair","corridor":"fair","rooms_hygiene":"fair","Is_waste_collected":"true","Collection_frequency":"daily","construction":"false","yes_construction":null,"unified_authority":null,"documentation":null,"check_all":"false","Comments":"true","comments2":"  اسماء مناطق النازحين: معركة  بافليه تبنين  الخرايب قلاوي  طيردب  النبطية برج قلاوي جويا  انصار  عين قانا حبوش الضاحية","age0_6_months":1,"age6_12_months":0,"f_age0_6_months":1,"f_age6_12_months":0,"f_ages_1_3":3,"f_age_3_5":8,"f_age_6_12":23,"f_age_13_18":15,"f_age_19_57":54,"f_age_58_above":15,"Female_Headed_Households":4,"lost_kids":0,"chronic_disease":12,"diesel_fuel_tank":"false","count_tanks":null,"capacity_tank":null,"need_bin":"true","need_bin_240":3,"need_bin_1100":5,"status_2026":"used","gov_cad":"Mount Lebanon","district_cad":"El Meten","cad_name":"Senn el Fil","x":35.53469919,"y":33.88807596},"geometry":{"type":"Point","coordinates":[35.53469919,33.88807596]}},
{"type":"Feature","properties":{"objectid":1025,"globalid":"33293323-99dd-421d-b674-fe40a044b5bc","shelter_name":"دير راهبات المحبة غوسطا","governorate_name":"Mount Lebanon","district_name":"Kesrwane","villages":"Ghosta","lat_calc":33.988381,"long_calc":35.671303,"loc_calc":"33.988381 35.671303","structure_type":"religiou_place","structure_type_other":null,"cerd_number":null,"ministry_name":"دير راهبات المحبة غوسطا","ACS":25319,"P_Code":"25319_005","focal":"جاندرك حبيقة","nb":71729911,"mosa_focal":"Carole Akiki","mosa_focal_phone":3046906,"mehe_focal":null,"mehe_focalnb":null,"type_private_public":"private","other_specifyy":null,"status":"full","notes":"this is an Ngo previously based in jnoub which has now decided to establish its operations in kesrwan . the people are from sudanede nationality","sourcee":"field","displaced_cas_code":25319,"phases":null,"nb_idps":84,"nb_families":29,"capacity":87,"male":0,"female":0,"age_0_1":2,"ages_1_3":0,"age_3_5":0,"age_6_12":0,"age_13_18":0,"age_19_57":0,"age_58_above":0,"disabilities_pregnant":null,"pregnant_women":1,"heating_disability":null,"visual_disability":null,"physical_disability":null,"interllectual_disability":null,"CreationDate":"2026-03-04T12:04:10","Creator":"Ramez.Hassan.961","EditDate":"2026-08-27T07:55:17","Editor":"EOR.KESRWAN","lactating_women":null,"hearing_disability":null,"mental_disability":null,"DONT_ADD":"true","old_global_id":null,"floorsnum":2,"totalrooms":4,"occ_rooms":4,"free_spaces":0,"free_rooms":0,"kitchen_found":"true","kitchen_found2":"true","type_meal":"hot_cold_meal","toilets_male":4,"toilets_female":5,"toilets_not_used_male":0,"toilets_not_used_female":0,"water_source":"Ebml","elec_source":"طاقة شمسية وedl","bathtub_male":5,"bathtub_female":5,"generator":"false","generator_kva":null,"water_tank":1,"water_tank_capacity":20000,"water_heater":5,"ac":1,"firedistinguisher":3,"first_aid":"false","wheelchair":0,"beds":0,"fridges":2,"washingmachines":1,"kitchen":"true","kids_area":1,"water_available":null,"need_water":5000,"who_water":null,"how_water":null,"LAF_Focal":null,"LAF_shelter_name":null,"LAF_Phone_nb":null,"kg1_public_f":0,"kg1_public_e":null,"kg1_private":null,"kg2_public_f":0,"kg2_public_e":null,"kg2_private":null,"kg3_public_f":0,"kg3_public_e":null,"kg3_private":null,"gr1_public_f":0,"gr1_public_e":null,"gr1_private":null,"gr2_public_f":0,"gr2_public_e":null,"gr2_private":null,"gr3_public_f":0,"gr3_public_e":null,"gr3_private":null,"gr4_public_f":0,"gr4_public_e":null,"gr4_private":null,"gr5_public_f":0,"gr5_public_e":null,"gr5_private":null,"gr6_public_f":0,"gr6_public_e":null,"gr6_private":null,"gr7_public_f":0,"gr7_public_e":null,"gr7_private":null,"gr8_public_f":0,"gr8_public_e":null,"gr8_private":null,"gr9_public_f":0,"gr9_public_e":null,"gr9_private":null,"gr10_public_f":0,"gr10_public_e":null,"gr10_private":null,"gr11s_public_f":0,"gr11s_public_e":null,"gr11s_private":null,"gr11e_public_f":0,"gr11e_public_e":null,"gr11e_private":null,"gr12sg_public_f":0,"gr12sg_public_e":null,"gr12sg_private":null,"gr12se_public_f":0,"gr12se_public_e":null,"gr12se_private":null,"gr12lh_public_f":"false","gr12lh_public_e":null,"gr12lh_private":null,"gr12sv_public_f":0,"gr12sv_public_e":null,"gr12sv_private":null,"tvet_public":0,"tvet_private":null,"uni":0,"syrians":null,"oosc":null,"teachers":null,"bath_hygiene":null,"playground":null,"corridor":null,"rooms_hygiene":null,"Is_waste_collected":null,"Collection_frequency":null,"construction":null,"yes_construction":null,"unified_authority":null,"documentation":null,"check_all":null,"Comments":null,"comments2":"حارة حريك صيدا عائشة بكار الغبيري البسطا التحتا حي السلم كفرا بنت جبيل ميس الجبل الشريط الاخضر ميفدون أنصار بيت كيف البسطا الباشورة جبشيت","age0_6_months":0,"age6_12_months":0,"f_age0_6_months":0,"f_age6_12_months":0,"f_ages_1_3":0,"f_age_3_5":0,"f_age_6_12":0,"f_age_13_18":0,"f_age_19_57":0,"f_age_58_above":0,"Female_Headed_Households":null,"lost_kids":null,"chronic_disease":null,"diesel_fuel_tank":null,"count_tanks":null,"capacity_tank":null,"need_bin":null,"need_bin_240":null,"need_bin_1100":null,"status_2026":"used","gov_cad":"Mount Lebanon","district_cad":"Kesrwane","cad_name":"Ghosta","x":35.67166137,"y":33.98892003},"geometry":{"type":"Point","coordinates":[35.67166137,33.98892003]}},
{"type":"Feature","properties":{"objectid":1036,"globalid":"423e22cd-e012-4dc1-b9fd-f36c9d0fbbbf","shelter_name":"سوق الخان","governorate_name":"El Nabatieh","district_name":"Hasbaya","villages":"Hasbaiya","lat_calc":33.39793,"long_calc":35.684222,"loc_calc":"33.39793 35.684222","structure_type":"Other","structure_type_other":"center","cerd_number":null,"ministry_name":"سوق الخان","ACS":74111,"P_Code":"74111_020","focal":"اسماعيل أمين","nb":3367267,"mosa_focal":"داني عماشة","mosa_focal_phone":76497083,"mehe_focal":null,"mehe_focalnb":null,"type_private_public":"private","other_specifyy":null,"status":"open","notes":null,"sourcee":"field","displaced_cas_code":74111,"phases":null,"nb_idps":179,"nb_families":39,"capacity":179,"male":100,"female":91,"age_0_1":5,"ages_1_3":8,"age_3_5":8,"age_6_12":12,"age_13_18":13,"age_19_57":49,"age_58_above":8,"disabilities_pregnant":null,"pregnant_women":0,"heating_disability":null,"visual_disability":0,"physical_disability":3,"interllectual_disability":null,"CreationDate":"2026-03-04T12:04:10","Creator":"Ramez.Hassan.961","EditDate":"2026-09-01T12:12:10","Editor":"EOR.SAIDA","lactating_women":12,"hearing_disability":0,"mental_disability":2,"DONT_ADD":"true","old_global_id":null,"floorsnum":1,"totalrooms":40,"occ_rooms":22,"free_spaces":15,"free_rooms":3,"kitchen_found":"false","kitchen_found2":null,"type_meal":null,"toilets_male":0,"toilets_female":0,"toilets_not_used_male":4,"toilets_not_used_female":1,"water_source":"قناية مياه","elec_source":"لا مصدر للكهرباء","bathtub_male":0,"bathtub_female":0,"generator":"false","generator_kva":null,"water_tank":1,"water_tank_capacity":2000,"water_heater":0,"ac":0,"firedistinguisher":0,"first_aid":"false","wheelchair":0,"beds":0,"fridges":0,"washingmachines":0,"kitchen":"false","kids_area":0,"water_available":"false","need_water":50,"who_water":null,"how_water":null,"LAF_Focal":null,"LAF_shelter_name":null,"LAF_Phone_nb":null,"kg1_public_f":0,"kg1_public_e":8,"kg1_private":0,"kg2_public_f":0,"kg2_public_e":5,"kg2_private":0,"kg3_public_f":0,"kg3_public_e":3,"kg3_private":0,"gr1_public_f":0,"gr1_public_e":3,"gr1_private":0,"gr2_public_f":0,"gr2_public_e":8,"gr2_private":0,"gr3_public_f":0,"gr3_public_e":4,"gr3_private":0,"gr4_public_f":0,"gr4_public_e":5,"gr4_private":0,"gr5_public_f":0,"gr5_public_e":2,"gr5_private":0,"gr6_public_f":0,"gr6_public_e":4,"gr6_private":0,"gr7_public_f":0,"gr7_public_e":3,"gr7_private":0,"gr8_public_f":0,"gr8_public_e":1,"gr8_private":0,"gr9_public_f":0,"gr9_public_e":2,"gr9_private":0,"gr10_public_f":0,"gr10_public_e":5,"gr10_private":0,"gr11s_public_f":0,"gr11s_public_e":0,"gr11s_private":0,"gr11e_public_f":0,"gr11e_public_e":1,"gr11e_private":0,"gr12sg_public_f":0,"gr12sg_public_e":0,"gr12sg_private":0,"gr12se_public_f":0,"gr12se_public_e":2,"gr12se_private":0,"gr12lh_public_f":"false","gr12lh_public_e":0,"gr12lh_private":"false","gr12sv_public_f":0,"gr12sv_public_e":0,"gr12sv_private":0,"tvet_public":0,"tvet_private":0,"uni":0,"syrians":0,"oosc":3,"teachers":5,"bath_hygiene":"bad","playground":"bad","corridor":"bad","rooms_hygiene":"bad","Is_waste_collected":"false","Collection_frequency":null,"construction":"false","yes_construction":null,"unified_authority":"true","documentation":"false","check_all":"false","Comments":"true","comments2":"الوزاني عين عرب مرجعيون","age0_6_months":1,"age6_12_months":1,"f_age0_6_months":2,"f_age6_12_months":0,"f_ages_1_3":5,"f_age_3_5":5,"f_age_6_12":15,"f_age_13_18":12,"f_age_19_57":45,"f_age_58_above":7,"Female_Headed_Households":1,"lost_kids":0,"chronic_disease":10,"diesel_fuel_tank":null,"count_tanks":null,"capacity_tank":null,"need_bin":null,"need_bin_240":null,"need_bin_1100":null,"status_2026":"used","gov_cad":"El Nabatieh","district_cad":"Hasbaya","cad_name":"Hasbaya","x":35.64629739,"y":33.38022568},"geometry":{"type":"Point","coordinates":[35.64629739,33.38022568]}},
{"type":"Feature","properties":{"objectid":1052,"globalid":"9e9a7c50-3692-4be9-a2da-6212a1ef9abb","shelter_name":"دار اليتيم العربي - صيدا","governorate_name":"South","district_name":"Saida","villages":"Saida Ed Dekermane","lat_calc":33.553544,"long_calc":35.364883,"loc_calc":"33.553544 35.364883","structure_type":"Institute","structure_type_other":null,"cerd_number":null,"ministry_name":"دار اليتيم العربي - صيدا","ACS":61119,"P_Code":"61119_009","focal":"مازن حشيشو","nb":3205650,"mosa_focal":"جاكلين يونس","mosa_focal_phone":76933421,"mehe_focal":null,"mehe_focalnb":null,"type_private_public":"private","other_specifyy":null,"status":"open","notes":null,"sourcee":"field","displaced_cas_code":61119,"phases":null,"nb_idps":210,"nb_families":70,"capacity":560,"male":298,"female":262,"age_0_1":15,"ages_1_3":6,"age_3_5":10,"age_6_12":42,"age_13_18":21,"age_19_57":196,"age_58_above":20,"disabilities_pregnant":null,"pregnant_women":37,"heating_disability":null,"visual_disability":13,"physical_disability":null,"interllectual_disability":null,"CreationDate":"2026-03-04T12:04:10","Creator":"Ramez.Hassan.961","EditDate":"2026-09-02T07:48:59","Editor":"EOR.SAIDA","lactating_women":null,"hearing_disability":null,"mental_disability":15,"DONT_ADD":"true","old_global_id":null,"floorsnum":null,"totalrooms":null,"occ_rooms":null,"free_spaces":null,"free_rooms":null,"kitchen_found":null,"kitchen_found2":null,"type_meal":null,"toilets_male":null,"toilets_female":null,"toilets_not_used_male":null,"toilets_not_used_female":null,"water_source":null,"elec_source":null,"bathtub_male":null,"bathtub_female":null,"generator":null,"generator_kva":null,"water_tank":null,"water_tank_capacity":null,"water_heater":null,"ac":null,"firedistinguisher":null,"first_aid":null,"wheelchair":null,"beds":null,"fridges":null,"washingmachines":null,"kitchen":null,"kids_area":null,"water_available":null,"need_water":null,"who_water":null,"how_water":null,"LAF_Focal":null,"LAF_shelter_name":null,"LAF_Phone_nb":null,"kg1_public_f":2,"kg1_public_e":4,"kg1_private":1,"kg2_public_f":0,"kg2_public_e":4,"kg2_private":1,"kg3_public_f":0,"kg3_public_e":6,"kg3_private":4,"gr1_public_f":1,"gr1_public_e":16,"gr1_private":0,"gr2_public_f":1,"gr2_public_e":7,"gr2_private":3,"gr3_public_f":0,"gr3_public_e":10,"gr3_private":1,"gr4_public_f":1,"gr4_public_e":12,"gr4_private":2,"gr5_public_f":0,"gr5_public_e":6,"gr5_private":0,"gr6_public_f":0,"gr6_public_e":13,"gr6_private":1,"gr7_public_f":0,"gr7_public_e":13,"gr7_private":0,"gr8_public_f":0,"gr8_public_e":4,"gr8_private":0,"gr9_public_f":2,"gr9_public_e":7,"gr9_private":1,"gr10_public_f":2,"gr10_public_e":4,"gr10_private":0,"gr11s_public_f":0,"gr11s_public_e":0,"gr11s_private":1,"gr11e_public_f":0,"gr11e_public_e":0,"gr11e_private":0,"gr12sg_public_f":0,"gr12sg_public_e":0,"gr12sg_private":0,"gr12se_public_f":0,"gr12se_public_e":0,"gr12se_private":0,"gr12lh_public_f":"false","gr12lh_public_e":0,"gr12lh_private":"false","gr12sv_public_f":0,"gr12sv_public_e":0,"gr12sv_private":0,"tvet_public":5,"tvet_private":5,"uni":7,"syrians":21,"oosc":0,"teachers":0,"bath_hygiene":"fair","playground":"fair","corridor":"fair","rooms_hygiene":"fair","Is_waste_collected":"true","Collection_frequency":"daily","construction":"false","yes_construction":null,"unified_authority":null,"documentation":null,"check_all":null,"Comments":null,"comments2":"شعيتية نبطية البستان معركة يارين","age0_6_months":1,"age6_12_months":2,"f_age0_6_months":0,"f_age6_12_months":1,"f_ages_1_3":8,"f_age_3_5":4,"f_age_6_12":37,"f_age_13_18":27,"f_age_19_57":149,"f_age_58_above":36,"Female_Headed_Households":10,"lost_kids":null,"chronic_disease":1,"diesel_fuel_tank":null,"count_tanks":null,"capacity_tank":null,"need_bin":null,"need_bin_240":null,"need_bin_1100":null,"status_2026":"used","gov_cad":"South","district_cad":"Saida","cad_name":"Saïda Dekerman","x":35.37649779,"y":33.55277616},"geometry":{"type":"Point","coordinates":[35.37649779,33.55277616]}},
{"type":"Feature","properties":{"objectid":1067,"globalid":"bfef10b7-e46c-4c69-b2ed-78a7276ac37c","shelter_name":"ملعب المدينة الرياضية","governorate_name":"Mount Lebanon","district_name":"Baabda","villages":"Ghobeire","lat_calc":33.861126,"long_calc":35.51024,"loc_calc":"33.861126 35.51024","structure_type":"Other","structure_type_other":"ملعب المدينة الرياضية","cerd_number":null,"ministry_name":null,"ACS":21111,"P_Code":"21111_102","focal":"Lama shehayeb","nb":3445500,"mosa_focal":null,"mosa_focal_phone":null,"mehe_focal":null,"mehe_focalnb":null,"type_private_public":"private","other_specifyy":null,"status":"full","notes":null,"sourcee":"ministry","displaced_cas_code":21111,"phases":null,"nb_idps":53,"nb_families":26,"capacity":1800,"male":25,"female":26,"age_0_1":28,"ages_1_3":1,"age_3_5":0,"age_6_12":5,"age_13_18":4,"age_19_57":10,"age_58_above":5,"disabilities_pregnant":null,"pregnant_women":0,"heating_disability":null,"visual_disability":0,"physical_disability":4,"interllectual_disability":null,"CreationDate":"2026-03-04T12:04:10","Creator":"Ramez.Hassan.961","EditDate":"2026-08-31T05:33:32","Editor":"EOR.BEIRUT","lactating_women":0,"hearing_disability":0,"mental_disability":0,"DONT_ADD":"true","old_global_id":null,"floorsnum":2,"totalrooms":319,"occ_rooms":290,"free_spaces":29,"free_rooms":0,"kitchen_found":"false","kitchen_found2":null,"type_meal":null,"toilets_male":36,"toilets_female":41,"toilets_not_used_male":2,"toilets_not_used_female":2,"water_source":"private","elec_source":"solar and generator","bathtub_male":18,"bathtub_female":17,"generator":"true","generator_kva":30,"water_tank":10,"water_tank_capacity":27500,"water_heater":0,"ac":0,"firedistinguisher":20,"first_aid":"true","wheelchair":0,"beds":0,"fridges":0,"washingmachines":0,"kitchen":"false","kids_area":1,"water_available":"false","need_water":20000,"who_water":null,"how_water":null,"LAF_Focal":null,"LAF_shelter_name":null,"LAF_Phone_nb":null,"kg1_public_f":6,"kg1_public_e":9,"kg1_private":3,"kg2_public_f":6,"kg2_public_e":9,"kg2_private":8,"kg3_public_f":1,"kg3_public_e":14,"kg3_private":4,"gr1_public_f":4,"gr1_public_e":10,"gr1_private":4,"gr2_public_f":1,"gr2_public_e":14,"gr2_private":11,"gr3_public_f":1,"gr3_public_e":11,"gr3_private":10,"gr4_public_f":3,"gr4_public_e":11,"gr4_private":9,"gr5_public_f":2,"gr5_public_e":13,"gr5_private":8,"gr6_public_f":1,"gr6_public_e":7,"gr6_private":7,"gr7_public_f":2,"gr7_public_e":12,"gr7_private":6,"gr8_public_f":2,"gr8_public_e":6,"gr8_private":5,"gr9_public_f":1,"gr9_public_e":5,"gr9_private":5,"gr10_public_f":0,"gr10_public_e":2,"gr10_private":3,"gr11s_public_f":0,"gr11s_public_e":0,"gr11s_private":0,"gr11e_public_f":0,"gr11e_public_e":2,"gr11e_private":0,"gr12sg_public_f":0,"gr12sg_public_e":0,"gr12sg_private":12,"gr12se_public_f":0,"gr12se_public_e":0,"gr12se_private":0,"gr12lh_public_f":"false","gr12lh_public_e":0,"gr12lh_private":"true","gr12sv_public_f":0,"gr12sv_public_e":0,"gr12sv_private":1,"tvet_public":8,"tvet_private":10,"uni":26,"syrians":6,"oosc":39,"teachers":5,"bath_hygiene":"fair","playground":"fair","corridor":"fair","rooms_hygiene":"fair","Is_waste_collected":"true","Collection_frequency":"daily","construction":"true","yes_construction":"2","unified_authority":"true","documentation":"true","check_all":"false","Comments":"true","comments2":null,"age0_6_months":0,"age6_12_months":0,"f_age0_6_months":2,"f_age6_12_months":0,"f_ages_1_3":0,"f_age_3_5":0,"f_age_6_12":3,"f_age_13_18":3,"f_age_19_57":14,"f_age_58_above":4,"Female_Headed_Households":77,"lost_kids":0,"chronic_disease":null,"diesel_fuel_tank":"true","count_tanks":2,"capacity_tank":2000,"need_bin":"false","need_bin_240":null,"need_bin_1100":null,"status_2026":"used","gov_cad":"Mount Lebanon","district_cad":"Baabda","cad_name":"Chiah","x":35.4960629,"y":33.86761432},"geometry":{"type":"Point","coordinates":[35.4960629,33.86761432]}},
{"type":"Feature","properties":{"objectid":1079,"globalid":"38af0f99-33d7-4a7b-9ced-7e29c63e1126","shelter_name":"عيتات الرسمية المختلطة","governorate_name":"Mount Lebanon","district_name":"Aley","villages":"Aitat","lat_calc":33.793825,"long_calc":35.557744,"loc_calc":"33.793825 35.557744","structure_type":"School","structure_type_other":null,"cerd_number":1343,"ministry_name":"عيتات الرسمية المختلطة","ACS":24329,"P_Code":"24329_001","focal":"Sohad talhouk","nb":81862893,"mosa_focal":"Adiba rahal ","mosa_focal_phone":70753348,"mehe_focal":"Sohad talhouk","mehe_focalnb":"81862893","type_private_public":"public","other_specifyy":null,"status":"open","notes":null,"sourcee":"field","displaced_cas_code":24329,"phases":1,"nb_idps":40,"nb_families":9,"capacity":200,"male":126,"female":115,"age_0_1":null,"ages_1_3":7,"age_3_5":6,"age_6_12":17,"age_13_18":20,"age_19_57":57,"age_58_above":17,"disabilities_pregnant":null,"pregnant_women":1,"heating_disability":null,"visual_disability":1,"physical_disability":null,"interllectual_disability":null,"CreationDate":"2026-03-04T12:04:10","Creator":"Ramez.Hassan.961","EditDate":"2026-08-18T08:13:10","Editor":"EOR.ALEY","lactating_women":2,"hearing_disability":null,"mental_disability":2,"DONT_ADD":"true","old_global_id":null,"floorsnum":2,"totalrooms":34,"occ_rooms":25,"free_spaces":null,"free_rooms":9,"kitchen_found":"false","kitchen_found2":null,"type_meal":null,"toilets_male":4,"toilets_female":4,"toilets_not_used_male":0,"toilets_not_used_female":0,"water_source":"local entity","elec_source":"local motor","bathtub_male":4,"bathtub_female":4,"generator":"true","generator_kva":110,"water_tank":14,"water_tank_capacity":16000,"water_heater":0,"ac":25,"firedistinguisher":3,"first_aid":"true","wheelchair":0,"beds":0,"fridges":0,"washingmachines":2,"kitchen":"false","kids_area":2,"water_available":"true","need_water":7,"who_water":"aub ","how_water":"water truck","LAF_Focal":null,"LAF_shelter_name":null,"LAF_Phone_nb":null,"kg1_public_f":null,"kg1_public_e":null,"kg1_private":null,"kg2_public_f":null,"kg2_public_e":null,"kg2_private":null,"kg3_public_f":null,"kg3_public_e":null,"kg3_private":null,"gr1_public_f":null,"gr1_public_e":null,"gr1_private":null,"gr2_public_f":null,"gr2_public_e":null,"gr2_private":null,"gr3_public_f":null,"gr3_public_e":null,"gr3_private":null,"gr4_public_f":null,"gr4_public_e":null,"gr4_private":null,"gr5_public_f":null,"gr5_public_e":null,"gr5_private":null,"gr6_public_f":null,"gr6_public_e":null,"gr6_private":null,"gr7_public_f":null,"gr7_public_e":null,"gr7_private":null,"gr8_public_f":null,"gr8_public_e":null,"gr8_private":null,"gr9_public_f":null,"gr9_public_e":null,"gr9_private":null,"gr10_public_f":null,"gr10_public_e":null,"gr10_private":null,"gr11s_public_f":null,"gr11s_public_e":null,"gr11s_private":null,"gr11e_public_f":null,"gr11e_public_e":null,"gr11e_private":null,"gr12sg_public_f":null,"gr12sg_public_e":null,"gr12sg_private":null,"gr12se_public_f":null,"gr12se_public_e":null,"gr12se_private":null,"gr12lh_public_f":null,"gr12lh_public_e":null,"gr12lh_private":null,"gr12sv_public_f":null,"gr12sv_public_e":null,"gr12sv_private":null,"tvet_public":null,"tvet_private":null,"uni":null,"syrians":null,"oosc":null,"teachers":null,"bath_hygiene":null,"playground":null,"corridor":null,"rooms_hygiene":null,"Is_waste_collected":null,"Collection_frequency":null,"construction":null,"yes_construction":null,"unified_authority":null,"documentation":null,"check_all":null,"Comments":null,"comments2":null,"age0_6_months":1,"age6_12_months":1,"f_age0_6_months":1,"f_age6_12_months":0,"f_ages_1_3":3,"f_age_3_5":3,"f_age_6_12":18,"f_age_13_18":25,"f_age_19_57":50,"f_age_58_above":15,"Female_Headed_Households":null,"lost_kids":null,"chronic_disease":null,"diesel_fuel_tank":null,"count_tanks":null,"capacity_tank":null,"need_bin":null,"need_bin_240":null,"need_bin_1100":null,"status_2026":"used","gov_cad":"Mount Lebanon","district_cad":"Aley","cad_name":"Aïtate","x":35.5530829,"y":33.79470765},"geometry":{"type":"Point","coordinates":[35.5530829,33.79470765]}},
{"type":"Feature","properties":{"objectid":1080,"globalid":"b6f5a74d-654c-4883-a1d8-46c89e209f41","shelter_name":"حاصبيا المتوسطة الرسمية للصبيان","governorate_name":"El Nabatieh","district_name":"Hasbaya","villages":"Hasbaiya","lat_calc":33.39793,"long_calc":35.684222,"loc_calc":"33.39793 35.684222","structure_type":"School","structure_type_other":null,"cerd_number":1175,"ministry_name":"حاصبيا المتوسطة الرسمية للصبيان","ACS":74111,"P_Code":"74111_006","focal":"علي بعلبكي","nb":71580639,"mosa_focal":"سائدة عماشة","mosa_focal_phone":70077256,"mehe_focal":"الهام حمرا","mehe_focalnb":"70423132","type_private_public":"public","other_specifyy":null,"status":"open","notes":null,"sourcee":"ministry","displaced_cas_code":74111,"phases":null,"nb_idps":17,"nb_families":7,"capacity":27,"male":15,"female":12,"age_0_1":1,"ages_1_3":1,"age_3_5":1,"age_6_12":1,"age_13_18":1,"age_19_57":6,"age_58_above":4,"disabilities_pregnant":null,"pregnant_women":0,"heating_disability":null,"visual_disability":0,"physical_disability":0,"interllectual_disability":null,"CreationDate":"2026-03-04T12:04:10","Creator":"Ramez.Hassan.961","EditDate":"2026-09-01T12:51:20","Editor":"EOR.SAIDA","lactating_women":0,"hearing_disability":0,"mental_disability":0,"DONT_ADD":"true","old_global_id":null,"floorsnum":4,"totalrooms":30,"occ_rooms":24,"free_spaces":6,"free_rooms":3,"kitchen_found":"false","kitchen_found2":null,"type_meal":null,"toilets_male":3,"toilets_female":5,"toilets_not_used_male":2,"toilets_not_used_female":0,"water_source":"مشروع البلدية","elec_source":"اشتراك مع دولة","bathtub_male":1,"bathtub_female":1,"generator":"false","generator_kva":null,"water_tank":5,"water_tank_capacity":5000,"water_heater":0,"ac":10,"firedistinguisher":0,"first_aid":"true","wheelchair":0,"beds":0,"fridges":2,"washingmachines":2,"kitchen":"false","kids_area":2,"water_available":"true","need_water":15,"who_water":"البلدية","how_water":"مشروع البلدية","LAF_Focal":null,"LAF_shelter_name":null,"LAF_Phone_nb":null,"kg1_public_f":0,"kg1_public_e":0,"kg1_private":0,"kg2_public_f":0,"kg2_public_e":1,"kg2_private":0,"kg3_public_f":0,"kg3_public_e":0,"kg3_private":0,"gr1_public_f":0,"gr1_public_e":2,"gr1_private":0,"gr2_public_f":0,"gr2_public_e":2,"gr2_private":0,"gr3_public_f":0,"gr3_public_e":1,"gr3_private":0,"gr4_public_f":0,"gr4_public_e":0,"gr4_private":0,"gr5_public_f":0,"gr5_public_e":0,"gr5_private":0,"gr6_public_f":0,"gr6_public_e":0,"gr6_private":0,"gr7_public_f":0,"gr7_public_e":1,"gr7_private":0,"gr8_public_f":0,"gr8_public_e":1,"gr8_private":0,"gr9_public_f":0,"gr9_public_e":1,"gr9_private":0,"gr10_public_f":0,"gr10_public_e":0,"gr10_private":0,"gr11s_public_f":0,"gr11s_public_e":0,"gr11s_private":0,"gr11e_public_f":0,"gr11e_public_e":0,"gr11e_private":0,"gr12sg_public_f":0,"gr12sg_public_e":0,"gr12sg_private":0,"gr12se_public_f":0,"gr12se_public_e":0,"gr12se_private":0,"gr12lh_public_f":"false","gr12lh_public_e":0,"gr12lh_private":"false","gr12sv_public_f":0,"gr12sv_public_e":0,"gr12sv_private":0,"tvet_public":0,"tvet_private":0,"uni":0,"syrians":0,"oosc":2,"teachers":1,"bath_hygiene":"good","playground":"good","corridor":"good","rooms_hygiene":"fair","Is_waste_collected":"true","Collection_frequency":"daily","construction":"false","yes_construction":null,"unified_authority":null,"documentation":null,"check_all":"false","Comments":null,"comments2":"الخيام برغز","age0_6_months":0,"age6_12_months":1,"f_age0_6_months":0,"f_age6_12_months":0,"f_ages_1_3":1,"f_age_3_5":1,"f_age_6_12":0,"f_age_13_18":1,"f_age_19_57":6,"f_age_58_above":3,"Female_Headed_Households":4,"lost_kids":0,"chronic_disease":25,"diesel_fuel_tank":null,"count_tanks":null,"capacity_tank":null,"need_bin":null,"need_bin_240":null,"need_bin_1100":null,"status_2026":"used","gov_cad":"El Nabatieh","district_cad":"Hasbaya","cad_name":"Hasbaya","x":35.684222,"y":33.39793},"geometry":{"type":"Point","coordinates":[35.684222,33.39793]}},
{"type":"Feature","properties":{"objectid":1081,"globalid":"2147e504-35d2-43d1-8ed0-96b6c043ae09","shelter_name":"الرميلة المختلطة المتوسطة الرسمية","governorate_name":"Mount Lebanon","district_name":"Chouf","villages":"Rmaile","lat_calc":33.606806,"long_calc":35.403981,"loc_calc":"33.606806 35.403981","structure_type":"School","structure_type_other":null,"cerd_number":352,"ministry_name":"الرميلة المختلطة المتوسطة الرسمية","ACS":23321,"P_Code":"23321_001","focal":"رانيا نجم","nb":76014036,"mosa_focal":"احمد عباس شمس","mosa_focal_phone":70745678,"mehe_focal":"رانيا نجم","mehe_focalnb":"76014036","type_private_public":"public","other_specifyy":null,"status":"full","notes":null,"sourcee":"ministry","displaced_cas_code":23321,"phases":1,"nb_idps":17,"nb_families":5,"capacity":190,"male":135,"female":128,"age_0_1":2,"ages_1_3":6,"age_3_5":11,"age_6_12":25,"age_13_18":20,"age_19_57":62,"age_58_above":10,"disabilities_pregnant":null,"pregnant_women":2,"heating_disability":null,"visual_disability":1,"physical_disability":5,"interllectual_disability":null,"CreationDate":"2026-03-04T12:04:10","Creator":"Ramez.Hassan.961","EditDate":"2026-08-25T06:59:01","Editor":"EOR.CHOUF","lactating_women":0,"hearing_disability":0,"mental_disability":0,"DONT_ADD":"true","old_global_id":null,"floorsnum":2,"totalrooms":30,"occ_rooms":30,"free_spaces":0,"free_rooms":0,"kitchen_found":"false","kitchen_found2":null,"type_meal":null,"toilets_male":5,"toilets_female":6,"toilets_not_used_male":0,"toilets_not_used_female":0,"water_source":"دولة","elec_source":"دولة","bathtub_male":3,"bathtub_female":3,"generator":"false","generator_kva":null,"water_tank":8,"water_tank_capacity":16000,"water_heater":3,"ac":0,"firedistinguisher":4,"first_aid":"true","wheelchair":0,"beds":0,"fridges":0,"washingmachines":0,"kitchen":"false","kids_area":1,"water_available":"true","need_water":40,"who_water":"الدولة","how_water":"شبكة","LAF_Focal":null,"LAF_shelter_name":null,"LAF_Phone_nb":null,"kg1_public_f":null,"kg1_public_e":null,"kg1_private":null,"kg2_public_f":null,"kg2_public_e":null,"kg2_private":null,"kg3_public_f":null,"kg3_public_e":null,"kg3_private":null,"gr1_public_f":null,"gr1_public_e":null,"gr1_private":null,"gr2_public_f":null,"gr2_public_e":null,"gr2_private":null,"gr3_public_f":null,"gr3_public_e":null,"gr3_private":null,"gr4_public_f":null,"gr4_public_e":null,"gr4_private":null,"gr5_public_f":null,"gr5_public_e":null,"gr5_private":null,"gr6_public_f":null,"gr6_public_e":null,"gr6_private":null,"gr7_public_f":null,"gr7_public_e":null,"gr7_private":null,"gr8_public_f":null,"gr8_public_e":null,"gr8_private":null,"gr9_public_f":null,"gr9_public_e":null,"gr9_private":null,"gr10_public_f":null,"gr10_public_e":null,"gr10_private":null,"gr11s_public_f":null,"gr11s_public_e":null,"gr11s_private":null,"gr11e_public_f":null,"gr11e_public_e":null,"gr11e_private":null,"gr12sg_public_f":null,"gr12sg_public_e":null,"gr12sg_private":null,"gr12se_public_f":null,"gr12se_public_e":null,"gr12se_private":null,"gr12lh_public_f":null,"gr12lh_public_e":null,"gr12lh_private":null,"gr12sv_public_f":null,"gr12sv_public_e":null,"gr12sv_private":null,"tvet_public":null,"tvet_private":null,"uni":null,"syrians":null,"oosc":null,"teachers":null,"bath_hygiene":null,"playground":null,"corridor":null,"rooms_hygiene":null,"Is_waste_collected":null,"Collection_frequency":null,"construction":null,"yes_construction":null,"unified_authority":null,"documentation":null,"check_all":null,"Comments":null,"comments2":null,"age0_6_months":0,"age6_12_months":1,"f_age0_6_months":0,"f_age6_12_months":0,"f_ages_1_3":2,"f_age_3_5":6,"f_age_6_12":20,"f_age_13_18":17,"f_age_19_57":73,"f_age_58_above":10,"Female_Headed_Households":null,"lost_kids":null,"chronic_disease":null,"diesel_fuel_tank":null,"count_tanks":null,"capacity_tank":null,"need_bin":null,"need_bin_240":null,"need_bin_1100":null,"status_2026":"used","gov_cad":"Mount Lebanon","district_cad":"Chouf","cad_name":"Rmeileh","x":35.40156851,"y":33.60925329},"geometry":{"type":"Point","coordinates":[35.40156851,33.60925329]}},
{"type":"Feature","properties":{"objectid":1257,"globalid":"86d32383-56fd-4cf5-9c64-8bd71a8939f5","shelter_name":"ثانوية قب الياس الرسمية","governorate_name":"Bekaa","district_name":"Zahle","villages":"Qabb Elias","lat_calc":33.794317,"long_calc":35.820272,"loc_calc":"33.794317 35.820272","structure_type":"School","structure_type_other":null,"cerd_number":836,"ministry_name":null,"ACS":51234,"P_Code":"51234_003","focal":"فادي الحلاق","nb":70903381,"mosa_focal":"  نداء درويش","mosa_focal_phone":71240337,"mehe_focal":"فادي الحلاق","mehe_focalnb":"70903381","type_private_public":"public","other_specifyy":null,"status":"open","notes":null,"sourcee":"ministry","displaced_cas_code":51234,"phases":null,"nb_idps":80,"nb_families":15,"capacity":188,"male":83,"female":94,"age_0_1":2,"ages_1_3":4,"age_3_5":6,"age_6_12":14,"age_13_18":15,"age_19_57":41,"age_58_above":2,"disabilities_pregnant":null,"pregnant_women":2,"heating_disability":null,"visual_disability":0,"physical_disability":2,"interllectual_disability":null,"CreationDate":"2026-03-05T13:23:54","Creator":"Data.Collection.2","EditDate":"2026-08-10T09:07:27","Editor":"EOR.BEKAA","lactating_women":1,"hearing_disability":0,"mental_disability":2,"DONT_ADD":"true","old_global_id":null,"floorsnum":3,"totalrooms":19,"occ_rooms":19,"free_spaces":0,"free_rooms":1,"kitchen_found":"false","kitchen_found2":null,"type_meal":null,"toilets_male":4,"toilets_female":4,"toilets_not_used_male":2,"toilets_not_used_female":2,"water_source":"مياه شرب","elec_source":"طاقة شمسية","bathtub_male":2,"bathtub_female":2,"generator":"true","generator_kva":150,"water_tank":5,"water_tank_capacity":5,"water_heater":1,"ac":0,"firedistinguisher":10,"first_aid":"false","wheelchair":0,"beds":1,"fridges":0,"washingmachines":0,"kitchen":"false","kids_area":1,"water_available":"true","need_water":20,"who_water":"PRIVATE WELL","how_water":"بئر تجميع ","LAF_Focal":null,"LAF_shelter_name":null,"LAF_Phone_nb":null,"kg1_public_f":0,"kg1_public_e":2,"kg1_private":0,"kg2_public_f":0,"kg2_public_e":0,"kg2_private":0,"kg3_public_f":0,"kg3_public_e":4,"kg3_private":1,"gr1_public_f":0,"gr1_public_e":5,"gr1_private":0,"gr2_public_f":1,"gr2_public_e":5,"gr2_private":0,"gr3_public_f":0,"gr3_public_e":3,"gr3_private":0,"gr4_public_f":0,"gr4_public_e":6,"gr4_private":1,"gr5_public_f":0,"gr5_public_e":3,"gr5_private":0,"gr6_public_f":2,"gr6_public_e":4,"gr6_private":1,"gr7_public_f":0,"gr7_public_e":6,"gr7_private":1,"gr8_public_f":1,"gr8_public_e":8,"gr8_private":1,"gr9_public_f":0,"gr9_public_e":2,"gr9_private":0,"gr10_public_f":0,"gr10_public_e":1,"gr10_private":1,"gr11s_public_f":0,"gr11s_public_e":1,"gr11s_private":1,"gr11e_public_f":0,"gr11e_public_e":1,"gr11e_private":0,"gr12sg_public_f":0,"gr12sg_public_e":0,"gr12sg_private":0,"gr12se_public_f":0,"gr12se_public_e":1,"gr12se_private":0,"gr12lh_public_f":"false","gr12lh_public_e":0,"gr12lh_private":"false","gr12sv_public_f":0,"gr12sv_public_e":0,"gr12sv_private":0,"tvet_public":5,"tvet_private":0,"uni":4,"syrians":0,"oosc":16,"teachers":1,"bath_hygiene":"good","playground":"good","corridor":"good","rooms_hygiene":"good","Is_waste_collected":"true","Collection_frequency":"daily","construction":"false","yes_construction":null,"unified_authority":null,"documentation":null,"check_all":"false","Comments":"false","comments2":"الوزاني الخيام وطى الخيام عين عرب صور الحرش الشيخ حبيب","age0_6_months":0,"age6_12_months":1,"f_age0_6_months":0,"f_age6_12_months":0,"f_ages_1_3":5,"f_age_3_5":2,"f_age_6_12":16,"f_age_13_18":23,"f_age_19_57":39,"f_age_58_above":9,"Female_Headed_Households":0,"lost_kids":0,"chronic_disease":16,"diesel_fuel_tank":"true","count_tanks":5,"capacity_tank":12000,"need_bin":"false","need_bin_240":null,"need_bin_1100":null,"status_2026":"used","gov_cad":"Bekaa","district_cad":"Zahle","cad_name":"Kab Elias","x":35.820272,"y":33.794317},"geometry":{"type":"Point","coordinates":[35.820272,33.794317]}},
{"type":"Feature","properties":{"objectid":1261,"globalid":"7a92a8ff-36fa-49db-8233-984c014fb74c","shelter_name":"مدرسة بعاصير الرسمية","governorate_name":"Mount Lebanon","district_name":"Chouf","villages":"Baasir","lat_calc":33.658505,"long_calc":35.447153,"loc_calc":"33.658505 35.447153","structure_type":"School","structure_type_other":null,"cerd_number":294,"ministry_name":null,"ACS":23255,"P_Code":"23255_001","focal":"محمود أبو صالح","nb":3200128,"mosa_focal":"امل غزيل","mosa_focal_phone":71325550,"mehe_focal":"محمود ابو صالح","mehe_focalnb":"3200128","type_private_public":"public","other_specifyy":null,"status":"full","notes":null,"sourcee":"ministry","displaced_cas_code":23255,"phases":null,"nb_idps":92,"nb_families":24,"capacity":200,"male":95,"female":106,"age_0_1":1,"ages_1_3":3,"age_3_5":3,"age_6_12":10,"age_13_18":10,"age_19_57":60,"age_58_above":6,"disabilities_pregnant":null,"pregnant_women":3,"heating_disability":null,"visual_disability":0,"physical_disability":5,"interllectual_disability":null,"CreationDate":"2026-03-05T14:40:11","Creator":"Data.Collection.2","EditDate":"2026-09-01T06:56:35","Editor":"EOR.CHOUF","lactating_women":0,"hearing_disability":0,"mental_disability":2,"DONT_ADD":"true","old_global_id":null,"floorsnum":2,"totalrooms":21,"occ_rooms":21,"free_spaces":0,"free_rooms":0,"kitchen_found":"false","kitchen_found2":null,"type_meal":null,"toilets_male":8,"toilets_female":4,"toilets_not_used_male":0,"toilets_not_used_female":0,"water_source":"شراء","elec_source":"اشتراك-دولة","bathtub_male":8,"bathtub_female":4,"generator":"true","generator_kva":250,"water_tank":32,"water_tank_capacity":80,"water_heater":4,"ac":0,"firedistinguisher":0,"first_aid":"false","wheelchair":0,"beds":0,"fridges":0,"washingmachines":2,"kitchen":"false","kids_area":1,"water_available":"false","need_water":80,"who_water":null,"how_water":null,"LAF_Focal":null,"LAF_shelter_name":null,"LAF_Phone_nb":null,"kg1_public_f":1,"kg1_public_e":2,"kg1_private":1,"kg2_public_f":0,"kg2_public_e":0,"kg2_private":0,"kg3_public_f":1,"kg3_public_e":1,"kg3_private":0,"gr1_public_f":0,"gr1_public_e":2,"gr1_private":0,"gr2_public_f":0,"gr2_public_e":2,"gr2_private":1,"gr3_public_f":1,"gr3_public_e":1,"gr3_private":1,"gr4_public_f":0,"gr4_public_e":0,"gr4_private":3,"gr5_public_f":1,"gr5_public_e":1,"gr5_private":1,"gr6_public_f":0,"gr6_public_e":1,"gr6_private":1,"gr7_public_f":1,"gr7_public_e":0,"gr7_private":1,"gr8_public_f":1,"gr8_public_e":1,"gr8_private":0,"gr9_public_f":1,"gr9_public_e":1,"gr9_private":0,"gr10_public_f":0,"gr10_public_e":0,"gr10_private":0,"gr11s_public_f":0,"gr11s_public_e":1,"gr11s_private":0,"gr11e_public_f":0,"gr11e_public_e":0,"gr11e_private":0,"gr12sg_public_f":0,"gr12sg_public_e":1,"gr12sg_private":0,"gr12se_public_f":0,"gr12se_public_e":0,"gr12se_private":0,"gr12lh_public_f":"false","gr12lh_public_e":0,"gr12lh_private":"false","gr12sv_public_f":0,"gr12sv_public_e":0,"gr12sv_private":0,"tvet_public":1,"tvet_private":0,"uni":0,"syrians":0,"oosc":0,"teachers":0,"bath_hygiene":null,"playground":null,"corridor":null,"rooms_hygiene":null,"Is_waste_collected":null,"Collection_frequency":null,"construction":null,"yes_construction":null,"unified_authority":null,"documentation":null,"check_all":null,"Comments":null,"comments2":"MEHE facility","age0_6_months":3,"age6_12_months":0,"f_age0_6_months":0,"f_age6_12_months":1,"f_ages_1_3":4,"f_age_3_5":2,"f_age_6_12":12,"f_age_13_18":13,"f_age_19_57":69,"f_age_58_above":5,"Female_Headed_Households":null,"lost_kids":null,"chronic_disease":null,"diesel_fuel_tank":null,"count_tanks":null,"capacity_tank":null,"need_bin":null,"need_bin_240":null,"need_bin_1100":null,"status_2026":"used","gov_cad":"Mount Lebanon","district_cad":"Chouf","cad_name":"Baassir","x":35.447153,"y":33.658505},"geometry":{"type":"Point","coordinates":[35.447153,33.658505]}},
{"type":"Feature","properties":{"objectid":1267,"globalid":"33f65ce9-ccae-45df-a8bc-36406120c944","shelter_name":"OLAS - مدرسة الكلمة سيدة البشارة رميش","governorate_name":"El Nabatieh","district_name":"Bent Jbeil","villages":"Rmaich","lat_calc":33.07935,"long_calc":35.368008,"loc_calc":"33.07935 35.368008","structure_type":"School","structure_type_other":null,"cerd_number":8199,"ministry_name":null,"ACS":72143,"P_Code":"72143_003","focal":"الاب مارون فغالي ","nb":3027873,"mosa_focal":"لودي سمعان","mosa_focal_phone":71050894,"mehe_focal":null,"mehe_focalnb":null,"type_private_public":"private","other_specifyy":null,"status":"open","notes":null,"sourcee":"field","displaced_cas_code":72167,"phases":null,"nb_idps":7,"nb_families":1,"capacity":23,"male":13,"female":14,"age_0_1":0,"ages_1_3":1,"age_3_5":1,"age_6_12":3,"age_13_18":1,"age_19_57":4,"age_58_above":3,"disabilities_pregnant":null,"pregnant_women":0,"heating_disability":null,"visual_disability":1,"physical_disability":1,"interllectual_disability":null,"CreationDate":"2026-03-05T16:49:35","Creator":"Data.collection.961","EditDate":"2026-09-01T11:46:18","Editor":"EOR.SAIDA","lactating_women":0,"hearing_disability":1,"mental_disability":2,"DONT_ADD":"true","old_global_id":null,"floorsnum":1,"totalrooms":7,"occ_rooms":6,"free_spaces":1,"free_rooms":2,"kitchen_found":"true","kitchen_found2":"true","type_meal":"hot_cold_meal","toilets_male":3,"toilets_female":3,"toilets_not_used_male":null,"toilets_not_used_female":null,"water_source":"بئر ارتوازي في الدير","elec_source":"الطاقة الشمسية و مولد المدرسة","bathtub_male":2,"bathtub_female":2,"generator":"true","generator_kva":63,"water_tank":3,"water_tank_capacity":6000,"water_heater":1,"ac":1,"firedistinguisher":null,"first_aid":"true","wheelchair":0,"beds":1,"fridges":3,"washingmachines":1,"kitchen":"true","kids_area":null,"water_available":"true","need_water":10,"who_water":"دير سيدة البشارة","how_water":"عبر مضخات من البئر الارتوازي","LAF_Focal":null,"LAF_shelter_name":null,"LAF_Phone_nb":null,"kg1_public_f":0,"kg1_public_e":0,"kg1_private":1,"kg2_public_f":0,"kg2_public_e":0,"kg2_private":0,"kg3_public_f":0,"kg3_public_e":0,"kg3_private":1,"gr1_public_f":1,"gr1_public_e":0,"gr1_private":0,"gr2_public_f":0,"gr2_public_e":0,"gr2_private":1,"gr3_public_f":0,"gr3_public_e":0,"gr3_private":1,"gr4_public_f":0,"gr4_public_e":0,"gr4_private":0,"gr5_public_f":1,"gr5_public_e":0,"gr5_private":0,"gr6_public_f":0,"gr6_public_e":0,"gr6_private":0,"gr7_public_f":0,"gr7_public_e":0,"gr7_private":0,"gr8_public_f":0,"gr8_public_e":0,"gr8_private":0,"gr9_public_f":0,"gr9_public_e":0,"gr9_private":0,"gr10_public_f":0,"gr10_public_e":0,"gr10_private":3,"gr11s_public_f":0,"gr11s_public_e":0,"gr11s_private":0,"gr11e_public_f":0,"gr11e_public_e":0,"gr11e_private":0,"gr12sg_public_f":0,"gr12sg_public_e":0,"gr12sg_private":0,"gr12se_public_f":0,"gr12se_public_e":0,"gr12se_private":0,"gr12lh_public_f":"false","gr12lh_public_e":0,"gr12lh_private":"false","gr12sv_public_f":0,"gr12sv_public_e":0,"gr12sv_private":0,"tvet_public":0,"tvet_private":0,"uni":0,"syrians":0,"oosc":0,"teachers":0,"bath_hygiene":"good","playground":"good","corridor":"good","rooms_hygiene":"good","Is_waste_collected":"true","Collection_frequency":"daily","construction":"false","yes_construction":null,"unified_authority":"true","documentation":"true","check_all":null,"Comments":null,"comments2":"القوزح","age0_6_months":0,"age6_12_months":0,"f_age0_6_months":0,"f_age6_12_months":0,"f_ages_1_3":0,"f_age_3_5":2,"f_age_6_12":2,"f_age_13_18":0,"f_age_19_57":7,"f_age_58_above":3,"Female_Headed_Households":1,"lost_kids":0,"chronic_disease":10,"diesel_fuel_tank":null,"count_tanks":null,"capacity_tank":null,"need_bin":null,"need_bin_240":null,"need_bin_1100":null,"status_2026":"used","gov_cad":"El Nabatieh","district_cad":"Bent Jbeil","cad_name":"Aïn-Ebel","x":35.37852616,"y":33.08959289},"geometry":{"type":"Point","coordinates":[35.37852616,33.08959289]}},
{"type":"Feature","properties":{"objectid":1273,"globalid":"50ed492b-41fa-49a3-8135-bb2ae6e83464","shelter_name":"ثانوية المؤرخ جوزيف نعمة دير القمر","governorate_name":"Mount Lebanon","district_name":"Chouf","villages":"Deir el Qamar","lat_calc":33.69618,"long_calc":35.561119,"loc_calc":"33.69618 35.561119","structure_type":"School","structure_type_other":null,"cerd_number":305,"ministry_name":null,"ACS":23413,"P_Code":"23413_001","focal":"المديرة فدى سمير الخوري","nb":3597019,"mosa_focal":"Nisreen Btadini","mosa_focal_phone":71151214,"mehe_focal":"فدى الخوري","mehe_focalnb":"‏٠٣٥٩٧٠١٩","type_private_public":"public","other_specifyy":null,"status":"full","notes":null,"sourcee":"ministry","displaced_cas_code":23413,"phases":null,"nb_idps":45,"nb_families":11,"capacity":100,"male":52,"female":48,"age_0_1":0,"ages_1_3":1,"age_3_5":1,"age_6_12":9,"age_13_18":5,"age_19_57":31,"age_58_above":5,"disabilities_pregnant":null,"pregnant_women":0,"heating_disability":null,"visual_disability":0,"physical_disability":1,"interllectual_disability":null,"CreationDate":"2026-03-05T18:15:36","Creator":"Ramez.Hassan.961","EditDate":"2026-09-01T08:00:52","Editor":"EOR.CHOUF","lactating_women":1,"hearing_disability":0,"mental_disability":1,"DONT_ADD":"true","old_global_id":null,"floorsnum":2,"totalrooms":15,"occ_rooms":13,"free_spaces":null,"free_rooms":2,"kitchen_found":"false","kitchen_found2":null,"type_meal":null,"toilets_male":4,"toilets_female":4,"toilets_not_used_male":0,"toilets_not_used_female":0,"water_source":"الشبكة العامة و بئر ارتوازي","elec_source":"طاقة شمسية","bathtub_male":1,"bathtub_female":1,"generator":"true","generator_kva":0,"water_tank":5,"water_tank_capacity":2000,"water_heater":2,"ac":0,"firedistinguisher":2,"first_aid":"false","wheelchair":0,"beds":0,"fridges":0,"washingmachines":1,"kitchen":"false","kids_area":1,"water_available":"false","need_water":10,"who_water":null,"how_water":null,"LAF_Focal":null,"LAF_shelter_name":null,"LAF_Phone_nb":null,"kg1_public_f":null,"kg1_public_e":null,"kg1_private":null,"kg2_public_f":null,"kg2_public_e":null,"kg2_private":null,"kg3_public_f":null,"kg3_public_e":null,"kg3_private":null,"gr1_public_f":null,"gr1_public_e":null,"gr1_private":null,"gr2_public_f":null,"gr2_public_e":null,"gr2_private":null,"gr3_public_f":null,"gr3_public_e":null,"gr3_private":null,"gr4_public_f":null,"gr4_public_e":null,"gr4_private":null,"gr5_public_f":null,"gr5_public_e":null,"gr5_private":null,"gr6_public_f":null,"gr6_public_e":null,"gr6_private":null,"gr7_public_f":null,"gr7_public_e":null,"gr7_private":null,"gr8_public_f":null,"gr8_public_e":null,"gr8_private":null,"gr9_public_f":null,"gr9_public_e":null,"gr9_private":null,"gr10_public_f":null,"gr10_public_e":null,"gr10_private":null,"gr11s_public_f":null,"gr11s_public_e":null,"gr11s_private":null,"gr11e_public_f":null,"gr11e_public_e":null,"gr11e_private":null,"gr12sg_public_f":null,"gr12sg_public_e":null,"gr12sg_private":null,"gr12se_public_f":null,"gr12se_public_e":null,"gr12se_private":null,"gr12lh_public_f":null,"gr12lh_public_e":null,"gr12lh_private":null,"gr12sv_public_f":null,"gr12sv_public_e":null,"gr12sv_private":null,"tvet_public":null,"tvet_private":null,"uni":null,"syrians":null,"oosc":null,"teachers":null,"bath_hygiene":null,"playground":null,"corridor":null,"rooms_hygiene":null,"Is_waste_collected":null,"Collection_frequency":null,"construction":null,"yes_construction":null,"unified_authority":null,"documentation":null,"check_all":null,"Comments":null,"comments2":null,"age0_6_months":0,"age6_12_months":0,"f_age0_6_months":0,"f_age6_12_months":0,"f_ages_1_3":2,"f_age_3_5":0,"f_age_6_12":4,"f_age_13_18":7,"f_age_19_57":30,"f_age_58_above":5,"Female_Headed_Households":null,"lost_kids":null,"chronic_disease":null,"diesel_fuel_tank":null,"count_tanks":null,"capacity_tank":null,"need_bin":null,"need_bin_240":null,"need_bin_1100":null,"status_2026":"used","gov_cad":"Mount Lebanon","district_cad":"Chouf","cad_name":"Deir El-Kamar","x":35.561119,"y":33.69618},"geometry":{"type":"Point","coordinates":[35.561119,33.69618]}},
{"type":"Feature","properties":{"objectid":1291,"globalid":"ab814695-d7ae-47e8-bc14-64d141dac973","shelter_name":"ابتدائية مرج الزهور الرسمية","governorate_name":"El Nabatieh","district_name":"Hasbaya","villages":"Marj Ez Zouhour Dnaibe","lat_calc":33.465444,"long_calc":35.744361,"loc_calc":"33.465444 35.744361","structure_type":"School","structure_type_other":null,"cerd_number":1187,"ministry_name":null,"ACS":74131,"P_Code":"74131_003","focal":"سليمان أبو سعد","nb":71527004,"mosa_focal":"سليمان أبو سعد","mosa_focal_phone":71527004,"mehe_focal":null,"mehe_focalnb":null,"type_private_public":"public","other_specifyy":null,"status":"full","notes":null,"sourcee":"ministry","displaced_cas_code":74131,"phases":null,"nb_idps":29,"nb_families":8,"capacity":29,"male":6,"female":3,"age_0_1":0,"ages_1_3":0,"age_3_5":0,"age_6_12":1,"age_13_18":0,"age_19_57":4,"age_58_above":1,"disabilities_pregnant":null,"pregnant_women":0,"heating_disability":null,"visual_disability":0,"physical_disability":0,"interllectual_disability":null,"CreationDate":"2026-03-05T21:29:44","Creator":"Data.Collection.2","EditDate":"2026-09-01T11:53:37","Editor":"EOR.SAIDA","lactating_women":0,"hearing_disability":0,"mental_disability":0,"DONT_ADD":"true","old_global_id":null,"floorsnum":3,"totalrooms":24,"occ_rooms":23,"free_spaces":1,"free_rooms":0,"kitchen_found":"true","kitchen_found2":"false","type_meal":null,"toilets_male":4,"toilets_female":4,"toilets_not_used_male":5,"toilets_not_used_female":4,"water_source":"الدفاع المدني و جمعية ACF","elec_source":"كهرباء بلدية مرج الزهور","bathtub_male":4,"bathtub_female":4,"generator":"true","generator_kva":0,"water_tank":5,"water_tank_capacity":8000,"water_heater":17,"ac":null,"firedistinguisher":0,"first_aid":"false","wheelchair":0,"beds":0,"fridges":0,"washingmachines":0,"kitchen":"false","kids_area":2,"water_available":"true","need_water":10,"who_water":"جمعية ACF","how_water":"مضخ من خزانات التعبئة الى خزانات السطح","LAF_Focal":null,"LAF_shelter_name":null,"LAF_Phone_nb":null,"kg1_public_f":0,"kg1_public_e":0,"kg1_private":0,"kg2_public_f":0,"kg2_public_e":1,"kg2_private":0,"kg3_public_f":0,"kg3_public_e":0,"kg3_private":0,"gr1_public_f":0,"gr1_public_e":1,"gr1_private":0,"gr2_public_f":0,"gr2_public_e":1,"gr2_private":0,"gr3_public_f":0,"gr3_public_e":0,"gr3_private":0,"gr4_public_f":0,"gr4_public_e":0,"gr4_private":0,"gr5_public_f":0,"gr5_public_e":1,"gr5_private":0,"gr6_public_f":0,"gr6_public_e":1,"gr6_private":0,"gr7_public_f":0,"gr7_public_e":0,"gr7_private":0,"gr8_public_f":0,"gr8_public_e":1,"gr8_private":0,"gr9_public_f":0,"gr9_public_e":1,"gr9_private":0,"gr10_public_f":1,"gr10_public_e":0,"gr10_private":0,"gr11s_public_f":0,"gr11s_public_e":0,"gr11s_private":0,"gr11e_public_f":0,"gr11e_public_e":0,"gr11e_private":0,"gr12sg_public_f":0,"gr12sg_public_e":0,"gr12sg_private":0,"gr12se_public_f":0,"gr12se_public_e":0,"gr12se_private":0,"gr12lh_public_f":"false","gr12lh_public_e":0,"gr12lh_private":"false","gr12sv_public_f":0,"gr12sv_public_e":0,"gr12sv_private":0,"tvet_public":3,"tvet_private":0,"uni":3,"syrians":0,"oosc":0,"teachers":0,"bath_hygiene":null,"playground":null,"corridor":null,"rooms_hygiene":null,"Is_waste_collected":null,"Collection_frequency":null,"construction":"false","yes_construction":null,"unified_authority":null,"documentation":null,"check_all":"false","Comments":"true","comments2":"MEHE facility","age0_6_months":0,"age6_12_months":0,"f_age0_6_months":0,"f_age6_12_months":0,"f_ages_1_3":0,"f_age_3_5":0,"f_age_6_12":1,"f_age_13_18":0,"f_age_19_57":1,"f_age_58_above":1,"Female_Headed_Households":0,"lost_kids":0,"chronic_disease":0,"diesel_fuel_tank":null,"count_tanks":null,"capacity_tank":null,"need_bin":null,"need_bin_240":null,"need_bin_1100":null,"status_2026":"used","gov_cad":"El Nabatieh","district_cad":"Hasbaya","cad_name":"Marj Ez-Zouhour (Haouch El-Qinnaabé)","x":35.744361,"y":33.465444},"geometry":{"type":"Point","coordinates":[35.744361,33.465444]}},
{"type":"Feature","properties":{"objectid":1307,"globalid":"04b09824-702b-40de-b9c6-d98a1fb4cc6a","shelter_name":"مركز الحزب الشيوعي","governorate_name":"Mount Lebanon","district_name":"Chouf","villages":"Barja","lat_calc":33.649664,"long_calc":35.441761,"loc_calc":"33.649664 35.441761","structure_type":"political_party","structure_type_other":null,"cerd_number":null,"ministry_name":null,"ACS":23251,"P_Code":"23251_026","focal":"ميلاد لمع","nb":70636061,"mosa_focal":null,"mosa_focal_phone":null,"mehe_focal":null,"mehe_focalnb":null,"type_private_public":"private","other_specifyy":null,"status":"full","notes":null,"sourcee":"field","displaced_cas_code":23251,"phases":null,"nb_idps":19,"nb_families":5,"capacity":26,"male":13,"female":13,"age_0_1":0,"ages_1_3":0,"age_3_5":0,"age_6_12":0,"age_13_18":4,"age_19_57":5,"age_58_above":4,"disabilities_pregnant":null,"pregnant_women":0,"heating_disability":null,"visual_disability":0,"physical_disability":0,"interllectual_disability":null,"CreationDate":"2026-03-05T22:49:06","Creator":"Ramez.Hassan.961","EditDate":"2026-08-16T14:56:09","Editor":"EOR.CHOUF","lactating_women":0,"hearing_disability":0,"mental_disability":0,"DONT_ADD":"true","old_global_id":null,"floorsnum":1,"totalrooms":7,"occ_rooms":7,"free_spaces":0,"free_rooms":0,"kitchen_found":"true","kitchen_found2":"true","type_meal":"hot_meal","toilets_male":1,"toilets_female":1,"toilets_not_used_male":0,"toilets_not_used_female":0,"water_source":"صهريج","elec_source":"اشتراك مولد","bathtub_male":1,"bathtub_female":1,"generator":"false","generator_kva":null,"water_tank":2,"water_tank_capacity":20,"water_heater":1,"ac":0,"firedistinguisher":0,"first_aid":"false","wheelchair":0,"beds":0,"fridges":0,"washingmachines":1,"kitchen":"true","kids_area":0,"water_available":"false","need_water":20,"who_water":null,"how_water":null,"LAF_Focal":null,"LAF_shelter_name":null,"LAF_Phone_nb":null,"kg1_public_f":0,"kg1_public_e":0,"kg1_private":0,"kg2_public_f":0,"kg2_public_e":0,"kg2_private":0,"kg3_public_f":0,"kg3_public_e":0,"kg3_private":0,"gr1_public_f":0,"gr1_public_e":0,"gr1_private":0,"gr2_public_f":0,"gr2_public_e":0,"gr2_private":0,"gr3_public_f":0,"gr3_public_e":0,"gr3_private":0,"gr4_public_f":0,"gr4_public_e":0,"gr4_private":0,"gr5_public_f":0,"gr5_public_e":0,"gr5_private":0,"gr6_public_f":0,"gr6_public_e":0,"gr6_private":0,"gr7_public_f":0,"gr7_public_e":0,"gr7_private":0,"gr8_public_f":0,"gr8_public_e":1,"gr8_private":0,"gr9_public_f":0,"gr9_public_e":0,"gr9_private":0,"gr10_public_f":0,"gr10_public_e":0,"gr10_private":0,"gr11s_public_f":0,"gr11s_public_e":0,"gr11s_private":0,"gr11e_public_f":0,"gr11e_public_e":0,"gr11e_private":0,"gr12sg_public_f":0,"gr12sg_public_e":0,"gr12sg_private":0,"gr12se_public_f":0,"gr12se_public_e":0,"gr12se_private":0,"gr12lh_public_f":"false","gr12lh_public_e":0,"gr12lh_private":"false","gr12sv_public_f":0,"gr12sv_public_e":1,"gr12sv_private":0,"tvet_public":3,"tvet_private":0,"uni":2,"syrians":0,"oosc":0,"teachers":0,"bath_hygiene":null,"playground":null,"corridor":null,"rooms_hygiene":null,"Is_waste_collected":null,"Collection_frequency":null,"construction":null,"yes_construction":null,"unified_authority":null,"documentation":null,"check_all":null,"Comments":null,"comments2":null,"age0_6_months":0,"age6_12_months":0,"f_age0_6_months":0,"f_age6_12_months":0,"f_ages_1_3":0,"f_age_3_5":0,"f_age_6_12":0,"f_age_13_18":2,"f_age_19_57":8,"f_age_58_above":3,"Female_Headed_Households":null,"lost_kids":null,"chronic_disease":null,"diesel_fuel_tank":null,"count_tanks":null,"capacity_tank":null,"need_bin":null,"need_bin_240":null,"need_bin_1100":null,"status_2026":"used","gov_cad":"Mount Lebanon","district_cad":"Chouf","cad_name":"Barja","x":35.441761,"y":33.649664},"geometry":{"type":"Point","coordinates":[35.441761,33.649664]}},
{"type":"Feature","properties":{"objectid":1321,"globalid":"3ae0502b-d660-49f2-b40e-b6afefdd37c6","shelter_name":"مدرسة الريان","governorate_name":"Mount Lebanon","district_name":"Chouf","villages":"Jiye","lat_calc":33.667442,"long_calc":35.425083,"loc_calc":"33.667442 35.425083","structure_type":"School","structure_type_other":null,"cerd_number":8376,"ministry_name":null,"ACS":23267,"P_Code":"23267_003","focal":"zahraa barakat","nb":71479103,"mosa_focal":"هبة سعد","mosa_focal_phone":3431663,"mehe_focal":"عبير الحاج","mehe_focalnb":"76550822","type_private_public":"private","other_specifyy":null,"status":"full","notes":null,"sourcee":"ministry","displaced_cas_code":23267,"phases":null,"nb_idps":141,"nb_families":40,"capacity":198,"male":132,"female":175,"age_0_1":4,"ages_1_3":5,"age_3_5":10,"age_6_12":17,"age_13_18":15,"age_19_57":66,"age_58_above":14,"disabilities_pregnant":null,"pregnant_women":2,"heating_disability":null,"visual_disability":0,"physical_disability":0,"interllectual_disability":null,"CreationDate":"2026-03-05T22:49:06","Creator":"Ramez.Hassan.961","EditDate":"2026-08-27T07:00:53","Editor":"EOR.CHOUF","lactating_women":5,"hearing_disability":0,"mental_disability":0,"DONT_ADD":"true","old_global_id":null,"floorsnum":4,"totalrooms":23,"occ_rooms":22,"free_spaces":1,"free_rooms":0,"kitchen_found":"false","kitchen_found2":null,"type_meal":null,"toilets_male":2,"toilets_female":3,"toilets_not_used_male":1,"toilets_not_used_female":0,"water_source":"بير المقام","elec_source":"اشتراك-كهرباء دولة","bathtub_male":1,"bathtub_female":1,"generator":"false","generator_kva":null,"water_tank":2,"water_tank_capacity":4000,"water_heater":0,"ac":0,"firedistinguisher":0,"first_aid":"false","wheelchair":0,"beds":0,"fridges":0,"washingmachines":0,"kitchen":"false","kids_area":1,"water_available":"false","need_water":40,"who_water":null,"how_water":null,"LAF_Focal":null,"LAF_shelter_name":null,"LAF_Phone_nb":null,"kg1_public_f":0,"kg1_public_e":2,"kg1_private":0,"kg2_public_f":0,"kg2_public_e":4,"kg2_private":1,"kg3_public_f":0,"kg3_public_e":3,"kg3_private":1,"gr1_public_f":0,"gr1_public_e":4,"gr1_private":1,"gr2_public_f":0,"gr2_public_e":6,"gr2_private":4,"gr3_public_f":0,"gr3_public_e":4,"gr3_private":0,"gr4_public_f":0,"gr4_public_e":4,"gr4_private":1,"gr5_public_f":0,"gr5_public_e":6,"gr5_private":1,"gr6_public_f":0,"gr6_public_e":4,"gr6_private":1,"gr7_public_f":0,"gr7_public_e":3,"gr7_private":1,"gr8_public_f":0,"gr8_public_e":1,"gr8_private":1,"gr9_public_f":0,"gr9_public_e":1,"gr9_private":1,"gr10_public_f":0,"gr10_public_e":4,"gr10_private":1,"gr11s_public_f":0,"gr11s_public_e":0,"gr11s_private":1,"gr11e_public_f":0,"gr11e_public_e":0,"gr11e_private":0,"gr12sg_public_f":0,"gr12sg_public_e":0,"gr12sg_private":0,"gr12se_public_f":0,"gr12se_public_e":0,"gr12se_private":0,"gr12lh_public_f":"false","gr12lh_public_e":0,"gr12lh_private":"false","gr12sv_public_f":0,"gr12sv_public_e":1,"gr12sv_private":0,"tvet_public":0,"tvet_private":2,"uni":1,"syrians":0,"oosc":2,"teachers":1,"bath_hygiene":null,"playground":null,"corridor":null,"rooms_hygiene":null,"Is_waste_collected":null,"Collection_frequency":null,"construction":null,"yes_construction":null,"unified_authority":null,"documentation":null,"check_all":null,"Comments":null,"comments2":null,"age0_6_months":0,"age6_12_months":5,"f_age0_6_months":0,"f_age6_12_months":1,"f_ages_1_3":3,"f_age_3_5":9,"f_age_6_12":35,"f_age_13_18":23,"f_age_19_57":93,"f_age_58_above":11,"Female_Headed_Households":null,"lost_kids":null,"chronic_disease":null,"diesel_fuel_tank":null,"count_tanks":null,"capacity_tank":null,"need_bin":null,"need_bin_240":null,"need_bin_1100":null,"status_2026":"used","gov_cad":"Mount Lebanon","district_cad":"Chouf","cad_name":"El Jiyeh","x":35.425083,"y":33.667442},"geometry":{"type":"Point","coordinates":[35.425083,33.667442]}},
{"type":"Feature","properties":{"objectid":1322,"globalid":"0d67aa21-c326-4127-bfab-ed0cc6ea6f02","shelter_name":"مركز المبادرة و التنمية","governorate_name":"Mount Lebanon","district_name":"Chouf","villages":"Barja","lat_calc":33.649664,"long_calc":35.441761,"loc_calc":"33.649664 35.441761","structure_type":"organization","structure_type_other":null,"cerd_number":null,"ministry_name":null,"ACS":23251,"P_Code":"23251_024","focal":"hani al Hajj","nb":71425129,"mosa_focal":null,"mosa_focal_phone":null,"mehe_focal":null,"mehe_focalnb":null,"type_private_public":"private","other_specifyy":null,"status":"full","notes":null,"sourcee":"field","displaced_cas_code":23251,"phases":null,"nb_idps":41,"nb_families":13,"capacity":108,"male":52,"female":56,"age_0_1":3,"ages_1_3":3,"age_3_5":2,"age_6_12":8,"age_13_18":7,"age_19_57":27,"age_58_above":5,"disabilities_pregnant":null,"pregnant_women":0,"heating_disability":null,"visual_disability":0,"physical_disability":1,"interllectual_disability":null,"CreationDate":"2026-03-05T22:49:06","Creator":"Ramez.Hassan.961","EditDate":"2026-08-30T07:01:50","Editor":"EOR.CHOUF","lactating_women":0,"hearing_disability":0,"mental_disability":1,"DONT_ADD":"true","old_global_id":null,"floorsnum":2,"totalrooms":18,"occ_rooms":18,"free_spaces":0,"free_rooms":0,"kitchen_found":"false","kitchen_found2":null,"type_meal":null,"toilets_male":0,"toilets_female":0,"toilets_not_used_male":0,"toilets_not_used_female":0,"water_source":"فاعل خير - بئر","elec_source":"دولة فقط","bathtub_male":0,"bathtub_female":0,"generator":"true","generator_kva":null,"water_tank":3,"water_tank_capacity":60,"water_heater":2,"ac":28,"firedistinguisher":0,"first_aid":"true","wheelchair":0,"beds":0,"fridges":0,"washingmachines":2,"kitchen":"true","kids_area":1,"water_available":"false","need_water":60,"who_water":null,"how_water":null,"LAF_Focal":null,"LAF_shelter_name":null,"LAF_Phone_nb":null,"kg1_public_f":0,"kg1_public_e":0,"kg1_private":0,"kg2_public_f":0,"kg2_public_e":0,"kg2_private":0,"kg3_public_f":0,"kg3_public_e":1,"kg3_private":1,"gr1_public_f":0,"gr1_public_e":1,"gr1_private":1,"gr2_public_f":0,"gr2_public_e":1,"gr2_private":0,"gr3_public_f":0,"gr3_public_e":1,"gr3_private":2,"gr4_public_f":1,"gr4_public_e":2,"gr4_private":1,"gr5_public_f":1,"gr5_public_e":1,"gr5_private":1,"gr6_public_f":0,"gr6_public_e":1,"gr6_private":1,"gr7_public_f":1,"gr7_public_e":4,"gr7_private":0,"gr8_public_f":0,"gr8_public_e":0,"gr8_private":1,"gr9_public_f":0,"gr9_public_e":2,"gr9_private":1,"gr10_public_f":1,"gr10_public_e":1,"gr10_private":0,"gr11s_public_f":1,"gr11s_public_e":1,"gr11s_private":0,"gr11e_public_f":0,"gr11e_public_e":0,"gr11e_private":0,"gr12sg_public_f":0,"gr12sg_public_e":0,"gr12sg_private":0,"gr12se_public_f":0,"gr12se_public_e":0,"gr12se_private":0,"gr12lh_public_f":"false","gr12lh_public_e":0,"gr12lh_private":"false","gr12sv_public_f":0,"gr12sv_public_e":0,"gr12sv_private":0,"tvet_public":4,"tvet_private":2,"uni":4,"syrians":0,"oosc":10,"teachers":1,"bath_hygiene":null,"playground":null,"corridor":null,"rooms_hygiene":null,"Is_waste_collected":null,"Collection_frequency":null,"construction":null,"yes_construction":null,"unified_authority":null,"documentation":null,"check_all":null,"Comments":"false","comments2":null,"age0_6_months":0,"age6_12_months":0,"f_age0_6_months":0,"f_age6_12_months":1,"f_ages_1_3":5,"f_age_3_5":3,"f_age_6_12":6,"f_age_13_18":9,"f_age_19_57":28,"f_age_58_above":4,"Female_Headed_Households":null,"lost_kids":null,"chronic_disease":null,"diesel_fuel_tank":null,"count_tanks":null,"capacity_tank":null,"need_bin":null,"need_bin_240":null,"need_bin_1100":null,"status_2026":"used","gov_cad":"Mount Lebanon","district_cad":"Chouf","cad_name":"Barja","x":35.441761,"y":33.649664},"geometry":{"type":"Point","coordinates":[35.441761,33.649664]}},
{"type":"Feature","properties":{"objectid":1324,"globalid":"cc6e76ea-9ae6-4e62-81bb-62436b6c3e20","shelter_name":"جامع طريلة","governorate_name":"Mount Lebanon","district_name":"Chouf","villages":"Daraiya","lat_calc":33.639972,"long_calc":35.505492,"loc_calc":"33.639972 35.505492","structure_type":"religiou_place","structure_type_other":null,"cerd_number":null,"ministry_name":null,"ACS":23227,"P_Code":"23227_006","focal":"صونيا بصبوص","nb":79133644,"mosa_focal":null,"mosa_focal_phone":null,"mehe_focal":null,"mehe_focalnb":null,"type_private_public":"private","other_specifyy":null,"status":"full","notes":null,"sourcee":"field","displaced_cas_code":23227,"phases":null,"nb_idps":5,"nb_families":2,"capacity":30,"male":0,"female":0,"age_0_1":1,"ages_1_3":0,"age_3_5":0,"age_6_12":0,"age_13_18":0,"age_19_57":0,"age_58_above":0,"disabilities_pregnant":null,"pregnant_women":0,"heating_disability":null,"visual_disability":0,"physical_disability":1,"interllectual_disability":null,"CreationDate":"2026-03-05T22:49:06","Creator":"Ramez.Hassan.961","EditDate":"2026-08-21T07:20:57","Editor":"EOR.CHOUF","lactating_women":1,"hearing_disability":1,"mental_disability":0,"DONT_ADD":"true","old_global_id":null,"floorsnum":1,"totalrooms":6,"occ_rooms":6,"free_spaces":0,"free_rooms":0,"kitchen_found":"true","kitchen_found2":"false","type_meal":null,"toilets_male":1,"toilets_female":1,"toilets_not_used_male":0,"toilets_not_used_female":0,"water_source":"اشتراك","elec_source":"اشتراك+ موتير","bathtub_male":1,"bathtub_female":1,"generator":"true","generator_kva":30,"water_tank":2,"water_tank_capacity":20,"water_heater":1,"ac":0,"firedistinguisher":0,"first_aid":"true","wheelchair":1,"beds":0,"fridges":0,"washingmachines":1,"kitchen":"false","kids_area":1,"water_available":"false","need_water":4000,"who_water":null,"how_water":null,"LAF_Focal":null,"LAF_shelter_name":null,"LAF_Phone_nb":null,"kg1_public_f":null,"kg1_public_e":null,"kg1_private":null,"kg2_public_f":null,"kg2_public_e":null,"kg2_private":null,"kg3_public_f":null,"kg3_public_e":null,"kg3_private":null,"gr1_public_f":null,"gr1_public_e":null,"gr1_private":null,"gr2_public_f":null,"gr2_public_e":null,"gr2_private":null,"gr3_public_f":null,"gr3_public_e":null,"gr3_private":null,"gr4_public_f":null,"gr4_public_e":null,"gr4_private":null,"gr5_public_f":null,"gr5_public_e":null,"gr5_private":null,"gr6_public_f":null,"gr6_public_e":null,"gr6_private":null,"gr7_public_f":null,"gr7_public_e":null,"gr7_private":null,"gr8_public_f":null,"gr8_public_e":null,"gr8_private":null,"gr9_public_f":null,"gr9_public_e":null,"gr9_private":null,"gr10_public_f":null,"gr10_public_e":null,"gr10_private":null,"gr11s_public_f":null,"gr11s_public_e":null,"gr11s_private":null,"gr11e_public_f":null,"gr11e_public_e":null,"gr11e_private":null,"gr12sg_public_f":null,"gr12sg_public_e":null,"gr12sg_private":null,"gr12se_public_f":null,"gr12se_public_e":null,"gr12se_private":null,"gr12lh_public_f":null,"gr12lh_public_e":null,"gr12lh_private":null,"gr12sv_public_f":null,"gr12sv_public_e":null,"gr12sv_private":null,"tvet_public":null,"tvet_private":null,"uni":null,"syrians":null,"oosc":null,"teachers":null,"bath_hygiene":null,"playground":null,"corridor":null,"rooms_hygiene":null,"Is_waste_collected":null,"Collection_frequency":null,"construction":null,"yes_construction":null,"unified_authority":null,"documentation":null,"check_all":null,"Comments":null,"comments2":null,"age0_6_months":0,"age6_12_months":0,"f_age0_6_months":0,"f_age6_12_months":0,"f_ages_1_3":0,"f_age_3_5":0,"f_age_6_12":0,"f_age_13_18":0,"f_age_19_57":0,"f_age_58_above":0,"Female_Headed_Households":null,"lost_kids":null,"chronic_disease":null,"diesel_fuel_tank":"true","count_tanks":null,"capacity_tank":1200,"need_bin":null,"need_bin_240":null,"need_bin_1100":null,"status_2026":"used","gov_cad":"Mount Lebanon","district_cad":"Chouf","cad_name":"Daraya","x":35.505492,"y":33.639972},"geometry":{"type":"Point","coordinates":[35.505492,33.639972]}},
{"type":"Feature","properties":{"objectid":1383,"globalid":"7eac6b16-c27d-4ab4-bd35-77c530dae639","shelter_name":"الحسينية بزيزا","governorate_name":"North","district_name":"El Koura","villages":"Bziza","lat_calc":34.272783,"long_calc":35.820005,"loc_calc":"34.272783 35.820005","structure_type":"religiou_place","structure_type_other":null,"cerd_number":null,"ministry_name":null,"ACS":32121,"P_Code":"32121_002","focal":"وسام مسلم","nb":71799799,"mosa_focal":null,"mosa_focal_phone":null,"mehe_focal":"وسام مسلم","mehe_focalnb":"71799799","type_private_public":"private","other_specifyy":null,"status":"full","notes":null,"sourcee":"field","displaced_cas_code":32121,"phases":null,"nb_idps":28,"nb_families":8,"capacity":32,"male":11,"female":21,"age_0_1":0,"ages_1_3":0,"age_3_5":1,"age_6_12":0,"age_13_18":3,"age_19_57":5,"age_58_above":2,"disabilities_pregnant":null,"pregnant_women":0,"heating_disability":null,"visual_disability":0,"physical_disability":0,"interllectual_disability":null,"CreationDate":"2026-03-06T21:13:25","Creator":"Ramez.Hassan.961","EditDate":"2026-07-08T05:47:33","Editor":"EOR.NORTH","lactating_women":0,"hearing_disability":0,"mental_disability":0,"DONT_ADD":"true","old_global_id":null,"floorsnum":1,"totalrooms":2,"occ_rooms":2,"free_spaces":0,"free_rooms":0,"kitchen_found":"true","kitchen_found2":"true","type_meal":"hot_cold_meal","toilets_male":1,"toilets_female":1,"toilets_not_used_male":0,"toilets_not_used_female":0,"water_source":"دولة","elec_source":"دولة / اشتراك","bathtub_male":1,"bathtub_female":1,"generator":"false","generator_kva":null,"water_tank":2,"water_tank_capacity":4000,"water_heater":1,"ac":0,"firedistinguisher":0,"first_aid":"false","wheelchair":0,"beds":0,"fridges":1,"washingmachines":0,"kitchen":"true","kids_area":0,"water_available":"true","need_water":15,"who_water":"دولة","how_water":"دولة","LAF_Focal":null,"LAF_shelter_name":null,"LAF_Phone_nb":null,"kg1_public_f":0,"kg1_public_e":0,"kg1_private":1,"kg2_public_f":0,"kg2_public_e":0,"kg2_private":0,"kg3_public_f":0,"kg3_public_e":0,"kg3_private":0,"gr1_public_f":0,"gr1_public_e":0,"gr1_private":1,"gr2_public_f":0,"gr2_public_e":0,"gr2_private":0,"gr3_public_f":0,"gr3_public_e":1,"gr3_private":0,"gr4_public_f":0,"gr4_public_e":0,"gr4_private":0,"gr5_public_f":0,"gr5_public_e":1,"gr5_private":0,"gr6_public_f":0,"gr6_public_e":0,"gr6_private":0,"gr7_public_f":0,"gr7_public_e":1,"gr7_private":0,"gr8_public_f":0,"gr8_public_e":1,"gr8_private":0,"gr9_public_f":0,"gr9_public_e":0,"gr9_private":1,"gr10_public_f":0,"gr10_public_e":0,"gr10_private":0,"gr11s_public_f":0,"gr11s_public_e":0,"gr11s_private":1,"gr11e_public_f":0,"gr11e_public_e":0,"gr11e_private":0,"gr12sg_public_f":0,"gr12sg_public_e":0,"gr12sg_private":0,"gr12se_public_f":0,"gr12se_public_e":0,"gr12se_private":0,"gr12lh_public_f":"false","gr12lh_public_e":0,"gr12lh_private":"false","gr12sv_public_f":0,"gr12sv_public_e":0,"gr12sv_private":0,"tvet_public":2,"tvet_private":0,"uni":0,"syrians":0,"oosc":1,"teachers":0,"bath_hygiene":null,"playground":null,"corridor":null,"rooms_hygiene":null,"Is_waste_collected":null,"Collection_frequency":null,"construction":null,"yes_construction":null,"unified_authority":null,"documentation":null,"check_all":null,"Comments":"false","comments2":"ارنون","age0_6_months":0,"age6_12_months":0,"f_age0_6_months":0,"f_age6_12_months":0,"f_ages_1_3":0,"f_age_3_5":0,"f_age_6_12":3,"f_age_13_18":3,"f_age_19_57":10,"f_age_58_above":5,"Female_Headed_Households":1,"lost_kids":1,"chronic_disease":1,"diesel_fuel_tank":null,"count_tanks":null,"capacity_tank":null,"need_bin":null,"need_bin_240":null,"need_bin_1100":null,"status_2026":"used","gov_cad":"North","district_cad":"El Koura","cad_name":"Bechmezzine","x":35.79686645,"y":34.32382011},"geometry":{"type":"Point","coordinates":[35.79686645,34.32382011]}},
{"type":"Feature","properties":{"objectid":1449,"globalid":"0228bb17-0ac5-4d2a-a834-499e9487fa00","shelter_name":"مدرسة ابتهاج قدوره المتوسطة المختلطة","governorate_name":"Beirut","district_name":"Beirut","villages":"Beirut","lat_calc":33.888167,"long_calc":35.500906,"loc_calc":"33.888167 35.500906","structure_type":"School","structure_type_other":null,"cerd_number":41,"ministry_name":"بتهاج قدوره المتوسطة المختلطة","ACS":10210,"P_Code":"10210_002","focal":"عمر عفيف الجعيد ","nb":3852264,"mosa_focal":"نرجس جواد","mosa_focal_phone":81774797,"mehe_focal":null,"mehe_focalnb":null,"type_private_public":"public","other_specifyy":null,"status":"open","notes":null,"sourcee":"field","displaced_cas_code":10350,"phases":1,"nb_idps":92,"nb_families":26,"capacity":353,"male":26,"female":27,"age_0_1":null,"ages_1_3":0,"age_3_5":6,"age_6_12":5,"age_13_18":4,"age_19_57":5,"age_58_above":6,"disabilities_pregnant":null,"pregnant_women":3,"heating_disability":null,"visual_disability":1,"physical_disability":2,"interllectual_disability":null,"CreationDate":"2026-03-09T06:40:41","Creator":"Ramez.Hassan.961","EditDate":"2026-09-02T08:53:26","Editor":"EOR.BEIRUT","lactating_women":3,"hearing_disability":2,"mental_disability":2,"DONT_ADD":"true","old_global_id":"{1D6AC612-E45F-48A9-9BA9-A7D367CFE337}","floorsnum":4,"totalrooms":44,"occ_rooms":33,"free_spaces":0,"free_rooms":0,"kitchen_found":"true","kitchen_found2":"false","type_meal":null,"toilets_male":7,"toilets_female":10,"toilets_not_used_male":3,"toilets_not_used_female":3,"water_source":"بئر","elec_source":"طاقة شمسية + كهرباء دولة","bathtub_male":0,"bathtub_female":0,"generator":"true","generator_kva":80,"water_tank":0,"water_tank_capacity":0,"water_heater":0,"ac":0,"firedistinguisher":0,"first_aid":"false","wheelchair":0,"beds":0,"fridges":0,"washingmachines":3,"kitchen":"false","kids_area":0,"water_available":"false","need_water":120,"who_water":null,"how_water":null,"LAF_Focal":null,"LAF_shelter_name":null,"LAF_Phone_nb":null,"kg1_public_f":0,"kg1_public_e":0,"kg1_private":0,"kg2_public_f":0,"kg2_public_e":0,"kg2_private":0,"kg3_public_f":0,"kg3_public_e":8,"kg3_private":1,"gr1_public_f":0,"gr1_public_e":8,"gr1_private":0,"gr2_public_f":0,"gr2_public_e":5,"gr2_private":2,"gr3_public_f":0,"gr3_public_e":3,"gr3_private":3,"gr4_public_f":0,"gr4_public_e":9,"gr4_private":1,"gr5_public_f":0,"gr5_public_e":2,"gr5_private":1,"gr6_public_f":2,"gr6_public_e":0,"gr6_private":0,"gr7_public_f":0,"gr7_public_e":5,"gr7_private":0,"gr8_public_f":0,"gr8_public_e":4,"gr8_private":0,"gr9_public_f":0,"gr9_public_e":5,"gr9_private":3,"gr10_public_f":0,"gr10_public_e":3,"gr10_private":1,"gr11s_public_f":0,"gr11s_public_e":0,"gr11s_private":0,"gr11e_public_f":0,"gr11e_public_e":0,"gr11e_private":0,"gr12sg_public_f":0,"gr12sg_public_e":0,"gr12sg_private":0,"gr12se_public_f":0,"gr12se_public_e":1,"gr12se_private":1,"gr12lh_public_f":"false","gr12lh_public_e":0,"gr12lh_private":"false","gr12sv_public_f":1,"gr12sv_public_e":0,"gr12sv_private":0,"tvet_public":2,"tvet_private":2,"uni":9,"syrians":4,"oosc":0,"teachers":2,"bath_hygiene":"good","playground":"good","corridor":"good","rooms_hygiene":"good","Is_waste_collected":"true","Collection_frequency":"daily","construction":"false","yes_construction":null,"unified_authority":"true","documentation":"false","check_all":"false","Comments":null,"comments2":null,"age0_6_months":0,"age6_12_months":0,"f_age0_6_months":0,"f_age6_12_months":1,"f_ages_1_3":0,"f_age_3_5":2,"f_age_6_12":3,"f_age_13_18":6,"f_age_19_57":11,"f_age_58_above":4,"Female_Headed_Households":5,"lost_kids":0,"chronic_disease":73,"diesel_fuel_tank":"true","count_tanks":1,"capacity_tank":4000,"need_bin":"false","need_bin_240":null,"need_bin_1100":null,"status_2026":"used","gov_cad":"Beirut","district_cad":"Beirut","cad_name":"Moussaytbeh","x":35.49136111,"y":33.86797222},"geometry":{"type":"Point","coordinates":[35.49136111,33.86797222]}},
{"type":"Feature","properties":{"objectid":1455,"globalid":"6f2b5c07-39db-4bd1-9ac2-038b96efea20","shelter_name":"مدرسة الليسيه عبد القادر الجديدة ","governorate_name":"Beirut","district_name":"Beirut","villages":"Mar Elias","lat_calc":33.882305,"long_calc":35.491534,"loc_calc":"33.882305 35.491534","structure_type":"School","structure_type_other":null,"cerd_number":null,"ministry_name":"ليسيه عبد القادر","ACS":10210,"P_Code":"10210_037","focal":"عصام درويش","nb":70111518,"mosa_focal":"سعاد منصور","mosa_focal_phone":3941008,"mehe_focal":null,"mehe_focalnb":null,"type_private_public":"private","other_specifyy":null,"status":"open","notes":null,"sourcee":"ministry","displaced_cas_code":10210,"phases":null,"nb_idps":360,"nb_families":86,"capacity":1600,"male":185,"female":175,"age_0_1":19,"ages_1_3":13,"age_3_5":27,"age_6_12":25,"age_13_18":30,"age_19_57":77,"age_58_above":7,"disabilities_pregnant":null,"pregnant_women":5,"heating_disability":null,"visual_disability":6,"physical_disability":12,"interllectual_disability":null,"CreationDate":"2026-03-09T06:40:41","Creator":"Ramez.Hassan.961","EditDate":"2026-09-02T09:08:23","Editor":"EOR.BEIRUT","lactating_women":16,"hearing_disability":2,"mental_disability":4,"DONT_ADD":"true","old_global_id":"{5B6C218C-7366-4EF4-BA56-0E1E6E8AA204}","floorsnum":7,"totalrooms":203,"occ_rooms":203,"free_spaces":203,"free_rooms":0,"kitchen_found":"false","kitchen_found2":null,"type_meal":null,"toilets_male":50,"toilets_female":50,"toilets_not_used_male":0,"toilets_not_used_female":0,"water_source":"بير و مشترى ","elec_source":"مولد كهرباء و كهربة الدولة ","bathtub_male":0,"bathtub_female":0,"generator":"true","generator_kva":10000,"water_tank":12,"water_tank_capacity":114000,"water_heater":4,"ac":0,"firedistinguisher":28,"first_aid":"true","wheelchair":1,"beds":0,"fridges":0,"washingmachines":0,"kitchen":"false","kids_area":2,"water_available":"true","need_water":114000,"who_water":"Water truck","how_water":"Save the children يوم اي يوم لا","LAF_Focal":null,"LAF_shelter_name":null,"LAF_Phone_nb":null,"kg1_public_f":null,"kg1_public_e":null,"kg1_private":null,"kg2_public_f":null,"kg2_public_e":1,"kg2_private":null,"kg3_public_f":null,"kg3_public_e":7,"kg3_private":null,"gr1_public_f":null,"gr1_public_e":17,"gr1_private":null,"gr2_public_f":0,"gr2_public_e":16,"gr2_private":null,"gr3_public_f":null,"gr3_public_e":19,"gr3_private":null,"gr4_public_f":null,"gr4_public_e":14,"gr4_private":null,"gr5_public_f":null,"gr5_public_e":13,"gr5_private":null,"gr6_public_f":null,"gr6_public_e":13,"gr6_private":null,"gr7_public_f":null,"gr7_public_e":13,"gr7_private":null,"gr8_public_f":null,"gr8_public_e":14,"gr8_private":null,"gr9_public_f":null,"gr9_public_e":7,"gr9_private":null,"gr10_public_f":null,"gr10_public_e":19,"gr10_private":null,"gr11s_public_f":null,"gr11s_public_e":null,"gr11s_private":null,"gr11e_public_f":null,"gr11e_public_e":8,"gr11e_private":null,"gr12sg_public_f":null,"gr12sg_public_e":null,"gr12sg_private":null,"gr12se_public_f":null,"gr12se_public_e":5,"gr12se_private":null,"gr12lh_public_f":null,"gr12lh_public_e":null,"gr12lh_private":null,"gr12sv_public_f":null,"gr12sv_public_e":null,"gr12sv_private":null,"tvet_public":null,"tvet_private":null,"uni":null,"syrians":null,"oosc":null,"teachers":0,"bath_hygiene":"fair","playground":"fair","corridor":"fair","rooms_hygiene":"bad","Is_waste_collected":"true","Collection_frequency":"daily","construction":"false","yes_construction":null,"unified_authority":"true","documentation":"true","check_all":"true","Comments":"true","comments2":null,"age0_6_months":1,"age6_12_months":5,"f_age0_6_months":2,"f_age6_12_months":4,"f_ages_1_3":10,"f_age_3_5":7,"f_age_6_12":30,"f_age_13_18":30,"f_age_19_57":90,"f_age_58_above":2,"Female_Headed_Households":0,"lost_kids":0,"chronic_disease":null,"diesel_fuel_tank":"true","count_tanks":1,"capacity_tank":10000,"need_bin":null,"need_bin_240":null,"need_bin_1100":null,"status_2026":"used","gov_cad":"Beirut","district_cad":"Beirut","cad_name":"Zoukak el-Blatt","x":35.49677778,"y":33.89311111},"geometry":{"type":"Point","coordinates":[35.49677778,33.89311111]}},
{"type":"Feature","properties":{"objectid":1457,"globalid":"5c3b9abd-b072-4559-859b-1080602dfc6d","shelter_name":"مدرسة الحكمة كليمنصو","governorate_name":"Beirut","district_name":"Beirut","villages":"Minet el Hosn","lat_calc":33.89963,"long_calc":35.495529,"loc_calc":"33.89963 35.495529","structure_type":"School","structure_type_other":null,"cerd_number":null,"ministry_name":"الحكمة فرع مارالياس -شارع كليمنصو","ACS":10250,"P_Code":"10250_005","focal":"قاسم فنيش","nb":70083621,"mosa_focal":null,"mosa_focal_phone":null,"mehe_focal":null,"mehe_focalnb":null,"type_private_public":"private","other_specifyy":null,"status":"full","notes":"قوى الامن الداخلي ","sourcee":"field","displaced_cas_code":10250,"phases":null,"nb_idps":57,"nb_families":14,"capacity":57,"male":23,"female":34,"age_0_1":null,"ages_1_3":1,"age_3_5":0,"age_6_12":4,"age_13_18":5,"age_19_57":9,"age_58_above":3,"disabilities_pregnant":null,"pregnant_women":null,"heating_disability":null,"visual_disability":null,"physical_disability":null,"interllectual_disability":null,"CreationDate":"2026-03-09T06:40:41","Creator":"Ramez.Hassan.961","EditDate":"2026-09-02T07:25:11","Editor":"EOR.BEIRUT","lactating_women":1,"hearing_disability":null,"mental_disability":1,"DONT_ADD":"true","old_global_id":"{8CEED89F-472F-4E79-A2AD-384158A65C0F}","floorsnum":1,"totalrooms":7,"occ_rooms":7,"free_spaces":null,"free_rooms":null,"kitchen_found":null,"kitchen_found2":null,"type_meal":null,"toilets_male":2,"toilets_female":2,"toilets_not_used_male":2,"toilets_not_used_female":2,"water_source":"من بئر المدرسة","elec_source":"دولة,موتير المدرسة","bathtub_male":2,"bathtub_female":2,"generator":"true","generator_kva":150,"water_tank":0,"water_tank_capacity":null,"water_heater":0,"ac":0,"firedistinguisher":0,"first_aid":"false","wheelchair":0,"beds":0,"fridges":1,"washingmachines":1,"kitchen":"false","kids_area":1,"water_available":null,"need_water":null,"who_water":null,"how_water":null,"LAF_Focal":null,"LAF_shelter_name":null,"LAF_Phone_nb":null,"kg1_public_f":null,"kg1_public_e":null,"kg1_private":1,"kg2_public_f":null,"kg2_public_e":null,"kg2_private":null,"kg3_public_f":null,"kg3_public_e":1,"kg3_private":2,"gr1_public_f":null,"gr1_public_e":1,"gr1_private":null,"gr2_public_f":null,"gr2_public_e":1,"gr2_private":1,"gr3_public_f":null,"gr3_public_e":null,"gr3_private":null,"gr4_public_f":null,"gr4_public_e":1,"gr4_private":1,"gr5_public_f":null,"gr5_public_e":null,"gr5_private":2,"gr6_public_f":null,"gr6_public_e":null,"gr6_private":2,"gr7_public_f":null,"gr7_public_e":null,"gr7_private":null,"gr8_public_f":null,"gr8_public_e":null,"gr8_private":3,"gr9_public_f":null,"gr9_public_e":null,"gr9_private":null,"gr10_public_f":null,"gr10_public_e":null,"gr10_private":1,"gr11s_public_f":null,"gr11s_public_e":null,"gr11s_private":2,"gr11e_public_f":null,"gr11e_public_e":null,"gr11e_private":null,"gr12sg_public_f":null,"gr12sg_public_e":null,"gr12sg_private":null,"gr12se_public_f":null,"gr12se_public_e":1,"gr12se_private":1,"gr12lh_public_f":null,"gr12lh_public_e":null,"gr12lh_private":null,"gr12sv_public_f":null,"gr12sv_public_e":null,"gr12sv_private":null,"tvet_public":null,"tvet_private":null,"uni":3,"syrians":null,"oosc":1,"teachers":null,"bath_hygiene":null,"playground":null,"corridor":null,"rooms_hygiene":null,"Is_waste_collected":null,"Collection_frequency":null,"construction":null,"yes_construction":null,"unified_authority":null,"documentation":null,"check_all":null,"Comments":null,"comments2":"- cotton blankets ناموسيات للحماية من البرغش","age0_6_months":0,"age6_12_months":1,"f_age0_6_months":0,"f_age6_12_months":0,"f_ages_1_3":1,"f_age_3_5":1,"f_age_6_12":8,"f_age_13_18":5,"f_age_19_57":13,"f_age_58_above":6,"Female_Headed_Households":null,"lost_kids":null,"chronic_disease":null,"diesel_fuel_tank":"true","count_tanks":3,"capacity_tank":2000,"need_bin":null,"need_bin_240":null,"need_bin_1100":null,"status_2026":"used","gov_cad":"Beirut","district_cad":"Beirut","cad_name":"Minet el-Hosn","x":35.495,"y":33.89769444},"geometry":{"type":"Point","coordinates":[35.495,33.89769444]}},
{"type":"Feature","properties":{"objectid":1463,"globalid":"b01f1456-e513-45a9-a3f4-62a7a6f7e515","shelter_name":"مدرسة المستقبل الرسمية المختلطة","governorate_name":"Beirut","district_name":"Beirut","villages":"Basta Tahta","lat_calc":33.889023,"long_calc":35.502618,"loc_calc":"33.889023 35.502618","structure_type":"School","structure_type_other":null,"cerd_number":15,"ministry_name":"مدرسة المستقبل الرسمية المختلطة","ACS":10350,"P_Code":"10350_001","focal":"حسين رمال","nb":3696133,"mosa_focal":"زينب محمد قرياني","mosa_focal_phone":70923165,"mehe_focal":"عبير خليفة ","mehe_focalnb":"70725795","type_private_public":"public","other_specifyy":null,"status":"open","notes":null,"sourcee":"field","displaced_cas_code":10350,"phases":null,"nb_idps":211,"nb_families":62,"capacity":350,"male":95,"female":103,"age_0_1":9,"ages_1_3":3,"age_3_5":5,"age_6_12":4,"age_13_18":12,"age_19_57":55,"age_58_above":15,"disabilities_pregnant":null,"pregnant_women":null,"heating_disability":null,"visual_disability":null,"physical_disability":5,"interllectual_disability":null,"CreationDate":"2026-03-09T06:40:41","Creator":"Ramez.Hassan.961","EditDate":"2026-09-01T09:48:03","Editor":"EOR.BEIRUT","lactating_women":null,"hearing_disability":null,"mental_disability":3,"DONT_ADD":"true","old_global_id":"{31FDA8E6-62AC-4BAC-A3EB-66483E2521B7}","floorsnum":3,"totalrooms":31,"occ_rooms":29,"free_spaces":2,"free_rooms":1,"kitchen_found":"true","kitchen_found2":null,"type_meal":null,"toilets_male":5,"toilets_female":8,"toilets_not_used_male":7,"toilets_not_used_female":5,"water_source":"شراء","elec_source":"اشتراك","bathtub_male":2,"bathtub_female":2,"generator":"false","generator_kva":null,"water_tank":8,"water_tank_capacity":20,"water_heater":4,"ac":0,"firedistinguisher":7,"first_aid":"true","wheelchair":3,"beds":1,"fridges":0,"washingmachines":5,"kitchen":"false","kids_area":0,"water_available":"true","need_water":100,"who_water":"Sheild ","how_water":"شراء","LAF_Focal":null,"LAF_shelter_name":null,"LAF_Phone_nb":null,"kg1_public_f":null,"kg1_public_e":6,"kg1_private":1,"kg2_public_f":null,"kg2_public_e":1,"kg2_private":2,"kg3_public_f":null,"kg3_public_e":3,"kg3_private":1,"gr1_public_f":1,"gr1_public_e":5,"gr1_private":2,"gr2_public_f":null,"gr2_public_e":4,"gr2_private":2,"gr3_public_f":null,"gr3_public_e":7,"gr3_private":1,"gr4_public_f":null,"gr4_public_e":3,"gr4_private":null,"gr5_public_f":1,"gr5_public_e":3,"gr5_private":3,"gr6_public_f":null,"gr6_public_e":4,"gr6_private":3,"gr7_public_f":null,"gr7_public_e":2,"gr7_private":2,"gr8_public_f":null,"gr8_public_e":2,"gr8_private":2,"gr9_public_f":1,"gr9_public_e":1,"gr9_private":2,"gr10_public_f":null,"gr10_public_e":3,"gr10_private":null,"gr11s_public_f":null,"gr11s_public_e":2,"gr11s_private":11,"gr11e_public_f":null,"gr11e_public_e":null,"gr11e_private":null,"gr12sg_public_f":null,"gr12sg_public_e":1,"gr12sg_private":1,"gr12se_public_f":null,"gr12se_public_e":null,"gr12se_private":null,"gr12lh_public_f":null,"gr12lh_public_e":null,"gr12lh_private":null,"gr12sv_public_f":null,"gr12sv_public_e":null,"gr12sv_private":null,"tvet_public":4,"tvet_private":4,"uni":8,"syrians":null,"oosc":22,"teachers":null,"bath_hygiene":"fair","playground":"fair","corridor":"bad","rooms_hygiene":"fair","Is_waste_collected":"true","Collection_frequency":"daily","construction":"false","yes_construction":null,"unified_authority":"true","documentation":"true","check_all":"true","Comments":null,"comments2":"diesel tank","age0_6_months":1,"age6_12_months":0,"f_age0_6_months":2,"f_age6_12_months":1,"f_ages_1_3":0,"f_age_3_5":2,"f_age_6_12":9,"f_age_13_18":13,"f_age_19_57":59,"f_age_58_above":17,"Female_Headed_Households":null,"lost_kids":null,"chronic_disease":null,"diesel_fuel_tank":null,"count_tanks":null,"capacity_tank":null,"need_bin":null,"need_bin_240":null,"need_bin_1100":null,"status_2026":"used","gov_cad":"Beirut","district_cad":"Beirut","cad_name":"Bachoura","x":35.501004,"y":33.8894304},"geometry":{"type":"Point","coordinates":[35.501004,33.8894304]}},
{"type":"Feature","properties":{"objectid":1464,"globalid":"8faa753b-9c2d-4986-9c8f-fbc0af21bc51","shelter_name":"ثانوية زاهيه سلمان الرسمية ","governorate_name":"Beirut","district_name":"Beirut","villages":"Beirut","lat_calc":33.888167,"long_calc":35.500906,"loc_calc":"33.888167 35.500906","structure_type":"School","structure_type_other":null,"cerd_number":22,"ministry_name":"انوية زهيه سلمان الرسمية (سابقا وطى المصيطبة)","ACS":10350,"P_Code":"10350_009","focal":"محمد مبارك","nb":3619410,"mosa_focal":"نرجس جواد","mosa_focal_phone":81774797,"mehe_focal":"عصمت ضو","mehe_focalnb":"3700372","type_private_public":"public","other_specifyy":null,"status":"open","notes":null,"sourcee":"field","displaced_cas_code":10350,"phases":null,"nb_idps":173,"nb_families":40,"capacity":340,"male":69,"female":104,"age_0_1":9,"ages_1_3":4,"age_3_5":3,"age_6_12":4,"age_13_18":11,"age_19_57":35,"age_58_above":12,"disabilities_pregnant":null,"pregnant_women":2,"heating_disability":null,"visual_disability":2,"physical_disability":2,"interllectual_disability":null,"CreationDate":"2026-03-09T06:40:41","Creator":"Ramez.Hassan.961","EditDate":"2026-09-01T09:53:06","Editor":"EOR.BEIRUT","lactating_women":6,"hearing_disability":4,"mental_disability":3,"DONT_ADD":"true","old_global_id":"{0B4F218C-3D3B-4872-B0DB-2159014EDF6C}","floorsnum":3,"totalrooms":54,"occ_rooms":54,"free_spaces":0,"free_rooms":0,"kitchen_found":"false","kitchen_found2":null,"type_meal":null,"toilets_male":25,"toilets_female":25,"toilets_not_used_male":0,"toilets_not_used_female":0,"water_source":"بئر ارتوازي","elec_source":"طاقة شمسية + مولد","bathtub_male":0,"bathtub_female":0,"generator":"true","generator_kva":80,"water_tank":16,"water_tank_capacity":80000,"water_heater":0,"ac":0,"firedistinguisher":7,"first_aid":"false","wheelchair":0,"beds":1,"fridges":0,"washingmachines":0,"kitchen":"false","kids_area":0,"water_available":"true","need_water":80000,"who_water":"المدرسة","how_water":"تعبئة وزارة شؤون","LAF_Focal":null,"LAF_shelter_name":null,"LAF_Phone_nb":null,"kg1_public_f":0,"kg1_public_e":0,"kg1_private":0,"kg2_public_f":0,"kg2_public_e":0,"kg2_private":0,"kg3_public_f":0,"kg3_public_e":11,"kg3_private":2,"gr1_public_f":0,"gr1_public_e":9,"gr1_private":2,"gr2_public_f":0,"gr2_public_e":5,"gr2_private":2,"gr3_public_f":0,"gr3_public_e":9,"gr3_private":14,"gr4_public_f":0,"gr4_public_e":5,"gr4_private":5,"gr5_public_f":0,"gr5_public_e":6,"gr5_private":0,"gr6_public_f":0,"gr6_public_e":4,"gr6_private":6,"gr7_public_f":0,"gr7_public_e":2,"gr7_private":2,"gr8_public_f":0,"gr8_public_e":3,"gr8_private":1,"gr9_public_f":0,"gr9_public_e":3,"gr9_private":0,"gr10_public_f":0,"gr10_public_e":2,"gr10_private":0,"gr11s_public_f":0,"gr11s_public_e":4,"gr11s_private":0,"gr11e_public_f":0,"gr11e_public_e":0,"gr11e_private":0,"gr12sg_public_f":0,"gr12sg_public_e":0,"gr12sg_private":0,"gr12se_public_f":0,"gr12se_public_e":4,"gr12se_private":0,"gr12lh_public_f":"false","gr12lh_public_e":0,"gr12lh_private":"false","gr12sv_public_f":0,"gr12sv_public_e":0,"gr12sv_private":0,"tvet_public":0,"tvet_private":0,"uni":0,"syrians":0,"oosc":0,"teachers":0,"bath_hygiene":"good","playground":"good","corridor":"good","rooms_hygiene":"good","Is_waste_collected":"true","Collection_frequency":"daily","construction":"false","yes_construction":null,"unified_authority":null,"documentation":null,"check_all":"true","Comments":null,"comments2":null,"age0_6_months":0,"age6_12_months":0,"f_age0_6_months":0,"f_age6_12_months":0,"f_ages_1_3":2,"f_age_3_5":0,"f_age_6_12":10,"f_age_13_18":15,"f_age_19_57":61,"f_age_58_above":16,"Female_Headed_Households":16,"lost_kids":null,"chronic_disease":null,"diesel_fuel_tank":null,"count_tanks":null,"capacity_tank":null,"need_bin":null,"need_bin_240":null,"need_bin_1100":null,"status_2026":"used","gov_cad":"Beirut","district_cad":"Beirut","cad_name":"Moussaytbeh","x":35.49300906,"y":33.86823235},"geometry":{"type":"Point","coordinates":[35.49300906,33.86823235]}},
{"type":"Feature","properties":{"objectid":1472,"globalid":"9949dcae-9c9f-483d-8bba-f0552b688956","shelter_name":"مدرسة عمر فاخوري الابتدائية الرسمية المختلطة","governorate_name":"Beirut","district_name":"Beirut","villages":"Mar Elias","lat_calc":33.882305,"long_calc":35.491534,"loc_calc":"33.882305 35.491534","structure_type":"School","structure_type_other":null,"cerd_number":1533,"ministry_name":"مدرسة عمر فاخوري الابتدائية الرسمية المختلطة","ACS":10210,"P_Code":"10210_003","focal":"محمد مبارك","nb":3619410,"mosa_focal":"نرجس جواد","mosa_focal_phone":81774797,"mehe_focal":"غيداء علايا","mehe_focalnb":"3759233","type_private_public":"public","other_specifyy":null,"status":"full","notes":null,"sourcee":"ministry","displaced_cas_code":10210,"phases":null,"nb_idps":560,"nb_families":98,"capacity":677,"male":240,"female":320,"age_0_1":6,"ages_1_3":5,"age_3_5":10,"age_6_12":10,"age_13_18":15,"age_19_57":100,"age_58_above":95,"disabilities_pregnant":null,"pregnant_women":2,"heating_disability":null,"visual_disability":0,"physical_disability":3,"interllectual_disability":null,"CreationDate":"2026-03-09T06:40:41","Creator":"Ramez.Hassan.961","EditDate":"2026-09-02T08:58:28","Editor":"EOR.BEIRUT","lactating_women":2,"hearing_disability":0,"mental_disability":2,"DONT_ADD":"true","old_global_id":"{C11BB9B2-4519-4B88-8A42-D215C647BE68}","floorsnum":null,"totalrooms":null,"occ_rooms":null,"free_spaces":null,"free_rooms":null,"kitchen_found":null,"kitchen_found2":null,"type_meal":null,"toilets_male":null,"toilets_female":null,"toilets_not_used_male":null,"toilets_not_used_female":null,"water_source":null,"elec_source":null,"bathtub_male":null,"bathtub_female":null,"generator":null,"generator_kva":null,"water_tank":null,"water_tank_capacity":null,"water_heater":null,"ac":null,"firedistinguisher":null,"first_aid":null,"wheelchair":null,"beds":null,"fridges":null,"washingmachines":null,"kitchen":null,"kids_area":null,"water_available":null,"need_water":null,"who_water":null,"how_water":null,"LAF_Focal":null,"LAF_shelter_name":null,"LAF_Phone_nb":null,"kg1_public_f":0,"kg1_public_e":4,"kg1_private":null,"kg2_public_f":0,"kg2_public_e":2,"kg2_private":0,"kg3_public_f":0,"kg3_public_e":3,"kg3_private":null,"gr1_public_f":2,"gr1_public_e":4,"gr1_private":0,"gr2_public_f":0,"gr2_public_e":2,"gr2_private":0,"gr3_public_f":0,"gr3_public_e":5,"gr3_private":0,"gr4_public_f":0,"gr4_public_e":4,"gr4_private":0,"gr5_public_f":0,"gr5_public_e":7,"gr5_private":0,"gr6_public_f":2,"gr6_public_e":5,"gr6_private":0,"gr7_public_f":0,"gr7_public_e":3,"gr7_private":0,"gr8_public_f":1,"gr8_public_e":2,"gr8_private":0,"gr9_public_f":0,"gr9_public_e":1,"gr9_private":0,"gr10_public_f":0,"gr10_public_e":2,"gr10_private":0,"gr11s_public_f":0,"gr11s_public_e":null,"gr11s_private":0,"gr11e_public_f":0,"gr11e_public_e":null,"gr11e_private":0,"gr12sg_public_f":0,"gr12sg_public_e":null,"gr12sg_private":0,"gr12se_public_f":0,"gr12se_public_e":null,"gr12se_private":0,"gr12lh_public_f":"false","gr12lh_public_e":null,"gr12lh_private":"false","gr12sv_public_f":0,"gr12sv_public_e":2,"gr12sv_private":0,"tvet_public":3,"tvet_private":0,"uni":4,"syrians":0,"oosc":null,"teachers":null,"bath_hygiene":null,"playground":null,"corridor":null,"rooms_hygiene":null,"Is_waste_collected":null,"Collection_frequency":null,"construction":null,"yes_construction":null,"unified_authority":null,"documentation":null,"check_all":null,"Comments":null,"comments2":"diesel fuel to pump the water","age0_6_months":3,"age6_12_months":2,"f_age0_6_months":7,"f_age6_12_months":8,"f_ages_1_3":17,"f_age_3_5":19,"f_age_6_12":39,"f_age_13_18":40,"f_age_19_57":130,"f_age_58_above":60,"Female_Headed_Households":null,"lost_kids":null,"chronic_disease":29,"diesel_fuel_tank":null,"count_tanks":null,"capacity_tank":null,"need_bin":null,"need_bin_240":null,"need_bin_1100":null,"status_2026":"used","gov_cad":"Beirut","district_cad":"Beirut","cad_name":"Moussaytbeh","x":35.49218509,"y":33.86908755},"geometry":{"type":"Point","coordinates":[35.49218509,33.86908755]}},
{"type":"Feature","properties":{"objectid":1476,"globalid":"839a3891-b720-4160-be03-a5fe52a34a40","shelter_name":"مدرسة عمر الزعني المتوسطة الرسمية المختلطة","governorate_name":"Beirut","district_name":"Beirut","villages":"Tariq El Jdide","lat_calc":33.873788,"long_calc":35.502193,"loc_calc":"33.873788 35.502193","structure_type":"School","structure_type_other":null,"cerd_number":1523,"ministry_name":"عمر الزعني المتوسطه الرسميه المختلطة","ACS":10310,"P_Code":"10310_010","focal":"رنا عيتاني","nb":70787565,"mosa_focal":"ريهام قصقص","mosa_focal_phone":71402508,"mehe_focal":"رنا عيتاني","mehe_focalnb":"70787565","type_private_public":"public","other_specifyy":null,"status":"open","notes":"للامن الداخلي فقط ","sourcee":"ministry","displaced_cas_code":10310,"phases":1,"nb_idps":26,"nb_families":6,"capacity":75,"male":12,"female":14,"age_0_1":0,"ages_1_3":2,"age_3_5":0,"age_6_12":1,"age_13_18":3,"age_19_57":6,"age_58_above":0,"disabilities_pregnant":null,"pregnant_women":0,"heating_disability":null,"visual_disability":0,"physical_disability":1,"interllectual_disability":null,"CreationDate":"2026-03-09T06:40:41","Creator":"Ramez.Hassan.961","EditDate":"2026-09-01T08:14:33","Editor":"EOR.BEIRUT","lactating_women":0,"hearing_disability":0,"mental_disability":1,"DONT_ADD":"true","old_global_id":"{8D25CAC5-36F9-4A56-8761-DB2321A2A03C}","floorsnum":1,"totalrooms":9,"occ_rooms":9,"free_spaces":0,"free_rooms":0,"kitchen_found":"false","kitchen_found2":null,"type_meal":null,"toilets_male":6,"toilets_female":6,"toilets_not_used_male":1,"toilets_not_used_female":0,"water_source":"مياه بيروت","elec_source":" شركة كهراء لبنان طاقة شمسية ومولد","bathtub_male":0,"bathtub_female":0,"generator":"true","generator_kva":240,"water_tank":10,"water_tank_capacity":100,"water_heater":0,"ac":10,"firedistinguisher":40,"first_aid":"false","wheelchair":0,"beds":1,"fridges":2,"washingmachines":1,"kitchen":"false","kids_area":1,"water_available":"true","need_water":10,"who_water":null,"how_water":null,"LAF_Focal":null,"LAF_shelter_name":null,"LAF_Phone_nb":null,"kg1_public_f":0,"kg1_public_e":1,"kg1_private":0,"kg2_public_f":0,"kg2_public_e":1,"kg2_private":1,"kg3_public_f":0,"kg3_public_e":0,"kg3_private":0,"gr1_public_f":0,"gr1_public_e":0,"gr1_private":1,"gr2_public_f":0,"gr2_public_e":0,"gr2_private":0,"gr3_public_f":0,"gr3_public_e":0,"gr3_private":3,"gr4_public_f":0,"gr4_public_e":2,"gr4_private":3,"gr5_public_f":0,"gr5_public_e":0,"gr5_private":3,"gr6_public_f":0,"gr6_public_e":0,"gr6_private":2,"gr7_public_f":0,"gr7_public_e":0,"gr7_private":2,"gr8_public_f":0,"gr8_public_e":2,"gr8_private":0,"gr9_public_f":0,"gr9_public_e":0,"gr9_private":0,"gr10_public_f":0,"gr10_public_e":0,"gr10_private":1,"gr11s_public_f":0,"gr11s_public_e":0,"gr11s_private":0,"gr11e_public_f":0,"gr11e_public_e":0,"gr11e_private":0,"gr12sg_public_f":0,"gr12sg_public_e":0,"gr12sg_private":0,"gr12se_public_f":0,"gr12se_public_e":0,"gr12se_private":0,"gr12lh_public_f":"false","gr12lh_public_e":0,"gr12lh_private":"false","gr12sv_public_f":0,"gr12sv_public_e":0,"gr12sv_private":0,"tvet_public":0,"tvet_private":0,"uni":1,"syrians":0,"oosc":0,"teachers":0,"bath_hygiene":"good","playground":"good","corridor":"good","rooms_hygiene":"good","Is_waste_collected":"true","Collection_frequency":"daily","construction":"false","yes_construction":null,"unified_authority":"true","documentation":"true","check_all":"true","Comments":null,"comments2":null,"age0_6_months":0,"age6_12_months":0,"f_age0_6_months":0,"f_age6_12_months":0,"f_ages_1_3":0,"f_age_3_5":0,"f_age_6_12":4,"f_age_13_18":5,"f_age_19_57":5,"f_age_58_above":0,"Female_Headed_Households":0,"lost_kids":0,"chronic_disease":12,"diesel_fuel_tank":"true","count_tanks":1,"capacity_tank":5000,"need_bin":null,"need_bin_240":null,"need_bin_1100":null,"status_2026":"used","gov_cad":"Beirut","district_cad":"Beirut","cad_name":"Mazraa","x":35.499,"y":33.87497222},"geometry":{"type":"Point","coordinates":[35.499,33.87497222]}},
{"type":"Feature","properties":{"objectid":1477,"globalid":"95a8d720-e51f-43e5-880b-1336ce20d446","shelter_name":"متوسطة الملك سعود المختلطة","governorate_name":"Beirut","district_name":"Beirut","villages":"Beirut","lat_calc":33.888167,"long_calc":35.500906,"loc_calc":"33.888167 35.500906","structure_type":"School","structure_type_other":null,"cerd_number":25,"ministry_name":"توسطة الملك سعود المختلطة","ACS":10310,"P_Code":"10310_013","focal":"جمال جمول","nb":70440347,"mosa_focal":"إيمان سليمان","mosa_focal_phone":71265199,"mehe_focal":"جمال جمول","mehe_focalnb":"70440347","type_private_public":"public","other_specifyy":null,"status":"open","notes":null,"sourcee":"field","displaced_cas_code":10350,"phases":1,"nb_idps":94,"nb_families":28,"capacity":220,"male":50,"female":44,"age_0_1":6,"ages_1_3":2,"age_3_5":3,"age_6_12":2,"age_13_18":8,"age_19_57":30,"age_58_above":5,"disabilities_pregnant":null,"pregnant_women":0,"heating_disability":null,"visual_disability":0,"physical_disability":0,"interllectual_disability":null,"CreationDate":"2026-03-09T06:40:41","Creator":"Ramez.Hassan.961","EditDate":"2026-09-02T06:01:27","Editor":"EOR.BEIRUT","lactating_women":null,"hearing_disability":0,"mental_disability":0,"DONT_ADD":"true","old_global_id":"{9B744A41-5674-473F-85F7-9BF92930F5B2}","floorsnum":5,"totalrooms":27,"occ_rooms":22,"free_spaces":5,"free_rooms":2,"kitchen_found":"false","kitchen_found2":null,"type_meal":null,"toilets_male":10,"toilets_female":6,"toilets_not_used_male":0,"toilets_not_used_female":0,"water_source":"دولة ","elec_source":"دولة و مولد مؤقت ","bathtub_male":0,"bathtub_female":0,"generator":"true","generator_kva":110,"water_tank":10,"water_tank_capacity":100,"water_heater":2,"ac":0,"firedistinguisher":5,"first_aid":"false","wheelchair":0,"beds":0,"fridges":0,"washingmachines":3,"kitchen":"false","kids_area":0,"water_available":"true","need_water":100,"who_water":"إدارة الكوارث ","how_water":"إدارة الكوارث","LAF_Focal":null,"LAF_shelter_name":null,"LAF_Phone_nb":null,"kg1_public_f":0,"kg1_public_e":0,"kg1_private":1,"kg2_public_f":0,"kg2_public_e":0,"kg2_private":1,"kg3_public_f":0,"kg3_public_e":1,"kg3_private":1,"gr1_public_f":null,"gr1_public_e":null,"gr1_private":1,"gr2_public_f":null,"gr2_public_e":null,"gr2_private":3,"gr3_public_f":null,"gr3_public_e":1,"gr3_private":2,"gr4_public_f":null,"gr4_public_e":1,"gr4_private":3,"gr5_public_f":null,"gr5_public_e":2,"gr5_private":1,"gr6_public_f":null,"gr6_public_e":1,"gr6_private":1,"gr7_public_f":null,"gr7_public_e":1,"gr7_private":2,"gr8_public_f":null,"gr8_public_e":1,"gr8_private":1,"gr9_public_f":null,"gr9_public_e":1,"gr9_private":null,"gr10_public_f":null,"gr10_public_e":1,"gr10_private":null,"gr11s_public_f":null,"gr11s_public_e":null,"gr11s_private":null,"gr11e_public_f":null,"gr11e_public_e":null,"gr11e_private":null,"gr12sg_public_f":null,"gr12sg_public_e":null,"gr12sg_private":null,"gr12se_public_f":null,"gr12se_public_e":null,"gr12se_private":null,"gr12lh_public_f":null,"gr12lh_public_e":null,"gr12lh_private":null,"gr12sv_public_f":null,"gr12sv_public_e":null,"gr12sv_private":null,"tvet_public":1,"tvet_private":null,"uni":null,"syrians":null,"oosc":13,"teachers":null,"bath_hygiene":"fair","playground":"fair","corridor":"fair","rooms_hygiene":"fair","Is_waste_collected":"true","Collection_frequency":"daily","construction":"false","yes_construction":null,"unified_authority":"true","documentation":"true","check_all":"true","Comments":null,"comments2":"شراشف صيفية ","age0_6_months":0,"age6_12_months":0,"f_age0_6_months":0,"f_age6_12_months":1,"f_ages_1_3":1,"f_age_3_5":0,"f_age_6_12":3,"f_age_13_18":4,"f_age_19_57":30,"f_age_58_above":5,"Female_Headed_Households":null,"lost_kids":0,"chronic_disease":null,"diesel_fuel_tank":null,"count_tanks":null,"capacity_tank":null,"need_bin":null,"need_bin_240":null,"need_bin_1100":null,"status_2026":"used","gov_cad":"Beirut","district_cad":"Beirut","cad_name":"Mazraa","x":35.50166667,"y":33.88202778},"geometry":{"type":"Point","coordinates":[35.50166667,33.88202778]}},
{"type":"Feature","properties":{"objectid":1479,"globalid":"a4c01a94-4d72-4fd2-9bf0-94c3b87c618d","shelter_name":"روضة عمر الانسي الرسمية المختلطة","governorate_name":"Beirut","district_name":"Beirut","villages":"Mar Elias","lat_calc":33.882305,"long_calc":35.491534,"loc_calc":"33.882305 35.491534","structure_type":"School","structure_type_other":null,"cerd_number":1526,"ministry_name":"روضة عمر الانسي الرسمية المختلطة","ACS":10210,"P_Code":"10210_015","focal":"ريما الشبير","nb":70987518,"mosa_focal":"نرجس جواد","mosa_focal_phone":81774797,"mehe_focal":"ريما الشبير","mehe_focalnb":"70987518","type_private_public":"public","other_specifyy":null,"status":"open","notes":null,"sourcee":"ministry","displaced_cas_code":10210,"phases":1,"nb_idps":113,"nb_families":26,"capacity":223,"male":55,"female":58,"age_0_1":4,"ages_1_3":0,"age_3_5":1,"age_6_12":10,"age_13_18":11,"age_19_57":29,"age_58_above":4,"disabilities_pregnant":null,"pregnant_women":2,"heating_disability":null,"visual_disability":0,"physical_disability":0,"interllectual_disability":null,"CreationDate":"2026-03-09T06:40:41","Creator":"Ramez.Hassan.961","EditDate":"2026-09-02T09:04:44","Editor":"EOR.BEIRUT","lactating_women":1,"hearing_disability":0,"mental_disability":0,"DONT_ADD":"true","old_global_id":"{C0F606A1-A31F-4AFB-9075-9C71755DD05F}","floorsnum":2,"totalrooms":17,"occ_rooms":17,"free_spaces":0,"free_rooms":0,"kitchen_found":"false","kitchen_found2":null,"type_meal":null,"toilets_male":4,"toilets_female":5,"toilets_not_used_male":0,"toilets_not_used_female":0,"water_source":"بئر","elec_source":"دولة و طاقة ","bathtub_male":2,"bathtub_female":2,"generator":"false","generator_kva":null,"water_tank":7,"water_tank_capacity":7,"water_heater":0,"ac":0,"firedistinguisher":2,"first_aid":"false","wheelchair":0,"beds":null,"fridges":2,"washingmachines":null,"kitchen":"true","kids_area":null,"water_available":"true","need_water":100,"who_water":"بلدية","how_water":"سيترن","LAF_Focal":null,"LAF_shelter_name":null,"LAF_Phone_nb":null,"kg1_public_f":0,"kg1_public_e":1,"kg1_private":1,"kg2_public_f":0,"kg2_public_e":1,"kg2_private":1,"kg3_public_f":0,"kg3_public_e":1,"kg3_private":1,"gr1_public_f":0,"gr1_public_e":4,"gr1_private":3,"gr2_public_f":0,"gr2_public_e":0,"gr2_private":1,"gr3_public_f":0,"gr3_public_e":2,"gr3_private":0,"gr4_public_f":0,"gr4_public_e":3,"gr4_private":2,"gr5_public_f":0,"gr5_public_e":1,"gr5_private":1,"gr6_public_f":0,"gr6_public_e":2,"gr6_private":0,"gr7_public_f":0,"gr7_public_e":3,"gr7_private":3,"gr8_public_f":0,"gr8_public_e":0,"gr8_private":3,"gr9_public_f":0,"gr9_public_e":2,"gr9_private":1,"gr10_public_f":0,"gr10_public_e":2,"gr10_private":1,"gr11s_public_f":0,"gr11s_public_e":0,"gr11s_private":0,"gr11e_public_f":0,"gr11e_public_e":0,"gr11e_private":0,"gr12sg_public_f":0,"gr12sg_public_e":0,"gr12sg_private":0,"gr12se_public_f":0,"gr12se_public_e":0,"gr12se_private":0,"gr12lh_public_f":"false","gr12lh_public_e":0,"gr12lh_private":"false","gr12sv_public_f":0,"gr12sv_public_e":1,"gr12sv_private":1,"tvet_public":2,"tvet_private":4,"uni":9,"syrians":10,"oosc":9,"teachers":2,"bath_hygiene":"fair","playground":"fair","corridor":"fair","rooms_hygiene":"fair","Is_waste_collected":"true","Collection_frequency":"daily","construction":"false","yes_construction":null,"unified_authority":"true","documentation":"true","check_all":"true","Comments":null,"comments2":"تسليم مواد التنظيف لادارة المدرسة وليس النازحين من  أجل تنظيف المدرسة","age0_6_months":0,"age6_12_months":0,"f_age0_6_months":0,"f_age6_12_months":0,"f_ages_1_3":0,"f_age_3_5":4,"f_age_6_12":3,"f_age_13_18":14,"f_age_19_57":34,"f_age_58_above":3,"Female_Headed_Households":9,"lost_kids":0,"chronic_disease":20,"diesel_fuel_tank":"false","count_tanks":null,"capacity_tank":null,"need_bin":null,"need_bin_240":null,"need_bin_1100":null,"status_2026":"used","gov_cad":"Beirut","district_cad":"Beirut","cad_name":"Mazraa","x":35.499,"y":33.87497222},"geometry":{"type":"Point","coordinates":[35.499,33.87497222]}},
{"type":"Feature","properties":{"objectid":1482,"globalid":"c23478e7-ffbf-4f79-ab5d-060ef9e53e5f","shelter_name":"الطريق الجديدة الثالثة الرسمية ","governorate_name":"Beirut","district_name":"Beirut","villages":"Tariq El Jdide","lat_calc":33.873788,"long_calc":35.502193,"loc_calc":"33.873788 35.502193","structure_type":"School","structure_type_other":null,"cerd_number":48,"ministry_name":"الطريق الجديدة الثالثة المختلطة","ACS":10310,"P_Code":"10310_007","focal":"جمال حمود","nb":3894761,"mosa_focal":"جمانة البساط","mosa_focal_phone":71156597,"mehe_focal":"جمال حمود","mehe_focalnb":"3894761","type_private_public":"public","other_specifyy":null,"status":"open","notes":null,"sourcee":"ministry","displaced_cas_code":10310,"phases":2,"nb_idps":27,"nb_families":9,"capacity":145,"male":32,"female":42,"age_0_1":null,"ages_1_3":0,"age_3_5":0,"age_6_12":4,"age_13_18":4,"age_19_57":19,"age_58_above":5,"disabilities_pregnant":null,"pregnant_women":null,"heating_disability":null,"visual_disability":null,"physical_disability":null,"interllectual_disability":null,"CreationDate":"2026-03-09T06:40:41","Creator":"Ramez.Hassan.961","EditDate":"2026-09-02T06:05:31","Editor":"EOR.BEIRUT","lactating_women":null,"hearing_disability":null,"mental_disability":null,"DONT_ADD":"true","old_global_id":"{6F1D6004-32E3-4266-B42D-77D647EEDA1E}","floorsnum":2,"totalrooms":11,"occ_rooms":11,"free_spaces":0,"free_rooms":0,"kitchen_found":null,"kitchen_found2":null,"type_meal":null,"toilets_male":null,"toilets_female":null,"toilets_not_used_male":null,"toilets_not_used_female":null,"water_source":null,"elec_source":null,"bathtub_male":null,"bathtub_female":null,"generator":null,"generator_kva":null,"water_tank":null,"water_tank_capacity":null,"water_heater":null,"ac":null,"firedistinguisher":null,"first_aid":null,"wheelchair":null,"beds":null,"fridges":null,"washingmachines":null,"kitchen":null,"kids_area":null,"water_available":null,"need_water":null,"who_water":null,"how_water":null,"LAF_Focal":null,"LAF_shelter_name":null,"LAF_Phone_nb":null,"kg1_public_f":0,"kg1_public_e":1,"kg1_private":1,"kg2_public_f":0,"kg2_public_e":4,"kg2_private":3,"kg3_public_f":0,"kg3_public_e":0,"kg3_private":1,"gr1_public_f":0,"gr1_public_e":6,"gr1_private":2,"gr2_public_f":0,"gr2_public_e":4,"gr2_private":3,"gr3_public_f":0,"gr3_public_e":3,"gr3_private":1,"gr4_public_f":0,"gr4_public_e":1,"gr4_private":0,"gr5_public_f":0,"gr5_public_e":2,"gr5_private":2,"gr6_public_f":0,"gr6_public_e":0,"gr6_private":1,"gr7_public_f":0,"gr7_public_e":0,"gr7_private":0,"gr8_public_f":0,"gr8_public_e":1,"gr8_private":3,"gr9_public_f":0,"gr9_public_e":1,"gr9_private":0,"gr10_public_f":0,"gr10_public_e":1,"gr10_private":1,"gr11s_public_f":0,"gr11s_public_e":0,"gr11s_private":0,"gr11e_public_f":0,"gr11e_public_e":0,"gr11e_private":0,"gr12sg_public_f":0,"gr12sg_public_e":3,"gr12sg_private":0,"gr12se_public_f":0,"gr12se_public_e":0,"gr12se_private":0,"gr12lh_public_f":"false","gr12lh_public_e":0,"gr12lh_private":"false","gr12sv_public_f":0,"gr12sv_public_e":0,"gr12sv_private":0,"tvet_public":2,"tvet_private":0,"uni":4,"syrians":0,"oosc":0,"teachers":0,"bath_hygiene":null,"playground":null,"corridor":null,"rooms_hygiene":null,"Is_waste_collected":null,"Collection_frequency":null,"construction":null,"yes_construction":null,"unified_authority":null,"documentation":null,"check_all":null,"Comments":null,"comments2":"بحاجة لمراوح على البطرية ","age0_6_months":0,"age6_12_months":0,"f_age0_6_months":0,"f_age6_12_months":2,"f_ages_1_3":3,"f_age_3_5":3,"f_age_6_12":6,"f_age_13_18":5,"f_age_19_57":18,"f_age_58_above":5,"Female_Headed_Households":null,"lost_kids":null,"chronic_disease":null,"diesel_fuel_tank":null,"count_tanks":null,"capacity_tank":null,"need_bin":null,"need_bin_240":null,"need_bin_1100":null,"status_2026":"used","gov_cad":"Beirut","district_cad":"Beirut","cad_name":"Mazraa","x":35.50339463,"y":33.87542702},"geometry":{"type":"Point","coordinates":[35.50339463,33.87542702]}},
{"type":"Feature","properties":{"objectid":1485,"globalid":"59e03afc-eee8-4738-b75b-0e985c0c2561","shelter_name":"ثانوية العلامة صبحي المحمصاني الرسمية المختلطة","governorate_name":"Beirut","district_name":"Beirut","villages":"Mar Elias","lat_calc":33.882305,"long_calc":35.491534,"loc_calc":"33.882305 35.491534","structure_type":"School","structure_type_other":null,"cerd_number":1529,"ministry_name":"ثانوية العلامة صبحي المحمصاني الرسمية المختلطة","ACS":21111,"P_Code":"21111_002","focal":"زاهية لطفي معاز","nb":70451822,"mosa_focal":"نرجس جواد","mosa_focal_phone":81774797,"mehe_focal":"زاهية لطفي معاز","mehe_focalnb":"70451822","type_private_public":"public","other_specifyy":null,"status":"open","notes":"Out of list","sourcee":"ministry","displaced_cas_code":10210,"phases":1,"nb_idps":140,"nb_families":40,"capacity":305,"male":51,"female":62,"age_0_1":3,"ages_1_3":3,"age_3_5":5,"age_6_12":6,"age_13_18":8,"age_19_57":21,"age_58_above":5,"disabilities_pregnant":null,"pregnant_women":0,"heating_disability":null,"visual_disability":8,"physical_disability":1,"interllectual_disability":null,"CreationDate":"2026-03-09T06:40:41","Creator":"Ramez.Hassan.961","EditDate":"2026-09-02T09:15:52","Editor":"EOR.BEIRUT","lactating_women":4,"hearing_disability":null,"mental_disability":1,"DONT_ADD":"true","old_global_id":"{9EF97FA4-1E77-4BF2-BF34-CF0034EFE762}","floorsnum":3,"totalrooms":28,"occ_rooms":28,"free_spaces":0,"free_rooms":0,"kitchen_found":"false","kitchen_found2":null,"type_meal":null,"toilets_male":2,"toilets_female":3,"toilets_not_used_male":7,"toilets_not_used_female":6,"water_source":"استأجار","elec_source":"دولة ","bathtub_male":0,"bathtub_female":0,"generator":"true","generator_kva":70,"water_tank":3,"water_tank_capacity":100,"water_heater":0,"ac":0,"firedistinguisher":0,"first_aid":"false","wheelchair":0,"beds":0,"fridges":0,"washingmachines":0,"kitchen":"false","kids_area":2,"water_available":"false","need_water":200,"who_water":null,"how_water":null,"LAF_Focal":null,"LAF_shelter_name":null,"LAF_Phone_nb":null,"kg1_public_f":0,"kg1_public_e":1,"kg1_private":0,"kg2_public_f":0,"kg2_public_e":2,"kg2_private":0,"kg3_public_f":0,"kg3_public_e":4,"kg3_private":0,"gr1_public_f":0,"gr1_public_e":1,"gr1_private":1,"gr2_public_f":0,"gr2_public_e":0,"gr2_private":2,"gr3_public_f":0,"gr3_public_e":2,"gr3_private":3,"gr4_public_f":0,"gr4_public_e":3,"gr4_private":1,"gr5_public_f":0,"gr5_public_e":4,"gr5_private":2,"gr6_public_f":0,"gr6_public_e":3,"gr6_private":1,"gr7_public_f":0,"gr7_public_e":4,"gr7_private":2,"gr8_public_f":0,"gr8_public_e":0,"gr8_private":2,"gr9_public_f":0,"gr9_public_e":3,"gr9_private":1,"gr10_public_f":0,"gr10_public_e":null,"gr10_private":0,"gr11s_public_f":0,"gr11s_public_e":1,"gr11s_private":0,"gr11e_public_f":0,"gr11e_public_e":0,"gr11e_private":0,"gr12sg_public_f":0,"gr12sg_public_e":0,"gr12sg_private":0,"gr12se_public_f":0,"gr12se_public_e":2,"gr12se_private":0,"gr12lh_public_f":"false","gr12lh_public_e":0,"gr12lh_private":"false","gr12sv_public_f":0,"gr12sv_public_e":1,"gr12sv_private":0,"tvet_public":2,"tvet_private":5,"uni":5,"syrians":0,"oosc":0,"teachers":0,"bath_hygiene":"bad","playground":"fair","corridor":"fair","rooms_hygiene":"fair","Is_waste_collected":"true","Collection_frequency":"weekly","construction":"false","yes_construction":null,"unified_authority":"true","documentation":"true","check_all":"true","Comments":null,"comments2":"MEHE facility /need removing grass from school ","age0_6_months":1,"age6_12_months":2,"f_age0_6_months":2,"f_age6_12_months":2,"f_ages_1_3":4,"f_age_3_5":6,"f_age_6_12":7,"f_age_13_18":6,"f_age_19_57":25,"f_age_58_above":10,"Female_Headed_Households":8,"lost_kids":null,"chronic_disease":null,"diesel_fuel_tank":"true","count_tanks":1,"capacity_tank":50,"need_bin":null,"need_bin_240":null,"need_bin_1100":null,"status_2026":"used","gov_cad":"Beirut","district_cad":"Beirut","cad_name":"Moussaytbeh","x":35.49136111,"y":33.86797222},"geometry":{"type":"Point","coordinates":[35.49136111,33.86797222]}},
{"type":"Feature","properties":{"objectid":1493,"globalid":"2e2e2565-540e-4b2e-a7d8-0f1568c95e5a","shelter_name":"البر و الاحسان- جميل الرواس","governorate_name":"Beirut","district_name":"Beirut","villages":"Tariq El Jdide","lat_calc":33.873788,"long_calc":35.502193,"loc_calc":"33.873788 35.502193","structure_type":"School","structure_type_other":null,"cerd_number":38,"ministry_name":"البر والإحسان","ACS":10310,"P_Code":"10310_062","focal":"خالد لبغدادي","nb":3816769,"mosa_focal":"ريهام قصقص","mosa_focal_phone":71402508,"mehe_focal":"خالد لبغدادي","mehe_focalnb":"3816769","type_private_public":"public","other_specifyy":null,"status":"open","notes":null,"sourcee":"ministry","displaced_cas_code":10310,"phases":1,"nb_idps":24,"nb_families":6,"capacity":450,"male":8,"female":16,"age_0_1":5,"ages_1_3":1,"age_3_5":0,"age_6_12":5,"age_13_18":0,"age_19_57":1,"age_58_above":1,"disabilities_pregnant":null,"pregnant_women":1,"heating_disability":null,"visual_disability":null,"physical_disability":null,"interllectual_disability":null,"CreationDate":"2026-03-09T06:40:41","Creator":"Ramez.Hassan.961","EditDate":"2026-09-02T09:07:44","Editor":"EOR.BEIRUT","lactating_women":2,"hearing_disability":null,"mental_disability":null,"DONT_ADD":"true","old_global_id":"{8CC40F9A-0AF2-4BD0-990D-FE4C369994E5}","floorsnum":5,"totalrooms":55,"occ_rooms":55,"free_spaces":9,"free_rooms":0,"kitchen_found":"false","kitchen_found2":null,"type_meal":null,"toilets_male":8,"toilets_female":8,"toilets_not_used_male":0,"toilets_not_used_female":0,"water_source":"مؤسسة مياه بيروت","elec_source":"مؤسسة كهربا لبنان","bathtub_male":4,"bathtub_female":4,"generator":"true","generator_kva":100,"water_tank":10,"water_tank_capacity":150,"water_heater":2,"ac":0,"firedistinguisher":15,"first_aid":"true","wheelchair":0,"beds":0,"fridges":0,"washingmachines":0,"kitchen":"false","kids_area":2,"water_available":"true","need_water":100,"who_water":"اطباء بلا حدود","how_water":"صهريج","LAF_Focal":null,"LAF_shelter_name":null,"LAF_Phone_nb":null,"kg1_public_f":0,"kg1_public_e":0,"kg1_private":3,"kg2_public_f":0,"kg2_public_e":3,"kg2_private":2,"kg3_public_f":0,"kg3_public_e":1,"kg3_private":3,"gr1_public_f":0,"gr1_public_e":4,"gr1_private":5,"gr2_public_f":0,"gr2_public_e":5,"gr2_private":2,"gr3_public_f":null,"gr3_public_e":3,"gr3_private":2,"gr4_public_f":0,"gr4_public_e":1,"gr4_private":2,"gr5_public_f":0,"gr5_public_e":4,"gr5_private":2,"gr6_public_f":0,"gr6_public_e":2,"gr6_private":1,"gr7_public_f":0,"gr7_public_e":5,"gr7_private":3,"gr8_public_f":0,"gr8_public_e":4,"gr8_private":2,"gr9_public_f":0,"gr9_public_e":1,"gr9_private":2,"gr10_public_f":0,"gr10_public_e":3,"gr10_private":1,"gr11s_public_f":0,"gr11s_public_e":0,"gr11s_private":1,"gr11e_public_f":0,"gr11e_public_e":0,"gr11e_private":0,"gr12sg_public_f":0,"gr12sg_public_e":0,"gr12sg_private":0,"gr12se_public_f":0,"gr12se_public_e":1,"gr12se_private":1,"gr12lh_public_f":"false","gr12lh_public_e":0,"gr12lh_private":"false","gr12sv_public_f":0,"gr12sv_public_e":0,"gr12sv_private":0,"tvet_public":null,"tvet_private":0,"uni":null,"syrians":0,"oosc":0,"teachers":0,"bath_hygiene":"fair","playground":"fair","corridor":"fair","rooms_hygiene":"fair","Is_waste_collected":"true","Collection_frequency":"daily","construction":"false","yes_construction":null,"unified_authority":null,"documentation":null,"check_all":null,"Comments":"true","comments2":null,"age0_6_months":0,"age6_12_months":0,"f_age0_6_months":0,"f_age6_12_months":0,"f_ages_1_3":2,"f_age_3_5":4,"f_age_6_12":4,"f_age_13_18":2,"f_age_19_57":2,"f_age_58_above":2,"Female_Headed_Households":0,"lost_kids":0,"chronic_disease":3,"diesel_fuel_tank":"true","count_tanks":1,"capacity_tank":2000,"need_bin":null,"need_bin_240":null,"need_bin_1100":null,"status_2026":"used","gov_cad":"Beirut","district_cad":"Beirut","cad_name":"Mazraa","x":35.502193,"y":33.873788},"geometry":{"type":"Point","coordinates":[35.502193,33.873788]}},
{"type":"Feature","properties":{"objectid":1502,"globalid":"8b72e483-8322-4dc0-b9b6-c09711188499","shelter_name":"مدرسة الاباء الكبوشين","governorate_name":"Beirut","district_name":"Beirut","villages":"El Hamra","lat_calc":33.896312,"long_calc":35.481959,"loc_calc":"33.896312 35.481959","structure_type":"School","structure_type_other":null,"cerd_number":null,"ministry_name":"مار يوسف للاباء الكبوشيين","ACS":10150,"P_Code":"10150_036","focal":"محمد ابو علاوه","nb":3787896,"mosa_focal":"Soha Abo Melhem","mosa_focal_phone":76081860,"mehe_focal":null,"mehe_focalnb":null,"type_private_public":"private","other_specifyy":null,"status":"open","notes":null,"sourcee":"field","displaced_cas_code":10150,"phases":null,"nb_idps":231,"nb_families":70,"capacity":626,"male":134,"female":97,"age_0_1":18,"ages_1_3":1,"age_3_5":4,"age_6_12":16,"age_13_18":21,"age_19_57":72,"age_58_above":19,"disabilities_pregnant":null,"pregnant_women":1,"heating_disability":null,"visual_disability":0,"physical_disability":2,"interllectual_disability":null,"CreationDate":"2026-03-09T06:40:41","Creator":"Ramez.Hassan.961","EditDate":"2026-09-02T08:26:13","Editor":"EOR.BEIRUT","lactating_women":1,"hearing_disability":2,"mental_disability":4,"DONT_ADD":"true","old_global_id":"{5247D9D2-608D-43A8-9EB8-1FC4AF978D6F}","floorsnum":12,"totalrooms":117,"occ_rooms":117,"free_spaces":0,"free_rooms":1,"kitchen_found":"true","kitchen_found2":"true","type_meal":"hot_meal","toilets_male":11,"toilets_female":11,"toilets_not_used_male":2,"toilets_not_used_female":2,"water_source":"تعباية","elec_source":"اشتراك","bathtub_male":7,"bathtub_female":7,"generator":"false","generator_kva":null,"water_tank":12,"water_tank_capacity":160,"water_heater":8,"ac":0,"firedistinguisher":0,"first_aid":"false","wheelchair":1,"beds":0,"fridges":3,"washingmachines":7,"kitchen":"true","kids_area":1,"water_available":"false","need_water":240,"who_water":null,"how_water":null,"LAF_Focal":null,"LAF_shelter_name":null,"LAF_Phone_nb":null,"kg1_public_f":0,"kg1_public_e":8,"kg1_private":1,"kg2_public_f":0,"kg2_public_e":5,"kg2_private":3,"kg3_public_f":0,"kg3_public_e":8,"kg3_private":3,"gr1_public_f":6,"gr1_public_e":8,"gr1_private":7,"gr2_public_f":0,"gr2_public_e":12,"gr2_private":6,"gr3_public_f":0,"gr3_public_e":8,"gr3_private":3,"gr4_public_f":0,"gr4_public_e":13,"gr4_private":6,"gr5_public_f":1,"gr5_public_e":10,"gr5_private":4,"gr6_public_f":0,"gr6_public_e":7,"gr6_private":5,"gr7_public_f":0,"gr7_public_e":10,"gr7_private":3,"gr8_public_f":1,"gr8_public_e":7,"gr8_private":1,"gr9_public_f":0,"gr9_public_e":7,"gr9_private":0,"gr10_public_f":0,"gr10_public_e":1,"gr10_private":2,"gr11s_public_f":0,"gr11s_public_e":2,"gr11s_private":0,"gr11e_public_f":1,"gr11e_public_e":2,"gr11e_private":0,"gr12sg_public_f":0,"gr12sg_public_e":0,"gr12sg_private":0,"gr12se_public_f":0,"gr12se_public_e":1,"gr12se_private":1,"gr12lh_public_f":"false","gr12lh_public_e":0,"gr12lh_private":"false","gr12sv_public_f":0,"gr12sv_public_e":0,"gr12sv_private":0,"tvet_public":11,"tvet_private":12,"uni":17,"syrians":0,"oosc":0,"teachers":1,"bath_hygiene":"bad","playground":"bad","corridor":"bad","rooms_hygiene":"fair","Is_waste_collected":"true","Collection_frequency":"weekly","construction":null,"yes_construction":null,"unified_authority":null,"documentation":null,"check_all":null,"Comments":null,"comments2":"between the kids that need diapers is a 6 years old girl with a disability (22/8)","age0_6_months":0,"age6_12_months":1,"f_age0_6_months":1,"f_age6_12_months":0,"f_ages_1_3":5,"f_age_3_5":11,"f_age_6_12":12,"f_age_13_18":57,"f_age_19_57":11,"f_age_58_above":0,"Female_Headed_Households":0,"lost_kids":3,"chronic_disease":20,"diesel_fuel_tank":"false","count_tanks":null,"capacity_tank":null,"need_bin":null,"need_bin_240":null,"need_bin_1100":null,"status_2026":"used","gov_cad":"Beirut","district_cad":"Beirut","cad_name":"Ras Beyrouth","x":35.481959,"y":33.896312},"geometry":{"type":"Point","coordinates":[35.481959,33.896312]}},
{"type":"Feature","properties":{"objectid":1505,"globalid":"317ad196-1ff4-4edc-92a1-c9a84a53cdec","shelter_name":"CIS College","governorate_name":"Beirut","district_name":"Beirut","villages":"Beirut","lat_calc":33.888167,"long_calc":35.500906,"loc_calc":"33.888167 35.500906","structure_type":"University","structure_type_other":null,"cerd_number":null,"ministry_name":"CIS College Spears","ACS":10210,"P_Code":"10210_041","focal":"صبحي الخطيب ","nb":3040294,"mosa_focal":"منى الخضر","mosa_focal_phone":71549200,"mehe_focal":null,"mehe_focalnb":null,"type_private_public":"private","other_specifyy":null,"status":"open","notes":null,"sourcee":"field","displaced_cas_code":10350,"phases":null,"nb_idps":19,"nb_families":5,"capacity":110,"male":10,"female":10,"age_0_1":10,"ages_1_3":0,"age_3_5":1,"age_6_12":3,"age_13_18":0,"age_19_57":5,"age_58_above":1,"disabilities_pregnant":null,"pregnant_women":null,"heating_disability":null,"visual_disability":null,"physical_disability":null,"interllectual_disability":null,"CreationDate":"2026-03-09T06:40:41","Creator":"Ramez.Hassan.961","EditDate":"2026-09-02T09:11:05","Editor":"EOR.BEIRUT","lactating_women":null,"hearing_disability":null,"mental_disability":null,"DONT_ADD":"true","old_global_id":"{F523213A-4E6D-4C1A-B256-0A811F8FF756}","floorsnum":5,"totalrooms":27,"occ_rooms":27,"free_spaces":null,"free_rooms":null,"kitchen_found":"true","kitchen_found2":"false","type_meal":null,"toilets_male":null,"toilets_female":null,"toilets_not_used_male":null,"toilets_not_used_female":null,"water_source":"جمعية","elec_source":"موتير","bathtub_male":10,"bathtub_female":10,"generator":"true","generator_kva":0,"water_tank":30,"water_tank_capacity":null,"water_heater":3,"ac":null,"firedistinguisher":5,"first_aid":"true","wheelchair":0,"beds":0,"fridges":0,"washingmachines":1,"kitchen":null,"kids_area":null,"water_available":"true","need_water":null,"who_water":null,"how_water":null,"LAF_Focal":null,"LAF_shelter_name":null,"LAF_Phone_nb":null,"kg1_public_f":null,"kg1_public_e":null,"kg1_private":null,"kg2_public_f":null,"kg2_public_e":null,"kg2_private":null,"kg3_public_f":null,"kg3_public_e":null,"kg3_private":null,"gr1_public_f":null,"gr1_public_e":null,"gr1_private":null,"gr2_public_f":null,"gr2_public_e":null,"gr2_private":null,"gr3_public_f":null,"gr3_public_e":null,"gr3_private":null,"gr4_public_f":null,"gr4_public_e":null,"gr4_private":null,"gr5_public_f":null,"gr5_public_e":null,"gr5_private":null,"gr6_public_f":null,"gr6_public_e":1,"gr6_private":null,"gr7_public_f":null,"gr7_public_e":null,"gr7_private":null,"gr8_public_f":null,"gr8_public_e":null,"gr8_private":null,"gr9_public_f":null,"gr9_public_e":null,"gr9_private":null,"gr10_public_f":null,"gr10_public_e":null,"gr10_private":null,"gr11s_public_f":null,"gr11s_public_e":null,"gr11s_private":null,"gr11e_public_f":null,"gr11e_public_e":null,"gr11e_private":null,"gr12sg_public_f":null,"gr12sg_public_e":null,"gr12sg_private":null,"gr12se_public_f":null,"gr12se_public_e":null,"gr12se_private":null,"gr12lh_public_f":null,"gr12lh_public_e":null,"gr12lh_private":null,"gr12sv_public_f":null,"gr12sv_public_e":null,"gr12sv_private":null,"tvet_public":null,"tvet_private":null,"uni":null,"syrians":null,"oosc":null,"teachers":null,"bath_hygiene":"fair","playground":"fair","corridor":"fair","rooms_hygiene":"fair","Is_waste_collected":"true","Collection_frequency":"daily","construction":null,"yes_construction":null,"unified_authority":null,"documentation":null,"check_all":null,"Comments":null,"comments2":null,"age0_6_months":0,"age6_12_months":0,"f_age0_6_months":0,"f_age6_12_months":0,"f_ages_1_3":0,"f_age_3_5":3,"f_age_6_12":1,"f_age_13_18":0,"f_age_19_57":6,"f_age_58_above":0,"Female_Headed_Households":null,"lost_kids":null,"chronic_disease":null,"diesel_fuel_tank":"false","count_tanks":null,"capacity_tank":null,"need_bin":null,"need_bin_240":null,"need_bin_1100":null,"status_2026":"used","gov_cad":"Beirut","district_cad":"Beirut","cad_name":"Moussaytbeh","x":35.49583333,"y":33.893},"geometry":{"type":"Point","coordinates":[35.49583333,33.893]}},
{"type":"Feature","properties":{"objectid":1519,"globalid":"e944de54-4b19-4c01-b93c-07ecd44cdf9d","shelter_name":"راس النبع الثانية الرسمية للبنات","governorate_name":"Beirut","district_name":"Beirut","villages":"Ras El Nabaa","lat_calc":33.881453,"long_calc":35.506863,"loc_calc":"33.881453 35.506863","structure_type":"School","structure_type_other":null,"cerd_number":44,"ministry_name":"اس النبع الثانية الرسمية للبنات","ACS":10310,"P_Code":"10310_020","focal":"ليال محي الدين الفتى","nb":3501310,"mosa_focal":"ندوى فواز","mosa_focal_phone":71329624,"mehe_focal":"ليال محي الدين الفتى","mehe_focalnb":"3501310","type_private_public":"public","other_specifyy":null,"status":"open","notes":null,"sourcee":"field","displaced_cas_code":10310,"phases":1,"nb_idps":77,"nb_families":25,"capacity":250,"male":45,"female":32,"age_0_1":3,"ages_1_3":1,"age_3_5":0,"age_6_12":2,"age_13_18":3,"age_19_57":33,"age_58_above":6,"disabilities_pregnant":null,"pregnant_women":0,"heating_disability":null,"visual_disability":null,"physical_disability":1,"interllectual_disability":null,"CreationDate":"2026-03-09T06:40:41","Creator":"Ramez.Hassan.961","EditDate":"2026-09-02T08:36:41","Editor":"EOR.BEIRUT","lactating_women":0,"hearing_disability":null,"mental_disability":null,"DONT_ADD":"true","old_global_id":"{0499CEA4-07E6-46BD-AAC1-BE677EC64E01}","floorsnum":2,"totalrooms":27,"occ_rooms":23,"free_spaces":23,"free_rooms":0,"kitchen_found":"false","kitchen_found2":null,"type_meal":null,"toilets_male":5,"toilets_female":5,"toilets_not_used_male":0,"toilets_not_used_female":0,"water_source":"دولة ","elec_source":"اشتراك ","bathtub_male":1,"bathtub_female":1,"generator":"false","generator_kva":null,"water_tank":8,"water_tank_capacity":40,"water_heater":2,"ac":0,"firedistinguisher":1,"first_aid":"false","wheelchair":0,"beds":0,"fridges":0,"washingmachines":1,"kitchen":"false","kids_area":0,"water_available":"false","need_water":30,"who_water":null,"how_water":null,"LAF_Focal":null,"LAF_shelter_name":null,"LAF_Phone_nb":null,"kg1_public_f":0,"kg1_public_e":0,"kg1_private":1,"kg2_public_f":0,"kg2_public_e":0,"kg2_private":0,"kg3_public_f":0,"kg3_public_e":0,"kg3_private":2,"gr1_public_f":0,"gr1_public_e":2,"gr1_private":1,"gr2_public_f":0,"gr2_public_e":0,"gr2_private":2,"gr3_public_f":0,"gr3_public_e":0,"gr3_private":1,"gr4_public_f":0,"gr4_public_e":2,"gr4_private":3,"gr5_public_f":0,"gr5_public_e":2,"gr5_private":2,"gr6_public_f":0,"gr6_public_e":0,"gr6_private":1,"gr7_public_f":0,"gr7_public_e":2,"gr7_private":6,"gr8_public_f":0,"gr8_public_e":1,"gr8_private":2,"gr9_public_f":0,"gr9_public_e":0,"gr9_private":0,"gr10_public_f":0,"gr10_public_e":1,"gr10_private":2,"gr11s_public_f":0,"gr11s_public_e":1,"gr11s_private":1,"gr11e_public_f":0,"gr11e_public_e":1,"gr11e_private":0,"gr12sg_public_f":0,"gr12sg_public_e":null,"gr12sg_private":0,"gr12se_public_f":0,"gr12se_public_e":2,"gr12se_private":null,"gr12lh_public_f":"false","gr12lh_public_e":0,"gr12lh_private":"false","gr12sv_public_f":0,"gr12sv_public_e":0,"gr12sv_private":0,"tvet_public":1,"tvet_private":6,"uni":7,"syrians":0,"oosc":7,"teachers":0,"bath_hygiene":"fair","playground":"fair","corridor":"fair","rooms_hygiene":"fair","Is_waste_collected":"true","Collection_frequency":"daily","construction":"false","yes_construction":null,"unified_authority":"false","documentation":"true","check_all":"true","Comments":"false","comments2":null,"age0_6_months":0,"age6_12_months":0,"f_age0_6_months":0,"f_age6_12_months":2,"f_ages_1_3":1,"f_age_3_5":1,"f_age_6_12":0,"f_age_13_18":2,"f_age_19_57":22,"f_age_58_above":4,"Female_Headed_Households":0,"lost_kids":null,"chronic_disease":null,"diesel_fuel_tank":"false","count_tanks":null,"capacity_tank":null,"need_bin":"true","need_bin_240":null,"need_bin_1100":6,"status_2026":"used","gov_cad":"Beirut","district_cad":"Beirut","cad_name":"Mazraa","x":35.50738889,"y":33.88305556},"geometry":{"type":"Point","coordinates":[35.50738889,33.88305556]}},
{"type":"Feature","properties":{"objectid":1523,"globalid":"e6287bed-c997-4c7d-8811-3070b48b5a95","shelter_name":"اوتيل رودان ","governorate_name":"Beirut","district_name":"Beirut","villages":"Ain Mreisse","lat_calc":33.900039,"long_calc":35.485097,"loc_calc":"33.900039 35.485097","structure_type":"Other","structure_type_other":"Hotel","cerd_number":null,"ministry_name":"RODAN HOTEL","ACS":10110,"P_Code":"10110_004","focal":"ابو حسن صالح","nb":76831970,"mosa_focal":"Gaby Fraidy ","mosa_focal_phone":76472735,"mehe_focal":null,"mehe_focalnb":null,"type_private_public":"private","other_specifyy":null,"status":"full","notes":null,"sourcee":"field","displaced_cas_code":10110,"phases":null,"nb_idps":433,"nb_families":92,"capacity":456,"male":199,"female":234,"age_0_1":2,"ages_1_3":4,"age_3_5":6,"age_6_12":21,"age_13_18":15,"age_19_57":129,"age_58_above":18,"disabilities_pregnant":null,"pregnant_women":3,"heating_disability":null,"visual_disability":0,"physical_disability":2,"interllectual_disability":null,"CreationDate":"2026-03-09T06:40:41","Creator":"Ramez.Hassan.961","EditDate":"2026-09-02T08:06:22","Editor":"EOR.BEIRUT","lactating_women":2,"hearing_disability":0,"mental_disability":1,"DONT_ADD":"true","old_global_id":"{7584F6A7-4F24-4B9D-A5CA-D1BE686AB177}","floorsnum":7,"totalrooms":73,"occ_rooms":73,"free_spaces":0,"free_rooms":0,"kitchen_found":"false","kitchen_found2":null,"type_meal":null,"toilets_male":36,"toilets_female":36,"toilets_not_used_male":0,"toilets_not_used_female":0,"water_source":"بركة","elec_source":"دولة","bathtub_male":36,"bathtub_female":37,"generator":"false","generator_kva":null,"water_tank":0,"water_tank_capacity":40000,"water_heater":0,"ac":73,"firedistinguisher":28,"first_aid":"false","wheelchair":0,"beds":0,"fridges":1,"washingmachines":0,"kitchen":"false","kids_area":1,"water_available":"false","need_water":200,"who_water":null,"how_water":null,"LAF_Focal":null,"LAF_shelter_name":null,"LAF_Phone_nb":null,"kg1_public_f":0,"kg1_public_e":1,"kg1_private":2,"kg2_public_f":0,"kg2_public_e":2,"kg2_private":1,"kg3_public_f":0,"kg3_public_e":4,"kg3_private":1,"gr1_public_f":0,"gr1_public_e":1,"gr1_private":7,"gr2_public_f":0,"gr2_public_e":3,"gr2_private":7,"gr3_public_f":0,"gr3_public_e":0,"gr3_private":5,"gr4_public_f":0,"gr4_public_e":4,"gr4_private":4,"gr5_public_f":0,"gr5_public_e":2,"gr5_private":5,"gr6_public_f":0,"gr6_public_e":3,"gr6_private":6,"gr7_public_f":0,"gr7_public_e":1,"gr7_private":4,"gr8_public_f":0,"gr8_public_e":2,"gr8_private":0,"gr9_public_f":0,"gr9_public_e":3,"gr9_private":3,"gr10_public_f":0,"gr10_public_e":1,"gr10_private":5,"gr11s_public_f":0,"gr11s_public_e":0,"gr11s_private":2,"gr11e_public_f":0,"gr11e_public_e":0,"gr11e_private":2,"gr12sg_public_f":0,"gr12sg_public_e":1,"gr12sg_private":1,"gr12se_public_f":0,"gr12se_public_e":0,"gr12se_private":2,"gr12lh_public_f":"false","gr12lh_public_e":0,"gr12lh_private":"false","gr12sv_public_f":0,"gr12sv_public_e":0,"gr12sv_private":0,"tvet_public":2,"tvet_private":1,"uni":0,"syrians":0,"oosc":0,"teachers":0,"bath_hygiene":"bad","playground":"bad","corridor":"bad","rooms_hygiene":"bad","Is_waste_collected":"true","Collection_frequency":"daily","construction":"false","yes_construction":null,"unified_authority":"true","documentation":"true","check_all":"false","Comments":"true","comments2":null,"age0_6_months":2,"age6_12_months":4,"f_age0_6_months":1,"f_age6_12_months":2,"f_ages_1_3":5,"f_age_3_5":10,"f_age_6_12":25,"f_age_13_18":16,"f_age_19_57":155,"f_age_58_above":20,"Female_Headed_Households":3,"lost_kids":1,"chronic_disease":55,"diesel_fuel_tank":"false","count_tanks":null,"capacity_tank":null,"need_bin":null,"need_bin_240":null,"need_bin_1100":null,"status_2026":"used","gov_cad":"Beirut","district_cad":"Beirut","cad_name":"Ain el-Mreissé","x":35.49275,"y":33.90077778},"geometry":{"type":"Point","coordinates":[35.49275,33.90077778]}},
{"type":"Feature","properties":{"objectid":1529,"globalid":"4f2074bc-fb8c-4dce-a5ef-108098899f67","shelter_name":"كلية السياحة القديمة ","governorate_name":"Beirut","district_name":"Beirut","villages":"Beirut","lat_calc":33.888167,"long_calc":35.500906,"loc_calc":"33.888167 35.500906","structure_type":"University","structure_type_other":null,"cerd_number":null,"ministry_name":"كلية السياحة الجناح ","ACS":21111,"P_Code":"21111_087","focal":"محمد امهز","nb":3443722,"mosa_focal":"غابي فريدي","mosa_focal_phone":76472735,"mehe_focal":null,"mehe_focalnb":null,"type_private_public":"private","other_specifyy":null,"status":"open","notes":"open windows broken","sourcee":"field","displaced_cas_code":10350,"phases":null,"nb_idps":150,"nb_families":30,"capacity":350,"male":null,"female":null,"age_0_1":null,"ages_1_3":null,"age_3_5":null,"age_6_12":null,"age_13_18":null,"age_19_57":null,"age_58_above":null,"disabilities_pregnant":null,"pregnant_women":null,"heating_disability":null,"visual_disability":null,"physical_disability":null,"interllectual_disability":null,"CreationDate":"2026-03-09T06:40:41","Creator":"Ramez.Hassan.961","EditDate":"2026-08-31T10:30:25","Editor":"EOR.BEIRUT","lactating_women":null,"hearing_disability":null,"mental_disability":null,"DONT_ADD":"true","old_global_id":"{A107BD87-4F4F-4B2D-BB11-26B35EC098FB}","floorsnum":null,"totalrooms":null,"occ_rooms":null,"free_spaces":null,"free_rooms":null,"kitchen_found":null,"kitchen_found2":null,"type_meal":null,"toilets_male":null,"toilets_female":null,"toilets_not_used_male":null,"toilets_not_used_female":null,"water_source":null,"elec_source":null,"bathtub_male":null,"bathtub_female":null,"generator":null,"generator_kva":null,"water_tank":null,"water_tank_capacity":null,"water_heater":null,"ac":null,"firedistinguisher":null,"first_aid":null,"wheelchair":null,"beds":null,"fridges":null,"washingmachines":null,"kitchen":null,"kids_area":null,"water_available":null,"need_water":null,"who_water":null,"how_water":null,"LAF_Focal":null,"LAF_shelter_name":null,"LAF_Phone_nb":null,"kg1_public_f":null,"kg1_public_e":null,"kg1_private":null,"kg2_public_f":null,"kg2_public_e":null,"kg2_private":null,"kg3_public_f":null,"kg3_public_e":null,"kg3_private":null,"gr1_public_f":null,"gr1_public_e":null,"gr1_private":null,"gr2_public_f":null,"gr2_public_e":null,"gr2_private":null,"gr3_public_f":null,"gr3_public_e":null,"gr3_private":null,"gr4_public_f":null,"gr4_public_e":null,"gr4_private":null,"gr5_public_f":null,"gr5_public_e":null,"gr5_private":null,"gr6_public_f":null,"gr6_public_e":null,"gr6_private":null,"gr7_public_f":null,"gr7_public_e":null,"gr7_private":null,"gr8_public_f":null,"gr8_public_e":null,"gr8_private":null,"gr9_public_f":null,"gr9_public_e":null,"gr9_private":null,"gr10_public_f":null,"gr10_public_e":null,"gr10_private":null,"gr11s_public_f":null,"gr11s_public_e":null,"gr11s_private":null,"gr11e_public_f":null,"gr11e_public_e":null,"gr11e_private":null,"gr12sg_public_f":null,"gr12sg_public_e":null,"gr12sg_private":null,"gr12se_public_f":null,"gr12se_public_e":null,"gr12se_private":null,"gr12lh_public_f":null,"gr12lh_public_e":null,"gr12lh_private":null,"gr12sv_public_f":null,"gr12sv_public_e":null,"gr12sv_private":null,"tvet_public":null,"tvet_private":null,"uni":null,"syrians":null,"oosc":null,"teachers":null,"bath_hygiene":null,"playground":null,"corridor":null,"rooms_hygiene":null,"Is_waste_collected":null,"Collection_frequency":null,"construction":null,"yes_construction":null,"unified_authority":null,"documentation":null,"check_all":null,"Comments":null,"comments2":null,"age0_6_months":null,"age6_12_months":null,"f_age0_6_months":null,"f_age6_12_months":null,"f_ages_1_3":null,"f_age_3_5":null,"f_age_6_12":null,"f_age_13_18":null,"f_age_19_57":null,"f_age_58_above":null,"Female_Headed_Households":null,"lost_kids":null,"chronic_disease":null,"diesel_fuel_tank":null,"count_tanks":null,"capacity_tank":null,"need_bin":null,"need_bin_240":null,"need_bin_1100":null,"status_2026":"used","gov_cad":"Mount Lebanon","district_cad":"Baabda","cad_name":"Chiah","x":35.487796,"y":33.866037},"geometry":{"type":"Point","coordinates":[35.487796,33.866037]}},
{"type":"Feature","properties":{"objectid":1545,"globalid":"5e10983e-e22b-48d9-a936-4df8ddbeb45a","shelter_name":"مدرسة الاعدادية اللبنانية (LPS)","governorate_name":"Beirut","district_name":"Beirut","villages":"Mar Elias","lat_calc":33.882305,"long_calc":35.491534,"loc_calc":"33.882305 35.491534","structure_type":"School","structure_type_other":null,"cerd_number":null,"ministry_name":"مدرسة الاعدادية اللبنانية (LPS)","ACS":10210,"P_Code":"10210_044","focal":"ايلي سلوم","nb":3435607,"mosa_focal":"محاسن حشاش","mosa_focal_phone":71311389,"mehe_focal":null,"mehe_focalnb":null,"type_private_public":"private","other_specifyy":null,"status":"open","notes":null,"sourcee":"field","displaced_cas_code":10210,"phases":2,"nb_idps":240,"nb_families":85,"capacity":600,"male":112,"female":98,"age_0_1":2,"ages_1_3":5,"age_3_5":8,"age_6_12":18,"age_13_18":13,"age_19_57":54,"age_58_above":14,"disabilities_pregnant":null,"pregnant_women":4,"heating_disability":null,"visual_disability":2,"physical_disability":5,"interllectual_disability":null,"CreationDate":"2026-03-09T06:40:41","Creator":"Ramez.Hassan.961","EditDate":"2026-09-02T09:13:21","Editor":"EOR.BEIRUT","lactating_women":5,"hearing_disability":3,"mental_disability":5,"DONT_ADD":"true","old_global_id":"{1FFB168D-8E73-411E-8E10-803FA1BDBC15}","floorsnum":7,"totalrooms":55,"occ_rooms":55,"free_spaces":0,"free_rooms":0,"kitchen_found":"false","kitchen_found2":null,"type_meal":null,"toilets_male":6,"toilets_female":6,"toilets_not_used_male":3,"toilets_not_used_female":2,"water_source":"بئار مياة )150$ (","elec_source":"اشتراك ","bathtub_male":1,"bathtub_female":1,"generator":"false","generator_kva":null,"water_tank":null,"water_tank_capacity":22000,"water_heater":0,"ac":0,"firedistinguisher":0,"first_aid":"false","wheelchair":0,"beds":0,"fridges":0,"washingmachines":0,"kitchen":"false","kids_area":1,"water_available":"true","need_water":12000,"who_water":"مياة بئر مدفوعة","how_water":"مولد مياة","LAF_Focal":null,"LAF_shelter_name":null,"LAF_Phone_nb":null,"kg1_public_f":null,"kg1_public_e":2,"kg1_private":null,"kg2_public_f":null,"kg2_public_e":1,"kg2_private":1,"kg3_public_f":null,"kg3_public_e":null,"kg3_private":3,"gr1_public_f":null,"gr1_public_e":2,"gr1_private":3,"gr2_public_f":1,"gr2_public_e":1,"gr2_private":null,"gr3_public_f":null,"gr3_public_e":5,"gr3_private":null,"gr4_public_f":null,"gr4_public_e":3,"gr4_private":null,"gr5_public_f":null,"gr5_public_e":2,"gr5_private":null,"gr6_public_f":1,"gr6_public_e":null,"gr6_private":1,"gr7_public_f":null,"gr7_public_e":4,"gr7_private":null,"gr8_public_f":null,"gr8_public_e":5,"gr8_private":3,"gr9_public_f":2,"gr9_public_e":7,"gr9_private":2,"gr10_public_f":null,"gr10_public_e":1,"gr10_private":null,"gr11s_public_f":null,"gr11s_public_e":3,"gr11s_private":null,"gr11e_public_f":1,"gr11e_public_e":4,"gr11e_private":1,"gr12sg_public_f":null,"gr12sg_public_e":null,"gr12sg_private":null,"gr12se_public_f":null,"gr12se_public_e":4,"gr12se_private":null,"gr12lh_public_f":null,"gr12lh_public_e":null,"gr12lh_private":null,"gr12sv_public_f":null,"gr12sv_public_e":null,"gr12sv_private":null,"tvet_public":15,"tvet_private":6,"uni":3,"syrians":5,"oosc":11,"teachers":null,"bath_hygiene":"bad","playground":"bad","corridor":null,"rooms_hygiene":"fair","Is_waste_collected":"false","Collection_frequency":null,"construction":null,"yes_construction":null,"unified_authority":null,"documentation":"false","check_all":"false","Comments":null,"comments2":"the food they re getting daily isnt of good quality and they are unpleasant by it","age0_6_months":0,"age6_12_months":0,"f_age0_6_months":0,"f_age6_12_months":1,"f_ages_1_3":3,"f_age_3_5":0,"f_age_6_12":15,"f_age_13_18":16,"f_age_19_57":47,"f_age_58_above":16,"Female_Headed_Households":2,"lost_kids":4,"chronic_disease":56,"diesel_fuel_tank":null,"count_tanks":null,"capacity_tank":null,"need_bin":null,"need_bin_240":null,"need_bin_1100":null,"status_2026":"used","gov_cad":"Beirut","district_cad":"Beirut","cad_name":"Moussaytbeh","x":35.48958833,"y":33.86870833},"geometry":{"type":"Point","coordinates":[35.48958833,33.86870833]}},
{"type":"Feature","properties":{"objectid":1548,"globalid":"af7a13e0-3b88-4e56-96bf-7555e42c81fe","shelter_name":"اوتيل كورال","governorate_name":"Beirut","district_name":"Beirut","villages":"El Hamra","lat_calc":33.896312,"long_calc":35.481959,"loc_calc":"33.896312 35.481959","structure_type":"Other","structure_type_other":null,"cerd_number":null,"ministry_name":"اوتيل كورال","ACS":10150,"P_Code":"10150_024","focal":"علي شمص","nb":70460413,"mosa_focal":"زينب سليمان عميص","mosa_focal_phone":70015571,"mehe_focal":null,"mehe_focalnb":null,"type_private_public":"other","other_specifyy":null,"status":"open","notes":null,"sourcee":"ministry","displaced_cas_code":10150,"phases":null,"nb_idps":330,"nb_families":90,"capacity":750,"male":178,"female":152,"age_0_1":null,"ages_1_3":3,"age_3_5":5,"age_6_12":22,"age_13_18":25,"age_19_57":103,"age_58_above":20,"disabilities_pregnant":null,"pregnant_women":null,"heating_disability":null,"visual_disability":1,"physical_disability":null,"interllectual_disability":null,"CreationDate":"2026-03-09T06:40:41","Creator":"Ramez.Hassan.961","EditDate":"2026-09-02T08:13:05","Editor":"EOR.BEIRUT","lactating_women":null,"hearing_disability":1,"mental_disability":1,"DONT_ADD":"true","old_global_id":"{64E7CD0F-27A5-441D-A1E2-99A31BB9336E}","floorsnum":11,"totalrooms":103,"occ_rooms":103,"free_spaces":0,"free_rooms":0,"kitchen_found":"true","kitchen_found2":"true","type_meal":"hot_cold_meal","toilets_male":52,"toilets_female":51,"toilets_not_used_male":15,"toilets_not_used_female":15,"water_source":"بير مياه مالحة","elec_source":"اشتراك","bathtub_male":30,"bathtub_female":30,"generator":"false","generator_kva":null,"water_tank":3,"water_tank_capacity":60000,"water_heater":0,"ac":0,"firedistinguisher":20,"first_aid":"true","wheelchair":0,"beds":0,"fridges":0,"washingmachines":0,"kitchen":"true","kids_area":1,"water_available":"true","need_water":60000,"who_water":"Syterne","how_water":null,"LAF_Focal":null,"LAF_shelter_name":null,"LAF_Phone_nb":null,"kg1_public_f":null,"kg1_public_e":null,"kg1_private":null,"kg2_public_f":null,"kg2_public_e":null,"kg2_private":null,"kg3_public_f":null,"kg3_public_e":null,"kg3_private":null,"gr1_public_f":null,"gr1_public_e":null,"gr1_private":null,"gr2_public_f":null,"gr2_public_e":null,"gr2_private":null,"gr3_public_f":null,"gr3_public_e":null,"gr3_private":null,"gr4_public_f":null,"gr4_public_e":null,"gr4_private":null,"gr5_public_f":null,"gr5_public_e":null,"gr5_private":null,"gr6_public_f":null,"gr6_public_e":null,"gr6_private":null,"gr7_public_f":null,"gr7_public_e":null,"gr7_private":null,"gr8_public_f":null,"gr8_public_e":null,"gr8_private":null,"gr9_public_f":null,"gr9_public_e":null,"gr9_private":null,"gr10_public_f":null,"gr10_public_e":null,"gr10_private":null,"gr11s_public_f":null,"gr11s_public_e":null,"gr11s_private":null,"gr11e_public_f":null,"gr11e_public_e":null,"gr11e_private":null,"gr12sg_public_f":null,"gr12sg_public_e":null,"gr12sg_private":null,"gr12se_public_f":null,"gr12se_public_e":null,"gr12se_private":null,"gr12lh_public_f":null,"gr12lh_public_e":null,"gr12lh_private":null,"gr12sv_public_f":null,"gr12sv_public_e":null,"gr12sv_private":null,"tvet_public":null,"tvet_private":null,"uni":null,"syrians":null,"oosc":null,"teachers":null,"bath_hygiene":"fair","playground":"fair","corridor":"fair","rooms_hygiene":"fair","Is_waste_collected":"true","Collection_frequency":"daily","construction":"true","yes_construction":"صيانة الحمامات","unified_authority":null,"documentation":null,"check_all":"true","Comments":"true","comments2":"summer blankets","age0_6_months":0,"age6_12_months":0,"f_age0_6_months":0,"f_age6_12_months":1,"f_ages_1_3":2,"f_age_3_5":3,"f_age_6_12":13,"f_age_13_18":13,"f_age_19_57":97,"f_age_58_above":23,"Female_Headed_Households":15,"lost_kids":5,"chronic_disease":136,"diesel_fuel_tank":"false","count_tanks":null,"capacity_tank":null,"need_bin":null,"need_bin_240":null,"need_bin_1100":null,"status_2026":"used","gov_cad":"Beirut","district_cad":"Beirut","cad_name":"Ras Beyrouth","x":35.47996308,"y":33.89524183},"geometry":{"type":"Point","coordinates":[35.47996308,33.89524183]}},
{"type":"Feature","properties":{"objectid":1556,"globalid":"c07b6eed-600f-4138-9c8b-7d8cb9d13b96","shelter_name":"مستشفى الشرق الاوسط","governorate_name":"Beirut","district_name":"Beirut","villages":"Ramlet el Bayda","lat_calc":33.871411,"long_calc":35.481987,"loc_calc":"33.871411 35.481987","structure_type":"Other","structure_type_other":"old hospital ","cerd_number":null,"ministry_name":"مستشفى الشرق الاوسط","ACS":10210,"P_Code":"10210_046","focal":"جميلة الشبلي","nb":78805754,"mosa_focal":"ماريا مولى","mosa_focal_phone":71776433,"mehe_focal":null,"mehe_focalnb":null,"type_private_public":"private","other_specifyy":null,"status":"open","notes":null,"sourcee":"field","displaced_cas_code":10210,"phases":null,"nb_idps":147,"nb_families":33,"capacity":200,"male":72,"female":75,"age_0_1":10,"ages_1_3":2,"age_3_5":2,"age_6_12":5,"age_13_18":11,"age_19_57":46,"age_58_above":3,"disabilities_pregnant":null,"pregnant_women":1,"heating_disability":null,"visual_disability":null,"physical_disability":null,"interllectual_disability":null,"CreationDate":"2026-03-09T06:40:41","Creator":"Ramez.Hassan.961","EditDate":"2026-09-01T08:04:23","Editor":"EOR.BEIRUT","lactating_women":1,"hearing_disability":null,"mental_disability":null,"DONT_ADD":"true","old_global_id":"{F6089894-B9D2-4FA2-91FA-DDABD0BD321F}","floorsnum":null,"totalrooms":null,"occ_rooms":null,"free_spaces":null,"free_rooms":null,"kitchen_found":null,"kitchen_found2":null,"type_meal":null,"toilets_male":null,"toilets_female":null,"toilets_not_used_male":null,"toilets_not_used_female":null,"water_source":null,"elec_source":null,"bathtub_male":null,"bathtub_female":null,"generator":null,"generator_kva":null,"water_tank":null,"water_tank_capacity":null,"water_heater":null,"ac":null,"firedistinguisher":null,"first_aid":null,"wheelchair":null,"beds":null,"fridges":null,"washingmachines":null,"kitchen":null,"kids_area":null,"water_available":null,"need_water":null,"who_water":null,"how_water":null,"LAF_Focal":null,"LAF_shelter_name":null,"LAF_Phone_nb":null,"kg1_public_f":null,"kg1_public_e":1,"kg1_private":null,"kg2_public_f":null,"kg2_public_e":null,"kg2_private":null,"kg3_public_f":null,"kg3_public_e":2,"kg3_private":null,"gr1_public_f":null,"gr1_public_e":3,"gr1_private":null,"gr2_public_f":null,"gr2_public_e":4,"gr2_private":null,"gr3_public_f":null,"gr3_public_e":2,"gr3_private":null,"gr4_public_f":null,"gr4_public_e":2,"gr4_private":null,"gr5_public_f":null,"gr5_public_e":3,"gr5_private":null,"gr6_public_f":null,"gr6_public_e":2,"gr6_private":null,"gr7_public_f":null,"gr7_public_e":null,"gr7_private":null,"gr8_public_f":null,"gr8_public_e":2,"gr8_private":null,"gr9_public_f":null,"gr9_public_e":1,"gr9_private":null,"gr10_public_f":1,"gr10_public_e":0,"gr10_private":0,"gr11s_public_f":null,"gr11s_public_e":null,"gr11s_private":null,"gr11e_public_f":null,"gr11e_public_e":null,"gr11e_private":null,"gr12sg_public_f":null,"gr12sg_public_e":1,"gr12sg_private":null,"gr12se_public_f":null,"gr12se_public_e":null,"gr12se_private":null,"gr12lh_public_f":null,"gr12lh_public_e":null,"gr12lh_private":null,"gr12sv_public_f":null,"gr12sv_public_e":null,"gr12sv_private":null,"tvet_public":4,"tvet_private":1,"uni":3,"syrians":3,"oosc":6,"teachers":null,"bath_hygiene":null,"playground":null,"corridor":null,"rooms_hygiene":null,"Is_waste_collected":null,"Collection_frequency":null,"construction":null,"yes_construction":null,"unified_authority":null,"documentation":null,"check_all":null,"Comments":null,"comments2":"they need medicine for head lice, insecticide and rodenticide urgently.","age0_6_months":0,"age6_12_months":3,"f_age0_6_months":0,"f_age6_12_months":0,"f_ages_1_3":3,"f_age_3_5":1,"f_age_6_12":16,"f_age_13_18":24,"f_age_19_57":30,"f_age_58_above":1,"Female_Headed_Households":null,"lost_kids":null,"chronic_disease":null,"diesel_fuel_tank":null,"count_tanks":null,"capacity_tank":null,"need_bin":null,"need_bin_240":null,"need_bin_1100":null,"status_2026":"used","gov_cad":"Beirut","district_cad":"Beirut","cad_name":"Moussaytbeh","x":35.4825266,"y":33.8763445},"geometry":{"type":"Point","coordinates":[35.4825266,33.8763445]}},
{"type":"Feature","properties":{"objectid":1563,"globalid":"42ad9040-88b8-4f94-801d-fdf37652d1fe","shelter_name":"معهد العلوم الاجتماعية ","governorate_name":"Beirut","district_name":"Beirut","villages":"Raoucheh","lat_calc":33.8877,"long_calc":35.4734,"loc_calc":"33.8877 35.4734","structure_type":"Institute","structure_type_other":null,"cerd_number":null,"ministry_name":"معهد العلوم الاجتماعية ","ACS":10150,"P_Code":"10150_029","focal":null,"nb":null,"mosa_focal":"ليال اليمني","mosa_focal_phone":76869667,"mehe_focal":"علي مبارك","mehe_focalnb":"70899680","type_private_public":"public","other_specifyy":null,"status":"open","notes":null,"sourcee":"field","displaced_cas_code":10150,"phases":null,"nb_idps":37,"nb_families":11,"capacity":320,"male":19,"female":21,"age_0_1":null,"ages_1_3":1,"age_3_5":1,"age_6_12":3,"age_13_18":1,"age_19_57":9,"age_58_above":3,"disabilities_pregnant":null,"pregnant_women":null,"heating_disability":null,"visual_disability":0,"physical_disability":2,"interllectual_disability":null,"CreationDate":"2026-03-09T06:40:41","Creator":"Ramez.Hassan.961","EditDate":"2026-09-02T08:17:33","Editor":"EOR.BEIRUT","lactating_women":1,"hearing_disability":0,"mental_disability":1,"DONT_ADD":"true","old_global_id":"{38DC8A0B-4BF5-4EC3-8AAE-2CF48712926E}","floorsnum":8,"totalrooms":16,"occ_rooms":9,"free_spaces":9,"free_rooms":0,"kitchen_found":"false","kitchen_found2":null,"type_meal":null,"toilets_male":3,"toilets_female":12,"toilets_not_used_male":1,"toilets_not_used_female":0,"water_source":"شراء من السيترن","elec_source":"دولة","bathtub_male":1,"bathtub_female":8,"generator":"true","generator_kva":65,"water_tank":5,"water_tank_capacity":50000,"water_heater":6,"ac":0,"firedistinguisher":0,"first_aid":"false","wheelchair":2,"beds":0,"fridges":0,"washingmachines":4,"kitchen":"false","kids_area":1,"water_available":"false","need_water":60,"who_water":null,"how_water":null,"LAF_Focal":null,"LAF_shelter_name":null,"LAF_Phone_nb":null,"kg1_public_f":0,"kg1_public_e":1,"kg1_private":2,"kg2_public_f":0,"kg2_public_e":1,"kg2_private":6,"kg3_public_f":0,"kg3_public_e":0,"kg3_private":5,"gr1_public_f":0,"gr1_public_e":1,"gr1_private":5,"gr2_public_f":0,"gr2_public_e":1,"gr2_private":2,"gr3_public_f":0,"gr3_public_e":1,"gr3_private":3,"gr4_public_f":0,"gr4_public_e":0,"gr4_private":8,"gr5_public_f":0,"gr5_public_e":4,"gr5_private":4,"gr6_public_f":0,"gr6_public_e":3,"gr6_private":3,"gr7_public_f":0,"gr7_public_e":1,"gr7_private":6,"gr8_public_f":0,"gr8_public_e":3,"gr8_private":3,"gr9_public_f":0,"gr9_public_e":1,"gr9_private":0,"gr10_public_f":0,"gr10_public_e":0,"gr10_private":2,"gr11s_public_f":0,"gr11s_public_e":0,"gr11s_private":1,"gr11e_public_f":0,"gr11e_public_e":1,"gr11e_private":0,"gr12sg_public_f":0,"gr12sg_public_e":1,"gr12sg_private":0,"gr12se_public_f":0,"gr12se_public_e":1,"gr12se_private":0,"gr12lh_public_f":"false","gr12lh_public_e":0,"gr12lh_private":"false","gr12sv_public_f":0,"gr12sv_public_e":1,"gr12sv_private":0,"tvet_public":4,"tvet_private":3,"uni":10,"syrians":null,"oosc":null,"teachers":null,"bath_hygiene":"bad","playground":"bad","corridor":"bad","rooms_hygiene":"bad","Is_waste_collected":"true","Collection_frequency":"weekly","construction":"false","yes_construction":null,"unified_authority":"true","documentation":"true","check_all":"false","Comments":null,"comments2":null,"age0_6_months":1,"age6_12_months":0,"f_age0_6_months":0,"f_age6_12_months":0,"f_ages_1_3":0,"f_age_3_5":1,"f_age_6_12":3,"f_age_13_18":3,"f_age_19_57":10,"f_age_58_above":4,"Female_Headed_Households":10,"lost_kids":null,"chronic_disease":10,"diesel_fuel_tank":"true","count_tanks":1,"capacity_tank":2000,"need_bin":null,"need_bin_240":null,"need_bin_1100":null,"status_2026":"used","gov_cad":"Beirut","district_cad":"Beirut","cad_name":"Ras Beyrouth","x":35.47591667,"y":33.88908333},"geometry":{"type":"Point","coordinates":[35.47591667,33.88908333]}},
{"type":"Feature","properties":{"objectid":1565,"globalid":"9fd70eac-f9b2-4d34-9369-39bba1f8896d","shelter_name":"بناية بنك الجمال","governorate_name":"Beirut","district_name":"Beirut","villages":"El Hamra","lat_calc":33.896312,"long_calc":35.481959,"loc_calc":"33.896312 35.481959","structure_type":"Other","structure_type_other":"building","cerd_number":null,"ministry_name":"بناية بنك الجمال","ACS":10210,"P_Code":"10210_050","focal":"حسين","nb":76721975,"mosa_focal":"ليال اليمني","mosa_focal_phone":76869667,"mehe_focal":null,"mehe_focalnb":null,"type_private_public":"private","other_specifyy":null,"status":"open","notes":null,"sourcee":"ministry","displaced_cas_code":10150,"phases":null,"nb_idps":111,"nb_families":30,"capacity":388,"male":47,"female":64,"age_0_1":6,"ages_1_3":1,"age_3_5":5,"age_6_12":6,"age_13_18":8,"age_19_57":22,"age_58_above":4,"disabilities_pregnant":null,"pregnant_women":3,"heating_disability":null,"visual_disability":0,"physical_disability":2,"interllectual_disability":null,"CreationDate":"2026-03-09T06:40:41","Creator":"Ramez.Hassan.961","EditDate":"2026-09-02T08:20:19","Editor":"EOR.BEIRUT","lactating_women":2,"hearing_disability":1,"mental_disability":null,"DONT_ADD":"true","old_global_id":"{85E07BBC-C59B-4BFB-AEEC-68F1A3D85C25}","floorsnum":14,"totalrooms":196,"occ_rooms":196,"free_spaces":0,"free_rooms":0,"kitchen_found":"false","kitchen_found2":null,"type_meal":null,"toilets_male":42,"toilets_female":42,"toilets_not_used_male":0,"toilets_not_used_female":0,"water_source":"wizara ","elec_source":"eshtirak, payment from the idps ","bathtub_male":42,"bathtub_female":42,"generator":"false","generator_kva":null,"water_tank":5,"water_tank_capacity":35000,"water_heater":10,"ac":0,"firedistinguisher":0,"first_aid":"false","wheelchair":0,"beds":0,"fridges":10,"washingmachines":10,"kitchen":"false","kids_area":null,"water_available":"true","need_water":120,"who_water":"wizaret el shou2oun ","how_water":null,"LAF_Focal":null,"LAF_shelter_name":null,"LAF_Phone_nb":null,"kg1_public_f":0,"kg1_public_e":6,"kg1_private":1,"kg2_public_f":0,"kg2_public_e":3,"kg2_private":6,"kg3_public_f":0,"kg3_public_e":2,"kg3_private":4,"gr1_public_f":0,"gr1_public_e":0,"gr1_private":5,"gr2_public_f":0,"gr2_public_e":2,"gr2_private":4,"gr3_public_f":0,"gr3_public_e":2,"gr3_private":6,"gr4_public_f":0,"gr4_public_e":2,"gr4_private":2,"gr5_public_f":0,"gr5_public_e":2,"gr5_private":3,"gr6_public_f":0,"gr6_public_e":4,"gr6_private":5,"gr7_public_f":0,"gr7_public_e":2,"gr7_private":4,"gr8_public_f":0,"gr8_public_e":4,"gr8_private":0,"gr9_public_f":0,"gr9_public_e":1,"gr9_private":3,"gr10_public_f":1,"gr10_public_e":0,"gr10_private":3,"gr11s_public_f":0,"gr11s_public_e":null,"gr11s_private":1,"gr11e_public_f":null,"gr11e_public_e":null,"gr11e_private":0,"gr12sg_public_f":0,"gr12sg_public_e":0,"gr12sg_private":1,"gr12se_public_f":0,"gr12se_public_e":0,"gr12se_private":null,"gr12lh_public_f":"false","gr12lh_public_e":0,"gr12lh_private":"false","gr12sv_public_f":0,"gr12sv_public_e":0,"gr12sv_private":0,"tvet_public":1,"tvet_private":0,"uni":5,"syrians":0,"oosc":7,"teachers":0,"bath_hygiene":"good","playground":"good","corridor":"good","rooms_hygiene":"good","Is_waste_collected":"true","Collection_frequency":"daily","construction":"false","yes_construction":null,"unified_authority":"true","documentation":"true","check_all":"false","Comments":"true","comments2":"فشلت وزارة الصحة في دعم هذا الملجأ، فقد قامت بزيارات بالفعل لكنها لم تكن ناجحة ولم تُستكمل.","age0_6_months":1,"age6_12_months":0,"f_age0_6_months":2,"f_age6_12_months":1,"f_ages_1_3":5,"f_age_3_5":5,"f_age_6_12":7,"f_age_13_18":9,"f_age_19_57":29,"f_age_58_above":6,"Female_Headed_Households":null,"lost_kids":null,"chronic_disease":23,"diesel_fuel_tank":"false","count_tanks":null,"capacity_tank":null,"need_bin":"true","need_bin_240":28,"need_bin_1100":null,"status_2026":"used","gov_cad":"Beirut","district_cad":"Beirut","cad_name":"Moussaytbeh","x":35.48319444,"y":33.88411111},"geometry":{"type":"Point","coordinates":[35.48319444,33.88411111]}},
{"type":"Feature","properties":{"objectid":null,"globalid":null,"shelter_name":null,"governorate_name":null,"district_name":null,"villages":null,"lat_calc":null,"long_calc":null,"loc_calc":null,"structure_type":null,"structure_type_other":null,"cerd_number":null,"ministry_name":null,"ACS":null,"P_Code":null,"focal":null,"nb":null,"mosa_focal":null,"mosa_focal_phone":null,"mehe_focal":null,"mehe_focalnb":null,"type_private_public":null,"other_specifyy":null,"status":null,"notes":null,"sourcee":null,"displaced_cas_code":null,"phases":null,"nb_idps":null,"nb_families":null,"capacity":null,"male":null,"female":null,"age_0_1":null,"ages_1_3":null,"age_3_5":null,"age_6_12":null,"age_13_18":null,"age_19_57":null,"age_58_above":null,"disabilities_pregnant":null,"pregnant_women":null,"heating_disability":null,"visual_disability":null,"physical_disability":null,"interllectual_disability":null,"CreationDate":null,"Creator":null,"EditDate":null,"Editor":null,"lactating_women":null,"hearing_disability":null,"mental_disability":null,"DONT_ADD":null,"old_global_id":null,"floorsnum":null,"totalrooms":null,"occ_rooms":null,"free_spaces":null,"free_rooms":null,"kitchen_found":null,"kitchen_found2":null,"type_meal":null,"toilets_male":null,"toilets_female":null,"toilets_not_used_male":null,"toilets_not_used_female":null,"water_source":null,"elec_source":null,"bathtub_male":null,"bathtub_female":null,"generator":null,"generator_kva":null,"water_tank":null,"water_tank_capacity":null,"water_heater":null,"ac":null,"firedistinguisher":null,"first_aid":null,"wheelchair":null,"beds":null,"fridges":null,"washingmachines":null,"kitchen":null,"kids_area":null,"water_available":null,"need_water":null,"who_water":null,"how_water":null,"LAF_Focal":null,"LAF_shelter_name":null,"LAF_Phone_nb":null,"kg1_public_f":null,"kg1_public_e":null,"kg1_private":null,"kg2_public_f":null,"kg2_public_e":null,"kg2_private":null,"kg3_public_f":null,"kg3_public_e":null,"kg3_private":null,"gr1_public_f":null,"gr1_public_e":null,"gr1_private":null,"gr2_public_f":null,"gr2_public_e":null,"gr2_private":null,"gr3_public_f":null,"gr3_public_e":null,"gr3_private":null,"gr4_public_f":null,"gr4_public_e":null,"gr4_private":null,"gr5_public_f":null,"gr5_public_e":null,"gr5_private":null,"gr6_public_f":null,"gr6_public_e":null,"gr6_private":null,"gr7_public_f":null,"gr7_public_e":null,"gr7_private":null,"gr8_public_f":null,"gr8_public_e":null,"gr8_private":null,"gr9_public_f":null,"gr9_public_e":null,"gr9_private":null,"gr10_public_f":null,"gr10_public_e":null,"gr10_private":null,"gr11s_public_f":null,"gr11s_public_e":null,"gr11s_private":null,"gr11e_public_f":null,"gr11e_public_e":null,"gr11e_private":null,"gr12sg_public_f":null,"gr12sg_public_e":null,"gr12sg_private":null,"gr12se_public_f":null,"gr12se_public_e":null,"gr12se_private":null,"gr12lh_public_f":null,"gr12lh_public_e":null,"gr12lh_private":null,"gr12sv_public_f":null,"gr12sv_public_e":null,"gr12sv_private":null,"tvet_public":null,"tvet_private":null,"uni":null,"syrians":null,"oosc":null,"teachers":null,"bath_hygiene":null,"playground":null,"corridor":null,"rooms_hygiene":null,"Is_waste_collected":null,"Collection_frequency":null,"construction":null,"yes_construction":null,"unified_authority":null,"documentation":null,"check_all":null,"Comments":null,"comments2":"يرجى أخذ هذا التعليق على محمل الجد، لأن بعض المقيمين يعانون من أمراض خطيرة قد تهدد حياتهم.","age0_6_months":null,"age6_12_months":null,"f_age0_6_months":null,"f_age6_12_months":null,"f_ages_1_3":null,"f_age_3_5":null,"f_age_6_12":null,"f_age_13_18":null,"f_age_19_57":null,"f_age_58_above":null,"Female_Headed_Households":null,"lost_kids":null,"chronic_disease":null,"diesel_fuel_tank":null,"count_tanks":null,"capacity_tank":null,"need_bin":null,"need_bin_240":null,"need_bin_1100":null,"status_2026":null,"gov_cad":null,"district_cad":null,"cad_name":null,"x":null,"y":null},"geometry":null},
{"type":"Feature","properties":{"objectid":null,"globalid":null,"shelter_name":null,"governorate_name":null,"district_name":null,"villages":null,"lat_calc":null,"long_calc":null,"loc_calc":null,"structure_type":null,"structure_type_other":null,"cerd_number":null,"ministry_name":null,"ACS":null,"P_Code":null,"focal":null,"nb":null,"mosa_focal":null,"mosa_focal_phone":null,"mehe_focal":null,"mehe_focalnb":null,"type_private_public":null,"other_specifyy":null,"status":null,"notes":null,"sourcee":null,"displaced_cas_code":null,"phases":null,"nb_idps":null,"nb_families":null,"capacity":null,"male":null,"female":null,"age_0_1":null,"ages_1_3":null,"age_3_5":null,"age_6_12":null,"age_13_18":null,"age_19_57":null,"age_58_above":null,"disabilities_pregnant":null,"pregnant_women":null,"heating_disability":null,"visual_disability":null,"physical_disability":null,"interllectual_disability":null,"CreationDate":null,"Creator":null,"EditDate":null,"Editor":null,"lactating_women":null,"hearing_disability":null,"mental_disability":null,"DONT_ADD":null,"old_global_id":null,"floorsnum":null,"totalrooms":null,"occ_rooms":null,"free_spaces":null,"free_rooms":null,"kitchen_found":null,"kitchen_found2":null,"type_meal":null,"toilets_male":null,"toilets_female":null,"toilets_not_used_male":null,"toilets_not_used_female":null,"water_source":null,"elec_source":null,"bathtub_male":null,"bathtub_female":null,"generator":null,"generator_kva":null,"water_tank":null,"water_tank_capacity":null,"water_heater":null,"ac":null,"firedistinguisher":null,"first_aid":null,"wheelchair":null,"beds":null,"fridges":null,"washingmachines":null,"kitchen":null,"kids_area":null,"water_available":null,"need_water":null,"who_water":null,"how_water":null,"LAF_Focal":null,"LAF_shelter_name":null,"LAF_Phone_nb":null,"kg1_public_f":null,"kg1_public_e":null,"kg1_private":null,"kg2_public_f":null,"kg2_public_e":null,"kg2_private":null,"kg3_public_f":null,"kg3_public_e":null,"kg3_private":null,"gr1_public_f":null,"gr1_public_e":null,"gr1_private":null,"gr2_public_f":null,"gr2_public_e":null,"gr2_private":null,"gr3_public_f":null,"gr3_public_e":null,"gr3_private":null,"gr4_public_f":null,"gr4_public_e":null,"gr4_private":null,"gr5_public_f":null,"gr5_public_e":null,"gr5_private":null,"gr6_public_f":null,"gr6_public_e":null,"gr6_private":null,"gr7_public_f":null,"gr7_public_e":null,"gr7_private":null,"gr8_public_f":null,"gr8_public_e":null,"gr8_private":null,"gr9_public_f":null,"gr9_public_e":null,"gr9_private":null,"gr10_public_f":null,"gr10_public_e":null,"gr10_private":null,"gr11s_public_f":null,"gr11s_public_e":null,"gr11s_private":null,"gr11e_public_f":null,"gr11e_public_e":null,"gr11e_private":null,"gr12sg_public_f":null,"gr12sg_public_e":null,"gr12sg_private":null,"gr12se_public_f":null,"gr12se_public_e":null,"gr12se_private":null,"gr12lh_public_f":null,"gr12lh_public_e":null,"gr12lh_private":null,"gr12sv_public_f":null,"gr12sv_public_e":null,"gr12sv_private":null,"tvet_public":null,"tvet_private":null,"uni":null,"syrians":null,"oosc":null,"teachers":null,"bath_hygiene":null,"playground":null,"corridor":null,"rooms_hygiene":null,"Is_waste_collected":null,"Collection_frequency":null,"construction":null,"yes_construction":null,"unified_authority":null,"documentation":null,"check_all":null,"Comments":null,"comments2":"هناك طابق كبير (الثالث) يحتاج إلى ترميم ويمكن أن يستوعب أكثر من 15 عائلة","age0_6_months":null,"age6_12_months":null,"f_age0_6_months":null,"f_age6_12_months":null,"f_ages_1_3":null,"f_age_3_5":null,"f_age_6_12":null,"f_age_13_18":null,"f_age_19_57":null,"f_age_58_above":null,"Female_Headed_Households":null,"lost_kids":null,"chronic_disease":null,"diesel_fuel_tank":null,"count_tanks":null,"capacity_tank":null,"need_bin":null,"need_bin_240":null,"need_bin_1100":null,"status_2026":null,"gov_cad":null,"district_cad":null,"cad_name":null,"x":null,"y":null},"geometry":null},
{"type":"Feature","properties":{"objectid":1572,"globalid":"58c90e85-b2cd-4de4-b104-d4cee07fbcc3","shelter_name":"Hotel gefinor","governorate_name":"Beirut","district_name":"Beirut","villages":"Beirut","lat_calc":33.888167,"long_calc":35.500906,"loc_calc":"33.888167 35.500906","structure_type":"Other","structure_type_other":"Building owner","cerd_number":null,"ministry_name":"Hotel gefinor","ACS":10350,"P_Code":"10350_030","focal":"المختار عبد","nb":81999432,"mosa_focal":"نتالين ناصر الدين ","mosa_focal_phone":76606214,"mehe_focal":null,"mehe_focalnb":null,"type_private_public":"other","other_specifyy":null,"status":"full","notes":null,"sourcee":"field","displaced_cas_code":10350,"phases":null,"nb_idps":63,"nb_families":17,"capacity":250,"male":31,"female":29,"age_0_1":12,"ages_1_3":0,"age_3_5":2,"age_6_12":4,"age_13_18":1,"age_19_57":17,"age_58_above":5,"disabilities_pregnant":null,"pregnant_women":null,"heating_disability":null,"visual_disability":null,"physical_disability":null,"interllectual_disability":null,"CreationDate":"2026-03-09T06:40:41","Creator":"Ramez.Hassan.961","EditDate":"2026-09-01T10:13:05","Editor":"EOR.BEIRUT","lactating_women":2,"hearing_disability":null,"mental_disability":null,"DONT_ADD":"true","old_global_id":"{B2F50C29-B89C-4BF3-B1BB-A5EE754B154F}","floorsnum":14,"totalrooms":21,"occ_rooms":49,"free_spaces":0,"free_rooms":0,"kitchen_found":"false","kitchen_found2":null,"type_meal":null,"toilets_male":28,"toilets_female":28,"toilets_not_used_male":0,"toilets_not_used_female":0,"water_source":"تعباية كميون مياه ","elec_source":"اشتراك ","bathtub_male":14,"bathtub_female":14,"generator":"false","generator_kva":null,"water_tank":20,"water_tank_capacity":40000,"water_heater":6,"ac":0,"firedistinguisher":0,"first_aid":"true","wheelchair":0,"beds":0,"fridges":0,"washingmachines":0,"kitchen":"false","kids_area":1,"water_available":"false","need_water":40000,"who_water":null,"how_water":null,"LAF_Focal":null,"LAF_shelter_name":null,"LAF_Phone_nb":null,"kg1_public_f":null,"kg1_public_e":1,"kg1_private":4,"kg2_public_f":null,"kg2_public_e":2,"kg2_private":2,"kg3_public_f":null,"kg3_public_e":5,"kg3_private":null,"gr1_public_f":null,"gr1_public_e":3,"gr1_private":9,"gr2_public_f":null,"gr2_public_e":2,"gr2_private":8,"gr3_public_f":null,"gr3_public_e":8,"gr3_private":6,"gr4_public_f":null,"gr4_public_e":6,"gr4_private":8,"gr5_public_f":null,"gr5_public_e":4,"gr5_private":7,"gr6_public_f":null,"gr6_public_e":5,"gr6_private":6,"gr7_public_f":null,"gr7_public_e":5,"gr7_private":6,"gr8_public_f":null,"gr8_public_e":9,"gr8_private":2,"gr9_public_f":1,"gr9_public_e":3,"gr9_private":5,"gr10_public_f":null,"gr10_public_e":3,"gr10_private":2,"gr11s_public_f":null,"gr11s_public_e":2,"gr11s_private":null,"gr11e_public_f":null,"gr11e_public_e":null,"gr11e_private":null,"gr12sg_public_f":null,"gr12sg_public_e":1,"gr12sg_private":null,"gr12se_public_f":null,"gr12se_public_e":1,"gr12se_private":1,"gr12lh_public_f":null,"gr12lh_public_e":null,"gr12lh_private":null,"gr12sv_public_f":null,"gr12sv_public_e":null,"gr12sv_private":null,"tvet_public":8,"tvet_private":12,"uni":13,"syrians":null,"oosc":8,"teachers":1,"bath_hygiene":"good","playground":"fair","corridor":"good","rooms_hygiene":"good","Is_waste_collected":"true","Collection_frequency":"daily","construction":"false","yes_construction":null,"unified_authority":"true","documentation":"true","check_all":null,"Comments":"true","comments2":null,"age0_6_months":0,"age6_12_months":2,"f_age0_6_months":0,"f_age6_12_months":1,"f_ages_1_3":0,"f_age_3_5":2,"f_age_6_12":1,"f_age_13_18":3,"f_age_19_57":19,"f_age_58_above":3,"Female_Headed_Households":1,"lost_kids":null,"chronic_disease":null,"diesel_fuel_tank":"false","count_tanks":null,"capacity_tank":null,"need_bin":"false","need_bin_240":null,"need_bin_1100":null,"status_2026":"used","gov_cad":"Beirut","district_cad":"Beirut","cad_name":"Ain el-Mreissé","x":35.48834464,"y":33.89832582},"geometry":{"type":"Point","coordinates":[35.48834464,33.89832582]}},
{"type":"Feature","properties":{"objectid":1575,"globalid":"e412acdf-c1a2-415d-bd30-fb44f28b0548","shelter_name":"اوتيل باسيفيك","governorate_name":"Beirut","district_name":"Beirut","villages":"Ain Mreisse","lat_calc":33.900039,"long_calc":35.485097,"loc_calc":"33.900039 35.485097","structure_type":"Other","structure_type_other":"hotel","cerd_number":null,"ministry_name":"اوتيل باسيفيك","ACS":10110,"P_Code":"10110_016","focal":"باقر يونس ","nb":76719228,"mosa_focal":"hasan tawbe","mosa_focal_phone":81710433,"mehe_focal":null,"mehe_focalnb":null,"type_private_public":"private","other_specifyy":null,"status":"open","notes":null,"sourcee":"field","displaced_cas_code":10110,"phases":null,"nb_idps":37,"nb_families":9,"capacity":300,"male":19,"female":18,"age_0_1":4,"ages_1_3":0,"age_3_5":1,"age_6_12":3,"age_13_18":4,"age_19_57":10,"age_58_above":1,"disabilities_pregnant":null,"pregnant_women":3,"heating_disability":null,"visual_disability":0,"physical_disability":0,"interllectual_disability":null,"CreationDate":"2026-03-09T06:40:41","Creator":"Ramez.Hassan.961","EditDate":"2026-09-02T08:09:13","Editor":"EOR.BEIRUT","lactating_women":2,"hearing_disability":0,"mental_disability":5,"DONT_ADD":"true","old_global_id":"{82A94663-4122-4E81-9230-702E443C46FB}","floorsnum":6,"totalrooms":53,"occ_rooms":53,"free_spaces":0,"free_rooms":0,"kitchen_found":"false","kitchen_found2":null,"type_meal":null,"toilets_male":0,"toilets_female":0,"toilets_not_used_male":19,"toilets_not_used_female":20,"water_source":"بئر ارتوازي ","elec_source":"اشتراك 20 amp مقدم من صاحب المبنى ","bathtub_male":10,"bathtub_female":10,"generator":"false","generator_kva":null,"water_tank":6,"water_tank_capacity":6000,"water_heater":1,"ac":0,"firedistinguisher":0,"first_aid":"false","wheelchair":0,"beds":0,"fridges":0,"washingmachines":0,"kitchen":"false","kids_area":0,"water_available":"true","need_water":30,"who_water":"بئر ارتوازي","how_water":"مضخة مياه","LAF_Focal":null,"LAF_shelter_name":null,"LAF_Phone_nb":null,"kg1_public_f":null,"kg1_public_e":null,"kg1_private":null,"kg2_public_f":null,"kg2_public_e":null,"kg2_private":null,"kg3_public_f":null,"kg3_public_e":null,"kg3_private":null,"gr1_public_f":null,"gr1_public_e":null,"gr1_private":null,"gr2_public_f":null,"gr2_public_e":1,"gr2_private":null,"gr3_public_f":null,"gr3_public_e":2,"gr3_private":null,"gr4_public_f":null,"gr4_public_e":null,"gr4_private":null,"gr5_public_f":null,"gr5_public_e":null,"gr5_private":null,"gr6_public_f":null,"gr6_public_e":null,"gr6_private":1,"gr7_public_f":null,"gr7_public_e":null,"gr7_private":null,"gr8_public_f":null,"gr8_public_e":null,"gr8_private":null,"gr9_public_f":null,"gr9_public_e":null,"gr9_private":null,"gr10_public_f":null,"gr10_public_e":1,"gr10_private":null,"gr11s_public_f":null,"gr11s_public_e":1,"gr11s_private":null,"gr11e_public_f":null,"gr11e_public_e":null,"gr11e_private":null,"gr12sg_public_f":null,"gr12sg_public_e":null,"gr12sg_private":null,"gr12se_public_f":null,"gr12se_public_e":null,"gr12se_private":null,"gr12lh_public_f":null,"gr12lh_public_e":null,"gr12lh_private":null,"gr12sv_public_f":null,"gr12sv_public_e":null,"gr12sv_private":null,"tvet_public":null,"tvet_private":null,"uni":null,"syrians":null,"oosc":null,"teachers":null,"bath_hygiene":"bad","playground":"bad","corridor":"fair","rooms_hygiene":"fair","Is_waste_collected":"true","Collection_frequency":"daily","construction":"false","yes_construction":null,"unified_authority":null,"documentation":null,"check_all":null,"Comments":null,"comments2":"food oil","age0_6_months":0,"age6_12_months":0,"f_age0_6_months":0,"f_age6_12_months":0,"f_ages_1_3":0,"f_age_3_5":0,"f_age_6_12":1,"f_age_13_18":1,"f_age_19_57":14,"f_age_58_above":2,"Female_Headed_Households":null,"lost_kids":null,"chronic_disease":null,"diesel_fuel_tank":null,"count_tanks":null,"capacity_tank":null,"need_bin":null,"need_bin_240":null,"need_bin_1100":null,"status_2026":"used","gov_cad":"Beirut","district_cad":"Beirut","cad_name":"Ain el-Mreissé","x":35.4918977,"y":33.8999318},"geometry":{"type":"Point","coordinates":[35.4918977,33.8999318]}},
{"type":"Feature","properties":{"objectid":1576,"globalid":"8bb2ee43-809f-491b-ad70-e7670f46df7f","shelter_name":"اوتيل ليتكوستار","governorate_name":"Beirut","district_name":"Beirut","villages":"Ain Mreisse","lat_calc":33.900039,"long_calc":35.485097,"loc_calc":"33.900039 35.485097","structure_type":"Other","structure_type_other":"Hotel","cerd_number":null,"ministry_name":"اوتيل ليتكوستار","ACS":10110,"P_Code":"10110_018","focal":"مازن حلبي ","nb":3814140,"mosa_focal":null,"mosa_focal_phone":null,"mehe_focal":null,"mehe_focalnb":null,"type_private_public":"private","other_specifyy":null,"status":"open","notes":null,"sourcee":"ministry","displaced_cas_code":10110,"phases":null,"nb_idps":146,"nb_families":51,"capacity":170,"male":50,"female":60,"age_0_1":null,"ages_1_3":1,"age_3_5":2,"age_6_12":12,"age_13_18":15,"age_19_57":16,"age_58_above":3,"disabilities_pregnant":null,"pregnant_women":2,"heating_disability":null,"visual_disability":4,"physical_disability":3,"interllectual_disability":null,"CreationDate":"2026-03-09T06:40:41","Creator":"Ramez.Hassan.961","EditDate":"2026-08-31T09:31:18","Editor":"EOR.BEIRUT","lactating_women":1,"hearing_disability":1,"mental_disability":4,"DONT_ADD":"true","old_global_id":"{BF789903-B0FD-49E4-AB29-75D0BDEFEB17}","floorsnum":7,"totalrooms":49,"occ_rooms":49,"free_spaces":0,"free_rooms":0,"kitchen_found":"false","kitchen_found2":null,"type_meal":null,"toilets_male":24,"toilets_female":25,"toilets_not_used_male":0,"toilets_not_used_female":0,"water_source":"بير ارتوازي","elec_source":"موتور المنطقة","bathtub_male":49,"bathtub_female":49,"generator":"false","generator_kva":null,"water_tank":1,"water_tank_capacity":128000,"water_heater":0,"ac":0,"firedistinguisher":1,"first_aid":"false","wheelchair":0,"beds":0,"fridges":0,"washingmachines":2,"kitchen":"false","kids_area":0,"water_available":"true","need_water":200,"who_water":"بير ارتوازي ","how_water":"بير ارتوازي خاص","LAF_Focal":null,"LAF_shelter_name":null,"LAF_Phone_nb":null,"kg1_public_f":0,"kg1_public_e":1,"kg1_private":0,"kg2_public_f":0,"kg2_public_e":1,"kg2_private":0,"kg3_public_f":0,"kg3_public_e":2,"kg3_private":0,"gr1_public_f":0,"gr1_public_e":2,"gr1_private":0,"gr2_public_f":0,"gr2_public_e":4,"gr2_private":0,"gr3_public_f":0,"gr3_public_e":1,"gr3_private":1,"gr4_public_f":0,"gr4_public_e":2,"gr4_private":0,"gr5_public_f":0,"gr5_public_e":3,"gr5_private":0,"gr6_public_f":0,"gr6_public_e":4,"gr6_private":0,"gr7_public_f":0,"gr7_public_e":5,"gr7_private":0,"gr8_public_f":0,"gr8_public_e":2,"gr8_private":0,"gr9_public_f":0,"gr9_public_e":6,"gr9_private":0,"gr10_public_f":0,"gr10_public_e":0,"gr10_private":1,"gr11s_public_f":0,"gr11s_public_e":5,"gr11s_private":1,"gr11e_public_f":0,"gr11e_public_e":0,"gr11e_private":0,"gr12sg_public_f":0,"gr12sg_public_e":4,"gr12sg_private":1,"gr12se_public_f":0,"gr12se_public_e":0,"gr12se_private":0,"gr12lh_public_f":"false","gr12lh_public_e":0,"gr12lh_private":"false","gr12sv_public_f":0,"gr12sv_public_e":0,"gr12sv_private":0,"tvet_public":4,"tvet_private":1,"uni":5,"syrians":9,"oosc":10,"teachers":1,"bath_hygiene":"bad","playground":"bad","corridor":"bad","rooms_hygiene":"bad","Is_waste_collected":"true","Collection_frequency":"daily","construction":"true","yes_construction":"سنكرية","unified_authority":"true","documentation":"true","check_all":"false","Comments":"false","comments2":"aug 21 A person with hemiplegia requires healthcare assistance and medical supplies.","age0_6_months":1,"age6_12_months":0,"f_age0_6_months":0,"f_age6_12_months":0,"f_ages_1_3":0,"f_age_3_5":5,"f_age_6_12":7,"f_age_13_18":21,"f_age_19_57":20,"f_age_58_above":7,"Female_Headed_Households":1,"lost_kids":0,"chronic_disease":25,"diesel_fuel_tank":"false","count_tanks":null,"capacity_tank":null,"need_bin":"false","need_bin_240":null,"need_bin_1100":null,"status_2026":"used","gov_cad":"Beirut","district_cad":"Beirut","cad_name":"Ain el-Mreissé","x":35.49217392,"y":33.89929396},"geometry":{"type":"Point","coordinates":[35.49217392,33.89929396]}},
{"type":"Feature","properties":{"objectid":1592,"globalid":"04a148bd-c332-4d28-a63f-512f9a29366f","shelter_name":"بناية دوحة سنتر ","governorate_name":"Beirut","district_name":"Beirut","villages":"Raoucheh","lat_calc":33.8877,"long_calc":35.4734,"loc_calc":"33.8877 35.4734","structure_type":"Other","structure_type_other":"building ","cerd_number":null,"ministry_name":"بناية دوحة سنتر ","ACS":10150,"P_Code":"10150_037","focal":"علي ابو رضا","nb":3053945,"mosa_focal":"ايمان جواد","mosa_focal_phone":3785102,"mehe_focal":"سلمى سلوم","mehe_focalnb":"71186202","type_private_public":"private","other_specifyy":null,"status":"open","notes":null,"sourcee":"field","displaced_cas_code":10150,"phases":null,"nb_idps":250,"nb_families":51,"capacity":550,"male":164,"female":256,"age_0_1":4,"ages_1_3":8,"age_3_5":3,"age_6_12":28,"age_13_18":16,"age_19_57":90,"age_58_above":14,"disabilities_pregnant":null,"pregnant_women":2,"heating_disability":null,"visual_disability":0,"physical_disability":2,"interllectual_disability":null,"CreationDate":"2026-03-09T06:40:41","Creator":"Ramez.Hassan.961","EditDate":"2026-08-31T09:47:49","Editor":"EOR.BEIRUT","lactating_women":4,"hearing_disability":1,"mental_disability":4,"DONT_ADD":"true","old_global_id":"{95F1CC3B-0239-4F6B-A454-B4608BE79D46}","floorsnum":9,"totalrooms":38,"occ_rooms":38,"free_spaces":0,"free_rooms":1,"kitchen_found":"false","kitchen_found2":null,"type_meal":null,"toilets_male":18,"toilets_female":19,"toilets_not_used_male":0,"toilets_not_used_female":0,"water_source":"شراء مياه","elec_source":"اشتراك + دولة ","bathtub_male":3,"bathtub_female":3,"generator":"false","generator_kva":null,"water_tank":4,"water_tank_capacity":10000,"water_heater":0,"ac":0,"firedistinguisher":0,"first_aid":"false","wheelchair":0,"beds":0,"fridges":0,"washingmachines":0,"kitchen":"false","kids_area":1,"water_available":"false","need_water":50,"who_water":null,"how_water":null,"LAF_Focal":null,"LAF_shelter_name":null,"LAF_Phone_nb":null,"kg1_public_f":0,"kg1_public_e":4,"kg1_private":0,"kg2_public_f":0,"kg2_public_e":3,"kg2_private":0,"kg3_public_f":0,"kg3_public_e":2,"kg3_private":0,"gr1_public_f":0,"gr1_public_e":12,"gr1_private":0,"gr2_public_f":0,"gr2_public_e":6,"gr2_private":0,"gr3_public_f":0,"gr3_public_e":2,"gr3_private":0,"gr4_public_f":0,"gr4_public_e":2,"gr4_private":0,"gr5_public_f":0,"gr5_public_e":2,"gr5_private":0,"gr6_public_f":1,"gr6_public_e":2,"gr6_private":0,"gr7_public_f":0,"gr7_public_e":1,"gr7_private":0,"gr8_public_f":9,"gr8_public_e":10,"gr8_private":6,"gr9_public_f":4,"gr9_public_e":11,"gr9_private":5,"gr10_public_f":3,"gr10_public_e":4,"gr10_private":0,"gr11s_public_f":1,"gr11s_public_e":3,"gr11s_private":1,"gr11e_public_f":1,"gr11e_public_e":2,"gr11e_private":0,"gr12sg_public_f":0,"gr12sg_public_e":1,"gr12sg_private":0,"gr12se_public_f":0,"gr12se_public_e":0,"gr12se_private":0,"gr12lh_public_f":"false","gr12lh_public_e":0,"gr12lh_private":"false","gr12sv_public_f":0,"gr12sv_public_e":1,"gr12sv_private":0,"tvet_public":0,"tvet_private":0,"uni":4,"syrians":0,"oosc":4,"teachers":1,"bath_hygiene":"bad","playground":"fair","corridor":"bad","rooms_hygiene":"bad","Is_waste_collected":"true","Collection_frequency":"daily","construction":"false","yes_construction":null,"unified_authority":null,"documentation":null,"check_all":"false","Comments":"true","comments2":"needs bed for down syndrom individual as she cant sleep on ground (not necessirly medical)","age0_6_months":5,"age6_12_months":0,"f_age0_6_months":1,"f_age6_12_months":9,"f_ages_1_3":22,"f_age_3_5":19,"f_age_6_12":32,"f_age_13_18":35,"f_age_19_57":98,"f_age_58_above":40,"Female_Headed_Households":1,"lost_kids":null,"chronic_disease":25,"diesel_fuel_tank":"false","count_tanks":null,"capacity_tank":null,"need_bin":null,"need_bin_240":null,"need_bin_1100":null,"status_2026":"used","gov_cad":"Beirut","district_cad":"Beirut","cad_name":"Ras Beyrouth","x":35.4734,"y":33.8877},"geometry":{"type":"Point","coordinates":[35.4734,33.8877]}},
{"type":"Feature","properties":{"objectid":1625,"globalid":"b7aaf3e9-9012-4bef-9491-1639f3e64ddd","shelter_name":"معهد الحريري","governorate_name":"Beirut","district_name":"Beirut","villages":"Tariq El Jdide","lat_calc":33.873788,"long_calc":35.502193,"loc_calc":"33.873788 35.502193","structure_type":"Institute","structure_type_other":null,"cerd_number":null,"ministry_name":null,"ACS":10350,"P_Code":"10350_017","focal":"محمد صقر","nb":70958069,"mosa_focal":"صفية كلش","mosa_focal_phone":71269376,"mehe_focal":"محمد صقر  ","mehe_focalnb":"70958069","type_private_public":"public","other_specifyy":null,"status":"open","notes":null,"sourcee":"field","displaced_cas_code":10310,"phases":null,"nb_idps":220,"nb_families":57,"capacity":1500,"male":86,"female":92,"age_0_1":16,"ages_1_3":2,"age_3_5":3,"age_6_12":14,"age_13_18":9,"age_19_57":45,"age_58_above":11,"disabilities_pregnant":null,"pregnant_women":2,"heating_disability":null,"visual_disability":2,"physical_disability":2,"interllectual_disability":null,"CreationDate":"2026-03-09T06:40:41","Creator":"Ramez.Hassan.961","EditDate":"2026-09-02T08:51:39","Editor":"EOR.BEIRUT","lactating_women":1,"hearing_disability":1,"mental_disability":3,"DONT_ADD":"true","old_global_id":"{E2697555-31E4-4D3B-83A2-3D91E41B50FA}","floorsnum":5,"totalrooms":318,"occ_rooms":170,"free_spaces":148,"free_rooms":0,"kitchen_found":"true","kitchen_found2":"false","type_meal":null,"toilets_male":80,"toilets_female":null,"toilets_not_used_male":48,"toilets_not_used_female":null,"water_source":"مياه اشتراك من المخيم","elec_source":"  يوجد في ثلاث مباني طاقة شمسية الا مبنى واحد بالاضفة الى كهربة الدولة","bathtub_male":0,"bathtub_female":0,"generator":"false","generator_kva":null,"water_tank":18,"water_tank_capacity":36000,"water_heater":0,"ac":0,"firedistinguisher":0,"first_aid":"true","wheelchair":0,"beds":0,"fridges":3,"washingmachines":3,"kitchen":"false","kids_area":2,"water_available":"false","need_water":null,"who_water":null,"how_water":null,"LAF_Focal":null,"LAF_shelter_name":null,"LAF_Phone_nb":null,"kg1_public_f":null,"kg1_public_e":2,"kg1_private":null,"kg2_public_f":null,"kg2_public_e":2,"kg2_private":null,"kg3_public_f":null,"kg3_public_e":7,"kg3_private":null,"gr1_public_f":null,"gr1_public_e":2,"gr1_private":1,"gr2_public_f":0,"gr2_public_e":1,"gr2_private":null,"gr3_public_f":null,"gr3_public_e":4,"gr3_private":null,"gr4_public_f":0,"gr4_public_e":4,"gr4_private":1,"gr5_public_f":1,"gr5_public_e":7,"gr5_private":1,"gr6_public_f":null,"gr6_public_e":3,"gr6_private":null,"gr7_public_f":1,"gr7_public_e":2,"gr7_private":null,"gr8_public_f":0,"gr8_public_e":1,"gr8_private":1,"gr9_public_f":1,"gr9_public_e":1,"gr9_private":null,"gr10_public_f":0,"gr10_public_e":null,"gr10_private":0,"gr11s_public_f":null,"gr11s_public_e":null,"gr11s_private":1,"gr11e_public_f":0,"gr11e_public_e":0,"gr11e_private":0,"gr12sg_public_f":0,"gr12sg_public_e":null,"gr12sg_private":null,"gr12se_public_f":null,"gr12se_public_e":null,"gr12se_private":null,"gr12lh_public_f":null,"gr12lh_public_e":null,"gr12lh_private":null,"gr12sv_public_f":null,"gr12sv_public_e":null,"gr12sv_private":null,"tvet_public":1,"tvet_private":1,"uni":null,"syrians":2,"oosc":2,"teachers":null,"bath_hygiene":"bad","playground":"fair","corridor":"fair","rooms_hygiene":"fair","Is_waste_collected":"false","Collection_frequency":null,"construction":null,"yes_construction":null,"unified_authority":null,"documentation":null,"check_all":null,"Comments":null,"comments2":"ready meal arent enough because they are of small portions","age0_6_months":2,"age6_12_months":0,"f_age0_6_months":0,"f_age6_12_months":6,"f_ages_1_3":3,"f_age_3_5":1,"f_age_6_12":13,"f_age_13_18":11,"f_age_19_57":47,"f_age_58_above":11,"Female_Headed_Households":7,"lost_kids":null,"chronic_disease":null,"diesel_fuel_tank":null,"count_tanks":null,"capacity_tank":null,"need_bin":null,"need_bin_240":null,"need_bin_1100":null,"status_2026":"used","gov_cad":"Beirut","district_cad":"Beirut","cad_name":"Zoukak el-Blatt","x":35.5019615,"y":33.89403279},"geometry":{"type":"Point","coordinates":[35.5019615,33.89403279]}},
{"type":"Feature","properties":{"objectid":1630,"globalid":"2f0befd4-248e-44b4-989a-bdc56db245c4","shelter_name":"مدرسة الكويتية","governorate_name":"Beirut","district_name":"Beirut","villages":"Basta Faouka","lat_calc":33.883405,"long_calc":35.501487,"loc_calc":"33.883405 35.501487","structure_type":"School","structure_type_other":null,"cerd_number":null,"ministry_name":null,"ACS":10310,"P_Code":"10310_076","focal":"صبحي ماجد","nb":3191544,"mosa_focal":"لارا قره علي","mosa_focal_phone":70977652,"mehe_focal":null,"mehe_focalnb":null,"type_private_public":"public","other_specifyy":null,"status":"open","notes":null,"sourcee":"ministry","displaced_cas_code":10310,"phases":null,"nb_idps":638,"nb_families":123,"capacity":1480,"male":320,"female":400,"age_0_1":null,"ages_1_3":20,"age_3_5":20,"age_6_12":24,"age_13_18":30,"age_19_57":158,"age_58_above":60,"disabilities_pregnant":null,"pregnant_women":6,"heating_disability":null,"visual_disability":25,"physical_disability":30,"interllectual_disability":null,"CreationDate":"2026-03-09T06:40:41","Creator":"Ramez.Hassan.961","EditDate":"2026-09-02T06:04:08","Editor":"EOR.BEIRUT","lactating_women":56,"hearing_disability":30,"mental_disability":5,"DONT_ADD":"true","old_global_id":"{28D9F7B5-C289-4C09-B436-B5FBED5F01B6}","floorsnum":null,"totalrooms":null,"occ_rooms":null,"free_spaces":null,"free_rooms":null,"kitchen_found":null,"kitchen_found2":null,"type_meal":null,"toilets_male":null,"toilets_female":null,"toilets_not_used_male":null,"toilets_not_used_female":null,"water_source":null,"elec_source":null,"bathtub_male":null,"bathtub_female":null,"generator":null,"generator_kva":null,"water_tank":null,"water_tank_capacity":null,"water_heater":null,"ac":null,"firedistinguisher":null,"first_aid":null,"wheelchair":null,"beds":null,"fridges":null,"washingmachines":null,"kitchen":null,"kids_area":null,"water_available":null,"need_water":null,"who_water":null,"how_water":null,"LAF_Focal":null,"LAF_shelter_name":null,"LAF_Phone_nb":null,"kg1_public_f":1,"kg1_public_e":1,"kg1_private":0,"kg2_public_f":1,"kg2_public_e":2,"kg2_private":0,"kg3_public_f":1,"kg3_public_e":2,"kg3_private":0,"gr1_public_f":1,"gr1_public_e":4,"gr1_private":0,"gr2_public_f":3,"gr2_public_e":5,"gr2_private":0,"gr3_public_f":2,"gr3_public_e":7,"gr3_private":0,"gr4_public_f":2,"gr4_public_e":5,"gr4_private":0,"gr5_public_f":1,"gr5_public_e":4,"gr5_private":0,"gr6_public_f":1,"gr6_public_e":2,"gr6_private":0,"gr7_public_f":1,"gr7_public_e":4,"gr7_private":0,"gr8_public_f":1,"gr8_public_e":1,"gr8_private":0,"gr9_public_f":12,"gr9_public_e":5,"gr9_private":2,"gr10_public_f":4,"gr10_public_e":7,"gr10_private":0,"gr11s_public_f":2,"gr11s_public_e":4,"gr11s_private":0,"gr11e_public_f":1,"gr11e_public_e":1,"gr11e_private":0,"gr12sg_public_f":1,"gr12sg_public_e":1,"gr12sg_private":0,"gr12se_public_f":1,"gr12se_public_e":0,"gr12se_private":0,"gr12lh_public_f":"true","gr12lh_public_e":0,"gr12lh_private":"false","gr12sv_public_f":1,"gr12sv_public_e":0,"gr12sv_private":0,"tvet_public":4,"tvet_private":0,"uni":9,"syrians":0,"oosc":0,"teachers":1,"bath_hygiene":null,"playground":null,"corridor":null,"rooms_hygiene":null,"Is_waste_collected":null,"Collection_frequency":null,"construction":null,"yes_construction":null,"unified_authority":null,"documentation":null,"check_all":null,"Comments":null,"comments2":null,"age0_6_months":3,"age6_12_months":5,"f_age0_6_months":2,"f_age6_12_months":4,"f_ages_1_3":27,"f_age_3_5":29,"f_age_6_12":30,"f_age_13_18":30,"f_age_19_57":208,"f_age_58_above":70,"Female_Headed_Households":10,"lost_kids":null,"chronic_disease":500,"diesel_fuel_tank":null,"count_tanks":null,"capacity_tank":null,"need_bin":null,"need_bin_240":null,"need_bin_1100":null,"status_2026":"used","gov_cad":"Beirut","district_cad":"Beirut","cad_name":"Bachoura","x":35.50336141,"y":33.88626099},"geometry":{"type":"Point","coordinates":[35.50336141,33.88626099]}},
{"type":"Feature","properties":{"objectid":1633,"globalid":"6a85786e-c324-4f35-bde3-95ee91dcd5b0","shelter_name":"كلية الاداب","governorate_name":"Beirut","district_name":"Beirut","villages":"Unesco","lat_calc":33.881108,"long_calc":35.485084,"loc_calc":"33.881108 35.485084","structure_type":"University","structure_type_other":null,"cerd_number":null,"ministry_name":"كلية الآداب","ACS":10210,"P_Code":"10210_036","focal":"محمد بدرا ","nb":70035020,"mosa_focal":"غابي فريدي","mosa_focal_phone":76472735,"mehe_focal":null,"mehe_focalnb":null,"type_private_public":"public","other_specifyy":null,"status":"open","notes":null,"sourcee":"field","displaced_cas_code":10210,"phases":null,"nb_idps":127,"nb_families":29,"capacity":1007,"male":63,"female":67,"age_0_1":null,"ages_1_3":1,"age_3_5":4,"age_6_12":11,"age_13_18":9,"age_19_57":29,"age_58_above":7,"disabilities_pregnant":null,"pregnant_women":null,"heating_disability":null,"visual_disability":null,"physical_disability":null,"interllectual_disability":null,"CreationDate":"2026-03-09T06:40:41","Creator":"Ramez.Hassan.961","EditDate":"2026-08-30T13:44:21","Editor":"EOR.BEIRUT","lactating_women":1,"hearing_disability":null,"mental_disability":null,"DONT_ADD":"true","old_global_id":"{3226ACDB-DDE8-49E0-A571-A6D87E487D16}","floorsnum":null,"totalrooms":null,"occ_rooms":null,"free_spaces":null,"free_rooms":null,"kitchen_found":null,"kitchen_found2":null,"type_meal":null,"toilets_male":null,"toilets_female":null,"toilets_not_used_male":null,"toilets_not_used_female":null,"water_source":null,"elec_source":null,"bathtub_male":null,"bathtub_female":null,"generator":null,"generator_kva":null,"water_tank":null,"water_tank_capacity":null,"water_heater":null,"ac":null,"firedistinguisher":null,"first_aid":null,"wheelchair":null,"beds":null,"fridges":null,"washingmachines":null,"kitchen":null,"kids_area":null,"water_available":null,"need_water":null,"who_water":null,"how_water":null,"LAF_Focal":null,"LAF_shelter_name":null,"LAF_Phone_nb":null,"kg1_public_f":null,"kg1_public_e":3,"kg1_private":null,"kg2_public_f":null,"kg2_public_e":2,"kg2_private":null,"kg3_public_f":null,"kg3_public_e":1,"kg3_private":null,"gr1_public_f":null,"gr1_public_e":4,"gr1_private":null,"gr2_public_f":null,"gr2_public_e":5,"gr2_private":null,"gr3_public_f":null,"gr3_public_e":3,"gr3_private":null,"gr4_public_f":null,"gr4_public_e":2,"gr4_private":null,"gr5_public_f":null,"gr5_public_e":2,"gr5_private":null,"gr6_public_f":null,"gr6_public_e":5,"gr6_private":0,"gr7_public_f":null,"gr7_public_e":4,"gr7_private":null,"gr8_public_f":null,"gr8_public_e":3,"gr8_private":null,"gr9_public_f":null,"gr9_public_e":3,"gr9_private":1,"gr10_public_f":null,"gr10_public_e":1,"gr10_private":1,"gr11s_public_f":null,"gr11s_public_e":1,"gr11s_private":null,"gr11e_public_f":null,"gr11e_public_e":null,"gr11e_private":null,"gr12sg_public_f":null,"gr12sg_public_e":2,"gr12sg_private":null,"gr12se_public_f":null,"gr12se_public_e":null,"gr12se_private":null,"gr12lh_public_f":null,"gr12lh_public_e":null,"gr12lh_private":null,"gr12sv_public_f":null,"gr12sv_public_e":null,"gr12sv_private":null,"tvet_public":5,"tvet_private":1,"uni":4,"syrians":null,"oosc":3,"teachers":null,"bath_hygiene":null,"playground":null,"corridor":null,"rooms_hygiene":null,"Is_waste_collected":null,"Collection_frequency":null,"construction":null,"yes_construction":null,"unified_authority":null,"documentation":null,"check_all":null,"Comments":null,"comments2":null,"age0_6_months":0,"age6_12_months":2,"f_age0_6_months":0,"f_age6_12_months":2,"f_ages_1_3":2,"f_age_3_5":1,"f_age_6_12":9,"f_age_13_18":10,"f_age_19_57":37,"f_age_58_above":6,"Female_Headed_Households":null,"lost_kids":null,"chronic_disease":null,"diesel_fuel_tank":null,"count_tanks":null,"capacity_tank":null,"need_bin":null,"need_bin_240":null,"need_bin_1100":null,"status_2026":"used","gov_cad":"Beirut","district_cad":"Beirut","cad_name":"Mazraa","x":35.4996269,"y":33.88340356},"geometry":{"type":"Point","coordinates":[35.4996269,33.88340356]}},
{"type":"Feature","properties":{"objectid":1636,"globalid":"b7ef7534-820c-4f1e-a52e-148c41afedbd","shelter_name":"مدرسة طريق الجديدة الثانية","governorate_name":"Beirut","district_name":"Beirut","villages":"Tariq El Jdide","lat_calc":33.873788,"long_calc":35.502193,"loc_calc":"33.873788 35.502193","structure_type":"School","structure_type_other":null,"cerd_number":34,"ministry_name":"مدرسة طريق الجديدة المتوسطة الثانية ","ACS":10310,"P_Code":"10310_016","focal":"حنان القاضي","nb":70101591,"mosa_focal":"جمانة البساط","mosa_focal_phone":71156597,"mehe_focal":"حنان القاضي","mehe_focalnb":"70101591","type_private_public":"public","other_specifyy":null,"status":"open","notes":"للجيش فقط ","sourcee":"field","displaced_cas_code":10310,"phases":10,"nb_idps":43,"nb_families":7,"capacity":60,"male":19,"female":20,"age_0_1":null,"ages_1_3":1,"age_3_5":1,"age_6_12":5,"age_13_18":5,"age_19_57":5,"age_58_above":2,"disabilities_pregnant":null,"pregnant_women":0,"heating_disability":null,"visual_disability":0,"physical_disability":1,"interllectual_disability":null,"CreationDate":"2026-03-09T06:40:41","Creator":"Ramez.Hassan.961","EditDate":"2026-09-02T08:27:53","Editor":"EOR.BEIRUT","lactating_women":0,"hearing_disability":0,"mental_disability":0,"DONT_ADD":"true","old_global_id":"{21FC4F33-96F1-4149-9A8B-335457B64F8D}","floorsnum":2,"totalrooms":8,"occ_rooms":8,"free_spaces":0,"free_rooms":0,"kitchen_found":"false","kitchen_found2":null,"type_meal":null,"toilets_male":5,"toilets_female":5,"toilets_not_used_male":0,"toilets_not_used_female":0,"water_source":"مياه بيروت","elec_source":"طاقة شمسية + كهرباء دولة","bathtub_male":1,"bathtub_female":1,"generator":"false","generator_kva":null,"water_tank":2,"water_tank_capacity":20,"water_heater":1,"ac":0,"firedistinguisher":2,"first_aid":"true","wheelchair":1,"beds":0,"fridges":0,"washingmachines":0,"kitchen":"false","kids_area":1,"water_available":"true","need_water":20,"who_water":"الجيش ","how_water":"سيترنات","LAF_Focal":"العميد داني نخلة","LAF_shelter_name":"مدرسة طريق الجديدة المتوسطة الثانية","LAF_Phone_nb":3226720,"kg1_public_f":0,"kg1_public_e":0,"kg1_private":0,"kg2_public_f":0,"kg2_public_e":1,"kg2_private":0,"kg3_public_f":0,"kg3_public_e":3,"kg3_private":0,"gr1_public_f":0,"gr1_public_e":0,"gr1_private":0,"gr2_public_f":0,"gr2_public_e":1,"gr2_private":1,"gr3_public_f":0,"gr3_public_e":2,"gr3_private":0,"gr4_public_f":0,"gr4_public_e":0,"gr4_private":0,"gr5_public_f":0,"gr5_public_e":1,"gr5_private":0,"gr6_public_f":0,"gr6_public_e":2,"gr6_private":0,"gr7_public_f":0,"gr7_public_e":3,"gr7_private":0,"gr8_public_f":0,"gr8_public_e":3,"gr8_private":0,"gr9_public_f":0,"gr9_public_e":0,"gr9_private":0,"gr10_public_f":0,"gr10_public_e":0,"gr10_private":0,"gr11s_public_f":0,"gr11s_public_e":0,"gr11s_private":0,"gr11e_public_f":0,"gr11e_public_e":0,"gr11e_private":0,"gr12sg_public_f":0,"gr12sg_public_e":0,"gr12sg_private":0,"gr12se_public_f":0,"gr12se_public_e":0,"gr12se_private":0,"gr12lh_public_f":"false","gr12lh_public_e":0,"gr12lh_private":"false","gr12sv_public_f":0,"gr12sv_public_e":0,"gr12sv_private":0,"tvet_public":1,"tvet_private":0,"uni":0,"syrians":0,"oosc":3,"teachers":0,"bath_hygiene":"fair","playground":"fair","corridor":"fair","rooms_hygiene":"fair","Is_waste_collected":"true","Collection_frequency":"daily","construction":"false","yes_construction":null,"unified_authority":"true","documentation":"true","check_all":"true","Comments":null,"comments2":"ضروري بحاجة الى مبيد حشرات وجرادين","age0_6_months":0,"age6_12_months":0,"f_age0_6_months":0,"f_age6_12_months":0,"f_ages_1_3":0,"f_age_3_5":0,"f_age_6_12":3,"f_age_13_18":2,"f_age_19_57":14,"f_age_58_above":1,"Female_Headed_Households":null,"lost_kids":null,"chronic_disease":6,"diesel_fuel_tank":"false","count_tanks":null,"capacity_tank":null,"need_bin":null,"need_bin_240":null,"need_bin_1100":null,"status_2026":"used","gov_cad":"Beirut","district_cad":"Beirut","cad_name":"Mazraa","x":35.50225,"y":33.87366667},"geometry":{"type":"Point","coordinates":[35.50225,33.87366667]}},
{"type":"Feature","properties":{"objectid":null,"globalid":null,"shelter_name":null,"governorate_name":null,"district_name":null,"villages":null,"lat_calc":null,"long_calc":null,"loc_calc":null,"structure_type":null,"structure_type_other":null,"cerd_number":null,"ministry_name":null,"ACS":null,"P_Code":null,"focal":null,"nb":null,"mosa_focal":null,"mosa_focal_phone":null,"mehe_focal":null,"mehe_focalnb":null,"type_private_public":null,"other_specifyy":null,"status":null,"notes":null,"sourcee":null,"displaced_cas_code":null,"phases":null,"nb_idps":null,"nb_families":null,"capacity":null,"male":null,"female":null,"age_0_1":null,"ages_1_3":null,"age_3_5":null,"age_6_12":null,"age_13_18":null,"age_19_57":null,"age_58_above":null,"disabilities_pregnant":null,"pregnant_women":null,"heating_disability":null,"visual_disability":null,"physical_disability":null,"interllectual_disability":null,"CreationDate":null,"Creator":null,"EditDate":null,"Editor":null,"lactating_women":null,"hearing_disability":null,"mental_disability":null,"DONT_ADD":null,"old_global_id":null,"floorsnum":null,"totalrooms":null,"occ_rooms":null,"free_spaces":null,"free_rooms":null,"kitchen_found":null,"kitchen_found2":null,"type_meal":null,"toilets_male":null,"toilets_female":null,"toilets_not_used_male":null,"toilets_not_used_female":null,"water_source":null,"elec_source":null,"bathtub_male":null,"bathtub_female":null,"generator":null,"generator_kva":null,"water_tank":null,"water_tank_capacity":null,"water_heater":null,"ac":null,"firedistinguisher":null,"first_aid":null,"wheelchair":null,"beds":null,"fridges":null,"washingmachines":null,"kitchen":null,"kids_area":null,"water_available":null,"need_water":null,"who_water":null,"how_water":null,"LAF_Focal":null,"LAF_shelter_name":"الرسمية المختلطة ","LAF_Phone_nb":null,"kg1_public_f":null,"kg1_public_e":null,"kg1_private":null,"kg2_public_f":null,"kg2_public_e":null,"kg2_private":null,"kg3_public_f":null,"kg3_public_e":null,"kg3_private":null,"gr1_public_f":null,"gr1_public_e":null,"gr1_private":null,"gr2_public_f":null,"gr2_public_e":null,"gr2_private":null,"gr3_public_f":null,"gr3_public_e":null,"gr3_private":null,"gr4_public_f":null,"gr4_public_e":null,"gr4_private":null,"gr5_public_f":null,"gr5_public_e":null,"gr5_private":null,"gr6_public_f":null,"gr6_public_e":null,"gr6_private":null,"gr7_public_f":null,"gr7_public_e":null,"gr7_private":null,"gr8_public_f":null,"gr8_public_e":null,"gr8_private":null,"gr9_public_f":null,"gr9_public_e":null,"gr9_private":null,"gr10_public_f":null,"gr10_public_e":null,"gr10_private":null,"gr11s_public_f":null,"gr11s_public_e":null,"gr11s_private":null,"gr11e_public_f":null,"gr11e_public_e":null,"gr11e_private":null,"gr12sg_public_f":null,"gr12sg_public_e":null,"gr12sg_private":null,"gr12se_public_f":null,"gr12se_public_e":null,"gr12se_private":null,"gr12lh_public_f":null,"gr12lh_public_e":null,"gr12lh_private":null,"gr12sv_public_f":null,"gr12sv_public_e":null,"gr12sv_private":null,"tvet_public":null,"tvet_private":null,"uni":null,"syrians":null,"oosc":null,"teachers":null,"bath_hygiene":null,"playground":null,"corridor":null,"rooms_hygiene":null,"Is_waste_collected":null,"Collection_frequency":null,"construction":null,"yes_construction":null,"unified_authority":null,"documentation":null,"check_all":null,"Comments":null,"comments2":null,"age0_6_months":null,"age6_12_months":null,"f_age0_6_months":null,"f_age6_12_months":null,"f_ages_1_3":null,"f_age_3_5":null,"f_age_6_12":null,"f_age_13_18":null,"f_age_19_57":null,"f_age_58_above":null,"Female_Headed_Households":null,"lost_kids":null,"chronic_disease":null,"diesel_fuel_tank":null,"count_tanks":null,"capacity_tank":null,"need_bin":null,"need_bin_240":null,"need_bin_1100":null,"status_2026":null,"gov_cad":null,"district_cad":null,"cad_name":null,"x":null,"y":null},"geometry":null},
{"type":"Feature","properties":{"objectid":1638,"globalid":"7e9dc015-091d-45c5-bf33-25e286747e82","shelter_name":"جامع امام الصادق","governorate_name":"Beirut","district_name":"Beirut","villages":"Tariq El Jdide","lat_calc":33.873788,"long_calc":35.502193,"loc_calc":"33.873788 35.502193","structure_type":"religiou_place","structure_type_other":null,"cerd_number":null,"ministry_name":null,"ACS":10310,"P_Code":"10310_089","focal":"الشيخ محمد علي","nb":76726917,"mosa_focal":"ريهام قصقص","mosa_focal_phone":71402508,"mehe_focal":null,"mehe_focalnb":null,"type_private_public":"other","other_specifyy":null,"status":"open","notes":null,"sourcee":"field","displaced_cas_code":10310,"phases":null,"nb_idps":97,"nb_families":37,"capacity":300,"male":70,"female":67,"age_0_1":null,"ages_1_3":6,"age_3_5":2,"age_6_12":5,"age_13_18":4,"age_19_57":38,"age_58_above":11,"disabilities_pregnant":null,"pregnant_women":3,"heating_disability":null,"visual_disability":4,"physical_disability":13,"interllectual_disability":null,"CreationDate":"2026-03-09T06:40:41","Creator":"Ramez.Hassan.961","EditDate":"2026-09-02T08:42:38","Editor":"EOR.BEIRUT","lactating_women":0,"hearing_disability":2,"mental_disability":2,"DONT_ADD":"true","old_global_id":"{E8B1B781-D5ED-4D9D-A5AB-0AEE6A0DD14F}","floorsnum":2,"totalrooms":2,"occ_rooms":1,"free_spaces":0,"free_rooms":1,"kitchen_found":"true","kitchen_found2":"false","type_meal":null,"toilets_male":4,"toilets_female":2,"toilets_not_used_male":4,"toilets_not_used_female":0,"water_source":"صهريج مياه ","elec_source":"طاقة شمسية و مولد كهرباء","bathtub_male":0,"bathtub_female":0,"generator":"true","generator_kva":270,"water_tank":3,"water_tank_capacity":27000,"water_heater":0,"ac":18,"firedistinguisher":0,"first_aid":"false","wheelchair":0,"beds":0,"fridges":0,"washingmachines":0,"kitchen":"false","kids_area":1,"water_available":"false","need_water":270,"who_water":null,"how_water":null,"LAF_Focal":null,"LAF_shelter_name":null,"LAF_Phone_nb":null,"kg1_public_f":1,"kg1_public_e":1,"kg1_private":0,"kg2_public_f":0,"kg2_public_e":1,"kg2_private":0,"kg3_public_f":0,"kg3_public_e":1,"kg3_private":0,"gr1_public_f":0,"gr1_public_e":0,"gr1_private":0,"gr2_public_f":0,"gr2_public_e":0,"gr2_private":0,"gr3_public_f":1,"gr3_public_e":1,"gr3_private":1,"gr4_public_f":0,"gr4_public_e":1,"gr4_private":0,"gr5_public_f":2,"gr5_public_e":1,"gr5_private":0,"gr6_public_f":0,"gr6_public_e":1,"gr6_private":0,"gr7_public_f":1,"gr7_public_e":0,"gr7_private":0,"gr8_public_f":1,"gr8_public_e":0,"gr8_private":0,"gr9_public_f":0,"gr9_public_e":2,"gr9_private":1,"gr10_public_f":1,"gr10_public_e":0,"gr10_private":1,"gr11s_public_f":1,"gr11s_public_e":0,"gr11s_private":0,"gr11e_public_f":0,"gr11e_public_e":0,"gr11e_private":0,"gr12sg_public_f":1,"gr12sg_public_e":null,"gr12sg_private":0,"gr12se_public_f":0,"gr12se_public_e":0,"gr12se_private":0,"gr12lh_public_f":"false","gr12lh_public_e":0,"gr12lh_private":"false","gr12sv_public_f":0,"gr12sv_public_e":0,"gr12sv_private":0,"tvet_public":0,"tvet_private":2,"uni":3,"syrians":0,"oosc":null,"teachers":2,"bath_hygiene":"fair","playground":"fair","corridor":"fair","rooms_hygiene":"fair","Is_waste_collected":"true","Collection_frequency":"daily","construction":"false","yes_construction":null,"unified_authority":"false","documentation":"false","check_all":"false","Comments":"false","comments2":null,"age0_6_months":1,"age6_12_months":3,"f_age0_6_months":1,"f_age6_12_months":2,"f_ages_1_3":4,"f_age_3_5":3,"f_age_6_12":3,"f_age_13_18":5,"f_age_19_57":43,"f_age_58_above":6,"Female_Headed_Households":26,"lost_kids":3,"chronic_disease":130,"diesel_fuel_tank":"true","count_tanks":650,"capacity_tank":13000,"need_bin":"true","need_bin_240":4,"need_bin_1100":0,"status_2026":"used","gov_cad":"Beirut","district_cad":"Beirut","cad_name":"Mazraa","x":35.50675,"y":33.86569444},"geometry":{"type":"Point","coordinates":[35.50675,33.86569444]}},
{"type":"Feature","properties":{"objectid":1660,"globalid":"49b4e4d2-af45-4da3-9f3d-0892018409bd","shelter_name":"حسينية بحبوش","governorate_name":"North","district_name":"El Koura","villages":"Bahbouch","lat_calc":34.27807,"long_calc":35.828733,"loc_calc":"34.27807 35.828733","structure_type":"religiou_place","structure_type_other":null,"cerd_number":null,"ministry_name":null,"ACS":32133,"P_Code":"32133_002","focal":"ميلاد جبور","nb":3368187,"mosa_focal":null,"mosa_focal_phone":null,"mehe_focal":"ميلاد جبور","mehe_focalnb":"3368187","type_private_public":"private","other_specifyy":null,"status":"open","notes":null,"sourcee":"field","displaced_cas_code":32133,"phases":null,"nb_idps":74,"nb_families":17,"capacity":74,"male":18,"female":14,"age_0_1":2,"ages_1_3":0,"age_3_5":3,"age_6_12":1,"age_13_18":0,"age_19_57":11,"age_58_above":3,"disabilities_pregnant":null,"pregnant_women":0,"heating_disability":null,"visual_disability":0,"physical_disability":0,"interllectual_disability":null,"CreationDate":"2026-03-10T07:37:16","Creator":"Ramez.Hassan.961","EditDate":"2026-08-17T06:03:55","Editor":"EOR.NORTH","lactating_women":0,"hearing_disability":0,"mental_disability":0,"DONT_ADD":"true","old_global_id":null,"floorsnum":2,"totalrooms":0,"occ_rooms":0,"free_spaces":0,"free_rooms":0,"kitchen_found":"true","kitchen_found2":"true","type_meal":"hot_cold_meal","toilets_male":1,"toilets_female":1,"toilets_not_used_male":0,"toilets_not_used_female":0,"water_source":"دولة","elec_source":"دولة / اشتراك","bathtub_male":0,"bathtub_female":0,"generator":"true","generator_kva":15,"water_tank":2,"water_tank_capacity":4000,"water_heater":0,"ac":0,"firedistinguisher":0,"first_aid":"false","wheelchair":0,"beds":0,"fridges":0,"washingmachines":0,"kitchen":"true","kids_area":0,"water_available":"false","need_water":30,"who_water":null,"how_water":null,"LAF_Focal":null,"LAF_shelter_name":null,"LAF_Phone_nb":null,"kg1_public_f":0,"kg1_public_e":5,"kg1_private":0,"kg2_public_f":0,"kg2_public_e":8,"kg2_private":0,"kg3_public_f":0,"kg3_public_e":7,"kg3_private":0,"gr1_public_f":0,"gr1_public_e":0,"gr1_private":0,"gr2_public_f":0,"gr2_public_e":0,"gr2_private":8,"gr3_public_f":6,"gr3_public_e":0,"gr3_private":7,"gr4_public_f":11,"gr4_public_e":0,"gr4_private":8,"gr5_public_f":null,"gr5_public_e":null,"gr5_private":null,"gr6_public_f":null,"gr6_public_e":null,"gr6_private":null,"gr7_public_f":null,"gr7_public_e":null,"gr7_private":null,"gr8_public_f":null,"gr8_public_e":null,"gr8_private":null,"gr9_public_f":null,"gr9_public_e":null,"gr9_private":null,"gr10_public_f":null,"gr10_public_e":null,"gr10_private":null,"gr11s_public_f":null,"gr11s_public_e":null,"gr11s_private":null,"gr11e_public_f":null,"gr11e_public_e":null,"gr11e_private":null,"gr12sg_public_f":null,"gr12sg_public_e":null,"gr12sg_private":null,"gr12se_public_f":null,"gr12se_public_e":null,"gr12se_private":null,"gr12lh_public_f":null,"gr12lh_public_e":null,"gr12lh_private":null,"gr12sv_public_f":null,"gr12sv_public_e":null,"gr12sv_private":null,"tvet_public":null,"tvet_private":null,"uni":null,"syrians":null,"oosc":null,"teachers":null,"bath_hygiene":null,"playground":null,"corridor":null,"rooms_hygiene":null,"Is_waste_collected":null,"Collection_frequency":null,"construction":null,"yes_construction":null,"unified_authority":null,"documentation":null,"check_all":null,"Comments":null,"comments2":"بنت جبيل","age0_6_months":0,"age6_12_months":0,"f_age0_6_months":1,"f_age6_12_months":0,"f_ages_1_3":1,"f_age_3_5":0,"f_age_6_12":3,"f_age_13_18":0,"f_age_19_57":7,"f_age_58_above":2,"Female_Headed_Households":null,"lost_kids":null,"chronic_disease":null,"diesel_fuel_tank":null,"count_tanks":null,"capacity_tank":null,"need_bin":null,"need_bin_240":null,"need_bin_1100":null,"status_2026":"used","gov_cad":"North","district_cad":"El Koura","cad_name":"Bechmezzine","x":35.79734525,"y":34.3254959},"geometry":{"type":"Point","coordinates":[35.79734525,34.3254959]}},
{"type":"Feature","properties":{"objectid":1661,"globalid":"078576df-5887-4a73-9eac-b8e790087b18","shelter_name":"متوسطة الغازية المختلطة الرسمية","governorate_name":"South","district_name":"Saida","villages":"Ghaziye","lat_calc":33.517475,"long_calc":35.368994,"loc_calc":"33.517475 35.368994","structure_type":"School","structure_type_other":null,"cerd_number":1063,"ministry_name":null,"ACS":61311,"P_Code":"61311_001","focal":"غادة قاسم فرحات","nb":70036274,"mosa_focal":null,"mosa_focal_phone":null,"mehe_focal":"غادة قاسم فرحات","mehe_focalnb":"70036874","type_private_public":"public","other_specifyy":null,"status":"open","notes":null,"sourcee":"ministry","displaced_cas_code":61311,"phases":10,"nb_idps":170,"nb_families":35,"capacity":370,"male":0,"female":0,"age_0_1":2,"ages_1_3":0,"age_3_5":0,"age_6_12":0,"age_13_18":0,"age_19_57":0,"age_58_above":0,"disabilities_pregnant":null,"pregnant_women":0,"heating_disability":null,"visual_disability":0,"physical_disability":0,"interllectual_disability":null,"CreationDate":"2026-03-10T07:46:00","Creator":"Ramez.Hassan.961","EditDate":"2026-09-02T07:16:17","Editor":"EOR.SAIDA","lactating_women":0,"hearing_disability":0,"mental_disability":0,"DONT_ADD":"true","old_global_id":null,"floorsnum":3,"totalrooms":55,"occ_rooms":45,"free_spaces":0,"free_rooms":1,"kitchen_found":"true","kitchen_found2":"true","type_meal":"hot_cold_meal","toilets_male":11,"toilets_female":11,"toilets_not_used_male":4,"toilets_not_used_female":2,"water_source":"شركة المياه","elec_source":"مولد","bathtub_male":3,"bathtub_female":3,"generator":"true","generator_kva":60,"water_tank":7,"water_tank_capacity":14000,"water_heater":3,"ac":0,"firedistinguisher":11,"first_aid":"false","wheelchair":0,"beds":0,"fridges":1,"washingmachines":3,"kitchen":"false","kids_area":1800,"water_available":"true","need_water":70,"who_water":"شركة المياه","how_water":null,"LAF_Focal":"النقيب أحمد أبو شقرا","LAF_shelter_name":"المدرسة المتوسطة الغازية المختلطة الرسمية - الغازية","LAF_Phone_nb":3236737,"kg1_public_f":0,"kg1_public_e":0,"kg1_private":0,"kg2_public_f":0,"kg2_public_e":0,"kg2_private":0,"kg3_public_f":0,"kg3_public_e":0,"kg3_private":0,"gr1_public_f":0,"gr1_public_e":0,"gr1_private":0,"gr2_public_f":0,"gr2_public_e":0,"gr2_private":0,"gr3_public_f":0,"gr3_public_e":0,"gr3_private":0,"gr4_public_f":0,"gr4_public_e":0,"gr4_private":0,"gr5_public_f":0,"gr5_public_e":0,"gr5_private":0,"gr6_public_f":0,"gr6_public_e":0,"gr6_private":0,"gr7_public_f":0,"gr7_public_e":0,"gr7_private":0,"gr8_public_f":0,"gr8_public_e":0,"gr8_private":0,"gr9_public_f":0,"gr9_public_e":0,"gr9_private":0,"gr10_public_f":0,"gr10_public_e":0,"gr10_private":0,"gr11s_public_f":0,"gr11s_public_e":0,"gr11s_private":0,"gr11e_public_f":0,"gr11e_public_e":0,"gr11e_private":0,"gr12sg_public_f":0,"gr12sg_public_e":0,"gr12sg_private":0,"gr12se_public_f":0,"gr12se_public_e":0,"gr12se_private":0,"gr12lh_public_f":"false","gr12lh_public_e":0,"gr12lh_private":"false","gr12sv_public_f":0,"gr12sv_public_e":0,"gr12sv_private":0,"tvet_public":0,"tvet_private":0,"uni":0,"syrians":0,"oosc":0,"teachers":0,"bath_hygiene":"fair","playground":"fair","corridor":"good","rooms_hygiene":"good","Is_waste_collected":"true","Collection_frequency":"weekly","construction":"false","yes_construction":null,"unified_authority":"true","documentation":"true","check_all":"true","Comments":"true","comments2":"عدشيت الدوير كفرصير تول النبطية كفرتبنيت","age0_6_months":0,"age6_12_months":0,"f_age0_6_months":0,"f_age6_12_months":0,"f_ages_1_3":0,"f_age_3_5":0,"f_age_6_12":0,"f_age_13_18":0,"f_age_19_57":0,"f_age_58_above":0,"Female_Headed_Households":0,"lost_kids":0,"chronic_disease":0,"diesel_fuel_tank":null,"count_tanks":null,"capacity_tank":null,"need_bin":null,"need_bin_240":null,"need_bin_1100":null,"status_2026":"used","gov_cad":"South","district_cad":"Saida","cad_name":"El-Husseiniyé","x":35.34665146,"y":33.49968888},"geometry":{"type":"Point","coordinates":[35.34665146,33.49968888]}},
{"type":"Feature","properties":{"objectid":1663,"globalid":"d6517e04-4252-4337-b104-f078016edb24","shelter_name":"متوسطة وادي العرايش الرسمية المختلطة","governorate_name":"Bekaa","district_name":"Zahle","villages":"Ouadi el Aarayech","lat_calc":33.862186,"long_calc":35.89038,"loc_calc":"33.862186 35.89038","structure_type":"School","structure_type_other":null,"cerd_number":790,"ministry_name":null,"ACS":51189,"P_Code":"51189_001","focal":"العميد حلبي (الجيش اللبناني)","nb":3198525,"mosa_focal":null,"mosa_focal_phone":null,"mehe_focal":"نورما بوشي","mehe_focalnb":"71966715","type_private_public":"public","other_specifyy":null,"status":"full","notes":null,"sourcee":"ministry","displaced_cas_code":51189,"phases":10,"nb_idps":5,"nb_families":2,"capacity":59,"male":42,"female":43,"age_0_1":null,"ages_1_3":2,"age_3_5":3,"age_6_12":14,"age_13_18":3,"age_19_57":13,"age_58_above":2,"disabilities_pregnant":null,"pregnant_women":1,"heating_disability":null,"visual_disability":4,"physical_disability":1,"interllectual_disability":null,"CreationDate":"2026-03-10T10:54:04","Creator":"Ramez.Hassan.961","EditDate":"2026-09-02T08:40:36","Editor":"EOR.BEKAA","lactating_women":3,"hearing_disability":0,"mental_disability":1,"DONT_ADD":"true","old_global_id":null,"floorsnum":3,"totalrooms":19,"occ_rooms":9,"free_spaces":0,"free_rooms":0,"kitchen_found":"false","kitchen_found2":null,"type_meal":null,"toilets_male":3,"toilets_female":3,"toilets_not_used_male":4,"toilets_not_used_female":1,"water_source":"شركة مياه زحلة","elec_source":"شركة كهرباء زحلة","bathtub_male":0,"bathtub_female":0,"generator":"false","generator_kva":null,"water_tank":2,"water_tank_capacity":4000,"water_heater":0,"ac":0,"firedistinguisher":0,"first_aid":"false","wheelchair":0,"beds":0,"fridges":0,"washingmachines":0,"kitchen":"false","kids_area":0,"water_available":"false","need_water":30,"who_water":null,"how_water":null,"LAF_Focal":"العميد عبد الناصر حلبي","LAF_shelter_name":"متوسطة وادي العرايش الرسمية المختلطة","LAF_Phone_nb":3198525,"kg1_public_f":0,"kg1_public_e":1,"kg1_private":2,"kg2_public_f":0,"kg2_public_e":0,"kg2_private":2,"kg3_public_f":0,"kg3_public_e":1,"kg3_private":2,"gr1_public_f":0,"gr1_public_e":1,"gr1_private":2,"gr2_public_f":0,"gr2_public_e":0,"gr2_private":2,"gr3_public_f":0,"gr3_public_e":0,"gr3_private":4,"gr4_public_f":0,"gr4_public_e":1,"gr4_private":2,"gr5_public_f":0,"gr5_public_e":0,"gr5_private":1,"gr6_public_f":0,"gr6_public_e":1,"gr6_private":3,"gr7_public_f":0,"gr7_public_e":1,"gr7_private":3,"gr8_public_f":0,"gr8_public_e":0,"gr8_private":2,"gr9_public_f":0,"gr9_public_e":1,"gr9_private":1,"gr10_public_f":1,"gr10_public_e":0,"gr10_private":1,"gr11s_public_f":0,"gr11s_public_e":0,"gr11s_private":0,"gr11e_public_f":0,"gr11e_public_e":0,"gr11e_private":0,"gr12sg_public_f":0,"gr12sg_public_e":0,"gr12sg_private":0,"gr12se_public_f":0,"gr12se_public_e":0,"gr12se_private":0,"gr12lh_public_f":"false","gr12lh_public_e":0,"gr12lh_private":"false","gr12sv_public_f":0,"gr12sv_public_e":0,"gr12sv_private":1,"tvet_public":0,"tvet_private":0,"uni":0,"syrians":0,"oosc":6,"teachers":0,"bath_hygiene":"fair","playground":"bad","corridor":"fair","rooms_hygiene":"bad","Is_waste_collected":"true","Collection_frequency":"daily","construction":"false","yes_construction":null,"unified_authority":"true","documentation":"true","check_all":"false","Comments":"false","comments2":"حام الخضر شمسطار تمنين التحتا حارة الفيكاني علي النهري جنتا","age0_6_months":2,"age6_12_months":3,"f_age0_6_months":1,"f_age6_12_months":1,"f_ages_1_3":2,"f_age_3_5":3,"f_age_6_12":8,"f_age_13_18":5,"f_age_19_57":18,"f_age_58_above":5,"Female_Headed_Households":0,"lost_kids":0,"chronic_disease":10,"diesel_fuel_tank":"true","count_tanks":1,"capacity_tank":4000,"need_bin":null,"need_bin_240":null,"need_bin_1100":null,"status_2026":"used","gov_cad":"Bekaa","district_cad":"Zahle","cad_name":"Wadi-el-Arayeche","x":35.89167551,"y":33.85889088},"geometry":{"type":"Point","coordinates":[35.89167551,33.85889088]}},
{"type":"Feature","properties":{"objectid":1666,"globalid":"4ee8a5ae-3d7c-4f4b-a18e-3a36fb5f4bf8","shelter_name":"متوسطة البرغلية الرسمية","governorate_name":"South","district_name":"Sour","villages":"Bourghliye","lat_calc":33.313286,"long_calc":35.239839,"loc_calc":"33.313286 35.239839","structure_type":"School","structure_type_other":null,"cerd_number":1228,"ministry_name":null,"ACS":62245,"P_Code":"62245_001","focal":"حسن الحسن","nb":76719588,"mosa_focal":"ثريا عزالدين","mosa_focal_phone":3761303,"mehe_focal":"محمود كامل محمود","mehe_focalnb":"3957940","type_private_public":"public","other_specifyy":null,"status":"full","notes":null,"sourcee":"field","displaced_cas_code":62245,"phases":null,"nb_idps":39,"nb_families":9,"capacity":39,"male":19,"female":20,"age_0_1":1,"ages_1_3":2,"age_3_5":0,"age_6_12":1,"age_13_18":4,"age_19_57":9,"age_58_above":2,"disabilities_pregnant":null,"pregnant_women":0,"heating_disability":null,"visual_disability":0,"physical_disability":1,"interllectual_disability":null,"CreationDate":"2026-03-10T11:56:56","Creator":"Ramez.Hassan.961","EditDate":"2026-08-20T13:31:56","Editor":"EOR.TYRE","lactating_women":0,"hearing_disability":0,"mental_disability":0,"DONT_ADD":"true","old_global_id":null,"floorsnum":4,"totalrooms":12,"occ_rooms":12,"free_spaces":0,"free_rooms":0,"kitchen_found":"false","kitchen_found2":null,"type_meal":null,"toilets_male":6,"toilets_female":6,"toilets_not_used_male":0,"toilets_not_used_female":0,"water_source":"بيئر مياه","elec_source":"موليد","bathtub_male":0,"bathtub_female":0,"generator":"true","generator_kva":0,"water_tank":2,"water_tank_capacity":2000,"water_heater":0,"ac":0,"firedistinguisher":8,"first_aid":"true","wheelchair":0,"beds":1,"fridges":0,"washingmachines":0,"kitchen":"false","kids_area":200,"water_available":"true","need_water":10,"who_water":"مؤسسة مياه لبنان","how_water":"الشبكة العامة","LAF_Focal":null,"LAF_shelter_name":null,"LAF_Phone_nb":null,"kg1_public_f":0,"kg1_public_e":1,"kg1_private":0,"kg2_public_f":0,"kg2_public_e":1,"kg2_private":0,"kg3_public_f":0,"kg3_public_e":0,"kg3_private":0,"gr1_public_f":0,"gr1_public_e":0,"gr1_private":0,"gr2_public_f":0,"gr2_public_e":0,"gr2_private":0,"gr3_public_f":0,"gr3_public_e":0,"gr3_private":1,"gr4_public_f":0,"gr4_public_e":0,"gr4_private":0,"gr5_public_f":0,"gr5_public_e":0,"gr5_private":0,"gr6_public_f":0,"gr6_public_e":0,"gr6_private":0,"gr7_public_f":0,"gr7_public_e":0,"gr7_private":0,"gr8_public_f":0,"gr8_public_e":0,"gr8_private":0,"gr9_public_f":0,"gr9_public_e":0,"gr9_private":0,"gr10_public_f":0,"gr10_public_e":0,"gr10_private":0,"gr11s_public_f":0,"gr11s_public_e":0,"gr11s_private":0,"gr11e_public_f":0,"gr11e_public_e":0,"gr11e_private":0,"gr12sg_public_f":0,"gr12sg_public_e":0,"gr12sg_private":0,"gr12se_public_f":0,"gr12se_public_e":0,"gr12se_private":0,"gr12lh_public_f":"false","gr12lh_public_e":0,"gr12lh_private":"false","gr12sv_public_f":0,"gr12sv_public_e":0,"gr12sv_private":0,"tvet_public":0,"tvet_private":0,"uni":0,"syrians":0,"oosc":0,"teachers":0,"bath_hygiene":"good","playground":"good","corridor":"fair","rooms_hygiene":"good","Is_waste_collected":"true","Collection_frequency":"daily","construction":"false","yes_construction":null,"unified_authority":"true","documentation":"false","check_all":"false","Comments":"true","comments2":null,"age0_6_months":1,"age6_12_months":0,"f_age0_6_months":0,"f_age6_12_months":1,"f_ages_1_3":0,"f_age_3_5":0,"f_age_6_12":0,"f_age_13_18":4,"f_age_19_57":12,"f_age_58_above":3,"Female_Headed_Households":null,"lost_kids":null,"chronic_disease":null,"diesel_fuel_tank":null,"count_tanks":null,"capacity_tank":null,"need_bin":null,"need_bin_240":null,"need_bin_1100":null,"status_2026":"used","gov_cad":"South","district_cad":"Sour","cad_name":"Mahaïlib","x":35.24731411,"y":33.31600111},"geometry":{"type":"Point","coordinates":[35.24731411,33.31600111]}},
{"type":"Feature","properties":{"objectid":1682,"globalid":"9c340b88-6529-4de2-a12f-bb2109a3e02c","shelter_name":"مجمع المصطفى -الجية","governorate_name":"Mount Lebanon","district_name":"Chouf","villages":"Jiye","lat_calc":33.667442,"long_calc":35.425083,"loc_calc":"33.667442 35.425083","structure_type":"Other","structure_type_other":null,"cerd_number":null,"ministry_name":null,"ACS":23267,"P_Code":"23267_006","focal":"علي صالح","nb":70253138,"mosa_focal":null,"mosa_focal_phone":null,"mehe_focal":null,"mehe_focalnb":null,"type_private_public":"private","other_specifyy":null,"status":"full","notes":null,"sourcee":"field","displaced_cas_code":23267,"phases":null,"nb_idps":135,"nb_families":33,"capacity":254,"male":111,"female":143,"age_0_1":3,"ages_1_3":4,"age_3_5":11,"age_6_12":22,"age_13_18":24,"age_19_57":39,"age_58_above":6,"disabilities_pregnant":null,"pregnant_women":0,"heating_disability":null,"visual_disability":3,"physical_disability":6,"interllectual_disability":null,"CreationDate":"2026-03-13T06:33:05","Creator":"Ramez.Hassan.961","EditDate":"2026-07-28T07:33:05","Editor":"EOR.CHOUF","lactating_women":0,"hearing_disability":1,"mental_disability":1,"DONT_ADD":"true","old_global_id":null,"floorsnum":3,"totalrooms":3,"occ_rooms":3,"free_spaces":0,"free_rooms":0,"kitchen_found":"true","kitchen_found2":"false","type_meal":null,"toilets_male":8,"toilets_female":4,"toilets_not_used_male":0,"toilets_not_used_female":0,"water_source":"بئر ارتوازي","elec_source":"مولد + طاقة + اشتراك","bathtub_male":2,"bathtub_female":2,"generator":"true","generator_kva":69,"water_tank":5,"water_tank_capacity":1000,"water_heater":3,"ac":5,"firedistinguisher":0,"first_aid":"false","wheelchair":0,"beds":0,"fridges":0,"washingmachines":3,"kitchen":"false","kids_area":1,"water_available":"false","need_water":10000,"who_water":null,"how_water":null,"LAF_Focal":null,"LAF_shelter_name":null,"LAF_Phone_nb":null,"kg1_public_f":0,"kg1_public_e":4,"kg1_private":0,"kg2_public_f":1,"kg2_public_e":3,"kg2_private":0,"kg3_public_f":0,"kg3_public_e":2,"kg3_private":1,"gr1_public_f":0,"gr1_public_e":2,"gr1_private":0,"gr2_public_f":1,"gr2_public_e":5,"gr2_private":0,"gr3_public_f":3,"gr3_public_e":5,"gr3_private":0,"gr4_public_f":3,"gr4_public_e":1,"gr4_private":0,"gr5_public_f":4,"gr5_public_e":2,"gr5_private":0,"gr6_public_f":7,"gr6_public_e":5,"gr6_private":0,"gr7_public_f":0,"gr7_public_e":4,"gr7_private":0,"gr8_public_f":1,"gr8_public_e":3,"gr8_private":1,"gr9_public_f":0,"gr9_public_e":3,"gr9_private":2,"gr10_public_f":0,"gr10_public_e":2,"gr10_private":0,"gr11s_public_f":0,"gr11s_public_e":2,"gr11s_private":1,"gr11e_public_f":0,"gr11e_public_e":0,"gr11e_private":0,"gr12sg_public_f":0,"gr12sg_public_e":2,"gr12sg_private":0,"gr12se_public_f":0,"gr12se_public_e":3,"gr12se_private":1,"gr12lh_public_f":"false","gr12lh_public_e":0,"gr12lh_private":"false","gr12sv_public_f":4,"gr12sv_public_e":3,"gr12sv_private":1,"tvet_public":0,"tvet_private":0,"uni":1,"syrians":0,"oosc":0,"teachers":1,"bath_hygiene":null,"playground":null,"corridor":null,"rooms_hygiene":null,"Is_waste_collected":null,"Collection_frequency":null,"construction":null,"yes_construction":null,"unified_authority":null,"documentation":null,"check_all":"true","Comments":null,"comments2":null,"age0_6_months":2,"age6_12_months":3,"f_age0_6_months":2,"f_age6_12_months":5,"f_ages_1_3":5,"f_age_3_5":7,"f_age_6_12":22,"f_age_13_18":13,"f_age_19_57":78,"f_age_58_above":11,"Female_Headed_Households":null,"lost_kids":null,"chronic_disease":null,"diesel_fuel_tank":"true","count_tanks":1,"capacity_tank":800,"need_bin":null,"need_bin_240":null,"need_bin_1100":null,"status_2026":"used","gov_cad":"Mount Lebanon","district_cad":"Chouf","cad_name":"El Jiyeh","x":35.42505417,"y":33.66485327},"geometry":{"type":"Point","coordinates":[35.42505417,33.66485327]}},
{"type":"Feature","properties":{"objectid":1688,"globalid":"33edac72-d7a1-43db-a401-75f2dbd9f5a7","shelter_name":"مبنى كليمنصو 1","governorate_name":"Beirut","district_name":"Beirut","villages":"Minet el Hosn","lat_calc":33.89963,"long_calc":35.495529,"loc_calc":"33.89963 35.495529","structure_type":"Other","structure_type_other":"building ","cerd_number":null,"ministry_name":null,"ACS":10250,"P_Code":"10250_010","focal":"علي فواز ","nb":76654939,"mosa_focal":"Fida Zaayter ","mosa_focal_phone":70995870,"mehe_focal":"علي فواز","mehe_focalnb":"76654939","type_private_public":"private","other_specifyy":null,"status":"full","notes":null,"sourcee":"field","displaced_cas_code":10250,"phases":null,"nb_idps":20,"nb_families":4,"capacity":146,"male":7,"female":13,"age_0_1":1,"ages_1_3":0,"age_3_5":0,"age_6_12":1,"age_13_18":2,"age_19_57":3,"age_58_above":1,"disabilities_pregnant":null,"pregnant_women":2,"heating_disability":null,"visual_disability":0,"physical_disability":1,"interllectual_disability":null,"CreationDate":"2026-03-14T08:40:46","Creator":"Ramez.Hassan.961","EditDate":"2026-08-30T13:22:09","Editor":"EOR.BEIRUT","lactating_women":2,"hearing_disability":0,"mental_disability":2,"DONT_ADD":"true","old_global_id":null,"floorsnum":7,"totalrooms":23,"occ_rooms":23,"free_spaces":0,"free_rooms":1,"kitchen_found":"false","kitchen_found2":null,"type_meal":null,"toilets_male":7,"toilets_female":7,"toilets_not_used_male":0,"toilets_not_used_female":0,"water_source":"صهاريج","elec_source":"اشتراك و مولد كهرباء","bathtub_male":0,"bathtub_female":0,"generator":"false","generator_kva":null,"water_tank":1,"water_tank_capacity":11000,"water_heater":0,"ac":0,"firedistinguisher":0,"first_aid":"false","wheelchair":0,"beds":0,"fridges":0,"washingmachines":2,"kitchen":"false","kids_area":0,"water_available":"false","need_water":55,"who_water":null,"how_water":null,"LAF_Focal":null,"LAF_shelter_name":null,"LAF_Phone_nb":null,"kg1_public_f":0,"kg1_public_e":0,"kg1_private":1,"kg2_public_f":0,"kg2_public_e":2,"kg2_private":2,"kg3_public_f":0,"kg3_public_e":1,"kg3_private":2,"gr1_public_f":0,"gr1_public_e":0,"gr1_private":0,"gr2_public_f":1,"gr2_public_e":1,"gr2_private":1,"gr3_public_f":0,"gr3_public_e":1,"gr3_private":1,"gr4_public_f":0,"gr4_public_e":0,"gr4_private":1,"gr5_public_f":0,"gr5_public_e":0,"gr5_private":6,"gr6_public_f":0,"gr6_public_e":1,"gr6_private":0,"gr7_public_f":0,"gr7_public_e":0,"gr7_private":0,"gr8_public_f":0,"gr8_public_e":1,"gr8_private":1,"gr9_public_f":null,"gr9_public_e":0,"gr9_private":0,"gr10_public_f":0,"gr10_public_e":1,"gr10_private":1,"gr11s_public_f":0,"gr11s_public_e":0,"gr11s_private":0,"gr11e_public_f":0,"gr11e_public_e":0,"gr11e_private":0,"gr12sg_public_f":0,"gr12sg_public_e":0,"gr12sg_private":0,"gr12se_public_f":0,"gr12se_public_e":1,"gr12se_private":0,"gr12lh_public_f":"false","gr12lh_public_e":0,"gr12lh_private":"false","gr12sv_public_f":0,"gr12sv_public_e":0,"gr12sv_private":2,"tvet_public":1,"tvet_private":2,"uni":null,"syrians":0,"oosc":null,"teachers":0,"bath_hygiene":"fair","playground":"bad","corridor":"bad","rooms_hygiene":"fair","Is_waste_collected":"true","Collection_frequency":"daily","construction":"false","yes_construction":null,"unified_authority":"false","documentation":"false","check_all":"true","Comments":"false","comments2":null,"age0_6_months":0,"age6_12_months":0,"f_age0_6_months":0,"f_age6_12_months":2,"f_ages_1_3":0,"f_age_3_5":1,"f_age_6_12":1,"f_age_13_18":2,"f_age_19_57":5,"f_age_58_above":2,"Female_Headed_Households":5,"lost_kids":null,"chronic_disease":null,"diesel_fuel_tank":"true","count_tanks":1,"capacity_tank":1440,"need_bin":"false","need_bin_240":null,"need_bin_1100":null,"status_2026":"used","gov_cad":"Beirut","district_cad":"Beirut","cad_name":"Minet el-Hosn","x":35.49372222,"y":33.89802778},"geometry":{"type":"Point","coordinates":[35.49372222,33.89802778]}},
{"type":"Feature","properties":{"objectid":1689,"globalid":"7ee8d2f2-09a8-4e28-8c05-025ba2276f85","shelter_name":"مبنى كليمنصو 2","governorate_name":"Beirut","district_name":"Beirut","villages":"Minet el Hosn","lat_calc":33.89963,"long_calc":35.495529,"loc_calc":"33.89963 35.495529","structure_type":"Other","structure_type_other":"building ","cerd_number":null,"ministry_name":null,"ACS":10250,"P_Code":"10250_011","focal":"علي فواز ","nb":76654939,"mosa_focal":null,"mosa_focal_phone":null,"mehe_focal":null,"mehe_focalnb":null,"type_private_public":"private","other_specifyy":null,"status":"full","notes":null,"sourcee":"field","displaced_cas_code":10250,"phases":null,"nb_idps":25,"nb_families":5,"capacity":120,"male":9,"female":16,"age_0_1":4,"ages_1_3":0,"age_3_5":1,"age_6_12":1,"age_13_18":2,"age_19_57":4,"age_58_above":1,"disabilities_pregnant":null,"pregnant_women":0,"heating_disability":null,"visual_disability":1,"physical_disability":2,"interllectual_disability":null,"CreationDate":"2026-03-14T08:43:49","Creator":"Ramez.Hassan.961","EditDate":"2026-08-30T13:26:05","Editor":"EOR.BEIRUT","lactating_women":1,"hearing_disability":0,"mental_disability":0,"DONT_ADD":"true","old_global_id":null,"floorsnum":6,"totalrooms":29,"occ_rooms":29,"free_spaces":0,"free_rooms":0,"kitchen_found":"true","kitchen_found2":"false","type_meal":null,"toilets_male":5,"toilets_female":5,"toilets_not_used_male":1,"toilets_not_used_female":2,"water_source":"مياه بيروت","elec_source":"إشتراك","bathtub_male":0,"bathtub_female":0,"generator":"false","generator_kva":null,"water_tank":10000,"water_tank_capacity":150000,"water_heater":0,"ac":0,"firedistinguisher":0,"first_aid":"false","wheelchair":0,"beds":0,"fridges":0,"washingmachines":0,"kitchen":"false","kids_area":0,"water_available":"true","need_water":20,"who_water":"N","how_water":"صهاريج ","LAF_Focal":null,"LAF_shelter_name":null,"LAF_Phone_nb":null,"kg1_public_f":0,"kg1_public_e":2,"kg1_private":2,"kg2_public_f":0,"kg2_public_e":0,"kg2_private":0,"kg3_public_f":0,"kg3_public_e":null,"kg3_private":3,"gr1_public_f":0,"gr1_public_e":0,"gr1_private":2,"gr2_public_f":0,"gr2_public_e":1,"gr2_private":3,"gr3_public_f":0,"gr3_public_e":0,"gr3_private":1,"gr4_public_f":0,"gr4_public_e":0,"gr4_private":1,"gr5_public_f":0,"gr5_public_e":1,"gr5_private":2,"gr6_public_f":0,"gr6_public_e":0,"gr6_private":0,"gr7_public_f":0,"gr7_public_e":0,"gr7_private":3,"gr8_public_f":0,"gr8_public_e":0,"gr8_private":1,"gr9_public_f":1,"gr9_public_e":0,"gr9_private":2,"gr10_public_f":0,"gr10_public_e":0,"gr10_private":0,"gr11s_public_f":0,"gr11s_public_e":0,"gr11s_private":0,"gr11e_public_f":0,"gr11e_public_e":0,"gr11e_private":0,"gr12sg_public_f":0,"gr12sg_public_e":0,"gr12sg_private":0,"gr12se_public_f":0,"gr12se_public_e":0,"gr12se_private":0,"gr12lh_public_f":"false","gr12lh_public_e":0,"gr12lh_private":"false","gr12sv_public_f":0,"gr12sv_public_e":0,"gr12sv_private":0,"tvet_public":1,"tvet_private":0,"uni":1,"syrians":0,"oosc":20,"teachers":0,"bath_hygiene":"good","playground":"good","corridor":"good","rooms_hygiene":"good","Is_waste_collected":"true","Collection_frequency":"daily","construction":"false","yes_construction":null,"unified_authority":"false","documentation":"false","check_all":"false","Comments":"false","comments2":"ready to eats for both shelters","age0_6_months":0,"age6_12_months":0,"f_age0_6_months":0,"f_age6_12_months":1,"f_ages_1_3":0,"f_age_3_5":1,"f_age_6_12":2,"f_age_13_18":3,"f_age_19_57":7,"f_age_58_above":2,"Female_Headed_Households":0,"lost_kids":0,"chronic_disease":5,"diesel_fuel_tank":"false","count_tanks":null,"capacity_tank":null,"need_bin":"false","need_bin_240":null,"need_bin_1100":null,"status_2026":"used","gov_cad":"Beirut","district_cad":"Beirut","cad_name":"Minet el-Hosn","x":35.49372222,"y":33.89802778},"geometry":{"type":"Point","coordinates":[35.49372222,33.89802778]}},
{"type":"Feature","properties":{"objectid":1691,"globalid":"aabedc4f-d1cc-4f5e-b69a-6573eae3c08f","shelter_name":"مدرسة غراند هيلز كولدج - خلدة","governorate_name":"Mount Lebanon","district_name":"Aley","villages":"Khalde","lat_calc":33.783011,"long_calc":35.475942,"loc_calc":"33.783011 35.475942","structure_type":"School","structure_type_other":null,"cerd_number":null,"ministry_name":null,"ACS":24133,"P_Code":"24133_039","focal":"Dani Daher","nb":3685622,"mosa_focal":"Amira Nasreldine","mosa_focal_phone":81129367,"mehe_focal":"Dani Daher","mehe_focalnb":"3685622","type_private_public":"private","other_specifyy":null,"status":"full","notes":null,"sourcee":"ministry","displaced_cas_code":24133,"phases":null,"nb_idps":21,"nb_families":7,"capacity":50,"male":62,"female":80,"age_0_1":null,"ages_1_3":1,"age_3_5":0,"age_6_12":9,"age_13_18":13,"age_19_57":31,"age_58_above":8,"disabilities_pregnant":null,"pregnant_women":null,"heating_disability":null,"visual_disability":null,"physical_disability":null,"interllectual_disability":null,"CreationDate":"2026-03-14T10:52:53","Creator":"Ramez.Hassan.961","EditDate":"2026-08-10T10:21:10","Editor":"EOR.ALEY","lactating_women":null,"hearing_disability":null,"mental_disability":null,"DONT_ADD":"true","old_global_id":null,"floorsnum":3,"totalrooms":22,"occ_rooms":16,"free_spaces":null,"free_rooms":6,"kitchen_found":"true","kitchen_found2":"false","type_meal":null,"toilets_male":6,"toilets_female":6,"toilets_not_used_male":0,"toilets_not_used_female":0,"water_source":"بير","elec_source":"اشتراك","bathtub_male":1,"bathtub_female":0,"generator":"true","generator_kva":130,"water_tank":4,"water_tank_capacity":6000,"water_heater":1,"ac":10,"firedistinguisher":2,"first_aid":"false","wheelchair":0,"beds":0,"fridges":0,"washingmachines":0,"kitchen":"false","kids_area":2,"water_available":"true","need_water":4,"who_water":"بير","how_water":null,"LAF_Focal":null,"LAF_shelter_name":null,"LAF_Phone_nb":null,"kg1_public_f":null,"kg1_public_e":null,"kg1_private":null,"kg2_public_f":null,"kg2_public_e":null,"kg2_private":null,"kg3_public_f":null,"kg3_public_e":null,"kg3_private":null,"gr1_public_f":null,"gr1_public_e":null,"gr1_private":null,"gr2_public_f":null,"gr2_public_e":null,"gr2_private":null,"gr3_public_f":null,"gr3_public_e":null,"gr3_private":null,"gr4_public_f":null,"gr4_public_e":null,"gr4_private":null,"gr5_public_f":null,"gr5_public_e":null,"gr5_private":null,"gr6_public_f":null,"gr6_public_e":null,"gr6_private":null,"gr7_public_f":null,"gr7_public_e":null,"gr7_private":null,"gr8_public_f":null,"gr8_public_e":null,"gr8_private":null,"gr9_public_f":null,"gr9_public_e":null,"gr9_private":null,"gr10_public_f":null,"gr10_public_e":null,"gr10_private":null,"gr11s_public_f":null,"gr11s_public_e":null,"gr11s_private":null,"gr11e_public_f":null,"gr11e_public_e":null,"gr11e_private":null,"gr12sg_public_f":null,"gr12sg_public_e":null,"gr12sg_private":null,"gr12se_public_f":null,"gr12se_public_e":null,"gr12se_private":null,"gr12lh_public_f":null,"gr12lh_public_e":null,"gr12lh_private":null,"gr12sv_public_f":null,"gr12sv_public_e":null,"gr12sv_private":null,"tvet_public":null,"tvet_private":null,"uni":null,"syrians":null,"oosc":null,"teachers":null,"bath_hygiene":null,"playground":null,"corridor":null,"rooms_hygiene":null,"Is_waste_collected":null,"Collection_frequency":null,"construction":null,"yes_construction":null,"unified_authority":null,"documentation":null,"check_all":null,"Comments":null,"comments2":null,"age0_6_months":0,"age6_12_months":0,"f_age0_6_months":1,"f_age6_12_months":0,"f_ages_1_3":2,"f_age_3_5":1,"f_age_6_12":10,"f_age_13_18":18,"f_age_19_57":41,"f_age_58_above":7,"Female_Headed_Households":null,"lost_kids":null,"chronic_disease":null,"diesel_fuel_tank":null,"count_tanks":null,"capacity_tank":null,"need_bin":null,"need_bin_240":null,"need_bin_1100":null,"status_2026":"used","gov_cad":"Mount Lebanon","district_cad":"Aley","cad_name":"Chouaifat Qobbat","x":35.47578047,"y":33.77829357},"geometry":{"type":"Point","coordinates":[35.47578047,33.77829357]}},
{"type":"Feature","properties":{"objectid":1692,"globalid":"e36efd9d-b674-4802-b826-42bbd5106992","shelter_name":"وجيه الدرويش المتوسطة الرسمية","governorate_name":"El Nabatieh","district_name":"El Nabatieh","villages":"Zefta","lat_calc":33.444225,"long_calc":35.393803,"loc_calc":"33.444225 35.393803","structure_type":"School","structure_type_other":null,"cerd_number":1141,"ministry_name":null,"ACS":71281,"P_Code":"71281_001","focal":null,"nb":null,"mosa_focal":"خديجة غندور","mosa_focal_phone":71379841,"mehe_focal":"هدى محمد شهاب","mehe_focalnb":"3797124","type_private_public":"public","other_specifyy":null,"status":"open","notes":null,"sourcee":"field","displaced_cas_code":71281,"phases":null,"nb_idps":112,"nb_families":31,"capacity":175,"male":72,"female":60,"age_0_1":1,"ages_1_3":2,"age_3_5":3,"age_6_12":19,"age_13_18":8,"age_19_57":23,"age_58_above":16,"disabilities_pregnant":null,"pregnant_women":0,"heating_disability":null,"visual_disability":0,"physical_disability":2,"interllectual_disability":null,"CreationDate":"2026-03-14T10:54:21","Creator":"Ramez.Hassan.961","EditDate":"2026-09-01T11:26:18","Editor":"EOR.SAIDA","lactating_women":2,"hearing_disability":0,"mental_disability":1,"DONT_ADD":"true","old_global_id":null,"floorsnum":4,"totalrooms":34,"occ_rooms":21,"free_spaces":3,"free_rooms":1,"kitchen_found":"true","kitchen_found2":"false","type_meal":null,"toilets_male":3,"toilets_female":3,"toilets_not_used_male":1,"toilets_not_used_female":1,"water_source":"ابار الضيعة","elec_source":"شركة الكهرباء و الواح طاقة شمسية","bathtub_male":2,"bathtub_female":2,"generator":"false","generator_kva":null,"water_tank":7,"water_tank_capacity":1000,"water_heater":0,"ac":0,"firedistinguisher":0,"first_aid":"true","wheelchair":0,"beds":1,"fridges":0,"washingmachines":0,"kitchen":"false","kids_area":1,"water_available":"true","need_water":3000,"who_water":"البلدية","how_water":"شاحنة نقل المياه","LAF_Focal":null,"LAF_shelter_name":null,"LAF_Phone_nb":null,"kg1_public_f":0,"kg1_public_e":0,"kg1_private":0,"kg2_public_f":0,"kg2_public_e":1,"kg2_private":0,"kg3_public_f":0,"kg3_public_e":1,"kg3_private":0,"gr1_public_f":0,"gr1_public_e":1,"gr1_private":0,"gr2_public_f":0,"gr2_public_e":1,"gr2_private":1,"gr3_public_f":0,"gr3_public_e":0,"gr3_private":1,"gr4_public_f":0,"gr4_public_e":0,"gr4_private":0,"gr5_public_f":0,"gr5_public_e":2,"gr5_private":0,"gr6_public_f":0,"gr6_public_e":1,"gr6_private":0,"gr7_public_f":0,"gr7_public_e":0,"gr7_private":0,"gr8_public_f":0,"gr8_public_e":1,"gr8_private":0,"gr9_public_f":0,"gr9_public_e":0,"gr9_private":0,"gr10_public_f":0,"gr10_public_e":0,"gr10_private":0,"gr11s_public_f":0,"gr11s_public_e":0,"gr11s_private":0,"gr11e_public_f":0,"gr11e_public_e":0,"gr11e_private":0,"gr12sg_public_f":0,"gr12sg_public_e":0,"gr12sg_private":0,"gr12se_public_f":0,"gr12se_public_e":0,"gr12se_private":0,"gr12lh_public_f":"false","gr12lh_public_e":0,"gr12lh_private":"false","gr12sv_public_f":0,"gr12sv_public_e":0,"gr12sv_private":0,"tvet_public":0,"tvet_private":0,"uni":1,"syrians":0,"oosc":0,"teachers":1,"bath_hygiene":"fair","playground":"fair","corridor":"fair","rooms_hygiene":"good","Is_waste_collected":"true","Collection_frequency":"daily","construction":"false","yes_construction":null,"unified_authority":"true","documentation":"false","check_all":"false","Comments":"true","comments2":null,"age0_6_months":1,"age6_12_months":0,"f_age0_6_months":0,"f_age6_12_months":0,"f_ages_1_3":2,"f_age_3_5":3,"f_age_6_12":7,"f_age_13_18":11,"f_age_19_57":26,"f_age_58_above":11,"Female_Headed_Households":0,"lost_kids":0,"chronic_disease":24,"diesel_fuel_tank":null,"count_tanks":null,"capacity_tank":null,"need_bin":null,"need_bin_240":null,"need_bin_1100":null,"status_2026":"used","gov_cad":"El Nabatieh","district_cad":"El Nabatieh","cad_name":"Zefta","x":35.39483769,"y":33.44198826},"geometry":{"type":"Point","coordinates":[35.39483769,33.44198826]}},
{"type":"Feature","properties":{"objectid":1706,"globalid":"3446d658-693f-44b6-a226-0a2989ebab79","shelter_name":"المجلس الاسلامي الشيعي الاعلى","governorate_name":"Mount Lebanon","district_name":"Baabda","villages":"Hazmiye","lat_calc":33.852583,"long_calc":35.539931,"loc_calc":"33.852583 35.539931","structure_type":"religiou_place","structure_type_other":null,"cerd_number":null,"ministry_name":null,"ACS":21211,"P_Code":"21211_018","focal":"عبد السلام شكر","nb":3621012,"mosa_focal":"ريما شمعون","mosa_focal_phone":3627503,"mehe_focal":null,"mehe_focalnb":null,"type_private_public":"other","other_specifyy":"مجلس شيعي الأعلى","status":"full","notes":null,"sourcee":"field","displaced_cas_code":21211,"phases":null,"nb_idps":27,"nb_families":9,"capacity":315,"male":12,"female":13,"age_0_1":null,"ages_1_3":1,"age_3_5":1,"age_6_12":2,"age_13_18":1,"age_19_57":4,"age_58_above":2,"disabilities_pregnant":null,"pregnant_women":3,"heating_disability":null,"visual_disability":1,"physical_disability":3,"interllectual_disability":null,"CreationDate":"2026-03-17T07:53:07","Creator":"Ramez.Hassan.961","EditDate":"2026-09-02T11:09:54","Editor":"EOR.BAABDA","lactating_women":9,"hearing_disability":0,"mental_disability":3,"DONT_ADD":"true","old_global_id":null,"floorsnum":3,"totalrooms":45,"occ_rooms":45,"free_spaces":45,"free_rooms":0,"kitchen_found":"false","kitchen_found2":null,"type_meal":null,"toilets_male":3,"toilets_female":3,"toilets_not_used_male":0,"toilets_not_used_female":0,"water_source":"بئر إرتوازي","elec_source":"إشتراك ، موتور ، دولة","bathtub_male":2,"bathtub_female":3,"generator":"true","generator_kva":60,"water_tank":2,"water_tank_capacity":4,"water_heater":3,"ac":0,"firedistinguisher":20,"first_aid":"false","wheelchair":0,"beds":0,"fridges":0,"washingmachines":3,"kitchen":"false","kids_area":3,"water_available":"true","need_water":120,"who_water":"بير إرتوازي","how_water":"موتور مي","LAF_Focal":null,"LAF_shelter_name":null,"LAF_Phone_nb":null,"kg1_public_f":null,"kg1_public_e":1,"kg1_private":1,"kg2_public_f":null,"kg2_public_e":1,"kg2_private":2,"kg3_public_f":null,"kg3_public_e":null,"kg3_private":2,"gr1_public_f":null,"gr1_public_e":1,"gr1_private":null,"gr2_public_f":null,"gr2_public_e":3,"gr2_private":null,"gr3_public_f":null,"gr3_public_e":2,"gr3_private":2,"gr4_public_f":null,"gr4_public_e":2,"gr4_private":null,"gr5_public_f":null,"gr5_public_e":2,"gr5_private":2,"gr6_public_f":null,"gr6_public_e":2,"gr6_private":null,"gr7_public_f":null,"gr7_public_e":6,"gr7_private":null,"gr8_public_f":null,"gr8_public_e":3,"gr8_private":1,"gr9_public_f":1,"gr9_public_e":3,"gr9_private":null,"gr10_public_f":1,"gr10_public_e":2,"gr10_private":null,"gr11s_public_f":null,"gr11s_public_e":2,"gr11s_private":null,"gr11e_public_f":null,"gr11e_public_e":null,"gr11e_private":null,"gr12sg_public_f":null,"gr12sg_public_e":1,"gr12sg_private":1,"gr12se_public_f":null,"gr12se_public_e":null,"gr12se_private":null,"gr12lh_public_f":null,"gr12lh_public_e":null,"gr12lh_private":null,"gr12sv_public_f":null,"gr12sv_public_e":null,"gr12sv_private":null,"tvet_public":3,"tvet_private":1,"uni":2,"syrians":0,"oosc":0,"teachers":0,"bath_hygiene":"good","playground":"good","corridor":"good","rooms_hygiene":"good","Is_waste_collected":"true","Collection_frequency":"daily","construction":"false","yes_construction":null,"unified_authority":"false","documentation":"false","check_all":"false","Comments":"true","comments2":"القصيبة, كفرسير","age0_6_months":1,"age6_12_months":0,"f_age0_6_months":0,"f_age6_12_months":1,"f_ages_1_3":1,"f_age_3_5":1,"f_age_6_12":2,"f_age_13_18":2,"f_age_19_57":4,"f_age_58_above":2,"Female_Headed_Households":16,"lost_kids":0,"chronic_disease":60,"diesel_fuel_tank":null,"count_tanks":null,"capacity_tank":null,"need_bin":null,"need_bin_240":null,"need_bin_1100":null,"status_2026":"used","gov_cad":"Mount Lebanon","district_cad":"Baabda","cad_name":"Baabda","x":35.53817606,"y":33.85480795},"geometry":{"type":"Point","coordinates":[35.53817606,33.85480795]}},
{"type":"Feature","properties":{"objectid":1707,"globalid":"417c8dbe-b322-4395-9bdb-7a18a48310e5","shelter_name":"المروانية المتوسطة الرسمية المختلطة - فرع الانكليزي","governorate_name":"South","district_name":"Saida","villages":"Merouaniye","lat_calc":33.446286,"long_calc":35.383272,"loc_calc":"33.446286 35.383272","structure_type":"School","structure_type_other":null,"cerd_number":1084,"ministry_name":null,"ACS":61463,"P_Code":"61463_003","focal":"محمود حلال","nb":3159313,"mosa_focal":"ريان الزهراء قاسم خروبي","mosa_focal_phone":3194656,"mehe_focal":"خديجة بنوت ","mehe_focalnb":"71-363551","type_private_public":"public","other_specifyy":null,"status":"open","notes":null,"sourcee":"field","displaced_cas_code":61463,"phases":null,"nb_idps":68,"nb_families":20,"capacity":68,"male":0,"female":0,"age_0_1":0,"ages_1_3":0,"age_3_5":0,"age_6_12":0,"age_13_18":0,"age_19_57":0,"age_58_above":0,"disabilities_pregnant":null,"pregnant_women":0,"heating_disability":null,"visual_disability":0,"physical_disability":0,"interllectual_disability":null,"CreationDate":"2026-03-17T07:54:40","Creator":"Ramez.Hassan.961","EditDate":"2026-09-02T07:22:12","Editor":"EOR.SAIDA","lactating_women":0,"hearing_disability":0,"mental_disability":0,"DONT_ADD":"true","old_global_id":null,"floorsnum":2,"totalrooms":28,"occ_rooms":4,"free_spaces":9,"free_rooms":1,"kitchen_found":"false","kitchen_found2":null,"type_meal":null,"toilets_male":3,"toilets_female":4,"toilets_not_used_male":0,"toilets_not_used_female":0,"water_source":"شركة المياه","elec_source":"اشتراك طاقة بحاجة  الى مولد كعربائي","bathtub_male":0,"bathtub_female":0,"generator":"true","generator_kva":6000,"water_tank":0,"water_tank_capacity":0,"water_heater":0,"ac":0,"firedistinguisher":0,"first_aid":"true","wheelchair":0,"beds":0,"fridges":1,"washingmachines":0,"kitchen":"false","kids_area":900,"water_available":"true","need_water":null,"who_water":null,"how_water":"شراء صهريج من المازوت","LAF_Focal":null,"LAF_shelter_name":null,"LAF_Phone_nb":null,"kg1_public_f":0,"kg1_public_e":0,"kg1_private":0,"kg2_public_f":0,"kg2_public_e":0,"kg2_private":0,"kg3_public_f":0,"kg3_public_e":0,"kg3_private":0,"gr1_public_f":0,"gr1_public_e":0,"gr1_private":0,"gr2_public_f":0,"gr2_public_e":0,"gr2_private":0,"gr3_public_f":0,"gr3_public_e":0,"gr3_private":0,"gr4_public_f":0,"gr4_public_e":0,"gr4_private":0,"gr5_public_f":0,"gr5_public_e":0,"gr5_private":0,"gr6_public_f":0,"gr6_public_e":0,"gr6_private":0,"gr7_public_f":0,"gr7_public_e":0,"gr7_private":0,"gr8_public_f":0,"gr8_public_e":0,"gr8_private":0,"gr9_public_f":0,"gr9_public_e":0,"gr9_private":0,"gr10_public_f":0,"gr10_public_e":0,"gr10_private":0,"gr11s_public_f":0,"gr11s_public_e":0,"gr11s_private":0,"gr11e_public_f":0,"gr11e_public_e":0,"gr11e_private":0,"gr12sg_public_f":0,"gr12sg_public_e":0,"gr12sg_private":0,"gr12se_public_f":0,"gr12se_public_e":0,"gr12se_private":0,"gr12lh_public_f":"false","gr12lh_public_e":0,"gr12lh_private":"false","gr12sv_public_f":0,"gr12sv_public_e":0,"gr12sv_private":0,"tvet_public":0,"tvet_private":0,"uni":0,"syrians":0,"oosc":0,"teachers":0,"bath_hygiene":"fair","playground":"fair","corridor":"fair","rooms_hygiene":"good","Is_waste_collected":"true","Collection_frequency":"weekly","construction":"false","yes_construction":null,"unified_authority":"true","documentation":"true","check_all":"true","Comments":"true","comments2":"  (بحاجة الى براد ضروري) كفررمان كفرتبنيت عيترون","age0_6_months":0,"age6_12_months":0,"f_age0_6_months":0,"f_age6_12_months":0,"f_ages_1_3":0,"f_age_3_5":0,"f_age_6_12":0,"f_age_13_18":0,"f_age_19_57":0,"f_age_58_above":0,"Female_Headed_Households":0,"lost_kids":0,"chronic_disease":0,"diesel_fuel_tank":null,"count_tanks":null,"capacity_tank":null,"need_bin":null,"need_bin_240":null,"need_bin_1100":null,"status_2026":"used","gov_cad":"South","district_cad":"Saida","cad_name":"El-Merwaniyé","x":35.38132605,"y":33.44872821},"geometry":{"type":"Point","coordinates":[35.38132605,33.44872821]}},
{"type":"Feature","properties":{"objectid":1710,"globalid":"e75444bb-9100-4e4f-a0f1-b78a70f68ef5","shelter_name":"حسينية الجية","governorate_name":"Mount Lebanon","district_name":"Chouf","villages":"Jiye","lat_calc":33.667442,"long_calc":35.425083,"loc_calc":"33.667442 35.425083","structure_type":"Other","structure_type_other":null,"cerd_number":null,"ministry_name":null,"ACS":23267,"P_Code":"23267_007","focal":"عبير الحاج","nb":76550822,"mosa_focal":null,"mosa_focal_phone":null,"mehe_focal":null,"mehe_focalnb":null,"type_private_public":"private","other_specifyy":null,"status":"full","notes":null,"sourcee":"ministry","displaced_cas_code":23267,"phases":null,"nb_idps":60,"nb_families":14,"capacity":50,"male":20,"female":35,"age_0_1":1,"ages_1_3":0,"age_3_5":0,"age_6_12":3,"age_13_18":0,"age_19_57":15,"age_58_above":2,"disabilities_pregnant":null,"pregnant_women":0,"heating_disability":null,"visual_disability":0,"physical_disability":0,"interllectual_disability":null,"CreationDate":"2026-03-17T12:00:18","Creator":"Ramez.Hassan.961","EditDate":"2026-08-05T08:00:12","Editor":"EOR.CHOUF","lactating_women":0,"hearing_disability":0,"mental_disability":0,"DONT_ADD":"true","old_global_id":null,"floorsnum":1,"totalrooms":1,"occ_rooms":1,"free_spaces":1,"free_rooms":0,"kitchen_found":"false","kitchen_found2":null,"type_meal":null,"toilets_male":1,"toilets_female":1,"toilets_not_used_male":0,"toilets_not_used_female":0,"water_source":"بير المقام","elec_source":"اشتراك-كهرباء","bathtub_male":0,"bathtub_female":0,"generator":"false","generator_kva":null,"water_tank":2,"water_tank_capacity":4000,"water_heater":1,"ac":0,"firedistinguisher":0,"first_aid":"false","wheelchair":0,"beds":0,"fridges":0,"washingmachines":0,"kitchen":"false","kids_area":0,"water_available":"false","need_water":40,"who_water":null,"how_water":null,"LAF_Focal":null,"LAF_shelter_name":null,"LAF_Phone_nb":null,"kg1_public_f":null,"kg1_public_e":null,"kg1_private":null,"kg2_public_f":null,"kg2_public_e":null,"kg2_private":null,"kg3_public_f":null,"kg3_public_e":null,"kg3_private":null,"gr1_public_f":null,"gr1_public_e":null,"gr1_private":null,"gr2_public_f":null,"gr2_public_e":null,"gr2_private":null,"gr3_public_f":null,"gr3_public_e":null,"gr3_private":null,"gr4_public_f":null,"gr4_public_e":null,"gr4_private":null,"gr5_public_f":null,"gr5_public_e":null,"gr5_private":null,"gr6_public_f":null,"gr6_public_e":null,"gr6_private":null,"gr7_public_f":null,"gr7_public_e":null,"gr7_private":null,"gr8_public_f":null,"gr8_public_e":null,"gr8_private":null,"gr9_public_f":null,"gr9_public_e":null,"gr9_private":null,"gr10_public_f":null,"gr10_public_e":null,"gr10_private":null,"gr11s_public_f":null,"gr11s_public_e":null,"gr11s_private":null,"gr11e_public_f":null,"gr11e_public_e":null,"gr11e_private":null,"gr12sg_public_f":null,"gr12sg_public_e":null,"gr12sg_private":null,"gr12se_public_f":null,"gr12se_public_e":null,"gr12se_private":null,"gr12lh_public_f":null,"gr12lh_public_e":null,"gr12lh_private":null,"gr12sv_public_f":null,"gr12sv_public_e":null,"gr12sv_private":null,"tvet_public":null,"tvet_private":null,"uni":null,"syrians":null,"oosc":null,"teachers":null,"bath_hygiene":null,"playground":null,"corridor":null,"rooms_hygiene":null,"Is_waste_collected":null,"Collection_frequency":null,"construction":null,"yes_construction":null,"unified_authority":null,"documentation":null,"check_all":null,"Comments":null,"comments2":null,"age0_6_months":0,"age6_12_months":0,"f_age0_6_months":0,"f_age6_12_months":0,"f_ages_1_3":1,"f_age_3_5":2,"f_age_6_12":1,"f_age_13_18":4,"f_age_19_57":26,"f_age_58_above":1,"Female_Headed_Households":null,"lost_kids":null,"chronic_disease":null,"diesel_fuel_tank":null,"count_tanks":null,"capacity_tank":null,"need_bin":null,"need_bin_240":null,"need_bin_1100":null,"status_2026":"used","gov_cad":"Mount Lebanon","district_cad":"Chouf","cad_name":"El Jiyeh","x":35.42673324,"y":33.66589603},"geometry":{"type":"Point","coordinates":[35.42673324,33.66589603]}},
{"type":"Feature","properties":{"objectid":1711,"globalid":"6ed5e965-44ec-4505-9e8e-9a090afdaa76","shelter_name":"المصيلح الابتدائية الرسمية","governorate_name":"South","district_name":"Saida","villages":"Msaileh","lat_calc":33.478667,"long_calc":35.349869,"loc_calc":"33.478667 35.349869","structure_type":"School","structure_type_other":null,"cerd_number":1086,"ministry_name":null,"ACS":61469,"P_Code":"61469_001","focal":"عليه بنوت","nb":3829462,"mosa_focal":null,"mosa_focal_phone":null,"mehe_focal":"عليه بنوت","mehe_focalnb":"3829462","type_private_public":"public","other_specifyy":null,"status":"open","notes":null,"sourcee":"ministry","displaced_cas_code":61469,"phases":10,"nb_idps":47,"nb_families":8,"capacity":47,"male":27,"female":28,"age_0_1":0,"ages_1_3":0,"age_3_5":0,"age_6_12":6,"age_13_18":3,"age_19_57":12,"age_58_above":5,"disabilities_pregnant":null,"pregnant_women":0,"heating_disability":null,"visual_disability":0,"physical_disability":0,"interllectual_disability":null,"CreationDate":"2026-03-19T14:00:32","Creator":"Ramez.Hassan.961","EditDate":"2026-09-02T07:23:30","Editor":"EOR.SAIDA","lactating_women":1,"hearing_disability":0,"mental_disability":1,"DONT_ADD":"true","old_global_id":null,"floorsnum":1,"totalrooms":13,"occ_rooms":8,"free_spaces":0,"free_rooms":1,"kitchen_found":"false","kitchen_found2":null,"type_meal":null,"toilets_male":6,"toilets_female":6,"toilets_not_used_male":0,"toilets_not_used_female":0,"water_source":"بئر الضيعة الارتوازي","elec_source":"شركة الكهرباء","bathtub_male":0,"bathtub_female":0,"generator":"true","generator_kva":16000,"water_tank":0,"water_tank_capacity":0,"water_heater":0,"ac":0,"firedistinguisher":0,"first_aid":"false","wheelchair":0,"beds":0,"fridges":0,"washingmachines":0,"kitchen":"false","kids_area":1000,"water_available":"true","need_water":80,"who_water":"بئر الضيعة","how_water":null,"LAF_Focal":"الملازم الأول مروان غانم","LAF_shelter_name":"المدرسة الابتدائية الرسمية - المصيلح","LAF_Phone_nb":76103322,"kg1_public_f":0,"kg1_public_e":1,"kg1_private":1,"kg2_public_f":0,"kg2_public_e":0,"kg2_private":0,"kg3_public_f":0,"kg3_public_e":1,"kg3_private":1,"gr1_public_f":0,"gr1_public_e":1,"gr1_private":1,"gr2_public_f":0,"gr2_public_e":1,"gr2_private":1,"gr3_public_f":0,"gr3_public_e":1,"gr3_private":2,"gr4_public_f":0,"gr4_public_e":1,"gr4_private":1,"gr5_public_f":0,"gr5_public_e":0,"gr5_private":1,"gr6_public_f":0,"gr6_public_e":0,"gr6_private":1,"gr7_public_f":0,"gr7_public_e":2,"gr7_private":0,"gr8_public_f":0,"gr8_public_e":0,"gr8_private":1,"gr9_public_f":0,"gr9_public_e":0,"gr9_private":0,"gr10_public_f":0,"gr10_public_e":1,"gr10_private":1,"gr11s_public_f":0,"gr11s_public_e":0,"gr11s_private":0,"gr11e_public_f":0,"gr11e_public_e":0,"gr11e_private":0,"gr12sg_public_f":0,"gr12sg_public_e":0,"gr12sg_private":0,"gr12se_public_f":0,"gr12se_public_e":0,"gr12se_private":0,"gr12lh_public_f":"false","gr12lh_public_e":0,"gr12lh_private":"false","gr12sv_public_f":0,"gr12sv_public_e":0,"gr12sv_private":0,"tvet_public":2,"tvet_private":0,"uni":2,"syrians":0,"oosc":0,"teachers":0,"bath_hygiene":"fair","playground":"fair","corridor":"fair","rooms_hygiene":"fair","Is_waste_collected":"true","Collection_frequency":"weekly","construction":"false","yes_construction":null,"unified_authority":"true","documentation":"true","check_all":"true","Comments":"true","comments2":"عدلون","age0_6_months":0,"age6_12_months":1,"f_age0_6_months":0,"f_age6_12_months":0,"f_ages_1_3":0,"f_age_3_5":2,"f_age_6_12":6,"f_age_13_18":4,"f_age_19_57":12,"f_age_58_above":4,"Female_Headed_Households":0,"lost_kids":0,"chronic_disease":4,"diesel_fuel_tank":null,"count_tanks":null,"capacity_tank":null,"need_bin":null,"need_bin_240":null,"need_bin_1100":null,"status_2026":"used","gov_cad":"South","district_cad":"Saida","cad_name":"Kherbet Bassal","x":35.36397482,"y":33.47571699},"geometry":{"type":"Point","coordinates":[35.36397482,33.47571699]}},
{"type":"Feature","properties":{"objectid":1712,"globalid":"344dead9-cab2-4756-a274-9945cfb99e84","shelter_name":"مبنى الهدف","governorate_name":"Beirut","district_name":"Beirut","villages":"Beirut","lat_calc":33.888167,"long_calc":35.500906,"loc_calc":"33.888167 35.500906","structure_type":"Other","structure_type_other":"مبنى","cerd_number":null,"ministry_name":null,"ACS":10410,"P_Code":"10410_026","focal":"اسماعيل حمية","nb":70254237,"mosa_focal":"زينب قرياني ","mosa_focal_phone":70923165,"mehe_focal":null,"mehe_focalnb":null,"type_private_public":"private","other_specifyy":null,"status":"open","notes":null,"sourcee":"ministry","displaced_cas_code":10350,"phases":null,"nb_idps":22,"nb_families":6,"capacity":104,"male":15,"female":15,"age_0_1":1,"ages_1_3":0,"age_3_5":0,"age_6_12":10,"age_13_18":0,"age_19_57":5,"age_58_above":0,"disabilities_pregnant":null,"pregnant_women":1,"heating_disability":null,"visual_disability":0,"physical_disability":0,"interllectual_disability":null,"CreationDate":"2026-03-19T14:03:45","Creator":"Ramez.Hassan.961","EditDate":"2026-09-02T09:09:24","Editor":"EOR.BEIRUT","lactating_women":null,"hearing_disability":0,"mental_disability":0,"DONT_ADD":"true","old_global_id":null,"floorsnum":3,"totalrooms":15,"occ_rooms":15,"free_spaces":0,"free_rooms":0,"kitchen_found":"false","kitchen_found2":null,"type_meal":null,"toilets_male":2,"toilets_female":2,"toilets_not_used_male":0,"toilets_not_used_female":0,"water_source":"مصدر خاص ","elec_source":"5Aاشتراك","bathtub_male":1,"bathtub_female":1,"generator":"false","generator_kva":null,"water_tank":2,"water_tank_capacity":20000,"water_heater":3,"ac":0,"firedistinguisher":0,"first_aid":"false","wheelchair":0,"beds":0,"fridges":0,"washingmachines":2,"kitchen":"false","kids_area":0,"water_available":"false","need_water":30,"who_water":null,"how_water":null,"LAF_Focal":null,"LAF_shelter_name":null,"LAF_Phone_nb":null,"kg1_public_f":0,"kg1_public_e":0,"kg1_private":0,"kg2_public_f":0,"kg2_public_e":0,"kg2_private":1,"kg3_public_f":0,"kg3_public_e":1,"kg3_private":0,"gr1_public_f":null,"gr1_public_e":null,"gr1_private":null,"gr2_public_f":null,"gr2_public_e":3,"gr2_private":0,"gr3_public_f":0,"gr3_public_e":3,"gr3_private":null,"gr4_public_f":null,"gr4_public_e":3,"gr4_private":null,"gr5_public_f":null,"gr5_public_e":2,"gr5_private":null,"gr6_public_f":null,"gr6_public_e":2,"gr6_private":null,"gr7_public_f":null,"gr7_public_e":3,"gr7_private":0,"gr8_public_f":null,"gr8_public_e":null,"gr8_private":null,"gr9_public_f":null,"gr9_public_e":null,"gr9_private":null,"gr10_public_f":null,"gr10_public_e":null,"gr10_private":null,"gr11s_public_f":null,"gr11s_public_e":null,"gr11s_private":null,"gr11e_public_f":null,"gr11e_public_e":null,"gr11e_private":null,"gr12sg_public_f":null,"gr12sg_public_e":null,"gr12sg_private":null,"gr12se_public_f":null,"gr12se_public_e":1,"gr12se_private":null,"gr12lh_public_f":null,"gr12lh_public_e":null,"gr12lh_private":null,"gr12sv_public_f":null,"gr12sv_public_e":null,"gr12sv_private":null,"tvet_public":1,"tvet_private":null,"uni":null,"syrians":null,"oosc":1,"teachers":null,"bath_hygiene":"fair","playground":"fair","corridor":"fair","rooms_hygiene":"fair","Is_waste_collected":"true","Collection_frequency":"daily","construction":"false","yes_construction":null,"unified_authority":"true","documentation":"false","check_all":"false","Comments":"true","comments2":null,"age0_6_months":0,"age6_12_months":0,"f_age0_6_months":0,"f_age6_12_months":0,"f_ages_1_3":0,"f_age_3_5":0,"f_age_6_12":2,"f_age_13_18":3,"f_age_19_57":10,"f_age_58_above":0,"Female_Headed_Households":2,"lost_kids":null,"chronic_disease":4,"diesel_fuel_tank":"false","count_tanks":null,"capacity_tank":null,"need_bin":"true","need_bin_240":2,"need_bin_1100":0,"status_2026":"used","gov_cad":"Beirut","district_cad":"Beirut","cad_name":"Zoukak el-Blatt","x":35.49938282,"y":33.8925643},"geometry":{"type":"Point","coordinates":[35.49938282,33.8925643]}},
{"type":"Feature","properties":{"objectid":1720,"globalid":"3028573d-bafe-488c-9c5f-d806f1d967dc","shelter_name":"مبنى قاروط","governorate_name":"Beirut","district_name":"Beirut","villages":"El Hamra","lat_calc":33.896312,"long_calc":35.481959,"loc_calc":"33.896312 35.481959","structure_type":"Other","structure_type_other":"building ","cerd_number":null,"ministry_name":null,"ACS":10150,"P_Code":"10150_051","focal":"عبدو الحاج حسن ","nb":3003701,"mosa_focal":null,"mosa_focal_phone":null,"mehe_focal":null,"mehe_focalnb":null,"type_private_public":"other","other_specifyy":null,"status":"open","notes":null,"sourcee":"field","displaced_cas_code":10150,"phases":null,"nb_idps":200,"nb_families":18,"capacity":180,"male":36,"female":50,"age_0_1":null,"ages_1_3":1,"age_3_5":4,"age_6_12":6,"age_13_18":0,"age_19_57":25,"age_58_above":0,"disabilities_pregnant":null,"pregnant_women":3,"heating_disability":null,"visual_disability":0,"physical_disability":0,"interllectual_disability":null,"CreationDate":"2026-03-23T20:13:18","Creator":"Ramez.Hassan.961","EditDate":"2026-09-02T08:34:30","Editor":"EOR.BEIRUT","lactating_women":2,"hearing_disability":0,"mental_disability":0,"DONT_ADD":"true","old_global_id":null,"floorsnum":6,"totalrooms":12,"occ_rooms":12,"free_spaces":0,"free_rooms":0,"kitchen_found":"true","kitchen_found2":"false","type_meal":null,"toilets_male":12,"toilets_female":12,"toilets_not_used_male":0,"toilets_not_used_female":0,"water_source":"خزانات ومياه دولة","elec_source":"10 Aاشتراك","bathtub_male":12,"bathtub_female":12,"generator":"false","generator_kva":null,"water_tank":4,"water_tank_capacity":4000,"water_heater":6,"ac":0,"firedistinguisher":0,"first_aid":"false","wheelchair":null,"beds":null,"fridges":1,"washingmachines":null,"kitchen":"false","kids_area":0,"water_available":"false","need_water":4000,"who_water":null,"how_water":null,"LAF_Focal":null,"LAF_shelter_name":null,"LAF_Phone_nb":null,"kg1_public_f":null,"kg1_public_e":2,"kg1_private":2,"kg2_public_f":null,"kg2_public_e":null,"kg2_private":null,"kg3_public_f":null,"kg3_public_e":null,"kg3_private":3,"gr1_public_f":null,"gr1_public_e":1,"gr1_private":1,"gr2_public_f":null,"gr2_public_e":null,"gr2_private":1,"gr3_public_f":null,"gr3_public_e":null,"gr3_private":null,"gr4_public_f":null,"gr4_public_e":2,"gr4_private":1,"gr5_public_f":null,"gr5_public_e":4,"gr5_private":2,"gr6_public_f":null,"gr6_public_e":2,"gr6_private":2,"gr7_public_f":null,"gr7_public_e":null,"gr7_private":2,"gr8_public_f":null,"gr8_public_e":2,"gr8_private":1,"gr9_public_f":null,"gr9_public_e":null,"gr9_private":1,"gr10_public_f":null,"gr10_public_e":1,"gr10_private":null,"gr11s_public_f":null,"gr11s_public_e":1,"gr11s_private":null,"gr11e_public_f":null,"gr11e_public_e":null,"gr11e_private":null,"gr12sg_public_f":null,"gr12sg_public_e":null,"gr12sg_private":null,"gr12se_public_f":null,"gr12se_public_e":null,"gr12se_private":null,"gr12lh_public_f":null,"gr12lh_public_e":null,"gr12lh_private":null,"gr12sv_public_f":null,"gr12sv_public_e":null,"gr12sv_private":null,"tvet_public":null,"tvet_private":null,"uni":2,"syrians":null,"oosc":8,"teachers":null,"bath_hygiene":"good","playground":"fair","corridor":"fair","rooms_hygiene":"fair","Is_waste_collected":"true","Collection_frequency":"daily","construction":"false","yes_construction":null,"unified_authority":"true","documentation":"true","check_all":"false","Comments":"false","comments2":null,"age0_6_months":0,"age6_12_months":0,"f_age0_6_months":1,"f_age6_12_months":2,"f_ages_1_3":1,"f_age_3_5":0,"f_age_6_12":0,"f_age_13_18":2,"f_age_19_57":42,"f_age_58_above":2,"Female_Headed_Households":0,"lost_kids":0,"chronic_disease":0,"diesel_fuel_tank":"false","count_tanks":null,"capacity_tank":null,"need_bin":null,"need_bin_240":null,"need_bin_1100":null,"status_2026":"used","gov_cad":"Beirut","district_cad":"Beirut","cad_name":"Moussaytbeh","x":35.48989762,"y":33.89161636},"geometry":{"type":"Point","coordinates":[35.48989762,33.89161636]}},
{"type":"Feature","properties":{"objectid":1726,"globalid":"1956297b-2534-45b3-893f-64d8a916e257","shelter_name":"حسينية داعل - البترون","governorate_name":"North","district_name":"El Batroun","villages":"Daael","lat_calc":34.239087,"long_calc":35.80063,"loc_calc":"34.239087 35.80063","structure_type":"religiou_place","structure_type_other":null,"cerd_number":null,"ministry_name":null,"ACS":34279,"P_Code":"34279_001","focal":"اسعد حمادة","nb":71550259,"mosa_focal":null,"mosa_focal_phone":null,"mehe_focal":null,"mehe_focalnb":null,"type_private_public":"private","other_specifyy":null,"status":"open","notes":"ceasefire","sourcee":"field","displaced_cas_code":34279,"phases":null,"nb_idps":12,"nb_families":5,"capacity":40,"male":20,"female":27,"age_0_1":null,"ages_1_3":1,"age_3_5":0,"age_6_12":1,"age_13_18":1,"age_19_57":12,"age_58_above":5,"disabilities_pregnant":null,"pregnant_women":0,"heating_disability":null,"visual_disability":0,"physical_disability":0,"interllectual_disability":null,"CreationDate":"2026-03-24T09:48:08","Creator":"Ramez.Hassan.961","EditDate":"2026-09-02T10:49:47","Editor":"dm.datacollection","lactating_women":0,"hearing_disability":0,"mental_disability":0,"DONT_ADD":"true","old_global_id":null,"floorsnum":1,"totalrooms":2,"occ_rooms":2,"free_spaces":0,"free_rooms":0,"kitchen_found":"true","kitchen_found2":"false","type_meal":null,"toilets_male":1,"toilets_female":1,"toilets_not_used_male":1,"toilets_not_used_female":1,"water_source":"Yess","elec_source":"Yess","bathtub_male":1,"bathtub_female":1,"generator":"true","generator_kva":0,"water_tank":2000,"water_tank_capacity":null,"water_heater":null,"ac":null,"firedistinguisher":null,"first_aid":"false","wheelchair":0,"beds":0,"fridges":null,"washingmachines":null,"kitchen":"true","kids_area":0,"water_available":"true","need_water":null,"who_water":null,"how_water":null,"LAF_Focal":null,"LAF_shelter_name":null,"LAF_Phone_nb":null,"kg1_public_f":0,"kg1_public_e":0,"kg1_private":0,"kg2_public_f":0,"kg2_public_e":0,"kg2_private":0,"kg3_public_f":0,"kg3_public_e":0,"kg3_private":0,"gr1_public_f":0,"gr1_public_e":0,"gr1_private":0,"gr2_public_f":0,"gr2_public_e":0,"gr2_private":0,"gr3_public_f":null,"gr3_public_e":null,"gr3_private":1,"gr4_public_f":0,"gr4_public_e":0,"gr4_private":0,"gr5_public_f":0,"gr5_public_e":0,"gr5_private":0,"gr6_public_f":0,"gr6_public_e":0,"gr6_private":0,"gr7_public_f":0,"gr7_public_e":0,"gr7_private":2,"gr8_public_f":0,"gr8_public_e":0,"gr8_private":0,"gr9_public_f":0,"gr9_public_e":0,"gr9_private":0,"gr10_public_f":0,"gr10_public_e":0,"gr10_private":0,"gr11s_public_f":0,"gr11s_public_e":0,"gr11s_private":0,"gr11e_public_f":0,"gr11e_public_e":0,"gr11e_private":0,"gr12sg_public_f":0,"gr12sg_public_e":0,"gr12sg_private":0,"gr12se_public_f":0,"gr12se_public_e":0,"gr12se_private":0,"gr12lh_public_f":"false","gr12lh_public_e":0,"gr12lh_private":"false","gr12sv_public_f":0,"gr12sv_public_e":0,"gr12sv_private":0,"tvet_public":1,"tvet_private":1,"uni":0,"syrians":0,"oosc":0,"teachers":0,"bath_hygiene":"fair","playground":"fair","corridor":"fair","rooms_hygiene":"fair","Is_waste_collected":"true","Collection_frequency":"weekly","construction":"false","yes_construction":null,"unified_authority":null,"documentation":null,"check_all":null,"Comments":null,"comments2":null,"age0_6_months":0,"age6_12_months":0,"f_age0_6_months":1,"f_age6_12_months":0,"f_ages_1_3":0,"f_age_3_5":2,"f_age_6_12":1,"f_age_13_18":3,"f_age_19_57":16,"f_age_58_above":4,"Female_Headed_Households":0,"lost_kids":0,"chronic_disease":0,"diesel_fuel_tank":null,"count_tanks":null,"capacity_tank":null,"need_bin":null,"need_bin_240":null,"need_bin_1100":null,"status_2026":"used","gov_cad":"North","district_cad":"Tripoli","cad_name":"Tripoli Jardins","x":35.83538075,"y":34.43295981},"geometry":{"type":"Point","coordinates":[35.83538075,34.43295981]}},
{"type":"Feature","properties":{"objectid":1729,"globalid":"b315d31d-3b7b-48c6-b17f-c18f1c3b1b16","shelter_name":"معهد الفني التربوي","governorate_name":"North","district_name":"Tripoli","villages":"Abou Samra","lat_calc":34.426014,"long_calc":35.842192,"loc_calc":"34.426014 35.842192","structure_type":"Institute","structure_type_other":null,"cerd_number":null,"ministry_name":null,"ACS":31111,"P_Code":"31111_050","focal":"محمود عثمان","nb":3045897,"mosa_focal":"عبدالله حلواني","mosa_focal_phone":70429233,"mehe_focal":"محمود عثمان","mehe_focalnb":"3045897","type_private_public":"public","other_specifyy":null,"status":"open","notes":null,"sourcee":"ministry","displaced_cas_code":31111,"phases":null,"nb_idps":42,"nb_families":15,"capacity":150,"male":22,"female":21,"age_0_1":null,"ages_1_3":1,"age_3_5":1,"age_6_12":2,"age_13_18":4,"age_19_57":12,"age_58_above":2,"disabilities_pregnant":null,"pregnant_women":0,"heating_disability":null,"visual_disability":0,"physical_disability":2,"interllectual_disability":null,"CreationDate":"2026-03-25T13:12:39","Creator":"Ramez.Hassan.961","EditDate":"2026-09-02T06:32:26","Editor":"EOR.NORTH","lactating_women":1,"hearing_disability":0,"mental_disability":0,"DONT_ADD":"true","old_global_id":null,"floorsnum":3,"totalrooms":5,"occ_rooms":0,"free_spaces":5,"free_rooms":null,"kitchen_found":"true","kitchen_found2":"false","type_meal":null,"toilets_male":5,"toilets_female":5,"toilets_not_used_male":0,"toilets_not_used_female":0,"water_source":"بئر مياه","elec_source":"طاقة شمسية - كهرباء الدولة","bathtub_male":1,"bathtub_female":2,"generator":"false","generator_kva":null,"water_tank":2,"water_tank_capacity":6000,"water_heater":0,"ac":0,"firedistinguisher":0,"first_aid":"true","wheelchair":null,"beds":null,"fridges":null,"washingmachines":null,"kitchen":"false","kids_area":null,"water_available":null,"need_water":null,"who_water":null,"how_water":null,"LAF_Focal":null,"LAF_shelter_name":null,"LAF_Phone_nb":null,"kg1_public_f":null,"kg1_public_e":null,"kg1_private":null,"kg2_public_f":null,"kg2_public_e":null,"kg2_private":null,"kg3_public_f":null,"kg3_public_e":null,"kg3_private":null,"gr1_public_f":null,"gr1_public_e":null,"gr1_private":null,"gr2_public_f":null,"gr2_public_e":null,"gr2_private":null,"gr3_public_f":null,"gr3_public_e":null,"gr3_private":null,"gr4_public_f":null,"gr4_public_e":null,"gr4_private":null,"gr5_public_f":null,"gr5_public_e":null,"gr5_private":null,"gr6_public_f":null,"gr6_public_e":null,"gr6_private":null,"gr7_public_f":null,"gr7_public_e":null,"gr7_private":null,"gr8_public_f":null,"gr8_public_e":null,"gr8_private":null,"gr9_public_f":null,"gr9_public_e":null,"gr9_private":null,"gr10_public_f":null,"gr10_public_e":null,"gr10_private":null,"gr11s_public_f":null,"gr11s_public_e":null,"gr11s_private":null,"gr11e_public_f":null,"gr11e_public_e":null,"gr11e_private":null,"gr12sg_public_f":null,"gr12sg_public_e":null,"gr12sg_private":null,"gr12se_public_f":null,"gr12se_public_e":null,"gr12se_private":null,"gr12lh_public_f":null,"gr12lh_public_e":null,"gr12lh_private":null,"gr12sv_public_f":null,"gr12sv_public_e":null,"gr12sv_private":null,"tvet_public":null,"tvet_private":null,"uni":null,"syrians":null,"oosc":null,"teachers":null,"bath_hygiene":null,"playground":null,"corridor":null,"rooms_hygiene":null,"Is_waste_collected":null,"Collection_frequency":null,"construction":null,"yes_construction":null,"unified_authority":null,"documentation":null,"check_all":null,"Comments":null,"comments2":"قلوي,عين قانا,دير نطار,برج البراجنة,حلوسية,عين قانا,دير القانون النهر,صور,معركة,حي السلم,عين المريجة,عينيات,كفرا","age0_6_months":0,"age6_12_months":0,"f_age0_6_months":0,"f_age6_12_months":0,"f_ages_1_3":0,"f_age_3_5":1,"f_age_6_12":2,"f_age_13_18":2,"f_age_19_57":14,"f_age_58_above":2,"Female_Headed_Households":0,"lost_kids":0,"chronic_disease":17,"diesel_fuel_tank":"false","count_tanks":null,"capacity_tank":null,"need_bin":null,"need_bin_240":null,"need_bin_1100":null,"status_2026":"used","gov_cad":"North","district_cad":"Tripoli","cad_name":"Tripoli Jardins","x":35.8353509,"y":34.43291538},"geometry":{"type":"Point","coordinates":[35.8353509,34.43291538]}},
{"type":"Feature","properties":{"objectid":1731,"globalid":"ce51439e-82e8-4987-810f-e10366e8cea2","shelter_name":"عقار 333 - قرية","governorate_name":"Mount Lebanon","district_name":"Baabda","villages":"Qraiye","lat_calc":33.808136,"long_calc":35.676433,"loc_calc":"33.808136 35.676433","structure_type":"Other","structure_type_other":"building","cerd_number":null,"ministry_name":null,"ACS":21344,"P_Code":"21344_002","focal":"Hassan ibrahim","nb":76455588,"mosa_focal":"محمد خنافر","mosa_focal_phone":3845420,"mehe_focal":null,"mehe_focalnb":null,"type_private_public":"private","other_specifyy":null,"status":"open","notes":null,"sourcee":"field","displaced_cas_code":21344,"phases":null,"nb_idps":169,"nb_families":57,"capacity":250,"male":74,"female":95,"age_0_1":null,"ages_1_3":3,"age_3_5":6,"age_6_12":10,"age_13_18":10,"age_19_57":30,"age_58_above":14,"disabilities_pregnant":null,"pregnant_women":1,"heating_disability":null,"visual_disability":3,"physical_disability":0,"interllectual_disability":null,"CreationDate":"2026-03-25T13:15:52","Creator":"Ramez.Hassan.961","EditDate":"2026-09-01T08:20:46","Editor":"EOR.BAABDA","lactating_women":2,"hearing_disability":2,"mental_disability":0,"DONT_ADD":"true","old_global_id":null,"floorsnum":8,"totalrooms":40,"occ_rooms":40,"free_spaces":0,"free_rooms":0,"kitchen_found":"true","kitchen_found2":"true","type_meal":null,"toilets_male":32,"toilets_female":32,"toilets_not_used_male":0,"toilets_not_used_female":0,"water_source":null,"elec_source":"none","bathtub_male":32,"bathtub_female":32,"generator":"true","generator_kva":null,"water_tank":null,"water_tank_capacity":null,"water_heater":null,"ac":null,"firedistinguisher":null,"first_aid":"false","wheelchair":null,"beds":null,"fridges":null,"washingmachines":null,"kitchen":null,"kids_area":null,"water_available":"false","need_water":10000,"who_water":null,"how_water":null,"LAF_Focal":null,"LAF_shelter_name":null,"LAF_Phone_nb":null,"kg1_public_f":null,"kg1_public_e":null,"kg1_private":null,"kg2_public_f":null,"kg2_public_e":null,"kg2_private":null,"kg3_public_f":null,"kg3_public_e":null,"kg3_private":null,"gr1_public_f":null,"gr1_public_e":null,"gr1_private":null,"gr2_public_f":null,"gr2_public_e":null,"gr2_private":null,"gr3_public_f":null,"gr3_public_e":null,"gr3_private":null,"gr4_public_f":null,"gr4_public_e":null,"gr4_private":null,"gr5_public_f":null,"gr5_public_e":null,"gr5_private":null,"gr6_public_f":null,"gr6_public_e":null,"gr6_private":null,"gr7_public_f":null,"gr7_public_e":null,"gr7_private":null,"gr8_public_f":null,"gr8_public_e":null,"gr8_private":null,"gr9_public_f":null,"gr9_public_e":null,"gr9_private":null,"gr10_public_f":null,"gr10_public_e":null,"gr10_private":null,"gr11s_public_f":null,"gr11s_public_e":null,"gr11s_private":null,"gr11e_public_f":null,"gr11e_public_e":null,"gr11e_private":null,"gr12sg_public_f":null,"gr12sg_public_e":null,"gr12sg_private":null,"gr12se_public_f":null,"gr12se_public_e":null,"gr12se_private":null,"gr12lh_public_f":null,"gr12lh_public_e":null,"gr12lh_private":null,"gr12sv_public_f":null,"gr12sv_public_e":null,"gr12sv_private":null,"tvet_public":null,"tvet_private":null,"uni":null,"syrians":null,"oosc":null,"teachers":null,"bath_hygiene":"good","playground":"good","corridor":"good","rooms_hygiene":"good","Is_waste_collected":"true","Collection_frequency":"daily","construction":"false","yes_construction":null,"unified_authority":"false","documentation":"false","check_all":"false","Comments":"true","comments2":"عيناتا, عيتا الشعب, العباسية, عيتا الجبل, العديسة","age0_6_months":0,"age6_12_months":1,"f_age0_6_months":1,"f_age6_12_months":1,"f_ages_1_3":3,"f_age_3_5":7,"f_age_6_12":16,"f_age_13_18":12,"f_age_19_57":33,"f_age_58_above":22,"Female_Headed_Households":0,"lost_kids":0,"chronic_disease":0,"diesel_fuel_tank":"true","count_tanks":null,"capacity_tank":null,"need_bin":null,"need_bin_240":null,"need_bin_1100":null,"status_2026":"used","gov_cad":"Mount Lebanon","district_cad":"Baabda","cad_name":"El-Krayé","x":35.67255795,"y":33.80447214},"geometry":{"type":"Point","coordinates":[35.67255795,33.80447214]}},
{"type":"Feature","properties":{"objectid":1757,"globalid":"762e0230-18e9-436b-bd9c-f1b900a640cc","shelter_name":"قاعة بلدية كوكبا","governorate_name":"Bekaa","district_name":"Rachaya","villages":"Kaoukaba","lat_calc":33.529328,"long_calc":35.780797,"loc_calc":"33.529328 35.780797","structure_type":"Other","structure_type_other":"Municipality","cerd_number":null,"ministry_name":null,"ACS":55144,"P_Code":"55144_003","focal":"راغب مغامس (بلدية)","nb":70922983,"mosa_focal":null,"mosa_focal_phone":null,"mehe_focal":null,"mehe_focalnb":null,"type_private_public":"public","other_specifyy":null,"status":"open","notes":null,"sourcee":"field","displaced_cas_code":55144,"phases":null,"nb_idps":17,"nb_families":5,"capacity":55,"male":10,"female":9,"age_0_1":null,"ages_1_3":2,"age_3_5":1,"age_6_12":3,"age_13_18":0,"age_19_57":3,"age_58_above":1,"disabilities_pregnant":null,"pregnant_women":0,"heating_disability":null,"visual_disability":0,"physical_disability":0,"interllectual_disability":null,"CreationDate":"2026-03-30T12:05:04","Creator":"GIS.Team.961","EditDate":"2026-07-15T12:18:56","Editor":"EOR.BEKAA","lactating_women":0,"hearing_disability":0,"mental_disability":0,"DONT_ADD":"true","old_global_id":null,"floorsnum":1,"totalrooms":4,"occ_rooms":3,"free_spaces":1,"free_rooms":0,"kitchen_found":"false","kitchen_found2":null,"type_meal":null,"toilets_male":1,"toilets_female":1,"toilets_not_used_male":1,"toilets_not_used_female":1,"water_source":"private well","elec_source":"شركة كهرباء لبنان","bathtub_male":0,"bathtub_female":0,"generator":"false","generator_kva":null,"water_tank":2,"water_tank_capacity":60,"water_heater":0,"ac":0,"firedistinguisher":0,"first_aid":"false","wheelchair":0,"beds":0,"fridges":0,"washingmachines":0,"kitchen":"false","kids_area":0,"water_available":"false","need_water":20,"who_water":null,"how_water":null,"LAF_Focal":null,"LAF_shelter_name":null,"LAF_Phone_nb":null,"kg1_public_f":0,"kg1_public_e":0,"kg1_private":0,"kg2_public_f":0,"kg2_public_e":0,"kg2_private":1,"kg3_public_f":0,"kg3_public_e":1,"kg3_private":0,"gr1_public_f":0,"gr1_public_e":1,"gr1_private":0,"gr2_public_f":0,"gr2_public_e":0,"gr2_private":0,"gr3_public_f":0,"gr3_public_e":0,"gr3_private":0,"gr4_public_f":0,"gr4_public_e":0,"gr4_private":1,"gr5_public_f":0,"gr5_public_e":1,"gr5_private":0,"gr6_public_f":1,"gr6_public_e":0,"gr6_private":1,"gr7_public_f":0,"gr7_public_e":0,"gr7_private":0,"gr8_public_f":0,"gr8_public_e":0,"gr8_private":0,"gr9_public_f":0,"gr9_public_e":1,"gr9_private":0,"gr10_public_f":0,"gr10_public_e":0,"gr10_private":0,"gr11s_public_f":0,"gr11s_public_e":0,"gr11s_private":0,"gr11e_public_f":0,"gr11e_public_e":0,"gr11e_private":0,"gr12sg_public_f":0,"gr12sg_public_e":0,"gr12sg_private":0,"gr12se_public_f":0,"gr12se_public_e":0,"gr12se_private":0,"gr12lh_public_f":"false","gr12lh_public_e":0,"gr12lh_private":"false","gr12sv_public_f":0,"gr12sv_public_e":0,"gr12sv_private":0,"tvet_public":0,"tvet_private":0,"uni":0,"syrians":0,"oosc":0,"teachers":0,"bath_hygiene":"fair","playground":"fair","corridor":"fair","rooms_hygiene":"fair","Is_waste_collected":"true","Collection_frequency":"daily","construction":"false","yes_construction":null,"unified_authority":"true","documentation":"true","check_all":"false","Comments":"false","comments2":"سحمر لبايا كفرتبنين قليعة","age0_6_months":0,"age6_12_months":0,"f_age0_6_months":0,"f_age6_12_months":0,"f_ages_1_3":0,"f_age_3_5":0,"f_age_6_12":2,"f_age_13_18":1,"f_age_19_57":4,"f_age_58_above":2,"Female_Headed_Households":1,"lost_kids":0,"chronic_disease":3,"diesel_fuel_tank":"true","count_tanks":1,"capacity_tank":4000,"need_bin":null,"need_bin_240":null,"need_bin_1100":null,"status_2026":"used","gov_cad":"Bekaa","district_cad":"Rachaya","cad_name":"Kaoukaba","x":35.7825534,"y":33.52808537},"geometry":{"type":"Point","coordinates":[35.7825534,33.52808537]}},
{"type":"Feature","properties":{"objectid":1758,"globalid":"68a36b69-ba94-4a89-b8c7-5eb20f52ba5e","shelter_name":"مركز جمعية حرمون للرعاية و التأهيل","governorate_name":"Bekaa","district_name":"Rachaya","villages":"Rachaiya","lat_calc":33.499143,"long_calc":35.837823,"loc_calc":"33.499143 35.837823","structure_type":"organization","structure_type_other":null,"cerd_number":null,"ministry_name":null,"ACS":55124,"P_Code":"55124_006","focal":"akram kaakour","nb":78937508,"mosa_focal":"sawsan abu hala","mosa_focal_phone":71027308,"mehe_focal":null,"mehe_focalnb":null,"type_private_public":"private","other_specifyy":null,"status":"open","notes":null,"sourcee":"ministry","displaced_cas_code":55111,"phases":null,"nb_idps":21,"nb_families":8,"capacity":46,"male":19,"female":17,"age_0_1":null,"ages_1_3":0,"age_3_5":1,"age_6_12":4,"age_13_18":3,"age_19_57":7,"age_58_above":4,"disabilities_pregnant":null,"pregnant_women":0,"heating_disability":null,"visual_disability":0,"physical_disability":1,"interllectual_disability":null,"CreationDate":"2026-03-30T12:07:24","Creator":"GIS.Team.961","EditDate":"2026-07-15T12:19:39","Editor":"EOR.BEKAA","lactating_women":0,"hearing_disability":0,"mental_disability":0,"DONT_ADD":"true","old_global_id":null,"floorsnum":3,"totalrooms":8,"occ_rooms":6,"free_spaces":2,"free_rooms":2,"kitchen_found":"false","kitchen_found2":null,"type_meal":null,"toilets_male":4,"toilets_female":4,"toilets_not_used_male":0,"toilets_not_used_female":0,"water_source":"private water trucking","elec_source":"solar system and private generator","bathtub_male":4,"bathtub_female":4,"generator":"false","generator_kva":null,"water_tank":2,"water_tank_capacity":4000,"water_heater":0,"ac":0,"firedistinguisher":0,"first_aid":"false","wheelchair":0,"beds":0,"fridges":0,"washingmachines":0,"kitchen":"false","kids_area":1,"water_available":"true","need_water":15,"who_water":"SAWA","how_water":"CISTERN","LAF_Focal":null,"LAF_shelter_name":null,"LAF_Phone_nb":null,"kg1_public_f":0,"kg1_public_e":0,"kg1_private":1,"kg2_public_f":0,"kg2_public_e":0,"kg2_private":1,"kg3_public_f":0,"kg3_public_e":1,"kg3_private":0,"gr1_public_f":0,"gr1_public_e":0,"gr1_private":1,"gr2_public_f":0,"gr2_public_e":0,"gr2_private":0,"gr3_public_f":0,"gr3_public_e":0,"gr3_private":0,"gr4_public_f":0,"gr4_public_e":0,"gr4_private":0,"gr5_public_f":0,"gr5_public_e":0,"gr5_private":0,"gr6_public_f":0,"gr6_public_e":1,"gr6_private":1,"gr7_public_f":0,"gr7_public_e":1,"gr7_private":0,"gr8_public_f":0,"gr8_public_e":0,"gr8_private":0,"gr9_public_f":0,"gr9_public_e":1,"gr9_private":0,"gr10_public_f":0,"gr10_public_e":1,"gr10_private":0,"gr11s_public_f":0,"gr11s_public_e":0,"gr11s_private":0,"gr11e_public_f":0,"gr11e_public_e":0,"gr11e_private":0,"gr12sg_public_f":0,"gr12sg_public_e":0,"gr12sg_private":0,"gr12se_public_f":0,"gr12se_public_e":0,"gr12se_private":0,"gr12lh_public_f":"false","gr12lh_public_e":0,"gr12lh_private":"false","gr12sv_public_f":0,"gr12sv_public_e":0,"gr12sv_private":0,"tvet_public":0,"tvet_private":0,"uni":0,"syrians":9,"oosc":0,"teachers":null,"bath_hygiene":"good","playground":"fair","corridor":"fair","rooms_hygiene":"fair","Is_waste_collected":"true","Collection_frequency":"weekly","construction":"false","yes_construction":null,"unified_authority":"true","documentation":"false","check_all":"false","Comments":"true","comments2":"سحمر مشغرة","age0_6_months":0,"age6_12_months":0,"f_age0_6_months":0,"f_age6_12_months":0,"f_ages_1_3":1,"f_age_3_5":0,"f_age_6_12":0,"f_age_13_18":2,"f_age_19_57":11,"f_age_58_above":3,"Female_Headed_Households":0,"lost_kids":0,"chronic_disease":2,"diesel_fuel_tank":"true","count_tanks":2,"capacity_tank":4000,"need_bin":"true","need_bin_240":1,"need_bin_1100":1,"status_2026":"used","gov_cad":"Bekaa","district_cad":"Rachaya","cad_name":"Rachaya El-Wadi","x":35.84161212,"y":33.5035697},"geometry":{"type":"Point","coordinates":[35.84161212,33.5035697]}},
{"type":"Feature","properties":{"objectid":1767,"globalid":"9572cd5f-5452-4b2b-8fa2-561eb7fe7abe","shelter_name":"بناية عضاضة","governorate_name":"Beirut","district_name":"Beirut","villages":"Ain El Tine","lat_calc":33.887895,"long_calc":35.474884,"loc_calc":"33.887895 35.474884","structure_type":"Other","structure_type_other":"building ","cerd_number":null,"ministry_name":null,"ACS":10150,"P_Code":"10150_054","focal":"ربيع","nb":71474898,"mosa_focal":"سهى ابو ملحم ","mosa_focal_phone":76081860,"mehe_focal":null,"mehe_focalnb":null,"type_private_public":"private","other_specifyy":null,"status":"open","notes":null,"sourcee":"ministry","displaced_cas_code":10150,"phases":null,"nb_idps":36,"nb_families":13,"capacity":120,"male":17,"female":18,"age_0_1":null,"ages_1_3":1,"age_3_5":1,"age_6_12":2,"age_13_18":1,"age_19_57":12,"age_58_above":0,"disabilities_pregnant":null,"pregnant_women":3,"heating_disability":null,"visual_disability":0,"physical_disability":null,"interllectual_disability":null,"CreationDate":"2026-04-05T08:55:58","Creator":"GIS.Team.961","EditDate":"2026-09-02T08:45:33","Editor":"EOR.BEIRUT","lactating_women":3,"hearing_disability":2,"mental_disability":1,"DONT_ADD":"true","old_global_id":null,"floorsnum":8,"totalrooms":17,"occ_rooms":12,"free_spaces":5,"free_rooms":0,"kitchen_found":"true","kitchen_found2":"false","type_meal":null,"toilets_male":6,"toilets_female":6,"toilets_not_used_male":0,"toilets_not_used_female":0,"water_source":"مياه دولة","elec_source":"اشتراك","bathtub_male":6,"bathtub_female":6,"generator":"false","generator_kva":null,"water_tank":3,"water_tank_capacity":3200,"water_heater":0,"ac":0,"firedistinguisher":0,"first_aid":"false","wheelchair":0,"beds":0,"fridges":0,"washingmachines":0,"kitchen":"false","kids_area":0,"water_available":"false","need_water":30,"who_water":null,"how_water":null,"LAF_Focal":null,"LAF_shelter_name":null,"LAF_Phone_nb":null,"kg1_public_f":0,"kg1_public_e":1,"kg1_private":1,"kg2_public_f":0,"kg2_public_e":2,"kg2_private":2,"kg3_public_f":0,"kg3_public_e":3,"kg3_private":0,"gr1_public_f":0,"gr1_public_e":1,"gr1_private":0,"gr2_public_f":0,"gr2_public_e":0,"gr2_private":2,"gr3_public_f":0,"gr3_public_e":1,"gr3_private":0,"gr4_public_f":0,"gr4_public_e":2,"gr4_private":1,"gr5_public_f":0,"gr5_public_e":2,"gr5_private":0,"gr6_public_f":null,"gr6_public_e":null,"gr6_private":null,"gr7_public_f":null,"gr7_public_e":1,"gr7_private":0,"gr8_public_f":null,"gr8_public_e":null,"gr8_private":null,"gr9_public_f":null,"gr9_public_e":0,"gr9_private":null,"gr10_public_f":null,"gr10_public_e":null,"gr10_private":null,"gr11s_public_f":null,"gr11s_public_e":null,"gr11s_private":null,"gr11e_public_f":null,"gr11e_public_e":null,"gr11e_private":null,"gr12sg_public_f":null,"gr12sg_public_e":null,"gr12sg_private":null,"gr12se_public_f":null,"gr12se_public_e":1,"gr12se_private":null,"gr12lh_public_f":null,"gr12lh_public_e":null,"gr12lh_private":null,"gr12sv_public_f":null,"gr12sv_public_e":null,"gr12sv_private":null,"tvet_public":2,"tvet_private":0,"uni":4,"syrians":2,"oosc":4,"teachers":null,"bath_hygiene":"fair","playground":"fair","corridor":"fair","rooms_hygiene":"fair","Is_waste_collected":"true","Collection_frequency":"daily","construction":"true","yes_construction":"7","unified_authority":"false","documentation":"false","check_all":"false","Comments":null,"comments2":"water filter","age0_6_months":0,"age6_12_months":0,"f_age0_6_months":1,"f_age6_12_months":0,"f_ages_1_3":0,"f_age_3_5":0,"f_age_6_12":0,"f_age_13_18":1,"f_age_19_57":15,"f_age_58_above":1,"Female_Headed_Households":5,"lost_kids":3,"chronic_disease":8,"diesel_fuel_tank":"false","count_tanks":null,"capacity_tank":null,"need_bin":"false","need_bin_240":null,"need_bin_1100":null,"status_2026":"used","gov_cad":"Beirut","district_cad":"Beirut","cad_name":"Ras Beyrouth","x":35.48008333,"y":33.88913889},"geometry":{"type":"Point","coordinates":[35.48008333,33.88913889]}},
{"type":"Feature","properties":{"objectid":1770,"globalid":"edef4b00-fd3e-44dd-b244-c1f6c6e79514","shelter_name":"Hamra star hotel","governorate_name":"Beirut","district_name":"Beirut","villages":"El Hamra","lat_calc":33.896312,"long_calc":35.481959,"loc_calc":"33.896312 35.481959","structure_type":"Other","structure_type_other":"hotel","cerd_number":null,"ministry_name":"Hamra star hotel","ACS":10150,"P_Code":"10150_041","focal":"مريم الاطرش ","nb":78881715,"mosa_focal":"Gaby Fraidy ","mosa_focal_phone":76472735,"mehe_focal":null,"mehe_focalnb":null,"type_private_public":"private","other_specifyy":null,"status":"open","notes":null,"sourcee":"ministry","displaced_cas_code":10150,"phases":10,"nb_idps":74,"nb_families":9,"capacity":190,"male":50,"female":24,"age_0_1":null,"ages_1_3":0,"age_3_5":0,"age_6_12":0,"age_13_18":0,"age_19_57":36,"age_58_above":14,"disabilities_pregnant":null,"pregnant_women":null,"heating_disability":null,"visual_disability":null,"physical_disability":null,"interllectual_disability":null,"CreationDate":"2026-04-08T09:35:32","Creator":"GIS.Team.961","EditDate":"2026-09-02T08:39:43","Editor":"EOR.BEIRUT","lactating_women":null,"hearing_disability":null,"mental_disability":null,"DONT_ADD":"true","old_global_id":null,"floorsnum":null,"totalrooms":null,"occ_rooms":null,"free_spaces":null,"free_rooms":null,"kitchen_found":null,"kitchen_found2":null,"type_meal":null,"toilets_male":null,"toilets_female":null,"toilets_not_used_male":null,"toilets_not_used_female":null,"water_source":null,"elec_source":null,"bathtub_male":null,"bathtub_female":null,"generator":null,"generator_kva":null,"water_tank":null,"water_tank_capacity":null,"water_heater":null,"ac":null,"firedistinguisher":null,"first_aid":null,"wheelchair":null,"beds":null,"fridges":null,"washingmachines":null,"kitchen":null,"kids_area":null,"water_available":null,"need_water":null,"who_water":null,"how_water":null,"LAF_Focal":null,"LAF_shelter_name":"Hamra star hotel","LAF_Phone_nb":null,"kg1_public_f":0,"kg1_public_e":2,"kg1_private":1,"kg2_public_f":0,"kg2_public_e":2,"kg2_private":1,"kg3_public_f":0,"kg3_public_e":1,"kg3_private":0,"gr1_public_f":0,"gr1_public_e":2,"gr1_private":3,"gr2_public_f":null,"gr2_public_e":0,"gr2_private":4,"gr3_public_f":0,"gr3_public_e":3,"gr3_private":null,"gr4_public_f":2,"gr4_public_e":2,"gr4_private":4,"gr5_public_f":5,"gr5_public_e":3,"gr5_private":3,"gr6_public_f":0,"gr6_public_e":0,"gr6_private":0,"gr7_public_f":null,"gr7_public_e":2,"gr7_private":4,"gr8_public_f":null,"gr8_public_e":0,"gr8_private":4,"gr9_public_f":3,"gr9_public_e":4,"gr9_private":0,"gr10_public_f":2,"gr10_public_e":4,"gr10_private":3,"gr11s_public_f":0,"gr11s_public_e":0,"gr11s_private":0,"gr11e_public_f":null,"gr11e_public_e":0,"gr11e_private":null,"gr12sg_public_f":2,"gr12sg_public_e":3,"gr12sg_private":2,"gr12se_public_f":null,"gr12se_public_e":null,"gr12se_private":null,"gr12lh_public_f":"false","gr12lh_public_e":0,"gr12lh_private":"false","gr12sv_public_f":null,"gr12sv_public_e":2,"gr12sv_private":null,"tvet_public":0,"tvet_private":4,"uni":3,"syrians":null,"oosc":null,"teachers":null,"bath_hygiene":null,"playground":null,"corridor":null,"rooms_hygiene":null,"Is_waste_collected":null,"Collection_frequency":null,"construction":null,"yes_construction":null,"unified_authority":null,"documentation":null,"check_all":null,"Comments":null,"comments2":"مبيدات حشرات يوجد الكثير من الجرذان","age0_6_months":0,"age6_12_months":0,"f_age0_6_months":0,"f_age6_12_months":0,"f_ages_1_3":0,"f_age_3_5":0,"f_age_6_12":0,"f_age_13_18":12,"f_age_19_57":10,"f_age_58_above":2,"Female_Headed_Households":null,"lost_kids":null,"chronic_disease":null,"diesel_fuel_tank":null,"count_tanks":null,"capacity_tank":null,"need_bin":null,"need_bin_240":null,"need_bin_1100":null,"status_2026":"used","gov_cad":"Beirut","district_cad":"Beirut","cad_name":"Ras Beyrouth","x":35.48269336,"y":33.8964346},"geometry":{"type":"Point","coordinates":[35.48269336,33.8964346]}},
{"type":"Feature","properties":{"objectid":1773,"globalid":"c13015a9-f34b-448c-aa7e-5d989046549c","shelter_name":"معهد الفني التربوي - مبنى عائلات الجيش","governorate_name":"North","district_name":"Tripoli","villages":"Abou Samra","lat_calc":34.426014,"long_calc":35.842192,"loc_calc":"34.426014 35.842192","structure_type":"Institute","structure_type_other":null,"cerd_number":null,"ministry_name":null,"ACS":31111,"P_Code":"31111_051","focal":"محمود عثمان","nb":3045897,"mosa_focal":"عبدالله حلواني","mosa_focal_phone":70429233,"mehe_focal":"محمود عثمان","mehe_focalnb":"3045897","type_private_public":"public","other_specifyy":null,"status":"open","notes":null,"sourcee":"ministry","displaced_cas_code":31111,"phases":10,"nb_idps":16,"nb_families":4,"capacity":100,"male":7,"female":5,"age_0_1":null,"ages_1_3":1,"age_3_5":0,"age_6_12":3,"age_13_18":0,"age_19_57":3,"age_58_above":0,"disabilities_pregnant":null,"pregnant_women":0,"heating_disability":null,"visual_disability":0,"physical_disability":0,"interllectual_disability":null,"CreationDate":"2026-04-08T09:45:08","Creator":"GIS.Team.961","EditDate":"2026-09-02T06:32:49","Editor":"EOR.NORTH","lactating_women":0,"hearing_disability":0,"mental_disability":0,"DONT_ADD":"true","old_global_id":null,"floorsnum":null,"totalrooms":null,"occ_rooms":null,"free_spaces":null,"free_rooms":null,"kitchen_found":null,"kitchen_found2":null,"type_meal":null,"toilets_male":null,"toilets_female":null,"toilets_not_used_male":null,"toilets_not_used_female":null,"water_source":null,"elec_source":null,"bathtub_male":null,"bathtub_female":null,"generator":null,"generator_kva":null,"water_tank":null,"water_tank_capacity":null,"water_heater":null,"ac":null,"firedistinguisher":null,"first_aid":null,"wheelchair":null,"beds":null,"fridges":null,"washingmachines":null,"kitchen":null,"kids_area":null,"water_available":null,"need_water":null,"who_water":null,"how_water":null,"LAF_Focal":null,"LAF_shelter_name":"معهد الفني التربوي - مبنى عائلات الجيش","LAF_Phone_nb":null,"kg1_public_f":0,"kg1_public_e":1,"kg1_private":1,"kg2_public_f":0,"kg2_public_e":1,"kg2_private":1,"kg3_public_f":0,"kg3_public_e":0,"kg3_private":0,"gr1_public_f":0,"gr1_public_e":0,"gr1_private":0,"gr2_public_f":0,"gr2_public_e":0,"gr2_private":2,"gr3_public_f":0,"gr3_public_e":0,"gr3_private":0,"gr4_public_f":0,"gr4_public_e":0,"gr4_private":0,"gr5_public_f":0,"gr5_public_e":0,"gr5_private":2,"gr6_public_f":0,"gr6_public_e":0,"gr6_private":1,"gr7_public_f":0,"gr7_public_e":0,"gr7_private":2,"gr8_public_f":0,"gr8_public_e":0,"gr8_private":0,"gr9_public_f":0,"gr9_public_e":0,"gr9_private":0,"gr10_public_f":0,"gr10_public_e":0,"gr10_private":0,"gr11s_public_f":0,"gr11s_public_e":0,"gr11s_private":0,"gr11e_public_f":0,"gr11e_public_e":0,"gr11e_private":0,"gr12sg_public_f":0,"gr12sg_public_e":0,"gr12sg_private":0,"gr12se_public_f":0,"gr12se_public_e":0,"gr12se_private":0,"gr12lh_public_f":"false","gr12lh_public_e":0,"gr12lh_private":"false","gr12sv_public_f":0,"gr12sv_public_e":0,"gr12sv_private":0,"tvet_public":0,"tvet_private":0,"uni":0,"syrians":0,"oosc":0,"teachers":0,"bath_hygiene":null,"playground":null,"corridor":null,"rooms_hygiene":null,"Is_waste_collected":null,"Collection_frequency":null,"construction":null,"yes_construction":null,"unified_authority":null,"documentation":null,"check_all":"true","Comments":null,"comments2":"عنقون,حي السلم,كفرملي,بافلية,جبيل البطم,شويفات","age0_6_months":0,"age6_12_months":0,"f_age0_6_months":0,"f_age6_12_months":0,"f_ages_1_3":1,"f_age_3_5":0,"f_age_6_12":1,"f_age_13_18":0,"f_age_19_57":3,"f_age_58_above":0,"Female_Headed_Households":0,"lost_kids":0,"chronic_disease":1,"diesel_fuel_tank":null,"count_tanks":null,"capacity_tank":null,"need_bin":null,"need_bin_240":null,"need_bin_1100":null,"status_2026":"used","gov_cad":"North","district_cad":"Tripoli","cad_name":"Tripoli Jardins","x":35.83348364,"y":34.43714055},"geometry":{"type":"Point","coordinates":[35.83348364,34.43714055]}},
{"type":"Feature","properties":{"objectid":1774,"globalid":"27ac000a-3d07-444b-a401-3026979763e5","shelter_name":"مركز جون التعليمي","governorate_name":"Mount Lebanon","district_name":"Chouf","villages":"Joun","lat_calc":33.583778,"long_calc":35.459014,"loc_calc":"33.583778 35.459014","structure_type":"Other","structure_type_other":null,"cerd_number":null,"ministry_name":null,"ACS":23336,"P_Code":"23336_003","focal":"الحجة دنيا","nb":3439736,"mosa_focal":"Fatima hamzeh","mosa_focal_phone":76021455,"mehe_focal":null,"mehe_focalnb":null,"type_private_public":"public","other_specifyy":null,"status":"full","notes":null,"sourcee":null,"displaced_cas_code":23336,"phases":null,"nb_idps":110,"nb_families":33,"capacity":180,"male":84,"female":96,"age_0_1":null,"ages_1_3":2,"age_3_5":2,"age_6_12":9,"age_13_18":14,"age_19_57":43,"age_58_above":12,"disabilities_pregnant":null,"pregnant_women":1,"heating_disability":null,"visual_disability":0,"physical_disability":3,"interllectual_disability":null,"CreationDate":"2026-04-08T09:51:21","Creator":"GIS.Team.961","EditDate":"2026-08-29T07:03:38","Editor":"EOR.CHOUF","lactating_women":0,"hearing_disability":1,"mental_disability":0,"DONT_ADD":"true","old_global_id":null,"floorsnum":null,"totalrooms":null,"occ_rooms":null,"free_spaces":null,"free_rooms":null,"kitchen_found":null,"kitchen_found2":null,"type_meal":null,"toilets_male":null,"toilets_female":null,"toilets_not_used_male":null,"toilets_not_used_female":null,"water_source":null,"elec_source":null,"bathtub_male":null,"bathtub_female":null,"generator":null,"generator_kva":null,"water_tank":null,"water_tank_capacity":null,"water_heater":null,"ac":null,"firedistinguisher":null,"first_aid":null,"wheelchair":null,"beds":null,"fridges":null,"washingmachines":null,"kitchen":null,"kids_area":null,"water_available":null,"need_water":null,"who_water":null,"how_water":null,"LAF_Focal":null,"LAF_shelter_name":null,"LAF_Phone_nb":null,"kg1_public_f":null,"kg1_public_e":null,"kg1_private":null,"kg2_public_f":null,"kg2_public_e":null,"kg2_private":null,"kg3_public_f":null,"kg3_public_e":null,"kg3_private":null,"gr1_public_f":null,"gr1_public_e":null,"gr1_private":null,"gr2_public_f":null,"gr2_public_e":null,"gr2_private":null,"gr3_public_f":null,"gr3_public_e":null,"gr3_private":null,"gr4_public_f":null,"gr4_public_e":null,"gr4_private":null,"gr5_public_f":null,"gr5_public_e":null,"gr5_private":null,"gr6_public_f":null,"gr6_public_e":null,"gr6_private":null,"gr7_public_f":null,"gr7_public_e":null,"gr7_private":null,"gr8_public_f":null,"gr8_public_e":null,"gr8_private":null,"gr9_public_f":null,"gr9_public_e":null,"gr9_private":null,"gr10_public_f":null,"gr10_public_e":null,"gr10_private":null,"gr11s_public_f":null,"gr11s_public_e":null,"gr11s_private":null,"gr11e_public_f":null,"gr11e_public_e":null,"gr11e_private":null,"gr12sg_public_f":null,"gr12sg_public_e":null,"gr12sg_private":null,"gr12se_public_f":null,"gr12se_public_e":null,"gr12se_private":null,"gr12lh_public_f":null,"gr12lh_public_e":null,"gr12lh_private":null,"gr12sv_public_f":null,"gr12sv_public_e":null,"gr12sv_private":null,"tvet_public":null,"tvet_private":null,"uni":null,"syrians":null,"oosc":null,"teachers":null,"bath_hygiene":null,"playground":null,"corridor":null,"rooms_hygiene":null,"Is_waste_collected":null,"Collection_frequency":null,"construction":null,"yes_construction":null,"unified_authority":null,"documentation":null,"check_all":null,"Comments":null,"comments2":null,"age0_6_months":0,"age6_12_months":2,"f_age0_6_months":0,"f_age6_12_months":0,"f_ages_1_3":1,"f_age_3_5":2,"f_age_6_12":15,"f_age_13_18":9,"f_age_19_57":58,"f_age_58_above":11,"Female_Headed_Households":null,"lost_kids":null,"chronic_disease":null,"diesel_fuel_tank":null,"count_tanks":null,"capacity_tank":null,"need_bin":null,"need_bin_240":null,"need_bin_1100":null,"status_2026":"used","gov_cad":"Mount Lebanon","district_cad":"Chouf","cad_name":"Joun","x":35.46178386,"y":33.58333516},"geometry":{"type":"Point","coordinates":[35.46178386,33.58333516]}},
{"type":"Feature","properties":{"objectid":1778,"globalid":"e822b55f-7310-40bd-9c82-71b4ce201a24","shelter_name":"مشان - عين المرجة","governorate_name":"Mount Lebanon","district_name":"Jbeil","villages":"Mechane","lat_calc":34.084717,"long_calc":35.755736,"loc_calc":"34.084717 35.755736","structure_type":"religiou_place","structure_type_other":null,"cerd_number":null,"ministry_name":null,"ACS":26231,"P_Code":"26231_004","focal":"Mhamad Mostafa Shamas","nb":3392182,"mosa_focal":null,"mosa_focal_phone":null,"mehe_focal":null,"mehe_focalnb":null,"type_private_public":"private","other_specifyy":null,"status":"open","notes":null,"sourcee":null,"displaced_cas_code":26231,"phases":null,"nb_idps":22,"nb_families":15,"capacity":165,"male":null,"female":null,"age_0_1":null,"ages_1_3":null,"age_3_5":null,"age_6_12":null,"age_13_18":null,"age_19_57":null,"age_58_above":null,"disabilities_pregnant":null,"pregnant_women":null,"heating_disability":null,"visual_disability":null,"physical_disability":null,"interllectual_disability":null,"CreationDate":"2026-04-10T06:39:37","Creator":"GIS.Team.961","EditDate":"2026-08-19T09:37:57","Editor":"EOR.JBEIL","lactating_women":null,"hearing_disability":null,"mental_disability":null,"DONT_ADD":"true","old_global_id":null,"floorsnum":null,"totalrooms":null,"occ_rooms":null,"free_spaces":null,"free_rooms":null,"kitchen_found":null,"kitchen_found2":null,"type_meal":null,"toilets_male":null,"toilets_female":null,"toilets_not_used_male":null,"toilets_not_used_female":null,"water_source":null,"elec_source":null,"bathtub_male":null,"bathtub_female":null,"generator":null,"generator_kva":null,"water_tank":null,"water_tank_capacity":null,"water_heater":null,"ac":null,"firedistinguisher":null,"first_aid":null,"wheelchair":null,"beds":null,"fridges":null,"washingmachines":null,"kitchen":null,"kids_area":null,"water_available":null,"need_water":null,"who_water":null,"how_water":null,"LAF_Focal":null,"LAF_shelter_name":null,"LAF_Phone_nb":null,"kg1_public_f":null,"kg1_public_e":0,"kg1_private":null,"kg2_public_f":null,"kg2_public_e":0,"kg2_private":null,"kg3_public_f":null,"kg3_public_e":0,"kg3_private":null,"gr1_public_f":null,"gr1_public_e":0,"gr1_private":null,"gr2_public_f":null,"gr2_public_e":0,"gr2_private":null,"gr3_public_f":null,"gr3_public_e":0,"gr3_private":null,"gr4_public_f":null,"gr4_public_e":0,"gr4_private":null,"gr5_public_f":null,"gr5_public_e":0,"gr5_private":null,"gr6_public_f":null,"gr6_public_e":0,"gr6_private":null,"gr7_public_f":null,"gr7_public_e":0,"gr7_private":null,"gr8_public_f":null,"gr8_public_e":0,"gr8_private":null,"gr9_public_f":null,"gr9_public_e":0,"gr9_private":null,"gr10_public_f":null,"gr10_public_e":0,"gr10_private":null,"gr11s_public_f":null,"gr11s_public_e":0,"gr11s_private":null,"gr11e_public_f":0,"gr11e_public_e":null,"gr11e_private":null,"gr12sg_public_f":0,"gr12sg_public_e":null,"gr12sg_private":null,"gr12se_public_f":0,"gr12se_public_e":null,"gr12se_private":null,"gr12lh_public_f":"false","gr12lh_public_e":null,"gr12lh_private":null,"gr12sv_public_f":0,"gr12sv_public_e":null,"gr12sv_private":null,"tvet_public":0,"tvet_private":null,"uni":null,"syrians":null,"oosc":null,"teachers":null,"bath_hygiene":null,"playground":null,"corridor":null,"rooms_hygiene":null,"Is_waste_collected":null,"Collection_frequency":null,"construction":null,"yes_construction":null,"unified_authority":null,"documentation":null,"check_all":null,"Comments":null,"comments2":"النبطية،صيدا،عدلون،شعيت،الضاحية","age0_6_months":null,"age6_12_months":null,"f_age0_6_months":null,"f_age6_12_months":null,"f_ages_1_3":null,"f_age_3_5":null,"f_age_6_12":null,"f_age_13_18":null,"f_age_19_57":null,"f_age_58_above":null,"Female_Headed_Households":null,"lost_kids":null,"chronic_disease":null,"diesel_fuel_tank":null,"count_tanks":null,"capacity_tank":null,"need_bin":null,"need_bin_240":null,"need_bin_1100":null,"status_2026":"used","gov_cad":"Mount Lebanon","district_cad":"Jbeil","cad_name":"Mechane","x":35.75653388,"y":34.08437287},"geometry":{"type":"Point","coordinates":[35.75653388,34.08437287]}},
{"type":"Feature","properties":{"objectid":1785,"globalid":"7689d176-ee46-4fd0-96f3-cd78e01539ee","shelter_name":"مركز بتير","governorate_name":"Akkar","district_name":"Akkar","villages":"Mhamra","lat_calc":34.5045,"long_calc":35.9695,"loc_calc":"34.5045 35.9695","structure_type":"School","structure_type_other":null,"cerd_number":null,"ministry_name":null,"ACS":35277,"P_Code":"35277_011","focal":"حاتم اسعد","nb":70968532,"mosa_focal":null,"mosa_focal_phone":null,"mehe_focal":null,"mehe_focalnb":null,"type_private_public":"private","other_specifyy":null,"status":"open","notes":null,"sourcee":"field","displaced_cas_code":35277,"phases":null,"nb_idps":79,"nb_families":25,"capacity":400,"male":60,"female":58,"age_0_1":null,"ages_1_3":2,"age_3_5":4,"age_6_12":13,"age_13_18":13,"age_19_57":25,"age_58_above":3,"disabilities_pregnant":null,"pregnant_women":null,"heating_disability":null,"visual_disability":null,"physical_disability":null,"interllectual_disability":null,"CreationDate":"2026-04-24T12:40:41","Creator":"GIS.Team.961","EditDate":"2026-07-07T06:11:08","Editor":"EOR.AKKAR","lactating_women":null,"hearing_disability":null,"mental_disability":null,"DONT_ADD":"true","old_global_id":null,"floorsnum":3,"totalrooms":29,"occ_rooms":15,"free_spaces":14,"free_rooms":0,"kitchen_found":"true","kitchen_found2":"true","type_meal":"hot_cold_meal","toilets_male":9,"toilets_female":9,"toilets_not_used_male":0,"toilets_not_used_female":0,"water_source":"UNRWA","elec_source":"EDL & UNRWA","bathtub_male":6,"bathtub_female":6,"generator":"true","generator_kva":27000,"water_tank":13,"water_tank_capacity":4000,"water_heater":9,"ac":0,"firedistinguisher":3,"first_aid":"true","wheelchair":0,"beds":null,"fridges":null,"washingmachines":null,"kitchen":"true","kids_area":1,"water_available":"true","need_water":0,"who_water":null,"how_water":"UNRWA","LAF_Focal":null,"LAF_shelter_name":null,"LAF_Phone_nb":null,"kg1_public_f":null,"kg1_public_e":null,"kg1_private":null,"kg2_public_f":null,"kg2_public_e":null,"kg2_private":3,"kg3_public_f":null,"kg3_public_e":null,"kg3_private":4,"gr1_public_f":null,"gr1_public_e":null,"gr1_private":2,"gr2_public_f":null,"gr2_public_e":null,"gr2_private":3,"gr3_public_f":null,"gr3_public_e":null,"gr3_private":4,"gr4_public_f":null,"gr4_public_e":null,"gr4_private":4,"gr5_public_f":null,"gr5_public_e":null,"gr5_private":3,"gr6_public_f":null,"gr6_public_e":null,"gr6_private":3,"gr7_public_f":null,"gr7_public_e":null,"gr7_private":1,"gr8_public_f":null,"gr8_public_e":null,"gr8_private":2,"gr9_public_f":null,"gr9_public_e":null,"gr9_private":4,"gr10_public_f":null,"gr10_public_e":null,"gr10_private":1,"gr11s_public_f":null,"gr11s_public_e":null,"gr11s_private":1,"gr11e_public_f":null,"gr11e_public_e":null,"gr11e_private":1,"gr12sg_public_f":null,"gr12sg_public_e":null,"gr12sg_private":1,"gr12se_public_f":null,"gr12se_public_e":null,"gr12se_private":null,"gr12lh_public_f":null,"gr12lh_public_e":null,"gr12lh_private":null,"gr12sv_public_f":null,"gr12sv_public_e":null,"gr12sv_private":null,"tvet_public":null,"tvet_private":null,"uni":null,"syrians":26,"oosc":3,"teachers":null,"bath_hygiene":null,"playground":null,"corridor":null,"rooms_hygiene":null,"Is_waste_collected":null,"Collection_frequency":null,"construction":null,"yes_construction":null,"unified_authority":null,"documentation":null,"check_all":null,"Comments":null,"comments2":null,"age0_6_months":0,"age6_12_months":0,"f_age0_6_months":0,"f_age6_12_months":0,"f_ages_1_3":3,"f_age_3_5":5,"f_age_6_12":7,"f_age_13_18":11,"f_age_19_57":26,"f_age_58_above":6,"Female_Headed_Households":null,"lost_kids":null,"chronic_disease":null,"diesel_fuel_tank":null,"count_tanks":null,"capacity_tank":null,"need_bin":null,"need_bin_240":null,"need_bin_1100":null,"status_2026":"used","gov_cad":"Akkar","district_cad":"Akkar","cad_name":"Al-Mehamra","x":35.97030535,"y":34.50479155},"geometry":{"type":"Point","coordinates":[35.97030535,34.50479155]}},
{"type":"Feature","properties":{"objectid":1790,"globalid":"68f397f8-47c7-423a-86d4-42c4ac34f226","shelter_name":"حومين التحتا الرسمية المتوسطة","governorate_name":"El Nabatieh","district_name":"El Nabatieh","villages":"Houmine et Tahta","lat_calc":33.476703,"long_calc":35.432856,"loc_calc":"33.476703 35.432856","structure_type":"School","structure_type_other":null,"cerd_number":1129,"ministry_name":null,"ACS":71266,"P_Code":"71266_001","focal":"دلال محمد محمودي","nb":3510359,"mosa_focal":null,"mosa_focal_phone":null,"mehe_focal":"بسام جميل عيسى","mehe_focalnb":"3614416","type_private_public":"public","other_specifyy":null,"status":"open","notes":null,"sourcee":"field","displaced_cas_code":71266,"phases":null,"nb_idps":104,"nb_families":26,"capacity":146,"male":70,"female":50,"age_0_1":null,"ages_1_3":4,"age_3_5":0,"age_6_12":11,"age_13_18":21,"age_19_57":26,"age_58_above":6,"disabilities_pregnant":null,"pregnant_women":2,"heating_disability":null,"visual_disability":0,"physical_disability":2,"interllectual_disability":null,"CreationDate":"2026-05-01T07:41:43","Creator":"GIS.Team.961","EditDate":"2026-09-01T10:53:40","Editor":"EOR.SAIDA","lactating_women":3,"hearing_disability":0,"mental_disability":0,"DONT_ADD":"true","old_global_id":null,"floorsnum":3,"totalrooms":25,"occ_rooms":21,"free_spaces":4,"free_rooms":0,"kitchen_found":"false","kitchen_found2":null,"type_meal":null,"toilets_male":10,"toilets_female":10,"toilets_not_used_male":0,"toilets_not_used_female":0,"water_source":"بئر مياه البلدة","elec_source":"اشتراك وكهرباء لبنان","bathtub_male":1,"bathtub_female":1,"generator":"false","generator_kva":null,"water_tank":10,"water_tank_capacity":null,"water_heater":2,"ac":10,"firedistinguisher":6,"first_aid":"false","wheelchair":0,"beds":0,"fridges":1,"washingmachines":2,"kitchen":"false","kids_area":0,"water_available":"false","need_water":null,"who_water":null,"how_water":null,"LAF_Focal":null,"LAF_shelter_name":null,"LAF_Phone_nb":null,"kg1_public_f":0,"kg1_public_e":0,"kg1_private":0,"kg2_public_f":0,"kg2_public_e":0,"kg2_private":1,"kg3_public_f":0,"kg3_public_e":2,"kg3_private":1,"gr1_public_f":0,"gr1_public_e":0,"gr1_private":1,"gr2_public_f":1,"gr2_public_e":1,"gr2_private":0,"gr3_public_f":0,"gr3_public_e":1,"gr3_private":0,"gr4_public_f":2,"gr4_public_e":0,"gr4_private":1,"gr5_public_f":0,"gr5_public_e":1,"gr5_private":0,"gr6_public_f":1,"gr6_public_e":1,"gr6_private":1,"gr7_public_f":1,"gr7_public_e":2,"gr7_private":1,"gr8_public_f":0,"gr8_public_e":2,"gr8_private":0,"gr9_public_f":1,"gr9_public_e":1,"gr9_private":0,"gr10_public_f":0,"gr10_public_e":0,"gr10_private":0,"gr11s_public_f":0,"gr11s_public_e":1,"gr11s_private":0,"gr11e_public_f":0,"gr11e_public_e":0,"gr11e_private":0,"gr12sg_public_f":0,"gr12sg_public_e":0,"gr12sg_private":0,"gr12se_public_f":0,"gr12se_public_e":1,"gr12se_private":0,"gr12lh_public_f":"false","gr12lh_public_e":0,"gr12lh_private":"false","gr12sv_public_f":0,"gr12sv_public_e":0,"gr12sv_private":0,"tvet_public":2,"tvet_private":3,"uni":2,"syrians":9,"oosc":7,"teachers":0,"bath_hygiene":"fair","playground":"good","corridor":"fair","rooms_hygiene":"fair","Is_waste_collected":"true","Collection_frequency":"daily","construction":"false","yes_construction":null,"unified_authority":"true","documentation":"true","check_all":null,"Comments":null,"comments2":null,"age0_6_months":2,"age6_12_months":0,"f_age0_6_months":0,"f_age6_12_months":0,"f_ages_1_3":1,"f_age_3_5":5,"f_age_6_12":6,"f_age_13_18":6,"f_age_19_57":26,"f_age_58_above":6,"Female_Headed_Households":2,"lost_kids":0,"chronic_disease":27,"diesel_fuel_tank":"false","count_tanks":null,"capacity_tank":null,"need_bin":null,"need_bin_240":null,"need_bin_1100":null,"status_2026":null,"gov_cad":"El Nabatieh","district_cad":"El Nabatieh","cad_name":"Houmine El-Tahta","x":35.43889267,"y":33.47548157},"geometry":{"type":"Point","coordinates":[35.43889267,33.47548157]}},
{"type":"Feature","properties":{"objectid":1792,"globalid":"95fbf4a7-fc2e-49b5-b147-8975394f3768","shelter_name":"مدرسة \"\"الوادي\"\" فالي سكول","governorate_name":"South","district_name":"Saida","villages":"Aanqoun","lat_calc":33.498981,"long_calc":35.427681,"loc_calc":"33.498981 35.427681","structure_type":"School","structure_type_other":null,"cerd_number":7863,"ministry_name":null,"ACS":61489,"P_Code":"61489_003","focal":"فؤاد عزيز فرحات","nb":3867818,"mosa_focal":null,"mosa_focal_phone":null,"mehe_focal":null,"mehe_focalnb":null,"type_private_public":"private","other_specifyy":null,"status":"open","notes":null,"sourcee":"field","displaced_cas_code":61489,"phases":null,"nb_idps":134,"nb_families":37,"capacity":200,"male":null,"female":null,"age_0_1":null,"ages_1_3":null,"age_3_5":null,"age_6_12":null,"age_13_18":null,"age_19_57":null,"age_58_above":null,"disabilities_pregnant":null,"pregnant_women":null,"heating_disability":null,"visual_disability":null,"physical_disability":null,"interllectual_disability":null,"CreationDate":"2026-05-02T16:23:33","Creator":"GIS.Team.961","EditDate":"2026-09-02T07:32:37","Editor":"EOR.SAIDA","lactating_women":null,"hearing_disability":null,"mental_disability":null,"DONT_ADD":"true","old_global_id":null,"floorsnum":null,"totalrooms":null,"occ_rooms":null,"free_spaces":null,"free_rooms":null,"kitchen_found":null,"kitchen_found2":null,"type_meal":null,"toilets_male":null,"toilets_female":null,"toilets_not_used_male":null,"toilets_not_used_female":null,"water_source":null,"elec_source":null,"bathtub_male":null,"bathtub_female":null,"generator":null,"generator_kva":null,"water_tank":null,"water_tank_capacity":null,"water_heater":null,"ac":null,"firedistinguisher":null,"first_aid":null,"wheelchair":null,"beds":null,"fridges":null,"washingmachines":null,"kitchen":null,"kids_area":null,"water_available":null,"need_water":null,"who_water":null,"how_water":null,"LAF_Focal":null,"LAF_shelter_name":null,"LAF_Phone_nb":null,"kg1_public_f":null,"kg1_public_e":null,"kg1_private":null,"kg2_public_f":null,"kg2_public_e":null,"kg2_private":null,"kg3_public_f":null,"kg3_public_e":null,"kg3_private":null,"gr1_public_f":null,"gr1_public_e":null,"gr1_private":null,"gr2_public_f":null,"gr2_public_e":null,"gr2_private":null,"gr3_public_f":null,"gr3_public_e":null,"gr3_private":null,"gr4_public_f":null,"gr4_public_e":null,"gr4_private":null,"gr5_public_f":null,"gr5_public_e":null,"gr5_private":null,"gr6_public_f":null,"gr6_public_e":null,"gr6_private":null,"gr7_public_f":null,"gr7_public_e":null,"gr7_private":null,"gr8_public_f":null,"gr8_public_e":null,"gr8_private":null,"gr9_public_f":null,"gr9_public_e":null,"gr9_private":null,"gr10_public_f":null,"gr10_public_e":null,"gr10_private":null,"gr11s_public_f":null,"gr11s_public_e":null,"gr11s_private":null,"gr11e_public_f":null,"gr11e_public_e":null,"gr11e_private":null,"gr12sg_public_f":null,"gr12sg_public_e":null,"gr12sg_private":null,"gr12se_public_f":null,"gr12se_public_e":null,"gr12se_private":null,"gr12lh_public_f":null,"gr12lh_public_e":null,"gr12lh_private":null,"gr12sv_public_f":null,"gr12sv_public_e":null,"gr12sv_private":null,"tvet_public":null,"tvet_private":null,"uni":null,"syrians":null,"oosc":null,"teachers":null,"bath_hygiene":null,"playground":null,"corridor":null,"rooms_hygiene":null,"Is_waste_collected":null,"Collection_frequency":null,"construction":null,"yes_construction":null,"unified_authority":null,"documentation":null,"check_all":null,"Comments":null,"comments2":"بحاجة الى برادات","age0_6_months":null,"age6_12_months":null,"f_age0_6_months":null,"f_age6_12_months":null,"f_ages_1_3":null,"f_age_3_5":null,"f_age_6_12":null,"f_age_13_18":null,"f_age_19_57":null,"f_age_58_above":null,"Female_Headed_Households":null,"lost_kids":null,"chronic_disease":null,"diesel_fuel_tank":null,"count_tanks":null,"capacity_tank":null,"need_bin":null,"need_bin_240":null,"need_bin_1100":null,"status_2026":null,"gov_cad":"South","district_cad":"Saida","cad_name":"Ankoune","x":35.42598373,"y":33.49094657},"geometry":{"type":"Point","coordinates":[35.42598373,33.49094657]}},
{"type":"Feature","properties":{"objectid":1796,"globalid":"8619790c-8c4e-4c4b-b088-6ad4e6004f6e","shelter_name":"نادي سمانا","governorate_name":"Mount Lebanon","district_name":"Chouf","villages":"Wardaniyah","lat_calc":null,"long_calc":null,"loc_calc":" ","structure_type":"Other","structure_type_other":null,"cerd_number":null,"ministry_name":null,"ACS":23331,"P_Code":"23331_006","focal":"اسماء بيرم","nb":3553873,"mosa_focal":"نضال الحاج","mosa_focal_phone":70015367,"mehe_focal":null,"mehe_focalnb":null,"type_private_public":"private","other_specifyy":null,"status":"full","notes":null,"sourcee":"ministry","displaced_cas_code":null,"phases":null,"nb_idps":28,"nb_families":10,"capacity":58,"male":27,"female":31,"age_0_1":null,"ages_1_3":0,"age_3_5":1,"age_6_12":0,"age_13_18":8,"age_19_57":14,"age_58_above":3,"disabilities_pregnant":null,"pregnant_women":0,"heating_disability":null,"visual_disability":0,"physical_disability":1,"interllectual_disability":null,"CreationDate":"2026-05-16T06:44:25","Creator":"GIS.Team.961","EditDate":"2026-08-29T07:23:38","Editor":"EOR.CHOUF","lactating_women":2,"hearing_disability":0,"mental_disability":0,"DONT_ADD":"true","old_global_id":null,"floorsnum":null,"totalrooms":null,"occ_rooms":null,"free_spaces":null,"free_rooms":null,"kitchen_found":null,"kitchen_found2":null,"type_meal":null,"toilets_male":null,"toilets_female":null,"toilets_not_used_male":null,"toilets_not_used_female":null,"water_source":null,"elec_source":null,"bathtub_male":null,"bathtub_female":null,"generator":null,"generator_kva":null,"water_tank":null,"water_tank_capacity":null,"water_heater":null,"ac":null,"firedistinguisher":null,"first_aid":null,"wheelchair":null,"beds":null,"fridges":null,"washingmachines":null,"kitchen":null,"kids_area":null,"water_available":null,"need_water":null,"who_water":null,"how_water":null,"LAF_Focal":null,"LAF_shelter_name":null,"LAF_Phone_nb":null,"kg1_public_f":null,"kg1_public_e":null,"kg1_private":null,"kg2_public_f":null,"kg2_public_e":null,"kg2_private":null,"kg3_public_f":null,"kg3_public_e":null,"kg3_private":null,"gr1_public_f":null,"gr1_public_e":null,"gr1_private":null,"gr2_public_f":null,"gr2_public_e":null,"gr2_private":null,"gr3_public_f":null,"gr3_public_e":null,"gr3_private":null,"gr4_public_f":null,"gr4_public_e":null,"gr4_private":null,"gr5_public_f":null,"gr5_public_e":null,"gr5_private":null,"gr6_public_f":null,"gr6_public_e":null,"gr6_private":null,"gr7_public_f":null,"gr7_public_e":null,"gr7_private":null,"gr8_public_f":null,"gr8_public_e":null,"gr8_private":null,"gr9_public_f":null,"gr9_public_e":null,"gr9_private":null,"gr10_public_f":null,"gr10_public_e":null,"gr10_private":null,"gr11s_public_f":null,"gr11s_public_e":null,"gr11s_private":null,"gr11e_public_f":null,"gr11e_public_e":null,"gr11e_private":null,"gr12sg_public_f":null,"gr12sg_public_e":null,"gr12sg_private":null,"gr12se_public_f":null,"gr12se_public_e":null,"gr12se_private":null,"gr12lh_public_f":null,"gr12lh_public_e":null,"gr12lh_private":null,"gr12sv_public_f":null,"gr12sv_public_e":null,"gr12sv_private":null,"tvet_public":null,"tvet_private":null,"uni":null,"syrians":null,"oosc":null,"teachers":null,"bath_hygiene":null,"playground":null,"corridor":null,"rooms_hygiene":null,"Is_waste_collected":null,"Collection_frequency":null,"construction":null,"yes_construction":null,"unified_authority":null,"documentation":null,"check_all":null,"Comments":null,"comments2":null,"age0_6_months":0,"age6_12_months":1,"f_age0_6_months":0,"f_age6_12_months":0,"f_ages_1_3":1,"f_age_3_5":1,"f_age_6_12":5,"f_age_13_18":6,"f_age_19_57":14,"f_age_58_above":4,"Female_Headed_Households":null,"lost_kids":null,"chronic_disease":null,"diesel_fuel_tank":null,"count_tanks":null,"capacity_tank":null,"need_bin":null,"need_bin_240":null,"need_bin_1100":null,"status_2026":null,"gov_cad":"Mount Lebanon","district_cad":"Chouf","cad_name":"Sebline","x":35.40443948,"y":33.62049014},"geometry":{"type":"Point","coordinates":[35.40443948,33.62049014]}},
{"type":"Feature","properties":{"objectid":1797,"globalid":"ce41a250-5875-43f5-933d-69a5be3d6807","shelter_name":"حسينية مشروع الامل","governorate_name":"Mount Lebanon","district_name":"Chouf","villages":"Quardaniye","lat_calc":33.613058,"long_calc":35.431667,"loc_calc":"33.613058 35.431667","structure_type":"religiou_place","structure_type_other":null,"cerd_number":null,"ministry_name":null,"ACS":23331,"P_Code":"23331_007","focal":null,"nb":null,"mosa_focal":null,"mosa_focal_phone":null,"mehe_focal":null,"mehe_focalnb":null,"type_private_public":"private","other_specifyy":null,"status":"full","notes":null,"sourcee":null,"displaced_cas_code":23331,"phases":null,"nb_idps":23,"nb_families":6,"capacity":27,"male":null,"female":null,"age_0_1":null,"ages_1_3":null,"age_3_5":null,"age_6_12":null,"age_13_18":null,"age_19_57":null,"age_58_above":null,"disabilities_pregnant":null,"pregnant_women":null,"heating_disability":null,"visual_disability":null,"physical_disability":null,"interllectual_disability":null,"CreationDate":"2026-05-16T06:44:26","Creator":"GIS.Team.961","EditDate":"2026-08-16T07:02:44","Editor":"EOR.CHOUF","lactating_women":null,"hearing_disability":null,"mental_disability":null,"DONT_ADD":"true","old_global_id":null,"floorsnum":null,"totalrooms":null,"occ_rooms":null,"free_spaces":null,"free_rooms":null,"kitchen_found":null,"kitchen_found2":null,"type_meal":null,"toilets_male":null,"toilets_female":null,"toilets_not_used_male":null,"toilets_not_used_female":null,"water_source":null,"elec_source":null,"bathtub_male":null,"bathtub_female":null,"generator":null,"generator_kva":null,"water_tank":null,"water_tank_capacity":null,"water_heater":null,"ac":null,"firedistinguisher":null,"first_aid":null,"wheelchair":null,"beds":null,"fridges":null,"washingmachines":null,"kitchen":null,"kids_area":null,"water_available":null,"need_water":null,"who_water":null,"how_water":null,"LAF_Focal":null,"LAF_shelter_name":null,"LAF_Phone_nb":null,"kg1_public_f":null,"kg1_public_e":null,"kg1_private":null,"kg2_public_f":null,"kg2_public_e":null,"kg2_private":null,"kg3_public_f":null,"kg3_public_e":null,"kg3_private":null,"gr1_public_f":null,"gr1_public_e":null,"gr1_private":null,"gr2_public_f":null,"gr2_public_e":null,"gr2_private":null,"gr3_public_f":null,"gr3_public_e":null,"gr3_private":null,"gr4_public_f":null,"gr4_public_e":null,"gr4_private":null,"gr5_public_f":null,"gr5_public_e":null,"gr5_private":null,"gr6_public_f":null,"gr6_public_e":null,"gr6_private":null,"gr7_public_f":null,"gr7_public_e":null,"gr7_private":null,"gr8_public_f":null,"gr8_public_e":null,"gr8_private":null,"gr9_public_f":null,"gr9_public_e":null,"gr9_private":null,"gr10_public_f":null,"gr10_public_e":null,"gr10_private":null,"gr11s_public_f":null,"gr11s_public_e":null,"gr11s_private":null,"gr11e_public_f":null,"gr11e_public_e":null,"gr11e_private":null,"gr12sg_public_f":null,"gr12sg_public_e":null,"gr12sg_private":null,"gr12se_public_f":null,"gr12se_public_e":null,"gr12se_private":null,"gr12lh_public_f":null,"gr12lh_public_e":null,"gr12lh_private":null,"gr12sv_public_f":null,"gr12sv_public_e":null,"gr12sv_private":null,"tvet_public":null,"tvet_private":null,"uni":null,"syrians":null,"oosc":null,"teachers":null,"bath_hygiene":null,"playground":null,"corridor":null,"rooms_hygiene":null,"Is_waste_collected":null,"Collection_frequency":null,"construction":null,"yes_construction":null,"unified_authority":null,"documentation":null,"check_all":null,"Comments":null,"comments2":null,"age0_6_months":null,"age6_12_months":null,"f_age0_6_months":null,"f_age6_12_months":null,"f_ages_1_3":null,"f_age_3_5":null,"f_age_6_12":null,"f_age_13_18":null,"f_age_19_57":null,"f_age_58_above":null,"Female_Headed_Households":null,"lost_kids":null,"chronic_disease":null,"diesel_fuel_tank":null,"count_tanks":null,"capacity_tank":null,"need_bin":null,"need_bin_240":null,"need_bin_1100":null,"status_2026":null,"gov_cad":"Mount Lebanon","district_cad":"Chouf","cad_name":"El-Wardaniyeh","x":35.43405,"y":33.61248},"geometry":{"type":"Point","coordinates":[35.43405,33.61248]}},
{"type":"Feature","properties":{"objectid":1806,"globalid":"88ef2110-dd90-4c0e-bfad-5e0cd2646df4","shelter_name":"مركز عرمون - تجمع العشائر العربية","governorate_name":"Mount Lebanon","district_name":"Aley","villages":"Aaramoun","lat_calc":33.760447,"long_calc":35.517511,"loc_calc":"33.760447 35.517511","structure_type":"Other","structure_type_other":"building","cerd_number":null,"ministry_name":null,"ACS":24211,"P_Code":"24211_016","focal":"علي موسى","nb":70117081,"mosa_focal":null,"mosa_focal_phone":null,"mehe_focal":null,"mehe_focalnb":null,"type_private_public":"private","other_specifyy":null,"status":"open","notes":"Need owner approval for adding idps","sourcee":null,"displaced_cas_code":24211,"phases":null,"nb_idps":21,"nb_families":9,"capacity":90,"male":null,"female":null,"age_0_1":null,"ages_1_3":null,"age_3_5":null,"age_6_12":null,"age_13_18":null,"age_19_57":null,"age_58_above":null,"disabilities_pregnant":null,"pregnant_women":null,"heating_disability":null,"visual_disability":null,"physical_disability":null,"interllectual_disability":null,"CreationDate":"2026-06-09T09:47:48","Creator":"GIS.Team.961","EditDate":"2026-09-01T09:13:23","Editor":"Data.collection.961","lactating_women":null,"hearing_disability":null,"mental_disability":null,"DONT_ADD":"true","old_global_id":null,"floorsnum":null,"totalrooms":null,"occ_rooms":null,"free_spaces":null,"free_rooms":null,"kitchen_found":null,"kitchen_found2":null,"type_meal":null,"toilets_male":null,"toilets_female":null,"toilets_not_used_male":null,"toilets_not_used_female":null,"water_source":null,"elec_source":null,"bathtub_male":null,"bathtub_female":null,"generator":null,"generator_kva":null,"water_tank":null,"water_tank_capacity":null,"water_heater":null,"ac":null,"firedistinguisher":null,"first_aid":null,"wheelchair":null,"beds":null,"fridges":null,"washingmachines":null,"kitchen":null,"kids_area":null,"water_available":null,"need_water":null,"who_water":null,"how_water":null,"LAF_Focal":null,"LAF_shelter_name":null,"LAF_Phone_nb":null,"kg1_public_f":null,"kg1_public_e":null,"kg1_private":null,"kg2_public_f":null,"kg2_public_e":null,"kg2_private":null,"kg3_public_f":null,"kg3_public_e":null,"kg3_private":null,"gr1_public_f":null,"gr1_public_e":null,"gr1_private":null,"gr2_public_f":null,"gr2_public_e":null,"gr2_private":null,"gr3_public_f":null,"gr3_public_e":null,"gr3_private":null,"gr4_public_f":null,"gr4_public_e":null,"gr4_private":null,"gr5_public_f":null,"gr5_public_e":null,"gr5_private":null,"gr6_public_f":null,"gr6_public_e":null,"gr6_private":null,"gr7_public_f":null,"gr7_public_e":null,"gr7_private":null,"gr8_public_f":null,"gr8_public_e":null,"gr8_private":null,"gr9_public_f":null,"gr9_public_e":null,"gr9_private":null,"gr10_public_f":null,"gr10_public_e":null,"gr10_private":null,"gr11s_public_f":null,"gr11s_public_e":null,"gr11s_private":null,"gr11e_public_f":null,"gr11e_public_e":null,"gr11e_private":null,"gr12sg_public_f":null,"gr12sg_public_e":null,"gr12sg_private":null,"gr12se_public_f":null,"gr12se_public_e":null,"gr12se_private":null,"gr12lh_public_f":null,"gr12lh_public_e":null,"gr12lh_private":null,"gr12sv_public_f":null,"gr12sv_public_e":null,"gr12sv_private":null,"tvet_public":null,"tvet_private":null,"uni":null,"syrians":null,"oosc":null,"teachers":null,"bath_hygiene":null,"playground":null,"corridor":null,"rooms_hygiene":null,"Is_waste_collected":null,"Collection_frequency":null,"construction":null,"yes_construction":null,"unified_authority":null,"documentation":null,"check_all":null,"Comments":null,"comments2":null,"age0_6_months":null,"age6_12_months":null,"f_age0_6_months":null,"f_age6_12_months":null,"f_ages_1_3":null,"f_age_3_5":null,"f_age_6_12":null,"f_age_13_18":null,"f_age_19_57":null,"f_age_58_above":null,"Female_Headed_Households":null,"lost_kids":null,"chronic_disease":null,"diesel_fuel_tank":null,"count_tanks":null,"capacity_tank":null,"need_bin":null,"need_bin_240":null,"need_bin_1100":null,"status_2026":null,"gov_cad":null,"district_cad":null,"cad_name":null,"x":35.51973735,"y":33.76078523},"geometry":{"type":"Point","coordinates":[35.51973735,33.76078523]}},
{"type":"Feature","properties":{"objectid":1807,"globalid":"9cd1feba-a3d9-4b3e-88bd-7b659836cdb1","shelter_name":"بناية ناصر","governorate_name":"Mount Lebanon","district_name":"Aley","villages":"Khalde","lat_calc":33.783011,"long_calc":35.475942,"loc_calc":"33.783011 35.475942","structure_type":"Other","structure_type_other":null,"cerd_number":null,"ministry_name":null,"ACS":24133,"P_Code":"24133_041","focal":"عصام  درويش","nb":70111518,"mosa_focal":null,"mosa_focal_phone":null,"mehe_focal":null,"mehe_focalnb":null,"type_private_public":"private","other_specifyy":null,"status":"open","notes":null,"sourcee":null,"displaced_cas_code":24133,"phases":null,"nb_idps":99,"nb_families":28,"capacity":180,"male":null,"female":null,"age_0_1":null,"ages_1_3":null,"age_3_5":null,"age_6_12":null,"age_13_18":null,"age_19_57":null,"age_58_above":null,"disabilities_pregnant":null,"pregnant_women":null,"heating_disability":null,"visual_disability":null,"physical_disability":null,"interllectual_disability":null,"CreationDate":"2026-06-09T09:49:48","Creator":"GIS.Team.961","EditDate":"2026-09-01T09:12:25","Editor":"Data.collection.961","lactating_women":null,"hearing_disability":null,"mental_disability":null,"DONT_ADD":"true","old_global_id":null,"floorsnum":null,"totalrooms":null,"occ_rooms":null,"free_spaces":null,"free_rooms":null,"kitchen_found":null,"kitchen_found2":null,"type_meal":null,"toilets_male":null,"toilets_female":null,"toilets_not_used_male":null,"toilets_not_used_female":null,"water_source":null,"elec_source":null,"bathtub_male":null,"bathtub_female":null,"generator":null,"generator_kva":null,"water_tank":null,"water_tank_capacity":null,"water_heater":null,"ac":null,"firedistinguisher":null,"first_aid":null,"wheelchair":null,"beds":null,"fridges":null,"washingmachines":null,"kitchen":null,"kids_area":null,"water_available":null,"need_water":null,"who_water":null,"how_water":null,"LAF_Focal":null,"LAF_shelter_name":null,"LAF_Phone_nb":null,"kg1_public_f":null,"kg1_public_e":null,"kg1_private":null,"kg2_public_f":null,"kg2_public_e":null,"kg2_private":null,"kg3_public_f":null,"kg3_public_e":null,"kg3_private":null,"gr1_public_f":null,"gr1_public_e":null,"gr1_private":null,"gr2_public_f":null,"gr2_public_e":null,"gr2_private":null,"gr3_public_f":null,"gr3_public_e":null,"gr3_private":null,"gr4_public_f":null,"gr4_public_e":null,"gr4_private":null,"gr5_public_f":null,"gr5_public_e":null,"gr5_private":null,"gr6_public_f":null,"gr6_public_e":null,"gr6_private":null,"gr7_public_f":null,"gr7_public_e":null,"gr7_private":null,"gr8_public_f":null,"gr8_public_e":null,"gr8_private":null,"gr9_public_f":null,"gr9_public_e":null,"gr9_private":null,"gr10_public_f":null,"gr10_public_e":null,"gr10_private":null,"gr11s_public_f":null,"gr11s_public_e":null,"gr11s_private":null,"gr11e_public_f":null,"gr11e_public_e":null,"gr11e_private":null,"gr12sg_public_f":null,"gr12sg_public_e":null,"gr12sg_private":null,"gr12se_public_f":null,"gr12se_public_e":null,"gr12se_private":null,"gr12lh_public_f":null,"gr12lh_public_e":null,"gr12lh_private":null,"gr12sv_public_f":null,"gr12sv_public_e":null,"gr12sv_private":null,"tvet_public":null,"tvet_private":null,"uni":null,"syrians":null,"oosc":null,"teachers":null,"bath_hygiene":null,"playground":null,"corridor":null,"rooms_hygiene":null,"Is_waste_collected":null,"Collection_frequency":null,"construction":null,"yes_construction":null,"unified_authority":null,"documentation":null,"check_all":null,"Comments":null,"comments2":null,"age0_6_months":null,"age6_12_months":null,"f_age0_6_months":null,"f_age6_12_months":null,"f_ages_1_3":null,"f_age_3_5":null,"f_age_6_12":null,"f_age_13_18":null,"f_age_19_57":null,"f_age_58_above":null,"Female_Headed_Households":null,"lost_kids":null,"chronic_disease":null,"diesel_fuel_tank":null,"count_tanks":null,"capacity_tank":null,"need_bin":null,"need_bin_240":null,"need_bin_1100":null,"status_2026":null,"gov_cad":null,"district_cad":null,"cad_name":null,"x":35.46990971,"y":33.77259644},"geometry":{"type":"Point","coordinates":[35.46990971,33.77259644]}},
{"type":"Feature","properties":{"objectid":1811,"globalid":"32ec4957-44a3-4d0b-90dc-2b9c16dd76c1","shelter_name":"قناريت المتوسطة الرسمية","governorate_name":"South","district_name":"Saida","villages":"Qennarit","lat_calc":33.502813,"long_calc":35.380359,"loc_calc":"33.502813 35.380359","structure_type":"School","structure_type_other":null,"cerd_number":null,"ministry_name":null,"ACS":61347,"P_Code":"61347_001","focal":null,"nb":null,"mosa_focal":null,"mosa_focal_phone":null,"mehe_focal":"هيلانة غدار","mehe_focalnb":"70345374","type_private_public":"public","other_specifyy":null,"status":"open","notes":null,"sourcee":null,"displaced_cas_code":61347,"phases":null,"nb_idps":14,"nb_families":3,"capacity":112,"male":null,"female":null,"age_0_1":null,"ages_1_3":null,"age_3_5":null,"age_6_12":null,"age_13_18":null,"age_19_57":null,"age_58_above":null,"disabilities_pregnant":null,"pregnant_women":null,"heating_disability":null,"visual_disability":null,"physical_disability":null,"interllectual_disability":null,"CreationDate":"2026-06-22T07:36:43","Creator":"GIS.Team.961","EditDate":"2026-09-02T07:27:15","Editor":"EOR.SAIDA","lactating_women":null,"hearing_disability":null,"mental_disability":null,"DONT_ADD":"true","old_global_id":null,"floorsnum":null,"totalrooms":null,"occ_rooms":null,"free_spaces":null,"free_rooms":null,"kitchen_found":null,"kitchen_found2":null,"type_meal":null,"toilets_male":null,"toilets_female":null,"toilets_not_used_male":null,"toilets_not_used_female":null,"water_source":null,"elec_source":null,"bathtub_male":null,"bathtub_female":null,"generator":null,"generator_kva":null,"water_tank":null,"water_tank_capacity":null,"water_heater":null,"ac":null,"firedistinguisher":null,"first_aid":null,"wheelchair":null,"beds":null,"fridges":null,"washingmachines":null,"kitchen":null,"kids_area":null,"water_available":null,"need_water":null,"who_water":null,"how_water":null,"LAF_Focal":null,"LAF_shelter_name":null,"LAF_Phone_nb":null,"kg1_public_f":null,"kg1_public_e":null,"kg1_private":null,"kg2_public_f":null,"kg2_public_e":null,"kg2_private":null,"kg3_public_f":null,"kg3_public_e":null,"kg3_private":null,"gr1_public_f":null,"gr1_public_e":null,"gr1_private":null,"gr2_public_f":null,"gr2_public_e":null,"gr2_private":null,"gr3_public_f":null,"gr3_public_e":null,"gr3_private":null,"gr4_public_f":null,"gr4_public_e":null,"gr4_private":null,"gr5_public_f":null,"gr5_public_e":null,"gr5_private":null,"gr6_public_f":null,"gr6_public_e":null,"gr6_private":null,"gr7_public_f":null,"gr7_public_e":null,"gr7_private":null,"gr8_public_f":null,"gr8_public_e":null,"gr8_private":null,"gr9_public_f":null,"gr9_public_e":null,"gr9_private":null,"gr10_public_f":null,"gr10_public_e":null,"gr10_private":null,"gr11s_public_f":null,"gr11s_public_e":null,"gr11s_private":null,"gr11e_public_f":null,"gr11e_public_e":null,"gr11e_private":null,"gr12sg_public_f":null,"gr12sg_public_e":null,"gr12sg_private":null,"gr12se_public_f":null,"gr12se_public_e":null,"gr12se_private":null,"gr12lh_public_f":null,"gr12lh_public_e":null,"gr12lh_private":null,"gr12sv_public_f":null,"gr12sv_public_e":null,"gr12sv_private":null,"tvet_public":null,"tvet_private":null,"uni":null,"syrians":null,"oosc":null,"teachers":null,"bath_hygiene":null,"playground":null,"corridor":null,"rooms_hygiene":null,"Is_waste_collected":null,"Collection_frequency":null,"construction":null,"yes_construction":null,"unified_authority":null,"documentation":null,"check_all":null,"Comments":null,"comments2":"بحاجة لبرادات، حليب اطفال رقم 2 عدد 2 رقم 3 عدد 3 ، حفاضات اطفال رقم6 عدد 5","age0_6_months":null,"age6_12_months":null,"f_age0_6_months":null,"f_age6_12_months":null,"f_ages_1_3":null,"f_age_3_5":null,"f_age_6_12":null,"f_age_13_18":null,"f_age_19_57":null,"f_age_58_above":null,"Female_Headed_Households":null,"lost_kids":null,"chronic_disease":null,"diesel_fuel_tank":null,"count_tanks":null,"capacity_tank":null,"need_bin":null,"need_bin_240":null,"need_bin_1100":null,"status_2026":null,"gov_cad":null,"district_cad":null,"cad_name":null,"x":35.38681286,"y":33.50061927},"geometry":{"type":"Point","coordinates":[35.38681286,33.50061927]}},
{"type":"Feature","properties":{"objectid":1820,"globalid":"ef31139e-1152-41dd-86f1-f1469e05ad74","shelter_name":"فرون المتوسطة الرسمية","governorate_name":"El Nabatieh","district_name":"Bent Jbeil","villages":"Froun","lat_calc":33.296778,"long_calc":35.427744,"loc_calc":"33.296778 35.427744","structure_type":"School","structure_type_other":null,"cerd_number":1301,"ministry_name":null,"ACS":72276,"P_Code":null,"focal":null,"nb":null,"mosa_focal":"حسن بزي","mosa_focal_phone":71306315,"mehe_focal":"حسان مكي","mehe_focalnb":"71656796","type_private_public":"public","other_specifyy":null,"status":"open","notes":null,"sourcee":"ministry","displaced_cas_code":72276,"phases":null,"nb_idps":118,"nb_families":22,"capacity":118,"male":null,"female":null,"age_0_1":null,"ages_1_3":null,"age_3_5":null,"age_6_12":null,"age_13_18":null,"age_19_57":null,"age_58_above":null,"disabilities_pregnant":null,"pregnant_women":null,"heating_disability":null,"visual_disability":null,"physical_disability":null,"interllectual_disability":null,"CreationDate":"2026-07-06T06:38:03","Creator":"GIS.Team.961","EditDate":"2026-09-01T11:44:15","Editor":"EOR.SAIDA","lactating_women":null,"hearing_disability":null,"mental_disability":null,"DONT_ADD":"true","old_global_id":null,"floorsnum":null,"totalrooms":null,"occ_rooms":null,"free_spaces":null,"free_rooms":null,"kitchen_found":null,"kitchen_found2":null,"type_meal":null,"toilets_male":null,"toilets_female":null,"toilets_not_used_male":null,"toilets_not_used_female":null,"water_source":null,"elec_source":null,"bathtub_male":null,"bathtub_female":null,"generator":null,"generator_kva":null,"water_tank":null,"water_tank_capacity":null,"water_heater":null,"ac":null,"firedistinguisher":null,"first_aid":null,"wheelchair":null,"beds":null,"fridges":null,"washingmachines":null,"kitchen":null,"kids_area":null,"water_available":null,"need_water":null,"who_water":null,"how_water":null,"LAF_Focal":null,"LAF_shelter_name":null,"LAF_Phone_nb":null,"kg1_public_f":null,"kg1_public_e":null,"kg1_private":null,"kg2_public_f":null,"kg2_public_e":null,"kg2_private":null,"kg3_public_f":null,"kg3_public_e":null,"kg3_private":null,"gr1_public_f":null,"gr1_public_e":null,"gr1_private":null,"gr2_public_f":null,"gr2_public_e":null,"gr2_private":null,"gr3_public_f":null,"gr3_public_e":null,"gr3_private":null,"gr4_public_f":null,"gr4_public_e":null,"gr4_private":null,"gr5_public_f":null,"gr5_public_e":null,"gr5_private":null,"gr6_public_f":null,"gr6_public_e":null,"gr6_private":null,"gr7_public_f":null,"gr7_public_e":null,"gr7_private":null,"gr8_public_f":null,"gr8_public_e":null,"gr8_private":null,"gr9_public_f":null,"gr9_public_e":null,"gr9_private":null,"gr10_public_f":null,"gr10_public_e":null,"gr10_private":null,"gr11s_public_f":null,"gr11s_public_e":null,"gr11s_private":null,"gr11e_public_f":null,"gr11e_public_e":null,"gr11e_private":null,"gr12sg_public_f":null,"gr12sg_public_e":null,"gr12sg_private":null,"gr12se_public_f":null,"gr12se_public_e":null,"gr12se_private":null,"gr12lh_public_f":null,"gr12lh_public_e":null,"gr12lh_private":null,"gr12sv_public_f":null,"gr12sv_public_e":null,"gr12sv_private":null,"tvet_public":null,"tvet_private":null,"uni":null,"syrians":null,"oosc":null,"teachers":null,"bath_hygiene":null,"playground":null,"corridor":null,"rooms_hygiene":null,"Is_waste_collected":null,"Collection_frequency":null,"construction":null,"yes_construction":null,"unified_authority":null,"documentation":null,"check_all":null,"Comments":null,"comments2":null,"age0_6_months":null,"age6_12_months":null,"f_age0_6_months":null,"f_age6_12_months":null,"f_ages_1_3":null,"f_age_3_5":null,"f_age_6_12":null,"f_age_13_18":null,"f_age_19_57":null,"f_age_58_above":null,"Female_Headed_Households":null,"lost_kids":null,"chronic_disease":null,"diesel_fuel_tank":null,"count_tanks":null,"capacity_tank":null,"need_bin":null,"need_bin_240":null,"need_bin_1100":null,"status_2026":null,"gov_cad":null,"district_cad":null,"cad_name":null,"x":35.42633956,"y":33.29107459},"geometry":{"type":"Point","coordinates":[35.42633956,33.29107459]}},
{"type":"Feature","properties":{"objectid":1821,"globalid":"9373cedd-f336-4e25-b1bb-1c4e0dc9449d","shelter_name":"قلاوي الرسمية المختلطة","governorate_name":"El Nabatieh","district_name":"Bent Jbeil","villages":"Qalaouiye","lat_calc":33.255192,"long_calc":35.416653,"loc_calc":"33.255192 35.416653","structure_type":"School","structure_type_other":null,"cerd_number":1298,"ministry_name":null,"ACS":72261,"P_Code":null,"focal":null,"nb":null,"mosa_focal":null,"mosa_focal_phone":null,"mehe_focal":"سليمان عبد الكريم الأمين","mehe_focalnb":"70365256","type_private_public":"public","other_specifyy":null,"status":"open","notes":null,"sourcee":"ministry","displaced_cas_code":72261,"phases":null,"nb_idps":55,"nb_families":25,"capacity":98,"male":null,"female":null,"age_0_1":null,"ages_1_3":null,"age_3_5":null,"age_6_12":null,"age_13_18":null,"age_19_57":null,"age_58_above":null,"disabilities_pregnant":null,"pregnant_women":null,"heating_disability":null,"visual_disability":null,"physical_disability":null,"interllectual_disability":null,"CreationDate":"2026-07-06T06:40:09","Creator":"GIS.Team.961","EditDate":"2026-09-01T11:34:49","Editor":"EOR.SAIDA","lactating_women":null,"hearing_disability":null,"mental_disability":null,"DONT_ADD":"true","old_global_id":null,"floorsnum":null,"totalrooms":null,"occ_rooms":null,"free_spaces":null,"free_rooms":null,"kitchen_found":null,"kitchen_found2":null,"type_meal":null,"toilets_male":null,"toilets_female":null,"toilets_not_used_male":null,"toilets_not_used_female":null,"water_source":null,"elec_source":null,"bathtub_male":null,"bathtub_female":null,"generator":null,"generator_kva":null,"water_tank":null,"water_tank_capacity":null,"water_heater":null,"ac":null,"firedistinguisher":null,"first_aid":null,"wheelchair":null,"beds":null,"fridges":null,"washingmachines":null,"kitchen":null,"kids_area":null,"water_available":null,"need_water":null,"who_water":null,"how_water":null,"LAF_Focal":null,"LAF_shelter_name":null,"LAF_Phone_nb":null,"kg1_public_f":null,"kg1_public_e":null,"kg1_private":null,"kg2_public_f":null,"kg2_public_e":null,"kg2_private":null,"kg3_public_f":null,"kg3_public_e":null,"kg3_private":null,"gr1_public_f":null,"gr1_public_e":null,"gr1_private":null,"gr2_public_f":null,"gr2_public_e":null,"gr2_private":null,"gr3_public_f":null,"gr3_public_e":null,"gr3_private":null,"gr4_public_f":null,"gr4_public_e":null,"gr4_private":null,"gr5_public_f":null,"gr5_public_e":null,"gr5_private":null,"gr6_public_f":null,"gr6_public_e":null,"gr6_private":null,"gr7_public_f":null,"gr7_public_e":null,"gr7_private":null,"gr8_public_f":null,"gr8_public_e":null,"gr8_private":null,"gr9_public_f":null,"gr9_public_e":null,"gr9_private":null,"gr10_public_f":null,"gr10_public_e":null,"gr10_private":null,"gr11s_public_f":null,"gr11s_public_e":null,"gr11s_private":null,"gr11e_public_f":null,"gr11e_public_e":null,"gr11e_private":null,"gr12sg_public_f":null,"gr12sg_public_e":null,"gr12sg_private":null,"gr12se_public_f":null,"gr12se_public_e":null,"gr12se_private":null,"gr12lh_public_f":null,"gr12lh_public_e":null,"gr12lh_private":null,"gr12sv_public_f":null,"gr12sv_public_e":null,"gr12sv_private":null,"tvet_public":null,"tvet_private":null,"uni":null,"syrians":null,"oosc":null,"teachers":null,"bath_hygiene":null,"playground":null,"corridor":null,"rooms_hygiene":null,"Is_waste_collected":null,"Collection_frequency":null,"construction":null,"yes_construction":null,"unified_authority":null,"documentation":null,"check_all":null,"Comments":null,"comments2":null,"age0_6_months":null,"age6_12_months":null,"f_age0_6_months":null,"f_age6_12_months":null,"f_ages_1_3":null,"f_age_3_5":null,"f_age_6_12":null,"f_age_13_18":null,"f_age_19_57":null,"f_age_58_above":null,"Female_Headed_Households":null,"lost_kids":null,"chronic_disease":null,"diesel_fuel_tank":null,"count_tanks":null,"capacity_tank":null,"need_bin":null,"need_bin_240":null,"need_bin_1100":null,"status_2026":null,"gov_cad":null,"district_cad":null,"cad_name":null,"x":35.42068669,"y":33.24759947},"geometry":{"type":"Point","coordinates":[35.42068669,33.24759947]}},
{"type":"Feature","properties":{"objectid":1823,"globalid":"7c387e87-f294-42b7-bc4e-ce3655114137","shelter_name":"مدرسة زبقين الرسمية","governorate_name":"South","district_name":"Sour","villages":"Zabqine","lat_calc":33.165225,"long_calc":35.266861,"loc_calc":"33.165225 35.266861","structure_type":"School","structure_type_other":null,"cerd_number":null,"ministry_name":null,"ACS":62286,"P_Code":"62286_001","focal":"Ali Bazeih ","nb":70661457,"mosa_focal":"Souraia Ezzdine ","mosa_focal_phone":3761303,"mehe_focal":"Mohamad Barakaat","mehe_focalnb":"70977248","type_private_public":"public","other_specifyy":null,"status":"full","notes":null,"sourcee":"ministry","displaced_cas_code":62286,"phases":null,"nb_idps":27,"nb_families":7,"capacity":27,"male":13,"female":14,"age_0_1":null,"ages_1_3":0,"age_3_5":1,"age_6_12":2,"age_13_18":2,"age_19_57":7,"age_58_above":1,"disabilities_pregnant":null,"pregnant_women":null,"heating_disability":null,"visual_disability":null,"physical_disability":null,"interllectual_disability":null,"CreationDate":"2026-07-13T11:51:05","Creator":"GIS.Team.961","EditDate":"2026-08-20T13:41:15","Editor":"EOR.TYRE","lactating_women":null,"hearing_disability":null,"mental_disability":null,"DONT_ADD":"true","old_global_id":null,"floorsnum":null,"totalrooms":null,"occ_rooms":null,"free_spaces":null,"free_rooms":null,"kitchen_found":null,"kitchen_found2":null,"type_meal":null,"toilets_male":null,"toilets_female":null,"toilets_not_used_male":null,"toilets_not_used_female":null,"water_source":null,"elec_source":null,"bathtub_male":null,"bathtub_female":null,"generator":null,"generator_kva":null,"water_tank":null,"water_tank_capacity":null,"water_heater":null,"ac":null,"firedistinguisher":null,"first_aid":null,"wheelchair":null,"beds":null,"fridges":null,"washingmachines":null,"kitchen":null,"kids_area":null,"water_available":null,"need_water":null,"who_water":null,"how_water":null,"LAF_Focal":null,"LAF_shelter_name":null,"LAF_Phone_nb":null,"kg1_public_f":null,"kg1_public_e":null,"kg1_private":null,"kg2_public_f":null,"kg2_public_e":null,"kg2_private":null,"kg3_public_f":null,"kg3_public_e":null,"kg3_private":null,"gr1_public_f":null,"gr1_public_e":null,"gr1_private":null,"gr2_public_f":null,"gr2_public_e":null,"gr2_private":null,"gr3_public_f":null,"gr3_public_e":null,"gr3_private":null,"gr4_public_f":null,"gr4_public_e":null,"gr4_private":null,"gr5_public_f":null,"gr5_public_e":null,"gr5_private":null,"gr6_public_f":null,"gr6_public_e":null,"gr6_private":null,"gr7_public_f":null,"gr7_public_e":null,"gr7_private":null,"gr8_public_f":null,"gr8_public_e":null,"gr8_private":null,"gr9_public_f":null,"gr9_public_e":null,"gr9_private":null,"gr10_public_f":null,"gr10_public_e":null,"gr10_private":null,"gr11s_public_f":null,"gr11s_public_e":null,"gr11s_private":null,"gr11e_public_f":null,"gr11e_public_e":null,"gr11e_private":null,"gr12sg_public_f":null,"gr12sg_public_e":null,"gr12sg_private":null,"gr12se_public_f":null,"gr12se_public_e":null,"gr12se_private":null,"gr12lh_public_f":null,"gr12lh_public_e":null,"gr12lh_private":null,"gr12sv_public_f":null,"gr12sv_public_e":null,"gr12sv_private":null,"tvet_public":null,"tvet_private":null,"uni":null,"syrians":null,"oosc":null,"teachers":null,"bath_hygiene":null,"playground":null,"corridor":null,"rooms_hygiene":null,"Is_waste_collected":null,"Collection_frequency":null,"construction":null,"yes_construction":null,"unified_authority":null,"documentation":null,"check_all":"false","Comments":"false","comments2":null,"age0_6_months":0,"age6_12_months":0,"f_age0_6_months":0,"f_age6_12_months":0,"f_ages_1_3":2,"f_age_3_5":2,"f_age_6_12":1,"f_age_13_18":2,"f_age_19_57":6,"f_age_58_above":1,"Female_Headed_Households":null,"lost_kids":null,"chronic_disease":null,"diesel_fuel_tank":null,"count_tanks":null,"capacity_tank":null,"need_bin":null,"need_bin_240":null,"need_bin_1100":null,"status_2026":null,"gov_cad":null,"district_cad":null,"cad_name":null,"x":35.26697674,"y":33.1634145},"geometry":{"type":"Point","coordinates":[35.26697674,33.1634145]}},
{"type":"Feature","properties":{"objectid":1824,"globalid":"233f1b72-12f3-4430-86b9-b47a9bd78272","shelter_name":"مركز الشهيدين علي و محسن العمار للارشاد و التوجيه","governorate_name":"Bekaa","district_name":"West Bekaa","villages":"Machgara","lat_calc":33.533631,"long_calc":35.655767,"loc_calc":"33.533631 35.655767","structure_type":"Other","structure_type_other":"مركز للارشاد و التوجيه","cerd_number":null,"ministry_name":null,"ACS":52111,"P_Code":null,"focal":"iskandar barake","nb":3260989,"mosa_focal":"حسين سالم","mosa_focal_phone":3011808,"mehe_focal":null,"mehe_focalnb":null,"type_private_public":"public","other_specifyy":null,"status":"open","notes":null,"sourcee":"field","displaced_cas_code":52111,"phases":null,"nb_idps":17,"nb_families":6,"capacity":300,"male":null,"female":null,"age_0_1":null,"ages_1_3":null,"age_3_5":null,"age_6_12":null,"age_13_18":null,"age_19_57":null,"age_58_above":null,"disabilities_pregnant":null,"pregnant_women":null,"heating_disability":null,"visual_disability":null,"physical_disability":null,"interllectual_disability":null,"CreationDate":"2026-07-24T08:51:36","Creator":"GIS.Team.961","EditDate":"2026-08-12T07:45:36","Editor":"EOR.BEKAA","lactating_women":null,"hearing_disability":null,"mental_disability":null,"DONT_ADD":"true","old_global_id":null,"floorsnum":null,"totalrooms":null,"occ_rooms":null,"free_spaces":null,"free_rooms":null,"kitchen_found":null,"kitchen_found2":null,"type_meal":null,"toilets_male":null,"toilets_female":null,"toilets_not_used_male":null,"toilets_not_used_female":null,"water_source":null,"elec_source":null,"bathtub_male":null,"bathtub_female":null,"generator":null,"generator_kva":null,"water_tank":null,"water_tank_capacity":null,"water_heater":null,"ac":null,"firedistinguisher":null,"first_aid":null,"wheelchair":null,"beds":null,"fridges":null,"washingmachines":null,"kitchen":null,"kids_area":null,"water_available":null,"need_water":null,"who_water":null,"how_water":null,"LAF_Focal":null,"LAF_shelter_name":null,"LAF_Phone_nb":null,"kg1_public_f":null,"kg1_public_e":null,"kg1_private":null,"kg2_public_f":null,"kg2_public_e":null,"kg2_private":null,"kg3_public_f":null,"kg3_public_e":null,"kg3_private":null,"gr1_public_f":null,"gr1_public_e":null,"gr1_private":null,"gr2_public_f":null,"gr2_public_e":null,"gr2_private":null,"gr3_public_f":null,"gr3_public_e":null,"gr3_private":null,"gr4_public_f":null,"gr4_public_e":null,"gr4_private":null,"gr5_public_f":null,"gr5_public_e":null,"gr5_private":null,"gr6_public_f":null,"gr6_public_e":null,"gr6_private":null,"gr7_public_f":null,"gr7_public_e":null,"gr7_private":null,"gr8_public_f":null,"gr8_public_e":null,"gr8_private":null,"gr9_public_f":null,"gr9_public_e":null,"gr9_private":null,"gr10_public_f":null,"gr10_public_e":null,"gr10_private":null,"gr11s_public_f":null,"gr11s_public_e":null,"gr11s_private":null,"gr11e_public_f":null,"gr11e_public_e":null,"gr11e_private":null,"gr12sg_public_f":null,"gr12sg_public_e":null,"gr12sg_private":null,"gr12se_public_f":null,"gr12se_public_e":null,"gr12se_private":null,"gr12lh_public_f":null,"gr12lh_public_e":null,"gr12lh_private":null,"gr12sv_public_f":null,"gr12sv_public_e":null,"gr12sv_private":null,"tvet_public":null,"tvet_private":null,"uni":null,"syrians":null,"oosc":null,"teachers":null,"bath_hygiene":null,"playground":null,"corridor":null,"rooms_hygiene":null,"Is_waste_collected":null,"Collection_frequency":null,"construction":null,"yes_construction":null,"unified_authority":null,"documentation":null,"check_all":null,"Comments":null,"comments2":null,"age0_6_months":null,"age6_12_months":null,"f_age0_6_months":null,"f_age6_12_months":null,"f_ages_1_3":null,"f_age_3_5":null,"f_age_6_12":null,"f_age_13_18":null,"f_age_19_57":null,"f_age_58_above":null,"Female_Headed_Households":null,"lost_kids":null,"chronic_disease":null,"diesel_fuel_tank":null,"count_tanks":null,"capacity_tank":null,"need_bin":null,"need_bin_240":null,"need_bin_1100":null,"status_2026":null,"gov_cad":null,"district_cad":null,"cad_name":null,"x":35.65928067,"y":33.5265792},"geometry":{"type":"Point","coordinates":[35.65928067,33.5265792]}},
{"type":"Feature","properties":{"objectid":1825,"globalid":"1fd55e0d-dfd5-41fe-bf22-dc6eed8c4b59","shelter_name":"مركز بلدية عزة","governorate_name":"El Nabatieh","district_name":"El Nabatieh","villages":"Aazze","lat_calc":33.453764,"long_calc":35.430103,"loc_calc":"33.453764 35.430103","structure_type":"Other","structure_type_other":"مبنى بلدية","cerd_number":null,"ministry_name":null,"ACS":71271,"P_Code":null,"focal":"مصطفى جمول","nb":70199666,"mosa_focal":null,"mosa_focal_phone":null,"mehe_focal":null,"mehe_focalnb":null,"type_private_public":"private","other_specifyy":null,"status":"open","notes":null,"sourcee":null,"displaced_cas_code":71271,"phases":null,"nb_idps":24,"nb_families":8,"capacity":90,"male":null,"female":null,"age_0_1":null,"ages_1_3":null,"age_3_5":null,"age_6_12":null,"age_13_18":null,"age_19_57":null,"age_58_above":null,"disabilities_pregnant":null,"pregnant_women":null,"heating_disability":null,"visual_disability":null,"physical_disability":null,"interllectual_disability":null,"CreationDate":"2026-07-30T10:37:41","Creator":"GIS.Team.961","EditDate":"2026-09-01T11:17:26","Editor":"EOR.SAIDA","lactating_women":null,"hearing_disability":null,"mental_disability":null,"DONT_ADD":"true","old_global_id":null,"floorsnum":null,"totalrooms":null,"occ_rooms":null,"free_spaces":null,"free_rooms":null,"kitchen_found":null,"kitchen_found2":null,"type_meal":null,"toilets_male":null,"toilets_female":null,"toilets_not_used_male":null,"toilets_not_used_female":null,"water_source":null,"elec_source":null,"bathtub_male":null,"bathtub_female":null,"generator":null,"generator_kva":null,"water_tank":null,"water_tank_capacity":null,"water_heater":null,"ac":null,"firedistinguisher":null,"first_aid":null,"wheelchair":null,"beds":null,"fridges":null,"washingmachines":null,"kitchen":null,"kids_area":null,"water_available":null,"need_water":null,"who_water":null,"how_water":null,"LAF_Focal":null,"LAF_shelter_name":null,"LAF_Phone_nb":null,"kg1_public_f":null,"kg1_public_e":null,"kg1_private":null,"kg2_public_f":null,"kg2_public_e":null,"kg2_private":null,"kg3_public_f":null,"kg3_public_e":null,"kg3_private":null,"gr1_public_f":null,"gr1_public_e":null,"gr1_private":null,"gr2_public_f":null,"gr2_public_e":null,"gr2_private":null,"gr3_public_f":null,"gr3_public_e":null,"gr3_private":null,"gr4_public_f":null,"gr4_public_e":null,"gr4_private":null,"gr5_public_f":null,"gr5_public_e":null,"gr5_private":null,"gr6_public_f":null,"gr6_public_e":null,"gr6_private":null,"gr7_public_f":null,"gr7_public_e":null,"gr7_private":null,"gr8_public_f":null,"gr8_public_e":null,"gr8_private":null,"gr9_public_f":null,"gr9_public_e":null,"gr9_private":null,"gr10_public_f":null,"gr10_public_e":null,"gr10_private":null,"gr11s_public_f":null,"gr11s_public_e":null,"gr11s_private":null,"gr11e_public_f":null,"gr11e_public_e":null,"gr11e_private":null,"gr12sg_public_f":null,"gr12sg_public_e":null,"gr12sg_private":null,"gr12se_public_f":null,"gr12se_public_e":null,"gr12se_private":null,"gr12lh_public_f":null,"gr12lh_public_e":null,"gr12lh_private":null,"gr12sv_public_f":null,"gr12sv_public_e":null,"gr12sv_private":null,"tvet_public":null,"tvet_private":null,"uni":null,"syrians":null,"oosc":null,"teachers":null,"bath_hygiene":null,"playground":null,"corridor":null,"rooms_hygiene":null,"Is_waste_collected":null,"Collection_frequency":null,"construction":null,"yes_construction":null,"unified_authority":null,"documentation":null,"check_all":null,"Comments":null,"comments2":null,"age0_6_months":null,"age6_12_months":null,"f_age0_6_months":null,"f_age6_12_months":null,"f_ages_1_3":null,"f_age_3_5":null,"f_age_6_12":null,"f_age_13_18":null,"f_age_19_57":null,"f_age_58_above":null,"Female_Headed_Households":null,"lost_kids":null,"chronic_disease":null,"diesel_fuel_tank":null,"count_tanks":null,"capacity_tank":null,"need_bin":null,"need_bin_240":null,"need_bin_1100":null,"status_2026":null,"gov_cad":null,"district_cad":null,"cad_name":null,"x":35.42944469,"y":33.45541422},"geometry":{"type":"Point","coordinates":[35.42944469,33.45541422]}},
{"type":"Feature","properties":{"objectid":1834,"globalid":"ddf84231-c8bd-4de1-a228-ea2b9c7f0df2","shelter_name":"ابتدائية عرب الجل","governorate_name":"South","district_name":"Saida","villages":"Ghaziye","lat_calc":33.517475,"long_calc":35.368994,"loc_calc":"33.517475 35.368994","structure_type":"School","structure_type_other":null,"cerd_number":null,"ministry_name":null,"ACS":61119,"P_Code":null,"focal":null,"nb":null,"mosa_focal":null,"mosa_focal_phone":null,"mehe_focal":null,"mehe_focalnb":null,"type_private_public":"public","other_specifyy":null,"status":"open","notes":null,"sourcee":null,"displaced_cas_code":61311,"phases":null,"nb_idps":45,"nb_families":12,"capacity":45,"male":null,"female":null,"age_0_1":null,"ages_1_3":null,"age_3_5":null,"age_6_12":null,"age_13_18":null,"age_19_57":null,"age_58_above":null,"disabilities_pregnant":null,"pregnant_women":null,"heating_disability":null,"visual_disability":null,"physical_disability":null,"interllectual_disability":null,"CreationDate":"2026-08-27T10:00:00","Creator":"GIS.Team.961","EditDate":"2026-09-02T07:19:28","Editor":"EOR.SAIDA","lactating_women":null,"hearing_disability":null,"mental_disability":null,"DONT_ADD":"true","old_global_id":null,"floorsnum":null,"totalrooms":null,"occ_rooms":null,"free_spaces":null,"free_rooms":null,"kitchen_found":null,"kitchen_found2":null,"type_meal":null,"toilets_male":null,"toilets_female":null,"toilets_not_used_male":null,"toilets_not_used_female":null,"water_source":null,"elec_source":null,"bathtub_male":null,"bathtub_female":null,"generator":null,"generator_kva":null,"water_tank":null,"water_tank_capacity":null,"water_heater":null,"ac":null,"firedistinguisher":null,"first_aid":null,"wheelchair":null,"beds":null,"fridges":null,"washingmachines":null,"kitchen":null,"kids_area":null,"water_available":null,"need_water":null,"who_water":null,"how_water":null,"LAF_Focal":null,"LAF_shelter_name":null,"LAF_Phone_nb":null,"kg1_public_f":null,"kg1_public_e":null,"kg1_private":null,"kg2_public_f":null,"kg2_public_e":null,"kg2_private":null,"kg3_public_f":null,"kg3_public_e":null,"kg3_private":null,"gr1_public_f":null,"gr1_public_e":null,"gr1_private":null,"gr2_public_f":null,"gr2_public_e":null,"gr2_private":null,"gr3_public_f":null,"gr3_public_e":null,"gr3_private":null,"gr4_public_f":null,"gr4_public_e":null,"gr4_private":null,"gr5_public_f":null,"gr5_public_e":null,"gr5_private":null,"gr6_public_f":null,"gr6_public_e":null,"gr6_private":null,"gr7_public_f":null,"gr7_public_e":null,"gr7_private":null,"gr8_public_f":null,"gr8_public_e":null,"gr8_private":null,"gr9_public_f":null,"gr9_public_e":null,"gr9_private":null,"gr10_public_f":null,"gr10_public_e":null,"gr10_private":null,"gr11s_public_f":null,"gr11s_public_e":null,"gr11s_private":null,"gr11e_public_f":null,"gr11e_public_e":null,"gr11e_private":null,"gr12sg_public_f":null,"gr12sg_public_e":null,"gr12sg_private":null,"gr12se_public_f":null,"gr12se_public_e":null,"gr12se_private":null,"gr12lh_public_f":null,"gr12lh_public_e":null,"gr12lh_private":null,"gr12sv_public_f":null,"gr12sv_public_e":null,"gr12sv_private":null,"tvet_public":null,"tvet_private":null,"uni":null,"syrians":null,"oosc":null,"teachers":null,"bath_hygiene":null,"playground":null,"corridor":null,"rooms_hygiene":null,"Is_waste_collected":null,"Collection_frequency":null,"construction":null,"yes_construction":null,"unified_authority":null,"documentation":null,"check_all":null,"Comments":null,"comments2":null,"age0_6_months":null,"age6_12_months":null,"f_age0_6_months":null,"f_age6_12_months":null,"f_ages_1_3":null,"f_age_3_5":null,"f_age_6_12":null,"f_age_13_18":null,"f_age_19_57":null,"f_age_58_above":null,"Female_Headed_Households":null,"lost_kids":null,"chronic_disease":null,"diesel_fuel_tank":null,"count_tanks":null,"capacity_tank":null,"need_bin":null,"need_bin_240":null,"need_bin_1100":null,"status_2026":null,"gov_cad":null,"district_cad":null,"cad_name":null,"x":35.38336917,"y":33.56480075},"geometry":{"type":"Point","coordinates":[35.38336917,33.56480075]}},
{"type":"Feature","properties":{"objectid":1835,"globalid":"04a9a3a2-ed1e-4c63-aafe-d93ccb8818f1","shelter_name":"ملعب الرياضي جبال البطم","governorate_name":"South","district_name":"Sour","villages":null,"lat_calc":null,"long_calc":null,"loc_calc":null,"structure_type":null,"structure_type_other":null,"cerd_number":null,"ministry_name":null,"ACS":62279,"P_Code":null,"focal":null,"nb":null,"mosa_focal":null,"mosa_focal_phone":null,"mehe_focal":null,"mehe_focalnb":null,"type_private_public":null,"other_specifyy":null,"status":"open","notes":null,"sourcee":null,"displaced_cas_code":null,"phases":null,"nb_idps":null,"nb_families":null,"capacity":null,"male":null,"female":null,"age_0_1":null,"ages_1_3":null,"age_3_5":null,"age_6_12":null,"age_13_18":null,"age_19_57":null,"age_58_above":null,"disabilities_pregnant":null,"pregnant_women":null,"heating_disability":null,"visual_disability":null,"physical_disability":null,"interllectual_disability":null,"CreationDate":"2026-09-01T08:26:10","Creator":"GIS.Team.961","EditDate":"2026-09-01T08:26:55","Editor":"GIS.Team.961","lactating_women":null,"hearing_disability":null,"mental_disability":null,"DONT_ADD":"true","old_global_id":null,"floorsnum":null,"totalrooms":null,"occ_rooms":null,"free_spaces":null,"free_rooms":null,"kitchen_found":null,"kitchen_found2":null,"type_meal":null,"toilets_male":null,"toilets_female":null,"toilets_not_used_male":null,"toilets_not_used_female":null,"water_source":null,"elec_source":null,"bathtub_male":null,"bathtub_female":null,"generator":null,"generator_kva":null,"water_tank":null,"water_tank_capacity":null,"water_heater":null,"ac":null,"firedistinguisher":null,"first_aid":null,"wheelchair":null,"beds":null,"fridges":null,"washingmachines":null,"kitchen":null,"kids_area":null,"water_available":null,"need_water":null,"who_water":null,"how_water":null,"LAF_Focal":null,"LAF_shelter_name":null,"LAF_Phone_nb":null,"kg1_public_f":null,"kg1_public_e":null,"kg1_private":null,"kg2_public_f":null,"kg2_public_e":null,"kg2_private":null,"kg3_public_f":null,"kg3_public_e":null,"kg3_private":null,"gr1_public_f":null,"gr1_public_e":null,"gr1_private":null,"gr2_public_f":null,"gr2_public_e":null,"gr2_private":null,"gr3_public_f":null,"gr3_public_e":null,"gr3_private":null,"gr4_public_f":null,"gr4_public_e":null,"gr4_private":null,"gr5_public_f":null,"gr5_public_e":null,"gr5_private":null,"gr6_public_f":null,"gr6_public_e":null,"gr6_private":null,"gr7_public_f":null,"gr7_public_e":null,"gr7_private":null,"gr8_public_f":null,"gr8_public_e":null,"gr8_private":null,"gr9_public_f":null,"gr9_public_e":null,"gr9_private":null,"gr10_public_f":null,"gr10_public_e":null,"gr10_private":null,"gr11s_public_f":null,"gr11s_public_e":null,"gr11s_private":null,"gr11e_public_f":null,"gr11e_public_e":null,"gr11e_private":null,"gr12sg_public_f":null,"gr12sg_public_e":null,"gr12sg_private":null,"gr12se_public_f":null,"gr12se_public_e":null,"gr12se_private":null,"gr12lh_public_f":null,"gr12lh_public_e":null,"gr12lh_private":null,"gr12sv_public_f":null,"gr12sv_public_e":null,"gr12sv_private":null,"tvet_public":null,"tvet_private":null,"uni":null,"syrians":null,"oosc":null,"teachers":null,"bath_hygiene":null,"playground":null,"corridor":null,"rooms_hygiene":null,"Is_waste_collected":null,"Collection_frequency":null,"construction":null,"yes_construction":null,"unified_authority":null,"documentation":null,"check_all":null,"Comments":null,"comments2":null,"age0_6_months":null,"age6_12_months":null,"f_age0_6_months":null,"f_age6_12_months":null,"f_ages_1_3":null,"f_age_3_5":null,"f_age_6_12":null,"f_age_13_18":null,"f_age_19_57":null,"f_age_58_above":null,"Female_Headed_Households":null,"lost_kids":null,"chronic_disease":null,"diesel_fuel_tank":null,"count_tanks":null,"capacity_tank":null,"need_bin":null,"need_bin_240":null,"need_bin_1100":null,"status_2026":null,"gov_cad":null,"district_cad":null,"cad_name":null,"x":35.30666667,"y":33.17151515},"geometry":{"type":"Point","coordinates":[35.30666667,33.17151515]}},
{"type":"Feature","properties":{"objectid":1836,"globalid":"d0613da2-e874-4b3e-9350-80f6592b7d9d","shelter_name":"مدرسة الريف صريفا","governorate_name":"South","district_name":"Sour","villages":"Srifa","lat_calc":null,"long_calc":null,"loc_calc":null,"structure_type":null,"structure_type_other":null,"cerd_number":null,"ministry_name":null,"ACS":62266,"P_Code":null,"focal":null,"nb":null,"mosa_focal":null,"mosa_focal_phone":null,"mehe_focal":null,"mehe_focalnb":null,"type_private_public":null,"other_specifyy":null,"status":"open","notes":null,"sourcee":null,"displaced_cas_code":null,"phases":null,"nb_idps":null,"nb_families":null,"capacity":null,"male":null,"female":null,"age_0_1":null,"ages_1_3":null,"age_3_5":null,"age_6_12":null,"age_13_18":null,"age_19_57":null,"age_58_above":null,"disabilities_pregnant":null,"pregnant_women":null,"heating_disability":null,"visual_disability":null,"physical_disability":null,"interllectual_disability":null,"CreationDate":"2026-09-01T08:27:18","Creator":"GIS.Team.961","EditDate":"2026-09-01T08:27:55","Editor":"GIS.Team.961","lactating_women":null,"hearing_disability":null,"mental_disability":null,"DONT_ADD":"true","old_global_id":null,"floorsnum":null,"totalrooms":null,"occ_rooms":null,"free_spaces":null,"free_rooms":null,"kitchen_found":null,"kitchen_found2":null,"type_meal":null,"toilets_male":null,"toilets_female":null,"toilets_not_used_male":null,"toilets_not_used_female":null,"water_source":null,"elec_source":null,"bathtub_male":null,"bathtub_female":null,"generator":null,"generator_kva":null,"water_tank":null,"water_tank_capacity":null,"water_heater":null,"ac":null,"firedistinguisher":null,"first_aid":null,"wheelchair":null,"beds":null,"fridges":null,"washingmachines":null,"kitchen":null,"kids_area":null,"water_available":null,"need_water":null,"who_water":null,"how_water":null,"LAF_Focal":null,"LAF_shelter_name":null,"LAF_Phone_nb":null,"kg1_public_f":null,"kg1_public_e":null,"kg1_private":null,"kg2_public_f":null,"kg2_public_e":null,"kg2_private":null,"kg3_public_f":null,"kg3_public_e":null,"kg3_private":null,"gr1_public_f":null,"gr1_public_e":null,"gr1_private":null,"gr2_public_f":null,"gr2_public_e":null,"gr2_private":null,"gr3_public_f":null,"gr3_public_e":null,"gr3_private":null,"gr4_public_f":null,"gr4_public_e":null,"gr4_private":null,"gr5_public_f":null,"gr5_public_e":null,"gr5_private":null,"gr6_public_f":null,"gr6_public_e":null,"gr6_private":null,"gr7_public_f":null,"gr7_public_e":null,"gr7_private":null,"gr8_public_f":null,"gr8_public_e":null,"gr8_private":null,"gr9_public_f":null,"gr9_public_e":null,"gr9_private":null,"gr10_public_f":null,"gr10_public_e":null,"gr10_private":null,"gr11s_public_f":null,"gr11s_public_e":null,"gr11s_private":null,"gr11e_public_f":null,"gr11e_public_e":null,"gr11e_private":null,"gr12sg_public_f":null,"gr12sg_public_e":null,"gr12sg_private":null,"gr12se_public_f":null,"gr12se_public_e":null,"gr12se_private":null,"gr12lh_public_f":null,"gr12lh_public_e":null,"gr12lh_private":null,"gr12sv_public_f":null,"gr12sv_public_e":null,"gr12sv_private":null,"tvet_public":null,"tvet_private":null,"uni":null,"syrians":null,"oosc":null,"teachers":null,"bath_hygiene":null,"playground":null,"corridor":null,"rooms_hygiene":null,"Is_waste_collected":null,"Collection_frequency":null,"construction":null,"yes_construction":null,"unified_authority":null,"documentation":null,"check_all":null,"Comments":null,"comments2":null,"age0_6_months":null,"age6_12_months":null,"f_age0_6_months":null,"f_age6_12_months":null,"f_ages_1_3":null,"f_age_3_5":null,"f_age_6_12":null,"f_age_13_18":null,"f_age_19_57":null,"f_age_58_above":null,"Female_Headed_Households":null,"lost_kids":null,"chronic_disease":null,"diesel_fuel_tank":null,"count_tanks":null,"capacity_tank":null,"need_bin":null,"need_bin_240":null,"need_bin_1100":null,"status_2026":null,"gov_cad":null,"district_cad":null,"cad_name":null,"x":35.39726667,"y":33.28226667},"geometry":{"type":"Point","coordinates":[35.39726667,33.28226667]}},
{"type":"Feature","properties":{"objectid":1837,"globalid":"7e422806-9dd0-41a9-8efb-8efe03b23284","shelter_name":"المدرسة القديمة ارزون","governorate_name":"South","district_name":"Sour","villages":null,"lat_calc":null,"long_calc":null,"loc_calc":null,"structure_type":null,"structure_type_other":null,"cerd_number":null,"ministry_name":null,"ACS":62256,"P_Code":null,"focal":null,"nb":null,"mosa_focal":null,"mosa_focal_phone":null,"mehe_focal":null,"mehe_focalnb":null,"type_private_public":null,"other_specifyy":null,"status":"open","notes":null,"sourcee":null,"displaced_cas_code":null,"phases":null,"nb_idps":null,"nb_families":null,"capacity":null,"male":null,"female":null,"age_0_1":null,"ages_1_3":null,"age_3_5":null,"age_6_12":null,"age_13_18":null,"age_19_57":null,"age_58_above":null,"disabilities_pregnant":null,"pregnant_women":null,"heating_disability":null,"visual_disability":null,"physical_disability":null,"interllectual_disability":null,"CreationDate":"2026-09-02T12:28:34","Creator":"GIS.Team.961","EditDate":"2026-09-02T12:29:27","Editor":"GIS.Team.961","lactating_women":null,"hearing_disability":null,"mental_disability":null,"DONT_ADD":"true","old_global_id":null,"floorsnum":null,"totalrooms":null,"occ_rooms":null,"free_spaces":null,"free_rooms":null,"kitchen_found":null,"kitchen_found2":null,"type_meal":null,"toilets_male":null,"toilets_female":null,"toilets_not_used_male":null,"toilets_not_used_female":null,"water_source":null,"elec_source":null,"bathtub_male":null,"bathtub_female":null,"generator":null,"generator_kva":null,"water_tank":null,"water_tank_capacity":null,"water_heater":null,"ac":null,"firedistinguisher":null,"first_aid":null,"wheelchair":null,"beds":null,"fridges":null,"washingmachines":null,"kitchen":null,"kids_area":null,"water_available":null,"need_water":null,"who_water":null,"how_water":null,"LAF_Focal":null,"LAF_shelter_name":null,"LAF_Phone_nb":null,"kg1_public_f":null,"kg1_public_e":null,"kg1_private":null,"kg2_public_f":null,"kg2_public_e":null,"kg2_private":null,"kg3_public_f":null,"kg3_public_e":null,"kg3_private":null,"gr1_public_f":null,"gr1_public_e":null,"gr1_private":null,"gr2_public_f":null,"gr2_public_e":null,"gr2_private":null,"gr3_public_f":null,"gr3_public_e":null,"gr3_private":null,"gr4_public_f":null,"gr4_public_e":null,"gr4_private":null,"gr5_public_f":null,"gr5_public_e":null,"gr5_private":null,"gr6_public_f":null,"gr6_public_e":null,"gr6_private":null,"gr7_public_f":null,"gr7_public_e":null,"gr7_private":null,"gr8_public_f":null,"gr8_public_e":null,"gr8_private":null,"gr9_public_f":null,"gr9_public_e":null,"gr9_private":null,"gr10_public_f":null,"gr10_public_e":null,"gr10_private":null,"gr11s_public_f":null,"gr11s_public_e":null,"gr11s_private":null,"gr11e_public_f":null,"gr11e_public_e":null,"gr11e_private":null,"gr12sg_public_f":null,"gr12sg_public_e":null,"gr12sg_private":null,"gr12se_public_f":null,"gr12se_public_e":null,"gr12se_private":null,"gr12lh_public_f":null,"gr12lh_public_e":null,"gr12lh_private":null,"gr12sv_public_f":null,"gr12sv_public_e":null,"gr12sv_private":null,"tvet_public":null,"tvet_private":null,"uni":null,"syrians":null,"oosc":null,"teachers":null,"bath_hygiene":null,"playground":null,"corridor":null,"rooms_hygiene":null,"Is_waste_collected":null,"Collection_frequency":null,"construction":null,"yes_construction":null,"unified_authority":null,"documentation":null,"check_all":null,"Comments":null,"comments2":null,"age0_6_months":null,"age6_12_months":null,"f_age0_6_months":null,"f_age6_12_months":null,"f_ages_1_3":null,"f_age_3_5":null,"f_age_6_12":null,"f_age_13_18":null,"f_age_19_57":null,"f_age_58_above":null,"Female_Headed_Households":null,"lost_kids":null,"chronic_disease":null,"diesel_fuel_tank":null,"count_tanks":null,"capacity_tank":null,"need_bin":null,"need_bin_240":null,"need_bin_1100":null,"status_2026":null,"gov_cad":null,"district_cad":null,"cad_name":null,"x":35.37808485,"y":33.28224242},"geometry":{"type":"Point","coordinates":[35.37808485,33.28224242]}},
{"type":"Feature","properties":{"objectid":1838,"globalid":"9831dd3a-d414-4fe1-8655-8e289f1b55a0","shelter_name":"المدرسة الرسمية محرونة","governorate_name":"South","district_name":"Sour","villages":null,"lat_calc":null,"long_calc":null,"loc_calc":null,"structure_type":null,"structure_type_other":null,"cerd_number":null,"ministry_name":null,"ACS":62215,"P_Code":null,"focal":null,"nb":null,"mosa_focal":null,"mosa_focal_phone":null,"mehe_focal":null,"mehe_focalnb":null,"type_private_public":null,"other_specifyy":null,"status":"open","notes":null,"sourcee":null,"displaced_cas_code":null,"phases":null,"nb_idps":null,"nb_families":null,"capacity":null,"male":null,"female":null,"age_0_1":null,"ages_1_3":null,"age_3_5":null,"age_6_12":null,"age_13_18":null,"age_19_57":null,"age_58_above":null,"disabilities_pregnant":null,"pregnant_women":null,"heating_disability":null,"visual_disability":null,"physical_disability":null,"interllectual_disability":null,"CreationDate":"2026-09-02T12:29:47","Creator":"GIS.Team.961","EditDate":"2026-09-02T12:30:28","Editor":"GIS.Team.961","lactating_women":null,"hearing_disability":null,"mental_disability":null,"DONT_ADD":"true","old_global_id":null,"floorsnum":null,"totalrooms":null,"occ_rooms":null,"free_spaces":null,"free_rooms":null,"kitchen_found":null,"kitchen_found2":null,"type_meal":null,"toilets_male":null,"toilets_female":null,"toilets_not_used_male":null,"toilets_not_used_female":null,"water_source":null,"elec_source":null,"bathtub_male":null,"bathtub_female":null,"generator":null,"generator_kva":null,"water_tank":null,"water_tank_capacity":null,"water_heater":null,"ac":null,"firedistinguisher":null,"first_aid":null,"wheelchair":null,"beds":null,"fridges":null,"washingmachines":null,"kitchen":null,"kids_area":null,"water_available":null,"need_water":null,"who_water":null,"how_water":null,"LAF_Focal":null,"LAF_shelter_name":null,"LAF_Phone_nb":null,"kg1_public_f":null,"kg1_public_e":null,"kg1_private":null,"kg2_public_f":null,"kg2_public_e":null,"kg2_private":null,"kg3_public_f":null,"kg3_public_e":null,"kg3_private":null,"gr1_public_f":null,"gr1_public_e":null,"gr1_private":null,"gr2_public_f":null,"gr2_public_e":null,"gr2_private":null,"gr3_public_f":null,"gr3_public_e":null,"gr3_private":null,"gr4_public_f":null,"gr4_public_e":null,"gr4_private":null,"gr5_public_f":null,"gr5_public_e":null,"gr5_private":null,"gr6_public_f":null,"gr6_public_e":null,"gr6_private":null,"gr7_public_f":null,"gr7_public_e":null,"gr7_private":null,"gr8_public_f":null,"gr8_public_e":null,"gr8_private":null,"gr9_public_f":null,"gr9_public_e":null,"gr9_private":null,"gr10_public_f":null,"gr10_public_e":null,"gr10_private":null,"gr11s_public_f":null,"gr11s_public_e":null,"gr11s_private":null,"gr11e_public_f":null,"gr11e_public_e":null,"gr11e_private":null,"gr12sg_public_f":null,"gr12sg_public_e":null,"gr12sg_private":null,"gr12se_public_f":null,"gr12se_public_e":null,"gr12se_private":null,"gr12lh_public_f":null,"gr12lh_public_e":null,"gr12lh_private":null,"gr12sv_public_f":null,"gr12sv_public_e":null,"gr12sv_private":null,"tvet_public":null,"tvet_private":null,"uni":null,"syrians":null,"oosc":null,"teachers":null,"bath_hygiene":null,"playground":null,"corridor":null,"rooms_hygiene":null,"Is_waste_collected":null,"Collection_frequency":null,"construction":null,"yes_construction":null,"unified_authority":null,"documentation":null,"check_all":null,"Comments":null,"comments2":null,"age0_6_months":null,"age6_12_months":null,"f_age0_6_months":null,"f_age6_12_months":null,"f_ages_1_3":null,"f_age_3_5":null,"f_age_6_12":null,"f_age_13_18":null,"f_age_19_57":null,"f_age_58_above":null,"Female_Headed_Households":null,"lost_kids":null,"chronic_disease":null,"diesel_fuel_tank":null,"count_tanks":null,"capacity_tank":null,"need_bin":null,"need_bin_240":null,"need_bin_1100":null,"status_2026":null,"gov_cad":null,"district_cad":null,"cad_name":null,"x":35.33946023,"y":33.22461174},"geometry":{"type":"Point","coordinates":[35.33946023,33.22461174]}}
]
}
