{
"type": "FeatureCollection",
"name": "LB_Intervention_Mapping",
"crs": { "type": "name", "properties": { "name": "urn:ogc:def:crs:OGC:1.3:CRS84" } },
"features": [
{ "type": "Feature", "properties": { "REF": 1, "Project ID (Quantum)": "00088194", "Project Name": "Increasing access to water", "Programme": "Green Inclusive Program (GID)", "Start Date": "01/01/2014", "End Date": "30/12/2028", "Project Status": "Ongoing", "Output / Activity No.\n(per ProDoc results framework)": "1.1", "Full Activity Name": "Labour-intensive rehabilitation of agricultural irrigation canal at Nahr Ibrahim, Halat, Fidar, Jbeil, and Amchit) (2019, KfW Phase 1)", "Activity Description": "Water network rehabilitation", "Type of Activity": "Environmental works", "Mother Project?": "No", "Mother Project Name": null, "Geographic Level": "Cadastre (CAD+ACS)", "Coordinates (Lat)": "34.635451", "Coordinates (Long)": "35.984845", "Governorate": "MountLebanon", "District": "Jbeil", "Cadaster": "Qahmez", "Municipality Name": "No Municipality", "Union of Municipalities (UoM)": "No Municipality", "UNDP Focal Point": "N. Gharib (PM), J. Abiyad", "National Counterpart\n(Institutional Title)": "MoEW", "Counterpart Type": "Government", "CPD Output No.": "3.1", "Strategic Plan 2026-2029\nActivity / Output No.": "A4.2.1", "Gender Marker": "GEN0", "Remarks / Notes": "Irrigaiton canals are property of the  MoEW thus put \"Environmental Work\" for Type of Activity.\n\nThe activity contributes to CPD Output 2.2 via short-term job creation." }, "geometry": { "type": "Point", "coordinates": [ 35.984845, 34.635451 ] } },
{ "type": "Feature", "properties": { "REF": 2, "Project ID (Quantum)": "00088194", "Project Name": "Increasing access to water", "Programme": "Green Inclusive Program (GID)", "Start Date": "01/01/2014", "End Date": "30/12/2028", "Project Status": "Ongoing", "Output / Activity No.\n(per ProDoc results framework)": "1.1", "Full Activity Name": "Labour-intensive rehabilitation of agricultural irrigation canal at Nahr Ibrahim, Halat, Fidar, Jbeil, and Amchit) (2019, KfW Phase 1)", "Activity Description": "Water network rehabilitation", "Type of Activity": "Environmental works", "Mother Project?": "No", "Mother Project Name": null, "Geographic Level": "Cadastre (CAD+ACS)", "Coordinates (Lat)": "34.088016", "Coordinates (Long)": "35.664223", "Governorate": "MountLebanon", "District": "Jbeil", "Cadaster": "Halate", "Municipality Name": "Halat and Fidar", "Union of Municipalities (UoM)": "UOM Caza Jbeil", "UNDP Focal Point": "N. Gharib (PM), J. Abiyad", "National Counterpart\n(Institutional Title)": "MoEW", "Counterpart Type": "Government", "CPD Output No.": "3.1", "Strategic Plan 2026-2029\nActivity / Output No.": "A4.2.1", "Gender Marker": "GEN0", "Remarks / Notes": "Irrigaiton canals are property of the  MoEW thus put \"Environmental Work\" for Type of Activity.\n\nThe activity contributes to CPD Output 2.2 via short-term job creation." }, "geometry": { "type": "Point", "coordinates": [ 35.664223, 34.088016 ] } },
{ "type": "Feature", "properties": { "REF": 3, "Project ID (Quantum)": "00088194", "Project Name": "Increasing access to water", "Programme": "Green Inclusive Program (GID)", "Start Date": "01/01/2014", "End Date": "30/12/2028", "Project Status": "Ongoing", "Output / Activity No.\n(per ProDoc results framework)": "1.1", "Full Activity Name": "Labour-intensive rehabilitation of agricultural irrigation canal at Nahr Ibrahim, Halat, Fidar, Jbeil, and Amchit) (2019, KfW Phase 1)", "Activity Description": "Water network rehabilitation", "Type of Activity": "Environmental works", "Mother Project?": "No", "Mother Project Name": null, "Geographic Level": "Cadastre (CAD+ACS)", "Coordinates (Lat)": "34.122761", "Coordinates (Long)": "35.650122", "Governorate": "MountLebanon", "District": "Jbeil", "Cadaster": "Jbayl", "Municipality Name": "Jbail", "Union of Municipalities (UoM)": "UOM Caza Jbeil", "UNDP Focal Point": "N. Gharib (PM), J. Abiyad", "National Counterpart\n(Institutional Title)": "MoEW", "Counterpart Type": "Government", "CPD Output No.": "3.1", "Strategic Plan 2026-2029\nActivity / Output No.": "A4.2.1", "Gender Marker": "GEN0", "Remarks / Notes": "Irrigaiton canals are property of the  MoEW thus put \"Environmental Work\" for Type of Activity.\n\nThe activity contributes to CPD Output 2.2 via short-term job creation." }, "geometry": { "type": "Point", "coordinates": [ 35.650122, 34.122761 ] } },
{ "type": "Feature", "properties": { "REF": 4, "Project ID (Quantum)": "00088194", "Project Name": "Increasing access to water", "Programme": "Green Inclusive Program (GID)", "Start Date": "01/01/2014", "End Date": "30/12/2028", "Project Status": "Ongoing", "Output / Activity No.\n(per ProDoc results framework)": "1.1", "Full Activity Name": "Labour-intensive rehabilitation of agricultural irrigation canal at Nahr Ibrahim, Halat, Fidar, Jbeil, and Amchit) (2019, KfW Phase 1)", "Activity Description": "Water network rehabilitation", "Type of Activity": "Environmental works", "Mother Project?": "No", "Mother Project Name": null, "Geographic Level": "Cadastre (CAD+ACS)", "Coordinates (Lat)": "34.146244", "Coordinates (Long)": "35.641257", "Governorate": "MountLebanon", "District": "Jbeil", "Cadaster": "Aamchit", "Municipality Name": "Aamchit", "Union of Municipalities (UoM)": "UOM Caza Jbeil", "UNDP Focal Point": "N. Gharib (PM), J. Abiyad", "National Counterpart\n(Institutional Title)": "MoEW", "Counterpart Type": "Government", "CPD Output No.": "3.1", "Strategic Plan 2026-2029\nActivity / Output No.": "A4.2.1", "Gender Marker": "GEN0", "Remarks / Notes": "Irrigaiton canals are property of the  MoEW thus put \"Environmental Work\" for Type of Activity.\n\nThe activity contributes to CPD Output 2.2 via short-term job creation." }, "geometry": { "type": "Point", "coordinates": [ 35.641257, 34.146244 ] } },
{ "type": "Feature", "properties": { "REF": 5, "Project ID (Quantum)": "00088194", "Project Name": "Increasing access to water", "Programme": "Green Inclusive Program (GID)", "Start Date": "01/01/2014", "End Date": "30/12/2028", "Project Status": "Ongoing", "Output / Activity No.\n(per ProDoc results framework)": "1.1", "Full Activity Name": "Labour-intensive rehabilitation of agricultural irrigation canal at Hasbaya (2019, KfW Phase 1)", "Activity Description": "Water network rehabilitation", "Type of Activity": "Environmental works", "Mother Project?": "No", "Mother Project Name": null, "Geographic Level": "Cadastre (CAD+ACS)", "Coordinates (Lat)": "33.411411", "Coordinates (Long)": "35.673358", "Governorate": "ElNabatieh", "District": "Hasbaya", "Cadaster": "Hasbaiya", "Municipality Name": "Hasbaiya", "Union of Municipalities (UoM)": "No Union", "UNDP Focal Point": "N. Gharib (PM), J. Abiyad", "National Counterpart\n(Institutional Title)": "MoEW", "Counterpart Type": "Government", "CPD Output No.": "3.1", "Strategic Plan 2026-2029\nActivity / Output No.": "A4.2.1", "Gender Marker": "GEN0", "Remarks / Notes": "Irrigaiton canals are property of the  MoEW thus put \"Environmental Work\" for Type of Activity.\n\nThe activity contributes to CPD Output 2.2 via short-term job creation." }, "geometry": { "type": "Point", "coordinates": [ 35.673358, 33.411411 ] } },
{ "type": "Feature", "properties": { "REF": 6, "Project ID (Quantum)": "00088194", "Project Name": "Increasing access to water", "Programme": "Green Inclusive Program (GID)", "Start Date": "01/01/2014", "End Date": "30/12/2028", "Project Status": "Ongoing", "Output / Activity No.\n(per ProDoc results framework)": "1.1", "Full Activity Name": "Labour-intensive rehabilitation of agricultural irrigation canal at Khiam Marjaayoun (2019, KfW Phase 1)", "Activity Description": "Water network rehabilitation", "Type of Activity": "Environmental works", "Mother Project?": "No", "Mother Project Name": null, "Geographic Level": "Cadastre (CAD+ACS)", "Coordinates (Lat)": "33.317754", "Coordinates (Long)": "35.602089", "Governorate": "ElNabatieh", "District": "Marjaayoun", "Cadaster": "Khiyam Marjaayoun", "Municipality Name": "Khiam", "Union of Municipalities (UoM)": "No Union", "UNDP Focal Point": "N. Gharib (PM), J. Abiyad", "National Counterpart\n(Institutional Title)": "MoEW", "Counterpart Type": "Government", "CPD Output No.": "3.1", "Strategic Plan 2026-2029\nActivity / Output No.": "A4.2.1", "Gender Marker": "GEN0", "Remarks / Notes": "Irrigaiton canals are property of the  MoEW thus put \"Environmental Work\" for Type of Activity.\n\nThe activity contributes to CPD Output 2.2 via short-term job creation." }, "geometry": { "type": "Point", "coordinates": [ 35.602089, 33.317754 ] } },
{ "type": "Feature", "properties": { "REF": 7, "Project ID (Quantum)": "00088194", "Project Name": "Increasing access to water", "Programme": "Green Inclusive Program (GID)", "Start Date": "01/01/2014", "End Date": "30/12/2028", "Project Status": "Ongoing", "Output / Activity No.\n(per ProDoc results framework)": "1.1", "Full Activity Name": "Labour-intensive rehabilitation of agricultural irrigation canal at Khreibet El-Jundi(2019, KfW Phase 1)", "Activity Description": "Water network rehabilitation", "Type of Activity": "Environmental works", "Mother Project?": "No", "Mother Project Name": null, "Geographic Level": "Cadastre (CAD+ACS)", "Coordinates (Lat)": "34.566039", "Coordinates (Long)": "36.093176", "Governorate": "Akkar", "District": "AkkarDistrict", "Cadaster": "Khreibet Ej-Jindi", "Municipality Name": "Khreibet ej Jindi and Kousha and Beit el Haj", "Union of Municipalities (UoM)": "UOM Nahr El Ostwane", "UNDP Focal Point": "N. Gharib (PM), R.Baddour", "National Counterpart\n(Institutional Title)": "MoEW", "Counterpart Type": "Government", "CPD Output No.": "3.1", "Strategic Plan 2026-2029\nActivity / Output No.": "A4.2.1", "Gender Marker": "GEN0", "Remarks / Notes": "Irrigaiton canals are property of the  MoEW thus put \"Environmental Work\" for Type of Activity.\n\nThe activity contributes to CPD Output 2.2 via short-term job creation." }, "geometry": { "type": "Point", "coordinates": [ 36.093176, 34.566039 ] } },
{ "type": "Feature", "properties": { "REF": 8, "Project ID (Quantum)": "00088194", "Project Name": "Increasing access to water", "Programme": "Green Inclusive Program (GID)", "Start Date": "01/01/2014", "End Date": "30/12/2028", "Project Status": "Ongoing", "Output / Activity No.\n(per ProDoc results framework)": "1.1", "Full Activity Name": "Labour-intensive rehabilitation of agricultural irrigation canal at Sir el Denniyeh & Beqaasefrine  (2019, KfW Phase 1)", "Activity Description": "Water network rehabilitation", "Type of Activity": "Environmental works", "Mother Project?": "No", "Mother Project Name": null, "Geographic Level": "Cadastre (CAD+ACS)", "Coordinates (Lat)": "34.383736", "Coordinates (Long)": "36.027324", "Governorate": "North", "District": "ElMiniehDennie", "Cadaster": "Sir Ed-Danniye", "Municipality Name": "Sir Ed Danniye", "Union of Municipalities (UoM)": "UOM El Donnieh", "UNDP Focal Point": "N. Gharib (PM), R.Baddour", "National Counterpart\n(Institutional Title)": "MoEW", "Counterpart Type": "Government", "CPD Output No.": "3.1", "Strategic Plan 2026-2029\nActivity / Output No.": "A4.2.1", "Gender Marker": "GEN0", "Remarks / Notes": "Irrigaiton canals are property of the  MoEW thus put \"Environmental Work\" for Type of Activity.\n\nThe activity contributes to CPD Output 2.2 via short-term job creation." }, "geometry": { "type": "Point", "coordinates": [ 36.027324, 34.383736 ] } },
{ "type": "Feature", "properties": { "REF": 9, "Project ID (Quantum)": "00088194", "Project Name": "Increasing access to water", "Programme": "Green Inclusive Program (GID)", "Start Date": "01/01/2014", "End Date": "30/12/2028", "Project Status": "Ongoing", "Output / Activity No.\n(per ProDoc results framework)": "1.1", "Full Activity Name": "Labour-intensive rehabilitation of agricultural irrigation canal at Sir el Denniyeh & Beqaasefrine  (2019, KfW Phase 1)", "Activity Description": "Water network rehabilitation", "Type of Activity": "Environmental works", "Mother Project?": "No", "Mother Project Name": null, "Geographic Level": "Cadastre (CAD+ACS)", "Coordinates (Lat)": "34.322331", "Coordinates (Long)": "36.080041", "Governorate": "North", "District": "ElMiniehDennie", "Cadaster": "Bqaa Sefrine", "Municipality Name": "Bqaa Safrin", "Union of Municipalities (UoM)": "UOM El Donnieh", "UNDP Focal Point": "N. Gharib (PM), R.Baddour", "National Counterpart\n(Institutional Title)": "MoEW", "Counterpart Type": "Government", "CPD Output No.": "3.1", "Strategic Plan 2026-2029\nActivity / Output No.": "A4.2.1", "Gender Marker": "GEN0", "Remarks / Notes": "Irrigaiton canals are property of the  MoEW thus put \"Environmental Work\" for Type of Activity.\n\nThe activity contributes to CPD Output 2.2 via short-term job creation." }, "geometry": { "type": "Point", "coordinates": [ 36.080041, 34.322331 ] } },
{ "type": "Feature", "properties": { "REF": 10, "Project ID (Quantum)": "00088194", "Project Name": "Increasing access to water", "Programme": "Green Inclusive Program (GID)", "Start Date": "01/01/2014", "End Date": "30/12/2028", "Project Status": "Ongoing", "Output / Activity No.\n(per ProDoc results framework)": "1.1", "Full Activity Name": "Labour-intensive rehabilitation of agricultural irrigation canal at the City of Zahle (covering Maalaqa and Haouch El Oumara) (2020, KfW Phase 1)", "Activity Description": "Water network rehabilitation", "Type of Activity": "Environmental works", "Mother Project?": "No", "Mother Project Name": null, "Geographic Level": "Cadastre (CAD+ACS)", "Coordinates (Lat)": "33.856899", "Coordinates (Long)": "35.843194", "Governorate": "Bekaa", "District": "Zahle", "Cadaster": "Zahle El-Maallaqa", "Municipality Name": "Zahle Maalaqa", "Union of Municipalities (UoM)": "No Union", "UNDP Focal Point": "N. Gharib (PM), M.Taleb", "National Counterpart\n(Institutional Title)": "MoEW", "Counterpart Type": "Government", "CPD Output No.": "3.1", "Strategic Plan 2026-2029\nActivity / Output No.": "A4.2.1", "Gender Marker": "GEN0", "Remarks / Notes": "Irrigaiton canals are property of the  MoEW thus put \"Environmental Work\" for Type of Activity.\n\nThe activity contributes to CPD Output 2.2 via short-term job creation." }, "geometry": { "type": "Point", "coordinates": [ 35.843194, 33.856899 ] } },
{ "type": "Feature", "properties": { "REF": 11, "Project ID (Quantum)": "00088194", "Project Name": "Increasing access to water", "Programme": "Green Inclusive Program (GID)", "Start Date": "01/01/2014", "End Date": "30/12/2028", "Project Status": "Ongoing", "Output / Activity No.\n(per ProDoc results framework)": "1.1", "Full Activity Name": "Labour-intensive rehabilitation of agricultural irrigation canal at the City of Zahle (covering Maalaqa and Haouch El Oumara) (2020, KfW Phase 1)", "Activity Description": "Water network rehabilitation", "Type of Activity": "Environmental works", "Mother Project?": "No", "Mother Project Name": null, "Geographic Level": "Cadastre (CAD+ACS)", "Coordinates (Lat)": "33.856899", "Coordinates (Long)": "35.843194", "Governorate": "Bekaa", "District": "Zahle", "Cadaster": "Zahle Haouch El-Oumara", "Municipality Name": "Zahle Maalaqa", "Union of Municipalities (UoM)": "No Union", "UNDP Focal Point": "N. Gharib (PM), M.Taleb", "National Counterpart\n(Institutional Title)": "MoEW", "Counterpart Type": "Government", "CPD Output No.": "3.1", "Strategic Plan 2026-2029\nActivity / Output No.": "A4.2.1", "Gender Marker": "GEN0", "Remarks / Notes": "Irrigaiton canals are property of the  MoEW thus put \"Environmental Work\" for Type of Activity.\n\nThe activity contributes to CPD Output 2.2 via short-term job creation." }, "geometry": { "type": "Point", "coordinates": [ 35.843194, 33.856899 ] } },
{ "type": "Feature", "properties": { "REF": 12, "Project ID (Quantum)": "00088194", "Project Name": "Increasing access to water", "Programme": "Green Inclusive Program (GID)", "Start Date": "01/01/2014", "End Date": "30/12/2028", "Project Status": "Ongoing", "Output / Activity No.\n(per ProDoc results framework)": "1.1", "Full Activity Name": "Labour-intensive rehabilitation of agricultural irrigation canal at Machghara (2020, KfW Phase 1)", "Activity Description": "Water network rehabilitation", "Type of Activity": "Environmental works", "Mother Project?": "No", "Mother Project Name": null, "Geographic Level": "Cadastre (CAD+ACS)", "Coordinates (Lat)": "33.52478", "Coordinates (Long)": "35.658856", "Governorate": "Bekaa", "District": "WestBekaa", "Cadaster": "Machghara", "Municipality Name": "Machgara", "Union of Municipalities (UoM)": "UOM El Bouhayra", "UNDP Focal Point": "N. Gharib (PM), M.Taleb", "National Counterpart\n(Institutional Title)": "MoEW", "Counterpart Type": "Government", "CPD Output No.": "3.1", "Strategic Plan 2026-2029\nActivity / Output No.": "A4.2.1", "Gender Marker": "GEN0", "Remarks / Notes": "Irrigaiton canals are property of the  MoEW thus put \"Environmental Work\" for Type of Activity.\n\nThe activity contributes to CPD Output 2.2 via short-term job creation." }, "geometry": { "type": "Point", "coordinates": [ 35.658856, 33.52478 ] } },
{ "type": "Feature", "properties": { "REF": 13, "Project ID (Quantum)": "00088194", "Project Name": "Increasing access to water", "Programme": "Green Inclusive Program (GID)", "Start Date": "01/01/2014", "End Date": "30/12/2028", "Project Status": "Ongoing", "Output / Activity No.\n(per ProDoc results framework)": "1.1", "Full Activity Name": "Labour-intensive rehabilitation of agricultural irrigation canal at Khiam Marjaayoun (2020, KfW Phase 1)", "Activity Description": "Water network rehabilitation", "Type of Activity": "Environmental works", "Mother Project?": "No", "Mother Project Name": null, "Geographic Level": "Cadastre (CAD+ACS)", "Coordinates (Lat)": "33.317754", "Coordinates (Long)": "35.602089", "Governorate": "ElNabatieh", "District": "Marjaayoun", "Cadaster": "Khiyam Marjaayoun", "Municipality Name": "Khiam", "Union of Municipalities (UoM)": "No Union", "UNDP Focal Point": "N. Gharib (PM), M.Taleb", "National Counterpart\n(Institutional Title)": "MoEW", "Counterpart Type": "Government", "CPD Output No.": "3.1", "Strategic Plan 2026-2029\nActivity / Output No.": "A4.2.1", "Gender Marker": "GEN0", "Remarks / Notes": "Irrigaiton canals are property of the  MoEW thus put \"Environmental Work\" for Type of Activity.\n\nThe activity contributes to CPD Output 2.2 via short-term job creation." }, "geometry": { "type": "Point", "coordinates": [ 35.602089, 33.317754 ] } },
{ "type": "Feature", "properties": { "REF": 14, "Project ID (Quantum)": "00088194", "Project Name": "Increasing access to water", "Programme": "Green Inclusive Program (GID)", "Start Date": "01/01/2014", "End Date": "30/12/2028", "Project Status": "Ongoing", "Output / Activity No.\n(per ProDoc results framework)": "1.1", "Full Activity Name": "Labour-intensive rehabilitation of agricultural irrigation canal at Khirbet Qanafar (2020, KfW Phase 1)", "Activity Description": "Water network rehabilitation", "Type of Activity": "Environmental works", "Mother Project?": "No", "Mother Project Name": null, "Geographic Level": "Cadastre (CAD+ACS)", "Coordinates (Lat)": "33.637765", "Coordinates (Long)": "35.724411", "Governorate": "Bekaa", "District": "WestBekaa", "Cadaster": "Khirbet Qanafar", "Municipality Name": "Khirbet Qanafar", "Union of Municipalities (UoM)": "UOM El Bouhayra", "UNDP Focal Point": "N. Gharib (PM), M.Taleb", "National Counterpart\n(Institutional Title)": "MoEW", "Counterpart Type": "Government", "CPD Output No.": "3.1", "Strategic Plan 2026-2029\nActivity / Output No.": "A4.2.1", "Gender Marker": "GEN0", "Remarks / Notes": "Irrigaiton canals are property of the  MoEW thus put \"Environmental Work\" for Type of Activity.\n\nThe activity contributes to CPD Output 2.2 via short-term job creation." }, "geometry": { "type": "Point", "coordinates": [ 35.724411, 33.637765 ] } },
{ "type": "Feature", "properties": { "REF": 15, "Project ID (Quantum)": "00088194", "Project Name": "Increasing access to water", "Programme": "Green Inclusive Program (GID)", "Start Date": "01/01/2014", "End Date": "30/12/2028", "Project Status": "Ongoing", "Output / Activity No.\n(per ProDoc results framework)": "1.1", "Full Activity Name": "Labour-intensive rehabilitation of agricultural irrigation canal at Aassoun & Bekaa Sefrin(2020, KfW Phase 1)", "Activity Description": "Water network rehabilitation", "Type of Activity": "Environmental works", "Mother Project?": "No", "Mother Project Name": null, "Geographic Level": "Cadastre (CAD+ACS)", "Coordinates (Lat)": "34.388466", "Coordinates (Long)": "36.007001", "Governorate": "North", "District": "ElMiniehDennie", "Cadaster": "Aassoun", "Municipality Name": "Aassoun", "Union of Municipalities (UoM)": "UOM El Donnieh", "UNDP Focal Point": "N. Gharib (PM), R.Baddour", "National Counterpart\n(Institutional Title)": "MoEW", "Counterpart Type": "Government", "CPD Output No.": "3.1", "Strategic Plan 2026-2029\nActivity / Output No.": "A4.2.1", "Gender Marker": "GEN0", "Remarks / Notes": "Irrigaiton canals are property of the  MoEW thus put \"Environmental Work\" for Type of Activity.\n\nThe activity contributes to CPD Output 2.2 via short-term job creation." }, "geometry": { "type": "Point", "coordinates": [ 36.007001, 34.388466 ] } },
{ "type": "Feature", "properties": { "REF": 16, "Project ID (Quantum)": "00088194", "Project Name": "Increasing access to water", "Programme": "Green Inclusive Program (GID)", "Start Date": "01/01/2014", "End Date": "30/12/2028", "Project Status": "Ongoing", "Output / Activity No.\n(per ProDoc results framework)": "1.1", "Full Activity Name": "Labour-intensive rehabilitation of agricultural irrigation canal at Aassoun & Bekaa Sefrin(2020, KfW Phase 1)", "Activity Description": "Water network rehabilitation", "Type of Activity": "Environmental works", "Mother Project?": "No", "Mother Project Name": null, "Geographic Level": "Cadastre (CAD+ACS)", "Coordinates (Lat)": "34.322331", "Coordinates (Long)": "36.080041", "Governorate": "North", "District": "ElMiniehDennie", "Cadaster": "Bqaa Sefrine", "Municipality Name": "Bqaa Safrin", "Union of Municipalities (UoM)": "UOM El Donnieh", "UNDP Focal Point": "N. Gharib (PM), R.Baddour", "National Counterpart\n(Institutional Title)": "MoEW", "Counterpart Type": "Government", "CPD Output No.": "3.1", "Strategic Plan 2026-2029\nActivity / Output No.": "A4.2.1", "Gender Marker": "GEN0", "Remarks / Notes": "Irrigaiton canals are property of the  MoEW thus put \"Environmental Work\" for Type of Activity.\n\nThe activity contributes to CPD Output 2.2 via short-term job creation." }, "geometry": { "type": "Point", "coordinates": [ 36.080041, 34.322331 ] } },
{ "type": "Feature", "properties": { "REF": 17, "Project ID (Quantum)": "00088194", "Project Name": "Increasing access to water", "Programme": "Green Inclusive Program (GID)", "Start Date": "01/01/2014", "End Date": "30/12/2028", "Project Status": "Ongoing", "Output / Activity No.\n(per ProDoc results framework)": "1.1", "Full Activity Name": "Labour-intensive rehabilitation of agricultural irrigation canal at Aanjar-Haouch Moussa (2021, KfW Phase 1)", "Activity Description": "Water network rehabilitation", "Type of Activity": "Environmental works", "Mother Project?": "No", "Mother Project Name": null, "Geographic Level": "Cadastre (CAD+ACS)", "Coordinates (Lat)": "33.740489", "Coordinates (Long)": "35.931376", "Governorate": "Bekaa", "District": "Zahle", "Cadaster": "Aanjar (Haouch Moussa)", "Municipality Name": "Haouch Moussa Anjar", "Union of Municipalities (UoM)": "No Union", "UNDP Focal Point": "N. Gharib (PM), M.Taleb", "National Counterpart\n(Institutional Title)": "MoEW", "Counterpart Type": "Government", "CPD Output No.": "3.1", "Strategic Plan 2026-2029\nActivity / Output No.": "A4.2.1", "Gender Marker": "GEN0", "Remarks / Notes": "Irrigaiton canals are property of the  MoEW thus put \"Environmental Work\" for Type of Activity.\n\nThe activity contributes to CPD Output 2.2 via short-term job creation." }, "geometry": { "type": "Point", "coordinates": [ 35.931376, 33.740489 ] } },
{ "type": "Feature", "properties": { "REF": 18, "Project ID (Quantum)": "00088194", "Project Name": "Increasing access to water", "Programme": "Green Inclusive Program (GID)", "Start Date": "01/01/2014", "End Date": "30/12/2028", "Project Status": "Ongoing", "Output / Activity No.\n(per ProDoc results framework)": "1.1", "Full Activity Name": "Labour-intensive rehabilitation of agricultural irrigation canal at Tal Abbas Gharbi & Tal Abbas Charqi (2021, KfW Phase 1)", "Activity Description": "Water network rehabilitation", "Type of Activity": "Environmental works", "Mother Project?": "No", "Mother Project Name": null, "Geographic Level": "Cadastre (CAD+ACS)", "Coordinates (Lat)": "34.598752", "Coordinates (Long)": "36.073532", "Governorate": "Akkar", "District": "AkkarDistrict", "Cadaster": "Tall Aabbas Ech-Charqi", "Municipality Name": "Tall Aabbas Ech-Charqi", "Union of Municipalities (UoM)": "UOM Sahel Akkar", "UNDP Focal Point": "N. Gharib (PM), R.Baddour", "National Counterpart\n(Institutional Title)": "MoEW", "Counterpart Type": "Government", "CPD Output No.": "3.1", "Strategic Plan 2026-2029\nActivity / Output No.": "A4.2.1", "Gender Marker": "GEN0", "Remarks / Notes": "Irrigaiton canals are property of the  MoEW thus put \"Environmental Work\" for Type of Activity.\n\nThe activity contributes to CPD Output 2.2 via short-term job creation." }, "geometry": { "type": "Point", "coordinates": [ 36.073532, 34.598752 ] } },
{ "type": "Feature", "properties": { "REF": 19, "Project ID (Quantum)": "00088194", "Project Name": "Increasing access to water", "Programme": "Green Inclusive Program (GID)", "Start Date": "01/01/2014", "End Date": "30/12/2028", "Project Status": "Ongoing", "Output / Activity No.\n(per ProDoc results framework)": "1.1", "Full Activity Name": "Labour-intensive rehabilitation of agricultural irrigation canal at Tal Abbas Gharbi & Tal Abbas Charqi (2021, KfW Phase 1)", "Activity Description": "Water network rehabilitation", "Type of Activity": "Environmental works", "Mother Project?": "No", "Mother Project Name": null, "Geographic Level": "Cadastre (CAD+ACS)", "Coordinates (Lat)": "34.582475", "Coordinates (Long)": "36.06693", "Governorate": "Akkar", "District": "AkkarDistrict", "Cadaster": "Tall Aabbas El-Gharbi", "Municipality Name": "Tall Aabbas el Gharbi", "Union of Municipalities (UoM)": "UOM Nahr El Ostwane", "UNDP Focal Point": "N. Gharib (PM), R.Baddour", "National Counterpart\n(Institutional Title)": "MoEW", "Counterpart Type": "Government", "CPD Output No.": "3.1", "Strategic Plan 2026-2029\nActivity / Output No.": "A4.2.1", "Gender Marker": "GEN0", "Remarks / Notes": "Irrigaiton canals are property of the  MoEW thus put \"Environmental Work\" for Type of Activity.\n\nThe activity contributes to CPD Output 2.2 via short-term job creation." }, "geometry": { "type": "Point", "coordinates": [ 36.06693, 34.582475 ] } },
{ "type": "Feature", "properties": { "REF": 20, "Project ID (Quantum)": "00088194", "Project Name": "Increasing access to water", "Programme": "Green Inclusive Program (GID)", "Start Date": "01/01/2014", "End Date": "30/12/2028", "Project Status": "Ongoing", "Output / Activity No.\n(per ProDoc results framework)": "1.1", "Full Activity Name": "Labour-intensive rehabilitation of agricultural irrigation canal at Akkar El Atika (2021, KfW Phase 1)", "Activity Description": "Water network rehabilitation", "Type of Activity": "Environmental works", "Mother Project?": "No", "Mother Project Name": null, "Geographic Level": "Cadastre (CAD+ACS)", "Coordinates (Lat)": "34.52783", "Coordinates (Long)": "36.239838", "Governorate": "Akkar", "District": "AkkarDistrict", "Cadaster": "Aakkar El-Aatiqa", "Municipality Name": "Aakkar El Attiqa", "Union of Municipalities (UoM)": "UOM Mintaqat El Joumeh Akkar", "UNDP Focal Point": "N. Gharib (PM), R.Baddour", "National Counterpart\n(Institutional Title)": "MoEW", "Counterpart Type": "Government", "CPD Output No.": "3.1", "Strategic Plan 2026-2029\nActivity / Output No.": "A4.2.1", "Gender Marker": "GEN0", "Remarks / Notes": "Irrigaiton canals are property of the  MoEW thus put \"Environmental Work\" for Type of Activity.\n\nThe activity contributes to CPD Output 2.2 via short-term job creation." }, "geometry": { "type": "Point", "coordinates": [ 36.239838, 34.52783 ] } },
{ "type": "Feature", "properties": { "REF": 21, "Project ID (Quantum)": "00088194", "Project Name": "Increasing access to water", "Programme": "Green Inclusive Program (GID)", "Start Date": "01/01/2014", "End Date": "30/12/2028", "Project Status": "Ongoing", "Output / Activity No.\n(per ProDoc results framework)": "1.1", "Full Activity Name": "Labour-intensive rehabilitation of agricultural irrigation canal at West Baalbeck Main Canal (Boudai, Saaydeh, Kfardane, Chlifa, Flewa, Btedai, Deir Al Ahmar) (2021, KfW Phase 1)", "Activity Description": "Water network rehabilitation", "Type of Activity": "Environmental works", "Mother Project?": "No", "Mother Project Name": null, "Geographic Level": "Cadastre (CAD+ACS)", "Coordinates (Lat)": "34.061033", "Coordinates (Long)": "36.055349", "Governorate": "BaalbekElHermel", "District": "Baalbek", "Cadaster": "Bouday", "Municipality Name": "Boudai - Aallaq and Flaoui and Mazraat al Ramassy", "Union of Municipalities (UoM)": "UOM El Challal", "UNDP Focal Point": "N. Gharib (PM), M.Taleb", "National Counterpart\n(Institutional Title)": "MoEW", "Counterpart Type": "Government", "CPD Output No.": "3.1", "Strategic Plan 2026-2029\nActivity / Output No.": "A4.2.1", "Gender Marker": "GEN0", "Remarks / Notes": "Irrigaiton canals are property of the  MoEW thus put \"Environmental Work\" for Type of Activity.\n\nThe activity contributes to CPD Output 2.2 via short-term job creation." }, "geometry": { "type": "Point", "coordinates": [ 36.055349, 34.061033 ] } },
{ "type": "Feature", "properties": { "REF": 22, "Project ID (Quantum)": "00088194", "Project Name": "Increasing access to water", "Programme": "Green Inclusive Program (GID)", "Start Date": "01/01/2014", "End Date": "30/12/2028", "Project Status": "Ongoing", "Output / Activity No.\n(per ProDoc results framework)": "1.1", "Full Activity Name": "Labour-intensive rehabilitation of agricultural irrigation canal at West Baalbeck Main Canal (Boudai, Saaydeh, Kfardane, Chlifa, Flewa, Btedai, Deir Al Ahmar) (2021, KfW Phase 1)", "Activity Description": "Water network rehabilitation", "Type of Activity": "Environmental works", "Mother Project?": "No", "Mother Project Name": null, "Geographic Level": "Cadastre (CAD+ACS)", "Coordinates (Lat)": "34.026064", "Coordinates (Long)": "36.074613", "Governorate": "BaalbekElHermel", "District": "Baalbek", "Cadaster": "Saaide", "Municipality Name": "Saaide", "Union of Municipalities (UoM)": "UOM El Challal", "UNDP Focal Point": "N. Gharib (PM), M.Taleb", "National Counterpart\n(Institutional Title)": "MoEW", "Counterpart Type": "Government", "CPD Output No.": "3.1", "Strategic Plan 2026-2029\nActivity / Output No.": "A4.2.1", "Gender Marker": "GEN0", "Remarks / Notes": "Irrigaiton canals are property of the  MoEW thus put \"Environmental Work\" for Type of Activity.\n\nThe activity contributes to CPD Output 2.2 via short-term job creation." }, "geometry": { "type": "Point", "coordinates": [ 36.074613, 34.026064 ] } },
{ "type": "Feature", "properties": { "REF": 23, "Project ID (Quantum)": "00088194", "Project Name": "Increasing access to water", "Programme": "Green Inclusive Program (GID)", "Start Date": "01/01/2014", "End Date": "30/12/2028", "Project Status": "Ongoing", "Output / Activity No.\n(per ProDoc results framework)": "1.1", "Full Activity Name": "Labour-intensive rehabilitation of agricultural irrigation canal at West Baalbeck Main Canal (Boudai, Saaydeh, Kfardane, Chlifa, Flewa, Btedai, Deir Al Ahmar) (2021, KfW Phase 1)", "Activity Description": "Water network rehabilitation", "Type of Activity": "Environmental works", "Mother Project?": "No", "Mother Project Name": null, "Geographic Level": "Cadastre (CAD+ACS)", "Coordinates (Lat)": "34.014235", "Coordinates (Long)": "36.058653", "Governorate": "BaalbekElHermel", "District": "Baalbek", "Cadaster": "Kfar Dane", "Municipality Name": "Kfar Dane", "Union of Municipalities (UoM)": "No Union", "UNDP Focal Point": "N. Gharib (PM), M.Taleb", "National Counterpart\n(Institutional Title)": "MoEW", "Counterpart Type": "Government", "CPD Output No.": "3.1", "Strategic Plan 2026-2029\nActivity / Output No.": "A4.2.1", "Gender Marker": "GEN0", "Remarks / Notes": "Irrigaiton canals are property of the  MoEW thus put \"Environmental Work\" for Type of Activity.\n\nThe activity contributes to CPD Output 2.2 via short-term job creation." }, "geometry": { "type": "Point", "coordinates": [ 36.058653, 34.014235 ] } },
{ "type": "Feature", "properties": { "REF": 24, "Project ID (Quantum)": "00088194", "Project Name": "Increasing access to water", "Programme": "Green Inclusive Program (GID)", "Start Date": "01/01/2014", "End Date": "30/12/2028", "Project Status": "Ongoing", "Output / Activity No.\n(per ProDoc results framework)": "1.1", "Full Activity Name": "Labour-intensive rehabilitation of agricultural irrigation canal at West Baalbeck Main Canal (Boudai, Saaydeh, Kfardane, Chlifa, Flewa, Btedai, Deir Al Ahmar) (2021, KfW Phase 1)", "Activity Description": "Water network rehabilitation", "Type of Activity": "Environmental works", "Mother Project?": "No", "Mother Project Name": null, "Geographic Level": "Cadastre (CAD+ACS)", "Coordinates (Lat)": "34.082646", "Coordinates (Long)": "36.101185", "Governorate": "BaalbekElHermel", "District": "Baalbek", "Cadaster": "Chlifa", "Municipality Name": "Chlifa", "Union of Municipalities (UoM)": "No Union", "UNDP Focal Point": "N. Gharib (PM), M.Taleb", "National Counterpart\n(Institutional Title)": "MoEW", "Counterpart Type": "Government", "CPD Output No.": "3.1", "Strategic Plan 2026-2029\nActivity / Output No.": "A4.2.1", "Gender Marker": "GEN0", "Remarks / Notes": "Irrigaiton canals are property of the  MoEW thus put \"Environmental Work\" for Type of Activity.\n\nThe activity contributes to CPD Output 2.2 via short-term job creation." }, "geometry": { "type": "Point", "coordinates": [ 36.101185, 34.082646 ] } },
{ "type": "Feature", "properties": { "REF": 25, "Project ID (Quantum)": "00088194", "Project Name": "Increasing access to water", "Programme": "Green Inclusive Program (GID)", "Start Date": "01/01/2014", "End Date": "30/12/2028", "Project Status": "Ongoing", "Output / Activity No.\n(per ProDoc results framework)": "1.1", "Full Activity Name": "Labour-intensive rehabilitation of agricultural irrigation canal at West Baalbeck Main Canal (Boudai, Saaydeh, Kfardane, Chlifa, Flewa, Btedai, Deir Al Ahmar) (2021, KfW Phase 1)", "Activity Description": "Water network rehabilitation", "Type of Activity": "Environmental works", "Mother Project?": "No", "Mother Project Name": null, "Geographic Level": "Cadastre (CAD+ACS)", "Coordinates (Lat)": "34.109339", "Coordinates (Long)": "36.099269", "Governorate": "BaalbekElHermel", "District": "Baalbek", "Cadaster": "Btedaai", "Municipality Name": "Betdaai", "Union of Municipalities (UoM)": "UOM Mintaqat Deir El Ahmar", "UNDP Focal Point": "N. Gharib (PM), M.Taleb", "National Counterpart\n(Institutional Title)": "MoEW", "Counterpart Type": "Government", "CPD Output No.": "3.1", "Strategic Plan 2026-2029\nActivity / Output No.": "A4.2.1", "Gender Marker": "GEN0", "Remarks / Notes": "Irrigaiton canals are property of the  MoEW thus put \"Environmental Work\" for Type of Activity.\n\nThe activity contributes to CPD Output 2.2 via short-term job creation." }, "geometry": { "type": "Point", "coordinates": [ 36.099269, 34.109339 ] } },
{ "type": "Feature", "properties": { "REF": 26, "Project ID (Quantum)": "00088194", "Project Name": "Increasing access to water", "Programme": "Green Inclusive Program (GID)", "Start Date": "01/01/2014", "End Date": "30/12/2028", "Project Status": "Ongoing", "Output / Activity No.\n(per ProDoc results framework)": "1.1", "Full Activity Name": "Labour-intensive rehabilitation of agricultural irrigation canal at West Baalbeck Main Canal (Boudai, Saaydeh, Kfardane, Chlifa, Flewa, Btedai, Deir Al Ahmar) (2021, KfW Phase 1)", "Activity Description": "Water network rehabilitation", "Type of Activity": "Environmental works", "Mother Project?": "No", "Mother Project Name": null, "Geographic Level": "Cadastre (CAD+ACS)", "Coordinates (Lat)": "34.122913", "Coordinates (Long)": "36.120002", "Governorate": "BaalbekElHermel", "District": "Baalbek", "Cadaster": "Deir El-Ahmar", "Municipality Name": "Deir El Ahmar", "Union of Municipalities (UoM)": "UOM Mintaqat Deir El Ahmar", "UNDP Focal Point": "N. Gharib (PM), M.Taleb", "National Counterpart\n(Institutional Title)": "MoEW", "Counterpart Type": "Government", "CPD Output No.": "3.1", "Strategic Plan 2026-2029\nActivity / Output No.": "A4.2.1", "Gender Marker": "GEN0", "Remarks / Notes": "Irrigaiton canals are property of the  MoEW thus put \"Environmental Work\" for Type of Activity.\n\nThe activity contributes to CPD Output 2.2 via short-term job creation." }, "geometry": { "type": "Point", "coordinates": [ 36.120002, 34.122913 ] } },
{ "type": "Feature", "properties": { "REF": 27, "Project ID (Quantum)": "00088194", "Project Name": "Increasing access to water", "Programme": "Green Inclusive Program (GID)", "Start Date": "01/01/2014", "End Date": "30/12/2028", "Project Status": "Ongoing", "Output / Activity No.\n(per ProDoc results framework)": "1.1", "Full Activity Name": "Labour-intensive rehabilitation of agricultural irrigation canal at Qlayaat (Qleiaat Aakkar) (2020, KfW Phase 2)", "Activity Description": "Water network rehabilitation", "Type of Activity": "Environmental works", "Mother Project?": "No", "Mother Project Name": null, "Geographic Level": "Cadastre (CAD+ACS)", "Coordinates (Lat)": "34.591773", "Coordinates (Long)": "36.006307", "Governorate": "Akkar", "District": "AkkarDistrict", "Cadaster": "Qleiaat Aakkar", "Municipality Name": "El Qlaiaat", "Union of Municipalities (UoM)": "UOM Sahel Akkar", "UNDP Focal Point": "N. Gharib (PM), R.Baddour", "National Counterpart\n(Institutional Title)": "MoEW", "Counterpart Type": "Government", "CPD Output No.": "3.1", "Strategic Plan 2026-2029\nActivity / Output No.": "A4.2.1", "Gender Marker": "GEN0", "Remarks / Notes": "Irrigaiton canals are property of the  MoEW thus put \"Environmental Work\" for Type of Activity.\n\nThe activity contributes to CPD Output 2.2 via short-term job creation." }, "geometry": { "type": "Point", "coordinates": [ 36.006307, 34.591773 ] } },
{ "type": "Feature", "properties": { "REF": 28, "Project ID (Quantum)": "00088194", "Project Name": "Increasing access to water", "Programme": "Green Inclusive Program (GID)", "Start Date": "01/01/2014", "End Date": "30/12/2028", "Project Status": "Ongoing", "Output / Activity No.\n(per ProDoc results framework)": "1.1", "Full Activity Name": "Labour-intensive rehabilitation of agricultural irrigation canal at Hasbaya (2020, KfW Phase 2)", "Activity Description": "Water network rehabilitation", "Type of Activity": "Environmental works", "Mother Project?": "No", "Mother Project Name": null, "Geographic Level": "Cadastre (CAD+ACS)", "Coordinates (Lat)": "33.411411", "Coordinates (Long)": "35.673358", "Governorate": "ElNabatieh", "District": "Hasbaya", "Cadaster": "Hasbaiya", "Municipality Name": "Hasbaiya", "Union of Municipalities (UoM)": "No Union", "UNDP Focal Point": "N. Gharib (PM), J. Abiyad", "National Counterpart\n(Institutional Title)": "MoEW", "Counterpart Type": "Government", "CPD Output No.": "3.1", "Strategic Plan 2026-2029\nActivity / Output No.": "A4.2.1", "Gender Marker": "GEN0", "Remarks / Notes": "Irrigaiton canals are property of the  MoEW thus put \"Environmental Work\" for Type of Activity.\n\nThe activity contributes to CPD Output 2.2 via short-term job creation." }, "geometry": { "type": "Point", "coordinates": [ 35.673358, 33.411411 ] } },
{ "type": "Feature", "properties": { "REF": 29, "Project ID (Quantum)": "00088194", "Project Name": "Increasing access to water", "Programme": "Green Inclusive Program (GID)", "Start Date": "01/01/2014", "End Date": "30/12/2028", "Project Status": "Ongoing", "Output / Activity No.\n(per ProDoc results framework)": "1.1", "Full Activity Name": "Labour-intensive rehabilitation of agricultural irrigation canal at Boudai (2020, KfW Phase 2)", "Activity Description": "Water network rehabilitation", "Type of Activity": "Environmental works", "Mother Project?": "No", "Mother Project Name": null, "Geographic Level": "Cadastre (CAD+ACS)", "Coordinates (Lat)": "34.061033", "Coordinates (Long)": "36.055349", "Governorate": "BaalbekElHermel", "District": "Baalbek", "Cadaster": "Bouday", "Municipality Name": "Boudai - Aallaq and Flaoui and Mazraat al Ramassy", "Union of Municipalities (UoM)": "UOM El Challal", "UNDP Focal Point": "N. Gharib (PM), M.Taleb", "National Counterpart\n(Institutional Title)": "MoEW", "Counterpart Type": "Government", "CPD Output No.": "3.1", "Strategic Plan 2026-2029\nActivity / Output No.": "A4.2.1", "Gender Marker": "GEN0", "Remarks / Notes": "Irrigaiton canals are property of the  MoEW thus put \"Environmental Work\" for Type of Activity.\n\nThe activity contributes to CPD Output 2.2 via short-term job creation." }, "geometry": { "type": "Point", "coordinates": [ 36.055349, 34.061033 ] } },
{ "type": "Feature", "properties": { "REF": 30, "Project ID (Quantum)": "00088194", "Project Name": "Increasing access to water", "Programme": "Green Inclusive Program (GID)", "Start Date": "01/01/2014", "End Date": "30/12/2028", "Project Status": "Ongoing", "Output / Activity No.\n(per ProDoc results framework)": "1.1", "Full Activity Name": "Labour-intensive rehabilitation of agricultural irrigation canal at Boudai (2020, KfW Phase 2)", "Activity Description": "Water network rehabilitation", "Type of Activity": "Environmental works", "Mother Project?": "No", "Mother Project Name": null, "Geographic Level": "Cadastre (CAD+ACS)", "Coordinates (Lat)": "34.189929", "Coordinates (Long)": "36.346917", "Governorate": "BaalbekElHermel", "District": "Baalbek", "Cadaster": "Laboue", "Municipality Name": "Laboue and Toufiqiye", "Union of Municipalities (UoM)": "UOM Chamal Baalbek", "UNDP Focal Point": "N. Gharib (PM), M.Taleb", "National Counterpart\n(Institutional Title)": "MoEW", "Counterpart Type": "Government", "CPD Output No.": "3.1", "Strategic Plan 2026-2029\nActivity / Output No.": "A4.2.1", "Gender Marker": "GEN0", "Remarks / Notes": "Irrigaiton canals are property of the  MoEW thus put \"Environmental Work\" for Type of Activity.\n\nThe activity contributes to CPD Output 2.2 via short-term job creation." }, "geometry": { "type": "Point", "coordinates": [ 36.346917, 34.189929 ] } },
{ "type": "Feature", "properties": { "REF": 31, "Project ID (Quantum)": "00088194", "Project Name": "Increasing access to water", "Programme": "Green Inclusive Program (GID)", "Start Date": "01/01/2014", "End Date": "30/12/2028", "Project Status": "Ongoing", "Output / Activity No.\n(per ProDoc results framework)": "1.1", "Full Activity Name": "Labour-intensive rehabilitation of agricultural irrigation canal at Meryata (2020, KfW Phase 2)", "Activity Description": "Water network rehabilitation", "Type of Activity": "Environmental works", "Mother Project?": "No", "Mother Project Name": null, "Geographic Level": "Cadastre (CAD+ACS)", "Coordinates (Lat)": "34.419444", "Coordinates (Long)": "35.929001", "Governorate": "North", "District": "Zgharta", "Cadaster": "Miriata", "Municipality Name": "Miryata - El Qadriye", "Union of Municipalities (UoM)": "No Union", "UNDP Focal Point": "N. Gharib (PM), R.Baddour", "National Counterpart\n(Institutional Title)": "MoEW", "Counterpart Type": "Government", "CPD Output No.": "3.1", "Strategic Plan 2026-2029\nActivity / Output No.": "A4.2.1", "Gender Marker": "GEN0", "Remarks / Notes": "Irrigaiton canals are property of the  MoEW thus put \"Environmental Work\" for Type of Activity.\n\nThe activity contributes to CPD Output 2.2 via short-term job creation." }, "geometry": { "type": "Point", "coordinates": [ 35.929001, 34.419444 ] } },
{ "type": "Feature", "properties": { "REF": 32, "Project ID (Quantum)": "00088194", "Project Name": "Increasing access to water", "Programme": "Green Inclusive Program (GID)", "Start Date": "01/01/2014", "End Date": "30/12/2028", "Project Status": "Ongoing", "Output / Activity No.\n(per ProDoc results framework)": "1.1", "Full Activity Name": "Labour-intensive rehabilitation of agricultural irrigation canal at Kfarhabou & Bakhoun (2021, KfW Phase 2)", "Activity Description": "Water network rehabilitation", "Type of Activity": "Environmental works", "Mother Project?": "No", "Mother Project Name": null, "Geographic Level": "Cadastre (CAD+ACS)", "Coordinates (Lat)": "34.635451", "Coordinates (Long)": "35.984845", "Governorate": "North", "District": "ElMiniehDennie", "Cadaster": "Kharroub-Miniye", "Municipality Name": "No Municipality", "Union of Municipalities (UoM)": "No Municipality", "UNDP Focal Point": "N. Gharib (PM), R.Baddour", "National Counterpart\n(Institutional Title)": "MoEW", "Counterpart Type": "Government", "CPD Output No.": "3.1", "Strategic Plan 2026-2029\nActivity / Output No.": "A4.2.1", "Gender Marker": "GEN0", "Remarks / Notes": "Irrigaiton canals are property of the  MoEW thus put \"Environmental Work\" for Type of Activity.\n\nThe activity contributes to CPD Output 2.2 via short-term job creation." }, "geometry": { "type": "Point", "coordinates": [ 35.984845, 34.635451 ] } },
{ "type": "Feature", "properties": { "REF": 33, "Project ID (Quantum)": "00088194", "Project Name": "Increasing access to water", "Programme": "Green Inclusive Program (GID)", "Start Date": "01/01/2014", "End Date": "30/12/2028", "Project Status": "Ongoing", "Output / Activity No.\n(per ProDoc results framework)": "1.1", "Full Activity Name": "Labour-intensive rehabilitation of agricultural irrigation canal at Kfarhabou & Bakhoun (2021, KfW Phase 2)", "Activity Description": "Water network rehabilitation", "Type of Activity": "Environmental works", "Mother Project?": "No", "Mother Project Name": null, "Geographic Level": "Cadastre (CAD+ACS)", "Coordinates (Lat)": "34.415574", "Coordinates (Long)": "36.008447", "Governorate": "North", "District": "ElMiniehDennie", "Cadaster": "Bakhaaoun", "Municipality Name": "Bakhaoun", "Union of Municipalities (UoM)": "UOM El Donnieh", "UNDP Focal Point": "N. Gharib (PM), R.Baddour", "National Counterpart\n(Institutional Title)": "MoEW", "Counterpart Type": "Government", "CPD Output No.": "3.1", "Strategic Plan 2026-2029\nActivity / Output No.": "A4.2.1", "Gender Marker": "GEN0", "Remarks / Notes": "Irrigaiton canals are property of the  MoEW thus put \"Environmental Work\" for Type of Activity.\n\nThe activity contributes to CPD Output 2.2 via short-term job creation." }, "geometry": { "type": "Point", "coordinates": [ 36.008447, 34.415574 ] } },
{ "type": "Feature", "properties": { "REF": 34, "Project ID (Quantum)": "00088194", "Project Name": "Increasing access to water", "Programme": "Green Inclusive Program (GID)", "Start Date": "01/01/2014", "End Date": "30/12/2028", "Project Status": "Ongoing", "Output / Activity No.\n(per ProDoc results framework)": "1.1", "Full Activity Name": "Labour-intensive rehabilitation of agricultural irrigation canal at Qobbet Chamra (2021, KfW Phase 2)", "Activity Description": "Water network rehabilitation", "Type of Activity": "Environmental works", "Mother Project?": "No", "Mother Project Name": null, "Geographic Level": "Cadastre (CAD+ACS)", "Coordinates (Lat)": "34.537409", "Coordinates (Long)": "35.995261", "Governorate": "Akkar", "District": "AkkarDistrict", "Cadaster": "Qoubber Chamra", "Municipality Name": "Qoubbet Chamra - Semmaqli", "Union of Municipalities (UoM)": "UOM Ouassat Oua Sahil El Qaytaa", "UNDP Focal Point": "N. Gharib (PM), R.Baddour", "National Counterpart\n(Institutional Title)": "MoEW", "Counterpart Type": "Government", "CPD Output No.": "3.1", "Strategic Plan 2026-2029\nActivity / Output No.": "A4.2.1", "Gender Marker": "GEN0", "Remarks / Notes": "Irrigaiton canals are property of the  MoEW thus put \"Environmental Work\" for Type of Activity.\n\nThe activity contributes to CPD Output 2.2 via short-term job creation." }, "geometry": { "type": "Point", "coordinates": [ 35.995261, 34.537409 ] } },
{ "type": "Feature", "properties": { "REF": 35, "Project ID (Quantum)": "00088194", "Project Name": "Increasing access to water", "Programme": "Green Inclusive Program (GID)", "Start Date": "01/01/2014", "End Date": "30/12/2028", "Project Status": "Ongoing", "Output / Activity No.\n(per ProDoc results framework)": "1.1", "Full Activity Name": "Labour-intensive rehabilitation of agricultural irrigation canal at Hermel (2021, KfW Phase 2)", "Activity Description": "Water network rehabilitation", "Type of Activity": "Environmental works", "Mother Project?": "No", "Mother Project Name": null, "Geographic Level": "Cadastre (CAD+ACS)", "Coordinates (Lat)": "34.434428", "Coordinates (Long)": "36.420128", "Governorate": "BaalbekElHermel", "District": "ElHermel", "Cadaster": "Hermel", "Municipality Name": "Hermel and Qasr and Kouakh and Chouaghir", "Union of Municipalities (UoM)": "UOM El Hermel", "UNDP Focal Point": "N. Gharib (PM), M.Taleb", "National Counterpart\n(Institutional Title)": "MoEW", "Counterpart Type": "Government", "CPD Output No.": "3.1", "Strategic Plan 2026-2029\nActivity / Output No.": "A4.2.1", "Gender Marker": "GEN0", "Remarks / Notes": "Irrigaiton canals are property of the  MoEW thus put \"Environmental Work\" for Type of Activity.\n\nThe activity contributes to CPD Output 2.2 via short-term job creation." }, "geometry": { "type": "Point", "coordinates": [ 36.420128, 34.434428 ] } },
{ "type": "Feature", "properties": { "REF": 36, "Project ID (Quantum)": "00088194", "Project Name": "Increasing access to water", "Programme": "Green Inclusive Program (GID)", "Start Date": "01/01/2014", "End Date": "30/12/2028", "Project Status": "Ongoing", "Output / Activity No.\n(per ProDoc results framework)": "1.1", "Full Activity Name": "Labour-intensive rehabilitation of agricultural irrigation canal at Haouch Er-Rafqa (2021, KfW Phase 2)", "Activity Description": "Water network rehabilitation", "Type of Activity": "Environmental works", "Mother Project?": "No", "Mother Project Name": null, "Geographic Level": "Cadastre (CAD+ACS)", "Coordinates (Lat)": "33.904194", "Coordinates (Long)": "36.048381", "Governorate": "BaalbekElHermel", "District": "Baalbek", "Cadaster": "Haouch Er-Rafqa", "Municipality Name": "Houch Er Rafqa", "Union of Municipalities (UoM)": "UOM Gharbi Baalbek", "UNDP Focal Point": "N. Gharib (PM), M.Taleb", "National Counterpart\n(Institutional Title)": "MoEW", "Counterpart Type": "Government", "CPD Output No.": "3.1", "Strategic Plan 2026-2029\nActivity / Output No.": "A4.2.1", "Gender Marker": "GEN0", "Remarks / Notes": "Irrigaiton canals are property of the  MoEW thus put \"Environmental Work\" for Type of Activity.\n\nThe activity contributes to CPD Output 2.2 via short-term job creation." }, "geometry": { "type": "Point", "coordinates": [ 36.048381, 33.904194 ] } },
{ "type": "Feature", "properties": { "REF": 37, "Project ID (Quantum)": "00088194", "Project Name": "Increasing access to water", "Programme": "Green Inclusive Program (GID)", "Start Date": "01/01/2014", "End Date": "30/12/2028", "Project Status": "Ongoing", "Output / Activity No.\n(per ProDoc results framework)": "1.1", "Full Activity Name": "Labour-intensive rehabilitation of agricultural irrigation canal at Ras Baalbek (2022, KfW Phase 2)", "Activity Description": "Water network rehabilitation", "Type of Activity": "Environmental works", "Mother Project?": "No", "Mother Project Name": null, "Geographic Level": "Cadastre (CAD+ACS)", "Coordinates (Lat)": "34.295088", "Coordinates (Long)": "36.409396", "Governorate": "BaalbekElHermel", "District": "Baalbek", "Cadaster": "Ras Baalbek Es-Sahel", "Municipality Name": "Ras Baalbek", "Union of Municipalities (UoM)": "No Union", "UNDP Focal Point": "N. Gharib (PM), M.Taleb", "National Counterpart\n(Institutional Title)": "MoEW", "Counterpart Type": "Government", "CPD Output No.": "3.1", "Strategic Plan 2026-2029\nActivity / Output No.": "A4.2.1", "Gender Marker": "GEN0", "Remarks / Notes": "Irrigaiton canals are property of the  MoEW thus put \"Environmental Work\" for Type of Activity.\n\nThe activity contributes to CPD Output 2.2 via short-term job creation." }, "geometry": { "type": "Point", "coordinates": [ 36.409396, 34.295088 ] } },
{ "type": "Feature", "properties": { "REF": 38, "Project ID (Quantum)": "00088194", "Project Name": "Increasing access to water", "Programme": "Green Inclusive Program (GID)", "Start Date": "01/01/2014", "End Date": "30/12/2028", "Project Status": "Ongoing", "Output / Activity No.\n(per ProDoc results framework)": "1.1", "Full Activity Name": "Labour-intensive rehabilitation of agricultural irrigation canal at Ras Baalbek (2022, KfW Phase 2)", "Activity Description": "Water network rehabilitation", "Type of Activity": "Environmental works", "Mother Project?": "No", "Mother Project Name": null, "Geographic Level": "Cadastre (CAD+ACS)", "Coordinates (Lat)": "34.295088", "Coordinates (Long)": "36.409396", "Governorate": "BaalbekElHermel", "District": "Baalbek", "Cadaster": "Ras Baalbek Ech-Charqi", "Municipality Name": "Ras Baalbek", "Union of Municipalities (UoM)": "No Union", "UNDP Focal Point": "N. Gharib (PM), M.Taleb", "National Counterpart\n(Institutional Title)": "MoEW", "Counterpart Type": "Government", "CPD Output No.": "3.1", "Strategic Plan 2026-2029\nActivity / Output No.": "A4.2.1", "Gender Marker": "GEN0", "Remarks / Notes": "Irrigaiton canals are property of the  MoEW thus put \"Environmental Work\" for Type of Activity.\n\nThe activity contributes to CPD Output 2.2 via short-term job creation." }, "geometry": { "type": "Point", "coordinates": [ 36.409396, 34.295088 ] } },
{ "type": "Feature", "properties": { "REF": 39, "Project ID (Quantum)": "00088194", "Project Name": "Increasing access to water", "Programme": "Green Inclusive Program (GID)", "Start Date": "01/01/2014", "End Date": "30/12/2028", "Project Status": "Ongoing", "Output / Activity No.\n(per ProDoc results framework)": "1.1", "Full Activity Name": "Labour-intensive rehabilitation of agricultural irrigation canal at Chmistar & Taraya(2022, KfW Phase 2)", "Activity Description": "Water network rehabilitation", "Type of Activity": "Environmental works", "Mother Project?": "No", "Mother Project Name": null, "Geographic Level": "Cadastre (CAD+ACS)", "Coordinates (Lat)": "33.965851", "Coordinates (Long)": "35.998679", "Governorate": "BaalbekElHermel", "District": "Baalbek", "Cadaster": "Chmistar", "Municipality Name": "Chmistar", "Union of Municipalities (UoM)": "UOM Gharbi Baalbek", "UNDP Focal Point": "N. Gharib (PM), M.Taleb", "National Counterpart\n(Institutional Title)": "MoEW", "Counterpart Type": "Government", "CPD Output No.": "3.1", "Strategic Plan 2026-2029\nActivity / Output No.": "A4.2.1", "Gender Marker": "GEN0", "Remarks / Notes": "Irrigaiton canals are property of the  MoEW thus put \"Environmental Work\" for Type of Activity.\n\nThe activity contributes to CPD Output 2.2 via short-term job creation." }, "geometry": { "type": "Point", "coordinates": [ 35.998679, 33.965851 ] } },
{ "type": "Feature", "properties": { "REF": 40, "Project ID (Quantum)": "00088194", "Project Name": "Increasing access to water", "Programme": "Green Inclusive Program (GID)", "Start Date": "01/01/2014", "End Date": "30/12/2028", "Project Status": "Ongoing", "Output / Activity No.\n(per ProDoc results framework)": "1.1", "Full Activity Name": "Labour-intensive rehabilitation of agricultural irrigation canal at Chmistar & Taraya(2022, KfW Phase 2)", "Activity Description": "Water network rehabilitation", "Type of Activity": "Environmental works", "Mother Project?": "No", "Mother Project Name": null, "Geographic Level": "Cadastre (CAD+ACS)", "Coordinates (Lat)": "33.990842", "Coordinates (Long)": "35.996638", "Governorate": "BaalbekElHermel", "District": "Baalbek", "Cadaster": "Taraiya", "Municipality Name": "Taraiya and Mazraat Al Souaydane", "Union of Municipalities (UoM)": "UOM Gharbi Baalbek", "UNDP Focal Point": "N. Gharib (PM), M.Taleb", "National Counterpart\n(Institutional Title)": "MoEW", "Counterpart Type": "Government", "CPD Output No.": "3.1", "Strategic Plan 2026-2029\nActivity / Output No.": "A4.2.1", "Gender Marker": "GEN0", "Remarks / Notes": "Irrigaiton canals are property of the  MoEW thus put \"Environmental Work\" for Type of Activity.\n\nThe activity contributes to CPD Output 2.2 via short-term job creation." }, "geometry": { "type": "Point", "coordinates": [ 35.996638, 33.990842 ] } },
{ "type": "Feature", "properties": { "REF": 41, "Project ID (Quantum)": "00088194", "Project Name": "Increasing access to water", "Programme": "Green Inclusive Program (GID)", "Start Date": "01/01/2014", "End Date": "30/12/2028", "Project Status": "Ongoing", "Output / Activity No.\n(per ProDoc results framework)": "1.1", "Full Activity Name": "Labour-intensive rehabilitation of agricultural irrigation canal at El Qaa (2022, KfW Phase 2)", "Activity Description": "Water network rehabilitation", "Type of Activity": "Environmental works", "Mother Project?": "No", "Mother Project Name": null, "Geographic Level": "Cadastre (CAD+ACS)", "Coordinates (Lat)": "34.333551", "Coordinates (Long)": "36.457841", "Governorate": "BaalbekElHermel", "District": "Baalbek", "Cadaster": "Qaa Baalbek", "Municipality Name": "El Qaa", "Union of Municipalities (UoM)": "No Union", "UNDP Focal Point": "N. Gharib (PM), M.Taleb", "National Counterpart\n(Institutional Title)": "MoEW", "Counterpart Type": "Government", "CPD Output No.": "3.1", "Strategic Plan 2026-2029\nActivity / Output No.": "A4.2.1", "Gender Marker": "GEN0", "Remarks / Notes": "Irrigaiton canals are property of the  MoEW thus put \"Environmental Work\" for Type of Activity.\n\nThe activity contributes to CPD Output 2.2 via short-term job creation." }, "geometry": { "type": "Point", "coordinates": [ 36.457841, 34.333551 ] } },
{ "type": "Feature", "properties": { "REF": 42, "Project ID (Quantum)": "00088194", "Project Name": "Increasing access to water", "Programme": "Green Inclusive Program (GID)", "Start Date": "01/01/2014", "End Date": "30/12/2028", "Project Status": "Ongoing", "Output / Activity No.\n(per ProDoc results framework)": "1.1", "Full Activity Name": "Labour-intensive rehabilitation of agricultural irrigation canal at Laboueh (2022, KfW Phase 2)", "Activity Description": "Water network rehabilitation", "Type of Activity": "Environmental works", "Mother Project?": "No", "Mother Project Name": null, "Geographic Level": "Cadastre (CAD+ACS)", "Coordinates (Lat)": "34.189929", "Coordinates (Long)": "36.346917", "Governorate": "BaalbekElHermel", "District": "Baalbek", "Cadaster": "Laboue", "Municipality Name": "Laboue and Toufiqiye", "Union of Municipalities (UoM)": "UOM Chamal Baalbek", "UNDP Focal Point": "N. Gharib (PM), M.Taleb", "National Counterpart\n(Institutional Title)": "MoEW", "Counterpart Type": "Government", "CPD Output No.": "3.1", "Strategic Plan 2026-2029\nActivity / Output No.": "A4.2.1", "Gender Marker": "GEN0", "Remarks / Notes": "Irrigaiton canals are property of the  MoEW thus put \"Environmental Work\" for Type of Activity.\n\nThe activity contributes to CPD Output 2.2 via short-term job creation." }, "geometry": { "type": "Point", "coordinates": [ 36.346917, 34.189929 ] } },
{ "type": "Feature", "properties": { "REF": 43, "Project ID (Quantum)": "00088194", "Project Name": "Increasing access to water", "Programme": "Green Inclusive Program (GID)", "Start Date": "01/01/2014", "End Date": "30/12/2028", "Project Status": "Ongoing", "Output / Activity No.\n(per ProDoc results framework)": "1.1", "Full Activity Name": "Labour-intensive rehabilitation of agricultural irrigation canal at Fekha (2022, KfW Phase 2)", "Activity Description": "Water network rehabilitation", "Type of Activity": "Environmental works", "Mother Project?": "No", "Mother Project Name": null, "Geographic Level": "Cadastre (CAD+ACS)", "Coordinates (Lat)": "34.248671", "Coordinates (Long)": "36.385845", "Governorate": "BaalbekElHermel", "District": "Baalbek", "Cadaster": "Fekehe", "Municipality Name": "Fakehe - Jdaide", "Union of Municipalities (UoM)": "No Union", "UNDP Focal Point": "N. Gharib (PM), M.Taleb", "National Counterpart\n(Institutional Title)": "MoEW", "Counterpart Type": "Government", "CPD Output No.": "3.1", "Strategic Plan 2026-2029\nActivity / Output No.": "A4.2.1", "Gender Marker": "GEN0", "Remarks / Notes": "Irrigaiton canals are property of the  MoEW thus put \"Environmental Work\" for Type of Activity.\n\nThe activity contributes to CPD Output 2.2 via short-term job creation." }, "geometry": { "type": "Point", "coordinates": [ 36.385845, 34.248671 ] } },
{ "type": "Feature", "properties": { "REF": 44, "Project ID (Quantum)": "00088194", "Project Name": "Increasing access to water", "Programme": "Green Inclusive Program (GID)", "Start Date": "01/01/2014", "End Date": "30/12/2028", "Project Status": "Ongoing", "Output / Activity No.\n(per ProDoc results framework)": "1.1", "Full Activity Name": "Labour-intensive rehabilitation of agricultural irrigation canal at Deir Al Ahmar (2022, KfW Phase 2)", "Activity Description": "Water network rehabilitation", "Type of Activity": "Environmental works", "Mother Project?": "No", "Mother Project Name": null, "Geographic Level": "Cadastre (CAD+ACS)", "Coordinates (Lat)": "34.122913", "Coordinates (Long)": "36.120002", "Governorate": "BaalbekElHermel", "District": "Baalbek", "Cadaster": "Deir El-Ahmar", "Municipality Name": "Deir El Ahmar", "Union of Municipalities (UoM)": "UOM Mintaqat Deir El Ahmar", "UNDP Focal Point": "N. Gharib (PM), M.Taleb", "National Counterpart\n(Institutional Title)": "MoEW", "Counterpart Type": "Government", "CPD Output No.": "3.1", "Strategic Plan 2026-2029\nActivity / Output No.": "A4.2.1", "Gender Marker": "GEN0", "Remarks / Notes": "Irrigaiton canals are property of the  MoEW thus put \"Environmental Work\" for Type of Activity.\n\nThe activity contributes to CPD Output 2.2 via short-term job creation." }, "geometry": { "type": "Point", "coordinates": [ 36.120002, 34.122913 ] } },
{ "type": "Feature", "properties": { "REF": 45, "Project ID (Quantum)": "00088194", "Project Name": "Increasing access to water", "Programme": "Green Inclusive Program (GID)", "Start Date": "01/01/2014", "End Date": "30/12/2028", "Project Status": "Ongoing", "Output / Activity No.\n(per ProDoc results framework)": "1.1", "Full Activity Name": "Labour-intensive rehabilitation of agricultural irrigation canal at Boudai, Saaideh, & Flewa (2022, KfW Phase 2)", "Activity Description": "Water network rehabilitation", "Type of Activity": "Environmental works", "Mother Project?": "No", "Mother Project Name": null, "Geographic Level": "Cadastre (CAD+ACS)", "Coordinates (Lat)": "34.061033", "Coordinates (Long)": "36.055349", "Governorate": "BaalbekElHermel", "District": "Baalbek", "Cadaster": "Bouday", "Municipality Name": "Boudai - Aallaq and Flaoui and Mazraat al Ramassy", "Union of Municipalities (UoM)": "UOM El Challal", "UNDP Focal Point": "N. Gharib (PM), M.Taleb", "National Counterpart\n(Institutional Title)": "MoEW", "Counterpart Type": "Government", "CPD Output No.": "3.1", "Strategic Plan 2026-2029\nActivity / Output No.": "A4.2.1", "Gender Marker": "GEN0", "Remarks / Notes": "Irrigaiton canals are property of the  MoEW thus put \"Environmental Work\" for Type of Activity.\n\nThe activity contributes to CPD Output 2.2 via short-term job creation." }, "geometry": { "type": "Point", "coordinates": [ 36.055349, 34.061033 ] } },
{ "type": "Feature", "properties": { "REF": 46, "Project ID (Quantum)": "00088194", "Project Name": "Increasing access to water", "Programme": "Green Inclusive Program (GID)", "Start Date": "01/01/2014", "End Date": "30/12/2028", "Project Status": "Ongoing", "Output / Activity No.\n(per ProDoc results framework)": "1.1", "Full Activity Name": "Labour-intensive rehabilitation of agricultural irrigation canal at Boudai, Saaideh, & Flewa (2022, KfW Phase 2)", "Activity Description": "Water network rehabilitation", "Type of Activity": "Environmental works", "Mother Project?": "No", "Mother Project Name": null, "Geographic Level": "Cadastre (CAD+ACS)", "Coordinates (Lat)": "34.026064", "Coordinates (Long)": "36.074613", "Governorate": "BaalbekElHermel", "District": "Baalbek", "Cadaster": "Saaide", "Municipality Name": "Saaide", "Union of Municipalities (UoM)": "UOM El Challal", "UNDP Focal Point": "N. Gharib (PM), M.Taleb", "National Counterpart\n(Institutional Title)": "MoEW", "Counterpart Type": "Government", "CPD Output No.": "3.1", "Strategic Plan 2026-2029\nActivity / Output No.": "A4.2.1", "Gender Marker": "GEN0", "Remarks / Notes": "Irrigaiton canals are property of the  MoEW thus put \"Environmental Work\" for Type of Activity.\n\nThe activity contributes to CPD Output 2.2 via short-term job creation." }, "geometry": { "type": "Point", "coordinates": [ 36.074613, 34.026064 ] } },
{ "type": "Feature", "properties": { "REF": 47, "Project ID (Quantum)": "00088194", "Project Name": "Increasing access to water", "Programme": "Green Inclusive Program (GID)", "Start Date": "01/01/2014", "End Date": "30/12/2028", "Project Status": "Ongoing", "Output / Activity No.\n(per ProDoc results framework)": "1.1", "Full Activity Name": "Labour-intensive rehabilitation of agricultural irrigation canal at Dennieh cluster (Assoun Sir, Beqaasefrine, Bakhoun and Kattin) (2022, KfW Phase 2)", "Activity Description": "Water network rehabilitation", "Type of Activity": "Environmental works", "Mother Project?": "No", "Mother Project Name": null, "Geographic Level": "Cadastre (CAD+ACS)", "Coordinates (Lat)": "34.388466", "Coordinates (Long)": "36.007001", "Governorate": "North", "District": "ElMiniehDennie", "Cadaster": "Aassoun", "Municipality Name": "Aassoun", "Union of Municipalities (UoM)": "UOM El Donnieh", "UNDP Focal Point": "N. Gharib (PM), R.Baddour", "National Counterpart\n(Institutional Title)": "MoEW", "Counterpart Type": "Government", "CPD Output No.": "3.1", "Strategic Plan 2026-2029\nActivity / Output No.": "A4.2.1", "Gender Marker": "GEN0", "Remarks / Notes": "Irrigaiton canals are property of the  MoEW thus put \"Environmental Work\" for Type of Activity.\n\nThe activity contributes to CPD Output 2.2 via short-term job creation." }, "geometry": { "type": "Point", "coordinates": [ 36.007001, 34.388466 ] } },
{ "type": "Feature", "properties": { "REF": 48, "Project ID (Quantum)": "00088194", "Project Name": "Increasing access to water", "Programme": "Green Inclusive Program (GID)", "Start Date": "01/01/2014", "End Date": "30/12/2028", "Project Status": "Ongoing", "Output / Activity No.\n(per ProDoc results framework)": "1.1", "Full Activity Name": "Labour-intensive rehabilitation of agricultural irrigation canal at Dennieh cluster (Assoun Sir, Beqaasefrine, Bakhoun and Kattin) (2022, KfW Phase 2)", "Activity Description": "Water network rehabilitation", "Type of Activity": "Environmental works", "Mother Project?": "No", "Mother Project Name": null, "Geographic Level": "Cadastre (CAD+ACS)", "Coordinates (Lat)": "34.322331", "Coordinates (Long)": "36.080041", "Governorate": "North", "District": "ElMiniehDennie", "Cadaster": "Bqaa Sefrine", "Municipality Name": "Bqaa Safrin", "Union of Municipalities (UoM)": "UOM El Donnieh", "UNDP Focal Point": "N. Gharib (PM), R.Baddour", "National Counterpart\n(Institutional Title)": "MoEW", "Counterpart Type": "Government", "CPD Output No.": "3.1", "Strategic Plan 2026-2029\nActivity / Output No.": "A4.2.1", "Gender Marker": "GEN0", "Remarks / Notes": "Irrigaiton canals are property of the  MoEW thus put \"Environmental Work\" for Type of Activity.\n\nThe activity contributes to CPD Output 2.2 via short-term job creation." }, "geometry": { "type": "Point", "coordinates": [ 36.080041, 34.322331 ] } },
{ "type": "Feature", "properties": { "REF": 49, "Project ID (Quantum)": "00088194", "Project Name": "Increasing access to water", "Programme": "Green Inclusive Program (GID)", "Start Date": "01/01/2014", "End Date": "30/12/2028", "Project Status": "Ongoing", "Output / Activity No.\n(per ProDoc results framework)": "1.1", "Full Activity Name": "Labour-intensive rehabilitation of agricultural irrigation canal at Dennieh cluster (Assoun Sir, Beqaasefrine, Bakhoun and Kattin) (2022, KfW Phase 2)", "Activity Description": "Water network rehabilitation", "Type of Activity": "Environmental works", "Mother Project?": "No", "Mother Project Name": null, "Geographic Level": "Cadastre (CAD+ACS)", "Coordinates (Lat)": "34.415574", "Coordinates (Long)": "36.008447", "Governorate": "North", "District": "ElMiniehDennie", "Cadaster": "Bakhaaoun", "Municipality Name": "Bakhaoun", "Union of Municipalities (UoM)": "UOM El Donnieh", "UNDP Focal Point": "N. Gharib (PM), R.Baddour", "National Counterpart\n(Institutional Title)": "MoEW", "Counterpart Type": "Government", "CPD Output No.": "3.1", "Strategic Plan 2026-2029\nActivity / Output No.": "A4.2.1", "Gender Marker": "GEN0", "Remarks / Notes": "Irrigaiton canals are property of the  MoEW thus put \"Environmental Work\" for Type of Activity.\n\nThe activity contributes to CPD Output 2.2 via short-term job creation." }, "geometry": { "type": "Point", "coordinates": [ 36.008447, 34.415574 ] } },
{ "type": "Feature", "properties": { "REF": 50, "Project ID (Quantum)": "00088194", "Project Name": "Increasing access to water", "Programme": "Green Inclusive Program (GID)", "Start Date": "01/01/2014", "End Date": "30/12/2028", "Project Status": "Ongoing", "Output / Activity No.\n(per ProDoc results framework)": "1.1", "Full Activity Name": "Labour-intensive rehabilitation of agricultural irrigation canal at Younie (2022, KfW Phase 2)", "Activity Description": "Water network rehabilitation", "Type of Activity": "Environmental works", "Mother Project?": "No", "Mother Project Name": null, "Geographic Level": "Cadastre (CAD+ACS)", "Coordinates (Lat)": "34.105358", "Coordinates (Long)": "36.27939", "Governorate": "BaalbekElHermel", "District": "Baalbek", "Cadaster": "Youmine", "Municipality Name": "Younine", "Union of Municipalities (UoM)": "UOM Baalbek", "UNDP Focal Point": "N. Gharib (PM), M.Taleb", "National Counterpart\n(Institutional Title)": "MoEW", "Counterpart Type": "Government", "CPD Output No.": "3.1", "Strategic Plan 2026-2029\nActivity / Output No.": "A4.2.1", "Gender Marker": "GEN0", "Remarks / Notes": "Irrigaiton canals are property of the  MoEW thus put \"Environmental Work\" for Type of Activity.\n\nThe activity contributes to CPD Output 2.2 via short-term job creation." }, "geometry": { "type": "Point", "coordinates": [ 36.27939, 34.105358 ] } },
{ "type": "Feature", "properties": { "REF": 51, "Project ID (Quantum)": "00088194", "Project Name": "Increasing access to water", "Programme": "Green Inclusive Program (GID)", "Start Date": "01/01/2014", "End Date": "30/12/2028", "Project Status": "Ongoing", "Output / Activity No.\n(per ProDoc results framework)": "1.1", "Full Activity Name": "Labour-intensive rehabilitation of agricultural irrigation canal at Fnaydeq (2023, KfW Phase 2)", "Activity Description": "Water network rehabilitation", "Type of Activity": "Environmental works", "Mother Project?": "No", "Mother Project Name": null, "Geographic Level": "Cadastre (CAD+ACS)", "Coordinates (Lat)": "34.464108", "Coordinates (Long)": "36.214531", "Governorate": "Akkar", "District": "AkkarDistrict", "Cadaster": "Fnaydeq", "Municipality Name": "Fnaideq", "Union of Municipalities (UoM)": "UOM Jord El Qaytaa", "UNDP Focal Point": "N. Gharib (PM), R.Baddour", "National Counterpart\n(Institutional Title)": "MoEW", "Counterpart Type": "Government", "CPD Output No.": "3.1", "Strategic Plan 2026-2029\nActivity / Output No.": "A4.2.1", "Gender Marker": "GEN0", "Remarks / Notes": "Irrigaiton canals are property of the  MoEW thus put \"Environmental Work\" for Type of Activity.\n\nThe activity contributes to CPD Output 2.2 via short-term job creation." }, "geometry": { "type": "Point", "coordinates": [ 36.214531, 34.464108 ] } },
{ "type": "Feature", "properties": { "REF": 52, "Project ID (Quantum)": "00088194", "Project Name": "Increasing access to water", "Programme": "Green Inclusive Program (GID)", "Start Date": "01/01/2014", "End Date": "30/12/2028", "Project Status": "Ongoing", "Output / Activity No.\n(per ProDoc results framework)": "1.1", "Full Activity Name": "Labour-intensive rehabilitation of agricultural irrigation canal at Mhammara (2023, KfW Phase 2)", "Activity Description": "Water network rehabilitation", "Type of Activity": "Environmental works", "Mother Project?": "No", "Mother Project Name": null, "Geographic Level": "Cadastre (CAD+ACS)", "Coordinates (Lat)": "34.507402", "Coordinates (Long)": "35.968922", "Governorate": "Akkar", "District": "AkkarDistrict", "Cadaster": "Mhammaret", "Municipality Name": "Bebnine - Abde and Mhamra", "Union of Municipalities (UoM)": "UOM Ouassat Oua Sahil El Qaytaa", "UNDP Focal Point": "N. Gharib (PM), R.Baddour", "National Counterpart\n(Institutional Title)": "MoEW", "Counterpart Type": "Government", "CPD Output No.": "3.1", "Strategic Plan 2026-2029\nActivity / Output No.": "A4.2.1", "Gender Marker": "GEN0", "Remarks / Notes": "Irrigaiton canals are property of the  MoEW thus put \"Environmental Work\" for Type of Activity.\n\nThe activity contributes to CPD Output 2.2 via short-term job creation." }, "geometry": { "type": "Point", "coordinates": [ 35.968922, 34.507402 ] } },
{ "type": "Feature", "properties": { "REF": 53, "Project ID (Quantum)": "00088194", "Project Name": "Increasing access to water", "Programme": "Green Inclusive Program (GID)", "Start Date": "01/01/2014", "End Date": "30/12/2028", "Project Status": "Ongoing", "Output / Activity No.\n(per ProDoc results framework)": "1.1", "Full Activity Name": "Labour-intensive rehabilitation of agricultural irrigation canal at Tal Maayan & Tal Hayat (2023, KfW Phase 2)", "Activity Description": "Water network rehabilitation", "Type of Activity": "Environmental works", "Mother Project?": "No", "Mother Project Name": null, "Geographic Level": "Cadastre (CAD+ACS)", "Coordinates (Lat)": "34.59914", "Coordinates (Long)": "36.032859", "Governorate": "Akkar", "District": "AkkarDistrict", "Cadaster": "Tall Meaayan Tall Kiri", "Municipality Name": "Tal Meaayan", "Union of Municipalities (UoM)": "UOM Sahel Akkar", "UNDP Focal Point": "N. Gharib (PM), R.Baddour", "National Counterpart\n(Institutional Title)": "MoEW", "Counterpart Type": "Government", "CPD Output No.": "3.1", "Strategic Plan 2026-2029\nActivity / Output No.": "A4.2.1", "Gender Marker": "GEN0", "Remarks / Notes": "Irrigaiton canals are property of the  MoEW thus put \"Environmental Work\" for Type of Activity.\n\nThe activity contributes to CPD Output 2.2 via short-term job creation." }, "geometry": { "type": "Point", "coordinates": [ 36.032859, 34.59914 ] } },
{ "type": "Feature", "properties": { "REF": 54, "Project ID (Quantum)": "00088194", "Project Name": "Increasing access to water", "Programme": "Green Inclusive Program (GID)", "Start Date": "01/01/2014", "End Date": "30/12/2028", "Project Status": "Ongoing", "Output / Activity No.\n(per ProDoc results framework)": "1.1", "Full Activity Name": "Labour-intensive rehabilitation of agricultural irrigation canal at Jezzine (2023, KfW Phase 2)", "Activity Description": "Water network rehabilitation", "Type of Activity": "Environmental works", "Mother Project?": "No", "Mother Project Name": null, "Geographic Level": "Cadastre (CAD+ACS)", "Coordinates (Lat)": "33.527578", "Coordinates (Long)": "35.586368", "Governorate": "South", "District": "Jezzine", "Cadaster": "Jezzine", "Municipality Name": "Jezzine - Ain Majdalain", "Union of Municipalities (UoM)": "UOM Caza Jezzine", "UNDP Focal Point": "N. Gharib (PM), J. Abiyad", "National Counterpart\n(Institutional Title)": "MoEW", "Counterpart Type": "Government", "CPD Output No.": "3.1", "Strategic Plan 2026-2029\nActivity / Output No.": "A4.2.1", "Gender Marker": "GEN0", "Remarks / Notes": "Irrigaiton canals are property of the  MoEW thus put \"Environmental Work\" for Type of Activity.\n\nThe activity contributes to CPD Output 2.2 via short-term job creation." }, "geometry": { "type": "Point", "coordinates": [ 35.586368, 33.527578 ] } },
{ "type": "Feature", "properties": { "REF": 55, "Project ID (Quantum)": "00088194", "Project Name": "Increasing access to water", "Programme": "Green Inclusive Program (GID)", "Start Date": "01/01/2014", "End Date": "30/12/2028", "Project Status": "Ongoing", "Output / Activity No.\n(per ProDoc results framework)": "1.1", "Full Activity Name": "Labour-intensive rehabilitation of agricultural irrigation canal at Nabi Othman (2023, KfW Phase 3)", "Activity Description": "Water network rehabilitation", "Type of Activity": "Environmental works", "Mother Project?": "No", "Mother Project Name": null, "Geographic Level": "Cadastre (CAD+ACS)", "Coordinates (Lat)": "34.203589", "Coordinates (Long)": "36.37501", "Governorate": "BaalbekElHermel", "District": "Baalbek", "Cadaster": "Nabi Osmane", "Municipality Name": "Nabi Osmane", "Union of Municipalities (UoM)": "UOM Chamal Baalbek", "UNDP Focal Point": "N. Gharib (PM), M.Taleb", "National Counterpart\n(Institutional Title)": "MoEW", "Counterpart Type": "Government", "CPD Output No.": "3.1", "Strategic Plan 2026-2029\nActivity / Output No.": "A4.2.1", "Gender Marker": "GEN0", "Remarks / Notes": "Irrigaiton canals are property of the  MoEW thus put \"Environmental Work\" for Type of Activity.\n\nThe activity contributes to CPD Output 2.2 via short-term job creation." }, "geometry": { "type": "Point", "coordinates": [ 36.37501, 34.203589 ] } },
{ "type": "Feature", "properties": { "REF": 56, "Project ID (Quantum)": "00088194", "Project Name": "Increasing access to water", "Programme": "Green Inclusive Program (GID)", "Start Date": "01/01/2014", "End Date": "30/12/2028", "Project Status": "Ongoing", "Output / Activity No.\n(per ProDoc results framework)": "1.1", "Full Activity Name": "Labour-intensive rehabilitation of agricultural irrigation canal at Deir Al Ahmar (2023, KfW Phase 3)", "Activity Description": "Water network rehabilitation", "Type of Activity": "Environmental works", "Mother Project?": "No", "Mother Project Name": null, "Geographic Level": "Cadastre (CAD+ACS)", "Coordinates (Lat)": "34.122913", "Coordinates (Long)": "36.120002", "Governorate": "BaalbekElHermel", "District": "Baalbek", "Cadaster": "Deir El-Ahmar", "Municipality Name": "Deir El Ahmar", "Union of Municipalities (UoM)": "UOM Mintaqat Deir El Ahmar", "UNDP Focal Point": "N. Gharib (PM), M.Taleb", "National Counterpart\n(Institutional Title)": "MoEW", "Counterpart Type": "Government", "CPD Output No.": "3.1", "Strategic Plan 2026-2029\nActivity / Output No.": "A4.2.1", "Gender Marker": "GEN0", "Remarks / Notes": "Irrigaiton canals are property of the  MoEW thus put \"Environmental Work\" for Type of Activity.\n\nThe activity contributes to CPD Output 2.2 via short-term job creation." }, "geometry": { "type": "Point", "coordinates": [ 36.120002, 34.122913 ] } },
{ "type": "Feature", "properties": { "REF": 57, "Project ID (Quantum)": "00088194", "Project Name": "Increasing access to water", "Programme": "Green Inclusive Program (GID)", "Start Date": "01/01/2014", "End Date": "30/12/2028", "Project Status": "Ongoing", "Output / Activity No.\n(per ProDoc results framework)": "1.1", "Full Activity Name": "Labour-intensive rehabilitation of agricultural irrigation canal at Zahle (2023, KfW Phase 3)", "Activity Description": "Water network rehabilitation", "Type of Activity": "Environmental works", "Mother Project?": "No", "Mother Project Name": null, "Geographic Level": "Cadastre (CAD+ACS)", "Coordinates (Lat)": "#N/A", "Coordinates (Long)": "#N/A", "Governorate": null, "District": null, "Cadaster": null, "Municipality Name": "0", "Union of Municipalities (UoM)": "#N/A", "UNDP Focal Point": null, "National Counterpart\n(Institutional Title)": null, "Counterpart Type": null, "CPD Output No.": null, "Strategic Plan 2026-2029\nActivity / Output No.": null, "Gender Marker": null, "Remarks / Notes": null }, "geometry": null },
{ "type": "Feature", "properties": { "REF": 58, "Project ID (Quantum)": "00088194", "Project Name": "Increasing access to water", "Programme": "Green Inclusive Program (GID)", "Start Date": "01/01/2014", "End Date": "30/12/2028", "Project Status": "Ongoing", "Output / Activity No.\n(per ProDoc results framework)": "1.1", "Full Activity Name": "Labour-intensive rehabilitation of agricultural irrigation canal at Lessa & Afqa Cluster (2024, KfW Phase 3)", "Activity Description": "Water network rehabilitation", "Type of Activity": "Environmental works", "Mother Project?": "No", "Mother Project Name": null, "Geographic Level": "Cadastre (CAD+ACS)", "Coordinates (Lat)": "34.065574", "Coordinates (Long)": "35.889601", "Governorate": "MountLebanon", "District": "Jbeil", "Cadaster": "Afqa Jbayl", "Municipality Name": "Afqa", "Union of Municipalities (UoM)": "No Union", "UNDP Focal Point": "N. Gharib (PM), J. Abiyad", "National Counterpart\n(Institutional Title)": "MoEW", "Counterpart Type": "Government", "CPD Output No.": "3.1", "Strategic Plan 2026-2029\nActivity / Output No.": "A4.2.1", "Gender Marker": "GEN0", "Remarks / Notes": "Irrigaiton canals are property of the  MoEW thus put \"Environmental Work\" for Type of Activity.\n\nThe activity contributes to CPD Output 2.2 via short-term job creation." }, "geometry": { "type": "Point", "coordinates": [ 35.889601, 34.065574 ] } },
{ "type": "Feature", "properties": { "REF": 59, "Project ID (Quantum)": "00088194", "Project Name": "Increasing access to water", "Programme": "Green Inclusive Program (GID)", "Start Date": "01/01/2014", "End Date": "30/12/2028", "Project Status": "Ongoing", "Output / Activity No.\n(per ProDoc results framework)": "1.1", "Full Activity Name": "Labour-intensive rehabilitation of agricultural irrigation canal at Lessa & Afqa Cluster (2024, KfW Phase 3)", "Activity Description": "Water network rehabilitation", "Type of Activity": "Environmental works", "Mother Project?": "No", "Mother Project Name": null, "Geographic Level": "Cadastre (CAD+ACS)", "Coordinates (Lat)": "34.068409", "Coordinates (Long)": "35.847194", "Governorate": "MountLebanon", "District": "Jbeil", "Cadaster": "Lassa", "Municipality Name": "Lassa", "Union of Municipalities (UoM)": "UOM Caza Jbeil", "UNDP Focal Point": "N. Gharib (PM), J. Abiyad", "National Counterpart\n(Institutional Title)": "MoEW", "Counterpart Type": "Government", "CPD Output No.": "3.1", "Strategic Plan 2026-2029\nActivity / Output No.": "A4.2.1", "Gender Marker": "GEN0", "Remarks / Notes": "Irrigaiton canals are property of the  MoEW thus put \"Environmental Work\" for Type of Activity.\n\nThe activity contributes to CPD Output 2.2 via short-term job creation." }, "geometry": { "type": "Point", "coordinates": [ 35.847194, 34.068409 ] } },
{ "type": "Feature", "properties": { "REF": 60, "Project ID (Quantum)": "00088194", "Project Name": "Increasing access to water", "Programme": "Green Inclusive Program (GID)", "Start Date": "01/01/2014", "End Date": "30/12/2028", "Project Status": "Ongoing", "Output / Activity No.\n(per ProDoc results framework)": "1.1", "Full Activity Name": "Labour-intensive rehabilitation of agricultural irrigation canal at Zouq Bhannine (2024, KfW Phase 3)", "Activity Description": "Water network rehabilitation", "Type of Activity": "Environmental works", "Mother Project?": "No", "Mother Project Name": null, "Geographic Level": "Cadastre (CAD+ACS)", "Coordinates (Lat)": "34.495094", "Coordinates (Long)": "35.958662", "Governorate": "North", "District": "ElMiniehDennie", "Cadaster": "Zouq Bhannine", "Municipality Name": "Bhannine El Minieh - Mazraat Aartoussi - Er Rihaniye El Minieh", "Union of Municipalities (UoM)": "UOM El Minieh", "UNDP Focal Point": "N. Gharib (PM), R.Baddour", "National Counterpart\n(Institutional Title)": "MoEW", "Counterpart Type": "Government", "CPD Output No.": "3.1", "Strategic Plan 2026-2029\nActivity / Output No.": "A4.2.1", "Gender Marker": "GEN0", "Remarks / Notes": "Irrigaiton canals are property of the  MoEW thus put \"Environmental Work\" for Type of Activity.\n\nThe activity contributes to CPD Output 2.2 via short-term job creation." }, "geometry": { "type": "Point", "coordinates": [ 35.958662, 34.495094 ] } },
{ "type": "Feature", "properties": { "REF": 61, "Project ID (Quantum)": "00088194", "Project Name": "Increasing access to water", "Programme": "Green Inclusive Program (GID)", "Start Date": "01/01/2014", "End Date": "30/12/2028", "Project Status": "Ongoing", "Output / Activity No.\n(per ProDoc results framework)": "1.1", "Full Activity Name": "Labour-intensive rehabilitation of agricultural irrigation canal at Bezbina (2024, KfW Phase 3)", "Activity Description": "Water network rehabilitation", "Type of Activity": "Environmental works", "Mother Project?": "No", "Mother Project Name": null, "Geographic Level": "Cadastre (CAD+ACS)", "Coordinates (Lat)": "34.513427", "Coordinates (Long)": "36.190521", "Governorate": "Akkar", "District": "AkkarDistrict", "Cadaster": "Bezbina", "Municipality Name": "Bezbina", "Union of Municipalities (UoM)": "UOM Mintaqat El Joumeh Akkar", "UNDP Focal Point": "N. Gharib (PM), R.Baddour", "National Counterpart\n(Institutional Title)": "MoEW", "Counterpart Type": "Government", "CPD Output No.": "3.1", "Strategic Plan 2026-2029\nActivity / Output No.": "A4.2.1", "Gender Marker": "GEN0", "Remarks / Notes": "Irrigaiton canals are property of the  MoEW thus put \"Environmental Work\" for Type of Activity.\n\nThe activity contributes to CPD Output 2.2 via short-term job creation." }, "geometry": { "type": "Point", "coordinates": [ 36.190521, 34.513427 ] } },
{ "type": "Feature", "properties": { "REF": 62, "Project ID (Quantum)": "00088194", "Project Name": "Increasing access to water", "Programme": "Green Inclusive Program (GID)", "Start Date": "01/01/2014", "End Date": "30/12/2028", "Project Status": "Ongoing", "Output / Activity No.\n(per ProDoc results framework)": "1.1", "Full Activity Name": "Labour-intensive rehabilitation of agricultural irrigation canal at Batroun Kfarhelda & Beit Chlela Cluster (2024, KfW Phase 3)", "Activity Description": "Water network rehabilitation", "Type of Activity": "Environmental works", "Mother Project?": "No", "Mother Project Name": null, "Geographic Level": "Cadastre (CAD+ACS)", "Coordinates (Lat)": "34.229439", "Coordinates (Long)": "35.839925", "Governorate": "North", "District": "ElBatroun", "Cadaster": "Kfar Hilda", "Municipality Name": "Kfar Helda", "Union of Municipalities (UoM)": "UOM El Batroun", "UNDP Focal Point": "N. Gharib (PM), R.Baddour", "National Counterpart\n(Institutional Title)": "MoEW", "Counterpart Type": "Government", "CPD Output No.": "3.1", "Strategic Plan 2026-2029\nActivity / Output No.": "A4.2.1", "Gender Marker": "GEN0", "Remarks / Notes": "Irrigaiton canals are property of the  MoEW thus put \"Environmental Work\" for Type of Activity.\n\nThe activity contributes to CPD Output 2.2 via short-term job creation." }, "geometry": { "type": "Point", "coordinates": [ 35.839925, 34.229439 ] } },
{ "type": "Feature", "properties": { "REF": 63, "Project ID (Quantum)": "00088194", "Project Name": "Increasing access to water", "Programme": "Green Inclusive Program (GID)", "Start Date": "01/01/2014", "End Date": "30/12/2028", "Project Status": "Ongoing", "Output / Activity No.\n(per ProDoc results framework)": "1.1", "Full Activity Name": "Labour-intensive rehabilitation of agricultural irrigation canal at Batroun Kfarhelda & Beit Chlela Cluster (2024, KfW Phase 3)", "Activity Description": "Water network rehabilitation", "Type of Activity": "Environmental works", "Mother Project?": "No", "Mother Project Name": null, "Geographic Level": "Cadastre (CAD+ACS)", "Coordinates (Lat)": "34.227414", "Coordinates (Long)": "35.831504", "Governorate": "North", "District": "ElBatroun", "Cadaster": "Beit Chlala", "Municipality Name": "Beit Chlala", "Union of Municipalities (UoM)": "No Union", "UNDP Focal Point": "N. Gharib (PM), R.Baddour", "National Counterpart\n(Institutional Title)": "MoEW", "Counterpart Type": "Government", "CPD Output No.": "3.1", "Strategic Plan 2026-2029\nActivity / Output No.": "A4.2.1", "Gender Marker": "GEN0", "Remarks / Notes": "Irrigaiton canals are property of the  MoEW thus put \"Environmental Work\" for Type of Activity.\n\nThe activity contributes to CPD Output 2.2 via short-term job creation." }, "geometry": { "type": "Point", "coordinates": [ 35.831504, 34.227414 ] } },
{ "type": "Feature", "properties": { "REF": 64, "Project ID (Quantum)": "00088194", "Project Name": "Increasing access to water", "Programme": "Green Inclusive Program (GID)", "Start Date": "01/01/2014", "End Date": "30/12/2028", "Project Status": "Ongoing", "Output / Activity No.\n(per ProDoc results framework)": "1.1", "Full Activity Name": "Labour-intensive rehabilitation of agricultural irrigation canal at Batroun Kfarhelda & Beit Chlela Cluster (2024, KfW Phase 3)", "Activity Description": "Water network rehabilitation", "Type of Activity": "Environmental works", "Mother Project?": "No", "Mother Project Name": null, "Geographic Level": "Cadastre (CAD+ACS)", "Coordinates (Lat)": "34.256911", "Coordinates (Long)": "35.666253", "Governorate": "North", "District": "ElBatroun", "Cadaster": "Batroun", "Municipality Name": "Batroun", "Union of Municipalities (UoM)": "UOM El Batroun", "UNDP Focal Point": "N. Gharib (PM), R.Baddour", "National Counterpart\n(Institutional Title)": "MoEW", "Counterpart Type": "Government", "CPD Output No.": "3.1", "Strategic Plan 2026-2029\nActivity / Output No.": "A4.2.1", "Gender Marker": "GEN0", "Remarks / Notes": "Irrigaiton canals are property of the  MoEW thus put \"Environmental Work\" for Type of Activity.\n\nThe activity contributes to CPD Output 2.2 via short-term job creation." }, "geometry": { "type": "Point", "coordinates": [ 35.666253, 34.256911 ] } },
{ "type": "Feature", "properties": { "REF": 65, "Project ID (Quantum)": "00088194", "Project Name": "Increasing access to water", "Programme": "Green Inclusive Program (GID)", "Start Date": "01/01/2014", "End Date": "30/12/2028", "Project Status": "Ongoing", "Output / Activity No.\n(per ProDoc results framework)": "1.1", "Full Activity Name": "Labour-intensive rehabilitation of agricultural irrigation canal at Hissa, Tal Abbas Sharki & Dahr el Konbar (2024, KfW Phase 3)", "Activity Description": "Water network rehabilitation", "Type of Activity": "Environmental works", "Mother Project?": "No", "Mother Project Name": null, "Geographic Level": "Cadastre (CAD+ACS)", "Coordinates (Lat)": "34.589298", "Coordinates (Long)": "36.049251", "Governorate": "Akkar", "District": "AkkarDistrict", "Cadaster": "Hayssa", "Municipality Name": "El Haissa", "Union of Municipalities (UoM)": "UOM Sahel Akkar", "UNDP Focal Point": "N. Gharib (PM), R.Baddour", "National Counterpart\n(Institutional Title)": "MoEW", "Counterpart Type": "Government", "CPD Output No.": "3.1", "Strategic Plan 2026-2029\nActivity / Output No.": "A4.2.1", "Gender Marker": "GEN0", "Remarks / Notes": "Irrigaiton canals are property of the  MoEW thus put \"Environmental Work\" for Type of Activity.\n\nThe activity contributes to CPD Output 2.2 via short-term job creation." }, "geometry": { "type": "Point", "coordinates": [ 36.049251, 34.589298 ] } },
{ "type": "Feature", "properties": { "REF": 66, "Project ID (Quantum)": "00088194", "Project Name": "Increasing access to water", "Programme": "Green Inclusive Program (GID)", "Start Date": "01/01/2014", "End Date": "30/12/2028", "Project Status": "Ongoing", "Output / Activity No.\n(per ProDoc results framework)": "1.1", "Full Activity Name": "Labour-intensive rehabilitation of agricultural irrigation canal at Bebnine (2025, KfW Phase 3)", "Activity Description": "Water network rehabilitation", "Type of Activity": "Environmental works", "Mother Project?": "No", "Mother Project Name": null, "Geographic Level": "Cadastre (CAD+ACS)", "Coordinates (Lat)": "34.501947", "Coordinates (Long)": "35.991595", "Governorate": "Akkar", "District": "AkkarDistrict", "Cadaster": "Bebnine", "Municipality Name": "Bebnine - Abde", "Union of Municipalities (UoM)": "UOM Ouassat Oua Sahil El Qaytaa", "UNDP Focal Point": "N. Gharib (PM), R.Baddour", "National Counterpart\n(Institutional Title)": "MoEW", "Counterpart Type": "Government", "CPD Output No.": "3.1", "Strategic Plan 2026-2029\nActivity / Output No.": "A4.2.1", "Gender Marker": "GEN0", "Remarks / Notes": "Irrigaiton canals are property of the  MoEW thus put \"Environmental Work\" for Type of Activity.\n\nThe activity contributes to CPD Output 2.2 via short-term job creation." }, "geometry": { "type": "Point", "coordinates": [ 35.991595, 34.501947 ] } },
{ "type": "Feature", "properties": { "REF": 67, "Project ID (Quantum)": "00088194", "Project Name": "Increasing access to water", "Programme": "Green Inclusive Program (GID)", "Start Date": "01/01/2014", "End Date": "30/12/2028", "Project Status": "Ongoing", "Output / Activity No.\n(per ProDoc results framework)": "1.1", "Full Activity Name": "Labour-intensive rehabilitation of agricultural irrigation canal at Denniyeh Villages (2025, KfW Phase 3)", "Activity Description": "Water network rehabilitation", "Type of Activity": "Environmental works", "Mother Project?": "No", "Mother Project Name": null, "Geographic Level": "Cadastre (CAD+ACS)", "Coordinates (Lat)": "34.383736", "Coordinates (Long)": "36.027324", "Governorate": "North", "District": "ElMiniehDennie", "Cadaster": "Sir Ed-Danniye", "Municipality Name": "Sir Ed Danniye", "Union of Municipalities (UoM)": "UOM El Donnieh", "UNDP Focal Point": "N. Gharib (PM), R.Baddour", "National Counterpart\n(Institutional Title)": "MoEW", "Counterpart Type": "Government", "CPD Output No.": "3.1", "Strategic Plan 2026-2029\nActivity / Output No.": "A4.2.1", "Gender Marker": "GEN0", "Remarks / Notes": "Irrigaiton canals are property of the  MoEW thus put \"Environmental Work\" for Type of Activity.\n\nThe activity contributes to CPD Output 2.2 via short-term job creation." }, "geometry": { "type": "Point", "coordinates": [ 36.027324, 34.383736 ] } },
{ "type": "Feature", "properties": { "REF": 68, "Project ID (Quantum)": "00088194", "Project Name": "Increasing access to water", "Programme": "Green Inclusive Program (GID)", "Start Date": "01/01/2014", "End Date": "30/12/2028", "Project Status": "Ongoing", "Output / Activity No.\n(per ProDoc results framework)": "1.1", "Full Activity Name": "Labour-intensive rehabilitation of agricultural irrigation canal at Rahbe  (2025, KfW Phase 3)", "Activity Description": "Water network rehabilitation", "Type of Activity": "Environmental works", "Mother Project?": "No", "Mother Project Name": null, "Geographic Level": "Cadastre (CAD+ACS)", "Coordinates (Lat)": "34.503385", "Coordinates (Long)": "36.137741", "Governorate": "Akkar", "District": "AkkarDistrict", "Cadaster": "Rahbe", "Municipality Name": "Rahbe", "Union of Municipalities (UoM)": "UOM Mintaqat El Joumeh Akkar", "UNDP Focal Point": "N. Gharib (PM), R.Baddour", "National Counterpart\n(Institutional Title)": "MoEW", "Counterpart Type": "Government", "CPD Output No.": "3.1", "Strategic Plan 2026-2029\nActivity / Output No.": "A4.2.1", "Gender Marker": "GEN0", "Remarks / Notes": "Irrigaiton canals are property of the  MoEW thus put \"Environmental Work\" for Type of Activity.\n\nThe activity contributes to CPD Output 2.2 via short-term job creation." }, "geometry": { "type": "Point", "coordinates": [ 36.137741, 34.503385 ] } },
{ "type": "Feature", "properties": { "REF": 69, "Project ID (Quantum)": "00088194", "Project Name": "Increasing access to water", "Programme": "Green Inclusive Program (GID)", "Start Date": "01/01/2014", "End Date": "30/12/2028", "Project Status": "Ongoing", "Output / Activity No.\n(per ProDoc results framework)": "1.1", "Full Activity Name": "Labour-intensive rehabilitation of agricultural irrigation canal at Yammouneh (2025, KfW Phase 3)", "Activity Description": "Water network rehabilitation", "Type of Activity": "Environmental works", "Mother Project?": "No", "Mother Project Name": null, "Geographic Level": "Cadastre (CAD+ACS)", "Coordinates (Lat)": "34.128034", "Coordinates (Long)": "36.03425", "Governorate": "BaalbekElHermel", "District": "Baalbek", "Cadaster": "Yammoune", "Municipality Name": "Yammoune", "Union of Municipalities (UoM)": "No Union", "UNDP Focal Point": "N. Gharib (PM), M.Taleb", "National Counterpart\n(Institutional Title)": "MoEW", "Counterpart Type": "Government", "CPD Output No.": "3.1", "Strategic Plan 2026-2029\nActivity / Output No.": "A4.2.1", "Gender Marker": "GEN0", "Remarks / Notes": "Irrigaiton canals are property of the  MoEW thus put \"Environmental Work\" for Type of Activity.\n\nThe activity contributes to CPD Output 2.2 via short-term job creation." }, "geometry": { "type": "Point", "coordinates": [ 36.03425, 34.128034 ] } },
{ "type": "Feature", "properties": { "REF": 70, "Project ID (Quantum)": "00088194", "Project Name": "Increasing access to water", "Programme": "Green Inclusive Program (GID)", "Start Date": "01/01/2014", "End Date": "30/12/2028", "Project Status": "Ongoing", "Output / Activity No.\n(per ProDoc results framework)": "1.1", "Full Activity Name": "Labour-intensive rehabilitation of agricultural irrigation canal at Qab Elias (2022, KfW Phase 4)", "Activity Description": "Water network rehabilitation", "Type of Activity": "Environmental works", "Mother Project?": "No", "Mother Project Name": null, "Geographic Level": "Cadastre (CAD+ACS)", "Coordinates (Lat)": "33.799791", "Coordinates (Long)": "35.788839", "Governorate": "Bekaa", "District": "Zahle", "Cadaster": "Qabb Elias", "Municipality Name": "Qabb Elias", "Union of Municipalities (UoM)": "UOM El Beqaa El Aousat", "UNDP Focal Point": "N. Gharib (PM), M.Taleb", "National Counterpart\n(Institutional Title)": "MoEW", "Counterpart Type": "Government", "CPD Output No.": "3.1", "Strategic Plan 2026-2029\nActivity / Output No.": "A4.2.1", "Gender Marker": "GEN0", "Remarks / Notes": "Irrigaiton canals are property of the  MoEW thus put \"Environmental Work\" for Type of Activity.\n\nThe activity contributes to CPD Output 2.2 via short-term job creation." }, "geometry": { "type": "Point", "coordinates": [ 35.788839, 33.799791 ] } },
{ "type": "Feature", "properties": { "REF": 71, "Project ID (Quantum)": "00088194", "Project Name": "Increasing access to water", "Programme": "Green Inclusive Program (GID)", "Start Date": "01/01/2014", "End Date": "30/12/2028", "Project Status": "Ongoing", "Output / Activity No.\n(per ProDoc results framework)": "1.1", "Full Activity Name": "Labour-intensive rehabilitation of agricultural irrigation canal at Jdita (2022, KfW Phase 4)", "Activity Description": "Water network rehabilitation", "Type of Activity": "Environmental works", "Mother Project?": "No", "Mother Project Name": null, "Geographic Level": "Cadastre (CAD+ACS)", "Coordinates (Lat)": "33.815693", "Coordinates (Long)": "35.845817", "Governorate": "Bekaa", "District": "Zahle", "Cadaster": "Jdita", "Municipality Name": "Jdita", "Union of Municipalities (UoM)": "No Union", "UNDP Focal Point": "N. Gharib (PM), M.Taleb", "National Counterpart\n(Institutional Title)": "MoEW", "Counterpart Type": "Government", "CPD Output No.": "3.1", "Strategic Plan 2026-2029\nActivity / Output No.": "A4.2.1", "Gender Marker": "GEN0", "Remarks / Notes": "Irrigaiton canals are property of the  MoEW thus put \"Environmental Work\" for Type of Activity.\n\nThe activity contributes to CPD Output 2.2 via short-term job creation." }, "geometry": { "type": "Point", "coordinates": [ 35.845817, 33.815693 ] } },
{ "type": "Feature", "properties": { "REF": 72, "Project ID (Quantum)": "00088194", "Project Name": "Increasing access to water", "Programme": "Green Inclusive Program (GID)", "Start Date": "01/01/2014", "End Date": "30/12/2028", "Project Status": "Ongoing", "Output / Activity No.\n(per ProDoc results framework)": "1.1", "Full Activity Name": "Labour-intensive rehabilitation of agricultural irrigation canal at Cheikh Taba-Sahl Halba (2022, KfW Phase 4)", "Activity Description": "Water network rehabilitation", "Type of Activity": "Environmental works", "Mother Project?": "No", "Mother Project Name": null, "Geographic Level": "Cadastre (CAD+ACS)", "Coordinates (Lat)": "34.551031", "Coordinates (Long)": "36.061048", "Governorate": "Akkar", "District": "AkkarDistrict", "Cadaster": "Cheikh Taba Es-Sahl", "Municipality Name": "Cheikh Taba", "Union of Municipalities (UoM)": "UOM El Chaft", "UNDP Focal Point": "N. Gharib (PM), R.Baddour", "National Counterpart\n(Institutional Title)": "MoEW", "Counterpart Type": "Government", "CPD Output No.": "3.1", "Strategic Plan 2026-2029\nActivity / Output No.": "A4.2.1", "Gender Marker": "GEN0", "Remarks / Notes": "Irrigaiton canals are property of the  MoEW thus put \"Environmental Work\" for Type of Activity.\n\nThe activity contributes to CPD Output 2.2 via short-term job creation." }, "geometry": { "type": "Point", "coordinates": [ 36.061048, 34.551031 ] } },
{ "type": "Feature", "properties": { "REF": 73, "Project ID (Quantum)": "00088194", "Project Name": "Increasing access to water", "Programme": "Green Inclusive Program (GID)", "Start Date": "01/01/2014", "End Date": "30/12/2028", "Project Status": "Ongoing", "Output / Activity No.\n(per ProDoc results framework)": "1.1", "Full Activity Name": "Labour-intensive rehabilitation of agricultural irrigation canal at Rahbe (2022, KfW Phase 4)", "Activity Description": "Water network rehabilitation", "Type of Activity": "Environmental works", "Mother Project?": "No", "Mother Project Name": null, "Geographic Level": "Cadastre (CAD+ACS)", "Coordinates (Lat)": "34.503385", "Coordinates (Long)": "36.137741", "Governorate": "Akkar", "District": "AkkarDistrict", "Cadaster": "Rahbe", "Municipality Name": "Rahbe", "Union of Municipalities (UoM)": "UOM Mintaqat El Joumeh Akkar", "UNDP Focal Point": "N. Gharib (PM), R.Baddour", "National Counterpart\n(Institutional Title)": "MoEW", "Counterpart Type": "Government", "CPD Output No.": "3.1", "Strategic Plan 2026-2029\nActivity / Output No.": "A4.2.1", "Gender Marker": "GEN0", "Remarks / Notes": "Irrigaiton canals are property of the  MoEW thus put \"Environmental Work\" for Type of Activity.\n\nThe activity contributes to CPD Output 2.2 via short-term job creation." }, "geometry": { "type": "Point", "coordinates": [ 36.137741, 34.503385 ] } },
{ "type": "Feature", "properties": { "REF": 74, "Project ID (Quantum)": "00088194", "Project Name": "Increasing access to water", "Programme": "Green Inclusive Program (GID)", "Start Date": "01/01/2014", "End Date": "30/12/2028", "Project Status": "Ongoing", "Output / Activity No.\n(per ProDoc results framework)": "1.1", "Full Activity Name": "Labour-intensive rehabilitation of agricultural irrigation canal at Andekt (2022, KfW Phase 4)", "Activity Description": "Water network rehabilitation", "Type of Activity": "Environmental works", "Mother Project?": "No", "Mother Project Name": null, "Geographic Level": "Cadastre (CAD+ACS)", "Coordinates (Lat)": "34.570779", "Coordinates (Long)": "36.307407", "Governorate": "Akkar", "District": "AkkarDistrict", "Cadaster": "Aandqet", "Municipality Name": "Andqat", "Union of Municipalities (UoM)": "UOM North Akkar", "UNDP Focal Point": "N. Gharib (PM), R.Baddour", "National Counterpart\n(Institutional Title)": "MoEW", "Counterpart Type": "Government", "CPD Output No.": "3.1", "Strategic Plan 2026-2029\nActivity / Output No.": "A4.2.1", "Gender Marker": "GEN0", "Remarks / Notes": "Irrigaiton canals are property of the  MoEW thus put \"Environmental Work\" for Type of Activity.\n\nThe activity contributes to CPD Output 2.2 via short-term job creation." }, "geometry": { "type": "Point", "coordinates": [ 36.307407, 34.570779 ] } },
{ "type": "Feature", "properties": { "REF": 75, "Project ID (Quantum)": "00088194", "Project Name": "Increasing access to water", "Programme": "Green Inclusive Program (GID)", "Start Date": "01/01/2014", "End Date": "30/12/2028", "Project Status": "Ongoing", "Output / Activity No.\n(per ProDoc results framework)": "1.1", "Full Activity Name": "Labour-intensive rehabilitation of agricultural irrigation canal at Btedee (Btedaai) & Chlifa (2022, KfW Phase 4)", "Activity Description": "Water network rehabilitation", "Type of Activity": "Environmental works", "Mother Project?": "No", "Mother Project Name": null, "Geographic Level": "Cadastre (CAD+ACS)", "Coordinates (Lat)": "34.109339", "Coordinates (Long)": "36.099269", "Governorate": "BaalbekElHermel", "District": "Baalbek", "Cadaster": "Btedaai", "Municipality Name": "Betdaai", "Union of Municipalities (UoM)": "UOM Mintaqat Deir El Ahmar", "UNDP Focal Point": "N. Gharib (PM), M.Taleb", "National Counterpart\n(Institutional Title)": "MoEW", "Counterpart Type": "Government", "CPD Output No.": "3.1", "Strategic Plan 2026-2029\nActivity / Output No.": "A4.2.1", "Gender Marker": "GEN0", "Remarks / Notes": "Irrigaiton canals are property of the  MoEW thus put \"Environmental Work\" for Type of Activity.\n\nThe activity contributes to CPD Output 2.2 via short-term job creation." }, "geometry": { "type": "Point", "coordinates": [ 36.099269, 34.109339 ] } },
{ "type": "Feature", "properties": { "REF": 76, "Project ID (Quantum)": "00088194", "Project Name": "Increasing access to water", "Programme": "Green Inclusive Program (GID)", "Start Date": "01/01/2014", "End Date": "30/12/2028", "Project Status": "Ongoing", "Output / Activity No.\n(per ProDoc results framework)": "1.1", "Full Activity Name": "Labour-intensive rehabilitation of agricultural irrigation canal at Btedee (Btedaai) & Chlifa (2022, KfW Phase 4)", "Activity Description": "Water network rehabilitation", "Type of Activity": "Environmental works", "Mother Project?": "No", "Mother Project Name": null, "Geographic Level": "Cadastre (CAD+ACS)", "Coordinates (Lat)": "34.082646", "Coordinates (Long)": "36.101185", "Governorate": "BaalbekElHermel", "District": "Baalbek", "Cadaster": "Chlifa", "Municipality Name": "Chlifa", "Union of Municipalities (UoM)": "No Union", "UNDP Focal Point": "N. Gharib (PM), M.Taleb", "National Counterpart\n(Institutional Title)": "MoEW", "Counterpart Type": "Government", "CPD Output No.": "3.1", "Strategic Plan 2026-2029\nActivity / Output No.": "A4.2.1", "Gender Marker": "GEN0", "Remarks / Notes": "Irrigaiton canals are property of the  MoEW thus put \"Environmental Work\" for Type of Activity.\n\nThe activity contributes to CPD Output 2.2 via short-term job creation." }, "geometry": { "type": "Point", "coordinates": [ 36.101185, 34.082646 ] } },
{ "type": "Feature", "properties": { "REF": 77, "Project ID (Quantum)": "00088194", "Project Name": "Increasing access to water", "Programme": "Green Inclusive Program (GID)", "Start Date": "01/01/2014", "End Date": "30/12/2028", "Project Status": "Ongoing", "Output / Activity No.\n(per ProDoc results framework)": "1.1", "Full Activity Name": "Labour-intensive rehabilitation of agricultural irrigation canal at Sfireh (2022, KfW Phase 4)", "Activity Description": "Water network rehabilitation", "Type of Activity": "Environmental works", "Mother Project?": "No", "Mother Project Name": null, "Geographic Level": "Cadastre (CAD+ACS)", "Coordinates (Lat)": "34.403991", "Coordinates (Long)": "36.05738", "Governorate": "North", "District": "ElMiniehDennie", "Cadaster": "Sfire", "Municipality Name": "Sfire", "Union of Municipalities (UoM)": "UOM El Donnieh", "UNDP Focal Point": "N. Gharib (PM), R.Baddour", "National Counterpart\n(Institutional Title)": "MoEW", "Counterpart Type": "Government", "CPD Output No.": "3.1", "Strategic Plan 2026-2029\nActivity / Output No.": "A4.2.1", "Gender Marker": "GEN0", "Remarks / Notes": "Irrigaiton canals are property of the  MoEW thus put \"Environmental Work\" for Type of Activity.\n\nThe activity contributes to CPD Output 2.2 via short-term job creation." }, "geometry": { "type": "Point", "coordinates": [ 36.05738, 34.403991 ] } },
{ "type": "Feature", "properties": { "REF": 78, "Project ID (Quantum)": "00088194", "Project Name": "Increasing access to water", "Programme": "Green Inclusive Program (GID)", "Start Date": "01/01/2014", "End Date": "30/12/2028", "Project Status": "Ongoing", "Output / Activity No.\n(per ProDoc results framework)": "1.1", "Full Activity Name": "Labour-intensive rehabilitation of agricultural irrigation canal at Kfardebian (2022, KfW Phase 4)", "Activity Description": "Water network rehabilitation", "Type of Activity": "Environmental works", "Mother Project?": "No", "Mother Project Name": null, "Geographic Level": "Cadastre (CAD+ACS)", "Coordinates (Lat)": "33.995779", "Coordinates (Long)": "35.785747", "Governorate": "MountLebanon", "District": "Kesrwane", "Cadaster": "Kfar Dibiane", "Municipality Name": "Kfardibiane", "Union of Municipalities (UoM)": "UOM Kesrouane El Ftouh", "UNDP Focal Point": "N. Gharib (PM), J. Abiyad", "National Counterpart\n(Institutional Title)": "MoEW", "Counterpart Type": "Government", "CPD Output No.": "3.1", "Strategic Plan 2026-2029\nActivity / Output No.": "A4.2.1", "Gender Marker": "GEN0", "Remarks / Notes": "Irrigaiton canals are property of the  MoEW thus put \"Environmental Work\" for Type of Activity.\n\nThe activity contributes to CPD Output 2.2 via short-term job creation." }, "geometry": { "type": "Point", "coordinates": [ 35.785747, 33.995779 ] } },
{ "type": "Feature", "properties": { "REF": 79, "Project ID (Quantum)": "00088194", "Project Name": "Increasing access to water", "Programme": "Green Inclusive Program (GID)", "Start Date": "01/01/2014", "End Date": "30/12/2028", "Project Status": "Ongoing", "Output / Activity No.\n(per ProDoc results framework)": "1.1", "Full Activity Name": "Labour-intensive rehabilitation of agricultural irrigation canal at Faraya (2022, KfW Phase 4)", "Activity Description": "Water network rehabilitation", "Type of Activity": "Environmental works", "Mother Project?": "No", "Mother Project Name": null, "Geographic Level": "Cadastre (CAD+ACS)", "Coordinates (Lat)": "34.013798", "Coordinates (Long)": "35.823453", "Governorate": "MountLebanon", "District": "Kesrwane", "Cadaster": "Faraya", "Municipality Name": "Faraiya", "Union of Municipalities (UoM)": "UOM Kesrouane El Ftouh", "UNDP Focal Point": "N. Gharib (PM), J. Abiyad", "National Counterpart\n(Institutional Title)": "MoEW", "Counterpart Type": "Government", "CPD Output No.": "3.1", "Strategic Plan 2026-2029\nActivity / Output No.": "A4.2.1", "Gender Marker": "GEN0", "Remarks / Notes": "Irrigaiton canals are property of the  MoEW thus put \"Environmental Work\" for Type of Activity.\n\nThe activity contributes to CPD Output 2.2 via short-term job creation." }, "geometry": { "type": "Point", "coordinates": [ 35.823453, 34.013798 ] } },
{ "type": "Feature", "properties": { "REF": 80, "Project ID (Quantum)": "00088194", "Project Name": "Increasing access to water", "Programme": "Green Inclusive Program (GID)", "Start Date": "01/01/2014", "End Date": "30/12/2028", "Project Status": "Ongoing", "Output / Activity No.\n(per ProDoc results framework)": "1.1", "Full Activity Name": "Labour-intensive rehabilitation of agricultural irrigation canal at West Bekaa (Kherbet Qanafar, Saghbine, Ain Zebdeh, & Bab Mareh, West Bekaa) (2022, KfW Phase 5)", "Activity Description": "Water network rehabilitation", "Type of Activity": "Environmental works", "Mother Project?": "No", "Mother Project Name": null, "Geographic Level": "Cadastre (CAD+ACS)", "Coordinates (Lat)": "33.637765", "Coordinates (Long)": "35.724411", "Governorate": "Bekaa", "District": "WestBekaa", "Cadaster": "Khirbet Qanafar", "Municipality Name": "Khirbet Qanafar", "Union of Municipalities (UoM)": "UOM El Bouhayra", "UNDP Focal Point": "N. Gharib (PM), M.Taleb", "National Counterpart\n(Institutional Title)": "MoEW", "Counterpart Type": "Government", "CPD Output No.": "3.1", "Strategic Plan 2026-2029\nActivity / Output No.": "A4.2.1", "Gender Marker": "GEN0", "Remarks / Notes": "Irrigaiton canals are property of the  MoEW thus put \"Environmental Work\" for Type of Activity.\n\nThe activity contributes to CPD Output 2.2 via short-term job creation." }, "geometry": { "type": "Point", "coordinates": [ 35.724411, 33.637765 ] } },
{ "type": "Feature", "properties": { "REF": 81, "Project ID (Quantum)": "00088194", "Project Name": "Increasing access to water", "Programme": "Green Inclusive Program (GID)", "Start Date": "01/01/2014", "End Date": "30/12/2028", "Project Status": "Ongoing", "Output / Activity No.\n(per ProDoc results framework)": "1.1", "Full Activity Name": "Labour-intensive rehabilitation of agricultural irrigation canal at West Bekaa (Kherbet Qanafar, Saghbine, Ain Zebdeh, & Bab Mareh, West Bekaa) (2022, KfW Phase 5)", "Activity Description": "Water network rehabilitation", "Type of Activity": "Environmental works", "Mother Project?": "No", "Mother Project Name": null, "Geographic Level": "Cadastre (CAD+ACS)", "Coordinates (Lat)": "33.609307", "Coordinates (Long)": "35.693449", "Governorate": "Bekaa", "District": "WestBekaa", "Cadaster": "Saghbine", "Municipality Name": "Saghbine", "Union of Municipalities (UoM)": "UOM El Bouhayra", "UNDP Focal Point": "N. Gharib (PM), M.Taleb", "National Counterpart\n(Institutional Title)": "MoEW", "Counterpart Type": "Government", "CPD Output No.": "3.1", "Strategic Plan 2026-2029\nActivity / Output No.": "A4.2.1", "Gender Marker": "GEN0", "Remarks / Notes": "Irrigaiton canals are property of the  MoEW thus put \"Environmental Work\" for Type of Activity.\n\nThe activity contributes to CPD Output 2.2 via short-term job creation." }, "geometry": { "type": "Point", "coordinates": [ 35.693449, 33.609307 ] } },
{ "type": "Feature", "properties": { "REF": 82, "Project ID (Quantum)": "00088194", "Project Name": "Increasing access to water", "Programme": "Green Inclusive Program (GID)", "Start Date": "01/01/2014", "End Date": "30/12/2028", "Project Status": "Ongoing", "Output / Activity No.\n(per ProDoc results framework)": "1.1", "Full Activity Name": "Labour-intensive rehabilitation of agricultural irrigation canal at West Bekaa (Kherbet Qanafar, Saghbine, Ain Zebdeh, & Bab Mareh, West Bekaa) (2022, KfW Phase 5)", "Activity Description": "Water network rehabilitation", "Type of Activity": "Environmental works", "Mother Project?": "No", "Mother Project Name": null, "Geographic Level": "Cadastre (CAD+ACS)", "Coordinates (Lat)": "33.626866", "Coordinates (Long)": "35.69856", "Governorate": "Bekaa", "District": "WestBekaa", "Cadaster": "Aain Zebde", "Municipality Name": "Ain Zebde", "Union of Municipalities (UoM)": "UOM El Bouhayra", "UNDP Focal Point": "N. Gharib (PM), M.Taleb", "National Counterpart\n(Institutional Title)": "MoEW", "Counterpart Type": "Government", "CPD Output No.": "3.1", "Strategic Plan 2026-2029\nActivity / Output No.": "A4.2.1", "Gender Marker": "GEN0", "Remarks / Notes": "Irrigaiton canals are property of the  MoEW thus put \"Environmental Work\" for Type of Activity.\n\nThe activity contributes to CPD Output 2.2 via short-term job creation." }, "geometry": { "type": "Point", "coordinates": [ 35.69856, 33.626866 ] } },
{ "type": "Feature", "properties": { "REF": 83, "Project ID (Quantum)": "00088194", "Project Name": "Increasing access to water", "Programme": "Green Inclusive Program (GID)", "Start Date": "01/01/2014", "End Date": "30/12/2028", "Project Status": "Ongoing", "Output / Activity No.\n(per ProDoc results framework)": "1.1", "Full Activity Name": "Labour-intensive rehabilitation of agricultural irrigation canal at West Bekaa (Kherbet Qanafar, Saghbine, Ain Zebdeh, & Bab Mareh, West Bekaa) (2022, KfW Phase 5)", "Activity Description": "Water network rehabilitation", "Type of Activity": "Environmental works", "Mother Project?": "No", "Mother Project Name": null, "Geographic Level": "Cadastre (CAD+ACS)", "Coordinates (Lat)": "33.588313", "Coordinates (Long)": "35.675535", "Governorate": "Bekaa", "District": "WestBekaa", "Cadaster": "Bab Mareaa", "Municipality Name": "Bab Maraa", "Union of Municipalities (UoM)": "UOM El Bouhayra", "UNDP Focal Point": "N. Gharib (PM), M.Taleb", "National Counterpart\n(Institutional Title)": "MoEW", "Counterpart Type": "Government", "CPD Output No.": "3.1", "Strategic Plan 2026-2029\nActivity / Output No.": "A4.2.1", "Gender Marker": "GEN0", "Remarks / Notes": "Irrigaiton canals are property of the  MoEW thus put \"Environmental Work\" for Type of Activity.\n\nThe activity contributes to CPD Output 2.2 via short-term job creation." }, "geometry": { "type": "Point", "coordinates": [ 35.675535, 33.588313 ] } },
{ "type": "Feature", "properties": { "REF": 84, "Project ID (Quantum)": "00088194", "Project Name": "Increasing access to water", "Programme": "Green Inclusive Program (GID)", "Start Date": "01/01/2014", "End Date": "30/12/2028", "Project Status": "Ongoing", "Output / Activity No.\n(per ProDoc results framework)": "1.1", "Full Activity Name": "Labour-intensive rehabilitation of agricultural irrigation canal at Zabboud & Harbata (2023, KfW Phase 5)", "Activity Description": "Water network rehabilitation", "Type of Activity": "Environmental works", "Mother Project?": "No", "Mother Project Name": null, "Geographic Level": "Cadastre (CAD+ACS)", "Coordinates (Lat)": "34.237585", "Coordinates (Long)": "36.321696", "Governorate": "BaalbekElHermel", "District": "Baalbek", "Cadaster": "Zabboud", "Municipality Name": "Zabboud", "Union of Municipalities (UoM)": "UOM Chamal Baalbek", "UNDP Focal Point": "N. Gharib (PM), M.Taleb", "National Counterpart\n(Institutional Title)": "MoEW", "Counterpart Type": "Government", "CPD Output No.": "3.1", "Strategic Plan 2026-2029\nActivity / Output No.": "A4.2.1", "Gender Marker": "GEN0", "Remarks / Notes": "Irrigaiton canals are property of the  MoEW thus put \"Environmental Work\" for Type of Activity.\n\nThe activity contributes to CPD Output 2.2 via short-term job creation." }, "geometry": { "type": "Point", "coordinates": [ 36.321696, 34.237585 ] } },
{ "type": "Feature", "properties": { "REF": 85, "Project ID (Quantum)": "00088194", "Project Name": "Increasing access to water", "Programme": "Green Inclusive Program (GID)", "Start Date": "01/01/2014", "End Date": "30/12/2028", "Project Status": "Ongoing", "Output / Activity No.\n(per ProDoc results framework)": "1.1", "Full Activity Name": "Labour-intensive rehabilitation of agricultural irrigation canal at Zabboud & Harbata (2023, KfW Phase 5)", "Activity Description": "Water network rehabilitation", "Type of Activity": "Environmental works", "Mother Project?": "No", "Mother Project Name": null, "Geographic Level": "Cadastre (CAD+ACS)", "Coordinates (Lat)": "34.223296", "Coordinates (Long)": "36.227335", "Governorate": "BaalbekElHermel", "District": "Baalbek", "Cadaster": "Harabta", "Municipality Name": "Harabta", "Union of Municipalities (UoM)": "UOM Chamal Baalbek", "UNDP Focal Point": "N. Gharib (PM), M.Taleb", "National Counterpart\n(Institutional Title)": "MoEW", "Counterpart Type": "Government", "CPD Output No.": "3.1", "Strategic Plan 2026-2029\nActivity / Output No.": "A4.2.1", "Gender Marker": "GEN0", "Remarks / Notes": "Irrigaiton canals are property of the  MoEW thus put \"Environmental Work\" for Type of Activity.\n\nThe activity contributes to CPD Output 2.2 via short-term job creation." }, "geometry": { "type": "Point", "coordinates": [ 36.227335, 34.223296 ] } },
{ "type": "Feature", "properties": { "REF": 86, "Project ID (Quantum)": "00088194", "Project Name": "Increasing access to water", "Programme": "Green Inclusive Program (GID)", "Start Date": "01/01/2014", "End Date": "30/12/2028", "Project Status": "Ongoing", "Output / Activity No.\n(per ProDoc results framework)": "1.1", "Full Activity Name": "Labour-intensive rehabilitation of agricultural irrigation canal at Hazzerta (2023, KfW Phase 5)", "Activity Description": "Water network rehabilitation", "Type of Activity": "Environmental works", "Mother Project?": "No", "Mother Project Name": null, "Geographic Level": "Cadastre (CAD+ACS)", "Coordinates (Lat)": "33.884003", "Coordinates (Long)": "35.859557", "Governorate": "Bekaa", "District": "Zahle", "Cadaster": "Hazerta", "Municipality Name": "Hazerta", "Union of Municipalities (UoM)": "UOM Caza Zahleh", "UNDP Focal Point": "N. Gharib (PM), M.Taleb", "National Counterpart\n(Institutional Title)": "MoEW", "Counterpart Type": "Government", "CPD Output No.": "3.1", "Strategic Plan 2026-2029\nActivity / Output No.": "A4.2.1", "Gender Marker": "GEN0", "Remarks / Notes": "Irrigaiton canals are property of the  MoEW thus put \"Environmental Work\" for Type of Activity.\n\nThe activity contributes to CPD Output 2.2 via short-term job creation." }, "geometry": { "type": "Point", "coordinates": [ 35.859557, 33.884003 ] } },
{ "type": "Feature", "properties": { "REF": 87, "Project ID (Quantum)": "00088194", "Project Name": "Increasing access to water", "Programme": "Green Inclusive Program (GID)", "Start Date": "01/01/2014", "End Date": "30/12/2028", "Project Status": "Ongoing", "Output / Activity No.\n(per ProDoc results framework)": "1.1", "Full Activity Name": "Labour-intensive rehabilitation of agricultural irrigation canal at Kherbet Daoud & Majdal (2023, KfW Phase 5)", "Activity Description": "Water network rehabilitation", "Type of Activity": "Environmental works", "Mother Project?": "No", "Mother Project Name": null, "Geographic Level": "Cadastre (CAD+ACS)", "Coordinates (Lat)": "34.587227", "Coordinates (Long)": "36.220194", "Governorate": "Akkar", "District": "AkkarDistrict", "Cadaster": "Khirbet Daoud Aakkar", "Municipality Name": "Khirbet Daoud - Kafr El Ftouh", "Union of Municipalities (UoM)": "UOM El Dreib El Aousat", "UNDP Focal Point": "N. Gharib (PM), R.Baddour", "National Counterpart\n(Institutional Title)": "MoEW", "Counterpart Type": "Government", "CPD Output No.": "3.1", "Strategic Plan 2026-2029\nActivity / Output No.": "A4.2.1", "Gender Marker": "GEN0", "Remarks / Notes": "Irrigaiton canals are property of the  MoEW thus put \"Environmental Work\" for Type of Activity.\n\nThe activity contributes to CPD Output 2.2 via short-term job creation." }, "geometry": { "type": "Point", "coordinates": [ 36.220194, 34.587227 ] } },
{ "type": "Feature", "properties": { "REF": 88, "Project ID (Quantum)": "00088194", "Project Name": "Increasing access to water", "Programme": "Green Inclusive Program (GID)", "Start Date": "01/01/2014", "End Date": "30/12/2028", "Project Status": "Ongoing", "Output / Activity No.\n(per ProDoc results framework)": "1.1", "Full Activity Name": "Labour-intensive rehabilitation of agricultural irrigation canal at Kherbet Daoud & Majdal (2023, KfW Phase 5)", "Activity Description": "Water network rehabilitation", "Type of Activity": "Environmental works", "Mother Project?": "No", "Mother Project Name": null, "Geographic Level": "Cadastre (CAD+ACS)", "Coordinates (Lat)": "34.501525", "Coordinates (Long)": "36.033292", "Governorate": "Akkar", "District": "AkkarDistrict", "Cadaster": "Majdala", "Municipality Name": "Majdla", "Union of Municipalities (UoM)": "UOM Ouassat Oua Sahil El Qaytaa", "UNDP Focal Point": "N. Gharib (PM), R.Baddour", "National Counterpart\n(Institutional Title)": "MoEW", "Counterpart Type": "Government", "CPD Output No.": "3.1", "Strategic Plan 2026-2029\nActivity / Output No.": "A4.2.1", "Gender Marker": "GEN0", "Remarks / Notes": "Irrigaiton canals are property of the  MoEW thus put \"Environmental Work\" for Type of Activity.\n\nThe activity contributes to CPD Output 2.2 via short-term job creation." }, "geometry": { "type": "Point", "coordinates": [ 36.033292, 34.501525 ] } },
{ "type": "Feature", "properties": { "REF": 89, "Project ID (Quantum)": "00088194", "Project Name": "Increasing access to water", "Programme": "Green Inclusive Program (GID)", "Start Date": "01/01/2014", "End Date": "30/12/2028", "Project Status": "Ongoing", "Output / Activity No.\n(per ProDoc results framework)": "1.1", "Full Activity Name": "Labour-intensive rehabilitation of agricultural irrigation canal at Al Ain (2024, KfW Phase 5)", "Activity Description": "Water network rehabilitation", "Type of Activity": "Environmental works", "Mother Project?": "No", "Mother Project Name": null, "Geographic Level": "Cadastre (CAD+ACS)", "Coordinates (Lat)": "34.223936", "Coordinates (Long)": "36.384533", "Governorate": "BaalbekElHermel", "District": "Baalbek", "Cadaster": "Aain Baalbek", "Municipality Name": "El Ain", "Union of Municipalities (UoM)": "UOM Chamal Baalbek", "UNDP Focal Point": "N. Gharib (PM), M.Taleb", "National Counterpart\n(Institutional Title)": "MoEW", "Counterpart Type": "Government", "CPD Output No.": "3.1", "Strategic Plan 2026-2029\nActivity / Output No.": "A4.2.1", "Gender Marker": "GEN0", "Remarks / Notes": "Irrigaiton canals are property of the  MoEW thus put \"Environmental Work\" for Type of Activity.\n\nThe activity contributes to CPD Output 2.2 via short-term job creation." }, "geometry": { "type": "Point", "coordinates": [ 36.384533, 34.223936 ] } },
{ "type": "Feature", "properties": { "REF": 90, "Project ID (Quantum)": "00088194", "Project Name": "Increasing access to water", "Programme": "Green Inclusive Program (GID)", "Start Date": "01/01/2014", "End Date": "30/12/2028", "Project Status": "Ongoing", "Output / Activity No.\n(per ProDoc results framework)": "1.1", "Full Activity Name": "Labour-intensive rehabilitation of agricultural irrigation canal at Bcharre (2024, KfW Phase 5)", "Activity Description": "Water network rehabilitation", "Type of Activity": "Environmental works", "Mother Project?": "No", "Mother Project Name": null, "Geographic Level": "Cadastre (CAD+ACS)", "Coordinates (Lat)": "34.245563", "Coordinates (Long)": "36.063829", "Governorate": "North", "District": "Bcharre", "Cadaster": "Bcharre", "Municipality Name": "Bcharre", "Union of Municipalities (UoM)": "UOM Caza Bcharreh", "UNDP Focal Point": "N. Gharib (PM), R.Baddour", "National Counterpart\n(Institutional Title)": "MoEW", "Counterpart Type": "Government", "CPD Output No.": "3.1", "Strategic Plan 2026-2029\nActivity / Output No.": "A4.2.1", "Gender Marker": "GEN0", "Remarks / Notes": "Irrigaiton canals are property of the  MoEW thus put \"Environmental Work\" for Type of Activity.\n\nThe activity contributes to CPD Output 2.2 via short-term job creation." }, "geometry": { "type": "Point", "coordinates": [ 36.063829, 34.245563 ] } },
{ "type": "Feature", "properties": { "REF": 91, "Project ID (Quantum)": "00088194", "Project Name": "Increasing access to water", "Programme": "Green Inclusive Program (GID)", "Start Date": "01/01/2014", "End Date": "30/12/2028", "Project Status": "Ongoing", "Output / Activity No.\n(per ProDoc results framework)": "1.1", "Full Activity Name": "Labour-intensive rehabilitation of agricultural irrigation canal at Nabha (El Qeddem, El Damdoum & El Me-hfara) (2024, KfW Phase 5)", "Activity Description": "Water network rehabilitation", "Type of Activity": "Environmental works", "Mother Project?": "No", "Mother Project Name": null, "Geographic Level": "Cadastre (CAD+ACS)", "Coordinates (Lat)": "34.214383", "Coordinates (Long)": "36.170746", "Governorate": "BaalbekElHermel", "District": "Baalbek", "Cadaster": "Nabha Ed-Damdoum", "Municipality Name": "Nabha Ed-Damdoum and Qiddam and Mehfara and Qlaile-Harfouch", "Union of Municipalities (UoM)": "UOM Chamal Baalbek", "UNDP Focal Point": "N. Gharib (PM), M.Taleb", "National Counterpart\n(Institutional Title)": "MoEW", "Counterpart Type": "Government", "CPD Output No.": "3.1", "Strategic Plan 2026-2029\nActivity / Output No.": "A4.2.1", "Gender Marker": "GEN0", "Remarks / Notes": "Irrigaiton canals are property of the  MoEW thus put \"Environmental Work\" for Type of Activity.\n\nThe activity contributes to CPD Output 2.2 via short-term job creation." }, "geometry": { "type": "Point", "coordinates": [ 36.170746, 34.214383 ] } },
{ "type": "Feature", "properties": { "REF": 92, "Project ID (Quantum)": "00088194", "Project Name": "Increasing access to water", "Programme": "Green Inclusive Program (GID)", "Start Date": "01/01/2014", "End Date": "30/12/2028", "Project Status": "Ongoing", "Output / Activity No.\n(per ProDoc results framework)": "1.1", "Full Activity Name": "Labour-intensive rehabilitation of agricultural irrigation canal at Hrajel (2024, KfW Phase 5)", "Activity Description": "Water network rehabilitation", "Type of Activity": "Environmental works", "Mother Project?": "No", "Mother Project Name": null, "Geographic Level": "Cadastre (CAD+ACS)", "Coordinates (Lat)": "34.031107", "Coordinates (Long)": "35.803087", "Governorate": "MountLebanon", "District": "Kesrwane", "Cadaster": "Hrajel", "Municipality Name": "Hrajel", "Union of Municipalities (UoM)": "UOM Kesrouane El Ftouh", "UNDP Focal Point": "N. Gharib (PM), J. Abiyad", "National Counterpart\n(Institutional Title)": "MoEW", "Counterpart Type": "Government", "CPD Output No.": "3.1", "Strategic Plan 2026-2029\nActivity / Output No.": "A4.2.1", "Gender Marker": "GEN0", "Remarks / Notes": "Irrigaiton canals are property of the  MoEW thus put \"Environmental Work\" for Type of Activity.\n\nThe activity contributes to CPD Output 2.2 via short-term job creation." }, "geometry": { "type": "Point", "coordinates": [ 35.803087, 34.031107 ] } },
{ "type": "Feature", "properties": { "REF": 93, "Project ID (Quantum)": "00088194", "Project Name": "Increasing access to water", "Programme": "Green Inclusive Program (GID)", "Start Date": "01/01/2014", "End Date": "30/12/2028", "Project Status": "Ongoing", "Output / Activity No.\n(per ProDoc results framework)": "1.1", "Full Activity Name": "Labour-intensive rehabilitation of agricultural irrigation canal at Minieh (2024, KfW Phase 5)", "Activity Description": "Water network rehabilitation", "Type of Activity": "Environmental works", "Mother Project?": "No", "Mother Project Name": null, "Geographic Level": "Cadastre (CAD+ACS)", "Coordinates (Lat)": "34.478542", "Coordinates (Long)": "35.934808", "Governorate": "North", "District": "ElMiniehDennie", "Cadaster": "Minie", "Municipality Name": "El Minie - En Nabi Youchaa", "Union of Municipalities (UoM)": "UOM El Minieh", "UNDP Focal Point": "N. Gharib (PM), R.Baddour", "National Counterpart\n(Institutional Title)": "MoEW", "Counterpart Type": "Government", "CPD Output No.": "3.1", "Strategic Plan 2026-2029\nActivity / Output No.": "A4.2.1", "Gender Marker": "GEN0", "Remarks / Notes": "Irrigaiton canals are property of the  MoEW thus put \"Environmental Work\" for Type of Activity.\n\nThe activity contributes to CPD Output 2.2 via short-term job creation." }, "geometry": { "type": "Point", "coordinates": [ 35.934808, 34.478542 ] } },
{ "type": "Feature", "properties": { "REF": 94, "Project ID (Quantum)": "00088194", "Project Name": "Increasing access to water", "Programme": "Green Inclusive Program (GID)", "Start Date": "01/01/2014", "End Date": "30/12/2028", "Project Status": "Ongoing", "Output / Activity No.\n(per ProDoc results framework)": "1.1", "Full Activity Name": "Labour-intensive rehabilitation of agricultural irrigation canal at Bcharre, Bkaakafra & Bkerkasha (2025, KfW Phase 5)", "Activity Description": "Water network rehabilitation", "Type of Activity": "Environmental works", "Mother Project?": "No", "Mother Project Name": null, "Geographic Level": "Cadastre (CAD+ACS)", "Coordinates (Lat)": "34.245563", "Coordinates (Long)": "36.063829", "Governorate": "North", "District": "Bcharre", "Cadaster": "Bcharre", "Municipality Name": "Bcharre", "Union of Municipalities (UoM)": "UOM Caza Bcharreh", "UNDP Focal Point": "N. Gharib (PM), R.Baddour", "National Counterpart\n(Institutional Title)": "MoEW", "Counterpart Type": "Government", "CPD Output No.": "3.1", "Strategic Plan 2026-2029\nActivity / Output No.": "A4.2.1", "Gender Marker": "GEN0", "Remarks / Notes": "Irrigaiton canals are property of the  MoEW thus put \"Environmental Work\" for Type of Activity.\n\nThe activity contributes to CPD Output 2.2 via short-term job creation." }, "geometry": { "type": "Point", "coordinates": [ 36.063829, 34.245563 ] } },
{ "type": "Feature", "properties": { "REF": 95, "Project ID (Quantum)": "00088194", "Project Name": "Increasing access to water", "Programme": "Green Inclusive Program (GID)", "Start Date": "01/01/2014", "End Date": "30/12/2028", "Project Status": "Ongoing", "Output / Activity No.\n(per ProDoc results framework)": "1.1", "Full Activity Name": "Labour-intensive rehabilitation of agricultural irrigation canal at Bcharre, Bkaakafra & Bkerkasha (2025, KfW Phase 5)", "Activity Description": "Water network rehabilitation", "Type of Activity": "Environmental works", "Mother Project?": "No", "Mother Project Name": null, "Geographic Level": "Cadastre (CAD+ACS)", "Coordinates (Lat)": "34.226307", "Coordinates (Long)": "36.018416", "Governorate": "North", "District": "Bcharre", "Cadaster": "Bqaa Kafra", "Municipality Name": "Bqaa Kafra", "Union of Municipalities (UoM)": "UOM Caza Bcharreh", "UNDP Focal Point": "N. Gharib (PM), R.Baddour", "National Counterpart\n(Institutional Title)": "MoEW", "Counterpart Type": "Government", "CPD Output No.": "3.1", "Strategic Plan 2026-2029\nActivity / Output No.": "A4.2.1", "Gender Marker": "GEN0", "Remarks / Notes": "Irrigaiton canals are property of the  MoEW thus put \"Environmental Work\" for Type of Activity.\n\nThe activity contributes to CPD Output 2.2 via short-term job creation." }, "geometry": { "type": "Point", "coordinates": [ 36.018416, 34.226307 ] } },
{ "type": "Feature", "properties": { "REF": 96, "Project ID (Quantum)": "00088194", "Project Name": "Increasing access to water", "Programme": "Green Inclusive Program (GID)", "Start Date": "01/01/2014", "End Date": "30/12/2028", "Project Status": "Ongoing", "Output / Activity No.\n(per ProDoc results framework)": "1.1", "Full Activity Name": "Labour-intensive rehabilitation of agricultural irrigation canal at Bcharre, Bkaakafra & Bkerkasha (2025, KfW Phase 5)", "Activity Description": "Water network rehabilitation", "Type of Activity": "Environmental works", "Mother Project?": "No", "Mother Project Name": null, "Geographic Level": "Cadastre (CAD+ACS)", "Coordinates (Lat)": "34.224421", "Coordinates (Long)": "35.998176", "Governorate": "North", "District": "Bcharre", "Cadaster": "Bqerqacha", "Municipality Name": "Bqerqacha", "Union of Municipalities (UoM)": "UOM Caza Bcharreh", "UNDP Focal Point": "N. Gharib (PM), R.Baddour", "National Counterpart\n(Institutional Title)": "MoEW", "Counterpart Type": "Government", "CPD Output No.": "3.1", "Strategic Plan 2026-2029\nActivity / Output No.": "A4.2.1", "Gender Marker": "GEN0", "Remarks / Notes": "Irrigaiton canals are property of the  MoEW thus put \"Environmental Work\" for Type of Activity.\n\nThe activity contributes to CPD Output 2.2 via short-term job creation." }, "geometry": { "type": "Point", "coordinates": [ 35.998176, 34.224421 ] } },
{ "type": "Feature", "properties": { "REF": 97, "Project ID (Quantum)": "00088194", "Project Name": "Increasing access to water", "Programme": "Green Inclusive Program (GID)", "Start Date": "01/01/2014", "End Date": "30/12/2028", "Project Status": "Ongoing", "Output / Activity No.\n(per ProDoc results framework)": "1.1", "Full Activity Name": "Labour-intensive rehabilitation of agricultural irrigation canal at El Qaa (2025, KfW Phase 5)", "Activity Description": "Water network rehabilitation", "Type of Activity": "Environmental works", "Mother Project?": "No", "Mother Project Name": null, "Geographic Level": "Cadastre (CAD+ACS)", "Coordinates (Lat)": "34.333551", "Coordinates (Long)": "36.457841", "Governorate": "BaalbekElHermel", "District": "Baalbek", "Cadaster": "Qaa Baalbek", "Municipality Name": "El Qaa", "Union of Municipalities (UoM)": "No Union", "UNDP Focal Point": "N. Gharib (PM), M.Taleb", "National Counterpart\n(Institutional Title)": "MoEW", "Counterpart Type": "Government", "CPD Output No.": "3.1", "Strategic Plan 2026-2029\nActivity / Output No.": "A4.2.1", "Gender Marker": "GEN0", "Remarks / Notes": "Irrigaiton canals are property of the  MoEW thus put \"Environmental Work\" for Type of Activity.\n\nThe activity contributes to CPD Output 2.2 via short-term job creation." }, "geometry": { "type": "Point", "coordinates": [ 36.457841, 34.333551 ] } },
{ "type": "Feature", "properties": { "REF": 98, "Project ID (Quantum)": "00088194", "Project Name": "Increasing access to water", "Programme": "Green Inclusive Program (GID)", "Start Date": "01/01/2014", "End Date": "30/12/2028", "Project Status": "Ongoing", "Output / Activity No.\n(per ProDoc results framework)": "1.1", "Full Activity Name": "Labour-intensive rehabilitation of agricultural irrigation canal at Meryata & Rachiin (2025, KfW Phase 5)", "Activity Description": "Water network rehabilitation", "Type of Activity": "Environmental works", "Mother Project?": "No", "Mother Project Name": null, "Geographic Level": "Cadastre (CAD+ACS)", "Coordinates (Lat)": "34.419444", "Coordinates (Long)": "35.929001", "Governorate": "North", "District": "Zgharta", "Cadaster": "Miriata", "Municipality Name": "Miryata - El Qadriye", "Union of Municipalities (UoM)": "No Union", "UNDP Focal Point": "N. Gharib (PM), R.Baddour", "National Counterpart\n(Institutional Title)": "MoEW", "Counterpart Type": "Government", "CPD Output No.": "3.1", "Strategic Plan 2026-2029\nActivity / Output No.": "A4.2.1", "Gender Marker": "GEN0", "Remarks / Notes": "Irrigaiton canals are property of the  MoEW thus put \"Environmental Work\" for Type of Activity.\n\nThe activity contributes to CPD Output 2.2 via short-term job creation." }, "geometry": { "type": "Point", "coordinates": [ 35.929001, 34.419444 ] } },
{ "type": "Feature", "properties": { "REF": 99, "Project ID (Quantum)": "00088194", "Project Name": "Increasing access to water", "Programme": "Green Inclusive Program (GID)", "Start Date": "01/01/2014", "End Date": "30/12/2028", "Project Status": "Ongoing", "Output / Activity No.\n(per ProDoc results framework)": "1.1", "Full Activity Name": "Labour-intensive rehabilitation of agricultural irrigation canal at Meryata & Rachiin (2025, KfW Phase 5)", "Activity Description": "Water network rehabilitation", "Type of Activity": "Environmental works", "Mother Project?": "No", "Mother Project Name": null, "Geographic Level": "Cadastre (CAD+ACS)", "Coordinates (Lat)": "34.403986", "Coordinates (Long)": "35.926563", "Governorate": "North", "District": "Zgharta", "Cadaster": "Rachaaine", "Municipality Name": "Rachaaine", "Union of Municipalities (UoM)": "UOM Caza Zgharta", "UNDP Focal Point": "N. Gharib (PM), R.Baddour", "National Counterpart\n(Institutional Title)": "MoEW", "Counterpart Type": "Government", "CPD Output No.": "3.1", "Strategic Plan 2026-2029\nActivity / Output No.": "A4.2.1", "Gender Marker": "GEN0", "Remarks / Notes": "Irrigaiton canals are property of the  MoEW thus put \"Environmental Work\" for Type of Activity.\n\nThe activity contributes to CPD Output 2.2 via short-term job creation." }, "geometry": { "type": "Point", "coordinates": [ 35.926563, 34.403986 ] } },
{ "type": "Feature", "properties": { "REF": 100, "Project ID (Quantum)": "00088194", "Project Name": "Increasing access to water", "Programme": "Green Inclusive Program (GID)", "Start Date": "01/01/2014", "End Date": "30/12/2028", "Project Status": "Ongoing", "Output / Activity No.\n(per ProDoc results framework)": "1.1", "Full Activity Name": "Labour-intensive rehabilitation of agricultural irrigation canal at Bqaatouta, Beqaata & Kfartay (2025, KfW Phase 5)", "Activity Description": "Water network rehabilitation", "Type of Activity": "Environmental works", "Mother Project?": "No", "Mother Project Name": null, "Geographic Level": "Cadastre (CAD+ACS)", "Coordinates (Lat)": "34.006164", "Coordinates (Long)": "35.732102", "Governorate": "MountLebanon", "District": "Kesrwane", "Cadaster": "Beqaata Aachqout", "Municipality Name": "Beqaatet Aachqout", "Union of Municipalities (UoM)": "UOM Kesrouane El Ftouh", "UNDP Focal Point": "N. Gharib (PM), J. Abiyad", "National Counterpart\n(Institutional Title)": "MoEW", "Counterpart Type": "Government", "CPD Output No.": "3.1", "Strategic Plan 2026-2029\nActivity / Output No.": "A4.2.1", "Gender Marker": "GEN0", "Remarks / Notes": "Irrigaiton canals are property of the  MoEW thus put \"Environmental Work\" for Type of Activity.\n\nThe activity contributes to CPD Output 2.2 via short-term job creation." }, "geometry": { "type": "Point", "coordinates": [ 35.732102, 34.006164 ] } },
{ "type": "Feature", "properties": { "REF": 101, "Project ID (Quantum)": "00088194", "Project Name": "Increasing access to water", "Programme": "Green Inclusive Program (GID)", "Start Date": "01/01/2014", "End Date": "30/12/2028", "Project Status": "Ongoing", "Output / Activity No.\n(per ProDoc results framework)": "1.1", "Full Activity Name": "Labour-intensive rehabilitation of agricultural irrigation canal at Bqaatouta, Beqaata & Kfartay (2025, KfW Phase 5)", "Activity Description": "Water network rehabilitation", "Type of Activity": "Environmental works", "Mother Project?": "No", "Mother Project Name": null, "Geographic Level": "Cadastre (CAD+ACS)", "Coordinates (Lat)": "33.973789", "Coordinates (Long)": "35.781395", "Governorate": "MountLebanon", "District": "Kesrwane", "Cadaster": "Bqaatouta", "Municipality Name": "Bqaatouta", "Union of Municipalities (UoM)": "UOM Kesrouane El Ftouh", "UNDP Focal Point": "N. Gharib (PM), J. Abiyad", "National Counterpart\n(Institutional Title)": "MoEW", "Counterpart Type": "Government", "CPD Output No.": "3.1", "Strategic Plan 2026-2029\nActivity / Output No.": "A4.2.1", "Gender Marker": "GEN0", "Remarks / Notes": "Irrigaiton canals are property of the  MoEW thus put \"Environmental Work\" for Type of Activity.\n\nThe activity contributes to CPD Output 2.2 via short-term job creation." }, "geometry": { "type": "Point", "coordinates": [ 35.781395, 33.973789 ] } },
{ "type": "Feature", "properties": { "REF": 102, "Project ID (Quantum)": "00088194", "Project Name": "Increasing access to water", "Programme": "Green Inclusive Program (GID)", "Start Date": "01/01/2014", "End Date": "30/12/2028", "Project Status": "Ongoing", "Output / Activity No.\n(per ProDoc results framework)": "1.1", "Full Activity Name": "Labour-intensive rehabilitation of agricultural irrigation canal at Bqaatouta, Beqaata & Kfartay (2025, KfW Phase 5)", "Activity Description": "Water network rehabilitation", "Type of Activity": "Environmental works", "Mother Project?": "No", "Mother Project Name": null, "Geographic Level": "Cadastre (CAD+ACS)", "Coordinates (Lat)": "33.963376", "Coordinates (Long)": "35.745536", "Governorate": "MountLebanon", "District": "Kesrwane", "Cadaster": "Kfar Tay Kesrouane", "Municipality Name": "Kfar Tay", "Union of Municipalities (UoM)": "UOM Kesrouane El Ftouh", "UNDP Focal Point": "N. Gharib (PM), J. Abiyad", "National Counterpart\n(Institutional Title)": "MoEW", "Counterpart Type": "Government", "CPD Output No.": "3.1", "Strategic Plan 2026-2029\nActivity / Output No.": "A4.2.1", "Gender Marker": "GEN0", "Remarks / Notes": "Irrigaiton canals are property of the  MoEW thus put \"Environmental Work\" for Type of Activity.\n\nThe activity contributes to CPD Output 2.2 via short-term job creation." }, "geometry": { "type": "Point", "coordinates": [ 35.745536, 33.963376 ] } },
{ "type": "Feature", "properties": { "REF": 103, "Project ID (Quantum)": "00088194", "Project Name": "Increasing access to water", "Programme": "Green Inclusive Program (GID)", "Start Date": "01/01/2014", "End Date": "30/12/2028", "Project Status": "Ongoing", "Output / Activity No.\n(per ProDoc results framework)": "1.1", "Full Activity Name": "Labour-intensive rehabilitation of agricultural irrigation canal at Akkar Atika, Daoura and Aiyyat (2024, KfW Phase 6)", "Activity Description": "Water network rehabilitation", "Type of Activity": "Environmental works", "Mother Project?": "No", "Mother Project Name": null, "Geographic Level": "Cadastre (CAD+ACS)", "Coordinates (Lat)": "34.546649", "Coordinates (Long)": "36.218015", "Governorate": "Akkar", "District": "AkkarDistrict", "Cadaster": "Daouret Aakkar", "Municipality Name": "Ed Daoura", "Union of Municipalities (UoM)": "UOM Mintaqat El Joumeh Akkar", "UNDP Focal Point": "N. Gharib (PM), R.Baddour", "National Counterpart\n(Institutional Title)": "MoEW", "Counterpart Type": "Government", "CPD Output No.": "3.1", "Strategic Plan 2026-2029\nActivity / Output No.": "A4.2.1", "Gender Marker": "GEN0", "Remarks / Notes": "Irrigaiton canals are property of the  MoEW thus put \"Environmental Work\" for Type of Activity.\n\nThe activity contributes to CPD Output 2.2 via short-term job creation." }, "geometry": { "type": "Point", "coordinates": [ 36.218015, 34.546649 ] } },
{ "type": "Feature", "properties": { "REF": 104, "Project ID (Quantum)": "00088194", "Project Name": "Increasing access to water", "Programme": "Green Inclusive Program (GID)", "Start Date": "01/01/2014", "End Date": "30/12/2028", "Project Status": "Ongoing", "Output / Activity No.\n(per ProDoc results framework)": "1.1", "Full Activity Name": "Labour-intensive rehabilitation of agricultural irrigation canal at Akkar Atika, Daoura and Aiyyat (2024, KfW Phase 6)", "Activity Description": "Water network rehabilitation", "Type of Activity": "Environmental works", "Mother Project?": "No", "Mother Project Name": null, "Geographic Level": "Cadastre (CAD+ACS)", "Coordinates (Lat)": "34.537378", "Coordinates (Long)": "36.198228", "Governorate": "Akkar", "District": "AkkarDistrict", "Cadaster": "Aaiyat", "Municipality Name": "Aaiyat", "Union of Municipalities (UoM)": "UOM Mintaqat El Joumeh Akkar", "UNDP Focal Point": "N. Gharib (PM), R.Baddour", "National Counterpart\n(Institutional Title)": "MoEW", "Counterpart Type": "Government", "CPD Output No.": "3.1", "Strategic Plan 2026-2029\nActivity / Output No.": "A4.2.1", "Gender Marker": "GEN0", "Remarks / Notes": "Irrigaiton canals are property of the  MoEW thus put \"Environmental Work\" for Type of Activity.\n\nThe activity contributes to CPD Output 2.2 via short-term job creation." }, "geometry": { "type": "Point", "coordinates": [ 36.198228, 34.537378 ] } },
{ "type": "Feature", "properties": { "REF": 105, "Project ID (Quantum)": "00088194", "Project Name": "Increasing access to water", "Programme": "Green Inclusive Program (GID)", "Start Date": "01/01/2014", "End Date": "30/12/2028", "Project Status": "Ongoing", "Output / Activity No.\n(per ProDoc results framework)": "1.1", "Full Activity Name": "Labour-intensive rehabilitation of agricultural irrigation canal at Denniyeh slab cover cluster  (2024, KfW Phase 6)", "Activity Description": "Water network rehabilitation", "Type of Activity": "Environmental works", "Mother Project?": "No", "Mother Project Name": null, "Geographic Level": "Cadastre (CAD+ACS)", "Coordinates (Lat)": "34.383736", "Coordinates (Long)": "36.027324", "Governorate": "North", "District": "ElMiniehDennie", "Cadaster": "Sir Ed-Danniye", "Municipality Name": "Sir Ed Danniye", "Union of Municipalities (UoM)": "UOM El Donnieh", "UNDP Focal Point": "N. Gharib (PM), R.Baddour", "National Counterpart\n(Institutional Title)": "MoEW", "Counterpart Type": "Government", "CPD Output No.": "3.1", "Strategic Plan 2026-2029\nActivity / Output No.": "A4.2.1", "Gender Marker": "GEN0", "Remarks / Notes": "Irrigaiton canals are property of the  MoEW thus put \"Environmental Work\" for Type of Activity.\n\nThe activity contributes to CPD Output 2.2 via short-term job creation." }, "geometry": { "type": "Point", "coordinates": [ 36.027324, 34.383736 ] } },
{ "type": "Feature", "properties": { "REF": 106, "Project ID (Quantum)": "00088194", "Project Name": "Increasing access to water", "Programme": "Green Inclusive Program (GID)", "Start Date": "01/01/2014", "End Date": "30/12/2028", "Project Status": "Ongoing", "Output / Activity No.\n(per ProDoc results framework)": "1.1", "Full Activity Name": "Labour-intensive rehabilitation of agricultural irrigation canal at Ouyoun Orghosh (2024, KfW Phase 6)", "Activity Description": "Water network rehabilitation", "Type of Activity": "Environmental works", "Mother Project?": "No", "Mother Project Name": null, "Geographic Level": "Cadastre (CAD+ACS)", "Coordinates (Lat)": "#N/A", "Coordinates (Long)": "#N/A", "Governorate": "BaalbekElHermel", "District": "Baalbek", "Cadaster": null, "Municipality Name": "0", "Union of Municipalities (UoM)": "#N/A", "UNDP Focal Point": "N. Gharib (PM), M.Taleb", "National Counterpart\n(Institutional Title)": "MoEW", "Counterpart Type": "Government", "CPD Output No.": "3.1", "Strategic Plan 2026-2029\nActivity / Output No.": "A4.2.1", "Gender Marker": "GEN0", "Remarks / Notes": "Irrigaiton canals are property of the  MoEW thus put \"Environmental Work\" for Type of Activity.\n\nThe activity contributes to CPD Output 2.2 via short-term job creation." }, "geometry": null },
{ "type": "Feature", "properties": { "REF": 107, "Project ID (Quantum)": "00088194", "Project Name": "Increasing access to water", "Programme": "Green Inclusive Program (GID)", "Start Date": "01/01/2014", "End Date": "30/12/2028", "Project Status": "Ongoing", "Output / Activity No.\n(per ProDoc results framework)": "1.1", "Full Activity Name": "Labour-intensive rehabilitation of agricultural irrigation canal at Kfardebian (2025, KfW Phase 6)", "Activity Description": "Water network rehabilitation", "Type of Activity": "Environmental works", "Mother Project?": "No", "Mother Project Name": null, "Geographic Level": "Cadastre (CAD+ACS)", "Coordinates (Lat)": "33.995779", "Coordinates (Long)": "35.785747", "Governorate": "MountLebanon", "District": "Kesrwane", "Cadaster": "Kfar Dibiane", "Municipality Name": "Kfardibiane", "Union of Municipalities (UoM)": "UOM Kesrouane El Ftouh", "UNDP Focal Point": "N. Gharib (PM), J. Abiyad", "National Counterpart\n(Institutional Title)": "MoEW", "Counterpart Type": "Government", "CPD Output No.": "3.1", "Strategic Plan 2026-2029\nActivity / Output No.": "A4.2.1", "Gender Marker": "GEN0", "Remarks / Notes": "Irrigaiton canals are property of the  MoEW thus put \"Environmental Work\" for Type of Activity.\n\nThe activity contributes to CPD Output 2.2 via short-term job creation." }, "geometry": { "type": "Point", "coordinates": [ 35.785747, 33.995779 ] } },
{ "type": "Feature", "properties": { "REF": 108, "Project ID (Quantum)": "00088194", "Project Name": "Increasing access to water", "Programme": "Green Inclusive Program (GID)", "Start Date": "01/01/2014", "End Date": "30/12/2028", "Project Status": "Ongoing", "Output / Activity No.\n(per ProDoc results framework)": "1.1", "Full Activity Name": "Labour-intensive rehabilitation of agricultural irrigation canal at Saghbine Bab Mareh Ain Zebdeh Aitanit Kherbet Qanafar (2025, KfW Phase 6)", "Activity Description": "Water network rehabilitation", "Type of Activity": "Environmental works", "Mother Project?": "No", "Mother Project Name": null, "Geographic Level": "Cadastre (CAD+ACS)", "Coordinates (Lat)": "33.609307", "Coordinates (Long)": "35.693449", "Governorate": "Bekaa", "District": "WestBekaa", "Cadaster": "Saghbine", "Municipality Name": "Saghbine", "Union of Municipalities (UoM)": "UOM El Bouhayra", "UNDP Focal Point": "N. Gharib (PM), M.Taleb", "National Counterpart\n(Institutional Title)": "MoEW", "Counterpart Type": "Government", "CPD Output No.": "3.1", "Strategic Plan 2026-2029\nActivity / Output No.": "A4.2.1", "Gender Marker": "GEN0", "Remarks / Notes": "Irrigaiton canals are property of the  MoEW thus put \"Environmental Work\" for Type of Activity.\n\nThe activity contributes to CPD Output 2.2 via short-term job creation." }, "geometry": { "type": "Point", "coordinates": [ 35.693449, 33.609307 ] } },
{ "type": "Feature", "properties": { "REF": 109, "Project ID (Quantum)": "00088194", "Project Name": "Increasing access to water", "Programme": "Green Inclusive Program (GID)", "Start Date": "01/01/2014", "End Date": "30/12/2028", "Project Status": "Ongoing", "Output / Activity No.\n(per ProDoc results framework)": "1.1", "Full Activity Name": "Labour-intensive rehabilitation of agricultural irrigation canal at Saghbine Bab Mareh Ain Zebdeh Aitanit Kherbet Qanafar (2025, KfW Phase 6)", "Activity Description": "Water network rehabilitation", "Type of Activity": "Environmental works", "Mother Project?": "No", "Mother Project Name": null, "Geographic Level": "Cadastre (CAD+ACS)", "Coordinates (Lat)": "33.588313", "Coordinates (Long)": "35.675535", "Governorate": "Bekaa", "District": "WestBekaa", "Cadaster": "Bab Mareaa", "Municipality Name": "Bab Maraa", "Union of Municipalities (UoM)": "UOM El Bouhayra", "UNDP Focal Point": "N. Gharib (PM), M.Taleb", "National Counterpart\n(Institutional Title)": "MoEW", "Counterpart Type": "Government", "CPD Output No.": "3.1", "Strategic Plan 2026-2029\nActivity / Output No.": "A4.2.1", "Gender Marker": "GEN0", "Remarks / Notes": "Irrigaiton canals are property of the  MoEW thus put \"Environmental Work\" for Type of Activity.\n\nThe activity contributes to CPD Output 2.2 via short-term job creation." }, "geometry": { "type": "Point", "coordinates": [ 35.675535, 33.588313 ] } },
{ "type": "Feature", "properties": { "REF": 110, "Project ID (Quantum)": "00088194", "Project Name": "Increasing access to water", "Programme": "Green Inclusive Program (GID)", "Start Date": "01/01/2014", "End Date": "30/12/2028", "Project Status": "Ongoing", "Output / Activity No.\n(per ProDoc results framework)": "1.1", "Full Activity Name": "Labour-intensive rehabilitation of agricultural irrigation canal at Saghbine Bab Mareh Ain Zebdeh Aitanit Kherbet Qanafar (2025, KfW Phase 6)", "Activity Description": "Water network rehabilitation", "Type of Activity": "Environmental works", "Mother Project?": "No", "Mother Project Name": null, "Geographic Level": "Cadastre (CAD+ACS)", "Coordinates (Lat)": "33.626866", "Coordinates (Long)": "35.69856", "Governorate": "Bekaa", "District": "WestBekaa", "Cadaster": "Aain Zebde", "Municipality Name": "Ain Zebde", "Union of Municipalities (UoM)": "UOM El Bouhayra", "UNDP Focal Point": "N. Gharib (PM), M.Taleb", "National Counterpart\n(Institutional Title)": "MoEW", "Counterpart Type": "Government", "CPD Output No.": "3.1", "Strategic Plan 2026-2029\nActivity / Output No.": "A4.2.1", "Gender Marker": "GEN0", "Remarks / Notes": "Irrigaiton canals are property of the  MoEW thus put \"Environmental Work\" for Type of Activity.\n\nThe activity contributes to CPD Output 2.2 via short-term job creation." }, "geometry": { "type": "Point", "coordinates": [ 35.69856, 33.626866 ] } },
{ "type": "Feature", "properties": { "REF": 111, "Project ID (Quantum)": "00088194", "Project Name": "Increasing access to water", "Programme": "Green Inclusive Program (GID)", "Start Date": "01/01/2014", "End Date": "30/12/2028", "Project Status": "Ongoing", "Output / Activity No.\n(per ProDoc results framework)": "1.1", "Full Activity Name": "Labour-intensive rehabilitation of agricultural irrigation canal at Saghbine Bab Mareh Ain Zebdeh Aitanit Kherbet Qanafar (2025, KfW Phase 6)", "Activity Description": "Water network rehabilitation", "Type of Activity": "Environmental works", "Mother Project?": "No", "Mother Project Name": null, "Geographic Level": "Cadastre (CAD+ACS)", "Coordinates (Lat)": "33.564078", "Coordinates (Long)": "35.671192", "Governorate": "Bekaa", "District": "WestBekaa", "Cadaster": "Aaytanit", "Municipality Name": "Aitanit", "Union of Municipalities (UoM)": "UOM El Bouhayra", "UNDP Focal Point": "N. Gharib (PM), M.Taleb", "National Counterpart\n(Institutional Title)": "MoEW", "Counterpart Type": "Government", "CPD Output No.": "3.1", "Strategic Plan 2026-2029\nActivity / Output No.": "A4.2.1", "Gender Marker": "GEN0", "Remarks / Notes": "Irrigaiton canals are property of the  MoEW thus put \"Environmental Work\" for Type of Activity.\n\nThe activity contributes to CPD Output 2.2 via short-term job creation." }, "geometry": { "type": "Point", "coordinates": [ 35.671192, 33.564078 ] } },
{ "type": "Feature", "properties": { "REF": 112, "Project ID (Quantum)": "00088194", "Project Name": "Increasing access to water", "Programme": "Green Inclusive Program (GID)", "Start Date": "01/01/2014", "End Date": "30/12/2028", "Project Status": "Ongoing", "Output / Activity No.\n(per ProDoc results framework)": "1.1", "Full Activity Name": "Labour-intensive rehabilitation of agricultural irrigation canal at Saghbine Bab Mareh Ain Zebdeh Aitanit Kherbet Qanafar (2025, KfW Phase 6)", "Activity Description": "Water network rehabilitation", "Type of Activity": "Environmental works", "Mother Project?": "No", "Mother Project Name": null, "Geographic Level": "Cadastre (CAD+ACS)", "Coordinates (Lat)": "33.637765", "Coordinates (Long)": "35.724411", "Governorate": "Bekaa", "District": "WestBekaa", "Cadaster": "Khirbet Qanafar", "Municipality Name": "Khirbet Qanafar", "Union of Municipalities (UoM)": "UOM El Bouhayra", "UNDP Focal Point": "N. Gharib (PM), M.Taleb", "National Counterpart\n(Institutional Title)": "MoEW", "Counterpart Type": "Government", "CPD Output No.": "3.1", "Strategic Plan 2026-2029\nActivity / Output No.": "A4.2.1", "Gender Marker": "GEN0", "Remarks / Notes": "Irrigaiton canals are property of the  MoEW thus put \"Environmental Work\" for Type of Activity.\n\nThe activity contributes to CPD Output 2.2 via short-term job creation." }, "geometry": { "type": "Point", "coordinates": [ 35.724411, 33.637765 ] } },
{ "type": "Feature", "properties": { "REF": 113, "Project ID (Quantum)": "00088194", "Project Name": "Increasing access to water", "Programme": "Green Inclusive Program (GID)", "Start Date": "01/01/2014", "End Date": "30/12/2028", "Project Status": "Ongoing", "Output / Activity No.\n(per ProDoc results framework)": "1.1", "Full Activity Name": "Labour-intensive rehabilitation of agricultural hill lake at Jezzine (2020, KfW Phase 1)", "Activity Description": "Water network rehabilitation", "Type of Activity": "Municipal infrastructure", "Mother Project?": "No", "Mother Project Name": null, "Geographic Level": "Cadastre (CAD+ACS)", "Coordinates (Lat)": "33.527578", "Coordinates (Long)": "35.586368", "Governorate": "South", "District": "Jezzine", "Cadaster": "Jezzine", "Municipality Name": "Jezzine - Ain Majdalain", "Union of Municipalities (UoM)": "UOM Caza Jezzine", "UNDP Focal Point": "N. Gharib (PM), J. Abiyad", "National Counterpart\n(Institutional Title)": "MoEW", "Counterpart Type": "Government", "CPD Output No.": "3.1", "Strategic Plan 2026-2029\nActivity / Output No.": "A4.2.1", "Gender Marker": "GEN0", "Remarks / Notes": "Hill lakes are property of the  Municipality\n\nThe activity contributes to CPD Output 2.2 via short-term job creation." }, "geometry": { "type": "Point", "coordinates": [ 35.586368, 33.527578 ] } },
{ "type": "Feature", "properties": { "REF": 114, "Project ID (Quantum)": "00088194", "Project Name": "Increasing access to water", "Programme": "Green Inclusive Program (GID)", "Start Date": "01/01/2014", "End Date": "30/12/2028", "Project Status": "Ongoing", "Output / Activity No.\n(per ProDoc results framework)": "1.1", "Full Activity Name": "Labour-intensive rehabilitation of agricultural hill lake at Fneidik(2020, KfW Phase 1)", "Activity Description": "Water network rehabilitation", "Type of Activity": "Municipal infrastructure", "Mother Project?": "No", "Mother Project Name": null, "Geographic Level": "Cadastre (CAD+ACS)", "Coordinates (Lat)": "34.464108", "Coordinates (Long)": "36.214531", "Governorate": "Akkar", "District": "AkkarDistrict", "Cadaster": "Fnaydeq", "Municipality Name": "Fnaideq", "Union of Municipalities (UoM)": "UOM Jord El Qaytaa", "UNDP Focal Point": "N. Gharib (PM), R.Baddour", "National Counterpart\n(Institutional Title)": "MoEW", "Counterpart Type": "Government", "CPD Output No.": "3.1", "Strategic Plan 2026-2029\nActivity / Output No.": "A4.2.1", "Gender Marker": "GEN0", "Remarks / Notes": "Irrigaiton canals are property of the  MoEW thus put \"Environmental Work\" for Type of Activity.\n\nThe activity contributes to CPD Output 2.2 via short-term job creation." }, "geometry": { "type": "Point", "coordinates": [ 36.214531, 34.464108 ] } },
{ "type": "Feature", "properties": { "REF": 115, "Project ID (Quantum)": "00088194", "Project Name": "Increasing access to water", "Programme": "Green Inclusive Program (GID)", "Start Date": "01/01/2014", "End Date": "30/12/2028", "Project Status": "Ongoing", "Output / Activity No.\n(per ProDoc results framework)": "1.1", "Full Activity Name": "Labour-intensive rehabilitation of agricultural hill lake at Kefraya (2021, KfW Phase 1)", "Activity Description": "Water network rehabilitation", "Type of Activity": "Municipal infrastructure", "Mother Project?": "No", "Mother Project Name": null, "Geographic Level": "Cadastre (CAD+ACS)", "Coordinates (Lat)": "33.66043", "Coordinates (Long)": "35.736484", "Governorate": "Bekaa", "District": "WestBekaa", "Cadaster": "Kafraiya BG", "Municipality Name": "Kafraiya West Bekaa", "Union of Municipalities (UoM)": "UOM El Bouhayra", "UNDP Focal Point": "N. Gharib (PM), M.Taleb", "National Counterpart\n(Institutional Title)": "MoEW", "Counterpart Type": "Government", "CPD Output No.": "3.1", "Strategic Plan 2026-2029\nActivity / Output No.": "A4.2.1", "Gender Marker": "GEN0", "Remarks / Notes": "Hill lakes are property of the  Municipality\n\nThe activity contributes to CPD Output 2.2 via short-term job creation." }, "geometry": { "type": "Point", "coordinates": [ 35.736484, 33.66043 ] } },
{ "type": "Feature", "properties": { "REF": 116, "Project ID (Quantum)": "00088194", "Project Name": "Increasing access to water", "Programme": "Green Inclusive Program (GID)", "Start Date": "01/01/2014", "End Date": "30/12/2028", "Project Status": "Ongoing", "Output / Activity No.\n(per ProDoc results framework)": "1.1", "Full Activity Name": "Labour-intensive rehabilitation of agricultural hill lake at El Qaa (2021, KfW Phase 2)", "Activity Description": "Water network rehabilitation", "Type of Activity": "Municipal infrastructure", "Mother Project?": "No", "Mother Project Name": null, "Geographic Level": "Cadastre (CAD+ACS)", "Coordinates (Lat)": "34.333551", "Coordinates (Long)": "36.457841", "Governorate": "BaalbekElHermel", "District": "Baalbek", "Cadaster": "Qaa Baalbek", "Municipality Name": "El Qaa", "Union of Municipalities (UoM)": "No Union", "UNDP Focal Point": "N. Gharib (PM), M.Taleb", "National Counterpart\n(Institutional Title)": "MoEW", "Counterpart Type": "Government", "CPD Output No.": "3.1", "Strategic Plan 2026-2029\nActivity / Output No.": "A4.2.1", "Gender Marker": "GEN0", "Remarks / Notes": "Irrigaiton canals are property of the  MoEW thus put \"Environmental Work\" for Type of Activity.\n\nThe activity contributes to CPD Output 2.2 via short-term job creation." }, "geometry": { "type": "Point", "coordinates": [ 36.457841, 34.333551 ] } },
{ "type": "Feature", "properties": { "REF": 117, "Project ID (Quantum)": "00088194", "Project Name": "Increasing access to water", "Programme": "Green Inclusive Program (GID)", "Start Date": "01/01/2014", "End Date": "30/12/2028", "Project Status": "Ongoing", "Output / Activity No.\n(per ProDoc results framework)": "1.1", "Full Activity Name": "Labour-intensive rehabilitation of agricultural hill lake at Meshmesh (2022, KfW Phase 2)", "Activity Description": "Water network rehabilitation", "Type of Activity": "Municipal infrastructure", "Mother Project?": "No", "Mother Project Name": null, "Geographic Level": "Cadastre (CAD+ACS)", "Coordinates (Lat)": "34.439998", "Coordinates (Long)": "36.175476", "Governorate": "Akkar", "District": "AkkarDistrict", "Cadaster": "Michmich Aakkar", "Municipality Name": "Mechmech", "Union of Municipalities (UoM)": "UOM Jord El Qaytaa", "UNDP Focal Point": "N. Gharib (PM), R.Baddour", "National Counterpart\n(Institutional Title)": "MoEW", "Counterpart Type": "Government", "CPD Output No.": "3.1", "Strategic Plan 2026-2029\nActivity / Output No.": "A4.2.1", "Gender Marker": "GEN0", "Remarks / Notes": "Hill lakes are property of the  Municipality\n\nThe activity contributes to CPD Output 2.2 via short-term job creation." }, "geometry": { "type": "Point", "coordinates": [ 36.175476, 34.439998 ] } },
{ "type": "Feature", "properties": { "REF": 118, "Project ID (Quantum)": "00088194", "Project Name": "Increasing access to water", "Programme": "Green Inclusive Program (GID)", "Start Date": "01/01/2014", "End Date": "30/12/2028", "Project Status": "Ongoing", "Output / Activity No.\n(per ProDoc results framework)": "1.1", "Full Activity Name": "Labour-intensive rehabilitation of agricultural hill lake at Ainata (2022, KfW Phase 2)", "Activity Description": "Water network rehabilitation", "Type of Activity": "Municipal infrastructure", "Mother Project?": "No", "Mother Project Name": null, "Geographic Level": "Cadastre (CAD+ACS)", "Coordinates (Lat)": "34.188625", "Coordinates (Long)": "36.072553", "Governorate": "BaalbekElHermel", "District": "Baalbek", "Cadaster": "Aaynata Baalbek", "Municipality Name": "Ainata", "Union of Municipalities (UoM)": "UOM Mintaqat Deir El Ahmar", "UNDP Focal Point": "N. Gharib (PM), M.Taleb", "National Counterpart\n(Institutional Title)": "MoEW", "Counterpart Type": "Government", "CPD Output No.": "3.1", "Strategic Plan 2026-2029\nActivity / Output No.": "A4.2.1", "Gender Marker": "GEN0", "Remarks / Notes": "Irrigaiton canals are property of the  MoEW thus put \"Environmental Work\" for Type of Activity.\n\nThe activity contributes to CPD Output 2.2 via short-term job creation." }, "geometry": { "type": "Point", "coordinates": [ 36.072553, 34.188625 ] } },
{ "type": "Feature", "properties": { "REF": 119, "Project ID (Quantum)": "00088194", "Project Name": "Increasing access to water", "Programme": "Green Inclusive Program (GID)", "Start Date": "01/01/2014", "End Date": "30/12/2028", "Project Status": "Ongoing", "Output / Activity No.\n(per ProDoc results framework)": "1.1", "Full Activity Name": "Labour-intensive rehabilitation of agricultural hill lake at Bechwate (2025, KfW Phase 3)", "Activity Description": "Water network rehabilitation", "Type of Activity": "Municipal infrastructure", "Mother Project?": "No", "Mother Project Name": null, "Geographic Level": "Cadastre (CAD+ACS)", "Coordinates (Lat)": "34.148364", "Coordinates (Long)": "36.131831", "Governorate": "BaalbekElHermel", "District": "Baalbek", "Cadaster": "Bechouat", "Municipality Name": "Bechouat and Zrazir", "Union of Municipalities (UoM)": "UOM Mintaqat Deir El Ahmar", "UNDP Focal Point": "N. Gharib (PM), M.Taleb", "National Counterpart\n(Institutional Title)": "MoEW", "Counterpart Type": "Government", "CPD Output No.": "3.1", "Strategic Plan 2026-2029\nActivity / Output No.": "A4.2.1", "Gender Marker": "GEN0", "Remarks / Notes": "Hill lakes are property of the  Municipality\n\nThe activity contributes to CPD Output 2.2 via short-term job creation." }, "geometry": { "type": "Point", "coordinates": [ 36.131831, 34.148364 ] } },
{ "type": "Feature", "properties": { "REF": 120, "Project ID (Quantum)": "00088194", "Project Name": "Increasing access to water", "Programme": "Green Inclusive Program (GID)", "Start Date": "01/01/2014", "End Date": "30/12/2028", "Project Status": "Ongoing", "Output / Activity No.\n(per ProDoc results framework)": "1.1", "Full Activity Name": "Labour-intensive rehabilitation of agricultural hill lake at Kfarmishki (2024, KfW Phase 4)", "Activity Description": "Water network rehabilitation", "Type of Activity": "Municipal infrastructure", "Mother Project?": "No", "Mother Project Name": null, "Geographic Level": "Cadastre (CAD+ACS)", "Coordinates (Lat)": "33.511123", "Coordinates (Long)": "35.767872", "Governorate": "Bekaa", "District": "Rachaya", "Cadaster": "Kfar Lichki", "Municipality Name": "Kfar Mechki", "Union of Municipalities (UoM)": "No Union", "UNDP Focal Point": "N. Gharib (PM), M.Taleb", "National Counterpart\n(Institutional Title)": "MoEW", "Counterpart Type": "Government", "CPD Output No.": "3.1", "Strategic Plan 2026-2029\nActivity / Output No.": "A4.2.1", "Gender Marker": "GEN0", "Remarks / Notes": "Irrigaiton canals are property of the  MoEW thus put \"Environmental Work\" for Type of Activity.\n\nThe activity contributes to CPD Output 2.2 via short-term job creation." }, "geometry": { "type": "Point", "coordinates": [ 35.767872, 33.511123 ] } },
{ "type": "Feature", "properties": { "REF": 121, "Project ID (Quantum)": "00088194", "Project Name": "Increasing access to water", "Programme": "Green Inclusive Program (GID)", "Start Date": "01/01/2014", "End Date": "30/12/2028", "Project Status": "Ongoing", "Output / Activity No.\n(per ProDoc results framework)": "1.1", "Full Activity Name": "Labour-intensive rehabilitation of agricultural hill lake at Btedee (2024, KfW Phase 5)", "Activity Description": "Water network rehabilitation", "Type of Activity": "Municipal infrastructure", "Mother Project?": "No", "Mother Project Name": null, "Geographic Level": "Cadastre (CAD+ACS)", "Coordinates (Lat)": "34.109339", "Coordinates (Long)": "36.099269", "Governorate": "BaalbekElHermel", "District": "Baalbek", "Cadaster": "Btedaai", "Municipality Name": "Betdaai", "Union of Municipalities (UoM)": "UOM Mintaqat Deir El Ahmar", "UNDP Focal Point": "N. Gharib (PM), M.Taleb", "National Counterpart\n(Institutional Title)": "MoEW", "Counterpart Type": "Government", "CPD Output No.": "3.1", "Strategic Plan 2026-2029\nActivity / Output No.": "A4.2.1", "Gender Marker": "GEN0", "Remarks / Notes": "Hill lakes are property of the  Municipality\n\nThe activity contributes to CPD Output 2.2 via short-term job creation." }, "geometry": { "type": "Point", "coordinates": [ 36.099269, 34.109339 ] } },
{ "type": "Feature", "properties": { "REF": 122, "Project ID (Quantum)": "00088194", "Project Name": "Increasing access to water", "Programme": "Green Inclusive Program (GID)", "Start Date": "01/01/2014", "End Date": "30/12/2028", "Project Status": "Ongoing", "Output / Activity No.\n(per ProDoc results framework)": "1.1", "Full Activity Name": "Labour-intensive rehabilitation of agricultural hill lake at Majdel Selem(2024, KfW Phase 5)", "Activity Description": "Water network rehabilitation", "Type of Activity": "Municipal infrastructure", "Mother Project?": "No", "Mother Project Name": null, "Geographic Level": "Cadastre (CAD+ACS)", "Coordinates (Lat)": "33.217832", "Coordinates (Long)": "35.464527", "Governorate": "ElNabatieh", "District": "Marjaayoun", "Cadaster": "Majdel Selm", "Municipality Name": "Majdel Silim", "Union of Municipalities (UoM)": "UOM Jabal Aamel", "UNDP Focal Point": "N. Gharib (PM), J. Abiyad", "National Counterpart\n(Institutional Title)": "MoEW", "Counterpart Type": "Government", "CPD Output No.": "3.1", "Strategic Plan 2026-2029\nActivity / Output No.": "A4.2.1", "Gender Marker": "GEN0", "Remarks / Notes": "Irrigaiton canals are property of the  MoEW thus put \"Environmental Work\" for Type of Activity.\n\nThe activity contributes to CPD Output 2.2 via short-term job creation." }, "geometry": { "type": "Point", "coordinates": [ 35.464527, 33.217832 ] } },
{ "type": "Feature", "properties": { "REF": 123, "Project ID (Quantum)": "00088194", "Project Name": "Increasing access to water", "Programme": "Green Inclusive Program (GID)", "Start Date": "01/01/2014", "End Date": "30/12/2028", "Project Status": "Ongoing", "Output / Activity No.\n(per ProDoc results framework)": "1.1", "Full Activity Name": "Labour-intensive rehabilitation of agricultural hill lake at Bkerkasha (2024, KfW Phase 5)", "Activity Description": "Water network rehabilitation", "Type of Activity": "Municipal infrastructure", "Mother Project?": "No", "Mother Project Name": null, "Geographic Level": "Cadastre (CAD+ACS)", "Coordinates (Lat)": "34.224421", "Coordinates (Long)": "35.998176", "Governorate": "North", "District": "Bcharre", "Cadaster": "Bqerqacha", "Municipality Name": "Bqerqacha", "Union of Municipalities (UoM)": "UOM Caza Bcharreh", "UNDP Focal Point": "N. Gharib (PM), M.Taleb", "National Counterpart\n(Institutional Title)": "MoEW", "Counterpart Type": "Government", "CPD Output No.": "3.1", "Strategic Plan 2026-2029\nActivity / Output No.": "A4.2.1", "Gender Marker": "GEN0", "Remarks / Notes": "Hill lakes are property of the  Municipality\n\nThe activity contributes to CPD Output 2.2 via short-term job creation." }, "geometry": { "type": "Point", "coordinates": [ 35.998176, 34.224421 ] } },
{ "type": "Feature", "properties": { "REF": 124, "Project ID (Quantum)": "01001256", "Project Name": "EU Support to Lebanon's Green Agenda - Sustainable Energy", "Programme": "Green Inclusive Program (GID)", "Start Date": "01/11/2023", "End Date": "31/10/2027", "Project Status": "Ongoing", "Output / Activity No.\n(per ProDoc results framework)": "1.1", "Full Activity Name": "Installation of Solar PV and Energy Efficiency measures at Baabda Justice Palace (courthouse)", "Activity Description": "Solar PV / street lighting", "Type of Activity": "Environmental works", "Mother Project?": "No", "Mother Project Name": null, "Geographic Level": "Cadastre (CAD+ACS)", "Coordinates (Lat)": "33.845533", "Coordinates (Long)": "35.544833", "Governorate": "MountLebanon", "District": "Baabda", "Cadaster": "Baabda", "Municipality Name": "Baabda and Hazmiye", "Union of Municipalities (UoM)": "UOM Sahil El Metn El Janoubi", "UNDP Focal Point": "H. Harajli (PM)", "National Counterpart\n(Institutional Title)": "MoJ", "Counterpart Type": "Government", "CPD Output No.": "3.2", "Strategic Plan 2026-2029\nActivity / Output No.": "A4.2.5", "Gender Marker": "GEN0", "Remarks / Notes": null }, "geometry": { "type": "Point", "coordinates": [ 35.544833, 33.845533 ] } },
{ "type": "Feature", "properties": { "REF": 125, "Project ID (Quantum)": "01001256", "Project Name": "EU Support to Lebanon's Green Agenda - Sustainable Energy", "Programme": "Green Inclusive Program (GID)", "Start Date": "01/11/2023", "End Date": "31/10/2027", "Project Status": "Ongoing", "Output / Activity No.\n(per ProDoc results framework)": "1.1", "Full Activity Name": "Installation of Solar PV and Energy Efficiency measures at Jdeideh Justice Palace (courthouse) ", "Activity Description": "Solar PV / street lighting", "Type of Activity": "Environmental works", "Mother Project?": "No", "Mother Project Name": null, "Geographic Level": "Cadastre (CAD+ACS)", "Coordinates (Lat)": "33.885335", "Coordinates (Long)": "35.558383", "Governorate": "MountLebanon", "District": "ElMeten", "Cadaster": "Jdaidet El-Matn", "Municipality Name": "Jdaide - Baouchriye - Sad el Baouchriye", "Union of Municipalities (UoM)": "UOM El Metn El Chemali El Sahili El Aousat", "UNDP Focal Point": "H. Harajli (PM)", "National Counterpart\n(Institutional Title)": "MoJ", "Counterpart Type": "Government", "CPD Output No.": "3.2", "Strategic Plan 2026-2029\nActivity / Output No.": "A4.2.5", "Gender Marker": "GEN0", "Remarks / Notes": null }, "geometry": { "type": "Point", "coordinates": [ 35.558383, 33.885335 ] } },
{ "type": "Feature", "properties": { "REF": 126, "Project ID (Quantum)": "01001256", "Project Name": "EU Support to Lebanon's Green Agenda - Sustainable Energy", "Programme": "Green Inclusive Program (GID)", "Start Date": "01/11/2023", "End Date": "31/10/2027", "Project Status": "Ongoing", "Output / Activity No.\n(per ProDoc results framework)": "1.1", "Full Activity Name": "Installation of Solar PV and Energy Efficiency measures at Toripoli Justice Palace (courthouse) ", "Activity Description": "Solar PV / street lighting", "Type of Activity": "Environmental works", "Mother Project?": "No", "Mother Project Name": null, "Geographic Level": "Cadastre (CAD+ACS)", "Coordinates (Lat)": "#N/A", "Coordinates (Long)": "#N/A", "Governorate": "North", "District": "Tripoli", "Cadaster": null, "Municipality Name": "0", "Union of Municipalities (UoM)": "#N/A", "UNDP Focal Point": "H. Harajli (PM)", "National Counterpart\n(Institutional Title)": "MoJ", "Counterpart Type": "Government", "CPD Output No.": "3.2", "Strategic Plan 2026-2029\nActivity / Output No.": "A4.2.5", "Gender Marker": "GEN0", "Remarks / Notes": null }, "geometry": null },
{ "type": "Feature", "properties": { "REF": 127, "Project ID (Quantum)": "01001256", "Project Name": "EU Support to Lebanon's Green Agenda - Sustainable Energy", "Programme": "Green Inclusive Program (GID)", "Start Date": "01/11/2023", "End Date": "31/10/2027", "Project Status": "Ongoing", "Output / Activity No.\n(per ProDoc results framework)": "1.1", "Full Activity Name": "Installation of Solar PV and Energy Efficiency measures at Saida Justice Palace (courthouse) ", "Activity Description": "Solar PV / street lighting", "Type of Activity": "Environmental works", "Mother Project?": "No", "Mother Project Name": null, "Geographic Level": "Cadastre (CAD+ACS)", "Coordinates (Lat)": "#N/A", "Coordinates (Long)": "#N/A", "Governorate": "South", "District": "Saida", "Cadaster": null, "Municipality Name": "0", "Union of Municipalities (UoM)": "#N/A", "UNDP Focal Point": "H. Harajli (PM)", "National Counterpart\n(Institutional Title)": "MoJ", "Counterpart Type": "Government", "CPD Output No.": "3.2", "Strategic Plan 2026-2029\nActivity / Output No.": "A4.2.5", "Gender Marker": "GEN0", "Remarks / Notes": null }, "geometry": null },
{ "type": "Feature", "properties": { "REF": 128, "Project ID (Quantum)": "01001256", "Project Name": "EU Support to Lebanon's Green Agenda - Sustainable Energy", "Programme": "Green Inclusive Program (GID)", "Start Date": "01/11/2023", "End Date": "31/10/2027", "Project Status": "Ongoing", "Output / Activity No.\n(per ProDoc results framework)": "1.1", "Full Activity Name": "Installation of Solar PV and Energy Efficiency measures at Zahle Justice Palace (courthouse) ", "Activity Description": "Solar PV / street lighting", "Type of Activity": "Environmental works", "Mother Project?": "No", "Mother Project Name": null, "Geographic Level": "Cadastre (CAD+ACS)", "Coordinates (Lat)": "#N/A", "Coordinates (Long)": "#N/A", "Governorate": "Bekaa", "District": "Zahle", "Cadaster": null, "Municipality Name": "0", "Union of Municipalities (UoM)": "#N/A", "UNDP Focal Point": "H. Harajli (PM)", "National Counterpart\n(Institutional Title)": "MoJ", "Counterpart Type": "Government", "CPD Output No.": "3.2", "Strategic Plan 2026-2029\nActivity / Output No.": "A4.2.5", "Gender Marker": "GEN0", "Remarks / Notes": null }, "geometry": null },
{ "type": "Feature", "properties": { "REF": 129, "Project ID (Quantum)": "01001256", "Project Name": "EU Support to Lebanon's Green Agenda - Sustainable Energy", "Programme": "Green Inclusive Program (GID)", "Start Date": "01/11/2023", "End Date": "31/10/2027", "Project Status": "Ongoing", "Output / Activity No.\n(per ProDoc results framework)": "1.1", "Full Activity Name": "Installation of Solar PV and Energy Efficiency measures at Nabatieh Justice Palace (courthouse) ", "Activity Description": "Solar PV / street lighting", "Type of Activity": "Environmental works", "Mother Project?": "No", "Mother Project Name": null, "Geographic Level": "Cadastre (CAD+ACS)", "Coordinates (Lat)": "#N/A", "Coordinates (Long)": "#N/A", "Governorate": "ElNabatieh", "District": "ElNabatiehDistrict", "Cadaster": null, "Municipality Name": "0", "Union of Municipalities (UoM)": "#N/A", "UNDP Focal Point": "H. Harajli (PM)", "National Counterpart\n(Institutional Title)": "MoJ", "Counterpart Type": "Government", "CPD Output No.": "3.2", "Strategic Plan 2026-2029\nActivity / Output No.": "A4.2.5", "Gender Marker": "GEN0", "Remarks / Notes": null }, "geometry": null },
{ "type": "Feature", "properties": { "REF": 130, "Project ID (Quantum)": "01001256", "Project Name": "EU Support to Lebanon's Green Agenda - Sustainable Energy", "Programme": "Green Inclusive Program (GID)", "Start Date": "01/11/2023", "End Date": "31/10/2027", "Project Status": "Ongoing", "Output / Activity No.\n(per ProDoc results framework)": "1.1", "Full Activity Name": "Installation of Solar PV and Energy Efficiency measures at Jounieh  Justice Palace (courthouse) ", "Activity Description": "Solar PV / street lighting", "Type of Activity": "Environmental works", "Mother Project?": "No", "Mother Project Name": null, "Geographic Level": "Cadastre (CAD+ACS)", "Coordinates (Lat)": "#N/A", "Coordinates (Long)": "#N/A", "Governorate": "MountLebanon", "District": "Kesrwane", "Cadaster": null, "Municipality Name": "0", "Union of Municipalities (UoM)": "#N/A", "UNDP Focal Point": "H. Harajli (PM)", "National Counterpart\n(Institutional Title)": "MoJ", "Counterpart Type": "Government", "CPD Output No.": "3.2", "Strategic Plan 2026-2029\nActivity / Output No.": "A4.2.5", "Gender Marker": "GEN0", "Remarks / Notes": null }, "geometry": null },
{ "type": "Feature", "properties": { "REF": 131, "Project ID (Quantum)": "01001256", "Project Name": "EU Support to Lebanon's Green Agenda - Sustainable Energy", "Programme": "Green Inclusive Program (GID)", "Start Date": "01/11/2023", "End Date": "31/10/2027", "Project Status": "Ongoing", "Output / Activity No.\n(per ProDoc results framework)": "1.1", "Full Activity Name": "Installation of Solar PV at Maqneh Official School", "Activity Description": "Solar PV / street lighting", "Type of Activity": "Environmental works", "Mother Project?": "No", "Mother Project Name": null, "Geographic Level": "Cadastre (CAD+ACS)", "Coordinates (Lat)": "34.077631", "Coordinates (Long)": "36.200445", "Governorate": "BaalbekElHermel", "District": "Baalbek", "Cadaster": "Maqne", "Municipality Name": "Maqne", "Union of Municipalities (UoM)": "UOM Baalbek", "UNDP Focal Point": "H. Harajli (PM)", "National Counterpart\n(Institutional Title)": "MoEHE", "Counterpart Type": "Government", "CPD Output No.": "3.2", "Strategic Plan 2026-2029\nActivity / Output No.": "A4.2.5", "Gender Marker": "GEN0", "Remarks / Notes": null }, "geometry": { "type": "Point", "coordinates": [ 36.200445, 34.077631 ] } },
{ "type": "Feature", "properties": { "REF": 132, "Project ID (Quantum)": "01001256", "Project Name": "EU Support to Lebanon's Green Agenda - Sustainable Energy", "Programme": "Green Inclusive Program (GID)", "Start Date": "01/11/2023", "End Date": "31/10/2027", "Project Status": "Ongoing", "Output / Activity No.\n(per ProDoc results framework)": "1.1", "Full Activity Name": "Installation of Solar PV at Nahleh Official School", "Activity Description": "Solar PV / street lighting", "Type of Activity": "Environmental works", "Mother Project?": "No", "Mother Project Name": null, "Geographic Level": "Cadastre (CAD+ACS)", "Coordinates (Lat)": "34.600438", "Coordinates (Long)": "36.279276", "Governorate": "Akkar", "District": "AkkarDistrict", "Cadaster": "Mazraat En-Nahriye", "Municipality Name": "Aaidamoun - Cheikhlar and Nahriye - Boustane El Herch", "Union of Municipalities (UoM)": "UOM North Akkar", "UNDP Focal Point": "H. Harajli (PM)", "National Counterpart\n(Institutional Title)": "MoEHE", "Counterpart Type": "Government", "CPD Output No.": "3.2", "Strategic Plan 2026-2029\nActivity / Output No.": "A4.2.5", "Gender Marker": "GEN0", "Remarks / Notes": null }, "geometry": { "type": "Point", "coordinates": [ 36.279276, 34.600438 ] } },
{ "type": "Feature", "properties": { "REF": 133, "Project ID (Quantum)": "01001256", "Project Name": "EU Support to Lebanon's Green Agenda - Sustainable Energy", "Programme": "Green Inclusive Program (GID)", "Start Date": "01/11/2023", "End Date": "31/10/2027", "Project Status": "Ongoing", "Output / Activity No.\n(per ProDoc results framework)": "1.1", "Full Activity Name": "Installation of Solar PV at Darya Official Mixed Intermediate School", "Activity Description": "Solar PV / street lighting", "Type of Activity": "Environmental works", "Mother Project?": "No", "Mother Project Name": null, "Geographic Level": "Cadastre (CAD+ACS)", "Coordinates (Lat)": "#N/A", "Coordinates (Long)": "#N/A", "Governorate": "MountLebanon", "District": "Aley", "Cadaster": null, "Municipality Name": "0", "Union of Municipalities (UoM)": "#N/A", "UNDP Focal Point": "H. Harajli (PM)", "National Counterpart\n(Institutional Title)": "MoEHE", "Counterpart Type": "Government", "CPD Output No.": "3.2", "Strategic Plan 2026-2029\nActivity / Output No.": "A4.2.5", "Gender Marker": "GEN0", "Remarks / Notes": null }, "geometry": null },
{ "type": "Feature", "properties": { "REF": 134, "Project ID (Quantum)": "01001256", "Project Name": "EU Support to Lebanon's Green Agenda - Sustainable Energy", "Programme": "Green Inclusive Program (GID)", "Start Date": "01/11/2023", "End Date": "31/10/2027", "Project Status": "Ongoing", "Output / Activity No.\n(per ProDoc results framework)": "1.1", "Full Activity Name": "Installation of Solar PV at Hassan Hallaal Official Intermediate School- Nabatieh", "Activity Description": "Solar PV / street lighting", "Type of Activity": "Environmental works", "Mother Project?": "No", "Mother Project Name": null, "Geographic Level": "Cadastre (CAD+ACS)", "Coordinates (Lat)": "#N/A", "Coordinates (Long)": "#N/A", "Governorate": "ElNabatieh", "District": "ElNabatiehDistrict", "Cadaster": null, "Municipality Name": "0", "Union of Municipalities (UoM)": "#N/A", "UNDP Focal Point": "H. Harajli (PM)", "National Counterpart\n(Institutional Title)": "MoEHE", "Counterpart Type": "Government", "CPD Output No.": "3.2", "Strategic Plan 2026-2029\nActivity / Output No.": "A4.2.5", "Gender Marker": "GEN0", "Remarks / Notes": null }, "geometry": null },
{ "type": "Feature", "properties": { "REF": 135, "Project ID (Quantum)": "01001256", "Project Name": "EU Support to Lebanon's Green Agenda - Sustainable Energy", "Programme": "Green Inclusive Program (GID)", "Start Date": "01/11/2023", "End Date": "31/10/2027", "Project Status": "Ongoing", "Output / Activity No.\n(per ProDoc results framework)": "1.1", "Full Activity Name": "Installation of Solar PV at Hassan Hallaal Official Intermediate School- Nabatieh at Rahba Official Secondary School", "Activity Description": "Solar PV / street lighting", "Type of Activity": "Environmental works", "Mother Project?": "No", "Mother Project Name": null, "Geographic Level": "Cadastre (CAD+ACS)", "Coordinates (Lat)": "34.503385", "Coordinates (Long)": "36.137741", "Governorate": "Akkar", "District": "AkkarDistrict", "Cadaster": "Rahbe", "Municipality Name": "Rahbe", "Union of Municipalities (UoM)": "UOM Mintaqat El Joumeh Akkar", "UNDP Focal Point": "H. Harajli (PM)", "National Counterpart\n(Institutional Title)": "MoEHE", "Counterpart Type": "Government", "CPD Output No.": "3.2", "Strategic Plan 2026-2029\nActivity / Output No.": "A4.2.5", "Gender Marker": "GEN0", "Remarks / Notes": null }, "geometry": { "type": "Point", "coordinates": [ 36.137741, 34.503385 ] } },
{ "type": "Feature", "properties": { "REF": 136, "Project ID (Quantum)": "01001256", "Project Name": "EU Support to Lebanon's Green Agenda - Sustainable Energy", "Programme": "Green Inclusive Program (GID)", "Start Date": "01/11/2023", "End Date": "31/10/2027", "Project Status": "Ongoing", "Output / Activity No.\n(per ProDoc results framework)": "1.1", "Full Activity Name": "Installation of Solar PV at Haarmoun Official Secondary School", "Activity Description": "Solar PV / street lighting", "Type of Activity": "Environmental works", "Mother Project?": "No", "Mother Project Name": null, "Geographic Level": "Cadastre (CAD+ACS)", "Coordinates (Lat)": "#N/A", "Coordinates (Long)": "#N/A", "Governorate": "Bekaa", "District": "Rachaya", "Cadaster": null, "Municipality Name": "0", "Union of Municipalities (UoM)": "#N/A", "UNDP Focal Point": "H. Harajli (PM)", "National Counterpart\n(Institutional Title)": "MoEHE", "Counterpart Type": "Government", "CPD Output No.": "3.2", "Strategic Plan 2026-2029\nActivity / Output No.": "A4.2.5", "Gender Marker": "GEN0", "Remarks / Notes": null }, "geometry": null },
{ "type": "Feature", "properties": { "REF": 137, "Project ID (Quantum)": "01001256", "Project Name": "EU Support to Lebanon's Green Agenda - Sustainable Energy", "Programme": "Green Inclusive Program (GID)", "Start Date": "01/11/2023", "End Date": "31/10/2027", "Project Status": "Ongoing", "Output / Activity No.\n(per ProDoc results framework)": "1.1", "Full Activity Name": "Installation of Solar PV at Baysour Official Mixed Intermediate School", "Activity Description": "Solar PV / street lighting", "Type of Activity": "Environmental works", "Mother Project?": "No", "Mother Project Name": null, "Geographic Level": "Cadastre (CAD+ACS)", "Coordinates (Lat)": "33.775503", "Coordinates (Long)": "35.577476", "Governorate": "MountLebanon", "District": "Aley", "Cadaster": "Bayssour Aaley", "Municipality Name": "Baissour", "Union of Municipalities (UoM)": "UOM El Gharb El Aaala Oua El Chahhar", "UNDP Focal Point": "H. Harajli (PM)", "National Counterpart\n(Institutional Title)": "MoEHE", "Counterpart Type": "Government", "CPD Output No.": "3.2", "Strategic Plan 2026-2029\nActivity / Output No.": "A4.2.5", "Gender Marker": "GEN0", "Remarks / Notes": null }, "geometry": { "type": "Point", "coordinates": [ 35.577476, 33.775503 ] } },
{ "type": "Feature", "properties": { "REF": 138, "Project ID (Quantum)": "01001256", "Project Name": "EU Support to Lebanon's Green Agenda - Sustainable Energy", "Programme": "Green Inclusive Program (GID)", "Start Date": "01/11/2023", "End Date": "31/10/2027", "Project Status": "Ongoing", "Output / Activity No.\n(per ProDoc results framework)": "1.1", "Full Activity Name": "Installation of Solar PV at Adloun Official Secondary School", "Activity Description": "Solar PV / street lighting", "Type of Activity": "Environmental works", "Mother Project?": "No", "Mother Project Name": null, "Geographic Level": "Cadastre (CAD+ACS)", "Coordinates (Lat)": "33.388949", "Coordinates (Long)": "35.262859", "Governorate": "South", "District": "Saida", "Cadaster": "Aadloun", "Municipality Name": "Aadloun", "Union of Municipalities (UoM)": "UOM Sahil El Zahrani", "UNDP Focal Point": "H. Harajli (PM)", "National Counterpart\n(Institutional Title)": "MoEHE", "Counterpart Type": "Government", "CPD Output No.": "3.2", "Strategic Plan 2026-2029\nActivity / Output No.": "A4.2.5", "Gender Marker": "GEN0", "Remarks / Notes": null }, "geometry": { "type": "Point", "coordinates": [ 35.262859, 33.388949 ] } },
{ "type": "Feature", "properties": { "REF": 139, "Project ID (Quantum)": "01001256", "Project Name": "EU Support to Lebanon's Green Agenda - Sustainable Energy", "Programme": "Green Inclusive Program (GID)", "Start Date": "01/11/2023", "End Date": "31/10/2027", "Project Status": "Ongoing", "Output / Activity No.\n(per ProDoc results framework)": "1.1", "Full Activity Name": "Installation of Solar PV at Al-Suwayri Official Secondary School", "Activity Description": "Solar PV / street lighting", "Type of Activity": "Environmental works", "Mother Project?": "No", "Mother Project Name": null, "Geographic Level": "Cadastre (CAD+ACS)", "Coordinates (Lat)": "33.685677", "Coordinates (Long)": "35.908007", "Governorate": "Bekaa", "District": "WestBekaa", "Cadaster": "Souairi", "Municipality Name": "Souairi", "Union of Municipalities (UoM)": "UOM El Sahel", "UNDP Focal Point": "H. Harajli (PM)", "National Counterpart\n(Institutional Title)": "MoEHE", "Counterpart Type": "Government", "CPD Output No.": "3.2", "Strategic Plan 2026-2029\nActivity / Output No.": "A4.2.5", "Gender Marker": "GEN0", "Remarks / Notes": null }, "geometry": { "type": "Point", "coordinates": [ 35.908007, 33.685677 ] } },
{ "type": "Feature", "properties": { "REF": 140, "Project ID (Quantum)": "01001256", "Project Name": "EU Support to Lebanon's Green Agenda - Sustainable Energy", "Programme": "Green Inclusive Program (GID)", "Start Date": "01/11/2023", "End Date": "31/10/2027", "Project Status": "Ongoing", "Output / Activity No.\n(per ProDoc results framework)": "1.1", "Full Activity Name": "Installation of Solar PV and Energy Efficiency Measures at Hotel School and Technical Hotel Institute - Bir Hassan", "Activity Description": "Solar PV / street lighting", "Type of Activity": "Environmental works", "Mother Project?": "No", "Mother Project Name": null, "Geographic Level": "Cadastre (CAD+ACS)", "Coordinates (Lat)": "#N/A", "Coordinates (Long)": "#N/A", "Governorate": "Beirut", "District": "BeirutDistrict", "Cadaster": null, "Municipality Name": "0", "Union of Municipalities (UoM)": "#N/A", "UNDP Focal Point": "H. Harajli (PM)", "National Counterpart\n(Institutional Title)": "MoEHE", "Counterpart Type": "Government", "CPD Output No.": "3.2", "Strategic Plan 2026-2029\nActivity / Output No.": "A4.2.5", "Gender Marker": "GEN0", "Remarks / Notes": "https://maps.app.goo.gl/dq1KcNCiTDo9tfKd6\n33.866174, 35.492784" }, "geometry": null },
{ "type": "Feature", "properties": { "REF": 141, "Project ID (Quantum)": "01001256", "Project Name": "EU Support to Lebanon's Green Agenda - Sustainable Energy", "Programme": "Green Inclusive Program (GID)", "Start Date": "01/11/2023", "End Date": "31/10/2027", "Project Status": "Ongoing", "Output / Activity No.\n(per ProDoc results framework)": "1.1", "Full Activity Name": "Installation of Solar PV and Energy Efficiency Measures at Technical Industrial Institute and Technical Educational Institute - Bir Hassan", "Activity Description": "Solar PV / street lighting", "Type of Activity": "Environmental works", "Mother Project?": "No", "Mother Project Name": null, "Geographic Level": "Cadastre (CAD+ACS)", "Coordinates (Lat)": "#N/A", "Coordinates (Long)": "#N/A", "Governorate": "Beirut", "District": "BeirutDistrict", "Cadaster": null, "Municipality Name": "0", "Union of Municipalities (UoM)": "#N/A", "UNDP Focal Point": "H. Harajli (PM)", "National Counterpart\n(Institutional Title)": "MoEHE", "Counterpart Type": "Government", "CPD Output No.": "3.2", "Strategic Plan 2026-2029\nActivity / Output No.": "A4.2.5", "Gender Marker": "GEN0", "Remarks / Notes": "https://maps.app.goo.gl/dq1KcNCiTDo9tfKd6\n33.866174, 35.492785" }, "geometry": null },
{ "type": "Feature", "properties": { "REF": 142, "Project ID (Quantum)": "01001256", "Project Name": "EU Support to Lebanon's Green Agenda - Sustainable Energy", "Programme": "Green Inclusive Program (GID)", "Start Date": "01/11/2023", "End Date": "31/10/2027", "Project Status": "Ongoing", "Output / Activity No.\n(per ProDoc results framework)": "1.1", "Full Activity Name": "Installation of Solar PV and Energy Efficiency Measures at Hotel Technical School + Institute - Dekwaneh", "Activity Description": "Solar PV / street lighting", "Type of Activity": "Environmental works", "Mother Project?": "No", "Mother Project Name": null, "Geographic Level": "Cadastre (CAD+ACS)", "Coordinates (Lat)": "33.876245", "Coordinates (Long)": "35.545962", "Governorate": "MountLebanon", "District": "ElMeten", "Cadaster": "Dekouane", "Municipality Name": "Dekouane", "Union of Municipalities (UoM)": "UOM El Metn El Chemali El Sahili El Aousat", "UNDP Focal Point": "H. Harajli (PM)", "National Counterpart\n(Institutional Title)": "MoEHE", "Counterpart Type": "Government", "CPD Output No.": "3.2", "Strategic Plan 2026-2029\nActivity / Output No.": "A4.2.5", "Gender Marker": "GEN0", "Remarks / Notes": null }, "geometry": { "type": "Point", "coordinates": [ 35.545962, 33.876245 ] } },
{ "type": "Feature", "properties": { "REF": 143, "Project ID (Quantum)": "01001256", "Project Name": "EU Support to Lebanon's Green Agenda - Sustainable Energy", "Programme": "Green Inclusive Program (GID)", "Start Date": "01/11/2023", "End Date": "31/10/2027", "Project Status": "Ongoing", "Output / Activity No.\n(per ProDoc results framework)": "1.1", "Full Activity Name": "Installation of Solar PV and Energy Efficiency Measures at School of Industries, Tourism, and Commercial Arts - Ard Jalloul", "Activity Description": "Solar PV / street lighting", "Type of Activity": "Environmental works", "Mother Project?": "No", "Mother Project Name": null, "Geographic Level": "Cadastre (CAD+ACS)", "Coordinates (Lat)": "#N/A", "Coordinates (Long)": "#N/A", "Governorate": "Beirut", "District": "BeirutDistrict", "Cadaster": null, "Municipality Name": "0", "Union of Municipalities (UoM)": "#N/A", "UNDP Focal Point": "H. Harajli (PM)", "National Counterpart\n(Institutional Title)": "MoEHE", "Counterpart Type": "Government", "CPD Output No.": "3.2", "Strategic Plan 2026-2029\nActivity / Output No.": "A4.2.5", "Gender Marker": "GEN0", "Remarks / Notes": "https://maps.app.goo.gl/W5hJi4fYQh4HZbxb9\n33.865475, 35.501961" }, "geometry": null },
{ "type": "Feature", "properties": { "REF": 144, "Project ID (Quantum)": "01001256", "Project Name": "EU Support to Lebanon's Green Agenda - Sustainable Energy", "Programme": "Green Inclusive Program (GID)", "Start Date": "01/11/2023", "End Date": "31/10/2027", "Project Status": "Ongoing", "Output / Activity No.\n(per ProDoc results framework)": "1.1", "Full Activity Name": "Installation of Solar PV and Energy Efficiency Measures at Technical Institute for Hotel Specializations - Ard Jalloul", "Activity Description": "Solar PV / street lighting", "Type of Activity": "Environmental works", "Mother Project?": "No", "Mother Project Name": null, "Geographic Level": "Cadastre (CAD+ACS)", "Coordinates (Lat)": "#N/A", "Coordinates (Long)": "#N/A", "Governorate": "Beirut", "District": "BeirutDistrict", "Cadaster": null, "Municipality Name": "0", "Union of Municipalities (UoM)": "#N/A", "UNDP Focal Point": "H. Harajli (PM)", "National Counterpart\n(Institutional Title)": "MoEHE", "Counterpart Type": "Government", "CPD Output No.": "3.2", "Strategic Plan 2026-2029\nActivity / Output No.": "A4.2.5", "Gender Marker": "GEN0", "Remarks / Notes": "https://maps.app.goo.gl/W5hJi4fYQh4HZbxb9\n33.865475, 35.501961" }, "geometry": null },
{ "type": "Feature", "properties": { "REF": 145, "Project ID (Quantum)": "01001256", "Project Name": "EU Support to Lebanon's Green Agenda - Sustainable Energy", "Programme": "Green Inclusive Program (GID)", "Start Date": "01/11/2023", "End Date": "31/10/2027", "Project Status": "Ongoing", "Output / Activity No.\n(per ProDoc results framework)": "1.1", "Full Activity Name": "Installation of Solar PV and Energy Efficiency Measures at Mashghara Technical School - Mashghara", "Activity Description": "Solar PV / street lighting", "Type of Activity": "Environmental works", "Mother Project?": "No", "Mother Project Name": null, "Geographic Level": "Cadastre (CAD+ACS)", "Coordinates (Lat)": "#N/A", "Coordinates (Long)": "#N/A", "Governorate": "Bekaa", "District": null, "Cadaster": null, "Municipality Name": "0", "Union of Municipalities (UoM)": "#N/A", "UNDP Focal Point": "H. Harajli (PM)", "National Counterpart\n(Institutional Title)": "MoEHE", "Counterpart Type": "Government", "CPD Output No.": "3.2", "Strategic Plan 2026-2029\nActivity / Output No.": "A4.2.5", "Gender Marker": "GEN0", "Remarks / Notes": null }, "geometry": null },
{ "type": "Feature", "properties": { "REF": 146, "Project ID (Quantum)": "01001256", "Project Name": "EU Support to Lebanon's Green Agenda - Sustainable Energy", "Programme": "Green Inclusive Program (GID)", "Start Date": "01/11/2023", "End Date": "31/10/2027", "Project Status": "Ongoing", "Output / Activity No.\n(per ProDoc results framework)": "1.1", "Full Activity Name": null, "Activity Description": null, "Type of Activity": null, "Mother Project?": null, "Mother Project Name": null, "Geographic Level": null, "Coordinates (Lat)": "#N/A", "Coordinates (Long)": "#N/A", "Governorate": null, "District": null, "Cadaster": null, "Municipality Name": "0", "Union of Municipalities (UoM)": "#N/A", "UNDP Focal Point": "H. Harajli (PM)", "National Counterpart\n(Institutional Title)": "MoEHE", "Counterpart Type": "Government", "CPD Output No.": "3.2", "Strategic Plan 2026-2029\nActivity / Output No.": "A4.2.5", "Gender Marker": "GEN0", "Remarks / Notes": null }, "geometry": null },
{ "type": "Feature", "properties": { "REF": 147, "Project ID (Quantum)": "01001256", "Project Name": "EU Support to Lebanon's Green Agenda - Sustainable Energy", "Programme": "Green Inclusive Program (GID)", "Start Date": "01/11/2023", "End Date": "31/10/2027", "Project Status": "Ongoing", "Output / Activity No.\n(per ProDoc results framework)": "1.1", "Full Activity Name": null, "Activity Description": null, "Type of Activity": null, "Mother Project?": null, "Mother Project Name": null, "Geographic Level": null, "Coordinates (Lat)": "#N/A", "Coordinates (Long)": "#N/A", "Governorate": null, "District": null, "Cadaster": null, "Municipality Name": "0", "Union of Municipalities (UoM)": "#N/A", "UNDP Focal Point": "H. Harajli (PM)", "National Counterpart\n(Institutional Title)": "MoEHE", "Counterpart Type": "Government", "CPD Output No.": "3.2", "Strategic Plan 2026-2029\nActivity / Output No.": "A4.2.5", "Gender Marker": "GEN0", "Remarks / Notes": null }, "geometry": null },
{ "type": "Feature", "properties": { "REF": 148, "Project ID (Quantum)": "01001256", "Project Name": "EU Support to Lebanon's Green Agenda - Sustainable Energy", "Programme": "Green Inclusive Program (GID)", "Start Date": "01/11/2023", "End Date": "31/10/2027", "Project Status": "Ongoing", "Output / Activity No.\n(per ProDoc results framework)": "1.1", "Full Activity Name": null, "Activity Description": null, "Type of Activity": null, "Mother Project?": null, "Mother Project Name": null, "Geographic Level": null, "Coordinates (Lat)": "#N/A", "Coordinates (Long)": "#N/A", "Governorate": null, "District": null, "Cadaster": null, "Municipality Name": "0", "Union of Municipalities (UoM)": "#N/A", "UNDP Focal Point": null, "National Counterpart\n(Institutional Title)": null, "Counterpart Type": null, "CPD Output No.": null, "Strategic Plan 2026-2029\nActivity / Output No.": null, "Gender Marker": null, "Remarks / Notes": null }, "geometry": null },
{ "type": "Feature", "properties": { "REF": 149, "Project ID (Quantum)": "01001256", "Project Name": "EU Support to Lebanon's Green Agenda - Sustainable Energy", "Programme": "Green Inclusive Program (GID)", "Start Date": "01/11/2023", "End Date": "31/10/2027", "Project Status": "Ongoing", "Output / Activity No.\n(per ProDoc results framework)": "1.1", "Full Activity Name": null, "Activity Description": null, "Type of Activity": null, "Mother Project?": null, "Mother Project Name": null, "Geographic Level": null, "Coordinates (Lat)": "#N/A", "Coordinates (Long)": "#N/A", "Governorate": null, "District": null, "Cadaster": null, "Municipality Name": "0", "Union of Municipalities (UoM)": "#N/A", "UNDP Focal Point": null, "National Counterpart\n(Institutional Title)": null, "Counterpart Type": null, "CPD Output No.": null, "Strategic Plan 2026-2029\nActivity / Output No.": null, "Gender Marker": null, "Remarks / Notes": null }, "geometry": null },
{ "type": "Feature", "properties": { "REF": 150, "Project ID (Quantum)": "01001256", "Project Name": "EU Support to Lebanon's Green Agenda - Sustainable Energy", "Programme": "Green Inclusive Program (GID)", "Start Date": "01/11/2023", "End Date": "31/10/2027", "Project Status": "Ongoing", "Output / Activity No.\n(per ProDoc results framework)": "1.1", "Full Activity Name": null, "Activity Description": null, "Type of Activity": null, "Mother Project?": null, "Mother Project Name": null, "Geographic Level": null, "Coordinates (Lat)": "#N/A", "Coordinates (Long)": "#N/A", "Governorate": null, "District": null, "Cadaster": null, "Municipality Name": "0", "Union of Municipalities (UoM)": "#N/A", "UNDP Focal Point": null, "National Counterpart\n(Institutional Title)": null, "Counterpart Type": null, "CPD Output No.": null, "Strategic Plan 2026-2029\nActivity / Output No.": null, "Gender Marker": null, "Remarks / Notes": null }, "geometry": null },
{ "type": "Feature", "properties": { "REF": 151, "Project ID (Quantum)": "01001256", "Project Name": "EU Support to Lebanon's Green Agenda - Sustainable Energy", "Programme": "Green Inclusive Program (GID)", "Start Date": "01/11/2023", "End Date": "31/10/2027", "Project Status": "Ongoing", "Output / Activity No.\n(per ProDoc results framework)": "1.1", "Full Activity Name": null, "Activity Description": null, "Type of Activity": null, "Mother Project?": null, "Mother Project Name": null, "Geographic Level": null, "Coordinates (Lat)": "#N/A", "Coordinates (Long)": "#N/A", "Governorate": null, "District": null, "Cadaster": null, "Municipality Name": "0", "Union of Municipalities (UoM)": "#N/A", "UNDP Focal Point": null, "National Counterpart\n(Institutional Title)": null, "Counterpart Type": null, "CPD Output No.": null, "Strategic Plan 2026-2029\nActivity / Output No.": null, "Gender Marker": null, "Remarks / Notes": null }, "geometry": null },
{ "type": "Feature", "properties": { "REF": 152, "Project ID (Quantum)": "01001256", "Project Name": "EU Support to Lebanon's Green Agenda - Sustainable Energy", "Programme": "Green Inclusive Program (GID)", "Start Date": "01/11/2023", "End Date": "31/10/2027", "Project Status": "Ongoing", "Output / Activity No.\n(per ProDoc results framework)": "1.1", "Full Activity Name": null, "Activity Description": null, "Type of Activity": null, "Mother Project?": null, "Mother Project Name": null, "Geographic Level": null, "Coordinates (Lat)": "#N/A", "Coordinates (Long)": "#N/A", "Governorate": null, "District": null, "Cadaster": null, "Municipality Name": "0", "Union of Municipalities (UoM)": "#N/A", "UNDP Focal Point": null, "National Counterpart\n(Institutional Title)": null, "Counterpart Type": null, "CPD Output No.": null, "Strategic Plan 2026-2029\nActivity / Output No.": null, "Gender Marker": null, "Remarks / Notes": null }, "geometry": null },
{ "type": "Feature", "properties": { "REF": 153, "Project ID (Quantum)": "00088560\n", "Project Name": "Peacebuilding in Lebanon project- Phase 3", "Programme": "Crisis Prevention and Crisis Recovery (CPCR)", "Start Date": "01/01/2014", "End Date": "31/12/2026", "Project Status": null, "Output / Activity No.\n(per ProDoc results framework)": "3.1", "Full Activity Name": "Local Level Peace Building Strategies to Mitigate Tensions Developed in Selected Conflict Prone Areas of Lebanon Hosting Syrian Refugees (MSLD)", "Activity Description": "Capacitation of MSLD committees, formation of Insider Mediator taskforces, development of local peace strategies, implementing youth and women focused quick impact social initiatives", "Type of Activity": "Peacebuilding & social cohesion", "Mother Project?": null, "Mother Project Name": null, "Geographic Level": "Cadastre (CAD+ACS)", "Coordinates (Lat)": "34.582475", "Coordinates (Long)": "36.06693", "Governorate": "Akkar", "District": "AkkarDistrict", "Cadaster": "Tall Aabbas El-Gharbi", "Municipality Name": "Tall Aabbas el Gharbi", "Union of Municipalities (UoM)": "UOM Nahr El Ostwane", "UNDP Focal Point": "R.Jabbour", "National Counterpart\n(Institutional Title)": "Municipality of Tell Abbas El Gharbi", "Counterpart Type": "Municipality", "CPD Output No.": "2.2", "Strategic Plan 2026-2029\nActivity / Output No.": null, "Gender Marker": "GEN2", "Remarks / Notes": null }, "geometry": { "type": "Point", "coordinates": [ 36.06693, 34.582475 ] } },
{ "type": "Feature", "properties": { "REF": 154, "Project ID (Quantum)": "00088560\n", "Project Name": "Peacebuilding in Lebanon project- Phase 4", "Programme": "Crisis Prevention and Crisis Recovery (CPCR)", "Start Date": "02/01/2014", "End Date": "31/12/2027", "Project Status": null, "Output / Activity No.\n(per ProDoc results framework)": "4.1", "Full Activity Name": "Local Level Peace Building Strategies to Mitigate Tensions Developed in Selected Conflict Prone Areas of Lebanon Hosting Syrian Refugees (MSLD)", "Activity Description": "Capacitation of MSLD committees, formation of Insider Mediator taskforces, development of local peace strategies, implementing youth and women focused quick impact social initiatives", "Type of Activity": "Peacebuilding & social cohesion", "Mother Project?": null, "Mother Project Name": null, "Geographic Level": "Cadastre (CAD+ACS)", "Coordinates (Lat)": "34.537409", "Coordinates (Long)": "35.995261", "Governorate": "Akkar", "District": "AkkarDistrict", "Cadaster": "Qoubber Chamra", "Municipality Name": "Qoubbet Chamra - Semmaqli", "Union of Municipalities (UoM)": "UOM Ouassat Oua Sahil El Qaytaa", "UNDP Focal Point": "R. Jabbour", "National Counterpart\n(Institutional Title)": "Municipality of Qoubbet Chamra", "Counterpart Type": "Municipality", "CPD Output No.": "2.2", "Strategic Plan 2026-2029\nActivity / Output No.": null, "Gender Marker": "GEN2", "Remarks / Notes": null }, "geometry": { "type": "Point", "coordinates": [ 35.995261, 34.537409 ] } },
{ "type": "Feature", "properties": { "REF": 155, "Project ID (Quantum)": "00088560\n", "Project Name": "Peacebuilding in Lebanon project- Phase 4", "Programme": "Crisis Prevention and Crisis Recovery (CPCR)", "Start Date": "02/01/2014", "End Date": "31/12/2027", "Project Status": null, "Output / Activity No.\n(per ProDoc results framework)": "4.1", "Full Activity Name": "Local Level Peace Building Strategies to Mitigate Tensions Developed in Selected Conflict Prone Areas of Lebanon Hosting Syrian Refugees (MSLD)", "Activity Description": "Capacitation of MSLD committees, formation of Insider Mediator taskforces, development of local peace strategies, implementing youth and women focused quick impact social initiatives", "Type of Activity": "Peacebuilding & social cohesion", "Mother Project?": null, "Mother Project Name": null, "Geographic Level": "Cadastre (CAD+ACS)", "Coordinates (Lat)": "34.383736", "Coordinates (Long)": "36.027324", "Governorate": "North", "District": "ElMiniehDennie", "Cadaster": "Sir Ed-Danniye", "Municipality Name": "Sir Ed Danniye", "Union of Municipalities (UoM)": "UOM El Donnieh", "UNDP Focal Point": "R. Jabbour", "National Counterpart\n(Institutional Title)": "Municipality of Sir Ed Danniye", "Counterpart Type": "Municipality", "CPD Output No.": "2.2", "Strategic Plan 2026-2029\nActivity / Output No.": null, "Gender Marker": "GEN2", "Remarks / Notes": null }, "geometry": { "type": "Point", "coordinates": [ 36.027324, 34.383736 ] } },
{ "type": "Feature", "properties": { "REF": 156, "Project ID (Quantum)": "00088560\n", "Project Name": "Peacebuilding in Lebanon project- Phase 4", "Programme": "Crisis Prevention and Crisis Recovery (CPCR)", "Start Date": "02/01/2014", "End Date": "31/12/2027", "Project Status": null, "Output / Activity No.\n(per ProDoc results framework)": "4.1", "Full Activity Name": "Local Level Peace Building Strategies to Mitigate Tensions Developed in Selected Conflict Prone Areas of Lebanon Hosting Syrian Refugees (MSLD)", "Activity Description": "Capacitation of MSLD committees, formation of Insider Mediator taskforces, development of local peace strategies, implementing youth and women focused quick impact social initiatives", "Type of Activity": "Peacebuilding & social cohesion", "Mother Project?": null, "Mother Project Name": null, "Geographic Level": "Cadastre (CAD+ACS)", "Coordinates (Lat)": "34.507402", "Coordinates (Long)": "35.968922", "Governorate": "Akkar", "District": "AkkarDistrict", "Cadaster": "Mhammaret", "Municipality Name": "Bebnine - Abde and Mhamra", "Union of Municipalities (UoM)": "UOM Ouassat Oua Sahil El Qaytaa", "UNDP Focal Point": "R. Jabbour", "National Counterpart\n(Institutional Title)": "Municipality of Mhammaret", "Counterpart Type": "Municipality", "CPD Output No.": "2.2", "Strategic Plan 2026-2029\nActivity / Output No.": null, "Gender Marker": "GEN2", "Remarks / Notes": null }, "geometry": { "type": "Point", "coordinates": [ 35.968922, 34.507402 ] } },
{ "type": "Feature", "properties": { "REF": 157, "Project ID (Quantum)": "00088560\n", "Project Name": "Peacebuilding in Lebanon project- Phase 4", "Programme": "Crisis Prevention and Crisis Recovery (CPCR)", "Start Date": "02/01/2014", "End Date": "31/12/2027", "Project Status": null, "Output / Activity No.\n(per ProDoc results framework)": "4.1", "Full Activity Name": "Local Level Peace Building Strategies to Mitigate Tensions Developed in Selected Conflict Prone Areas of Lebanon Hosting Syrian Refugees (MSLD)", "Activity Description": "Capacitation of MSLD committees, formation of Insider Mediator taskforces, development of local peace strategies, implementing youth and women focused quick impact social initiatives", "Type of Activity": "Peacebuilding & social cohesion", "Mother Project?": null, "Mother Project Name": null, "Geographic Level": "Cadastre (CAD+ACS)", "Coordinates (Lat)": "34.415574", "Coordinates (Long)": "36.008447", "Governorate": "North", "District": "ElMiniehDennie", "Cadaster": "Bakhaaoun", "Municipality Name": "Bakhaoun", "Union of Municipalities (UoM)": "UOM El Donnieh", "UNDP Focal Point": "R. Jabbour", "National Counterpart\n(Institutional Title)": "Municipality of Bakhaoun", "Counterpart Type": "Municipality", "CPD Output No.": "2.2", "Strategic Plan 2026-2029\nActivity / Output No.": null, "Gender Marker": "GEN2", "Remarks / Notes": null }, "geometry": { "type": "Point", "coordinates": [ 36.008447, 34.415574 ] } },
{ "type": "Feature", "properties": { "REF": 158, "Project ID (Quantum)": "00088560\n", "Project Name": "Peacebuilding in Lebanon project- Phase 4", "Programme": "Crisis Prevention and Crisis Recovery (CPCR)", "Start Date": "02/01/2014", "End Date": "31/12/2027", "Project Status": null, "Output / Activity No.\n(per ProDoc results framework)": "4.1", "Full Activity Name": "Local Level Peace Building Strategies to Mitigate Tensions Developed in Selected Conflict Prone Areas of Lebanon Hosting Syrian Refugees (MSLD)", "Activity Description": "Capacitation of MSLD committees, formation of Insider Mediator taskforces, development of local peace strategies, implementing youth and women focused quick impact social initiatives", "Type of Activity": "Peacebuilding & social cohesion", "Mother Project?": null, "Mother Project Name": null, "Geographic Level": "Cadastre (CAD+ACS)", "Coordinates (Lat)": "34.39919", "Coordinates (Long)": "35.890524", "Governorate": "North", "District": "Zgharta", "Cadaster": "Zgharta", "Municipality Name": "Zgharta - Ehden", "Union of Municipalities (UoM)": "UOM Caza Zgharta", "UNDP Focal Point": "R. Jabbour", "National Counterpart\n(Institutional Title)": "Zgharta-Zawayeh UoM", "Counterpart Type": "UoM", "CPD Output No.": "2.2", "Strategic Plan 2026-2029\nActivity / Output No.": null, "Gender Marker": "GEN2", "Remarks / Notes": null }, "geometry": { "type": "Point", "coordinates": [ 35.890524, 34.39919 ] } },
{ "type": "Feature", "properties": { "REF": 159, "Project ID (Quantum)": "00088560\n", "Project Name": "Peacebuilding in Lebanon project- Phase 4", "Programme": "Crisis Prevention and Crisis Recovery (CPCR)", "Start Date": "02/01/2014", "End Date": "31/12/2027", "Project Status": null, "Output / Activity No.\n(per ProDoc results framework)": "4.1", "Full Activity Name": "Local Level Peace Building Strategies to Mitigate Tensions Developed in Selected Conflict Prone Areas of Lebanon Hosting Syrian Refugees (MSLD)", "Activity Description": "Capacitation of MSLD committees, formation of Insider Mediator taskforces, development of local peace strategies, implementing youth and women focused quick impact social initiatives", "Type of Activity": "Peacebuilding & social cohesion", "Mother Project?": null, "Mother Project Name": null, "Geographic Level": "Cadastre (CAD+ACS)", "Coordinates (Lat)": "34.478542", "Coordinates (Long)": "35.934808", "Governorate": "North", "District": "ElMiniehDennie", "Cadaster": "Minie", "Municipality Name": "El Minie - En Nabi Youchaa", "Union of Municipalities (UoM)": "UOM El Minieh", "UNDP Focal Point": "R. Jabbour", "National Counterpart\n(Institutional Title)": "Minie UoM", "Counterpart Type": "UoM", "CPD Output No.": "2.2", "Strategic Plan 2026-2029\nActivity / Output No.": null, "Gender Marker": "GEN2", "Remarks / Notes": null }, "geometry": { "type": "Point", "coordinates": [ 35.934808, 34.478542 ] } },
{ "type": "Feature", "properties": { "REF": 160, "Project ID (Quantum)": "00088560\n", "Project Name": "Peacebuilding in Lebanon project- Phase 4", "Programme": "Crisis Prevention and Crisis Recovery (CPCR)", "Start Date": "02/01/2014", "End Date": "31/12/2027", "Project Status": null, "Output / Activity No.\n(per ProDoc results framework)": "4.1", "Full Activity Name": "Local Level Peace Building Strategies to Mitigate Tensions Developed in Selected Conflict Prone Areas of Lebanon Hosting Syrian Refugees (MSLD)", "Activity Description": "Capacitation of MSLD committees, formation of Insider Mediator taskforces, development of local peace strategies, implementing youth and women focused quick impact social initiatives", "Type of Activity": "Peacebuilding & social cohesion", "Mother Project?": null, "Mother Project Name": null, "Geographic Level": "Cadastre (CAD+ACS)", "Coordinates (Lat)": "34.557161", "Coordinates (Long)": "36.075115", "Governorate": "Akkar", "District": "AkkarDistrict", "Cadaster": "Halba", "Municipality Name": "Halba", "Union of Municipalities (UoM)": "UOM El Chaft", "UNDP Focal Point": "R. Jabbour", "National Counterpart\n(Institutional Title)": "Shafat UoM", "Counterpart Type": "UoM", "CPD Output No.": "2.2", "Strategic Plan 2026-2029\nActivity / Output No.": null, "Gender Marker": "GEN2", "Remarks / Notes": null }, "geometry": { "type": "Point", "coordinates": [ 36.075115, 34.557161 ] } },
{ "type": "Feature", "properties": { "REF": 161, "Project ID (Quantum)": "00088560\n", "Project Name": "Peacebuilding in Lebanon project- Phase 4", "Programme": "Crisis Prevention and Crisis Recovery (CPCR)", "Start Date": "02/01/2014", "End Date": "31/12/2027", "Project Status": null, "Output / Activity No.\n(per ProDoc results framework)": "4.1", "Full Activity Name": "Local Level Peace Building Strategies to Mitigate Tensions Developed in Selected Conflict Prone Areas of Lebanon Hosting Syrian Refugees (MSLD)", "Activity Description": "Capacitation of MSLD committees, formation of Insider Mediator taskforces, development of local peace strategies, implementing youth and women focused quick impact social initiatives", "Type of Activity": "Peacebuilding & social cohesion", "Mother Project?": null, "Mother Project Name": null, "Geographic Level": "Cadastre (CAD+ACS)", "Coordinates (Lat)": "34.403986", "Coordinates (Long)": "35.926563", "Governorate": "North", "District": "Zgharta", "Cadaster": "Rachaaine", "Municipality Name": "Rachaaine", "Union of Municipalities (UoM)": "UOM Caza Zgharta", "UNDP Focal Point": "R. Jabbour", "National Counterpart\n(Institutional Title)": "Municipality of Rachaaine", "Counterpart Type": "Municipality", "CPD Output No.": "2.2", "Strategic Plan 2026-2029\nActivity / Output No.": null, "Gender Marker": "GEN2", "Remarks / Notes": null }, "geometry": { "type": "Point", "coordinates": [ 35.926563, 34.403986 ] } },
{ "type": "Feature", "properties": { "REF": 162, "Project ID (Quantum)": "00088560\n", "Project Name": "Peacebuilding in Lebanon project- Phase 4", "Programme": "Crisis Prevention and Crisis Recovery (CPCR)", "Start Date": "02/01/2014", "End Date": "31/12/2027", "Project Status": null, "Output / Activity No.\n(per ProDoc results framework)": "4.1", "Full Activity Name": "Local Level Peace Building Strategies to Mitigate Tensions Developed in Selected Conflict Prone Areas of Lebanon Hosting Syrian Refugees (MSLD)", "Activity Description": "Capacitation of MSLD committees, formation of Insider Mediator taskforces, development of local peace strategies, implementing youth and women focused quick impact social initiatives", "Type of Activity": "Peacebuilding & social cohesion", "Mother Project?": null, "Mother Project Name": null, "Geographic Level": "Cadastre (CAD+ACS)", "Coordinates (Lat)": "34.542277", "Coordinates (Long)": "36.041577", "Governorate": "Akkar", "District": "AkkarDistrict", "Cadaster": "Aarqa", "Municipality Name": "Aarqa", "Union of Municipalities (UoM)": "UOM Aarka Al Asari", "UNDP Focal Point": "R. Jabbour", "National Counterpart\n(Institutional Title)": "Municipality of Aarqa", "Counterpart Type": "Municipality", "CPD Output No.": "2.2", "Strategic Plan 2026-2029\nActivity / Output No.": null, "Gender Marker": "GEN2", "Remarks / Notes": null }, "geometry": { "type": "Point", "coordinates": [ 36.041577, 34.542277 ] } },
{ "type": "Feature", "properties": { "REF": 163, "Project ID (Quantum)": "00088560\n", "Project Name": "Peacebuilding in Lebanon project- Phase 4", "Programme": "Crisis Prevention and Crisis Recovery (CPCR)", "Start Date": "02/01/2014", "End Date": "31/12/2027", "Project Status": null, "Output / Activity No.\n(per ProDoc results framework)": "4.1", "Full Activity Name": "Local Level Peace Building Strategies to Mitigate Tensions Developed in Selected Conflict Prone Areas of Lebanon Hosting Syrian Refugees (MSLD)", "Activity Description": "Capacitation of MSLD committees, formation of Insider Mediator taskforces, development of local peace strategies, implementing youth and women focused quick impact social initiatives", "Type of Activity": "Peacebuilding & social cohesion", "Mother Project?": null, "Mother Project Name": null, "Geographic Level": "Cadastre (CAD+ACS)", "Coordinates (Lat)": "33.82183", "Coordinates (Long)": "35.507005", "Governorate": "MountLebanon", "District": "Aley", "Cadaster": "Choueifat El-Aamrousiye", "Municipality Name": "Choueifat", "Union of Municipalities (UoM)": "No Union", "UNDP Focal Point": "R. Jabbour", "National Counterpart\n(Institutional Title)": "Municipality of Choueifat", "Counterpart Type": "Municipality", "CPD Output No.": "2.2", "Strategic Plan 2026-2029\nActivity / Output No.": null, "Gender Marker": "GEN2", "Remarks / Notes": null }, "geometry": { "type": "Point", "coordinates": [ 35.507005, 33.82183 ] } },
{ "type": "Feature", "properties": { "REF": 164, "Project ID (Quantum)": "00088560\n", "Project Name": "Peacebuilding in Lebanon project- Phase 4", "Programme": "Crisis Prevention and Crisis Recovery (CPCR)", "Start Date": "02/01/2014", "End Date": "31/12/2027", "Project Status": null, "Output / Activity No.\n(per ProDoc results framework)": "4.1", "Full Activity Name": "Local Level Peace Building Strategies to Mitigate Tensions Developed in Selected Conflict Prone Areas of Lebanon Hosting Syrian Refugees (MSLD)", "Activity Description": "Capacitation of MSLD committees, formation of Insider Mediator taskforces, development of local peace strategies, implementing youth and women focused quick impact social initiatives", "Type of Activity": "Peacebuilding & social cohesion", "Mother Project?": null, "Mother Project Name": null, "Geographic Level": "Cadastre (CAD+ACS)", "Coordinates (Lat)": "33.805943", "Coordinates (Long)": "35.602922", "Governorate": "MountLebanon", "District": "Aley", "Cadaster": "Aaley", "Municipality Name": "Aley", "Union of Municipalities (UoM)": "No Union", "UNDP Focal Point": "R. Jabbour", "National Counterpart\n(Institutional Title)": "Municipality of Aley", "Counterpart Type": "Municipality", "CPD Output No.": "2.2", "Strategic Plan 2026-2029\nActivity / Output No.": null, "Gender Marker": "GEN2", "Remarks / Notes": null }, "geometry": { "type": "Point", "coordinates": [ 35.602922, 33.805943 ] } },
{ "type": "Feature", "properties": { "REF": 165, "Project ID (Quantum)": "00088560\n", "Project Name": "Peacebuilding in Lebanon project- Phase 4", "Programme": "Crisis Prevention and Crisis Recovery (CPCR)", "Start Date": "02/01/2014", "End Date": "31/12/2027", "Project Status": null, "Output / Activity No.\n(per ProDoc results framework)": "4.1", "Full Activity Name": "Local Level Peace Building Strategies to Mitigate Tensions Developed in Selected Conflict Prone Areas of Lebanon Hosting Syrian Refugees (MSLD)", "Activity Description": "Capacitation of MSLD committees, formation of Insider Mediator taskforces, development of local peace strategies, implementing youth and women focused quick impact social initiatives", "Type of Activity": "Peacebuilding & social cohesion", "Mother Project?": null, "Mother Project Name": null, "Geographic Level": "Cadastre (CAD+ACS)", "Coordinates (Lat)": "33.713421", "Coordinates (Long)": "35.451574", "Governorate": "MountLebanon", "District": "Chouf", "Cadaster": "Damour", "Municipality Name": "Damour", "Union of Municipalities (UoM)": "No Union", "UNDP Focal Point": "R. Jabbour", "National Counterpart\n(Institutional Title)": "Municipality of Damour", "Counterpart Type": "Municipality", "CPD Output No.": "2.2", "Strategic Plan 2026-2029\nActivity / Output No.": null, "Gender Marker": "GEN2", "Remarks / Notes": null }, "geometry": { "type": "Point", "coordinates": [ 35.451574, 33.713421 ] } },
{ "type": "Feature", "properties": { "REF": 166, "Project ID (Quantum)": "00088560\n", "Project Name": "Peacebuilding in Lebanon project- Phase 4", "Programme": "Crisis Prevention and Crisis Recovery (CPCR)", "Start Date": "02/01/2014", "End Date": "31/12/2027", "Project Status": null, "Output / Activity No.\n(per ProDoc results framework)": "4.1", "Full Activity Name": "Local Level Peace Building Strategies to Mitigate Tensions Developed in Selected Conflict Prone Areas of Lebanon Hosting Syrian Refugees (MSLD)", "Activity Description": "Capacitation of MSLD committees, formation of Insider Mediator taskforces, development of local peace strategies, implementing youth and women focused quick impact social initiatives", "Type of Activity": "Peacebuilding & social cohesion", "Mother Project?": null, "Mother Project Name": null, "Geographic Level": "Cadastre (CAD+ACS)", "Coordinates (Lat)": "33.893513", "Coordinates (Long)": "35.542358", "Governorate": "MountLebanon", "District": "ElMeten", "Cadaster": "Bourj Hammoud", "Municipality Name": "Borj Hammoud", "Union of Municipalities (UoM)": "UOM El Metn El Chemali El Sahili El Aousat", "UNDP Focal Point": "R. Jabbour", "National Counterpart\n(Institutional Title)": "Coastal Metn Cluster", "Counterpart Type": "UoM", "CPD Output No.": "2.2", "Strategic Plan 2026-2029\nActivity / Output No.": null, "Gender Marker": "GEN2", "Remarks / Notes": null }, "geometry": { "type": "Point", "coordinates": [ 35.542358, 33.893513 ] } },
{ "type": "Feature", "properties": { "REF": 167, "Project ID (Quantum)": "00088560\n", "Project Name": "Peacebuilding in Lebanon project- Phase 4", "Programme": "Crisis Prevention and Crisis Recovery (CPCR)", "Start Date": "02/01/2014", "End Date": "31/12/2027", "Project Status": null, "Output / Activity No.\n(per ProDoc results framework)": "4.1", "Full Activity Name": "Local Level Peace Building Strategies to Mitigate Tensions Developed in Selected Conflict Prone Areas of Lebanon Hosting Syrian Refugees (MSLD)", "Activity Description": "Capacitation of MSLD committees, formation of Insider Mediator taskforces, development of local peace strategies, implementing youth and women focused quick impact social initiatives", "Type of Activity": "Peacebuilding & social cohesion", "Mother Project?": null, "Mother Project Name": null, "Geographic Level": "Cadastre (CAD+ACS)", "Coordinates (Lat)": "33.885335", "Coordinates (Long)": "35.558383", "Governorate": "MountLebanon", "District": "ElMeten", "Cadaster": "Jdaidet El-Matn", "Municipality Name": "Jdaide - Baouchriye - Sad el Baouchriye", "Union of Municipalities (UoM)": "UOM El Metn El Chemali El Sahili El Aousat", "UNDP Focal Point": "R. Jabbour", "National Counterpart\n(Institutional Title)": "Arkoub Al Haref Union", "Counterpart Type": "UoM", "CPD Output No.": "2.2", "Strategic Plan 2026-2029\nActivity / Output No.": null, "Gender Marker": "GEN2", "Remarks / Notes": null }, "geometry": { "type": "Point", "coordinates": [ 35.558383, 33.885335 ] } },
{ "type": "Feature", "properties": { "REF": 168, "Project ID (Quantum)": "00088560\n", "Project Name": "Peacebuilding in Lebanon project- Phase 4", "Programme": "Crisis Prevention and Crisis Recovery (CPCR)", "Start Date": "02/01/2014", "End Date": "31/12/2027", "Project Status": null, "Output / Activity No.\n(per ProDoc results framework)": "4.1", "Full Activity Name": "Local Level Peace Building Strategies to Mitigate Tensions Developed in Selected Conflict Prone Areas of Lebanon Hosting Syrian Refugees (MSLD)", "Activity Description": "Capacitation of MSLD committees, formation of Insider Mediator taskforces, development of local peace strategies, implementing youth and women focused quick impact social initiatives", "Type of Activity": "Peacebuilding & social cohesion", "Mother Project?": null, "Mother Project Name": null, "Geographic Level": "Cadastre (CAD+ACS)", "Coordinates (Lat)": "33.874803", "Coordinates (Long)": "35.535067", "Governorate": "MountLebanon", "District": "ElMeten", "Cadaster": "Sinn El-Fil", "Municipality Name": "Sinn el Fil", "Union of Municipalities (UoM)": "UOM El Metn El Chemali El Sahili El Aousat", "UNDP Focal Point": "R. Jabbour", "National Counterpart\n(Institutional Title)": "Arkoub Al Haref Union", "Counterpart Type": "UoM", "CPD Output No.": "2.2", "Strategic Plan 2026-2029\nActivity / Output No.": null, "Gender Marker": "GEN2", "Remarks / Notes": null }, "geometry": { "type": "Point", "coordinates": [ 35.535067, 33.874803 ] } },
{ "type": "Feature", "properties": { "REF": 169, "Project ID (Quantum)": "00088560\n", "Project Name": "Peacebuilding in Lebanon project- Phase 4", "Programme": "Crisis Prevention and Crisis Recovery (CPCR)", "Start Date": "02/01/2014", "End Date": "31/12/2027", "Project Status": null, "Output / Activity No.\n(per ProDoc results framework)": "4.1", "Full Activity Name": "Local Level Peace Building Strategies to Mitigate Tensions Developed in Selected Conflict Prone Areas of Lebanon Hosting Syrian Refugees (MSLD)", "Activity Description": "Capacitation of MSLD committees, formation of Insider Mediator taskforces, development of local peace strategies, implementing youth and women focused quick impact social initiatives", "Type of Activity": "Peacebuilding & social cohesion", "Mother Project?": null, "Mother Project Name": null, "Geographic Level": "Cadastre (CAD+ACS)", "Coordinates (Lat)": "33.73199", "Coordinates (Long)": "35.723739", "Governorate": "MountLebanon", "District": "Chouf", "Cadaster": "Aain Zhalta", "Municipality Name": "Ain Zhalta", "Union of Municipalities (UoM)": "No Union", "UNDP Focal Point": "R. Jabbour", "National Counterpart\n(Institutional Title)": "Arkoub Al Haref Union", "Counterpart Type": "UoM", "CPD Output No.": "2.2", "Strategic Plan 2026-2029\nActivity / Output No.": null, "Gender Marker": "GEN2", "Remarks / Notes": null }, "geometry": { "type": "Point", "coordinates": [ 35.723739, 33.73199 ] } },
{ "type": "Feature", "properties": { "REF": 170, "Project ID (Quantum)": "00088560\n", "Project Name": "Peacebuilding in Lebanon project- Phase 4", "Programme": "Crisis Prevention and Crisis Recovery (CPCR)", "Start Date": "02/01/2014", "End Date": "31/12/2027", "Project Status": null, "Output / Activity No.\n(per ProDoc results framework)": "4.1", "Full Activity Name": "Local Level Peace Building Strategies to Mitigate Tensions Developed in Selected Conflict Prone Areas of Lebanon Hosting Syrian Refugees (MSLD)", "Activity Description": "Capacitation of MSLD committees, formation of Insider Mediator taskforces, development of local peace strategies, implementing youth and women focused quick impact social initiatives", "Type of Activity": "Peacebuilding & social cohesion", "Mother Project?": null, "Mother Project Name": null, "Geographic Level": "Cadastre (CAD+ACS)", "Coordinates (Lat)": "33.692356", "Coordinates (Long)": "35.652541", "Governorate": "MountLebanon", "District": "Chouf", "Cadaster": "Batloun", "Municipality Name": "Batloun", "Union of Municipalities (UoM)": "No Union", "UNDP Focal Point": "R. Jabbour", "National Counterpart\n(Institutional Title)": "Arkoub Al Haref Union", "Counterpart Type": "UoM", "CPD Output No.": "2.2", "Strategic Plan 2026-2029\nActivity / Output No.": null, "Gender Marker": "GEN2", "Remarks / Notes": null }, "geometry": { "type": "Point", "coordinates": [ 35.652541, 33.692356 ] } },
{ "type": "Feature", "properties": { "REF": 171, "Project ID (Quantum)": "00088560\n", "Project Name": "Peacebuilding in Lebanon project- Phase 4", "Programme": "Crisis Prevention and Crisis Recovery (CPCR)", "Start Date": "02/01/2014", "End Date": "31/12/2027", "Project Status": null, "Output / Activity No.\n(per ProDoc results framework)": "4.1", "Full Activity Name": "Local Level Peace Building Strategies to Mitigate Tensions Developed in Selected Conflict Prone Areas of Lebanon Hosting Syrian Refugees (MSLD)", "Activity Description": "Capacitation of MSLD committees, formation of Insider Mediator taskforces, development of local peace strategies, implementing youth and women focused quick impact social initiatives", "Type of Activity": "Peacebuilding & social cohesion", "Mother Project?": null, "Mother Project Name": null, "Geographic Level": "Cadastre (CAD+ACS)", "Coordinates (Lat)": "33.713656", "Coordinates (Long)": "35.707382", "Governorate": "MountLebanon", "District": "Chouf", "Cadaster": "Barouk", "Municipality Name": "Barouk - Fraidiss", "Union of Municipalities (UoM)": "No Union", "UNDP Focal Point": "R. Jabbour", "National Counterpart\n(Institutional Title)": "Arkoub Al Haref Union", "Counterpart Type": "UoM", "CPD Output No.": "2.2", "Strategic Plan 2026-2029\nActivity / Output No.": null, "Gender Marker": "GEN2", "Remarks / Notes": null }, "geometry": { "type": "Point", "coordinates": [ 35.707382, 33.713656 ] } },
{ "type": "Feature", "properties": { "REF": 172, "Project ID (Quantum)": "00088560\n", "Project Name": "Peacebuilding in Lebanon project- Phase 4", "Programme": "Crisis Prevention and Crisis Recovery (CPCR)", "Start Date": "02/01/2014", "End Date": "31/12/2027", "Project Status": null, "Output / Activity No.\n(per ProDoc results framework)": "4.1", "Full Activity Name": "Local Level Peace Building Strategies to Mitigate Tensions Developed in Selected Conflict Prone Areas of Lebanon Hosting Syrian Refugees (MSLD)", "Activity Description": "Capacitation of MSLD committees, formation of Insider Mediator taskforces, development of local peace strategies, implementing youth and women focused quick impact social initiatives", "Type of Activity": "Peacebuilding & social cohesion", "Mother Project?": null, "Mother Project Name": null, "Geographic Level": "Cadastre (CAD+ACS)", "Coordinates (Lat)": "33.716262", "Coordinates (Long)": "35.656229", "Governorate": "MountLebanon", "District": "Chouf", "Cadaster": "Brih", "Municipality Name": "Brih", "Union of Municipalities (UoM)": "No Union", "UNDP Focal Point": "R. Jabbour", "National Counterpart\n(Institutional Title)": "Arkoub Al Haref Union", "Counterpart Type": "UoM", "CPD Output No.": "2.2", "Strategic Plan 2026-2029\nActivity / Output No.": null, "Gender Marker": "GEN2", "Remarks / Notes": null }, "geometry": { "type": "Point", "coordinates": [ 35.656229, 33.716262 ] } },
{ "type": "Feature", "properties": { "REF": 173, "Project ID (Quantum)": "00088560\n", "Project Name": "Peacebuilding in Lebanon project- Phase 4", "Programme": "Crisis Prevention and Crisis Recovery (CPCR)", "Start Date": "02/01/2014", "End Date": "31/12/2027", "Project Status": null, "Output / Activity No.\n(per ProDoc results framework)": "4.1", "Full Activity Name": "Local Level Peace Building Strategies to Mitigate Tensions Developed in Selected Conflict Prone Areas of Lebanon Hosting Syrian Refugees (MSLD)", "Activity Description": "Capacitation of MSLD committees, formation of Insider Mediator taskforces, development of local peace strategies, implementing youth and women focused quick impact social initiatives", "Type of Activity": "Peacebuilding & social cohesion", "Mother Project?": null, "Mother Project Name": null, "Geographic Level": "Cadastre (CAD+ACS)", "Coordinates (Lat)": "33.721807", "Coordinates (Long)": "35.644385", "Governorate": "MountLebanon", "District": "Chouf", "Cadaster": "Biret Ech-Chouf", "Municipality Name": "Bire", "Union of Municipalities (UoM)": "No Union", "UNDP Focal Point": "R. Jabbour", "National Counterpart\n(Institutional Title)": "Arkoub Al Haref Union", "Counterpart Type": "UoM", "CPD Output No.": "2.2", "Strategic Plan 2026-2029\nActivity / Output No.": null, "Gender Marker": "GEN2", "Remarks / Notes": null }, "geometry": { "type": "Point", "coordinates": [ 35.644385, 33.721807 ] } },
{ "type": "Feature", "properties": { "REF": 174, "Project ID (Quantum)": "00088560\n", "Project Name": "Peacebuilding in Lebanon project- Phase 4", "Programme": "Crisis Prevention and Crisis Recovery (CPCR)", "Start Date": "02/01/2014", "End Date": "31/12/2027", "Project Status": null, "Output / Activity No.\n(per ProDoc results framework)": "4.1", "Full Activity Name": "Local Level Peace Building Strategies to Mitigate Tensions Developed in Selected Conflict Prone Areas of Lebanon Hosting Syrian Refugees (MSLD)", "Activity Description": "Capacitation of MSLD committees, formation of Insider Mediator taskforces, development of local peace strategies, implementing youth and women focused quick impact social initiatives", "Type of Activity": "Peacebuilding & social cohesion", "Mother Project?": null, "Mother Project Name": null, "Geographic Level": "Cadastre (CAD+ACS)", "Coordinates (Lat)": "33.71271", "Coordinates (Long)": "35.637304", "Governorate": "MountLebanon", "District": "Chouf", "Cadaster": "Faouarat Jaafar", "Municipality Name": "Faouarat Jaafar", "Union of Municipalities (UoM)": "No Union", "UNDP Focal Point": "R. Jabbour", "National Counterpart\n(Institutional Title)": "Arkoub Al Haref Union", "Counterpart Type": "UoM", "CPD Output No.": "2.2", "Strategic Plan 2026-2029\nActivity / Output No.": null, "Gender Marker": "GEN2", "Remarks / Notes": null }, "geometry": { "type": "Point", "coordinates": [ 35.637304, 33.71271 ] } },
{ "type": "Feature", "properties": { "REF": 175, "Project ID (Quantum)": "00088560\n", "Project Name": "Peacebuilding in Lebanon project- Phase 4", "Programme": "Crisis Prevention and Crisis Recovery (CPCR)", "Start Date": "02/01/2014", "End Date": "31/12/2027", "Project Status": null, "Output / Activity No.\n(per ProDoc results framework)": "4.1", "Full Activity Name": "Local Level Peace Building Strategies to Mitigate Tensions Developed in Selected Conflict Prone Areas of Lebanon Hosting Syrian Refugees (MSLD)", "Activity Description": "Capacitation of MSLD committees, formation of Insider Mediator taskforces, development of local peace strategies, implementing youth and women focused quick impact social initiatives", "Type of Activity": "Peacebuilding & social cohesion", "Mother Project?": null, "Mother Project Name": null, "Geographic Level": "Cadastre (CAD+ACS)", "Coordinates (Lat)": "33.725736", "Coordinates (Long)": "35.619626", "Governorate": "MountLebanon", "District": "Chouf", "Cadaster": "Majdel El-Meouch", "Municipality Name": "Majdel el Meouch", "Union of Municipalities (UoM)": "No Union", "UNDP Focal Point": "R. Jabbour", "National Counterpart\n(Institutional Title)": "Dahia El Janoubiya", "Counterpart Type": "UoM", "CPD Output No.": "2.2", "Strategic Plan 2026-2029\nActivity / Output No.": null, "Gender Marker": "GEN2", "Remarks / Notes": null }, "geometry": { "type": "Point", "coordinates": [ 35.619626, 33.725736 ] } },
{ "type": "Feature", "properties": { "REF": 176, "Project ID (Quantum)": "00088560\n", "Project Name": "Peacebuilding in Lebanon project- Phase 4", "Programme": "Crisis Prevention and Crisis Recovery (CPCR)", "Start Date": "02/01/2014", "End Date": "31/12/2027", "Project Status": null, "Output / Activity No.\n(per ProDoc results framework)": "4.1", "Full Activity Name": "Local Level Peace Building Strategies to Mitigate Tensions Developed in Selected Conflict Prone Areas of Lebanon Hosting Syrian Refugees (MSLD)", "Activity Description": "Capacitation of MSLD committees, formation of Insider Mediator taskforces, development of local peace strategies, implementing youth and women focused quick impact social initiatives", "Type of Activity": "Peacebuilding & social cohesion", "Mother Project?": null, "Mother Project Name": null, "Geographic Level": "Cadastre (CAD+ACS)", "Coordinates (Lat)": "33.697313", "Coordinates (Long)": "35.598074", "Governorate": "MountLebanon", "District": "Chouf", "Cadaster": "Maasser Beit Ed-Dine", "Municipality Name": "Maaser Beit ed Dine", "Union of Municipalities (UoM)": "No Union", "UNDP Focal Point": "R. Jabbour", "National Counterpart\n(Institutional Title)": "Municipality of Jadra", "Counterpart Type": "Municipality", "CPD Output No.": "2.2", "Strategic Plan 2026-2029\nActivity / Output No.": null, "Gender Marker": "GEN2", "Remarks / Notes": null }, "geometry": { "type": "Point", "coordinates": [ 35.598074, 33.697313 ] } },
{ "type": "Feature", "properties": { "REF": 177, "Project ID (Quantum)": "00088560\n", "Project Name": "Peacebuilding in Lebanon project- Phase 4", "Programme": "Crisis Prevention and Crisis Recovery (CPCR)", "Start Date": "02/01/2014", "End Date": "31/12/2027", "Project Status": null, "Output / Activity No.\n(per ProDoc results framework)": "4.1", "Full Activity Name": "Local Level Peace Building Strategies to Mitigate Tensions Developed in Selected Conflict Prone Areas of Lebanon Hosting Syrian Refugees (MSLD)", "Activity Description": "Capacitation of MSLD committees, formation of Insider Mediator taskforces, development of local peace strategies, implementing youth and women focused quick impact social initiatives", "Type of Activity": "Peacebuilding & social cohesion", "Mother Project?": null, "Mother Project Name": null, "Geographic Level": "Cadastre (CAD+ACS)", "Coordinates (Lat)": "33.851448", "Coordinates (Long)": "35.489752", "Governorate": "MountLebanon", "District": "Baabda", "Cadaster": "Chiyah", "Municipality Name": "Chiayah and Ghobeire", "Union of Municipalities (UoM)": "UOM El Dahia El Janoubiya", "UNDP Focal Point": "R. Jabbour", "National Counterpart\n(Institutional Title)": "Municipality of Baasir", "Counterpart Type": "Municipality", "CPD Output No.": "2.2", "Strategic Plan 2026-2029\nActivity / Output No.": null, "Gender Marker": "GEN2", "Remarks / Notes": null }, "geometry": { "type": "Point", "coordinates": [ 35.489752, 33.851448 ] } },
{ "type": "Feature", "properties": { "REF": 178, "Project ID (Quantum)": "00088560\n", "Project Name": "Peacebuilding in Lebanon project- Phase 4", "Programme": "Crisis Prevention and Crisis Recovery (CPCR)", "Start Date": "02/01/2014", "End Date": "31/12/2027", "Project Status": null, "Output / Activity No.\n(per ProDoc results framework)": "4.1", "Full Activity Name": "Local Level Peace Building Strategies to Mitigate Tensions Developed in Selected Conflict Prone Areas of Lebanon Hosting Syrian Refugees (MSLD)", "Activity Description": "Capacitation of MSLD committees, formation of Insider Mediator taskforces, development of local peace strategies, implementing youth and women focused quick impact social initiatives", "Type of Activity": "Peacebuilding & social cohesion", "Mother Project?": null, "Mother Project Name": null, "Geographic Level": "Cadastre (CAD+ACS)", "Coordinates (Lat)": "33.634159", "Coordinates (Long)": "35.408415", "Governorate": "MountLebanon", "District": "Chouf", "Cadaster": "Jadra", "Municipality Name": "Jadra", "Union of Municipalities (UoM)": "UOM Iqlim El Kharroub El Chamali", "UNDP Focal Point": "R. Jabbour", "National Counterpart\n(Institutional Title)": "Municiplaity of Jiye", "Counterpart Type": "Municipality", "CPD Output No.": "2.2", "Strategic Plan 2026-2029\nActivity / Output No.": null, "Gender Marker": "GEN2", "Remarks / Notes": null }, "geometry": { "type": "Point", "coordinates": [ 35.408415, 33.634159 ] } },
{ "type": "Feature", "properties": { "REF": 179, "Project ID (Quantum)": "00088560\n", "Project Name": "Peacebuilding in Lebanon project- Phase 4", "Programme": "Crisis Prevention and Crisis Recovery (CPCR)", "Start Date": "02/01/2014", "End Date": "31/12/2027", "Project Status": null, "Output / Activity No.\n(per ProDoc results framework)": "4.1", "Full Activity Name": "Local Level Peace Building Strategies to Mitigate Tensions Developed in Selected Conflict Prone Areas of Lebanon Hosting Syrian Refugees (MSLD)", "Activity Description": "Capacitation of MSLD committees, formation of Insider Mediator taskforces, development of local peace strategies, implementing youth and women focused quick impact social initiatives", "Type of Activity": "Peacebuilding & social cohesion", "Mother Project?": null, "Mother Project Name": null, "Geographic Level": "Cadastre (CAD+ACS)", "Coordinates (Lat)": "33.662449", "Coordinates (Long)": "35.445361", "Governorate": "MountLebanon", "District": "Chouf", "Cadaster": "Baassir", "Municipality Name": "Baasir", "Union of Municipalities (UoM)": "UOM Iqlim El Kharroub El Chamali", "UNDP Focal Point": "R. Jabbour", "National Counterpart\n(Institutional Title)": "Municipality of Maghdouche", "Counterpart Type": "Municipality", "CPD Output No.": "2.2", "Strategic Plan 2026-2029\nActivity / Output No.": null, "Gender Marker": "GEN2", "Remarks / Notes": null }, "geometry": { "type": "Point", "coordinates": [ 35.445361, 33.662449 ] } },
{ "type": "Feature", "properties": { "REF": 180, "Project ID (Quantum)": "00088560\n", "Project Name": "Peacebuilding in Lebanon project- Phase 4", "Programme": "Crisis Prevention and Crisis Recovery (CPCR)", "Start Date": "02/01/2014", "End Date": "31/12/2027", "Project Status": null, "Output / Activity No.\n(per ProDoc results framework)": "4.1", "Full Activity Name": "Local Level Peace Building Strategies to Mitigate Tensions Developed in Selected Conflict Prone Areas of Lebanon Hosting Syrian Refugees (MSLD)", "Activity Description": "Capacitation of MSLD committees, formation of Insider Mediator taskforces, development of local peace strategies, implementing youth and women focused quick impact social initiatives", "Type of Activity": "Peacebuilding & social cohesion", "Mother Project?": null, "Mother Project Name": null, "Geographic Level": "Cadastre (CAD+ACS)", "Coordinates (Lat)": "33.666257", "Coordinates (Long)": "35.421245", "Governorate": "MountLebanon", "District": "Chouf", "Cadaster": "Jiye", "Municipality Name": "Jiye", "Union of Municipalities (UoM)": "UOM Iqlim El Kharroub El Chamali", "UNDP Focal Point": "R. Jabbour", "National Counterpart\n(Institutional Title)": "Municipality of Majdelyoun", "Counterpart Type": "Municipality", "CPD Output No.": "2.2", "Strategic Plan 2026-2029\nActivity / Output No.": null, "Gender Marker": "GEN2", "Remarks / Notes": null }, "geometry": { "type": "Point", "coordinates": [ 35.421245, 33.666257 ] } },
{ "type": "Feature", "properties": { "REF": 181, "Project ID (Quantum)": "00088560\n", "Project Name": "Peacebuilding in Lebanon project- Phase 4", "Programme": "Crisis Prevention and Crisis Recovery (CPCR)", "Start Date": "02/01/2014", "End Date": "31/12/2027", "Project Status": null, "Output / Activity No.\n(per ProDoc results framework)": "4.1", "Full Activity Name": "Local Level Peace Building Strategies to Mitigate Tensions Developed in Selected Conflict Prone Areas of Lebanon Hosting Syrian Refugees (MSLD)", "Activity Description": "Capacitation of MSLD committees, formation of Insider Mediator taskforces, development of local peace strategies, implementing youth and women focused quick impact social initiatives", "Type of Activity": "Peacebuilding & social cohesion", "Mother Project?": null, "Mother Project Name": null, "Geographic Level": "Cadastre (CAD+ACS)", "Coordinates (Lat)": "33.517932", "Coordinates (Long)": "35.389259", "Governorate": "South", "District": "Saida", "Cadaster": "Maghdouche", "Municipality Name": "Maghdouche", "Union of Municipalities (UoM)": "UOM Saida El Zahrani", "UNDP Focal Point": "R. Jabbour", "National Counterpart\n(Institutional Title)": "Municiplaity of Ain Ed Delb", "Counterpart Type": "Municipality", "CPD Output No.": "2.2", "Strategic Plan 2026-2029\nActivity / Output No.": null, "Gender Marker": "GEN2", "Remarks / Notes": null }, "geometry": { "type": "Point", "coordinates": [ 35.389259, 33.517932 ] } },
{ "type": "Feature", "properties": { "REF": 182, "Project ID (Quantum)": "00088560\n", "Project Name": "Peacebuilding in Lebanon project- Phase 4", "Programme": "Crisis Prevention and Crisis Recovery (CPCR)", "Start Date": "02/01/2014", "End Date": "31/12/2027", "Project Status": null, "Output / Activity No.\n(per ProDoc results framework)": "4.1", "Full Activity Name": "Local Level Peace Building Strategies to Mitigate Tensions Developed in Selected Conflict Prone Areas of Lebanon Hosting Syrian Refugees (MSLD)", "Activity Description": "Capacitation of MSLD committees, formation of Insider Mediator taskforces, development of local peace strategies, implementing youth and women focused quick impact social initiatives", "Type of Activity": "Peacebuilding & social cohesion", "Mother Project?": null, "Mother Project Name": null, "Geographic Level": "Cadastre (CAD+ACS)", "Coordinates (Lat)": "33.555438", "Coordinates (Long)": "35.415698", "Governorate": "South", "District": "Saida", "Cadaster": "Majdelyoun", "Municipality Name": "Majdelyoun", "Union of Municipalities (UoM)": "UOM Saida El Zahrani", "UNDP Focal Point": "R. Jabbour", "National Counterpart\n(Institutional Title)": "Municipality of Kharayeb", "Counterpart Type": "Municipality", "CPD Output No.": "2.2", "Strategic Plan 2026-2029\nActivity / Output No.": null, "Gender Marker": "GEN2", "Remarks / Notes": null }, "geometry": { "type": "Point", "coordinates": [ 35.415698, 33.555438 ] } },
{ "type": "Feature", "properties": { "REF": 183, "Project ID (Quantum)": "00088560\n", "Project Name": "Peacebuilding in Lebanon project- Phase 4", "Programme": "Crisis Prevention and Crisis Recovery (CPCR)", "Start Date": "02/01/2014", "End Date": "31/12/2027", "Project Status": null, "Output / Activity No.\n(per ProDoc results framework)": "4.1", "Full Activity Name": "Local Level Peace Building Strategies to Mitigate Tensions Developed in Selected Conflict Prone Areas of Lebanon Hosting Syrian Refugees (MSLD)", "Activity Description": "Capacitation of MSLD committees, formation of Insider Mediator taskforces, development of local peace strategies, implementing youth and women focused quick impact social initiatives", "Type of Activity": "Peacebuilding & social cohesion", "Mother Project?": null, "Mother Project Name": null, "Geographic Level": "Cadastre (CAD+ACS)", "Coordinates (Lat)": "33.544506", "Coordinates (Long)": "35.404896", "Governorate": "South", "District": "Saida", "Cadaster": "Aain Ed-Delb", "Municipality Name": "Ain Ed Delb", "Union of Municipalities (UoM)": "UOM Saida El Zahrani", "UNDP Focal Point": "R. Jabbour", "National Counterpart\n(Institutional Title)": "Municipalities of Nabatiye el Tahta & Nabatiye el Faouqa", "Counterpart Type": "Municipality", "CPD Output No.": "2.2", "Strategic Plan 2026-2029\nActivity / Output No.": null, "Gender Marker": "GEN2", "Remarks / Notes": null }, "geometry": { "type": "Point", "coordinates": [ 35.404896, 33.544506 ] } },
{ "type": "Feature", "properties": { "REF": 184, "Project ID (Quantum)": "00088560\n", "Project Name": "Peacebuilding in Lebanon project- Phase 4", "Programme": "Crisis Prevention and Crisis Recovery (CPCR)", "Start Date": "02/01/2014", "End Date": "31/12/2027", "Project Status": null, "Output / Activity No.\n(per ProDoc results framework)": "4.1", "Full Activity Name": "Local Level Peace Building Strategies to Mitigate Tensions Developed in Selected Conflict Prone Areas of Lebanon Hosting Syrian Refugees (MSLD)", "Activity Description": "Capacitation of MSLD committees, formation of Insider Mediator taskforces, development of local peace strategies, implementing youth and women focused quick impact social initiatives", "Type of Activity": "Peacebuilding & social cohesion", "Mother Project?": null, "Mother Project Name": null, "Geographic Level": "Cadastre (CAD+ACS)", "Coordinates (Lat)": "33.352063", "Coordinates (Long)": "35.292346", "Governorate": "South", "District": "Saida", "Cadaster": "Khayayeb Saida", "Municipality Name": "Kharayeb Saida", "Union of Municipalities (UoM)": "UOM Sahil El Zahrani", "UNDP Focal Point": "R. Jabbour", "National Counterpart\n(Institutional Title)": "Municipalities of Nabatiye el Tahta & Nabatiye el Faouqa", "Counterpart Type": "Municipality", "CPD Output No.": "2.2", "Strategic Plan 2026-2029\nActivity / Output No.": null, "Gender Marker": "GEN2", "Remarks / Notes": null }, "geometry": { "type": "Point", "coordinates": [ 35.292346, 33.352063 ] } },
{ "type": "Feature", "properties": { "REF": 185, "Project ID (Quantum)": "00088560\n", "Project Name": "Peacebuilding in Lebanon project- Phase 4", "Programme": "Crisis Prevention and Crisis Recovery (CPCR)", "Start Date": "02/01/2014", "End Date": "31/12/2027", "Project Status": null, "Output / Activity No.\n(per ProDoc results framework)": "4.1", "Full Activity Name": "Local Level Peace Building Strategies to Mitigate Tensions Developed in Selected Conflict Prone Areas of Lebanon Hosting Syrian Refugees (MSLD)", "Activity Description": "Capacitation of MSLD committees, formation of Insider Mediator taskforces, development of local peace strategies, implementing youth and women focused quick impact social initiatives", "Type of Activity": "Peacebuilding & social cohesion", "Mother Project?": null, "Mother Project Name": null, "Geographic Level": "Cadastre (CAD+ACS)", "Coordinates (Lat)": "33.377754", "Coordinates (Long)": "35.482554", "Governorate": "ElNabatieh", "District": "ElNabatiehDistrict", "Cadaster": "Nabatieh Et-Tahta", "Municipality Name": "Nabatiye el Tahta", "Union of Municipalities (UoM)": "UOM El Chqif", "UNDP Focal Point": "R. Jabbour", "National Counterpart\n(Institutional Title)": "Municipalities of Sour, Qana, Abbassiyeh", "Counterpart Type": "UoM", "CPD Output No.": "2.2", "Strategic Plan 2026-2029\nActivity / Output No.": null, "Gender Marker": "GEN2", "Remarks / Notes": null }, "geometry": { "type": "Point", "coordinates": [ 35.482554, 33.377754 ] } },
{ "type": "Feature", "properties": { "REF": 186, "Project ID (Quantum)": "00088560\n", "Project Name": "Peacebuilding in Lebanon project- Phase 4", "Programme": "Crisis Prevention and Crisis Recovery (CPCR)", "Start Date": "02/01/2014", "End Date": "31/12/2027", "Project Status": null, "Output / Activity No.\n(per ProDoc results framework)": "4.1", "Full Activity Name": "Local Level Peace Building Strategies to Mitigate Tensions Developed in Selected Conflict Prone Areas of Lebanon Hosting Syrian Refugees (MSLD)", "Activity Description": "Capacitation of MSLD committees, formation of Insider Mediator taskforces, development of local peace strategies, implementing youth and women focused quick impact social initiatives", "Type of Activity": "Peacebuilding & social cohesion", "Mother Project?": null, "Mother Project Name": null, "Geographic Level": "Cadastre (CAD+ACS)", "Coordinates (Lat)": "33.356989", "Coordinates (Long)": "35.494563", "Governorate": "ElNabatieh", "District": "ElNabatiehDistrict", "Cadaster": "Nabatiyeh El-Faouka", "Municipality Name": "Nabatiye el Faouqa", "Union of Municipalities (UoM)": "UOM El Chqif", "UNDP Focal Point": "R. Jabbour", "National Counterpart\n(Institutional Title)": "Municipality of Saida", "Counterpart Type": "Municipality", "CPD Output No.": "2.2", "Strategic Plan 2026-2029\nActivity / Output No.": null, "Gender Marker": "GEN2", "Remarks / Notes": null }, "geometry": { "type": "Point", "coordinates": [ 35.494563, 33.356989 ] } },
{ "type": "Feature", "properties": { "REF": 187, "Project ID (Quantum)": "00088560\n", "Project Name": "Peacebuilding in Lebanon project- Phase 4", "Programme": "Crisis Prevention and Crisis Recovery (CPCR)", "Start Date": "02/01/2014", "End Date": "31/12/2027", "Project Status": null, "Output / Activity No.\n(per ProDoc results framework)": "4.1", "Full Activity Name": "Local Level Peace Building Strategies to Mitigate Tensions Developed in Selected Conflict Prone Areas of Lebanon Hosting Syrian Refugees (MSLD)", "Activity Description": "Capacitation of MSLD committees, formation of Insider Mediator taskforces, development of local peace strategies, implementing youth and women focused quick impact social initiatives", "Type of Activity": "Peacebuilding & social cohesion", "Mother Project?": null, "Mother Project Name": null, "Geographic Level": "Cadastre (CAD+ACS)", "Coordinates (Lat)": "33.270146", "Coordinates (Long)": "35.199186", "Governorate": "South", "District": "Sour", "Cadaster": "Sour", "Municipality Name": "Sour", "Union of Municipalities (UoM)": "UOM Caza Sour", "UNDP Focal Point": "R. Jabbour", "National Counterpart\n(Institutional Title)": "Qalaa UoM", "Counterpart Type": "UoM", "CPD Output No.": "2.2", "Strategic Plan 2026-2029\nActivity / Output No.": null, "Gender Marker": "GEN2", "Remarks / Notes": null }, "geometry": { "type": "Point", "coordinates": [ 35.199186, 33.270146 ] } },
{ "type": "Feature", "properties": { "REF": 188, "Project ID (Quantum)": "00088560\n", "Project Name": "Peacebuilding in Lebanon project- Phase 4", "Programme": "Crisis Prevention and Crisis Recovery (CPCR)", "Start Date": "02/01/2014", "End Date": "31/12/2027", "Project Status": null, "Output / Activity No.\n(per ProDoc results framework)": "4.1", "Full Activity Name": "Local Level Peace Building Strategies to Mitigate Tensions Developed in Selected Conflict Prone Areas of Lebanon Hosting Syrian Refugees (MSLD)", "Activity Description": "Capacitation of MSLD committees, formation of Insider Mediator taskforces, development of local peace strategies, implementing youth and women focused quick impact social initiatives", "Type of Activity": "Peacebuilding & social cohesion", "Mother Project?": null, "Mother Project Name": null, "Geographic Level": "Cadastre (CAD+ACS)", "Coordinates (Lat)": "33.553961", "Coordinates (Long)": "35.393958", "Governorate": "South", "District": "Saida", "Cadaster": "Haret Saida", "Municipality Name": "Haret Saida", "Union of Municipalities (UoM)": "UOM Saida El Zahrani", "UNDP Focal Point": "R. Jabbour", "National Counterpart\n(Institutional Title)": "Sahel Zahrani Cluster", "Counterpart Type": "UoM", "CPD Output No.": "2.2", "Strategic Plan 2026-2029\nActivity / Output No.": null, "Gender Marker": "GEN2", "Remarks / Notes": null }, "geometry": { "type": "Point", "coordinates": [ 35.393958, 33.553961 ] } },
{ "type": "Feature", "properties": { "REF": 189, "Project ID (Quantum)": "00088560\n", "Project Name": "Peacebuilding in Lebanon project- Phase 4", "Programme": "Crisis Prevention and Crisis Recovery (CPCR)", "Start Date": "02/01/2014", "End Date": "31/12/2027", "Project Status": null, "Output / Activity No.\n(per ProDoc results framework)": "4.1", "Full Activity Name": "Local Level Peace Building Strategies to Mitigate Tensions Developed in Selected Conflict Prone Areas of Lebanon Hosting Syrian Refugees (MSLD)", "Activity Description": "Capacitation of MSLD committees, formation of Insider Mediator taskforces, development of local peace strategies, implementing youth and women focused quick impact social initiatives", "Type of Activity": "Peacebuilding & social cohesion", "Mother Project?": null, "Mother Project Name": null, "Geographic Level": "Cadastre (CAD+ACS)", "Coordinates (Lat)": "#N/A", "Coordinates (Long)": "#N/A", "Governorate": "ElNabatieh", "District": "BentJbeil", "Cadaster": null, "Municipality Name": "0", "Union of Municipalities (UoM)": "#N/A", "UNDP Focal Point": "R. Jabbour", "National Counterpart\n(Institutional Title)": "Ghaziyeh Municipality", "Counterpart Type": "Municipality", "CPD Output No.": "2.2", "Strategic Plan 2026-2029\nActivity / Output No.": null, "Gender Marker": "GEN2", "Remarks / Notes": null }, "geometry": null },
{ "type": "Feature", "properties": { "REF": 190, "Project ID (Quantum)": "00088560\n", "Project Name": "Peacebuilding in Lebanon project- Phase 4", "Programme": "Crisis Prevention and Crisis Recovery (CPCR)", "Start Date": "02/01/2014", "End Date": "31/12/2027", "Project Status": null, "Output / Activity No.\n(per ProDoc results framework)": "4.1", "Full Activity Name": "Local Level Peace Building Strategies to Mitigate Tensions Developed in Selected Conflict Prone Areas of Lebanon Hosting Syrian Refugees (MSLD)", "Activity Description": "Capacitation of MSLD committees, formation of Insider Mediator taskforces, development of local peace strategies, implementing youth and women focused quick impact social initiatives", "Type of Activity": "Peacebuilding & social cohesion", "Mother Project?": null, "Mother Project Name": null, "Geographic Level": "Cadastre (CAD+ACS)", "Coordinates (Lat)": "33.45173", "Coordinates (Long)": "35.299978", "Governorate": "South", "District": "Saida", "Cadaster": "Sarafand", "Municipality Name": "Sarafand", "Union of Municipalities (UoM)": "UOM Sahil El Zahrani", "UNDP Focal Point": "R. Jabbour", "National Counterpart\n(Institutional Title)": "Municipality of Raait", "Counterpart Type": "Municipality", "CPD Output No.": "2.2", "Strategic Plan 2026-2029\nActivity / Output No.": null, "Gender Marker": "GEN2", "Remarks / Notes": null }, "geometry": { "type": "Point", "coordinates": [ 35.299978, 33.45173 ] } },
{ "type": "Feature", "properties": { "REF": 191, "Project ID (Quantum)": "00088560\n", "Project Name": "Peacebuilding in Lebanon project- Phase 4", "Programme": "Crisis Prevention and Crisis Recovery (CPCR)", "Start Date": "02/01/2014", "End Date": "31/12/2027", "Project Status": null, "Output / Activity No.\n(per ProDoc results framework)": "4.1", "Full Activity Name": "Local Level Peace Building Strategies to Mitigate Tensions Developed in Selected Conflict Prone Areas of Lebanon Hosting Syrian Refugees (MSLD)", "Activity Description": "Capacitation of MSLD committees, formation of Insider Mediator taskforces, development of local peace strategies, implementing youth and women focused quick impact social initiatives", "Type of Activity": "Peacebuilding & social cohesion", "Mother Project?": null, "Mother Project Name": null, "Geographic Level": "Cadastre (CAD+ACS)", "Coordinates (Lat)": "33.506507", "Coordinates (Long)": "35.353282", "Governorate": "South", "District": "Saida", "Cadaster": "Ghaziye", "Municipality Name": "Ghaziye", "Union of Municipalities (UoM)": "UOM Saida El Zahrani", "UNDP Focal Point": "R. Jabbour", "National Counterpart\n(Institutional Title)": "Municipality of El Marj", "Counterpart Type": "Municipality", "CPD Output No.": "2.2", "Strategic Plan 2026-2029\nActivity / Output No.": null, "Gender Marker": "GEN2", "Remarks / Notes": null }, "geometry": { "type": "Point", "coordinates": [ 35.353282, 33.506507 ] } },
{ "type": "Feature", "properties": { "REF": 192, "Project ID (Quantum)": "00088560\n", "Project Name": "Peacebuilding in Lebanon project- Phase 4", "Programme": "Crisis Prevention and Crisis Recovery (CPCR)", "Start Date": "02/01/2014", "End Date": "31/12/2027", "Project Status": null, "Output / Activity No.\n(per ProDoc results framework)": "4.1", "Full Activity Name": "Local Level Peace Building Strategies to Mitigate Tensions Developed in Selected Conflict Prone Areas of Lebanon Hosting Syrian Refugees (MSLD)", "Activity Description": "Capacitation of MSLD committees, formation of Insider Mediator taskforces, development of local peace strategies, implementing youth and women focused quick impact social initiatives", "Type of Activity": "Peacebuilding & social cohesion", "Mother Project?": null, "Mother Project Name": null, "Geographic Level": "Cadastre (CAD+ACS)", "Coordinates (Lat)": "33.839213", "Coordinates (Long)": "36.038388", "Governorate": "Bekaa", "District": "Zahle", "Cadaster": "Raait", "Municipality Name": "Raait and Haret el Fikani", "Union of Municipalities (UoM)": "UOM Charq Zahleh", "UNDP Focal Point": "R. Jabbour", "National Counterpart\n(Institutional Title)": "Municipality of Qaraoun", "Counterpart Type": "Municipality", "CPD Output No.": "2.2", "Strategic Plan 2026-2029\nActivity / Output No.": null, "Gender Marker": "GEN2", "Remarks / Notes": null }, "geometry": { "type": "Point", "coordinates": [ 36.038388, 33.839213 ] } },
{ "type": "Feature", "properties": { "REF": 193, "Project ID (Quantum)": "00088560\n", "Project Name": "Peacebuilding in Lebanon project- Phase 4", "Programme": "Crisis Prevention and Crisis Recovery (CPCR)", "Start Date": "02/01/2014", "End Date": "31/12/2027", "Project Status": null, "Output / Activity No.\n(per ProDoc results framework)": "4.1", "Full Activity Name": "Local Level Peace Building Strategies to Mitigate Tensions Developed in Selected Conflict Prone Areas of Lebanon Hosting Syrian Refugees (MSLD)", "Activity Description": "Capacitation of MSLD committees, formation of Insider Mediator taskforces, development of local peace strategies, implementing youth and women focused quick impact social initiatives", "Type of Activity": "Peacebuilding & social cohesion", "Mother Project?": null, "Mother Project Name": null, "Geographic Level": "Cadastre (CAD+ACS)", "Coordinates (Lat)": "33.758532", "Coordinates (Long)": "35.872252", "Governorate": "Bekaa", "District": "WestBekaa", "Cadaster": "Marj BG", "Municipality Name": "El Marj", "Union of Municipalities (UoM)": "UOM El Sahel", "UNDP Focal Point": "R. Jabbour", "National Counterpart\n(Institutional Title)": "Municipality of Khodor", "Counterpart Type": "Municipality", "CPD Output No.": "2.2", "Strategic Plan 2026-2029\nActivity / Output No.": null, "Gender Marker": "GEN2", "Remarks / Notes": null }, "geometry": { "type": "Point", "coordinates": [ 35.872252, 33.758532 ] } },
{ "type": "Feature", "properties": { "REF": 194, "Project ID (Quantum)": "00088560\n", "Project Name": "Peacebuilding in Lebanon project- Phase 4", "Programme": "Crisis Prevention and Crisis Recovery (CPCR)", "Start Date": "02/01/2014", "End Date": "31/12/2027", "Project Status": null, "Output / Activity No.\n(per ProDoc results framework)": "4.1", "Full Activity Name": "Local Level Peace Building Strategies to Mitigate Tensions Developed in Selected Conflict Prone Areas of Lebanon Hosting Syrian Refugees (MSLD)", "Activity Description": "Capacitation of MSLD committees, formation of Insider Mediator taskforces, development of local peace strategies, implementing youth and women focused quick impact social initiatives", "Type of Activity": "Peacebuilding & social cohesion", "Mother Project?": null, "Mother Project Name": null, "Geographic Level": "Cadastre (CAD+ACS)", "Coordinates (Lat)": "33.564603", "Coordinates (Long)": "35.721926", "Governorate": "Bekaa", "District": "WestBekaa", "Cadaster": "Qaraaoun", "Municipality Name": "Qaraoun", "Union of Municipalities (UoM)": "UOM El Bouhayra", "UNDP Focal Point": "R. Jabbour", "National Counterpart\n(Institutional Title)": "Municipality of Maqne", "Counterpart Type": "Municipality", "CPD Output No.": "2.2", "Strategic Plan 2026-2029\nActivity / Output No.": null, "Gender Marker": "GEN2", "Remarks / Notes": null }, "geometry": { "type": "Point", "coordinates": [ 35.721926, 33.564603 ] } },
{ "type": "Feature", "properties": { "REF": 195, "Project ID (Quantum)": "00088560\n", "Project Name": "Peacebuilding in Lebanon project- Phase 4", "Programme": "Crisis Prevention and Crisis Recovery (CPCR)", "Start Date": "02/01/2014", "End Date": "31/12/2027", "Project Status": null, "Output / Activity No.\n(per ProDoc results framework)": "4.1", "Full Activity Name": "Local Level Peace Building Strategies to Mitigate Tensions Developed in Selected Conflict Prone Areas of Lebanon Hosting Syrian Refugees (MSLD)", "Activity Description": "Capacitation of MSLD committees, formation of Insider Mediator taskforces, development of local peace strategies, implementing youth and women focused quick impact social initiatives", "Type of Activity": "Peacebuilding & social cohesion", "Mother Project?": null, "Mother Project Name": null, "Geographic Level": "Cadastre (CAD+ACS)", "Coordinates (Lat)": "33.90927", "Coordinates (Long)": "36.116079", "Governorate": "BaalbekElHermel", "District": "Baalbek", "Cadaster": "Khodr Baalbek", "Municipality Name": "Khodor", "Union of Municipalities (UoM)": "UOM Charqi Baalbek", "UNDP Focal Point": "R. Jabbour", "National Counterpart\n(Institutional Title)": "Baalbek UoM", "Counterpart Type": "UoM", "CPD Output No.": "2.2", "Strategic Plan 2026-2029\nActivity / Output No.": null, "Gender Marker": "GEN2", "Remarks / Notes": null }, "geometry": { "type": "Point", "coordinates": [ 36.116079, 33.90927 ] } },
{ "type": "Feature", "properties": { "REF": 196, "Project ID (Quantum)": "00088560\n", "Project Name": "Peacebuilding in Lebanon project- Phase 4", "Programme": "Crisis Prevention and Crisis Recovery (CPCR)", "Start Date": "02/01/2014", "End Date": "31/12/2027", "Project Status": null, "Output / Activity No.\n(per ProDoc results framework)": "4.1", "Full Activity Name": "Local Level Peace Building Strategies to Mitigate Tensions Developed in Selected Conflict Prone Areas of Lebanon Hosting Syrian Refugees (MSLD)", "Activity Description": "Capacitation of MSLD committees, formation of Insider Mediator taskforces, development of local peace strategies, implementing youth and women focused quick impact social initiatives", "Type of Activity": "Peacebuilding & social cohesion", "Mother Project?": null, "Mother Project Name": null, "Geographic Level": "Cadastre (CAD+ACS)", "Coordinates (Lat)": "34.077631", "Coordinates (Long)": "36.200445", "Governorate": "BaalbekElHermel", "District": "Baalbek", "Cadaster": "Maqne", "Municipality Name": "Maqne", "Union of Municipalities (UoM)": "UOM Baalbek", "UNDP Focal Point": "R. Jabbour", "National Counterpart\n(Institutional Title)": "Al Sahel UoM", "Counterpart Type": "UoM", "CPD Output No.": "2.2", "Strategic Plan 2026-2029\nActivity / Output No.": null, "Gender Marker": "GEN2", "Remarks / Notes": null }, "geometry": { "type": "Point", "coordinates": [ 36.200445, 34.077631 ] } },
{ "type": "Feature", "properties": { "REF": 197, "Project ID (Quantum)": "00088560\n", "Project Name": "Peacebuilding in Lebanon project- Phase 4", "Programme": "Crisis Prevention and Crisis Recovery (CPCR)", "Start Date": "02/01/2014", "End Date": "31/12/2027", "Project Status": null, "Output / Activity No.\n(per ProDoc results framework)": "4.1", "Full Activity Name": "Local Level Peace Building Strategies to Mitigate Tensions Developed in Selected Conflict Prone Areas of Lebanon Hosting Syrian Refugees (MSLD)", "Activity Description": "Capacitation of MSLD committees, formation of Insider Mediator taskforces, development of local peace strategies, implementing youth and women focused quick impact social initiatives", "Type of Activity": "Peacebuilding & social cohesion", "Mother Project?": null, "Mother Project Name": null, "Geographic Level": "Cadastre (CAD+ACS)", "Coordinates (Lat)": "34.013222", "Coordinates (Long)": "36.205511", "Governorate": "BaalbekElHermel", "District": "Baalbek", "Cadaster": "Baalbek", "Municipality Name": "Baalbek", "Union of Municipalities (UoM)": "UOM Baalbek", "UNDP Focal Point": "R. Jabbour", "National Counterpart\n(Institutional Title)": "El Hermel UoM", "Counterpart Type": "UoM", "CPD Output No.": "2.2", "Strategic Plan 2026-2029\nActivity / Output No.": null, "Gender Marker": "GEN2", "Remarks / Notes": null }, "geometry": { "type": "Point", "coordinates": [ 36.205511, 34.013222 ] } },
{ "type": "Feature", "properties": { "REF": 198, "Project ID (Quantum)": "00088560\n", "Project Name": "Peacebuilding in Lebanon project- Phase 4", "Programme": "Crisis Prevention and Crisis Recovery (CPCR)", "Start Date": "02/01/2014", "End Date": "31/12/2027", "Project Status": null, "Output / Activity No.\n(per ProDoc results framework)": "4.1", "Full Activity Name": "Local Level Peace Building Strategies to Mitigate Tensions Developed in Selected Conflict Prone Areas of Lebanon Hosting Syrian Refugees (MSLD)", "Activity Description": "Capacitation of MSLD committees, formation of Insider Mediator taskforces, development of local peace strategies, implementing youth and women focused quick impact social initiatives", "Type of Activity": "Peacebuilding & social cohesion", "Mother Project?": null, "Mother Project Name": null, "Geographic Level": "Cadastre (CAD+ACS)", "Coordinates (Lat)": "33.673498", "Coordinates (Long)": "35.826738", "Governorate": "Bekaa", "District": "WestBekaa", "Cadaster": "Ghazze", "Municipality Name": "Ghazze", "Union of Municipalities (UoM)": "UOM El Sahel", "UNDP Focal Point": "R. Jabbour", "National Counterpart\n(Institutional Title)": "Zahle UoM", "Counterpart Type": "UoM", "CPD Output No.": "2.2", "Strategic Plan 2026-2029\nActivity / Output No.": null, "Gender Marker": "GEN2", "Remarks / Notes": null }, "geometry": { "type": "Point", "coordinates": [ 35.826738, 33.673498 ] } },
{ "type": "Feature", "properties": { "REF": 199, "Project ID (Quantum)": "00088560\n", "Project Name": "Peacebuilding in Lebanon project- Phase 4", "Programme": "Crisis Prevention and Crisis Recovery (CPCR)", "Start Date": "02/01/2014", "End Date": "31/12/2027", "Project Status": null, "Output / Activity No.\n(per ProDoc results framework)": "4.1", "Full Activity Name": "Local Level Peace Building Strategies to Mitigate Tensions Developed in Selected Conflict Prone Areas of Lebanon Hosting Syrian Refugees (MSLD)", "Activity Description": "Capacitation of MSLD committees, formation of Insider Mediator taskforces, development of local peace strategies, implementing youth and women focused quick impact social initiatives", "Type of Activity": "Peacebuilding & social cohesion", "Mother Project?": null, "Mother Project Name": null, "Geographic Level": "Cadastre (CAD+ACS)", "Coordinates (Lat)": "34.434428", "Coordinates (Long)": "36.420128", "Governorate": "BaalbekElHermel", "District": "ElHermel", "Cadaster": "Hermel", "Municipality Name": "Hermel and Qasr and Kouakh and Chouaghir", "Union of Municipalities (UoM)": "UOM El Hermel", "UNDP Focal Point": "R. Jabbour", "National Counterpart\n(Institutional Title)": "Municipality of Soultan Yaaaqoub", "Counterpart Type": "Municipality", "CPD Output No.": "2.2", "Strategic Plan 2026-2029\nActivity / Output No.": null, "Gender Marker": "GEN2", "Remarks / Notes": null }, "geometry": { "type": "Point", "coordinates": [ 36.420128, 34.434428 ] } },
{ "type": "Feature", "properties": { "REF": 200, "Project ID (Quantum)": "1003464", "Project Name": "Mitigating the impact of conflict escalation in Lebanon through conflict prevention, security service provision, and peacebuilding ", "Programme": "SPPU", "Start Date": "01/02/2025", "End Date": null, "Project Status": null, "Output / Activity No.\n(per ProDoc results framework)": "4.3.1", "Full Activity Name": "Enhancing local capacities for conflict prevention and peacebuilding.", "Activity Description": "Capacitation of MSLD committees, formation of Insider Mediator taskforces, development of local peace strategies, implementing youth and women focused quick impact social initiatives", "Type of Activity": "Peacebuilding & social cohesion", "Mother Project?": null, "Mother Project Name": null, "Geographic Level": "Cadastre (CAD+ACS)", "Coordinates (Lat)": "33.856899", "Coordinates (Long)": "35.843194", "Governorate": "Bekaa", "District": "Zahle", "Cadaster": "Zahle Maallaqa Aradi", "Municipality Name": "Zahle Maalaqa", "Union of Municipalities (UoM)": "No Union", "UNDP Focal Point": "R. Jabbour", "National Counterpart\n(Institutional Title)": "Municipality of Tripoli", "Counterpart Type": "Municipality", "CPD Output No.": null, "Strategic Plan 2026-2029\nActivity / Output No.": null, "Gender Marker": "GEN2", "Remarks / Notes": null }, "geometry": { "type": "Point", "coordinates": [ 35.843194, 33.856899 ] } },
{ "type": "Feature", "properties": { "REF": 201, "Project ID (Quantum)": "1003464", "Project Name": "Mitigating the impact of conflict escalation in Lebanon through conflict prevention, security service provision, and peacebuilding ", "Programme": "SPPU", "Start Date": "01/02/2025", "End Date": null, "Project Status": null, "Output / Activity No.\n(per ProDoc results framework)": "4.3.1", "Full Activity Name": "Enhancing local capacities for conflict prevention and peacebuilding.", "Activity Description": "Capacitation of MSLD committees, formation of Insider Mediator taskforces, development of local peace strategies, implementing youth and women focused quick impact social initiatives", "Type of Activity": "Peacebuilding & social cohesion", "Mother Project?": null, "Mother Project Name": null, "Geographic Level": "Cadastre (CAD+ACS)", "Coordinates (Lat)": "33.856899", "Coordinates (Long)": "35.843194", "Governorate": "Bekaa", "District": "Zahle", "Cadaster": "Zahle Aradi", "Municipality Name": "Zahle Maalaqa", "Union of Municipalities (UoM)": "No Union", "UNDP Focal Point": "R. Jabbour", "National Counterpart\n(Institutional Title)": "Municipality of Takrit", "Counterpart Type": "Municipality", "CPD Output No.": null, "Strategic Plan 2026-2029\nActivity / Output No.": null, "Gender Marker": "GEN2", "Remarks / Notes": null }, "geometry": { "type": "Point", "coordinates": [ 35.843194, 33.856899 ] } },
{ "type": "Feature", "properties": { "REF": 202, "Project ID (Quantum)": "1003464", "Project Name": "Mitigating the impact of conflict escalation in Lebanon through conflict prevention, security service provision, and peacebuilding ", "Programme": "SPPU", "Start Date": "01/02/2025", "End Date": null, "Project Status": null, "Output / Activity No.\n(per ProDoc results framework)": "4.3.1", "Full Activity Name": "Enhancing local capacities for conflict prevention and peacebuilding.", "Activity Description": "Capacitation of MSLD committees, formation of Insider Mediator taskforces, development of local peace strategies, implementing youth and women focused quick impact social initiatives", "Type of Activity": "Peacebuilding & social cohesion", "Mother Project?": null, "Mother Project Name": null, "Geographic Level": "Cadastre (CAD+ACS)", "Coordinates (Lat)": "33.856899", "Coordinates (Long)": "35.843194", "Governorate": "Bekaa", "District": "Zahle", "Cadaster": "Zahle El-Berbara", "Municipality Name": "Zahle Maalaqa", "Union of Municipalities (UoM)": "No Union", "UNDP Focal Point": "R. Jabbour", "National Counterpart\n(Institutional Title)": "Municipality of Bezbina", "Counterpart Type": "Municipality", "CPD Output No.": null, "Strategic Plan 2026-2029\nActivity / Output No.": null, "Gender Marker": "GEN2", "Remarks / Notes": null }, "geometry": { "type": "Point", "coordinates": [ 35.843194, 33.856899 ] } },
{ "type": "Feature", "properties": { "REF": 203, "Project ID (Quantum)": "1003464", "Project Name": "Mitigating the impact of conflict escalation in Lebanon through conflict prevention, security service provision, and peacebuilding ", "Programme": "SPPU", "Start Date": "01/02/2025", "End Date": null, "Project Status": null, "Output / Activity No.\n(per ProDoc results framework)": "4.3.1", "Full Activity Name": "Enhancing local capacities for conflict prevention and peacebuilding.", "Activity Description": "Capacitation of MSLD committees, formation of Insider Mediator taskforces, development of local peace strategies, implementing youth and women focused quick impact social initiatives", "Type of Activity": "Peacebuilding & social cohesion", "Mother Project?": null, "Mother Project Name": null, "Geographic Level": "Cadastre (CAD+ACS)", "Coordinates (Lat)": "33.856899", "Coordinates (Long)": "35.843194", "Governorate": "Bekaa", "District": "Zahle", "Cadaster": "Zahle Er-Rassiyé", "Municipality Name": "Zahle Maalaqa", "Union of Municipalities (UoM)": "No Union", "UNDP Focal Point": "R. Jabbour", "National Counterpart\n(Institutional Title)": "Municipality of Bire", "Counterpart Type": "Municipality", "CPD Output No.": null, "Strategic Plan 2026-2029\nActivity / Output No.": null, "Gender Marker": "GEN2", "Remarks / Notes": null }, "geometry": { "type": "Point", "coordinates": [ 35.843194, 33.856899 ] } },
{ "type": "Feature", "properties": { "REF": 204, "Project ID (Quantum)": "1003464", "Project Name": "Mitigating the impact of conflict escalation in Lebanon through conflict prevention, security service provision, and peacebuilding ", "Programme": "SPPU", "Start Date": "01/02/2025", "End Date": null, "Project Status": null, "Output / Activity No.\n(per ProDoc results framework)": "4.3.1", "Full Activity Name": "Enhancing local capacities for conflict prevention and peacebuilding.", "Activity Description": "Capacitation of MSLD committees, formation of Insider Mediator taskforces, development of local peace strategies, implementing youth and women focused quick impact social initiatives", "Type of Activity": "Peacebuilding & social cohesion", "Mother Project?": null, "Mother Project Name": null, "Geographic Level": "Cadastre (CAD+ACS)", "Coordinates (Lat)": "33.856899", "Coordinates (Long)": "35.843194", "Governorate": "Bekaa", "District": "Zahle", "Cadaster": "Zahle El-Midane", "Municipality Name": "Zahle Maalaqa", "Union of Municipalities (UoM)": "No Union", "UNDP Focal Point": "R. Jabbour", "National Counterpart\n(Institutional Title)": "Municipality of Rahbe", "Counterpart Type": "Municipality", "CPD Output No.": null, "Strategic Plan 2026-2029\nActivity / Output No.": null, "Gender Marker": "GEN2", "Remarks / Notes": null }, "geometry": { "type": "Point", "coordinates": [ 35.843194, 33.856899 ] } },
{ "type": "Feature", "properties": { "REF": 205, "Project ID (Quantum)": "1003464", "Project Name": "Mitigating the impact of conflict escalation in Lebanon through conflict prevention, security service provision, and peacebuilding ", "Programme": "SPPU", "Start Date": "01/02/2025", "End Date": null, "Project Status": null, "Output / Activity No.\n(per ProDoc results framework)": "4.3.1", "Full Activity Name": "Enhancing local capacities for conflict prevention and peacebuilding.", "Activity Description": "Capacitation of MSLD committees, formation of Insider Mediator taskforces, development of local peace strategies, implementing youth and women focused quick impact social initiatives", "Type of Activity": "Peacebuilding & social cohesion", "Mother Project?": null, "Mother Project Name": null, "Geographic Level": "Cadastre (CAD+ACS)", "Coordinates (Lat)": "33.856899", "Coordinates (Long)": "35.843194", "Governorate": "Bekaa", "District": "Zahle", "Cadaster": "Zahle El-Maallaqa", "Municipality Name": "Zahle Maalaqa", "Union of Municipalities (UoM)": "No Union", "UNDP Focal Point": "R. Jabbour", "National Counterpart\n(Institutional Title)": "Minieh UoM", "Counterpart Type": "UoM", "CPD Output No.": null, "Strategic Plan 2026-2029\nActivity / Output No.": null, "Gender Marker": "GEN2", "Remarks / Notes": null }, "geometry": { "type": "Point", "coordinates": [ 35.843194, 33.856899 ] } },
{ "type": "Feature", "properties": { "REF": 206, "Project ID (Quantum)": "1003464", "Project Name": "Mitigating the impact of conflict escalation in Lebanon through conflict prevention, security service provision, and peacebuilding ", "Programme": "SPPU", "Start Date": "01/02/2025", "End Date": null, "Project Status": null, "Output / Activity No.\n(per ProDoc results framework)": "4.3.1", "Full Activity Name": "Enhancing local capacities for conflict prevention and peacebuilding.", "Activity Description": "Capacitation of MSLD committees, formation of Insider Mediator taskforces, development of local peace strategies, implementing youth and women focused quick impact social initiatives", "Type of Activity": "Peacebuilding & social cohesion", "Mother Project?": null, "Mother Project Name": null, "Geographic Level": "Cadastre (CAD+ACS)", "Coordinates (Lat)": "33.856899", "Coordinates (Long)": "35.843194", "Governorate": "Bekaa", "District": "Zahle", "Cadaster": "Zahle Haouch Ez-Zaraane", "Municipality Name": "Zahle Maalaqa", "Union of Municipalities (UoM)": "No Union", "UNDP Focal Point": "R. Jabbour", "National Counterpart\n(Institutional Title)": "Municipality of Bakhaaoun", "Counterpart Type": "Municipality", "CPD Output No.": null, "Strategic Plan 2026-2029\nActivity / Output No.": null, "Gender Marker": "GEN2", "Remarks / Notes": null }, "geometry": { "type": "Point", "coordinates": [ 35.843194, 33.856899 ] } },
{ "type": "Feature", "properties": { "REF": 207, "Project ID (Quantum)": "1003464", "Project Name": "Mitigating the impact of conflict escalation in Lebanon through conflict prevention, security service provision, and peacebuilding ", "Programme": "SPPU", "Start Date": "01/02/2025", "End Date": null, "Project Status": null, "Output / Activity No.\n(per ProDoc results framework)": "4.3.1", "Full Activity Name": "Enhancing local capacities for conflict prevention and peacebuilding.", "Activity Description": "Capacitation of MSLD committees, formation of Insider Mediator taskforces, development of local peace strategies, implementing youth and women focused quick impact social initiatives", "Type of Activity": "Peacebuilding & social cohesion", "Mother Project?": null, "Mother Project Name": null, "Geographic Level": "Cadastre (CAD+ACS)", "Coordinates (Lat)": "33.856899", "Coordinates (Long)": "35.843194", "Governorate": "Bekaa", "District": "Zahle", "Cadaster": "Zahle Mar Antonios", "Municipality Name": "Zahle Maalaqa", "Union of Municipalities (UoM)": "No Union", "UNDP Focal Point": "R. Jabbour", "National Counterpart\n(Institutional Title)": "Municipality of Zgharta", "Counterpart Type": "Municipality", "CPD Output No.": null, "Strategic Plan 2026-2029\nActivity / Output No.": null, "Gender Marker": "GEN2", "Remarks / Notes": null }, "geometry": { "type": "Point", "coordinates": [ 35.843194, 33.856899 ] } },
{ "type": "Feature", "properties": { "REF": 208, "Project ID (Quantum)": "1003464", "Project Name": "Mitigating the impact of conflict escalation in Lebanon through conflict prevention, security service provision, and peacebuilding ", "Programme": "SPPU", "Start Date": "01/02/2025", "End Date": null, "Project Status": null, "Output / Activity No.\n(per ProDoc results framework)": "4.3.1", "Full Activity Name": "Enhancing local capacities for conflict prevention and peacebuilding.", "Activity Description": "Capacitation of MSLD committees, formation of Insider Mediator taskforces, development of local peace strategies, implementing youth and women focused quick impact social initiatives", "Type of Activity": "Peacebuilding & social cohesion", "Mother Project?": null, "Mother Project Name": null, "Geographic Level": "Cadastre (CAD+ACS)", "Coordinates (Lat)": "33.856899", "Coordinates (Long)": "35.843194", "Governorate": "Bekaa", "District": "Zahle", "Cadaster": "Zahle Saydet En-Najat", "Municipality Name": "Zahle Maalaqa", "Union of Municipalities (UoM)": "No Union", "UNDP Focal Point": "R. Jabbour", "National Counterpart\n(Institutional Title)": "Municipality of Rachaaine", "Counterpart Type": "Municipality", "CPD Output No.": null, "Strategic Plan 2026-2029\nActivity / Output No.": null, "Gender Marker": "GEN2", "Remarks / Notes": null }, "geometry": { "type": "Point", "coordinates": [ 35.843194, 33.856899 ] } },
{ "type": "Feature", "properties": { "REF": 209, "Project ID (Quantum)": "1003464", "Project Name": "Mitigating the impact of conflict escalation in Lebanon through conflict prevention, security service provision, and peacebuilding ", "Programme": "SPPU", "Start Date": "01/02/2025", "End Date": null, "Project Status": null, "Output / Activity No.\n(per ProDoc results framework)": "4.3.1", "Full Activity Name": "Enhancing local capacities for conflict prevention and peacebuilding.", "Activity Description": "Capacitation of MSLD committees, formation of Insider Mediator taskforces, development of local peace strategies, implementing youth and women focused quick impact social initiatives", "Type of Activity": "Peacebuilding & social cohesion", "Mother Project?": null, "Mother Project Name": null, "Geographic Level": "Cadastre (CAD+ACS)", "Coordinates (Lat)": "33.856899", "Coordinates (Long)": "35.843194", "Governorate": "Bekaa", "District": "Zahle", "Cadaster": "Zahle Mar Gerges", "Municipality Name": "Zahle Maalaqa", "Union of Municipalities (UoM)": "No Union", "UNDP Focal Point": "R. Jabbour", "National Counterpart\n(Institutional Title)": "Municipality of Aachach", "Counterpart Type": "Municipality", "CPD Output No.": null, "Strategic Plan 2026-2029\nActivity / Output No.": null, "Gender Marker": "GEN2", "Remarks / Notes": null }, "geometry": { "type": "Point", "coordinates": [ 35.843194, 33.856899 ] } },
{ "type": "Feature", "properties": { "REF": 210, "Project ID (Quantum)": "1003464", "Project Name": "Mitigating the impact of conflict escalation in Lebanon through conflict prevention, security service provision, and peacebuilding ", "Programme": "SPPU", "Start Date": "01/02/2025", "End Date": null, "Project Status": null, "Output / Activity No.\n(per ProDoc results framework)": "4.3.1", "Full Activity Name": "Enhancing local capacities for conflict prevention and peacebuilding.", "Activity Description": "Capacitation of MSLD committees, formation of Insider Mediator taskforces, development of local peace strategies, implementing youth and women focused quick impact social initiatives", "Type of Activity": "Peacebuilding & social cohesion", "Mother Project?": null, "Mother Project Name": null, "Geographic Level": "Cadastre (CAD+ACS)", "Coordinates (Lat)": "33.856899", "Coordinates (Long)": "35.843194", "Governorate": "Bekaa", "District": "Zahle", "Cadaster": "Zahle Mar Elias", "Municipality Name": "Zahle Maalaqa", "Union of Municipalities (UoM)": "No Union", "UNDP Focal Point": "R. Jabbour", "National Counterpart\n(Institutional Title)": "Municipality of Miryata", "Counterpart Type": "Municipality", "CPD Output No.": null, "Strategic Plan 2026-2029\nActivity / Output No.": null, "Gender Marker": "GEN2", "Remarks / Notes": null }, "geometry": { "type": "Point", "coordinates": [ 35.843194, 33.856899 ] } },
{ "type": "Feature", "properties": { "REF": 211, "Project ID (Quantum)": "1003464", "Project Name": "Mitigating the impact of conflict escalation in Lebanon through conflict prevention, security service provision, and peacebuilding ", "Programme": "SPPU", "Start Date": "01/02/2025", "End Date": null, "Project Status": null, "Output / Activity No.\n(per ProDoc results framework)": "4.3.1", "Full Activity Name": "Enhancing local capacities for conflict prevention and peacebuilding.", "Activity Description": "Capacitation of MSLD committees, formation of Insider Mediator taskforces, development of local peace strategies, implementing youth and women focused quick impact social initiatives", "Type of Activity": "Peacebuilding & social cohesion", "Mother Project?": null, "Mother Project Name": null, "Geographic Level": "Cadastre (CAD+ACS)", "Coordinates (Lat)": "33.856899", "Coordinates (Long)": "35.843194", "Governorate": "Bekaa", "District": "Zahle", "Cadaster": "Zahle Haouch El-Oumara", "Municipality Name": "Zahle Maalaqa", "Union of Municipalities (UoM)": "No Union", "UNDP Focal Point": "R. Jabbour", "National Counterpart\n(Institutional Title)": "Municipality of Ain Anoub", "Counterpart Type": "Municipality", "CPD Output No.": null, "Strategic Plan 2026-2029\nActivity / Output No.": null, "Gender Marker": "GEN2", "Remarks / Notes": null }, "geometry": { "type": "Point", "coordinates": [ 35.843194, 33.856899 ] } },
{ "type": "Feature", "properties": { "REF": 212, "Project ID (Quantum)": "1003464", "Project Name": "Mitigating the impact of conflict escalation in Lebanon through conflict prevention, security service provision, and peacebuilding ", "Programme": "SPPU", "Start Date": "01/02/2025", "End Date": null, "Project Status": null, "Output / Activity No.\n(per ProDoc results framework)": "4.3.1", "Full Activity Name": "Enhancing local capacities for conflict prevention and peacebuilding.", "Activity Description": "Capacitation of MSLD committees, formation of Insider Mediator taskforces, development of local peace strategies, implementing youth and women focused quick impact social initiatives", "Type of Activity": "Peacebuilding & social cohesion", "Mother Project?": null, "Mother Project Name": null, "Geographic Level": "Cadastre (CAD+ACS)", "Coordinates (Lat)": "33.856899", "Coordinates (Long)": "35.843194", "Governorate": "Bekaa", "District": "Zahle", "Cadaster": "Zahle Haouch El-Oumara Aradi", "Municipality Name": "Zahle Maalaqa", "Union of Municipalities (UoM)": "No Union", "UNDP Focal Point": "R. Jabbour", "National Counterpart\n(Institutional Title)": null, "Counterpart Type": null, "CPD Output No.": null, "Strategic Plan 2026-2029\nActivity / Output No.": null, "Gender Marker": "GEN2", "Remarks / Notes": null }, "geometry": { "type": "Point", "coordinates": [ 35.843194, 33.856899 ] } },
{ "type": "Feature", "properties": { "REF": 213, "Project ID (Quantum)": "1003464", "Project Name": "Mitigating the impact of conflict escalation in Lebanon through conflict prevention, security service provision, and peacebuilding ", "Programme": "SPPU", "Start Date": "01/02/2025", "End Date": null, "Project Status": null, "Output / Activity No.\n(per ProDoc results framework)": "4.3.1", "Full Activity Name": "Enhancing local capacities for conflict prevention and peacebuilding.", "Activity Description": "Capacitation of MSLD committees, formation of Insider Mediator taskforces, development of local peace strategies, implementing youth and women focused quick impact social initiatives", "Type of Activity": "Peacebuilding & social cohesion", "Mother Project?": null, "Mother Project Name": null, "Geographic Level": "Cadastre (CAD+ACS)", "Coordinates (Lat)": "33.67348", "Coordinates (Long)": "35.867286", "Governorate": "Bekaa", "District": "WestBekaa", "Cadaster": "Soltan Yacoub el Aradi", "Municipality Name": "Soultan Yaaqoub", "Union of Municipalities (UoM)": "UOM El Sahel", "UNDP Focal Point": "R. Jabbour", "National Counterpart\n(Institutional Title)": "Municipality of Byblos", "Counterpart Type": "Municipality", "CPD Output No.": null, "Strategic Plan 2026-2029\nActivity / Output No.": null, "Gender Marker": "GEN2", "Remarks / Notes": null }, "geometry": { "type": "Point", "coordinates": [ 35.867286, 33.67348 ] } },
{ "type": "Feature", "properties": { "REF": 214, "Project ID (Quantum)": "1003464", "Project Name": "Mitigating the impact of conflict escalation in Lebanon through conflict prevention, security service provision, and peacebuilding ", "Programme": "SPPU", "Start Date": "01/02/2025", "End Date": null, "Project Status": null, "Output / Activity No.\n(per ProDoc results framework)": "4.3.1", "Full Activity Name": "Enhancing local capacities for conflict prevention and peacebuilding.", "Activity Description": "Capacitation of MSLD committees, formation of Insider Mediator taskforces, development of local peace strategies, implementing youth and women focused quick impact social initiatives", "Type of Activity": "Peacebuilding & social cohesion", "Mother Project?": null, "Mother Project Name": null, "Geographic Level": "Cadastre (CAD+ACS)", "Coordinates (Lat)": "34.431392", "Coordinates (Long)": "35.827113", "Governorate": "North", "District": "Tripoli", "Cadaster": "Trablous jardins", "Municipality Name": "Tripoli", "Union of Municipalities (UoM)": "UOM El Fayhaa", "UNDP Focal Point": "R. Jabbour", "National Counterpart\n(Institutional Title)": "Municipality of Bchamoun", "Counterpart Type": "Municipality", "CPD Output No.": null, "Strategic Plan 2026-2029\nActivity / Output No.": null, "Gender Marker": "GEN2", "Remarks / Notes": null }, "geometry": { "type": "Point", "coordinates": [ 35.827113, 34.431392 ] } },
{ "type": "Feature", "properties": { "REF": 215, "Project ID (Quantum)": "1003464", "Project Name": "Mitigating the impact of conflict escalation in Lebanon through conflict prevention, security service provision, and peacebuilding ", "Programme": "SPPU", "Start Date": "01/02/2025", "End Date": null, "Project Status": null, "Output / Activity No.\n(per ProDoc results framework)": "4.3.1", "Full Activity Name": "Enhancing local capacities for conflict prevention and peacebuilding.", "Activity Description": "Capacitation of MSLD committees, formation of Insider Mediator taskforces, development of local peace strategies, implementing youth and women focused quick impact social initiatives", "Type of Activity": "Peacebuilding & social cohesion", "Mother Project?": null, "Mother Project Name": null, "Geographic Level": "Cadastre (CAD+ACS)", "Coordinates (Lat)": "34.431392", "Coordinates (Long)": "35.827113", "Governorate": "North", "District": "Tripoli", "Cadaster": "Trablous Ez-Zeitoun", "Municipality Name": "Tripoli", "Union of Municipalities (UoM)": "UOM El Fayhaa", "UNDP Focal Point": "R. Jabbour", "National Counterpart\n(Institutional Title)": "Municipality of Kfar Matta", "Counterpart Type": "Municipality", "CPD Output No.": null, "Strategic Plan 2026-2029\nActivity / Output No.": null, "Gender Marker": "GEN2", "Remarks / Notes": null }, "geometry": { "type": "Point", "coordinates": [ 35.827113, 34.431392 ] } },
{ "type": "Feature", "properties": { "REF": 216, "Project ID (Quantum)": "1003464", "Project Name": "Mitigating the impact of conflict escalation in Lebanon through conflict prevention, security service provision, and peacebuilding ", "Programme": "SPPU", "Start Date": "01/02/2025", "End Date": null, "Project Status": null, "Output / Activity No.\n(per ProDoc results framework)": "4.3.1", "Full Activity Name": "Enhancing local capacities for conflict prevention and peacebuilding.", "Activity Description": "Capacitation of MSLD committees, formation of Insider Mediator taskforces, development of local peace strategies, implementing youth and women focused quick impact social initiatives", "Type of Activity": "Peacebuilding & social cohesion", "Mother Project?": null, "Mother Project Name": null, "Geographic Level": "Cadastre (CAD+ACS)", "Coordinates (Lat)": "34.431392", "Coordinates (Long)": "35.827113", "Governorate": "North", "District": "Tripoli", "Cadaster": "Trablous El-Qobbe", "Municipality Name": "Tripoli", "Union of Municipalities (UoM)": "UOM El Fayhaa", "UNDP Focal Point": "R. Jabbour", "National Counterpart\n(Institutional Title)": "Municipality of Haret Sakher", "Counterpart Type": "Municipality", "CPD Output No.": null, "Strategic Plan 2026-2029\nActivity / Output No.": null, "Gender Marker": "GEN2", "Remarks / Notes": null }, "geometry": { "type": "Point", "coordinates": [ 35.827113, 34.431392 ] } },
{ "type": "Feature", "properties": { "REF": 217, "Project ID (Quantum)": "1003464", "Project Name": "Mitigating the impact of conflict escalation in Lebanon through conflict prevention, security service provision, and peacebuilding ", "Programme": "SPPU", "Start Date": "01/02/2025", "End Date": null, "Project Status": null, "Output / Activity No.\n(per ProDoc results framework)": "4.3.1", "Full Activity Name": "Enhancing local capacities for conflict prevention and peacebuilding.", "Activity Description": "Capacitation of MSLD committees, formation of Insider Mediator taskforces, development of local peace strategies, implementing youth and women focused quick impact social initiatives", "Type of Activity": "Peacebuilding & social cohesion", "Mother Project?": null, "Mother Project Name": null, "Geographic Level": "Cadastre (CAD+ACS)", "Coordinates (Lat)": "34.431392", "Coordinates (Long)": "35.827113", "Governorate": "North", "District": "Tripoli", "Cadaster": "Trablous et Tabbaneh", "Municipality Name": "Tripoli", "Union of Municipalities (UoM)": "UOM El Fayhaa", "UNDP Focal Point": "R. Jabbour", "National Counterpart\n(Institutional Title)": "Municipality of Chhim", "Counterpart Type": "Municipality", "CPD Output No.": null, "Strategic Plan 2026-2029\nActivity / Output No.": null, "Gender Marker": "GEN2", "Remarks / Notes": null }, "geometry": { "type": "Point", "coordinates": [ 35.827113, 34.431392 ] } },
{ "type": "Feature", "properties": { "REF": 218, "Project ID (Quantum)": "1003464", "Project Name": "Mitigating the impact of conflict escalation in Lebanon through conflict prevention, security service provision, and peacebuilding ", "Programme": "SPPU", "Start Date": "01/02/2025", "End Date": null, "Project Status": null, "Output / Activity No.\n(per ProDoc results framework)": "4.3.1", "Full Activity Name": "Enhancing local capacities for conflict prevention and peacebuilding.", "Activity Description": "Capacitation of MSLD committees, formation of Insider Mediator taskforces, development of local peace strategies, implementing youth and women focused quick impact social initiatives", "Type of Activity": "Peacebuilding & social cohesion", "Mother Project?": null, "Mother Project Name": null, "Geographic Level": "Cadastre (CAD+ACS)", "Coordinates (Lat)": "34.431392", "Coordinates (Long)": "35.827113", "Governorate": "North", "District": "Tripoli", "Cadaster": "Trablous Et-Tell", "Municipality Name": "Tripoli", "Union of Municipalities (UoM)": "UOM El Fayhaa", "UNDP Focal Point": "R. Jabbour", "National Counterpart\n(Institutional Title)": "Municipality of Choueifat", "Counterpart Type": "Municipality", "CPD Output No.": null, "Strategic Plan 2026-2029\nActivity / Output No.": null, "Gender Marker": "GEN2", "Remarks / Notes": null }, "geometry": { "type": "Point", "coordinates": [ 35.827113, 34.431392 ] } },
{ "type": "Feature", "properties": { "REF": 219, "Project ID (Quantum)": "1003464", "Project Name": "Mitigating the impact of conflict escalation in Lebanon through conflict prevention, security service provision, and peacebuilding ", "Programme": "SPPU", "Start Date": "01/02/2025", "End Date": null, "Project Status": null, "Output / Activity No.\n(per ProDoc results framework)": "4.3.1", "Full Activity Name": "Enhancing local capacities for conflict prevention and peacebuilding.", "Activity Description": "Capacitation of MSLD committees, formation of Insider Mediator taskforces, development of local peace strategies, implementing youth and women focused quick impact social initiatives", "Type of Activity": "Peacebuilding & social cohesion", "Mother Project?": null, "Mother Project Name": null, "Geographic Level": "Cadastre (CAD+ACS)", "Coordinates (Lat)": "34.431392", "Coordinates (Long)": "35.827113", "Governorate": "North", "District": "Tripoli", "Cadaster": "Trablous Ez-Zahrieh", "Municipality Name": "Tripoli", "Union of Municipalities (UoM)": "UOM El Fayhaa", "UNDP Focal Point": "R. Jabbour", "National Counterpart\n(Institutional Title)": "Municipality of Barja", "Counterpart Type": "Municipality", "CPD Output No.": null, "Strategic Plan 2026-2029\nActivity / Output No.": null, "Gender Marker": "GEN2", "Remarks / Notes": null }, "geometry": { "type": "Point", "coordinates": [ 35.827113, 34.431392 ] } },
{ "type": "Feature", "properties": { "REF": 220, "Project ID (Quantum)": "1003464", "Project Name": "Mitigating the impact of conflict escalation in Lebanon through conflict prevention, security service provision, and peacebuilding ", "Programme": "SPPU", "Start Date": "01/02/2025", "End Date": null, "Project Status": null, "Output / Activity No.\n(per ProDoc results framework)": "4.3.1", "Full Activity Name": "Enhancing local capacities for conflict prevention and peacebuilding.", "Activity Description": "Capacitation of MSLD committees, formation of Insider Mediator taskforces, development of local peace strategies, implementing youth and women focused quick impact social initiatives", "Type of Activity": "Peacebuilding & social cohesion", "Mother Project?": null, "Mother Project Name": null, "Geographic Level": "Cadastre (CAD+ACS)", "Coordinates (Lat)": "34.431392", "Coordinates (Long)": "35.827113", "Governorate": "North", "District": "Tripoli", "Cadaster": "Trablous El-Haddadine, El-Hadid, El-Mharta", "Municipality Name": "Tripoli", "Union of Municipalities (UoM)": "UOM El Fayhaa", "UNDP Focal Point": "R. Jabbour", "National Counterpart\n(Institutional Title)": "Municipality of Baasir", "Counterpart Type": "Municipality", "CPD Output No.": null, "Strategic Plan 2026-2029\nActivity / Output No.": null, "Gender Marker": "GEN2", "Remarks / Notes": null }, "geometry": { "type": "Point", "coordinates": [ 35.827113, 34.431392 ] } },
{ "type": "Feature", "properties": { "REF": 221, "Project ID (Quantum)": "1003464", "Project Name": "Mitigating the impact of conflict escalation in Lebanon through conflict prevention, security service provision, and peacebuilding ", "Programme": "SPPU", "Start Date": "01/02/2025", "End Date": null, "Project Status": null, "Output / Activity No.\n(per ProDoc results framework)": "4.3.1", "Full Activity Name": "Enhancing local capacities for conflict prevention and peacebuilding.", "Activity Description": "Capacitation of MSLD committees, formation of Insider Mediator taskforces, development of local peace strategies, implementing youth and women focused quick impact social initiatives", "Type of Activity": "Peacebuilding & social cohesion", "Mother Project?": null, "Mother Project Name": null, "Geographic Level": "Cadastre (CAD+ACS)", "Coordinates (Lat)": "34.431392", "Coordinates (Long)": "35.827113", "Governorate": "North", "District": "Tripoli", "Cadaster": "Trablous El Hadid", "Municipality Name": "Tripoli", "Union of Municipalities (UoM)": "UOM El Fayhaa", "UNDP Focal Point": "R. Jabbour", "National Counterpart\n(Institutional Title)": "Municipality of Chiah", "Counterpart Type": "Municipality", "CPD Output No.": null, "Strategic Plan 2026-2029\nActivity / Output No.": null, "Gender Marker": "GEN2", "Remarks / Notes": null }, "geometry": { "type": "Point", "coordinates": [ 35.827113, 34.431392 ] } },
{ "type": "Feature", "properties": { "REF": 222, "Project ID (Quantum)": "1003464", "Project Name": "Mitigating the impact of conflict escalation in Lebanon through conflict prevention, security service provision, and peacebuilding ", "Programme": "SPPU", "Start Date": "01/02/2025", "End Date": null, "Project Status": null, "Output / Activity No.\n(per ProDoc results framework)": "4.3.1", "Full Activity Name": "Enhancing local capacities for conflict prevention and peacebuilding.", "Activity Description": "Capacitation of MSLD committees, formation of Insider Mediator taskforces, development of local peace strategies, implementing youth and women focused quick impact social initiatives", "Type of Activity": "Peacebuilding & social cohesion", "Mother Project?": null, "Mother Project Name": null, "Geographic Level": "Cadastre (CAD+ACS)", "Coordinates (Lat)": "34.431392", "Coordinates (Long)": "35.827113", "Governorate": "North", "District": "Tripoli", "Cadaster": "Trablous Es-Souayqa", "Municipality Name": "Tripoli", "Union of Municipalities (UoM)": "UOM El Fayhaa", "UNDP Focal Point": "R. Jabbour", "National Counterpart\n(Institutional Title)": "Municipality of Furn ech chebak", "Counterpart Type": "Municipality", "CPD Output No.": null, "Strategic Plan 2026-2029\nActivity / Output No.": null, "Gender Marker": "GEN2", "Remarks / Notes": null }, "geometry": { "type": "Point", "coordinates": [ 35.827113, 34.431392 ] } },
{ "type": "Feature", "properties": { "REF": 223, "Project ID (Quantum)": "1003464", "Project Name": "Mitigating the impact of conflict escalation in Lebanon through conflict prevention, security service provision, and peacebuilding ", "Programme": "SPPU", "Start Date": "01/02/2025", "End Date": null, "Project Status": null, "Output / Activity No.\n(per ProDoc results framework)": "4.3.1", "Full Activity Name": "Enhancing local capacities for conflict prevention and peacebuilding.", "Activity Description": "Capacitation of MSLD committees, formation of Insider Mediator taskforces, development of local peace strategies, implementing youth and women focused quick impact social initiatives", "Type of Activity": "Peacebuilding & social cohesion", "Mother Project?": null, "Mother Project Name": null, "Geographic Level": "Cadastre (CAD+ACS)", "Coordinates (Lat)": "34.431392", "Coordinates (Long)": "35.827113", "Governorate": "North", "District": "Tripoli", "Cadaster": "Trablous En-Nouri", "Municipality Name": "Tripoli", "Union of Municipalities (UoM)": "UOM El Fayhaa", "UNDP Focal Point": "R. Jabbour", "National Counterpart\n(Institutional Title)": "Municipality of Damour", "Counterpart Type": "Municipality", "CPD Output No.": null, "Strategic Plan 2026-2029\nActivity / Output No.": null, "Gender Marker": "GEN2", "Remarks / Notes": null }, "geometry": { "type": "Point", "coordinates": [ 35.827113, 34.431392 ] } },
{ "type": "Feature", "properties": { "REF": 224, "Project ID (Quantum)": "1003464", "Project Name": "Mitigating the impact of conflict escalation in Lebanon through conflict prevention, security service provision, and peacebuilding ", "Programme": "SPPU", "Start Date": "01/02/2025", "End Date": null, "Project Status": null, "Output / Activity No.\n(per ProDoc results framework)": "4.3.1", "Full Activity Name": "Enhancing local capacities for conflict prevention and peacebuilding.", "Activity Description": "Capacitation of MSLD committees, formation of Insider Mediator taskforces, development of local peace strategies, implementing youth and women focused quick impact social initiatives", "Type of Activity": "Peacebuilding & social cohesion", "Mother Project?": null, "Mother Project Name": null, "Geographic Level": "Cadastre (CAD+ACS)", "Coordinates (Lat)": "34.431392", "Coordinates (Long)": "35.827113", "Governorate": "North", "District": "Tripoli", "Cadaster": "Trablous Er-Remmaneh", "Municipality Name": "Tripoli", "Union of Municipalities (UoM)": "UOM El Fayhaa", "UNDP Focal Point": "R. Jabbour", "National Counterpart\n(Institutional Title)": "Municiplality of Dalhoun", "Counterpart Type": "Municipality", "CPD Output No.": null, "Strategic Plan 2026-2029\nActivity / Output No.": null, "Gender Marker": "GEN2", "Remarks / Notes": null }, "geometry": { "type": "Point", "coordinates": [ 35.827113, 34.431392 ] } },
{ "type": "Feature", "properties": { "REF": 225, "Project ID (Quantum)": "1003464", "Project Name": "Mitigating the impact of conflict escalation in Lebanon through conflict prevention, security service provision, and peacebuilding ", "Programme": "SPPU", "Start Date": "01/02/2025", "End Date": null, "Project Status": null, "Output / Activity No.\n(per ProDoc results framework)": "4.3.1", "Full Activity Name": "Enhancing local capacities for conflict prevention and peacebuilding.", "Activity Description": "Capacitation of MSLD committees, formation of Insider Mediator taskforces, development of local peace strategies, implementing youth and women focused quick impact social initiatives", "Type of Activity": "Peacebuilding & social cohesion", "Mother Project?": null, "Mother Project Name": null, "Geographic Level": "Cadastre (CAD+ACS)", "Coordinates (Lat)": "34.431392", "Coordinates (Long)": "35.827113", "Governorate": "North", "District": "Tripoli", "Cadaster": "Trablous El Mhatra", "Municipality Name": "Tripoli", "Union of Municipalities (UoM)": "UOM El Fayhaa", "UNDP Focal Point": "R. Jabbour", "National Counterpart\n(Institutional Title)": "Municipality of Beirut", "Counterpart Type": "Municipality", "CPD Output No.": null, "Strategic Plan 2026-2029\nActivity / Output No.": null, "Gender Marker": "GEN2", "Remarks / Notes": null }, "geometry": { "type": "Point", "coordinates": [ 35.827113, 34.431392 ] } },
{ "type": "Feature", "properties": { "REF": 226, "Project ID (Quantum)": "1003464", "Project Name": "Mitigating the impact of conflict escalation in Lebanon through conflict prevention, security service provision, and peacebuilding ", "Programme": "SPPU", "Start Date": "01/02/2025", "End Date": null, "Project Status": null, "Output / Activity No.\n(per ProDoc results framework)": "4.3.1", "Full Activity Name": "Enhancing local capacities for conflict prevention and peacebuilding.", "Activity Description": "Capacitation of MSLD committees, formation of Insider Mediator taskforces, development of local peace strategies, implementing youth and women focused quick impact social initiatives", "Type of Activity": "Peacebuilding & social cohesion", "Mother Project?": null, "Mother Project Name": null, "Geographic Level": "Cadastre (CAD+ACS)", "Coordinates (Lat)": "34.442582", "Coordinates (Long)": "35.819872", "Governorate": "North", "District": "Tripoli", "Cadaster": "Mina Jardin", "Municipality Name": "El Mina", "Union of Municipalities (UoM)": "UOM El Fayhaa", "UNDP Focal Point": "R. Jabbour", "National Counterpart\n(Institutional Title)": "Municipality of Hammana", "Counterpart Type": "Municipality", "CPD Output No.": null, "Strategic Plan 2026-2029\nActivity / Output No.": null, "Gender Marker": "GEN2", "Remarks / Notes": null }, "geometry": { "type": "Point", "coordinates": [ 35.819872, 34.442582 ] } },
{ "type": "Feature", "properties": { "REF": 227, "Project ID (Quantum)": "1003464", "Project Name": "Mitigating the impact of conflict escalation in Lebanon through conflict prevention, security service provision, and peacebuilding ", "Programme": "SPPU", "Start Date": "01/02/2025", "End Date": null, "Project Status": null, "Output / Activity No.\n(per ProDoc results framework)": "4.3.1", "Full Activity Name": "Enhancing local capacities for conflict prevention and peacebuilding.", "Activity Description": "Capacitation of MSLD committees, formation of Insider Mediator taskforces, development of local peace strategies, implementing youth and women focused quick impact social initiatives", "Type of Activity": "Peacebuilding & social cohesion", "Mother Project?": null, "Mother Project Name": null, "Geographic Level": "Cadastre (CAD+ACS)", "Coordinates (Lat)": "34.442582", "Coordinates (Long)": "35.819872", "Governorate": "North", "District": "Tripoli", "Cadaster": "Mina N 1", "Municipality Name": "El Mina", "Union of Municipalities (UoM)": "UOM El Fayhaa", "UNDP Focal Point": "R. Jabbour", "National Counterpart\n(Institutional Title)": "Municipality of Baysour", "Counterpart Type": "Municipality", "CPD Output No.": null, "Strategic Plan 2026-2029\nActivity / Output No.": null, "Gender Marker": "GEN2", "Remarks / Notes": null }, "geometry": { "type": "Point", "coordinates": [ 35.819872, 34.442582 ] } },
{ "type": "Feature", "properties": { "REF": 228, "Project ID (Quantum)": "1003464", "Project Name": "Mitigating the impact of conflict escalation in Lebanon through conflict prevention, security service provision, and peacebuilding ", "Programme": "SPPU", "Start Date": "01/02/2025", "End Date": null, "Project Status": null, "Output / Activity No.\n(per ProDoc results framework)": "4.3.1", "Full Activity Name": "Enhancing local capacities for conflict prevention and peacebuilding.", "Activity Description": "Capacitation of MSLD committees, formation of Insider Mediator taskforces, development of local peace strategies, implementing youth and women focused quick impact social initiatives", "Type of Activity": "Peacebuilding & social cohesion", "Mother Project?": null, "Mother Project Name": null, "Geographic Level": "Cadastre (CAD+ACS)", "Coordinates (Lat)": "34.442582", "Coordinates (Long)": "35.819872", "Governorate": "North", "District": "Tripoli", "Cadaster": "Mina N 2", "Municipality Name": "El Mina", "Union of Municipalities (UoM)": "UOM El Fayhaa", "UNDP Focal Point": "R. Jabbour", "National Counterpart\n(Institutional Title)": "UoM Arkoub Al haref", "Counterpart Type": "UoM", "CPD Output No.": null, "Strategic Plan 2026-2029\nActivity / Output No.": null, "Gender Marker": "GEN2", "Remarks / Notes": null }, "geometry": { "type": "Point", "coordinates": [ 35.819872, 34.442582 ] } },
{ "type": "Feature", "properties": { "REF": 229, "Project ID (Quantum)": "1003464", "Project Name": "Mitigating the impact of conflict escalation in Lebanon through conflict prevention, security service provision, and peacebuilding ", "Programme": "SPPU", "Start Date": "01/02/2025", "End Date": null, "Project Status": null, "Output / Activity No.\n(per ProDoc results framework)": "4.3.1", "Full Activity Name": "Enhancing local capacities for conflict prevention and peacebuilding.", "Activity Description": "Capacitation of MSLD committees, formation of Insider Mediator taskforces, development of local peace strategies, implementing youth and women focused quick impact social initiatives", "Type of Activity": "Peacebuilding & social cohesion", "Mother Project?": null, "Mother Project Name": null, "Geographic Level": "Cadastre (CAD+ACS)", "Coordinates (Lat)": "34.442582", "Coordinates (Long)": "35.819872", "Governorate": "North", "District": "Tripoli", "Cadaster": "Mina N 3", "Municipality Name": "El Mina", "Union of Municipalities (UoM)": "UOM El Fayhaa", "UNDP Focal Point": "R. Jabbour", "National Counterpart\n(Institutional Title)": "Municioality of Saida", "Counterpart Type": "Municipality", "CPD Output No.": null, "Strategic Plan 2026-2029\nActivity / Output No.": null, "Gender Marker": "GEN2", "Remarks / Notes": null }, "geometry": { "type": "Point", "coordinates": [ 35.819872, 34.442582 ] } },
{ "type": "Feature", "properties": { "REF": 230, "Project ID (Quantum)": "1003464", "Project Name": "Mitigating the impact of conflict escalation in Lebanon through conflict prevention, security service provision, and peacebuilding ", "Programme": "SPPU", "Start Date": "01/02/2025", "End Date": null, "Project Status": null, "Output / Activity No.\n(per ProDoc results framework)": "4.3.1", "Full Activity Name": "Enhancing local capacities for conflict prevention and peacebuilding.", "Activity Description": "Capacitation of MSLD committees, formation of Insider Mediator taskforces, development of local peace strategies, implementing youth and women focused quick impact social initiatives", "Type of Activity": "Peacebuilding & social cohesion", "Mother Project?": null, "Mother Project Name": null, "Geographic Level": "Cadastre (CAD+ACS)", "Coordinates (Lat)": "34.51686", "Coordinates (Long)": "36.158597", "Governorate": "Akkar", "District": "AkkarDistrict", "Cadaster": "Tikrit", "Municipality Name": "Takrit", "Union of Municipalities (UoM)": "UOM Mintaqat El Joumeh Akkar", "UNDP Focal Point": "R. Jabbour", "National Counterpart\n(Institutional Title)": "Municipality of Majdelyoun", "Counterpart Type": "Municipality", "CPD Output No.": null, "Strategic Plan 2026-2029\nActivity / Output No.": null, "Gender Marker": "GEN2", "Remarks / Notes": null }, "geometry": { "type": "Point", "coordinates": [ 36.158597, 34.51686 ] } },
{ "type": "Feature", "properties": { "REF": 231, "Project ID (Quantum)": "1003464", "Project Name": "Mitigating the impact of conflict escalation in Lebanon through conflict prevention, security service provision, and peacebuilding ", "Programme": "SPPU", "Start Date": "01/02/2025", "End Date": null, "Project Status": null, "Output / Activity No.\n(per ProDoc results framework)": "4.3.1", "Full Activity Name": "Enhancing local capacities for conflict prevention and peacebuilding.", "Activity Description": "Capacitation of MSLD committees, formation of Insider Mediator taskforces, development of local peace strategies, implementing youth and women focused quick impact social initiatives", "Type of Activity": "Peacebuilding & social cohesion", "Mother Project?": null, "Mother Project Name": null, "Geographic Level": "Cadastre (CAD+ACS)", "Coordinates (Lat)": "34.513427", "Coordinates (Long)": "36.190521", "Governorate": "Akkar", "District": "AkkarDistrict", "Cadaster": "Bezbina", "Municipality Name": "Bezbina", "Union of Municipalities (UoM)": "UOM Mintaqat El Joumeh Akkar", "UNDP Focal Point": "R. Jabbour", "National Counterpart\n(Institutional Title)": "Municipality of Mjaydel", "Counterpart Type": "Municipality", "CPD Output No.": null, "Strategic Plan 2026-2029\nActivity / Output No.": null, "Gender Marker": "GEN2", "Remarks / Notes": null }, "geometry": { "type": "Point", "coordinates": [ 36.190521, 34.513427 ] } },
{ "type": "Feature", "properties": { "REF": 232, "Project ID (Quantum)": "1003464", "Project Name": "Mitigating the impact of conflict escalation in Lebanon through conflict prevention, security service provision, and peacebuilding ", "Programme": "SPPU", "Start Date": "01/02/2025", "End Date": null, "Project Status": null, "Output / Activity No.\n(per ProDoc results framework)": "4.3.1", "Full Activity Name": "Enhancing local capacities for conflict prevention and peacebuilding.", "Activity Description": "Capacitation of MSLD committees, formation of Insider Mediator taskforces, development of local peace strategies, implementing youth and women focused quick impact social initiatives", "Type of Activity": "Peacebuilding & social cohesion", "Mother Project?": null, "Mother Project Name": null, "Geographic Level": "Cadastre (CAD+ACS)", "Coordinates (Lat)": "34.59017", "Coordinates (Long)": "36.234886", "Governorate": "Akkar", "District": "AkkarDistrict", "Cadaster": "Biret Aakkar", "Municipality Name": "Bire Akkar", "Union of Municipalities (UoM)": "UOM El Dreib El Aousat", "UNDP Focal Point": "R. Jabbour", "National Counterpart\n(Institutional Title)": "Municipality of Ghazie", "Counterpart Type": "Municipality", "CPD Output No.": null, "Strategic Plan 2026-2029\nActivity / Output No.": null, "Gender Marker": "GEN2", "Remarks / Notes": null }, "geometry": { "type": "Point", "coordinates": [ 36.234886, 34.59017 ] } },
{ "type": "Feature", "properties": { "REF": 233, "Project ID (Quantum)": "1003464", "Project Name": "Mitigating the impact of conflict escalation in Lebanon through conflict prevention, security service provision, and peacebuilding ", "Programme": "SPPU", "Start Date": "01/02/2025", "End Date": null, "Project Status": null, "Output / Activity No.\n(per ProDoc results framework)": "4.3.1", "Full Activity Name": "Enhancing local capacities for conflict prevention and peacebuilding.", "Activity Description": "Capacitation of MSLD committees, formation of Insider Mediator taskforces, development of local peace strategies, implementing youth and women focused quick impact social initiatives", "Type of Activity": "Peacebuilding & social cohesion", "Mother Project?": null, "Mother Project Name": null, "Geographic Level": "Cadastre (CAD+ACS)", "Coordinates (Lat)": "34.503385", "Coordinates (Long)": "36.137741", "Governorate": "Akkar", "District": "AkkarDistrict", "Cadaster": "Rahbe", "Municipality Name": "Rahbe", "Union of Municipalities (UoM)": "UOM Mintaqat El Joumeh Akkar", "UNDP Focal Point": "R. Jabbour", "National Counterpart\n(Institutional Title)": "Municipality of Maghdouche", "Counterpart Type": "Municipality", "CPD Output No.": null, "Strategic Plan 2026-2029\nActivity / Output No.": null, "Gender Marker": "GEN2", "Remarks / Notes": null }, "geometry": { "type": "Point", "coordinates": [ 36.137741, 34.503385 ] } },
{ "type": "Feature", "properties": { "REF": 234, "Project ID (Quantum)": "1003464", "Project Name": "Mitigating the impact of conflict escalation in Lebanon through conflict prevention, security service provision, and peacebuilding ", "Programme": "SPPU", "Start Date": "01/02/2025", "End Date": null, "Project Status": null, "Output / Activity No.\n(per ProDoc results framework)": "4.3.1", "Full Activity Name": "Enhancing local capacities for conflict prevention and peacebuilding.", "Activity Description": "Capacitation of MSLD committees, formation of Insider Mediator taskforces, development of local peace strategies, implementing youth and women focused quick impact social initiatives", "Type of Activity": "Peacebuilding & social cohesion", "Mother Project?": null, "Mother Project Name": null, "Geographic Level": "Cadastre (CAD+ACS)", "Coordinates (Lat)": "34.478542", "Coordinates (Long)": "35.934808", "Governorate": "North", "District": "ElMiniehDennie", "Cadaster": "Minie", "Municipality Name": "El Minie - En Nabi Youchaa", "Union of Municipalities (UoM)": "UOM El Minieh", "UNDP Focal Point": "R. Jabbour", "National Counterpart\n(Institutional Title)": "Municipality of Miyeh ou Miyeh", "Counterpart Type": "Municipality", "CPD Output No.": null, "Strategic Plan 2026-2029\nActivity / Output No.": null, "Gender Marker": "GEN2", "Remarks / Notes": null }, "geometry": { "type": "Point", "coordinates": [ 35.934808, 34.478542 ] } },
{ "type": "Feature", "properties": { "REF": 235, "Project ID (Quantum)": "1003464", "Project Name": "Mitigating the impact of conflict escalation in Lebanon through conflict prevention, security service provision, and peacebuilding ", "Programme": "SPPU", "Start Date": "01/02/2025", "End Date": null, "Project Status": null, "Output / Activity No.\n(per ProDoc results framework)": "4.3.1", "Full Activity Name": "Enhancing local capacities for conflict prevention and peacebuilding.", "Activity Description": "Capacitation of MSLD committees, formation of Insider Mediator taskforces, development of local peace strategies, implementing youth and women focused quick impact social initiatives", "Type of Activity": "Peacebuilding & social cohesion", "Mother Project?": null, "Mother Project Name": null, "Geographic Level": "Cadastre (CAD+ACS)", "Coordinates (Lat)": "34.415574", "Coordinates (Long)": "36.008447", "Governorate": "North", "District": "ElMiniehDennie", "Cadaster": "Bakhaaoun", "Municipality Name": "Bakhaoun", "Union of Municipalities (UoM)": "UOM El Donnieh", "UNDP Focal Point": "R. Jabbour", "National Counterpart\n(Institutional Title)": "Municipality of Qraiye", "Counterpart Type": "Municipality", "CPD Output No.": null, "Strategic Plan 2026-2029\nActivity / Output No.": null, "Gender Marker": "GEN2", "Remarks / Notes": null }, "geometry": { "type": "Point", "coordinates": [ 36.008447, 34.415574 ] } },
{ "type": "Feature", "properties": { "REF": 236, "Project ID (Quantum)": "1003464", "Project Name": "Mitigating the impact of conflict escalation in Lebanon through conflict prevention, security service provision, and peacebuilding ", "Programme": "SPPU", "Start Date": "01/02/2025", "End Date": null, "Project Status": null, "Output / Activity No.\n(per ProDoc results framework)": "4.3.1", "Full Activity Name": "Enhancing local capacities for conflict prevention and peacebuilding.", "Activity Description": "Capacitation of MSLD committees, formation of Insider Mediator taskforces, development of local peace strategies, implementing youth and women focused quick impact social initiatives", "Type of Activity": "Peacebuilding & social cohesion", "Mother Project?": null, "Mother Project Name": null, "Geographic Level": "Cadastre (CAD+ACS)", "Coordinates (Lat)": "34.39919", "Coordinates (Long)": "35.890524", "Governorate": "North", "District": "Zgharta", "Cadaster": "Zgharta", "Municipality Name": "Zgharta - Ehden", "Union of Municipalities (UoM)": "UOM Caza Zgharta", "UNDP Focal Point": "R. Jabbour", "National Counterpart\n(Institutional Title)": "Municipality of Bqosta", "Counterpart Type": "Municipality", "CPD Output No.": null, "Strategic Plan 2026-2029\nActivity / Output No.": null, "Gender Marker": "GEN2", "Remarks / Notes": null }, "geometry": { "type": "Point", "coordinates": [ 35.890524, 34.39919 ] } },
{ "type": "Feature", "properties": { "REF": 237, "Project ID (Quantum)": "1003464", "Project Name": "Mitigating the impact of conflict escalation in Lebanon through conflict prevention, security service provision, and peacebuilding ", "Programme": "SPPU", "Start Date": "01/02/2025", "End Date": null, "Project Status": null, "Output / Activity No.\n(per ProDoc results framework)": "4.3.1", "Full Activity Name": "Enhancing local capacities for conflict prevention and peacebuilding.", "Activity Description": "Capacitation of MSLD committees, formation of Insider Mediator taskforces, development of local peace strategies, implementing youth and women focused quick impact social initiatives", "Type of Activity": "Peacebuilding & social cohesion", "Mother Project?": null, "Mother Project Name": null, "Geographic Level": "Cadastre (CAD+ACS)", "Coordinates (Lat)": "34.403986", "Coordinates (Long)": "35.926563", "Governorate": "North", "District": "Zgharta", "Cadaster": "Rachaaine", "Municipality Name": "Rachaaine", "Union of Municipalities (UoM)": "UOM Caza Zgharta", "UNDP Focal Point": "R. Jabbour", "National Counterpart\n(Institutional Title)": "Municipality of Tyr", "Counterpart Type": "Municipality", "CPD Output No.": null, "Strategic Plan 2026-2029\nActivity / Output No.": null, "Gender Marker": "GEN2", "Remarks / Notes": null }, "geometry": { "type": "Point", "coordinates": [ 35.926563, 34.403986 ] } },
{ "type": "Feature", "properties": { "REF": 238, "Project ID (Quantum)": "1003464", "Project Name": "Mitigating the impact of conflict escalation in Lebanon through conflict prevention, security service provision, and peacebuilding ", "Programme": "SPPU", "Start Date": "01/02/2025", "End Date": null, "Project Status": null, "Output / Activity No.\n(per ProDoc results framework)": "4.3.1", "Full Activity Name": "Enhancing local capacities for conflict prevention and peacebuilding.", "Activity Description": "Capacitation of MSLD committees, formation of Insider Mediator taskforces, development of local peace strategies, implementing youth and women focused quick impact social initiatives", "Type of Activity": "Peacebuilding & social cohesion", "Mother Project?": null, "Mother Project Name": null, "Geographic Level": "Cadastre (CAD+ACS)", "Coordinates (Lat)": "34.419831", "Coordinates (Long)": "35.938768", "Governorate": "North", "District": "Zgharta", "Cadaster": "Aachach", "Municipality Name": "Aachach", "Union of Municipalities (UoM)": "UOM Caza Zgharta", "UNDP Focal Point": "R. Jabbour", "National Counterpart\n(Institutional Title)": null, "Counterpart Type": null, "CPD Output No.": null, "Strategic Plan 2026-2029\nActivity / Output No.": null, "Gender Marker": "GEN2", "Remarks / Notes": null }, "geometry": { "type": "Point", "coordinates": [ 35.938768, 34.419831 ] } },
{ "type": "Feature", "properties": { "REF": 239, "Project ID (Quantum)": "1003464", "Project Name": "Mitigating the impact of conflict escalation in Lebanon through conflict prevention, security service provision, and peacebuilding ", "Programme": "SPPU", "Start Date": "01/02/2025", "End Date": null, "Project Status": null, "Output / Activity No.\n(per ProDoc results framework)": "4.3.1", "Full Activity Name": "Enhancing local capacities for conflict prevention and peacebuilding.", "Activity Description": "Capacitation of MSLD committees, formation of Insider Mediator taskforces, development of local peace strategies, implementing youth and women focused quick impact social initiatives", "Type of Activity": "Peacebuilding & social cohesion", "Mother Project?": null, "Mother Project Name": null, "Geographic Level": "Cadastre (CAD+ACS)", "Coordinates (Lat)": "34.419444", "Coordinates (Long)": "35.929001", "Governorate": "North", "District": "Zgharta", "Cadaster": "Miriata", "Municipality Name": "Miryata - El Qadriye", "Union of Municipalities (UoM)": "No Union", "UNDP Focal Point": "R. Jabbour", "National Counterpart\n(Institutional Title)": "Municipality of Ras Baalbek", "Counterpart Type": "Municipality", "CPD Output No.": null, "Strategic Plan 2026-2029\nActivity / Output No.": null, "Gender Marker": "GEN2", "Remarks / Notes": null }, "geometry": { "type": "Point", "coordinates": [ 35.929001, 34.419444 ] } },
{ "type": "Feature", "properties": { "REF": 240, "Project ID (Quantum)": "1003464", "Project Name": "Mitigating the impact of conflict escalation in Lebanon through conflict prevention, security service provision, and peacebuilding ", "Programme": "SPPU", "Start Date": "01/02/2025", "End Date": null, "Project Status": null, "Output / Activity No.\n(per ProDoc results framework)": "4.3.1", "Full Activity Name": "Enhancing local capacities for conflict prevention and peacebuilding.", "Activity Description": "Capacitation of MSLD committees, formation of Insider Mediator taskforces, development of local peace strategies, implementing youth and women focused quick impact social initiatives", "Type of Activity": "Peacebuilding & social cohesion", "Mother Project?": null, "Mother Project Name": null, "Geographic Level": "Cadastre (CAD+ACS)", "Coordinates (Lat)": "33.792409", "Coordinates (Long)": "35.538271", "Governorate": "MountLebanon", "District": "Aley", "Cadaster": "Aain Aanoub", "Municipality Name": "Ain Anoub", "Union of Municipalities (UoM)": "No Union", "UNDP Focal Point": "R. Jabbour", "National Counterpart\n(Institutional Title)": "Municipality of El Qaa", "Counterpart Type": null, "CPD Output No.": null, "Strategic Plan 2026-2029\nActivity / Output No.": null, "Gender Marker": "GEN2", "Remarks / Notes": null }, "geometry": { "type": "Point", "coordinates": [ 35.538271, 33.792409 ] } },
{ "type": "Feature", "properties": { "REF": 241, "Project ID (Quantum)": "1003464", "Project Name": "Mitigating the impact of conflict escalation in Lebanon through conflict prevention, security service provision, and peacebuilding ", "Programme": "SPPU", "Start Date": "01/02/2025", "End Date": null, "Project Status": null, "Output / Activity No.\n(per ProDoc results framework)": "4.3.1", "Full Activity Name": "Enhancing local capacities for conflict prevention and peacebuilding.", "Activity Description": "Capacitation of MSLD committees, formation of Insider Mediator taskforces, development of local peace strategies, implementing youth and women focused quick impact social initiatives", "Type of Activity": "Peacebuilding & social cohesion", "Mother Project?": null, "Mother Project Name": null, "Geographic Level": "Cadastre (CAD+ACS)", "Coordinates (Lat)": "34.122761", "Coordinates (Long)": "35.650122", "Governorate": "MountLebanon", "District": "Jbeil", "Cadaster": "Jbayl", "Municipality Name": "Jbail", "Union of Municipalities (UoM)": "UOM Caza Jbeil", "UNDP Focal Point": "R. Jabbour", "National Counterpart\n(Institutional Title)": "Municiplality of Deir El Ahmar", "Counterpart Type": null, "CPD Output No.": null, "Strategic Plan 2026-2029\nActivity / Output No.": null, "Gender Marker": "GEN2", "Remarks / Notes": null }, "geometry": { "type": "Point", "coordinates": [ 35.650122, 34.122761 ] } },
{ "type": "Feature", "properties": { "REF": 242, "Project ID (Quantum)": "1003464", "Project Name": "Mitigating the impact of conflict escalation in Lebanon through conflict prevention, security service provision, and peacebuilding ", "Programme": "SPPU", "Start Date": "01/02/2025", "End Date": null, "Project Status": null, "Output / Activity No.\n(per ProDoc results framework)": "4.3.1", "Full Activity Name": "Enhancing local capacities for conflict prevention and peacebuilding.", "Activity Description": "Capacitation of MSLD committees, formation of Insider Mediator taskforces, development of local peace strategies, implementing youth and women focused quick impact social initiatives", "Type of Activity": "Peacebuilding & social cohesion", "Mother Project?": null, "Mother Project Name": null, "Geographic Level": "Cadastre (CAD+ACS)", "Coordinates (Lat)": "33.780669", "Coordinates (Long)": "35.515083", "Governorate": "MountLebanon", "District": "Aley", "Cadaster": "Bchamoun", "Municipality Name": "Bchamoun", "Union of Municipalities (UoM)": "No Union", "UNDP Focal Point": "R. Jabbour", "National Counterpart\n(Institutional Title)": "Municipality of Barr Elias", "Counterpart Type": null, "CPD Output No.": null, "Strategic Plan 2026-2029\nActivity / Output No.": null, "Gender Marker": "GEN2", "Remarks / Notes": null }, "geometry": { "type": "Point", "coordinates": [ 35.515083, 33.780669 ] } },
{ "type": "Feature", "properties": { "REF": 243, "Project ID (Quantum)": "1003464", "Project Name": "Mitigating the impact of conflict escalation in Lebanon through conflict prevention, security service provision, and peacebuilding ", "Programme": "SPPU", "Start Date": "01/02/2025", "End Date": null, "Project Status": null, "Output / Activity No.\n(per ProDoc results framework)": "4.3.1", "Full Activity Name": "Enhancing local capacities for conflict prevention and peacebuilding.", "Activity Description": "Capacitation of MSLD committees, formation of Insider Mediator taskforces, development of local peace strategies, implementing youth and women focused quick impact social initiatives", "Type of Activity": "Peacebuilding & social cohesion", "Mother Project?": null, "Mother Project Name": null, "Geographic Level": "Cadastre (CAD+ACS)", "Coordinates (Lat)": "33.720126", "Coordinates (Long)": "35.529928", "Governorate": "MountLebanon", "District": "Aley", "Cadaster": "Kfar Matta", "Municipality Name": "Kfar Matta", "Union of Municipalities (UoM)": "UOM El Gharb El Aaala Oua El Chahhar", "UNDP Focal Point": "R. Jabbour", "National Counterpart\n(Institutional Title)": "Municipality of Majdel Anjar", "Counterpart Type": null, "CPD Output No.": null, "Strategic Plan 2026-2029\nActivity / Output No.": null, "Gender Marker": "GEN2", "Remarks / Notes": null }, "geometry": { "type": "Point", "coordinates": [ 35.529928, 33.720126 ] } },
{ "type": "Feature", "properties": { "REF": 244, "Project ID (Quantum)": "1003464", "Project Name": "Mitigating the impact of conflict escalation in Lebanon through conflict prevention, security service provision, and peacebuilding ", "Programme": "SPPU", "Start Date": "01/02/2025", "End Date": null, "Project Status": null, "Output / Activity No.\n(per ProDoc results framework)": "4.3.1", "Full Activity Name": "Enhancing local capacities for conflict prevention and peacebuilding.", "Activity Description": "Capacitation of MSLD committees, formation of Insider Mediator taskforces, development of local peace strategies, implementing youth and women focused quick impact social initiatives", "Type of Activity": "Peacebuilding & social cohesion", "Mother Project?": null, "Mother Project Name": null, "Geographic Level": "Cadastre (CAD+ACS)", "Coordinates (Lat)": "33.995357", "Coordinates (Long)": "35.651652", "Governorate": "MountLebanon", "District": "Kesrwane", "Cadaster": "Jounie Haret Sakhr", "Municipality Name": "Jounieh", "Union of Municipalities (UoM)": "UOM Kesrouane El Ftouh", "UNDP Focal Point": "R. Jabbour", "National Counterpart\n(Institutional Title)": "Municipality of Qabb Elias", "Counterpart Type": null, "CPD Output No.": null, "Strategic Plan 2026-2029\nActivity / Output No.": null, "Gender Marker": "GEN2", "Remarks / Notes": null }, "geometry": { "type": "Point", "coordinates": [ 35.651652, 33.995357 ] } },
{ "type": "Feature", "properties": { "REF": 245, "Project ID (Quantum)": "1003464", "Project Name": "Mitigating the impact of conflict escalation in Lebanon through conflict prevention, security service provision, and peacebuilding ", "Programme": "SPPU", "Start Date": "01/02/2025", "End Date": null, "Project Status": null, "Output / Activity No.\n(per ProDoc results framework)": "4.3.1", "Full Activity Name": "Enhancing local capacities for conflict prevention and peacebuilding.", "Activity Description": "Capacitation of MSLD committees, formation of Insider Mediator taskforces, development of local peace strategies, implementing youth and women focused quick impact social initiatives", "Type of Activity": "Peacebuilding & social cohesion", "Mother Project?": null, "Mother Project Name": null, "Geographic Level": "Cadastre (CAD+ACS)", "Coordinates (Lat)": "33.629787", "Coordinates (Long)": "35.485244", "Governorate": "MountLebanon", "District": "Chouf", "Cadaster": "Chhim", "Municipality Name": "Chhim", "Union of Municipalities (UoM)": "UOM Iqlim El Kharroub El Chamali", "UNDP Focal Point": "R. Jabbour", "National Counterpart\n(Institutional Title)": "Municipality of Meksi", "Counterpart Type": null, "CPD Output No.": null, "Strategic Plan 2026-2029\nActivity / Output No.": null, "Gender Marker": "GEN2", "Remarks / Notes": null }, "geometry": { "type": "Point", "coordinates": [ 35.485244, 33.629787 ] } },
{ "type": "Feature", "properties": { "REF": 246, "Project ID (Quantum)": "1003464", "Project Name": "Mitigating the impact of conflict escalation in Lebanon through conflict prevention, security service provision, and peacebuilding ", "Programme": "SPPU", "Start Date": "01/02/2025", "End Date": null, "Project Status": null, "Output / Activity No.\n(per ProDoc results framework)": "4.3.1", "Full Activity Name": "Enhancing local capacities for conflict prevention and peacebuilding.", "Activity Description": "Capacitation of MSLD committees, formation of Insider Mediator taskforces, development of local peace strategies, implementing youth and women focused quick impact social initiatives", "Type of Activity": "Peacebuilding & social cohesion", "Mother Project?": null, "Mother Project Name": null, "Geographic Level": "Cadastre (CAD+ACS)", "Coordinates (Lat)": "33.82183", "Coordinates (Long)": "35.507005", "Governorate": "MountLebanon", "District": "Aley", "Cadaster": "Choueifat El-Aamrousiye", "Municipality Name": "Choueifat", "Union of Municipalities (UoM)": "No Union", "UNDP Focal Point": "R. Jabbour", "National Counterpart\n(Institutional Title)": "Municipality of Taalabaya", "Counterpart Type": null, "CPD Output No.": null, "Strategic Plan 2026-2029\nActivity / Output No.": null, "Gender Marker": "GEN2", "Remarks / Notes": null }, "geometry": { "type": "Point", "coordinates": [ 35.507005, 33.82183 ] } },
{ "type": "Feature", "properties": { "REF": 247, "Project ID (Quantum)": "1003464", "Project Name": "Mitigating the impact of conflict escalation in Lebanon through conflict prevention, security service provision, and peacebuilding ", "Programme": "SPPU", "Start Date": "01/02/2025", "End Date": null, "Project Status": null, "Output / Activity No.\n(per ProDoc results framework)": "4.3.1", "Full Activity Name": "Enhancing local capacities for conflict prevention and peacebuilding.", "Activity Description": "Capacitation of MSLD committees, formation of Insider Mediator taskforces, development of local peace strategies, implementing youth and women focused quick impact social initiatives", "Type of Activity": "Peacebuilding & social cohesion", "Mother Project?": null, "Mother Project Name": null, "Geographic Level": "Cadastre (CAD+ACS)", "Coordinates (Lat)": "33.645424", "Coordinates (Long)": "35.437793", "Governorate": "MountLebanon", "District": "Chouf", "Cadaster": "Barja", "Municipality Name": "Barja", "Union of Municipalities (UoM)": "UOM Iqlim El Kharroub El Chamali", "UNDP Focal Point": "R. Jabbour", "National Counterpart\n(Institutional Title)": "Municipality of Mansoura", "Counterpart Type": null, "CPD Output No.": null, "Strategic Plan 2026-2029\nActivity / Output No.": null, "Gender Marker": "GEN2", "Remarks / Notes": null }, "geometry": { "type": "Point", "coordinates": [ 35.437793, 33.645424 ] } },
{ "type": "Feature", "properties": { "REF": 248, "Project ID (Quantum)": "1003464", "Project Name": "Mitigating the impact of conflict escalation in Lebanon through conflict prevention, security service provision, and peacebuilding ", "Programme": "SPPU", "Start Date": "01/02/2025", "End Date": null, "Project Status": null, "Output / Activity No.\n(per ProDoc results framework)": "4.3.1", "Full Activity Name": "Enhancing local capacities for conflict prevention and peacebuilding.", "Activity Description": "Capacitation of MSLD committees, formation of Insider Mediator taskforces, development of local peace strategies, implementing youth and women focused quick impact social initiatives", "Type of Activity": "Peacebuilding & social cohesion", "Mother Project?": null, "Mother Project Name": null, "Geographic Level": "Cadastre (CAD+ACS)", "Coordinates (Lat)": "33.662449", "Coordinates (Long)": "35.445361", "Governorate": "MountLebanon", "District": "Chouf", "Cadaster": "Baassir", "Municipality Name": "Baasir", "Union of Municipalities (UoM)": "UOM Iqlim El Kharroub El Chamali", "UNDP Focal Point": "R. Jabbour", "National Counterpart\n(Institutional Title)": "Municipality of Hazerta", "Counterpart Type": null, "CPD Output No.": null, "Strategic Plan 2026-2029\nActivity / Output No.": null, "Gender Marker": "GEN2", "Remarks / Notes": null }, "geometry": { "type": "Point", "coordinates": [ 35.445361, 33.662449 ] } },
{ "type": "Feature", "properties": { "REF": 249, "Project ID (Quantum)": "1003464", "Project Name": "Mitigating the impact of conflict escalation in Lebanon through conflict prevention, security service provision, and peacebuilding ", "Programme": "SPPU", "Start Date": "01/02/2025", "End Date": null, "Project Status": null, "Output / Activity No.\n(per ProDoc results framework)": "4.3.1", "Full Activity Name": "Enhancing local capacities for conflict prevention and peacebuilding.", "Activity Description": "Capacitation of MSLD committees, formation of Insider Mediator taskforces, development of local peace strategies, implementing youth and women focused quick impact social initiatives", "Type of Activity": "Peacebuilding & social cohesion", "Mother Project?": null, "Mother Project Name": null, "Geographic Level": "Cadastre (CAD+ACS)", "Coordinates (Lat)": "33.851448", "Coordinates (Long)": "35.489752", "Governorate": "MountLebanon", "District": "Baabda", "Cadaster": "Chiyah", "Municipality Name": "Chiayah and Ghobeire", "Union of Municipalities (UoM)": "UOM El Dahia El Janoubiya", "UNDP Focal Point": "R. Jabbour", "National Counterpart\n(Institutional Title)": "Municipality of Saadnayel", "Counterpart Type": null, "CPD Output No.": null, "Strategic Plan 2026-2029\nActivity / Output No.": null, "Gender Marker": "GEN2", "Remarks / Notes": null }, "geometry": { "type": "Point", "coordinates": [ 35.489752, 33.851448 ] } },
{ "type": "Feature", "properties": { "REF": 250, "Project ID (Quantum)": "1003464", "Project Name": "Mitigating the impact of conflict escalation in Lebanon through conflict prevention, security service provision, and peacebuilding ", "Programme": "SPPU", "Start Date": "01/02/2025", "End Date": null, "Project Status": null, "Output / Activity No.\n(per ProDoc results framework)": "4.3.1", "Full Activity Name": "Enhancing local capacities for conflict prevention and peacebuilding.", "Activity Description": "Capacitation of MSLD committees, formation of Insider Mediator taskforces, development of local peace strategies, implementing youth and women focused quick impact social initiatives", "Type of Activity": "Peacebuilding & social cohesion", "Mother Project?": null, "Mother Project Name": null, "Geographic Level": "Cadastre (CAD+ACS)", "Coordinates (Lat)": "33.871424", "Coordinates (Long)": "35.525869", "Governorate": "MountLebanon", "District": "Baabda", "Cadaster": "Furn Ech-Chebbak", "Municipality Name": "Furn ech Chebak", "Union of Municipalities (UoM)": "UOM Sahil El Metn El Janoubi", "UNDP Focal Point": "R. Jabbour", "National Counterpart\n(Institutional Title)": null, "Counterpart Type": null, "CPD Output No.": null, "Strategic Plan 2026-2029\nActivity / Output No.": null, "Gender Marker": "GEN2", "Remarks / Notes": null }, "geometry": { "type": "Point", "coordinates": [ 35.525869, 33.871424 ] } },
{ "type": "Feature", "properties": { "REF": 251, "Project ID (Quantum)": "1003464", "Project Name": "Mitigating the impact of conflict escalation in Lebanon through conflict prevention, security service provision, and peacebuilding ", "Programme": "SPPU", "Start Date": "01/02/2025", "End Date": null, "Project Status": null, "Output / Activity No.\n(per ProDoc results framework)": "4.3.1", "Full Activity Name": "Enhancing local capacities for conflict prevention and peacebuilding.", "Activity Description": "Capacitation of MSLD committees, formation of Insider Mediator taskforces, development of local peace strategies, implementing youth and women focused quick impact social initiatives", "Type of Activity": "Peacebuilding & social cohesion", "Mother Project?": null, "Mother Project Name": null, "Geographic Level": "Cadastre (CAD+ACS)", "Coordinates (Lat)": "33.713421", "Coordinates (Long)": "35.451574", "Governorate": "MountLebanon", "District": "Chouf", "Cadaster": "Damour", "Municipality Name": "Damour", "Union of Municipalities (UoM)": "No Union", "UNDP Focal Point": "R. Jabbour", "National Counterpart\n(Institutional Title)": null, "Counterpart Type": null, "CPD Output No.": null, "Strategic Plan 2026-2029\nActivity / Output No.": null, "Gender Marker": "GEN2", "Remarks / Notes": null }, "geometry": { "type": "Point", "coordinates": [ 35.451574, 33.713421 ] } },
{ "type": "Feature", "properties": { "REF": 252, "Project ID (Quantum)": "1003464", "Project Name": "Mitigating the impact of conflict escalation in Lebanon through conflict prevention, security service provision, and peacebuilding ", "Programme": "SPPU", "Start Date": "01/02/2025", "End Date": null, "Project Status": null, "Output / Activity No.\n(per ProDoc results framework)": "4.3.1", "Full Activity Name": "Enhancing local capacities for conflict prevention and peacebuilding.", "Activity Description": "Capacitation of MSLD committees, formation of Insider Mediator taskforces, development of local peace strategies, implementing youth and women focused quick impact social initiatives", "Type of Activity": "Peacebuilding & social cohesion", "Mother Project?": null, "Mother Project Name": null, "Geographic Level": "Cadastre (CAD+ACS)", "Coordinates (Lat)": "33.625629", "Coordinates (Long)": "35.462741", "Governorate": "MountLebanon", "District": "Chouf", "Cadaster": "Dalhoun", "Municipality Name": "Dalhoun", "Union of Municipalities (UoM)": "UOM Iqlim El Kharroub El Chamali", "UNDP Focal Point": "R. Jabbour", "National Counterpart\n(Institutional Title)": null, "Counterpart Type": null, "CPD Output No.": null, "Strategic Plan 2026-2029\nActivity / Output No.": null, "Gender Marker": "GEN2", "Remarks / Notes": null }, "geometry": { "type": "Point", "coordinates": [ 35.462741, 33.625629 ] } },
{ "type": "Feature", "properties": { "REF": 253, "Project ID (Quantum)": "1003464", "Project Name": "Mitigating the impact of conflict escalation in Lebanon through conflict prevention, security service provision, and peacebuilding ", "Programme": "SPPU", "Start Date": "01/02/2025", "End Date": null, "Project Status": null, "Output / Activity No.\n(per ProDoc results framework)": "4.3.1", "Full Activity Name": "Enhancing local capacities for conflict prevention and peacebuilding.", "Activity Description": "Capacitation of MSLD committees, formation of Insider Mediator taskforces, development of local peace strategies, implementing youth and women focused quick impact social initiatives", "Type of Activity": "Peacebuilding & social cohesion", "Mother Project?": null, "Mother Project Name": null, "Geographic Level": "Cadastre (CAD+ACS)", "Coordinates (Lat)": "33.90462", "Coordinates (Long)": "35.506023", "Governorate": "Beirut", "District": "BeirutDistrict", "Cadaster": "Beirut Central District", "Municipality Name": "Beirut", "Union of Municipalities (UoM)": "No Union", "UNDP Focal Point": "R. Jabbour", "National Counterpart\n(Institutional Title)": null, "Counterpart Type": null, "CPD Output No.": null, "Strategic Plan 2026-2029\nActivity / Output No.": null, "Gender Marker": "GEN2", "Remarks / Notes": null }, "geometry": { "type": "Point", "coordinates": [ 35.506023, 33.90462 ] } },
{ "type": "Feature", "properties": { "REF": 254, "Project ID (Quantum)": "1003464", "Project Name": "Mitigating the impact of conflict escalation in Lebanon through conflict prevention, security service provision, and peacebuilding ", "Programme": "SPPU", "Start Date": "01/02/2025", "End Date": null, "Project Status": null, "Output / Activity No.\n(per ProDoc results framework)": "4.3.1", "Full Activity Name": "Enhancing local capacities for conflict prevention and peacebuilding.", "Activity Description": "Capacitation of MSLD committees, formation of Insider Mediator taskforces, development of local peace strategies, implementing youth and women focused quick impact social initiatives", "Type of Activity": "Peacebuilding & social cohesion", "Mother Project?": null, "Mother Project Name": null, "Geographic Level": "Cadastre (CAD+ACS)", "Coordinates (Lat)": "33.812925", "Coordinates (Long)": "35.737661", "Governorate": "MountLebanon", "District": "Baabda", "Cadaster": "Hammana", "Municipality Name": "Hammana", "Union of Municipalities (UoM)": "UOM El Metn El Aaala", "UNDP Focal Point": "R. Jabbour", "National Counterpart\n(Institutional Title)": null, "Counterpart Type": null, "CPD Output No.": null, "Strategic Plan 2026-2029\nActivity / Output No.": null, "Gender Marker": "GEN2", "Remarks / Notes": null }, "geometry": { "type": "Point", "coordinates": [ 35.737661, 33.812925 ] } },
{ "type": "Feature", "properties": { "REF": 255, "Project ID (Quantum)": "1003464", "Project Name": "Mitigating the impact of conflict escalation in Lebanon through conflict prevention, security service provision, and peacebuilding ", "Programme": "SPPU", "Start Date": "01/02/2025", "End Date": null, "Project Status": null, "Output / Activity No.\n(per ProDoc results framework)": "4.3.1", "Full Activity Name": "Enhancing local capacities for conflict prevention and peacebuilding.", "Activity Description": "Capacitation of MSLD committees, formation of Insider Mediator taskforces, development of local peace strategies, implementing youth and women focused quick impact social initiatives", "Type of Activity": "Peacebuilding & social cohesion", "Mother Project?": null, "Mother Project Name": null, "Geographic Level": "Cadastre (CAD+ACS)", "Coordinates (Lat)": "33.775503", "Coordinates (Long)": "35.577476", "Governorate": "MountLebanon", "District": "Aley", "Cadaster": "Bayssour Aaley", "Municipality Name": "Baissour", "Union of Municipalities (UoM)": "UOM El Gharb El Aaala Oua El Chahhar", "UNDP Focal Point": "R. Jabbour", "National Counterpart\n(Institutional Title)": null, "Counterpart Type": null, "CPD Output No.": null, "Strategic Plan 2026-2029\nActivity / Output No.": null, "Gender Marker": "GEN2", "Remarks / Notes": null }, "geometry": { "type": "Point", "coordinates": [ 35.577476, 33.775503 ] } },
{ "type": "Feature", "properties": { "REF": 256, "Project ID (Quantum)": "1003464", "Project Name": "Mitigating the impact of conflict escalation in Lebanon through conflict prevention, security service provision, and peacebuilding ", "Programme": "SPPU", "Start Date": "01/02/2025", "End Date": null, "Project Status": null, "Output / Activity No.\n(per ProDoc results framework)": "4.3.1", "Full Activity Name": "Enhancing local capacities for conflict prevention and peacebuilding.", "Activity Description": "Capacitation of MSLD committees, formation of Insider Mediator taskforces, development of local peace strategies, implementing youth and women focused quick impact social initiatives", "Type of Activity": "Peacebuilding & social cohesion", "Mother Project?": null, "Mother Project Name": null, "Geographic Level": "Cadastre (CAD+ACS)", "Coordinates (Lat)": "33.725736", "Coordinates (Long)": "35.619626", "Governorate": "MountLebanon", "District": "Chouf", "Cadaster": "Majdel El-Meouch", "Municipality Name": "Majdel el Meouch", "Union of Municipalities (UoM)": "No Union", "UNDP Focal Point": "R. Jabbour", "National Counterpart\n(Institutional Title)": null, "Counterpart Type": null, "CPD Output No.": null, "Strategic Plan 2026-2029\nActivity / Output No.": null, "Gender Marker": "GEN2", "Remarks / Notes": null }, "geometry": { "type": "Point", "coordinates": [ 35.619626, 33.725736 ] } },
{ "type": "Feature", "properties": { "REF": 257, "Project ID (Quantum)": "1003464", "Project Name": "Mitigating the impact of conflict escalation in Lebanon through conflict prevention, security service provision, and peacebuilding ", "Programme": "SPPU", "Start Date": "01/02/2025", "End Date": null, "Project Status": null, "Output / Activity No.\n(per ProDoc results framework)": "4.3.1", "Full Activity Name": "Enhancing local capacities for conflict prevention and peacebuilding.", "Activity Description": "Capacitation of MSLD committees, formation of Insider Mediator taskforces, development of local peace strategies, implementing youth and women focused quick impact social initiatives", "Type of Activity": "Peacebuilding & social cohesion", "Mother Project?": null, "Mother Project Name": null, "Geographic Level": "Cadastre (CAD+ACS)", "Coordinates (Lat)": "33.553961", "Coordinates (Long)": "35.393958", "Governorate": "South", "District": "Saida", "Cadaster": "Haret Saida", "Municipality Name": "Haret Saida", "Union of Municipalities (UoM)": "UOM Saida El Zahrani", "UNDP Focal Point": "R. Jabbour", "National Counterpart\n(Institutional Title)": null, "Counterpart Type": null, "CPD Output No.": null, "Strategic Plan 2026-2029\nActivity / Output No.": null, "Gender Marker": "GEN2", "Remarks / Notes": null }, "geometry": { "type": "Point", "coordinates": [ 35.393958, 33.553961 ] } },
{ "type": "Feature", "properties": { "REF": 258, "Project ID (Quantum)": "1003464", "Project Name": "Mitigating the impact of conflict escalation in Lebanon through conflict prevention, security service provision, and peacebuilding ", "Programme": "SPPU", "Start Date": "01/02/2025", "End Date": null, "Project Status": null, "Output / Activity No.\n(per ProDoc results framework)": "4.3.1", "Full Activity Name": "Enhancing local capacities for conflict prevention and peacebuilding.", "Activity Description": "Capacitation of MSLD committees, formation of Insider Mediator taskforces, development of local peace strategies, implementing youth and women focused quick impact social initiatives", "Type of Activity": "Peacebuilding & social cohesion", "Mother Project?": null, "Mother Project Name": null, "Geographic Level": "Cadastre (CAD+ACS)", "Coordinates (Lat)": "33.555438", "Coordinates (Long)": "35.415698", "Governorate": "South", "District": "Saida", "Cadaster": "Majdelyoun", "Municipality Name": "Majdelyoun", "Union of Municipalities (UoM)": "UOM Saida El Zahrani", "UNDP Focal Point": "R. Jabbour", "National Counterpart\n(Institutional Title)": null, "Counterpart Type": null, "CPD Output No.": null, "Strategic Plan 2026-2029\nActivity / Output No.": null, "Gender Marker": "GEN2", "Remarks / Notes": null }, "geometry": { "type": "Point", "coordinates": [ 35.415698, 33.555438 ] } },
{ "type": "Feature", "properties": { "REF": 259, "Project ID (Quantum)": "1003464", "Project Name": "Mitigating the impact of conflict escalation in Lebanon through conflict prevention, security service provision, and peacebuilding ", "Programme": "SPPU", "Start Date": "01/02/2025", "End Date": null, "Project Status": null, "Output / Activity No.\n(per ProDoc results framework)": "4.3.1", "Full Activity Name": "Enhancing local capacities for conflict prevention and peacebuilding.", "Activity Description": "Capacitation of MSLD committees, formation of Insider Mediator taskforces, development of local peace strategies, implementing youth and women focused quick impact social initiatives", "Type of Activity": "Peacebuilding & social cohesion", "Mother Project?": null, "Mother Project Name": null, "Geographic Level": "Cadastre (CAD+ACS)", "Coordinates (Lat)": "33.516336", "Coordinates (Long)": "35.440873", "Governorate": "South", "District": "Jezzine", "Cadaster": "Mjaydel Jezzine", "Municipality Name": "Mjaydel", "Union of Municipalities (UoM)": "UOM Caza Jezzine", "UNDP Focal Point": "R. Jabbour", "National Counterpart\n(Institutional Title)": null, "Counterpart Type": null, "CPD Output No.": null, "Strategic Plan 2026-2029\nActivity / Output No.": null, "Gender Marker": "GEN2", "Remarks / Notes": null }, "geometry": { "type": "Point", "coordinates": [ 35.440873, 33.516336 ] } },
{ "type": "Feature", "properties": { "REF": 260, "Project ID (Quantum)": "1003464", "Project Name": "Mitigating the impact of conflict escalation in Lebanon through conflict prevention, security service provision, and peacebuilding ", "Programme": "SPPU", "Start Date": "01/02/2025", "End Date": null, "Project Status": null, "Output / Activity No.\n(per ProDoc results framework)": "4.3.1", "Full Activity Name": "Enhancing local capacities for conflict prevention and peacebuilding.", "Activity Description": "Capacitation of MSLD committees, formation of Insider Mediator taskforces, development of local peace strategies, implementing youth and women focused quick impact social initiatives", "Type of Activity": "Peacebuilding & social cohesion", "Mother Project?": null, "Mother Project Name": null, "Geographic Level": "Cadastre (CAD+ACS)", "Coordinates (Lat)": "33.506507", "Coordinates (Long)": "35.353282", "Governorate": "South", "District": "Saida", "Cadaster": "Ghaziye", "Municipality Name": "Ghaziye", "Union of Municipalities (UoM)": "UOM Saida El Zahrani", "UNDP Focal Point": "R. Jabbour", "National Counterpart\n(Institutional Title)": null, "Counterpart Type": null, "CPD Output No.": null, "Strategic Plan 2026-2029\nActivity / Output No.": null, "Gender Marker": "GEN2", "Remarks / Notes": null }, "geometry": { "type": "Point", "coordinates": [ 35.353282, 33.506507 ] } },
{ "type": "Feature", "properties": { "REF": 261, "Project ID (Quantum)": "1003464", "Project Name": "Mitigating the impact of conflict escalation in Lebanon through conflict prevention, security service provision, and peacebuilding ", "Programme": "SPPU", "Start Date": "01/02/2025", "End Date": null, "Project Status": null, "Output / Activity No.\n(per ProDoc results framework)": "4.3.1", "Full Activity Name": "Enhancing local capacities for conflict prevention and peacebuilding.", "Activity Description": "Capacitation of MSLD committees, formation of Insider Mediator taskforces, development of local peace strategies, implementing youth and women focused quick impact social initiatives", "Type of Activity": "Peacebuilding & social cohesion", "Mother Project?": null, "Mother Project Name": null, "Geographic Level": "Cadastre (CAD+ACS)", "Coordinates (Lat)": "33.517932", "Coordinates (Long)": "35.389259", "Governorate": "South", "District": "Saida", "Cadaster": "Maghdouche", "Municipality Name": "Maghdouche", "Union of Municipalities (UoM)": "UOM Saida El Zahrani", "UNDP Focal Point": "R. Jabbour", "National Counterpart\n(Institutional Title)": null, "Counterpart Type": null, "CPD Output No.": null, "Strategic Plan 2026-2029\nActivity / Output No.": null, "Gender Marker": "GEN2", "Remarks / Notes": null }, "geometry": { "type": "Point", "coordinates": [ 35.389259, 33.517932 ] } },
{ "type": "Feature", "properties": { "REF": 262, "Project ID (Quantum)": "1003464", "Project Name": "Mitigating the impact of conflict escalation in Lebanon through conflict prevention, security service provision, and peacebuilding ", "Programme": "SPPU", "Start Date": "01/02/2025", "End Date": null, "Project Status": null, "Output / Activity No.\n(per ProDoc results framework)": "4.3.1", "Full Activity Name": "Enhancing local capacities for conflict prevention and peacebuilding.", "Activity Description": "Capacitation of MSLD committees, formation of Insider Mediator taskforces, development of local peace strategies, implementing youth and women focused quick impact social initiatives", "Type of Activity": "Peacebuilding & social cohesion", "Mother Project?": null, "Mother Project Name": null, "Geographic Level": "Cadastre (CAD+ACS)", "Coordinates (Lat)": "33.543189", "Coordinates (Long)": "35.392577", "Governorate": "South", "District": "Saida", "Cadaster": "Miye ou Miyé", "Municipality Name": "Miyeh ou Miyeh", "Union of Municipalities (UoM)": "UOM Saida El Zahrani", "UNDP Focal Point": "R. Jabbour", "National Counterpart\n(Institutional Title)": null, "Counterpart Type": null, "CPD Output No.": null, "Strategic Plan 2026-2029\nActivity / Output No.": null, "Gender Marker": "GEN2", "Remarks / Notes": null }, "geometry": { "type": "Point", "coordinates": [ 35.392577, 33.543189 ] } },
{ "type": "Feature", "properties": { "REF": 263, "Project ID (Quantum)": "1003464", "Project Name": "Mitigating the impact of conflict escalation in Lebanon through conflict prevention, security service provision, and peacebuilding ", "Programme": "SPPU", "Start Date": "01/02/2025", "End Date": null, "Project Status": null, "Output / Activity No.\n(per ProDoc results framework)": "4.3.1", "Full Activity Name": "Enhancing local capacities for conflict prevention and peacebuilding.", "Activity Description": "Capacitation of MSLD committees, formation of Insider Mediator taskforces, development of local peace strategies, implementing youth and women focused quick impact social initiatives", "Type of Activity": "Peacebuilding & social cohesion", "Mother Project?": null, "Mother Project Name": null, "Geographic Level": "Cadastre (CAD+ACS)", "Coordinates (Lat)": "33.536625", "Coordinates (Long)": "35.414994", "Governorate": "South", "District": "Saida", "Cadaster": "Qraiyet Saida", "Municipality Name": "Qraiye Saida", "Union of Municipalities (UoM)": "UOM Saida El Zahrani", "UNDP Focal Point": "R. Jabbour", "National Counterpart\n(Institutional Title)": null, "Counterpart Type": null, "CPD Output No.": null, "Strategic Plan 2026-2029\nActivity / Output No.": null, "Gender Marker": "GEN2", "Remarks / Notes": null }, "geometry": { "type": "Point", "coordinates": [ 35.414994, 33.536625 ] } },
{ "type": "Feature", "properties": { "REF": 264, "Project ID (Quantum)": "1003464", "Project Name": "Mitigating the impact of conflict escalation in Lebanon through conflict prevention, security service provision, and peacebuilding ", "Programme": "SPPU", "Start Date": "01/02/2025", "End Date": null, "Project Status": null, "Output / Activity No.\n(per ProDoc results framework)": "4.3.1", "Full Activity Name": "Enhancing local capacities for conflict prevention and peacebuilding.", "Activity Description": "Capacitation of MSLD committees, formation of Insider Mediator taskforces, development of local peace strategies, implementing youth and women focused quick impact social initiatives", "Type of Activity": "Peacebuilding & social cohesion", "Mother Project?": null, "Mother Project Name": null, "Geographic Level": "Cadastre (CAD+ACS)", "Coordinates (Lat)": "33.574872", "Coordinates (Long)": "35.413392", "Governorate": "South", "District": "Saida", "Cadaster": "Bqosta", "Municipality Name": "Bqosta", "Union of Municipalities (UoM)": "UOM Saida El Zahrani", "UNDP Focal Point": "R. Jabbour", "National Counterpart\n(Institutional Title)": null, "Counterpart Type": null, "CPD Output No.": null, "Strategic Plan 2026-2029\nActivity / Output No.": null, "Gender Marker": "GEN2", "Remarks / Notes": null }, "geometry": { "type": "Point", "coordinates": [ 35.413392, 33.574872 ] } },
{ "type": "Feature", "properties": { "REF": 265, "Project ID (Quantum)": "1003464", "Project Name": "Mitigating the impact of conflict escalation in Lebanon through conflict prevention, security service provision, and peacebuilding ", "Programme": "SPPU", "Start Date": "01/02/2025", "End Date": null, "Project Status": null, "Output / Activity No.\n(per ProDoc results framework)": "4.3.1", "Full Activity Name": "Enhancing local capacities for conflict prevention and peacebuilding.", "Activity Description": "Capacitation of MSLD committees, formation of Insider Mediator taskforces, development of local peace strategies, implementing youth and women focused quick impact social initiatives", "Type of Activity": "Peacebuilding & social cohesion", "Mother Project?": null, "Mother Project Name": null, "Geographic Level": "Cadastre (CAD+ACS)", "Coordinates (Lat)": "33.270146", "Coordinates (Long)": "35.199186", "Governorate": "South", "District": "Sour", "Cadaster": "Sour", "Municipality Name": "Sour", "Union of Municipalities (UoM)": "UOM Caza Sour", "UNDP Focal Point": "R. Jabbour", "National Counterpart\n(Institutional Title)": null, "Counterpart Type": null, "CPD Output No.": null, "Strategic Plan 2026-2029\nActivity / Output No.": null, "Gender Marker": "GEN2", "Remarks / Notes": null }, "geometry": { "type": "Point", "coordinates": [ 35.199186, 33.270146 ] } },
{ "type": "Feature", "properties": { "REF": 266, "Project ID (Quantum)": "1003464", "Project Name": "Mitigating the impact of conflict escalation in Lebanon through conflict prevention, security service provision, and peacebuilding ", "Programme": "SPPU", "Start Date": "01/02/2025", "End Date": null, "Project Status": null, "Output / Activity No.\n(per ProDoc results framework)": "4.3.1", "Full Activity Name": "Enhancing local capacities for conflict prevention and peacebuilding.", "Activity Description": "Capacitation of MSLD committees, formation of Insider Mediator taskforces, development of local peace strategies, implementing youth and women focused quick impact social initiatives", "Type of Activity": "Peacebuilding & social cohesion", "Mother Project?": null, "Mother Project Name": null, "Geographic Level": "Cadastre (CAD+ACS)", "Coordinates (Lat)": "34.295088", "Coordinates (Long)": "36.409396", "Governorate": "BaalbekElHermel", "District": "Baalbek", "Cadaster": "Ras Baalbek Es-Sahel", "Municipality Name": "Ras Baalbek", "Union of Municipalities (UoM)": "No Union", "UNDP Focal Point": "R. Jabbour", "National Counterpart\n(Institutional Title)": null, "Counterpart Type": null, "CPD Output No.": null, "Strategic Plan 2026-2029\nActivity / Output No.": null, "Gender Marker": "GEN2", "Remarks / Notes": null }, "geometry": { "type": "Point", "coordinates": [ 36.409396, 34.295088 ] } },
{ "type": "Feature", "properties": { "REF": 267, "Project ID (Quantum)": "1003464", "Project Name": "Mitigating the impact of conflict escalation in Lebanon through conflict prevention, security service provision, and peacebuilding ", "Programme": "SPPU", "Start Date": "01/02/2025", "End Date": null, "Project Status": null, "Output / Activity No.\n(per ProDoc results framework)": "4.3.1", "Full Activity Name": "Enhancing local capacities for conflict prevention and peacebuilding.", "Activity Description": "Capacitation of MSLD committees, formation of Insider Mediator taskforces, development of local peace strategies, implementing youth and women focused quick impact social initiatives", "Type of Activity": "Peacebuilding & social cohesion", "Mother Project?": null, "Mother Project Name": null, "Geographic Level": "Cadastre (CAD+ACS)", "Coordinates (Lat)": "34.333551", "Coordinates (Long)": "36.457841", "Governorate": "BaalbekElHermel", "District": "Baalbek", "Cadaster": "Qaa Baalbek", "Municipality Name": "El Qaa", "Union of Municipalities (UoM)": "No Union", "UNDP Focal Point": "R. Jabbour", "National Counterpart\n(Institutional Title)": null, "Counterpart Type": null, "CPD Output No.": null, "Strategic Plan 2026-2029\nActivity / Output No.": null, "Gender Marker": "GEN2", "Remarks / Notes": null }, "geometry": { "type": "Point", "coordinates": [ 36.457841, 34.333551 ] } },
{ "type": "Feature", "properties": { "REF": 268, "Project ID (Quantum)": "1003464", "Project Name": "Mitigating the impact of conflict escalation in Lebanon through conflict prevention, security service provision, and peacebuilding ", "Programme": "SPPU", "Start Date": "01/02/2025", "End Date": null, "Project Status": null, "Output / Activity No.\n(per ProDoc results framework)": "4.3.1", "Full Activity Name": "Enhancing local capacities for conflict prevention and peacebuilding.", "Activity Description": "Capacitation of MSLD committees, formation of Insider Mediator taskforces, development of local peace strategies, implementing youth and women focused quick impact social initiatives", "Type of Activity": "Peacebuilding & social cohesion", "Mother Project?": null, "Mother Project Name": null, "Geographic Level": "Cadastre (CAD+ACS)", "Coordinates (Lat)": "34.122913", "Coordinates (Long)": "36.120002", "Governorate": "BaalbekElHermel", "District": "Baalbek", "Cadaster": "Deir El-Ahmar", "Municipality Name": "Deir El Ahmar", "Union of Municipalities (UoM)": "UOM Mintaqat Deir El Ahmar", "UNDP Focal Point": "R. Jabbour", "National Counterpart\n(Institutional Title)": null, "Counterpart Type": null, "CPD Output No.": null, "Strategic Plan 2026-2029\nActivity / Output No.": null, "Gender Marker": "GEN2", "Remarks / Notes": null }, "geometry": { "type": "Point", "coordinates": [ 36.120002, 34.122913 ] } },
{ "type": "Feature", "properties": { "REF": 269, "Project ID (Quantum)": "1003464", "Project Name": "Mitigating the impact of conflict escalation in Lebanon through conflict prevention, security service provision, and peacebuilding ", "Programme": "SPPU", "Start Date": "01/02/2025", "End Date": null, "Project Status": null, "Output / Activity No.\n(per ProDoc results framework)": "4.3.1", "Full Activity Name": "Enhancing local capacities for conflict prevention and peacebuilding.", "Activity Description": "Capacitation of MSLD committees, formation of Insider Mediator taskforces, development of local peace strategies, implementing youth and women focused quick impact social initiatives", "Type of Activity": "Peacebuilding & social cohesion", "Mother Project?": null, "Mother Project Name": null, "Geographic Level": "Cadastre (CAD+ACS)", "Coordinates (Lat)": "33.776811", "Coordinates (Long)": "35.927649", "Governorate": "Bekaa", "District": "Zahle", "Cadaster": "Barr Elias", "Municipality Name": "Bar Elias", "Union of Municipalities (UoM)": "No Union", "UNDP Focal Point": "R. Jabbour", "National Counterpart\n(Institutional Title)": null, "Counterpart Type": null, "CPD Output No.": null, "Strategic Plan 2026-2029\nActivity / Output No.": null, "Gender Marker": "GEN2", "Remarks / Notes": null }, "geometry": { "type": "Point", "coordinates": [ 35.927649, 33.776811 ] } },
{ "type": "Feature", "properties": { "REF": 270, "Project ID (Quantum)": "1003464", "Project Name": "Mitigating the impact of conflict escalation in Lebanon through conflict prevention, security service provision, and peacebuilding ", "Programme": "SPPU", "Start Date": "01/02/2025", "End Date": null, "Project Status": null, "Output / Activity No.\n(per ProDoc results framework)": "4.3.1", "Full Activity Name": "Enhancing local capacities for conflict prevention and peacebuilding.", "Activity Description": "Capacitation of MSLD committees, formation of Insider Mediator taskforces, development of local peace strategies, implementing youth and women focused quick impact social initiatives", "Type of Activity": "Peacebuilding & social cohesion", "Mother Project?": null, "Mother Project Name": null, "Geographic Level": "Cadastre (CAD+ACS)", "Coordinates (Lat)": "33.710946", "Coordinates (Long)": "35.918334", "Governorate": "Bekaa", "District": "Zahle", "Cadaster": "Majdel Aanjar", "Municipality Name": "Majdel Anjar", "Union of Municipalities (UoM)": "No Union", "UNDP Focal Point": "R. Jabbour", "National Counterpart\n(Institutional Title)": null, "Counterpart Type": null, "CPD Output No.": null, "Strategic Plan 2026-2029\nActivity / Output No.": null, "Gender Marker": "GEN2", "Remarks / Notes": null }, "geometry": { "type": "Point", "coordinates": [ 35.918334, 33.710946 ] } },
{ "type": "Feature", "properties": { "REF": 271, "Project ID (Quantum)": "1003464", "Project Name": "Mitigating the impact of conflict escalation in Lebanon through conflict prevention, security service provision, and peacebuilding ", "Programme": "SPPU", "Start Date": "01/02/2025", "End Date": null, "Project Status": null, "Output / Activity No.\n(per ProDoc results framework)": "4.3.1", "Full Activity Name": "Enhancing local capacities for conflict prevention and peacebuilding.", "Activity Description": "Capacitation of MSLD committees, formation of Insider Mediator taskforces, development of local peace strategies, implementing youth and women focused quick impact social initiatives", "Type of Activity": "Peacebuilding & social cohesion", "Mother Project?": null, "Mother Project Name": null, "Geographic Level": "Cadastre (CAD+ACS)", "Coordinates (Lat)": "33.799791", "Coordinates (Long)": "35.788839", "Governorate": "Bekaa", "District": "Zahle", "Cadaster": "Qabb Elias", "Municipality Name": "Qabb Elias", "Union of Municipalities (UoM)": "UOM El Beqaa El Aousat", "UNDP Focal Point": "R. Jabbour", "National Counterpart\n(Institutional Title)": null, "Counterpart Type": null, "CPD Output No.": null, "Strategic Plan 2026-2029\nActivity / Output No.": null, "Gender Marker": "GEN2", "Remarks / Notes": null }, "geometry": { "type": "Point", "coordinates": [ 35.788839, 33.799791 ] } },
{ "type": "Feature", "properties": { "REF": 272, "Project ID (Quantum)": "1003464", "Project Name": "Mitigating the impact of conflict escalation in Lebanon through conflict prevention, security service provision, and peacebuilding ", "Programme": "SPPU", "Start Date": "01/02/2025", "End Date": null, "Project Status": null, "Output / Activity No.\n(per ProDoc results framework)": "4.3.1", "Full Activity Name": "Enhancing local capacities for conflict prevention and peacebuilding.", "Activity Description": "Capacitation of MSLD committees, formation of Insider Mediator taskforces, development of local peace strategies, implementing youth and women focused quick impact social initiatives", "Type of Activity": "Peacebuilding & social cohesion", "Mother Project?": null, "Mother Project Name": null, "Geographic Level": "Cadastre (CAD+ACS)", "Coordinates (Lat)": "33.800673", "Coordinates (Long)": "35.841575", "Governorate": "Bekaa", "District": "Zahle", "Cadaster": "Makse", "Municipality Name": "Meksi", "Union of Municipalities (UoM)": "UOM El Beqaa El Aousat", "UNDP Focal Point": "R. Jabbour", "National Counterpart\n(Institutional Title)": null, "Counterpart Type": null, "CPD Output No.": null, "Strategic Plan 2026-2029\nActivity / Output No.": null, "Gender Marker": "GEN2", "Remarks / Notes": null }, "geometry": { "type": "Point", "coordinates": [ 35.841575, 33.800673 ] } },
{ "type": "Feature", "properties": { "REF": 273, "Project ID (Quantum)": "1003464", "Project Name": "Mitigating the impact of conflict escalation in Lebanon through conflict prevention, security service provision, and peacebuilding ", "Programme": "SPPU", "Start Date": "01/02/2025", "End Date": null, "Project Status": null, "Output / Activity No.\n(per ProDoc results framework)": "4.3.1", "Full Activity Name": "Enhancing local capacities for conflict prevention and peacebuilding.", "Activity Description": "Capacitation of MSLD committees, formation of Insider Mediator taskforces, development of local peace strategies, implementing youth and women focused quick impact social initiatives", "Type of Activity": "Peacebuilding & social cohesion", "Mother Project?": null, "Mother Project Name": null, "Geographic Level": "Cadastre (CAD+ACS)", "Coordinates (Lat)": "33.810462", "Coordinates (Long)": "35.872006", "Governorate": "Bekaa", "District": "Zahle", "Cadaster": "Taalbaya", "Municipality Name": "Taalabaya", "Union of Municipalities (UoM)": "UOM Caza Zahleh", "UNDP Focal Point": "R. Jabbour", "National Counterpart\n(Institutional Title)": null, "Counterpart Type": null, "CPD Output No.": null, "Strategic Plan 2026-2029\nActivity / Output No.": null, "Gender Marker": "GEN2", "Remarks / Notes": null }, "geometry": { "type": "Point", "coordinates": [ 35.872006, 33.810462 ] } },
{ "type": "Feature", "properties": { "REF": 274, "Project ID (Quantum)": "1003464", "Project Name": "Mitigating the impact of conflict escalation in Lebanon through conflict prevention, security service provision, and peacebuilding ", "Programme": "SPPU", "Start Date": "01/02/2025", "End Date": null, "Project Status": null, "Output / Activity No.\n(per ProDoc results framework)": "4.3.1", "Full Activity Name": "Enhancing local capacities for conflict prevention and peacebuilding.", "Activity Description": "Capacitation of MSLD committees, formation of Insider Mediator taskforces, development of local peace strategies, implementing youth and women focused quick impact social initiatives", "Type of Activity": "Peacebuilding & social cohesion", "Mother Project?": null, "Mother Project Name": null, "Geographic Level": "Cadastre (CAD+ACS)", "Coordinates (Lat)": "33.678948", "Coordinates (Long)": "35.805566", "Governorate": "Bekaa", "District": "WestBekaa", "Cadaster": "Mansoura BG", "Municipality Name": "Mansoura", "Union of Municipalities (UoM)": "UOM El Sahel", "UNDP Focal Point": "R. Jabbour", "National Counterpart\n(Institutional Title)": null, "Counterpart Type": null, "CPD Output No.": null, "Strategic Plan 2026-2029\nActivity / Output No.": null, "Gender Marker": "GEN2", "Remarks / Notes": null }, "geometry": { "type": "Point", "coordinates": [ 35.805566, 33.678948 ] } },
{ "type": "Feature", "properties": { "REF": 275, "Project ID (Quantum)": "1003464", "Project Name": "Mitigating the impact of conflict escalation in Lebanon through conflict prevention, security service provision, and peacebuilding ", "Programme": "SPPU", "Start Date": "01/02/2025", "End Date": null, "Project Status": null, "Output / Activity No.\n(per ProDoc results framework)": "4.3.1", "Full Activity Name": "Enhancing local capacities for conflict prevention and peacebuilding.", "Activity Description": "Capacitation of MSLD committees, formation of Insider Mediator taskforces, development of local peace strategies, implementing youth and women focused quick impact social initiatives", "Type of Activity": "Peacebuilding & social cohesion", "Mother Project?": null, "Mother Project Name": null, "Geographic Level": "Cadastre (CAD+ACS)", "Coordinates (Lat)": "33.884003", "Coordinates (Long)": "35.859557", "Governorate": "Bekaa", "District": "Zahle", "Cadaster": "Hazerta", "Municipality Name": "Hazerta", "Union of Municipalities (UoM)": "UOM Caza Zahleh", "UNDP Focal Point": "R. Jabbour", "National Counterpart\n(Institutional Title)": null, "Counterpart Type": null, "CPD Output No.": null, "Strategic Plan 2026-2029\nActivity / Output No.": null, "Gender Marker": "GEN2", "Remarks / Notes": null }, "geometry": { "type": "Point", "coordinates": [ 35.859557, 33.884003 ] } },
{ "type": "Feature", "properties": { "REF": 276, "Project ID (Quantum)": "1003464", "Project Name": "Mitigating the impact of conflict escalation in Lebanon through conflict prevention, security service provision, and peacebuilding ", "Programme": "SPPU", "Start Date": "01/02/2025", "End Date": null, "Project Status": null, "Output / Activity No.\n(per ProDoc results framework)": "4.3.1", "Full Activity Name": "Enhancing local capacities for conflict prevention and peacebuilding.", "Activity Description": "Capacitation of MSLD committees, formation of Insider Mediator taskforces, development of local peace strategies, implementing youth and women focused quick impact social initiatives", "Type of Activity": "Peacebuilding & social cohesion", "Mother Project?": null, "Mother Project Name": null, "Geographic Level": "Cadastre (CAD+ACS)", "Coordinates (Lat)": "33.810966", "Coordinates (Long)": "35.889896", "Governorate": "Bekaa", "District": "Zahle", "Cadaster": "Saadnayel", "Municipality Name": "Saadnayel", "Union of Municipalities (UoM)": "UOM Caza Zahleh", "UNDP Focal Point": "R. Jabbour", "National Counterpart\n(Institutional Title)": null, "Counterpart Type": null, "CPD Output No.": null, "Strategic Plan 2026-2029\nActivity / Output No.": null, "Gender Marker": "GEN2", "Remarks / Notes": null }, "geometry": { "type": "Point", "coordinates": [ 35.889896, 33.810966 ] } },
{ "type": "Feature", "properties": { "REF": 277, "Project ID (Quantum)": " ", "Project Name": "CRSP", "Programme": "Crisis Prevention and Crisis Recovery (CPCR)", "Start Date": " ", "End Date": " ", "Project Status": " ", "Output / Activity No.\n(per ProDoc results framework)": " ", "Full Activity Name": "Low Value Grant to Cooperatives", "Activity Description": "Low Value Grant to Cooperatives", "Type of Activity": "TBD", "Mother Project?": "Yes", "Mother Project Name": "CRSP", "Geographic Level": " ", "Coordinates (Lat)": "#N/A", "Coordinates (Long)": "#N/A", "Governorate": " ", "District": " ", "Cadaster": " ", "Municipality Name": "0", "Union of Municipalities (UoM)": "#N/A", "UNDP Focal Point": " ", "National Counterpart\n(Institutional Title)": " ", "Counterpart Type": " ", "CPD Output No.": " ", "Strategic Plan 2026-2029\nActivity / Output No.": " ", "Gender Marker": " ", "Remarks / Notes": "Donor: France | Quantum project mapping to be confirmed | Location as reported: Marjayoun, Nabatiyeh, South Lebanon / Hasbaya, BentJbeil, Jezzine, Tyre, Saida (multi-area – single governorate not applicable)" }, "geometry": null },
{ "type": "Feature", "properties": { "REF": 278, "Project ID (Quantum)": " ", "Project Name": "CRSP", "Programme": "Crisis Prevention and Crisis Recovery (CPCR)", "Start Date": " ", "End Date": " ", "Project Status": " ", "Output / Activity No.\n(per ProDoc results framework)": " ", "Full Activity Name": "Financial Literacy training and capacity building for Cooperatives", "Activity Description": "Financial Literacy training and capacity building for Cooperatives", "Type of Activity": "TBD", "Mother Project?": "Yes", "Mother Project Name": "CRSP", "Geographic Level": " ", "Coordinates (Lat)": "#N/A", "Coordinates (Long)": "#N/A", "Governorate": " ", "District": " ", "Cadaster": " ", "Municipality Name": "0", "Union of Municipalities (UoM)": "#N/A", "UNDP Focal Point": " ", "National Counterpart\n(Institutional Title)": " ", "Counterpart Type": " ", "CPD Output No.": " ", "Strategic Plan 2026-2029\nActivity / Output No.": " ", "Gender Marker": " ", "Remarks / Notes": "Donor: France | Quantum project mapping to be confirmed | Location as reported: Marjayoun, Nabatiyeh, South Lebanon / Hasbaya, BentJbeil, Jezzine, Tyre, Saida (multi-area – single governorate not applicable)" }, "geometry": null },
{ "type": "Feature", "properties": { "REF": 279, "Project ID (Quantum)": " ", "Project Name": "CRSP", "Programme": "Crisis Prevention and Crisis Recovery (CPCR)", "Start Date": " ", "End Date": " ", "Project Status": " ", "Output / Activity No.\n(per ProDoc results framework)": " ", "Full Activity Name": "E-commerce webiste for Cooperatives", "Activity Description": "E-commerce webiste for Cooperatives", "Type of Activity": "TBD", "Mother Project?": "Yes", "Mother Project Name": "CRSP", "Geographic Level": " ", "Coordinates (Lat)": "#N/A", "Coordinates (Long)": "#N/A", "Governorate": " ", "District": " ", "Cadaster": " ", "Municipality Name": "0", "Union of Municipalities (UoM)": "#N/A", "UNDP Focal Point": " ", "National Counterpart\n(Institutional Title)": " ", "Counterpart Type": " ", "CPD Output No.": " ", "Strategic Plan 2026-2029\nActivity / Output No.": " ", "Gender Marker": " ", "Remarks / Notes": "Donor: France | Quantum project mapping to be confirmed | Location as reported: Marjayoun, Nabatiyeh, South Lebanon / Hasbaya, BentJbeil, Jezzine, Tyre, Saida (multi-area – single governorate not applicable)" }, "geometry": null },
{ "type": "Feature", "properties": { "REF": 280, "Project ID (Quantum)": "133109", "Project Name": "Dealing with the Past", "Programme": "Crisis Prevention and Crisis Recovery (CPCR)", "Start Date": "01/07/2022", "End Date": "31/03/2027", "Project Status": "Ongoing", "Output / Activity No.\n(per ProDoc results framework)": " ", "Full Activity Name": " ", "Activity Description": " ", "Type of Activity": " ", "Mother Project?": " ", "Mother Project Name": " ", "Geographic Level": " ", "Coordinates (Lat)": " ", "Coordinates (Long)": " ", "Governorate": " ", "District": " ", "Cadaster": " ", "Municipality Name": " ", "Union of Municipalities (UoM)": " ", "UNDP Focal Point": "Ramy Jabbour", "National Counterpart\n(Institutional Title)": " ", "Counterpart Type": " ", "CPD Output No.": " ", "Strategic Plan 2026-2029\nActivity / Output No.": " ", "Gender Marker": " ", "Remarks / Notes": null }, "geometry": null },
{ "type": "Feature", "properties": { "REF": 281, "Project ID (Quantum)": "97147", "Project Name": "DRM Phase 3", "Programme": "Crisis Prevention and Crisis Recovery (CPCR)", "Start Date": "01/01/2016", "End Date": "31/12/2026", "Project Status": "Ongoing", "Output / Activity No.\n(per ProDoc results framework)": " ", "Full Activity Name": " ", "Activity Description": " ", "Type of Activity": " ", "Mother Project?": " ", "Mother Project Name": " ", "Geographic Level": " ", "Coordinates (Lat)": " ", "Coordinates (Long)": " ", "Governorate": " ", "District": " ", "Cadaster": " ", "Municipality Name": " ", "Union of Municipalities (UoM)": " ", "UNDP Focal Point": "Zahi Chahine", "National Counterpart\n(Institutional Title)": " ", "Counterpart Type": " ", "CPD Output No.": " ", "Strategic Plan 2026-2029\nActivity / Output No.": " ", "Gender Marker": " ", "Remarks / Notes": null }, "geometry": null },
{ "type": "Feature", "properties": { "REF": 282, "Project ID (Quantum)": "1001582", "Project Name": "Food Security in Lebanon", "Programme": "Crisis Prevention and Crisis Recovery (CPCR)", "Start Date": "22/11/2023", "End Date": "31/12/2026", "Project Status": "Ongoing", "Output / Activity No.\n(per ProDoc results framework)": " ", "Full Activity Name": "Improving Food Security in Lebanon Through Revival of the Seed Production Value Chain at LARI", "Activity Description": "Rehabilitation of LARI Center", "Type of Activity": "Food security", "Mother Project?": "Yes", "Mother Project Name": "Food Security", "Geographic Level": "District", "Coordinates (Lat)": "#N/A", "Coordinates (Long)": "#N/A", "Governorate": "Akkar", "District": "AkkarDistrict", "Cadaster": " ", "Municipality Name": "0", "Union of Municipalities (UoM)": "#N/A", "UNDP Focal Point": "Sarah Jeitani", "National Counterpart\n(Institutional Title)": "Municipality of Abdeh", "Counterpart Type": "Municipality", "CPD Output No.": " ", "Strategic Plan 2026-2029\nActivity / Output No.": " ", "Gender Marker": " ", "Remarks / Notes": "Donor: KfW | Implementation: 2025/2026 | Location as reported: North / Akkar | Locality as reported: Abdeh (cadaster not matched)\r" }, "geometry": null },
{ "type": "Feature", "properties": { "REF": 283, "Project ID (Quantum)": "1001582", "Project Name": "Food Security in Lebanon", "Programme": "Crisis Prevention and Crisis Recovery (CPCR)", "Start Date": "22/11/2023", "End Date": "31/12/2026", "Project Status": "Ongoing", "Output / Activity No.\n(per ProDoc results framework)": " ", "Full Activity Name": "Improving Food Security in Lebanon Through Revival of the Seed Production Value Chain at LARI", "Activity Description": "Rehabilitation of LARI Center", "Type of Activity": "Food security", "Mother Project?": "Yes", "Mother Project Name": "Food Security", "Geographic Level": "Cadastre (CAD+ACS)", "Coordinates (Lat)": "34.014235", "Coordinates (Long)": "36.058653", "Governorate": "BaalbekElHermel", "District": "Baalbek", "Cadaster": "Kfar Dane", "Municipality Name": "Kfar Dane", "Union of Municipalities (UoM)": "No Union", "UNDP Focal Point": "Sarah Jeitani", "National Counterpart\n(Institutional Title)": "Municipality of Kfardan", "Counterpart Type": "Municipality", "CPD Output No.": " ", "Strategic Plan 2026-2029\nActivity / Output No.": " ", "Gender Marker": " ", "Remarks / Notes": "Donor: KfW | Implementation: 2025/2026\r" }, "geometry": { "type": "Point", "coordinates": [ 36.058653, 34.014235 ] } },
{ "type": "Feature", "properties": { "REF": 284, "Project ID (Quantum)": "1001582", "Project Name": "Food Security in Lebanon", "Programme": "Crisis Prevention and Crisis Recovery (CPCR)", "Start Date": "22/11/2023", "End Date": "31/12/2026", "Project Status": "Ongoing", "Output / Activity No.\n(per ProDoc results framework)": " ", "Full Activity Name": "Improving Food Security in Lebanon Through Revival of the Seed Production Value Chain at LARI", "Activity Description": "Rehabilitation of LARI Center: Installation of solar PVs, installation of irrigation system, rehabilitation and construction of greenhouses\nProcurement of agricultural machineries and rehabilitation of machineries and equipement\nCertified wheat seed multiplication", "Type of Activity": "Food security", "Mother Project?": "Yes", "Mother Project Name": "Food Security", "Geographic Level": "District", "Coordinates (Lat)": "#N/A", "Coordinates (Long)": "#N/A", "Governorate": "Bekaa", "District": "Zahle", "Cadaster": " ", "Municipality Name": "0", "Union of Municipalities (UoM)": "#N/A", "UNDP Focal Point": "Sarah Jeitani", "National Counterpart\n(Institutional Title)": "Municipality of Tal Amara", "Counterpart Type": "Municipality", "CPD Output No.": " ", "Strategic Plan 2026-2029\nActivity / Output No.": " ", "Gender Marker": " ", "Remarks / Notes": "Donor: KfW | Implementation: 2025/2026 | Locality as reported: Tal Amara (cadaster not matched)\r" }, "geometry": null },
{ "type": "Feature", "properties": { "REF": 285, "Project ID (Quantum)": "1001582", "Project Name": "Food Security in Lebanon", "Programme": "Crisis Prevention and Crisis Recovery (CPCR)", "Start Date": "22/11/2023", "End Date": "31/12/2026", "Project Status": "Ongoing", "Output / Activity No.\n(per ProDoc results framework)": " ", "Full Activity Name": "Improving Food Security in Lebanon Through Revival of the Seed Production Value Chain at LARI", "Activity Description": "Rehabilitation of LARI Center: Installation of solar PVs, installation of irrigation system", "Type of Activity": "Food security", "Mother Project?": "Yes", "Mother Project Name": "Food Security", "Geographic Level": "Cadastre (CAD+ACS)", "Coordinates (Lat)": "33.810946", "Coordinates (Long)": "35.984593", "Governorate": "Bekaa", "District": "Zahle", "Cadaster": "Terbol Zahle", "Municipality Name": "Terbol", "Union of Municipalities (UoM)": "UOM Charq Zahleh", "UNDP Focal Point": "Sarah Jeitani", "National Counterpart\n(Institutional Title)": "Municipality of Terbol", "Counterpart Type": "Municipality", "CPD Output No.": " ", "Strategic Plan 2026-2029\nActivity / Output No.": " ", "Gender Marker": " ", "Remarks / Notes": "Donor: KfW | Implementation: 2025/2026\r" }, "geometry": { "type": "Point", "coordinates": [ 35.984593, 33.810946 ] } },
{ "type": "Feature", "properties": { "REF": 286, "Project ID (Quantum)": "1001582", "Project Name": "Food Security in Lebanon", "Programme": "Crisis Prevention and Crisis Recovery (CPCR)", "Start Date": "22/11/2023", "End Date": "31/12/2026", "Project Status": "Ongoing", "Output / Activity No.\n(per ProDoc results framework)": " ", "Full Activity Name": "Improving Food Security in Lebanon Through Revival of the Seed Production Value Chain at LARI", "Activity Description": "Multiplication and production of certified wheat seeds through 40 specialized wheat farmers (zahle and other areas), in addition to capacity building and in-kind support\nSupport to MSMEs and coops inolved in the wheat VC (in-kind and technical support)", "Type of Activity": "Food security", "Mother Project?": "Yes", "Mother Project Name": "Food Security", "Geographic Level": "Governorate", "Coordinates (Lat)": "#N/A", "Coordinates (Long)": "#N/A", "Governorate": "Bekaa", "District": " ", "Cadaster": " ", "Municipality Name": "0", "Union of Municipalities (UoM)": "#N/A", "UNDP Focal Point": "Sarah Jeitani", "National Counterpart\n(Institutional Title)": " ", "Counterpart Type": " ", "CPD Output No.": " ", "Strategic Plan 2026-2029\nActivity / Output No.": " ", "Gender Marker": " ", "Remarks / Notes": "Donor: KfW | Implementation: 2025/2026 | District as reported: Zahle and other | Coverage: Several (multi-cadastral – single cadaster not applicable)\r" }, "geometry": null },
{ "type": "Feature", "properties": { "REF": 287, "Project ID (Quantum)": "1001582", "Project Name": "Food Security in Lebanon", "Programme": "Crisis Prevention and Crisis Recovery (CPCR)", "Start Date": "22/11/2023", "End Date": "31/12/2026", "Project Status": "Ongoing", "Output / Activity No.\n(per ProDoc results framework)": " ", "Full Activity Name": "Improving Food Security in Lebanon Through Revival of the Seed Production Value Chain at LARI", "Activity Description": "Training to 100 small scale farmers of wheat seeds multiplication (250 national wide)", "Type of Activity": "Food security", "Mother Project?": "Yes", "Mother Project Name": "Food Security", "Geographic Level": "Governorate", "Coordinates (Lat)": "#N/A", "Coordinates (Long)": "#N/A", "Governorate": "Bekaa", "District": " ", "Cadaster": " ", "Municipality Name": "0", "Union of Municipalities (UoM)": "#N/A", "UNDP Focal Point": "Sarah Jeitani", "National Counterpart\n(Institutional Title)": " ", "Counterpart Type": " ", "CPD Output No.": " ", "Strategic Plan 2026-2029\nActivity / Output No.": " ", "Gender Marker": " ", "Remarks / Notes": "Donor: KfW | Implementation: 2025/2026 | District as reported: Zahle and other | Coverage: Several (multi-cadastral – single cadaster not applicable)\r" }, "geometry": null },
{ "type": "Feature", "properties": { "REF": 288, "Project ID (Quantum)": "1001582", "Project Name": "Food Security in Lebanon", "Programme": "Crisis Prevention and Crisis Recovery (CPCR)", "Start Date": "22/11/2023", "End Date": "31/12/2026", "Project Status": "Ongoing", "Output / Activity No.\n(per ProDoc results framework)": " ", "Full Activity Name": "Improving Food Security in Lebanon Through Revival of the Seed Production Value Chain at LARI", "Activity Description": "Rehabilitation of LARI Center", "Type of Activity": "Food security", "Mother Project?": "Yes", "Mother Project Name": "Food Security", "Geographic Level": "Cadastre (CAD+ACS)", "Coordinates (Lat)": "33.878644", "Coordinates (Long)": "35.573595", "Governorate": "MountLebanon", "District": "ElMeten", "Cadaster": "Fanar", "Municipality Name": "Fanar", "Union of Municipalities (UoM)": "UOM El Metn El Chemali El Sahili El Aousat", "UNDP Focal Point": "Sarah Jeitani", "National Counterpart\n(Institutional Title)": "Municipality of Fanar", "Counterpart Type": "Municipality", "CPD Output No.": " ", "Strategic Plan 2026-2029\nActivity / Output No.": " ", "Gender Marker": " ", "Remarks / Notes": "Donor: KfW | Implementation: 2025/2026 | District as reported: Mount Lebanon\r" }, "geometry": { "type": "Point", "coordinates": [ 35.573595, 33.878644 ] } },
{ "type": "Feature", "properties": { "REF": 289, "Project ID (Quantum)": "84708", "Project Name": "Lebanese Hosting Communities", "Programme": "Crisis Prevention and Crisis Recovery (CPCR)", "Start Date": "01/12/2012", "End Date": "31/12/2026", "Project Status": "Completed", "Output / Activity No.\n(per ProDoc results framework)": " ", "Full Activity Name": "Support the municipality to improve the provided basic services and ameliorate the roads safety and security conditions", "Activity Description": "The project includes several components as follows:\nMaintenance & Rehabilitation of the village’s roads and transportation infrastructure\nThe safety of the pedestrians will be considered by painting passes, maintaining the sidewalks and roundabouts, installing bus stops/waiting stations, Zebra Crossings, road bumps, Pedestrians signage...etc. in specific points, adding roundabouts, road signage and street numbering.\nProvision of basic services vehicles to the municipality (Backhoe loader and tipper truck)\nThis will allow the municipality to perform regular maintenance works and public works through the local workers, instead of renting vehicles for a higher cost and upon availability\n\nInstallation of LED street lighting \n\nThis component aims at reducing energy consumption and the high imposed fees by transforming all old public lighting to new LED technology, noting that for lower consumption the municipality can be able to link it to the generators in the village and to reduce the bill of the official bills.", "Type of Activity": "Municipal infrastructure", "Mother Project?": "Yes", "Mother Project Name": "LHSP", "Geographic Level": "Cadastre (CAD+ACS)", "Coordinates (Lat)": "34.415574", "Coordinates (Long)": "36.008447", "Governorate": "North", "District": "ElMiniehDennie", "Cadaster": "Bakhaaoun", "Municipality Name": "Bakhaoun", "Union of Municipalities (UoM)": "UOM El Donnieh", "UNDP Focal Point": "Nada Sweidan", "National Counterpart\n(Institutional Title)": "Municipality of Bakhoun", "Counterpart Type": "Municipality", "CPD Output No.": " ", "Strategic Plan 2026-2029\nActivity / Output No.": " ", "Gender Marker": " ", "Remarks / Notes": "Donor: KfW7 | Implementation: 2023/2024\r" }, "geometry": { "type": "Point", "coordinates": [ 36.008447, 34.415574 ] } },
{ "type": "Feature", "properties": { "REF": 290, "Project ID (Quantum)": "84708", "Project Name": "Lebanese Hosting Communities", "Programme": "Crisis Prevention and Crisis Recovery (CPCR)", "Start Date": "01/12/2012", "End Date": "31/12/2026", "Project Status": "Ongoing", "Output / Activity No.\n(per ProDoc results framework)": " ", "Full Activity Name": "Enhancing infrastructure and empowering socio-economic entities in the Shafat Union of Municipalities", "Activity Description": "The main expected outputs of this project are:\nüIncreased operational hours for MSMEs during nighttime, ensuring improved safety and security conditions for both traders and community members.\nüEnhancement in operations, access to market and the production cycle of at least 40 legal entities, representing key economic sub-sectors, to meet the needs of the local community and sustain employment opportunities within the area.", "Type of Activity": "Renewable energy & energy efficiency", "Mother Project?": "Yes", "Mother Project Name": "LHSP", "Geographic Level": "District", "Coordinates (Lat)": "#N/A", "Coordinates (Long)": "#N/A", "Governorate": "Akkar", "District": "AkkarDistrict", "Cadaster": " ", "Municipality Name": "0", "Union of Municipalities (UoM)": "#N/A", "UNDP Focal Point": "Nada Sweidan", "National Counterpart\n(Institutional Title)": "Cluster Shafat (Halba – Miniara – Edbel- Qantara - Karm Aasfour – Zwarib - Jdidet Al Joumeh - Sheikh Mohammad – Mashha – Haizouk - Al Nfisseh- Sheikh Tabaa)", "Counterpart Type": "Municipality", "CPD Output No.": " ", "Strategic Plan 2026-2029\nActivity / Output No.": " ", "Gender Marker": " ", "Remarks / Notes": "Donor: KfW7 | Implementation: 2023/2025 | Location as reported: North / Akkar | Coverage: Cluster Shafat (Halba – Miniara – Edbel- Qantara - Karm Aasfour – Zwarib - Jdidet Al Joumeh - Sheikh Mohammad – Mashha – Haizouk - Al Nfisseh- Sheikh Tabaa) (multi-cadastral – single cadaster not applicable)\r" }, "geometry": null },
{ "type": "Feature", "properties": { "REF": 291, "Project ID (Quantum)": "84708", "Project Name": "Lebanese Hosting Communities", "Programme": "Crisis Prevention and Crisis Recovery (CPCR)", "Start Date": "01/12/2012", "End Date": "31/12/2026", "Project Status": "Ongoing", "Output / Activity No.\n(per ProDoc results framework)": " ", "Full Activity Name": "Support to the Health Sector and Emergency Response in Minnieh Union of Municipalities", "Activity Description": "Municipality of the Union: Minnieh- Deir Aamar- Zouk Bhannine- Markabta- Nabi youshaa- borj Al Yahoudieh\nThe proposed project will target the municipal PHCC in Deir Aamar, managed by the municipality and easily accessible by the towns of the union, and the civil defense that is serving the union and surrounding areas. Any intervention will be fully coordinated with the relevant Ministries and official administrations and will be compliant with the national policies to ensure its good operation and sustainability.", "Type of Activity": "Municipal infrastructure", "Mother Project?": "Yes", "Mother Project Name": "LHSP", "Geographic Level": "District", "Coordinates (Lat)": "#N/A", "Coordinates (Long)": "#N/A", "Governorate": "North", "District": "ElMiniehDennie", "Cadaster": " ", "Municipality Name": "0", "Union of Municipalities (UoM)": "#N/A", "UNDP Focal Point": "Nada Sweidan", "National Counterpart\n(Institutional Title)": "Union of Municipalities of Minnieh", "Counterpart Type": "Municipality", "CPD Output No.": " ", "Strategic Plan 2026-2029\nActivity / Output No.": " ", "Gender Marker": " ", "Remarks / Notes": "Donor: KfW7 | Implementation: 2023/2025 | Coverage: Minnieh UoM (multi-cadastral – single cadaster not applicable)\r" }, "geometry": null },
{ "type": "Feature", "properties": { "REF": 292, "Project ID (Quantum)": "84708", "Project Name": "Lebanese Hosting Communities", "Programme": "Crisis Prevention and Crisis Recovery (CPCR)", "Start Date": "01/12/2012", "End Date": "31/12/2026", "Project Status": "Ongoing", "Output / Activity No.\n(per ProDoc results framework)": " ", "Full Activity Name": "(with PG) Enhancing Municipal Basic Services and Emergency Response for Local Communities in Mohammara", "Activity Description": "§ Provision of Jetting pump, Backhoe Loader\n§ Double Cabin truck, Ambulance\n§ Cleaning of Naher El Bared riverbed and rehabilitation works to three existing steel structure bridges crossing the river", "Type of Activity": "Municipal infrastructure", "Mother Project?": "Yes", "Mother Project Name": "LHSP", "Geographic Level": "Cadastre (CAD+ACS)", "Coordinates (Lat)": "34.507402", "Coordinates (Long)": "35.968922", "Governorate": "Akkar", "District": "AkkarDistrict", "Cadaster": "Mhammaret", "Municipality Name": "Bebnine - Abde and Mhamra", "Union of Municipalities (UoM)": "UOM Ouassat Oua Sahil El Qaytaa", "UNDP Focal Point": "Nada Sweidan", "National Counterpart\n(Institutional Title)": "Municipality of Mohammara", "Counterpart Type": "Municipality", "CPD Output No.": " ", "Strategic Plan 2026-2029\nActivity / Output No.": " ", "Gender Marker": " ", "Remarks / Notes": "Donor: KfW7 | Implementation: 2024/2025\r" }, "geometry": { "type": "Point", "coordinates": [ 35.968922, 34.507402 ] } },
{ "type": "Feature", "properties": { "REF": 293, "Project ID (Quantum)": "84708", "Project Name": "Lebanese Hosting Communities", "Programme": "Crisis Prevention and Crisis Recovery (CPCR)", "Start Date": "01/12/2012", "End Date": "31/12/2026", "Project Status": "Completed", "Output / Activity No.\n(per ProDoc results framework)": " ", "Full Activity Name": "Equip the Qalamoun fishermen cooperative with an ice making machine and electrical power regulator/Foam cages", "Activity Description": "Equip the Qalamoun fishermen cooperative with an ice making machine and electrical power regulator/Foam cages", "Type of Activity": "Livelihoods, agriculture & MSME support", "Mother Project?": "Yes", "Mother Project Name": "LHSP", "Geographic Level": "Cadastre (CAD+ACS)", "Coordinates (Lat)": "34.386218", "Coordinates (Long)": "35.786716", "Governorate": "North", "District": "Tripoli", "Cadaster": "Qalamoun", "Municipality Name": "Qalamoun", "Union of Municipalities (UoM)": "No Union", "UNDP Focal Point": "Nada Sweidan", "National Counterpart\n(Institutional Title)": "Municipality of Qalamoun", "Counterpart Type": "Municipality", "CPD Output No.": " ", "Strategic Plan 2026-2029\nActivity / Output No.": " ", "Gender Marker": " ", "Remarks / Notes": "Donor: KfW7 | Implementation: 2025\r" }, "geometry": { "type": "Point", "coordinates": [ 35.786716, 34.386218 ] } },
{ "type": "Feature", "properties": { "REF": 294, "Project ID (Quantum)": "84708", "Project Name": "Lebanese Hosting Communities", "Programme": "Crisis Prevention and Crisis Recovery (CPCR)", "Start Date": "01/12/2012", "End Date": "31/12/2026", "Project Status": "Ongoing", "Output / Activity No.\n(per ProDoc results framework)": " ", "Full Activity Name": "Support to the Agricultural sector in Zgharta-Zawyeh District", "Activity Description": "Objective 1: Promoting Agricultural development through the implementation of an innovative small-scale nursery.\nObjective 2:  Empowering at least 57  entities, encompassing farmers, SMEs, and cooperatives, by providing them with tailored assistance and opportunities for growth within the identified value chains.\nObjective 3: Build a strong network among the value chains’ actors.", "Type of Activity": "Livelihoods, agriculture & MSME support", "Mother Project?": "Yes", "Mother Project Name": "LHSP", "Geographic Level": "District", "Coordinates (Lat)": "#N/A", "Coordinates (Long)": "#N/A", "Governorate": "North", "District": "Zgharta", "Cadaster": " ", "Municipality Name": "0", "Union of Municipalities (UoM)": "#N/A", "UNDP Focal Point": "Nada Sweidan", "National Counterpart\n(Institutional Title)": "Union of Municipalities of Zgharta Al Zawyeh", "Counterpart Type": "Municipality", "CPD Output No.": " ", "Strategic Plan 2026-2029\nActivity / Output No.": " ", "Gender Marker": " ", "Remarks / Notes": "Donor: KfW7 | Implementation: 2023/2025 | Coverage: Zgharta Al Zawyeh UoM (multi-cadastral – single cadaster not applicable)\r" }, "geometry": null },
{ "type": "Feature", "properties": { "REF": 295, "Project ID (Quantum)": "84708", "Project Name": "Lebanese Hosting Communities", "Programme": "Crisis Prevention and Crisis Recovery (CPCR)", "Start Date": "01/12/2012", "End Date": "31/12/2026", "Project Status": "Ongoing", "Output / Activity No.\n(per ProDoc results framework)": " ", "Full Activity Name": "Rehabilitation of the Agricultural infrastructure in Aarqa", "Activity Description": "The proposed intervention consists of providing the municipality with:\n- Construction of reinforced concrete irrigation canal (total length 850m), which is currently a soil canal, to allow for better water supply to a bigger number of plots.\n- Rehabilitation of agricultural roads (total length 850m) to facilitate transportation for farmers and decrease maintenance cost of their vehicles.\n- Soil testing for around 100 farmers, equivalent to around 30 agricultural plots", "Type of Activity": "Livelihoods, agriculture & MSME support", "Mother Project?": "Yes", "Mother Project Name": "LHSP", "Geographic Level": "Cadastre (CAD+ACS)", "Coordinates (Lat)": "34.542277", "Coordinates (Long)": "36.041577", "Governorate": "Akkar", "District": "AkkarDistrict", "Cadaster": "Aarqa", "Municipality Name": "Aarqa", "Union of Municipalities (UoM)": "UOM Aarka Al Asari", "UNDP Focal Point": "Nada Sweidan", "National Counterpart\n(Institutional Title)": "Municipality of Aarqa", "Counterpart Type": "Municipality", "CPD Output No.": " ", "Strategic Plan 2026-2029\nActivity / Output No.": " ", "Gender Marker": " ", "Remarks / Notes": "Donor: KfW8 | Implementation: 2025\r" }, "geometry": { "type": "Point", "coordinates": [ 36.041577, 34.542277 ] } },
{ "type": "Feature", "properties": { "REF": 296, "Project ID (Quantum)": "84708", "Project Name": "Lebanese Hosting Communities", "Programme": "Crisis Prevention and Crisis Recovery (CPCR)", "Start Date": "01/12/2012", "End Date": "31/12/2026", "Project Status": "Ongoing", "Output / Activity No.\n(per ProDoc results framework)": " ", "Full Activity Name": "Support the basic services by improving the solid and water waste management and installing solar public lighting", "Activity Description": "The proposed intervention consists of providing the cluster with:\n- SWM vehicles and equipment, for supporting solid waste management in the cluster. This activity will encourage and support the cluster villages to link to the sorting point In Rachiine, ameliorate the SWM mechanism, and reduce to some extent the generated amount of solid waste.\n- Installation of public solar lighting covering 12 KM roads, the main highway linking the villages, and the main road and public square in villages.\n- Rehabilitation of Sewage line linking 6 villages of cluster. Works include repair of broken manholes, and some minor retaining structures of the channel area. The work will be strictly for repair of channel leaking areas. \nA survey is needed (specifically in inaccessible areas of network such as river and valley area) to find the precise areas that need repair and allocated an accurate budget for project. Based on survey and design, budget shall be revised and compensated from SWM vehicles in coordination with municipalities.", "Type of Activity": "Solid waste management", "Mother Project?": "Yes", "Mother Project Name": "LHSP", "Geographic Level": "District", "Coordinates (Lat)": "#N/A", "Coordinates (Long)": "#N/A", "Governorate": "North", "District": "Zgharta", "Cadaster": " ", "Municipality Name": "0", "Union of Municipalities (UoM)": "#N/A", "UNDP Focal Point": "Nada Sweidan", "National Counterpart\n(Institutional Title)": "Municipality of Rachiine, Ardeh/Haref Ardeh, Miriata, Aachach, and Kfardlaqos", "Counterpart Type": "Municipality", "CPD Output No.": " ", "Strategic Plan 2026-2029\nActivity / Output No.": " ", "Gender Marker": " ", "Remarks / Notes": "Donor: KfW8 | Implementation: 2025 | Coverage: Rachiine, Ardeh/Haref Ardeh, Miriata, Aachach, and Kfardlaqos (multi-cadastral – single cadaster not applicable)" }, "geometry": null },
{ "type": "Feature", "properties": { "REF": 297, "Project ID (Quantum)": "84708", "Project Name": "Lebanese Hosting Communities", "Programme": "Crisis Prevention and Crisis Recovery (CPCR)", "Start Date": "01/12/2012", "End Date": "31/12/2026", "Project Status": "Completed", "Output / Activity No.\n(per ProDoc results framework)": " ", "Full Activity Name": "Support to Productive Sector of Fishing Industry in El Mina and Greater Tripoli", "Activity Description": "Aims to directly benefit marginalized groups by creating job opportunities in the host communities within productive sectors", "Type of Activity": "Renewable energy & energy efficiency", "Mother Project?": "Yes", "Mother Project Name": "LHSP", "Geographic Level": "Cadastre (CAD+ACS)", "Coordinates (Lat)": "34.442582", "Coordinates (Long)": "35.819872", "Governorate": "North", "District": "Tripoli", "Cadaster": "Mina Jardin", "Municipality Name": "El Mina", "Union of Municipalities (UoM)": "UOM El Fayhaa", "UNDP Focal Point": "Nada Sweidan", "National Counterpart\n(Institutional Title)": "Municipality of Mina", "Counterpart Type": "Municipality", "CPD Output No.": " ", "Strategic Plan 2026-2029\nActivity / Output No.": " ", "Gender Marker": " ", "Remarks / Notes": "Donor: Norway 5 | Implementation: 2024/2025 | District as reported: North\r" }, "geometry": { "type": "Point", "coordinates": [ 35.819872, 34.442582 ] } },
{ "type": "Feature", "properties": { "REF": 298, "Project ID (Quantum)": "84708", "Project Name": "Lebanese Hosting Communities", "Programme": "Crisis Prevention and Crisis Recovery (CPCR)", "Start Date": "01/12/2012", "End Date": "31/12/2026", "Project Status": "Ongoing", "Output / Activity No.\n(per ProDoc results framework)": " ", "Full Activity Name": "Supporting Stability in Vulnerable Host Communities in Lebanon", "Activity Description": "Output 1: Provision of productive entities (MSMEs, cooperatives, farmers and start-ups) with comprehensive support packages aimed at maintaining and creating jobs and promoting long-term development. \n\nOutput 2: Strengthened youth income generation opportunities through Technical and Vocational Education and Training (TVET).", "Type of Activity": "Renewable energy & energy efficiency", "Mother Project?": "Yes", "Mother Project Name": "LHSP", "Geographic Level": "Cadastre (CAD+ACS)", "Coordinates (Lat)": "33.595439", "Coordinates (Long)": "35.922003", "Governorate": "Bekaa", "District": "Rachaya", "Cadaster": "Bakka", "Municipality Name": "Bakka", "Union of Municipalities (UoM)": "No Union", "UNDP Focal Point": "Nada Sweidan", "National Counterpart\n(Institutional Title)": "Municipality of Bekaa", "Counterpart Type": "Municipality", "CPD Output No.": " ", "Strategic Plan 2026-2029\nActivity / Output No.": " ", "Gender Marker": " ", "Remarks / Notes": "Donor: Norway | Implementation: 2025/2026 | District as reported: Bekaa (Zahle and Baalbeck)\r" }, "geometry": { "type": "Point", "coordinates": [ 35.922003, 33.595439 ] } },
{ "type": "Feature", "properties": { "REF": 299, "Project ID (Quantum)": "84708", "Project Name": "Lebanese Hosting Communities", "Programme": "Crisis Prevention and Crisis Recovery (CPCR)", "Start Date": "01/12/2012", "End Date": "31/12/2026", "Project Status": "Ongoing", "Output / Activity No.\n(per ProDoc results framework)": " ", "Full Activity Name": "Assistance to the 3 Civil Defense posts of Al-Sahl Union of Municipalities", "Activity Description": "This project aims at enabling the currently three (3) Civil Defense posts of the Union of Al-Sahl municipalities (Ghazze, Ammiq, Manara) to act quickly and efficiently in the performance of their daily duties. It entails the construction of a Civil Defense post in two of the three posts (construction of premises in Ghazze, installation of prefabricated units in Manara) and provision of lifesaving and firefighting equipment to all three (3) Civil Defense Posts of the Union of Al-Sahl municipalities, located in Ghazze, Manara and Ammiq.", "Type of Activity": "Municipal infrastructure", "Mother Project?": "Yes", "Mother Project Name": "LHSP", "Geographic Level": "District", "Coordinates (Lat)": "#N/A", "Coordinates (Long)": "#N/A", "Governorate": "Bekaa", "District": "WestBekaa", "Cadaster": " ", "Municipality Name": "0", "Union of Municipalities (UoM)": "#N/A", "UNDP Focal Point": "Nada Sweidan", "National Counterpart\n(Institutional Title)": "Union of Municipalities of Al-Sahl", "Counterpart Type": "Municipality", "CPD Output No.": " ", "Strategic Plan 2026-2029\nActivity / Output No.": " ", "Gender Marker": " ", "Remarks / Notes": "Donor: KfW7 | Implementation: 2023/2025 | Coverage: Al-Sahl UoM (multi-cadastral – single cadaster not applicable)\r" }, "geometry": null },
{ "type": "Feature", "properties": { "REF": 300, "Project ID (Quantum)": "84708", "Project Name": "Lebanese Hosting Communities", "Programme": "Crisis Prevention and Crisis Recovery (CPCR)", "Start Date": "01/12/2012", "End Date": "31/12/2026", "Project Status": "Completed", "Output / Activity No.\n(per ProDoc results framework)": " ", "Full Activity Name": "(with PG) Supporting the Union of Baalbek Municipalities through the provision of SWM equipment and Upgrading of Infrastructure in Three Vulnerable Neighborhoods", "Activity Description": "1) Provision of Solid Waste Management Equipment: 1,063,500 USD\n• Equipment budget: 892,000 USD\n• Metal Garbage bins 1,100 Liters: 127,500 USD\n• Plastic Garbage bins 240 Liters: 44,000 USD\nBudget breakdown per area:\nUnion of Municipalities (Total: 285,000 USD)\n• 1 Septic Truck with Water Jetting\n• 1 Mobile Water Truck 5,000 Liters\n• 1 Tipper Truck 5.5 tons with Lifter\n• 80 Metal Garbage bins 1,100 Liters \n• 2,000 Plastic Garbage bins 240 Liters  \nBaalbek (Total: 117,500 USD)\n• 1 Garbage Compactor Truck 8m3 (4 Ton)\n• 100 Metal Garbage bins 1,100 Liters\nYounin (Total: 105,000 USD)\n• 1 Garbage Compactor Truck 14m3 (8 Ton)\n• 40 Metal Garbage bins 1,100 Liters\nIaat (Total: 95,625 USD)\n• 1 Garbage Compactor Truck 14m3 (8 Ton)\n• 15 Metal Garbage bins 1,100 Liters\nHawch Tal-Safiyeh (Total: 85,625 USD)\n• 1 Garbage Compactor Truck 8m3 (4Ton)\n• 15 Metal Garbage bins 1,100 Liters\nMaqne (Total: 81,000 USD)\n• 1 Mobile Water Truck 10,000 Liters\nDouris (Total: 112,500 USD)\n• 1 Garbage Compactor Truck 14m3 (8Ton)\n• 60 Metal Garbage bins 1,100 Liters\nNahle (Total: 95,625 USD)\n• 1 Garbage Compactor Truck 14m3 (8Ton)\n• 15 Metal Garbage bins 1,100 Liters\nMajdaloun (Total: 85,625 USD)\n• 1 Garbage Compactor Truck 8m3 (4Ton)\n• 15 Metal Garbage bins 1,100 Liters\n2) Infrastructure Upgrading in Three Neighborhoods of Sayyar, Ouzaii, and Ajami: 200,000 USD\n• Maintenance of existing infrastructure amenities and networks (USD 35,000)\n• Construction of retaining wall to ensure slope stability along main roads (USD 30,000)\n• Installation of road signage and curbstones for sidewalks, and application of road reflective lining (USD 35,000)\n• Rehabilitation and paving of roads (USD 100,000)", "Type of Activity": "Solid waste management", "Mother Project?": "Yes", "Mother Project Name": "LHSP", "Geographic Level": "District", "Coordinates (Lat)": "#N/A", "Coordinates (Long)": "#N/A", "Governorate": "BaalbekElHermel", "District": "Baalbek", "Cadaster": " ", "Municipality Name": "0", "Union of Municipalities (UoM)": "#N/A", "UNDP Focal Point": "Nada Sweidan", "National Counterpart\n(Institutional Title)": "Union of Municipalities of Baalbeck", "Counterpart Type": "Municipality", "CPD Output No.": " ", "Strategic Plan 2026-2029\nActivity / Output No.": " ", "Gender Marker": " ", "Remarks / Notes": "Donor: KfW7 | Implementation: 2024/2025 | Coverage: Baalbeck UoM (multi-cadastral – single cadaster not applicable)\r" }, "geometry": null },
{ "type": "Feature", "properties": { "REF": 301, "Project ID (Quantum)": "84708", "Project Name": "Lebanese Hosting Communities", "Programme": "Crisis Prevention and Crisis Recovery (CPCR)", "Start Date": "01/12/2012", "End Date": "31/12/2026", "Project Status": "Ongoing", "Output / Activity No.\n(per ProDoc results framework)": " ", "Full Activity Name": "Support to the Agricultural sector in Hermel District", "Activity Description": "The  proposal aligns with the Union’s strategy to promote and support the agricultural sector, which aims at improving production efficiency, reducing post-harvest losses, and increasing farmers' income. As part of its strategy, the Union of Hermel is currently providing farmers, through its own funds, access to a nursery to produce olive tree seedlings, an olive oil press, and cold storage facility. \nObjective 1:  Supporting the agricultural sector through the provision of agricultural equipment and an Agro-Food Processing Unit (agricultural equipment and agro-processing unit)\nObjective 2:  Empowering at least 24 farmers, by providing them with financial support.", "Type of Activity": "Livelihoods, agriculture & MSME support", "Mother Project?": "Yes", "Mother Project Name": "LHSP", "Geographic Level": "District", "Coordinates (Lat)": "#N/A", "Coordinates (Long)": "#N/A", "Governorate": "BaalbekElHermel", "District": "ElHermel", "Cadaster": " ", "Municipality Name": "0", "Union of Municipalities (UoM)": "#N/A", "UNDP Focal Point": "Nada Sweidan", "National Counterpart\n(Institutional Title)": "Union of Municipalities of Hermel", "Counterpart Type": "Municipality", "CPD Output No.": " ", "Strategic Plan 2026-2029\nActivity / Output No.": " ", "Gender Marker": " ", "Remarks / Notes": "Donor: KfW7 | Implementation: 2023/2025 | Coverage: Hermel UoM (multi-cadastral – single cadaster not applicable)\r" }, "geometry": null },
{ "type": "Feature", "properties": { "REF": 302, "Project ID (Quantum)": "84708", "Project Name": "Lebanese Hosting Communities", "Programme": "Crisis Prevention and Crisis Recovery (CPCR)", "Start Date": "01/12/2012", "End Date": "31/12/2026", "Project Status": "Completed", "Output / Activity No.\n(per ProDoc results framework)": " ", "Full Activity Name": "Supporting Khodr community through the provision of SWM equipment", "Activity Description": "The project aims at empowering the Khodr municipality under output 1.2 (Access to quality basic and livelihoods services improved for vulnerable population and disadvantaged groups), by providing the following essential equipment:\n• 1 Garbage Compactor Truck (8 Ton)\n• 85 Metal Bins for Public Areas: These durable metal bins will be strategically distributed throughout the village near dense concentration of households, industrial points…, and covering main streets and designated collection points.\n• 850 Plastic Bins: The Municipality will deploy the plastic bins at the entrance or backyard of scattered households situated away from the large metallic bins’ locations, ensuring easy access for waste collection crews, and limiting the possibility of theft. To note that currently the municipality has old, rusty metallic bins with low capacity (200 liters) and limited number, resulting in waste being dispersed in the streets.", "Type of Activity": "Solid waste management", "Mother Project?": "Yes", "Mother Project Name": "LHSP", "Geographic Level": "Cadastre (CAD+ACS)", "Coordinates (Lat)": "33.90927", "Coordinates (Long)": "36.116079", "Governorate": "BaalbekElHermel", "District": "Baalbek", "Cadaster": "Khodr Baalbek", "Municipality Name": "Khodor", "Union of Municipalities (UoM)": "UOM Charqi Baalbek", "UNDP Focal Point": "Nada Sweidan", "National Counterpart\n(Institutional Title)": "Municipality of Khodr", "Counterpart Type": "Municipality", "CPD Output No.": " ", "Strategic Plan 2026-2029\nActivity / Output No.": " ", "Gender Marker": " ", "Remarks / Notes": "Donor: KfW7 | Implementation: 2024/2025\r" }, "geometry": { "type": "Point", "coordinates": [ 36.116079, 33.90927 ] } },
{ "type": "Feature", "properties": { "REF": 303, "Project ID (Quantum)": "84708", "Project Name": "Lebanese Hosting Communities", "Programme": "Crisis Prevention and Crisis Recovery (CPCR)", "Start Date": "01/12/2012", "End Date": "31/12/2026", "Project Status": "Completed", "Output / Activity No.\n(per ProDoc results framework)": " ", "Full Activity Name": "Supporting Maqneh community through the provision of a solar street lighting system and SWM equipment", "Activity Description": "150 solar street lighting units (incl. 20 spares) of 50 Watts each will be installed as part of the proposed project to meet all of the community's needs in Maqneh. According to estimates based on the existing halogen lamps, the old system's maintenance expenses and omission of electricity bills will result in annual savings of almost 24,000 USD.\nThe proposed intervention is aiming at supporting the municipality of Maqneh through the provision of a new 8-ton garbage compactor truck and 100 metal garbage bins to enable the municipality to perform the collection of solid waste adequately in the entire village, serving both Lebanese and Syrian communities. The requested garbage compactor truck is of a larger capacity than the existing vehicle, hence this vehicle would not only diminish the maintenance expenses, but it would also decrease the number of required trips to the sorting facility in Baalbek from 5 to 3 trips per week. Given that the new compactor will be fitted with a lifting device, the provision of 100 new metal garbage bins wil improves the garbage collection efficiency and saves the cost of replacing the old plastic bins that are being damaged or burned regularly.", "Type of Activity": "Solid waste management", "Mother Project?": "Yes", "Mother Project Name": "LHSP", "Geographic Level": "Cadastre (CAD+ACS)", "Coordinates (Lat)": "34.077631", "Coordinates (Long)": "36.200445", "Governorate": "BaalbekElHermel", "District": "Baalbek", "Cadaster": "Maqne", "Municipality Name": "Maqne", "Union of Municipalities (UoM)": "UOM Baalbek", "UNDP Focal Point": "Nada Sweidan", "National Counterpart\n(Institutional Title)": "Municipality of Maqneh", "Counterpart Type": "Municipality", "CPD Output No.": " ", "Strategic Plan 2026-2029\nActivity / Output No.": " ", "Gender Marker": " ", "Remarks / Notes": "Donor: KfW7 | Implementation: 2023/2025\r" }, "geometry": { "type": "Point", "coordinates": [ 36.200445, 34.077631 ] } },
{ "type": "Feature", "properties": { "REF": 304, "Project ID (Quantum)": "84708", "Project Name": "Lebanese Hosting Communities", "Programme": "Crisis Prevention and Crisis Recovery (CPCR)", "Start Date": "01/12/2012", "End Date": "31/12/2026", "Project Status": "Completed", "Output / Activity No.\n(per ProDoc results framework)": " ", "Full Activity Name": "Provision of a Solar PV system for Khodr municipal water well", "Activity Description": "Provision of a solar energy system for the main water well of Khodr, to provide clean and sufficient domestic water to the 1,050 permanently occupied households, as well as the displaced Syrian population residing in Khodr.", "Type of Activity": "Water & irrigation infrastructure", "Mother Project?": "Yes", "Mother Project Name": "LHSP", "Geographic Level": "Cadastre (CAD+ACS)", "Coordinates (Lat)": "33.90927", "Coordinates (Long)": "36.116079", "Governorate": "BaalbekElHermel", "District": "Baalbek", "Cadaster": "Khodr Baalbek", "Municipality Name": "Khodor", "Union of Municipalities (UoM)": "UOM Charqi Baalbek", "UNDP Focal Point": "Nada Sweidan", "National Counterpart\n(Institutional Title)": "Municipality of Khodr", "Counterpart Type": "Municipality", "CPD Output No.": " ", "Strategic Plan 2026-2029\nActivity / Output No.": " ", "Gender Marker": " ", "Remarks / Notes": "Donor: KfW7 | Implementation: 2023/2024\r" }, "geometry": { "type": "Point", "coordinates": [ 36.116079, 33.90927 ] } },
{ "type": "Feature", "properties": { "REF": 305, "Project ID (Quantum)": "84708", "Project Name": "Lebanese Hosting Communities", "Programme": "Crisis Prevention and Crisis Recovery (CPCR)", "Start Date": "01/12/2012", "End Date": "31/12/2026", "Project Status": "Under Preparation", "Output / Activity No.\n(per ProDoc results framework)": " ", "Full Activity Name": "Supporting the Union of Zahle Municipalities through Infrastructure Enhancement and provision of infrastructure equipment", "Activity Description": "The UNDP team conducted a comprehensive assessment in close collaboration with the Union of Zahle Municipalities to identify the needed infrastructure upgrades and provision of equipment that will boost its capacity to serve the community effectively). Based on the findings, the intervention aims to provide the Union and the municipalities with the following: \nInfrastructure Upgrade:\n• Rainwater channels\n• Streed led light\n• Traffic signs\nInfrastructure equipment:\n• 1 backhoe loaders with an extended Stick\n• 2 tipper trucks with lifters\n• 3 bucket trucks\n• 2 skid steer loaders\n\nThis intervention will have a significant impact in addressing the immediate challenges facing the Union of Zahle and its municipalities, particularly for infrastructure.", "Type of Activity": "Municipal infrastructure", "Mother Project?": "Yes", "Mother Project Name": "LHSP", "Geographic Level": "District", "Coordinates (Lat)": "#N/A", "Coordinates (Long)": "#N/A", "Governorate": "Bekaa", "District": "Zahle", "Cadaster": " ", "Municipality Name": "0", "Union of Municipalities (UoM)": "#N/A", "UNDP Focal Point": "Nada Sweidan", "National Counterpart\n(Institutional Title)": "Union of Municipalities of UoM Zahle", "Counterpart Type": "Municipality", "CPD Output No.": " ", "Strategic Plan 2026-2029\nActivity / Output No.": " ", "Gender Marker": " ", "Remarks / Notes": "Donor: KfW8 | Implementation: 2025 | Coverage: UoM Zahle (multi-cadastral – single cadaster not applicable)\r" }, "geometry": null },
{ "type": "Feature", "properties": { "REF": 306, "Project ID (Quantum)": "84708", "Project Name": "Lebanese Hosting Communities", "Programme": "Crisis Prevention and Crisis Recovery (CPCR)", "Start Date": "01/12/2012", "End Date": "31/12/2026", "Project Status": "Ongoing", "Output / Activity No.\n(per ProDoc results framework)": " ", "Full Activity Name": "Provision of Solid Waste & infrastructure management equipment in support of Soultan Yacoub Municipality", "Activity Description": "The UNDP team conducted a comprehensive assessment in close collaboration with the municipality of Soultan Yacoub to identify the needed equipment that will bolster its capacity to serve the community effectively. Based on the findings, the intervention aims to provide the municipality with the following 1) a garbage compactor truck, 2) a backhoe loader with an extended Stick 3) a skid steer loader with a sweeper, 4) a tipper truck and 5) a bucket truck. This intervention will have a significant impact in addressing the immediate challenges facing Soultan Yacoub, particularly for solid waste management, and infrastructure maintenance.\nThis intervention aims to fundamentally enhance the municipality's waste management practices through the acquisition of a new 8-ton garbage compactor truck. This strategic acquisition will address the limitations of the current aging 4-ton truck, which incurs significant maintenance costs and is no longer adequate to meet the community's waste disposal needs. It is important to note that the municipality adheres to the National SWM plan developed by the Ministry of Environment and currently transports waste to the Jeb Jannin sorting facility.", "Type of Activity": "Solid waste management", "Mother Project?": "Yes", "Mother Project Name": "LHSP", "Geographic Level": "District", "Coordinates (Lat)": "#N/A", "Coordinates (Long)": "#N/A", "Governorate": "Bekaa", "District": "WestBekaa", "Cadaster": " ", "Municipality Name": "0", "Union of Municipalities (UoM)": "#N/A", "UNDP Focal Point": "Nada Sweidan", "National Counterpart\n(Institutional Title)": "Municipality of Soultan Yacoub", "Counterpart Type": "Municipality", "CPD Output No.": " ", "Strategic Plan 2026-2029\nActivity / Output No.": " ", "Gender Marker": " ", "Remarks / Notes": "Donor: KfW8 | Implementation: 2025 | Locality as reported: Soultan Yacoub (cadaster not matched)\r" }, "geometry": null },
{ "type": "Feature", "properties": { "REF": 307, "Project ID (Quantum)": "84708", "Project Name": "Lebanese Hosting Communities", "Programme": "Crisis Prevention and Crisis Recovery (CPCR)", "Start Date": "01/12/2012", "End Date": "31/12/2026", "Project Status": "Ongoing", "Output / Activity No.\n(per ProDoc results framework)": " ", "Full Activity Name": "Promoting Sustainable Rural Tourism in Arkoub El Haref UoM of Municipalities", "Activity Description": "Objective 1: Enhance the rural tourism infrastructure. \nObjective 2: Stimulate local economic development through rural tourism and hospitality-related entities.", "Type of Activity": "Livelihoods, agriculture & MSME support", "Mother Project?": "Yes", "Mother Project Name": "LHSP", "Geographic Level": "District", "Coordinates (Lat)": "#N/A", "Coordinates (Long)": "#N/A", "Governorate": "MountLebanon", "District": "Chouf", "Cadaster": " ", "Municipality Name": "0", "Union of Municipalities (UoM)": "#N/A", "UNDP Focal Point": "Nada Sweidan", "National Counterpart\n(Institutional Title)": "Municipality of 11", "Counterpart Type": "Municipality", "CPD Output No.": " ", "Strategic Plan 2026-2029\nActivity / Output No.": " ", "Gender Marker": " ", "Remarks / Notes": "Donor: KfW7 | Implementation: 2023/2025 | Coverage: 11 (multi-cadastral – single cadaster not applicable)\r" }, "geometry": null },
{ "type": "Feature", "properties": { "REF": 308, "Project ID (Quantum)": "84708", "Project Name": "Lebanese Hosting Communities", "Programme": "Crisis Prevention and Crisis Recovery (CPCR)", "Start Date": "01/12/2012", "End Date": "31/12/2026", "Project Status": "Ongoing", "Output / Activity No.\n(per ProDoc results framework)": " ", "Full Activity Name": "Supporting Primary Healthcare Services at Chiyah Municipal Primary Healthcare Center (PHCC) and Provision of a Mobile Clinic", "Activity Description": "The project includes:\n Rehabilitation and expansion of the existing PHCC facility to accommodate the growing demand for healthcare services. This will involve refurbishing the elderly social area and adding four additional clinics, as well as providing necessary furniture and stationery.\nProcurement of essential medical equipment and supplies to enhance the diagnostic and treatment capabilities of the PHCC, ensuring accurate and efficient healthcare delivery.\nInstallation of additional PV panels to improve energy efficiency and reduce the center's reliance on costly energy sources.\nProvision of a mobile clinic to reach vulnerable populations, particularly elderlies and people with disabilities in Chiyah and neighboring areas such as Hadath, Kfarchima, and Furn Chebbak. This will improve access to healthcare services for approximately 40% of the population in these areas.\nEstablishment of a child-friendly waiting area for children at the PHCC that will provide a playful and safe environment for children during their waiting time.\nConstruction of an archive room and two medical waste rooms on the nearby parking lot, that has a covered passage into the PHCC.", "Type of Activity": "Municipal infrastructure", "Mother Project?": "Yes", "Mother Project Name": "LHSP", "Geographic Level": "Cadastre (CAD+ACS)", "Coordinates (Lat)": "33.851448", "Coordinates (Long)": "35.489752", "Governorate": "MountLebanon", "District": "Baabda", "Cadaster": "Chiyah", "Municipality Name": "Chiayah and Ghobeire", "Union of Municipalities (UoM)": "UOM El Dahia El Janoubiya", "UNDP Focal Point": "Nada Sweidan", "National Counterpart\n(Institutional Title)": "Municipality of Chiyah", "Counterpart Type": "Municipality", "CPD Output No.": " ", "Strategic Plan 2026-2029\nActivity / Output No.": " ", "Gender Marker": " ", "Remarks / Notes": "Donor: KfW7 | Implementation: 2023/2025\r" }, "geometry": { "type": "Point", "coordinates": [ 35.489752, 33.851448 ] } },
{ "type": "Feature", "properties": { "REF": 309, "Project ID (Quantum)": "84708", "Project Name": "Lebanese Hosting Communities", "Programme": "Crisis Prevention and Crisis Recovery (CPCR)", "Start Date": "01/12/2012", "End Date": "31/12/2026", "Project Status": "Ongoing", "Output / Activity No.\n(per ProDoc results framework)": " ", "Full Activity Name": "Provision of Basic Services vehicles and Road Safety Management -Jadra", "Activity Description": "To address these challenges, the proposed project aims to enhance community road safety through the following interventions:\nInstallation of traffic islands, road signals, cat eyes, solar flashlights, and safety signs.\nRoad marking and labeling to improve visibility and guide road users.\nInstallation of light reflector nails and speed limit signs to deter speeding and enhance road safety.\nImplementation of awareness-raising campaigns and training targeting the municipal police, the Stability, and Local Development (SLD) committee, women, and youth.\nBasic services – Proposed intervention: The needed trucks include a septic truck, a backhoe loader, and a bucket truck: Septic Truck, Backhoe Loader, Water truck", "Type of Activity": "Municipal infrastructure", "Mother Project?": "Yes", "Mother Project Name": "LHSP", "Geographic Level": "Cadastre (CAD+ACS)", "Coordinates (Lat)": "33.634159", "Coordinates (Long)": "35.408415", "Governorate": "MountLebanon", "District": "Chouf", "Cadaster": "Jadra", "Municipality Name": "Jadra", "Union of Municipalities (UoM)": "UOM Iqlim El Kharroub El Chamali", "UNDP Focal Point": "Nada Sweidan", "National Counterpart\n(Institutional Title)": "Municipality of Jadra", "Counterpart Type": "Municipality", "CPD Output No.": " ", "Strategic Plan 2026-2029\nActivity / Output No.": " ", "Gender Marker": " ", "Remarks / Notes": "Donor: KfW7 | Implementation: 2023/2025 | District corrected per cadastral gazetteer (reported: Baabda)\r" }, "geometry": { "type": "Point", "coordinates": [ 35.408415, 33.634159 ] } },
{ "type": "Feature", "properties": { "REF": 310, "Project ID (Quantum)": "84708", "Project Name": "Lebanese Hosting Communities", "Programme": "Crisis Prevention and Crisis Recovery (CPCR)", "Start Date": "01/12/2012", "End Date": "31/12/2026", "Project Status": "Ongoing", "Output / Activity No.\n(per ProDoc results framework)": " ", "Full Activity Name": "Fostering Economic Growth and Diversification in Coastal and Northern Matn Cluster of Municipalities", "Activity Description": "The intervention prioritized supporting startups and MSMEs in specific areas such as Bourj Hammoud, Sinn El-Fil, Dekouaneh, and Baouchrieh- Jdeidet El-Matn El Matn with a tailored livelihood program. The intervention involves raising and accelerating social enterprises that not only offer solutions to community problems but also build robust businesses by introducing new products and services. The initiative will be implemented in collaboration with key stakeholders, including the relevant Unions of Municipalities (UoMs), to ensure viability and sustainability.", "Type of Activity": "Livelihoods, agriculture & MSME support", "Mother Project?": "Yes", "Mother Project Name": "LHSP", "Geographic Level": "District", "Coordinates (Lat)": "#N/A", "Coordinates (Long)": "#N/A", "Governorate": "MountLebanon", "District": "ElMeten", "Cadaster": " ", "Municipality Name": "0", "Union of Municipalities (UoM)": "#N/A", "UNDP Focal Point": "Nada Sweidan", "National Counterpart\n(Institutional Title)": "Northern Metn Cluster of Municipalities (Bourj Hammoud, Sinn El-Fil, Dekouaneh, and Baouchrieh-Jdeidet El-Matn municipalities)", "Counterpart Type": "Municipality", "CPD Output No.": " ", "Strategic Plan 2026-2029\nActivity / Output No.": " ", "Gender Marker": " ", "Remarks / Notes": "Donor: KfW7 | Implementation: 2024/2025 | Coverage: Northern Metn Cluster of Municipalities (Bourj Hammoud, Sinn El-Fil, Dekouaneh, and Baouchrieh-Jdeidet El-Matn municipalities) (multi-cadastral – single cadaster not applicable)" }, "geometry": null },
{ "type": "Feature", "properties": { "REF": 311, "Project ID (Quantum)": "84708", "Project Name": "Lebanese Hosting Communities", "Programme": "Crisis Prevention and Crisis Recovery (CPCR)", "Start Date": "01/12/2012", "End Date": "31/12/2026", "Project Status": "Ongoing", "Output / Activity No.\n(per ProDoc results framework)": " ", "Full Activity Name": "​​Provision of Renewable Energy Solution for Water Supply​", "Activity Description": "To enhance Baassir’s water supply infrastructure by installing a solar PV system and essential rehabilitation works, ensuring reliable and sustainable access to water for the community.\nPlanned Activities:\nRehabilitation works for the station’s building (waterproofing, painting…)\nMaintenance of the booster pump, above-ground pipes, and valves due to the presence of rust and water leakage \nInstallation of a chlorination system\nMaintenance of the existing electrical system due to improper connections\nProvision of a water supply line to the solar farm for cleaning purposes\nInstallation of a solar PV system", "Type of Activity": "Water & irrigation infrastructure", "Mother Project?": "Yes", "Mother Project Name": "LHSP", "Geographic Level": "Cadastre (CAD+ACS)", "Coordinates (Lat)": "33.662449", "Coordinates (Long)": "35.445361", "Governorate": "MountLebanon", "District": "Chouf", "Cadaster": "Baassir", "Municipality Name": "Baasir", "Union of Municipalities (UoM)": "UOM Iqlim El Kharroub El Chamali", "UNDP Focal Point": "Nada Sweidan", "National Counterpart\n(Institutional Title)": "Municipality of Baasir", "Counterpart Type": "Municipality", "CPD Output No.": " ", "Strategic Plan 2026-2029\nActivity / Output No.": " ", "Gender Marker": " ", "Remarks / Notes": "Donor: KfW8 | Implementation: 2025\r" }, "geometry": { "type": "Point", "coordinates": [ 35.445361, 33.662449 ] } },
{ "type": "Feature", "properties": { "REF": 312, "Project ID (Quantum)": "84708", "Project Name": "Lebanese Hosting Communities", "Programme": "Crisis Prevention and Crisis Recovery (CPCR)", "Start Date": "01/12/2012", "End Date": "31/12/2026", "Project Status": "Ongoing", "Output / Activity No.\n(per ProDoc results framework)": " ", "Full Activity Name": "Construction of Rainwater Drainage Network in Jiyeh", "Activity Description": "The primary objective of this project is to construct rainwater drainage networks at Barja-Jiyeh intersection   to prevent flooding and infrastructure damage during the rainy season.\nPlanned Activities:\n1-Installation of rainwater interceptors and gratings in the targeted area. This would include excavation, steel and concrete works.\n2-Construction of an underground rainwater channel (1.5x1.5 meters dimensions - 600m long) running under the coastal road from the targeted area to the nearest natural stream. This would include excavation, concrete works, pipes installation, backfill, and asphalting works", "Type of Activity": "Water & irrigation infrastructure", "Mother Project?": "Yes", "Mother Project Name": "LHSP", "Geographic Level": "Cadastre (CAD+ACS)", "Coordinates (Lat)": "33.666257", "Coordinates (Long)": "35.421245", "Governorate": "MountLebanon", "District": "Chouf", "Cadaster": "Jiye", "Municipality Name": "Jiye", "Union of Municipalities (UoM)": "UOM Iqlim El Kharroub El Chamali", "UNDP Focal Point": "Nada Sweidan", "National Counterpart\n(Institutional Title)": "Municipality of Jiyeh", "Counterpart Type": "Municipality", "CPD Output No.": " ", "Strategic Plan 2026-2029\nActivity / Output No.": " ", "Gender Marker": " ", "Remarks / Notes": "Donor: KfW8 | Implementation: 2025\r" }, "geometry": { "type": "Point", "coordinates": [ 35.421245, 33.666257 ] } },
{ "type": "Feature", "properties": { "REF": 313, "Project ID (Quantum)": "84708", "Project Name": "Lebanese Hosting Communities", "Programme": "Crisis Prevention and Crisis Recovery (CPCR)", "Start Date": "01/12/2012", "End Date": "31/12/2026", "Project Status": "Under Preparation", "Output / Activity No.\n(per ProDoc results framework)": " ", "Full Activity Name": "Supporting Sustainable Livelihoods through revitalizing Ouzai Fishery Port and Strengthening Fishermen’s Capacities", "Activity Description": "Tto revitalize Ouzai Port as a functioning, well-managed fishing hub that sustains traditional fisheries-based livelihoods, enhances incomes, and strengthens the resilience of coastal households in the BSS area.\nExpected Outcomes:\n1- Improved port infrastructure and services that support safe, efficient, and sustainable fishing.\n2- Enhanced skills of fishermen, women, and youth in sustainable fishing practices, post-harvest handling, cooperative management, and market engagement.\n3- Reduced post-harvest losses and improved product quality through better cold-chain facilities and hygiene standards.\n4-Enhanced Safety and improved waste management at the port\n5-Fostered inclusive participation by engaging youth and women in value-added activities and cooperative governance.", "Type of Activity": "Renewable energy & energy efficiency", "Mother Project?": "Yes", "Mother Project Name": "LHSP", "Geographic Level": "District", "Coordinates (Lat)": "#N/A", "Coordinates (Long)": "#N/A", "Governorate": "Beirut", "District": "BeirutDistrict", "Cadaster": " ", "Municipality Name": "0", "Union of Municipalities (UoM)": "#N/A", "UNDP Focal Point": "Nada Sweidan", "National Counterpart\n(Institutional Title)": "Municipality of Beirut Southern Suburbs", "Counterpart Type": "Municipality", "CPD Output No.": " ", "Strategic Plan 2026-2029\nActivity / Output No.": " ", "Gender Marker": " ", "Remarks / Notes": "Donor: KfW8 | Implementation: 2025/2026 | Locality as reported: Beirut Southern Suburbs (cadaster not matched)\r" }, "geometry": null },
{ "type": "Feature", "properties": { "REF": 314, "Project ID (Quantum)": "84708", "Project Name": "Lebanese Hosting Communities", "Programme": "Crisis Prevention and Crisis Recovery (CPCR)", "Start Date": "01/12/2012", "End Date": "31/12/2026", "Project Status": "Completed", "Output / Activity No.\n(per ProDoc results framework)": " ", "Full Activity Name": "Establishment of an Integrated Agricultural Services Complex in El Sweijany", "Activity Description": "The project aims at supporting the agriculture productive sector through the construction of a comprehensive facility to support to the value chain of the farmers and agriculture sector in the Chouf area existing farmers with a total area of 900sqm.", "Type of Activity": "Livelihoods, agriculture & MSME support", "Mother Project?": "Yes", "Mother Project Name": "LHSP", "Geographic Level": "District", "Coordinates (Lat)": "#N/A", "Coordinates (Long)": "#N/A", "Governorate": "MountLebanon", "District": "Chouf", "Cadaster": " ", "Municipality Name": "0", "Union of Municipalities (UoM)": "#N/A", "UNDP Focal Point": "Nada Sweidan", "National Counterpart\n(Institutional Title)": "Union of Municipalities of Chouf El Sweijany UoM Municipalities (Aathrine, Ain Ouzain, Ainbal, Baaqline, Gharifeh, Jdaideh (Chouf), Kahlouniyeh, Mazraat Ech Chouf, Semqaniyeh)", "Counterpart Type": "Municipality", "CPD Output No.": " ", "Strategic Plan 2026-2029\nActivity / Output No.": " ", "Gender Marker": " ", "Remarks / Notes": "Donor: KfW6 | Implementation: 2021/2025 | Coverage: Chouf El Sweijany UoM Municipalities (Aathrine, Ain Ouzain, Ainbal, Baaqline, Gharifeh, Jdaideh (Chouf), Kahlouniyeh, Mazraat Ech Chouf, Semqaniyeh) (multi-cadastral – single cadaster not applicable)" }, "geometry": null },
{ "type": "Feature", "properties": { "REF": 315, "Project ID (Quantum)": "84708", "Project Name": "Lebanese Hosting Communities", "Programme": "Crisis Prevention and Crisis Recovery (CPCR)", "Start Date": "01/12/2012", "End Date": "31/12/2026", "Project Status": "Ongoing", "Output / Activity No.\n(per ProDoc results framework)": " ", "Full Activity Name": "Support to water sector through the instalation of RE to Saf El Hawa water station", "Activity Description": "Saf el Hawa pumping station in Bint Jbeil is owned and operated  by the South Lebanese Water Establishment (SLWE) and serves 1,650 residential units in the twon. The station consists of a Ground Water Tank of capacity 2000 m3, 5 small transfer pumps connected to the water tank used to pump the water from the ground water tank 2000 m3 to another ground water tank of capacity 500 m3 adjacent to Saf el Hawa station.  Installing the RE system to Saf El Hawa water station will ensure a sustainable and reliable water supply for at least 1,200 residential units within Bint Jbeil community.", "Type of Activity": "Municipal infrastructure", "Mother Project?": "Yes", "Mother Project Name": "LHSP", "Geographic Level": "Cadastre (CAD+ACS)", "Coordinates (Lat)": "33.119034", "Coordinates (Long)": "35.430033", "Governorate": "ElNabatieh", "District": "BentJbeil", "Cadaster": "Bent Jbayl", "Municipality Name": "Bent Jubail", "Union of Municipalities (UoM)": "UOM Bent Jbeil", "UNDP Focal Point": "Nada Sweidan", "National Counterpart\n(Institutional Title)": "Municipality of Bint Jbeil", "Counterpart Type": "Municipality", "CPD Output No.": " ", "Strategic Plan 2026-2029\nActivity / Output No.": " ", "Gender Marker": " ", "Remarks / Notes": "Donor: Denmark1 | Implementation: 2024/2025\r" }, "geometry": { "type": "Point", "coordinates": [ 35.430033, 33.119034 ] } },
{ "type": "Feature", "properties": { "REF": 316, "Project ID (Quantum)": "84708", "Project Name": "Lebanese Hosting Communities", "Programme": "Crisis Prevention and Crisis Recovery (CPCR)", "Start Date": "01/12/2012", "End Date": "31/12/2026", "Project Status": "Ongoing", "Output / Activity No.\n(per ProDoc results framework)": " ", "Full Activity Name": "Supporting the agriculture cooperatives in Bint Jbeil village and GhanBatt AO", "Activity Description": "This priority intervention aims to support agricultural cooperatives in Bint Jbeil through the provision of essential equipment and machinery for agro-food production and processing. The agricultural sector in the area has been severely impacted by the recent conflict,which resulted in the destruction of critical farming tools, processing equipment, and storage units. Consequently, both cooperatives and individual farmers are experiencing serious challenges in maintaining their agricultural operations.\nBeyond the physical destruction of assets, farmers have suffered substantial losses over the past two years due to the inability to cultivate or harvest their crops, resulting in the loss of multiple agricultural seasons. These compounded disruptions have jeopardized livelihoods, weakened food security, and eroded the economic resilience of farming communities. In response, the proposed project consists of supporting the livelihoods of farmers and re-strengthening the active agriculture cooperatives in Bint Jbeil through the provisions of equipment and tools. This project will enhance local value chains, improve productivity as well as contributing to community stabilization", "Type of Activity": "Livelihoods, agriculture & MSME support", "Mother Project?": "Yes", "Mother Project Name": "LHSP", "Geographic Level": "Cadastre (CAD+ACS)", "Coordinates (Lat)": "33.119034", "Coordinates (Long)": "35.430033", "Governorate": "ElNabatieh", "District": "BentJbeil", "Cadaster": "Bent Jbayl", "Municipality Name": "Bent Jubail", "Union of Municipalities (UoM)": "UOM Bent Jbeil", "UNDP Focal Point": "Nada Sweidan", "National Counterpart\n(Institutional Title)": "Municipality of Bint Jbeil", "Counterpart Type": "Municipality", "CPD Output No.": " ", "Strategic Plan 2026-2029\nActivity / Output No.": " ", "Gender Marker": " ", "Remarks / Notes": "Donor: Denmark1 | Implementation: 2024/2025\r" }, "geometry": { "type": "Point", "coordinates": [ 35.430033, 33.119034 ] } },
{ "type": "Feature", "properties": { "REF": 317, "Project ID (Quantum)": "84708", "Project Name": "Lebanese Hosting Communities", "Programme": "Crisis Prevention and Crisis Recovery (CPCR)", "Start Date": "01/12/2012", "End Date": "31/12/2026", "Project Status": "Ongoing", "Output / Activity No.\n(per ProDoc results framework)": " ", "Full Activity Name": "Supporting the water sector and water sources in the villages through the provision of Diesel Generator and the provision of big Tractor with water tanker", "Activity Description": "Currently the municipality is leasing a  genrator to maintain the operation of the water wells and ensure water supply water across the entire village.  Given this context,  the validation of priorities confirmed the urgent need to support the municipality in securing sustainable water supply through the provision of two Diesel Generators and the provision of big Tractor 50 - 60 HP with water tanker to supply extra quantity of water to farmers and HHs. This support would enable both the municipality and SLWE to ensure uninterrupted water access to the most vulnerable ones.", "Type of Activity": "Municipal infrastructure", "Mother Project?": "Yes", "Mother Project Name": "LHSP", "Geographic Level": "Cadastre (CAD+ACS)", "Coordinates (Lat)": "33.134115", "Coordinates (Long)": "35.334245", "Governorate": "ElNabatieh", "District": "BentJbeil", "Cadaster": "Beit Lif", "Municipality Name": "Beit Lif", "Union of Municipalities (UoM)": "No Union", "UNDP Focal Point": "Nada Sweidan", "National Counterpart\n(Institutional Title)": "Municipality of Beit Leif", "Counterpart Type": "Municipality", "CPD Output No.": " ", "Strategic Plan 2026-2029\nActivity / Output No.": " ", "Gender Marker": " ", "Remarks / Notes": "Donor: Denmark1 | Implementation: 2024/2025\r" }, "geometry": { "type": "Point", "coordinates": [ 35.334245, 33.134115 ] } },
{ "type": "Feature", "properties": { "REF": 318, "Project ID (Quantum)": "84708", "Project Name": "Lebanese Hosting Communities", "Programme": "Crisis Prevention and Crisis Recovery (CPCR)", "Start Date": "01/12/2012", "End Date": "31/12/2026", "Project Status": "Ongoing", "Output / Activity No.\n(per ProDoc results framework)": " ", "Full Activity Name": "Supporting Farmers through the establishment of an agriculture center and the provision of agriculture equipment.", "Activity Description": "The absence of such a facility forces local farmers to travel to other villages ( nearest is in El Tirri) to access essential agricultural services particularly post-harvest services such as but not limited to sorting and packaging, which is resulting in high operational costs, as farmers must cover the transportation and processing fees. These challenges have significantly increased the financial burden on farmers, most of whom are already struggling due to prolonged disruptions caused by the recent conflict.\nthe FGDs with community representatives and the municipality of Majdal Sellim have confirmed the urgent need to establish a local agricultural services center that would offer key services locally at reduced, cost-based prices to better support farmers in the area. This project will alleviate the financial strain on farmers and increase their ability to sustsin agricltural activities in their village.", "Type of Activity": "Livelihoods, agriculture & MSME support", "Mother Project?": "Yes", "Mother Project Name": "LHSP", "Geographic Level": "Cadastre (CAD+ACS)", "Coordinates (Lat)": "33.217832", "Coordinates (Long)": "35.464527", "Governorate": "ElNabatieh", "District": "Marjaayoun", "Cadaster": "Majdel Selm", "Municipality Name": "Majdel Silim", "Union of Municipalities (UoM)": "UOM Jabal Aamel", "UNDP Focal Point": "Nada Sweidan", "National Counterpart\n(Institutional Title)": "Municipality of Majdal Sellim", "Counterpart Type": "Municipality", "CPD Output No.": " ", "Strategic Plan 2026-2029\nActivity / Output No.": " ", "Gender Marker": " ", "Remarks / Notes": "Donor: Denmark1 | Implementation: 2024/2025 | District corrected per cadastral gazetteer (reported: Bent Jbeil)\r" }, "geometry": { "type": "Point", "coordinates": [ 35.464527, 33.217832 ] } },
{ "type": "Feature", "properties": { "REF": 319, "Project ID (Quantum)": "84708", "Project Name": "Lebanese Hosting Communities", "Programme": "Crisis Prevention and Crisis Recovery (CPCR)", "Start Date": "01/12/2012", "End Date": "31/12/2026", "Project Status": "Completed", "Output / Activity No.\n(per ProDoc results framework)": " ", "Full Activity Name": "Provision of a jetting machine to clean the Septic tanks in Majdal Sellim", "Activity Description": "Majdal Sellim suffers from the complete absence of a public sewage network, leaving all residential units reliant on septic tanks for wastewater management. These tanks require regular emptying and maintenance to prevent public health risks, environmental contamination, and infrastructure degradation. The situation has been further exacerbated by the recent hostilities, which have increased the pressure on already fragile systems and highlighted the urgent need for improved sanitation services.\nCurrently, the municipality lacks the necessary equipment to provide adequate septic cleaning services, leading to delays, high service costs, and growing sanitation concerns. The provision of a septic truck with a jetting machine will significantly enhance the municipality’s capacity to ensure proper sanitation, reduce environmental and health hazards, and respond more effectively to post-conflict recovery needs.", "Type of Activity": "Municipal infrastructure", "Mother Project?": "Yes", "Mother Project Name": "LHSP", "Geographic Level": "Cadastre (CAD+ACS)", "Coordinates (Lat)": "33.217832", "Coordinates (Long)": "35.464527", "Governorate": "ElNabatieh", "District": "Marjaayoun", "Cadaster": "Majdel Selm", "Municipality Name": "Majdel Silim", "Union of Municipalities (UoM)": "UOM Jabal Aamel", "UNDP Focal Point": "Nada Sweidan", "National Counterpart\n(Institutional Title)": "Municipality of Majdal Sellim", "Counterpart Type": "Municipality", "CPD Output No.": " ", "Strategic Plan 2026-2029\nActivity / Output No.": " ", "Gender Marker": " ", "Remarks / Notes": "Donor: Denmark1 | Implementation: 2024/2025 | District corrected per cadastral gazetteer (reported: Bent Jbeil)\r" }, "geometry": { "type": "Point", "coordinates": [ 35.464527, 33.217832 ] } },
{ "type": "Feature", "properties": { "REF": 320, "Project ID (Quantum)": "84708", "Project Name": "Lebanese Hosting Communities", "Programme": "Crisis Prevention and Crisis Recovery (CPCR)", "Start Date": "01/12/2012", "End Date": "31/12/2026", "Project Status": "Ongoing", "Output / Activity No.\n(per ProDoc results framework)": " ", "Full Activity Name": "Supporting farmers and the agricultue cooperatives in Rmeish and the surrounding villages through the provisio of equipment", "Activity Description": "This priority intervention aims to support agricultural cooperatives in Bint Jbeil through the provision of essential equipment and machinery for agro-food production and processing. The agricultural sector in the area has been severely impacted by the recent conflict,which resulted in the destruction of critical farming tools, processing equipment, and storage units. Consequently, both cooperatives and individual farmers are experiencing serious challenges in maintaining their agricultural operations.\nBeyond the physical destruction of assets, farmers have suffered substantial losses over the past two years due to the inability to cultivate or harvest their crops, resulting in the loss of multiple agricultural seasons. These compounded disruptions have jeopardized livelihoods, weakened food security, and eroded the economic resilience of farming communities. In response, the proposed project consists of supporting the livelihoods of farmers and re-strengthening the active agriculture cooperatives in Bint Jbeil through the provisions of equipment and tools. This project will enhance local value chains, improve productivity as well as contributing to community stabilization", "Type of Activity": "Municipal infrastructure", "Mother Project?": "Yes", "Mother Project Name": "LHSP", "Geographic Level": "Cadastre (CAD+ACS)", "Coordinates (Lat)": "33.078475", "Coordinates (Long)": "35.368399", "Governorate": "ElNabatieh", "District": "BentJbeil", "Cadaster": "Rmaich", "Municipality Name": "Rmaich", "Union of Municipalities (UoM)": "No Union", "UNDP Focal Point": "Nada Sweidan", "National Counterpart\n(Institutional Title)": "Municipality of Rmeich", "Counterpart Type": "Municipality", "CPD Output No.": " ", "Strategic Plan 2026-2029\nActivity / Output No.": " ", "Gender Marker": " ", "Remarks / Notes": "Donor: Denmark1 | Implementation: 2024/2025\r" }, "geometry": { "type": "Point", "coordinates": [ 35.368399, 33.078475 ] } },
{ "type": "Feature", "properties": { "REF": 321, "Project ID (Quantum)": "84708", "Project Name": "Lebanese Hosting Communities", "Programme": "Crisis Prevention and Crisis Recovery (CPCR)", "Start Date": "01/12/2012", "End Date": "31/12/2026", "Project Status": "Under Preparation", "Output / Activity No.\n(per ProDoc results framework)": " ", "Full Activity Name": "Supporting the Solid waste management sector in Rmeish through the provision of equipment", "Activity Description": "Due to the lack of infrastructure equipment at the municipal level, during the FGDs, the participants emphasized on the need to supporting the municipality’s efforts to enhance the sorting from source initiative. To that end, the proposed project aims to support this initiative through the provision of equipment and technical support to improve waste collection and sorting practices, as well as to raise public awareness on eco-friendly beh", "Type of Activity": "Municipal infrastructure", "Mother Project?": "Yes", "Mother Project Name": "LHSP", "Geographic Level": "Cadastre (CAD+ACS)", "Coordinates (Lat)": "33.078475", "Coordinates (Long)": "35.368399", "Governorate": "ElNabatieh", "District": "BentJbeil", "Cadaster": "Rmaich", "Municipality Name": "Rmaich", "Union of Municipalities (UoM)": "No Union", "UNDP Focal Point": "Nada Sweidan", "National Counterpart\n(Institutional Title)": "Municipality of Rmeich", "Counterpart Type": "Municipality", "CPD Output No.": " ", "Strategic Plan 2026-2029\nActivity / Output No.": " ", "Gender Marker": " ", "Remarks / Notes": "Donor: Denmark1 | Implementation: 2024/2025\r" }, "geometry": { "type": "Point", "coordinates": [ 35.368399, 33.078475 ] } },
{ "type": "Feature", "properties": { "REF": 322, "Project ID (Quantum)": "84708", "Project Name": "Lebanese Hosting Communities", "Programme": "Crisis Prevention and Crisis Recovery (CPCR)", "Start Date": "01/12/2012", "End Date": "31/12/2026", "Project Status": "Completed", "Output / Activity No.\n(per ProDoc results framework)": " ", "Full Activity Name": "Installation of renewable energy for the medical waste sorting facility in Abbasiyeh", "Activity Description": "The huge increase in fuel prices accompanied by the shortage of electricity is imposing huge operation costs on the facility. This additional support, which consists of installing renewable energy system to operate the equipment of the facility, will reduce the running cost on the facility and the municipality and thus ensure the sustainability of the project.", "Type of Activity": "Renewable energy & energy efficiency", "Mother Project?": "Yes", "Mother Project Name": "LHSP", "Geographic Level": "Cadastre (CAD+ACS)", "Coordinates (Lat)": "33.297713", "Coordinates (Long)": "35.271012", "Governorate": "South", "District": "Sour", "Cadaster": "Aabbassiyet Sour", "Municipality Name": "Aabbassiye and Sour", "Union of Municipalities (UoM)": "UOM Caza Sour", "UNDP Focal Point": "Nada Sweidan", "National Counterpart\n(Institutional Title)": "Municipality of Abbasieh", "Counterpart Type": "Municipality", "CPD Output No.": " ", "Strategic Plan 2026-2029\nActivity / Output No.": " ", "Gender Marker": " ", "Remarks / Notes": "Donor: KfW5 | Implementation: 2023/2024\r" }, "geometry": { "type": "Point", "coordinates": [ 35.271012, 33.297713 ] } },
{ "type": "Feature", "properties": { "REF": 323, "Project ID (Quantum)": "84708", "Project Name": "Lebanese Hosting Communities", "Programme": "Crisis Prevention and Crisis Recovery (CPCR)", "Start Date": "01/12/2012", "End Date": "31/12/2026", "Project Status": "Completed", "Output / Activity No.\n(per ProDoc results framework)": " ", "Full Activity Name": "Installation of renewable energy to operate the irrigation system in addition to the provision of a shredding machine for compost production", "Activity Description": "To complement and sustain the greenhouses project in Abbasiye, this additional activity consists of installing renewable energy to operate the irrigation system while reducing the operational cost on the municipality.\nAdditionally, this additional component will include the provision of a shredding machine for compost production. Producing compost will reduce the running costs on farmers, secure a natural manure and thus improve the quality of production.", "Type of Activity": "Renewable energy & energy efficiency", "Mother Project?": "Yes", "Mother Project Name": "LHSP", "Geographic Level": "Cadastre (CAD+ACS)", "Coordinates (Lat)": "33.297713", "Coordinates (Long)": "35.271012", "Governorate": "South", "District": "Sour", "Cadaster": "Aabbassiyet Sour", "Municipality Name": "Aabbassiye and Sour", "Union of Municipalities (UoM)": "UOM Caza Sour", "UNDP Focal Point": "Nada Sweidan", "National Counterpart\n(Institutional Title)": "Municipality of Abbasieh", "Counterpart Type": "Municipality", "CPD Output No.": " ", "Strategic Plan 2026-2029\nActivity / Output No.": " ", "Gender Marker": " ", "Remarks / Notes": "Donor: KfW5 | Implementation: 2023/2024\r" }, "geometry": { "type": "Point", "coordinates": [ 35.271012, 33.297713 ] } },
{ "type": "Feature", "properties": { "REF": 324, "Project ID (Quantum)": "84708", "Project Name": "Lebanese Hosting Communities", "Programme": "Crisis Prevention and Crisis Recovery (CPCR)", "Start Date": "01/12/2012", "End Date": "31/12/2026", "Project Status": "Completed", "Output / Activity No.\n(per ProDoc results framework)": " ", "Full Activity Name": "Installation of renewable to operate the irrigation system, in addition to the provision of a shredding machine for compost production", "Activity Description": "To complement and sustain the greenhouses project in Abra, this additional activity consists of installing renewable energy to operate the irrigation system while reducing the operational cost on the municipality.   Additionally, this additional component will include the provision of a shredding machine for compost production. Producing compost will reduce the running costs on farmers, secure a naturel manure and thus improve the quality of production.", "Type of Activity": "Renewable energy & energy efficiency", "Mother Project?": "Yes", "Mother Project Name": "LHSP", "Geographic Level": "Cadastre (CAD+ACS)", "Coordinates (Lat)": "33.566716", "Coordinates (Long)": "35.405155", "Governorate": "South", "District": "Saida", "Cadaster": "AAbra Saida", "Municipality Name": "Aabra", "Union of Municipalities (UoM)": "UOM Saida El Zahrani", "UNDP Focal Point": "Nada Sweidan", "National Counterpart\n(Institutional Title)": "Municipality of Abra", "Counterpart Type": "Municipality", "CPD Output No.": " ", "Strategic Plan 2026-2029\nActivity / Output No.": " ", "Gender Marker": " ", "Remarks / Notes": "Donor: KfW5 | Implementation: 2023/2024\r" }, "geometry": { "type": "Point", "coordinates": [ 35.405155, 33.566716 ] } },
{ "type": "Feature", "properties": { "REF": 325, "Project ID (Quantum)": "84708", "Project Name": "Lebanese Hosting Communities", "Programme": "Crisis Prevention and Crisis Recovery (CPCR)", "Start Date": "01/12/2012", "End Date": "31/12/2026", "Project Status": "Completed", "Output / Activity No.\n(per ProDoc results framework)": " ", "Full Activity Name": "Supporting the sorting from source in Ein Ebel through the provision of sorting equipment and rehabilitating the sorting facility", "Activity Description": "The project will include the provision of 2 tipper trucks to collect organic and non-organic waste separately. The provision of tipper trucks will contribute to decreasing the cost of trucks’ regular maintenance, and consequently will contribute to using this annual maintenance budget in other municipal needed services, therefore allowing a rapid response to basic service needs as well as supporting the residents’ livelihoods. (renewable energy component - PV panels to power the facility)", "Type of Activity": "Solid waste management", "Mother Project?": "Yes", "Mother Project Name": "LHSP", "Geographic Level": "Cadastre (CAD+ACS)", "Coordinates (Lat)": "33.108683", "Coordinates (Long)": "35.399591", "Governorate": "ElNabatieh", "District": "BentJbeil", "Cadaster": "Aain Ibl", "Municipality Name": "Ain Ebel", "Union of Municipalities (UoM)": "No Union", "UNDP Focal Point": "Nada Sweidan", "National Counterpart\n(Institutional Title)": "Municipality of Ain Ebel", "Counterpart Type": "Municipality", "CPD Output No.": " ", "Strategic Plan 2026-2029\nActivity / Output No.": " ", "Gender Marker": " ", "Remarks / Notes": "Donor: KfW5 | Implementation: 2023/2024\r" }, "geometry": { "type": "Point", "coordinates": [ 35.399591, 33.108683 ] } },
{ "type": "Feature", "properties": { "REF": 326, "Project ID (Quantum)": "84708", "Project Name": "Lebanese Hosting Communities", "Programme": "Crisis Prevention and Crisis Recovery (CPCR)", "Start Date": "01/12/2012", "End Date": "31/12/2026", "Project Status": "Completed", "Output / Activity No.\n(per ProDoc results framework)": " ", "Full Activity Name": "Provision of Tractor - Oil spill and Waste clean-up operation and awareness campaign", "Activity Description": "The project will include the manual clean-up of oil spill waste pollution from the contaminated sandy beaches and rocky locations along the coast from Naqoura to the Beirut in a labour-intensive manner, without the use of heavy machinery.  The works will include the transportation of previously collected oil waste located in various municipalities along this stretch, in addition to the collection and transportation of waste collected during the clean-up operations to the Zahrani Oil Refinery for temporary storage", "Type of Activity": "Municipal infrastructure", "Mother Project?": "Yes", "Mother Project Name": "LHSP", "Geographic Level": "District", "Coordinates (Lat)": "#N/A", "Coordinates (Long)": "#N/A", "Governorate": "South", "District": "Sour", "Cadaster": " ", "Municipality Name": "0", "Union of Municipalities (UoM)": "#N/A", "UNDP Focal Point": "Nada Sweidan", "National Counterpart\n(Institutional Title)": "Cluster of Tyre (Naqoura, Mansouri, Tyre, Abbasiye, Bourghliye, Kharayeb, Adloun, Saksakiye, Sarafand, Adousiye, Saida)", "Counterpart Type": "Municipality", "CPD Output No.": " ", "Strategic Plan 2026-2029\nActivity / Output No.": " ", "Gender Marker": " ", "Remarks / Notes": "Donor: KfW5 | Implementation: 2023 | Coverage: Cluster of Tyre (Naqoura, Mansouri, Tyre, Abbasiye, Bourghliye, Kharayeb, Adloun, Saksakiye, Sarafand, Adousiye, Saida) (multi-cadastral – single cadaster not applicable)" }, "geometry": null },
{ "type": "Feature", "properties": { "REF": 327, "Project ID (Quantum)": "84708", "Project Name": "Lebanese Hosting Communities", "Programme": "Crisis Prevention and Crisis Recovery (CPCR)", "Start Date": "01/12/2012", "End Date": "31/12/2026", "Project Status": "Completed", "Output / Activity No.\n(per ProDoc results framework)": " ", "Full Activity Name": "Rehabilitation and Repair Work in Hikmat Al-Sabbagh Official Secondary School for Girls", "Activity Description": "The project involves a quick intervention to have some critical repair work for the fence, the laboratories ’lintels, and the external slabs to avoid the potential falling risk which poses a threat to the safety of the students.", "Type of Activity": "Municipal infrastructure", "Mother Project?": "Yes", "Mother Project Name": "LHSP", "Geographic Level": "Cadastre (CAD+ACS)", "Coordinates (Lat)": "33.576936", "Coordinates (Long)": "35.384905", "Governorate": "South", "District": "Saida", "Cadaster": "Saida El-Oustani", "Municipality Name": "Saida", "Union of Municipalities (UoM)": "UOM Saida El Zahrani", "UNDP Focal Point": "Nada Sweidan", "National Counterpart\n(Institutional Title)": "Municipality of Saida", "Counterpart Type": "Municipality", "CPD Output No.": " ", "Strategic Plan 2026-2029\nActivity / Output No.": " ", "Gender Marker": " ", "Remarks / Notes": "Donor: KfW5 | Implementation: 2023\r" }, "geometry": { "type": "Point", "coordinates": [ 35.384905, 33.576936 ] } },
{ "type": "Feature", "properties": { "REF": 328, "Project ID (Quantum)": "84708", "Project Name": "Lebanese Hosting Communities", "Programme": "Crisis Prevention and Crisis Recovery (CPCR)", "Start Date": "01/12/2012", "End Date": "31/12/2026", "Project Status": "Completed", "Output / Activity No.\n(per ProDoc results framework)": " ", "Full Activity Name": "Rehabilitation of agricultural roads in Arqoub Hasbani UoMs", "Activity Description": "The methodology of implementation for the rehabilitation of agricultural roads will be labor-intensive which will generate thousands of workman days where there will be a notable share of local labor and materials from the local community in Hasbaya.", "Type of Activity": "Livelihoods, agriculture & MSME support", "Mother Project?": "Yes", "Mother Project Name": "LHSP", "Geographic Level": "District", "Coordinates (Lat)": "#N/A", "Coordinates (Long)": "#N/A", "Governorate": "ElNabatieh", "District": "Hasbaya", "Cadaster": " ", "Municipality Name": "0", "Union of Municipalities (UoM)": "#N/A", "UNDP Focal Point": "Nada Sweidan", "National Counterpart\n(Institutional Title)": "Union of Municipalities of UoM Arqoub Hasbani", "Counterpart Type": "Municipality", "CPD Output No.": " ", "Strategic Plan 2026-2029\nActivity / Output No.": " ", "Gender Marker": " ", "Remarks / Notes": "Donor: KfW5 | Implementation: 2021 | Coverage: UoM Arqoub Hasbani (multi-cadastral – single cadaster not applicable)\r" }, "geometry": null },
{ "type": "Feature", "properties": { "REF": 329, "Project ID (Quantum)": "84708", "Project Name": "Lebanese Hosting Communities", "Programme": "Crisis Prevention and Crisis Recovery (CPCR)", "Start Date": "01/12/2012", "End Date": "31/12/2026", "Project Status": "Completed", "Output / Activity No.\n(per ProDoc results framework)": " ", "Full Activity Name": "Supporting IDPs and Hosting Communities through Cash for Work Activities", "Activity Description": "To address the ongoing emergency and critical situation, this intervention proposes primarily supporting Internally Displaced Persons (IDPs) from the border area, particularly those located within the Tyre region, through Cash for Work activities. This will be done in close coordination with key stakeholders in the area, including the Tyre Union of Municipalities (UoMs). The Cash for Work intervention will encompass cleaning, clearing, and agriculture activities (such as pruning and weeding) in public spaces accessible to residents and IDPs, such as public gardens, main streets, public beaches, and the Corniche. To enhance food security for IDPs and promote the inclusion of PWDs in the Cash-for-Work program, agricultural activities may include planting seedlings and seeds near chosen collective centers, along with the provision of breakfast or snacks cooked by PWDs at the Mosan Center for Special Needs.", "Type of Activity": "Livelihoods, agriculture & MSME support", "Mother Project?": "Yes", "Mother Project Name": "LHSP", "Geographic Level": "Cadastre (CAD+ACS)", "Coordinates (Lat)": "33.270146", "Coordinates (Long)": "35.199186", "Governorate": "South", "District": "Sour", "Cadaster": "Sour", "Municipality Name": "Sour", "Union of Municipalities (UoM)": "UOM Caza Sour", "UNDP Focal Point": "Nada Sweidan", "National Counterpart\n(Institutional Title)": "Municipality of Tyre", "Counterpart Type": "Municipality", "CPD Output No.": " ", "Strategic Plan 2026-2029\nActivity / Output No.": " ", "Gender Marker": " ", "Remarks / Notes": "Donor: KfW6 | Implementation: 2023/2024\r" }, "geometry": { "type": "Point", "coordinates": [ 35.199186, 33.270146 ] } },
{ "type": "Feature", "properties": { "REF": 330, "Project ID (Quantum)": "84708", "Project Name": "Lebanese Hosting Communities", "Programme": "Crisis Prevention and Crisis Recovery (CPCR)", "Start Date": "01/12/2012", "End Date": "31/12/2026", "Project Status": "Completed", "Output / Activity No.\n(per ProDoc results framework)": " ", "Full Activity Name": "Supporting the solar energy sector in Majdel Selm", "Activity Description": "The project will include the provision of renewable energy to the vital sectors in Majdal Silem: municipality building, elementary school building, the cave water well.", "Type of Activity": "Renewable energy & energy efficiency", "Mother Project?": "Yes", "Mother Project Name": "LHSP", "Geographic Level": "Cadastre (CAD+ACS)", "Coordinates (Lat)": "33.217832", "Coordinates (Long)": "35.464527", "Governorate": "ElNabatieh", "District": "Marjaayoun", "Cadaster": "Majdel Selm", "Municipality Name": "Majdel Silim", "Union of Municipalities (UoM)": "UOM Jabal Aamel", "UNDP Focal Point": "Nada Sweidan", "National Counterpart\n(Institutional Title)": "Municipality of Majdel Selm", "Counterpart Type": "Municipality", "CPD Output No.": " ", "Strategic Plan 2026-2029\nActivity / Output No.": " ", "Gender Marker": " ", "Remarks / Notes": "Donor: KfW6 | Implementation: 2022/2023\r" }, "geometry": { "type": "Point", "coordinates": [ 35.464527, 33.217832 ] } },
{ "type": "Feature", "properties": { "REF": 331, "Project ID (Quantum)": "84708", "Project Name": "Lebanese Hosting Communities", "Programme": "Crisis Prevention and Crisis Recovery (CPCR)", "Start Date": "01/12/2012", "End Date": "31/12/2026", "Project Status": "Ongoing", "Output / Activity No.\n(per ProDoc results framework)": " ", "Full Activity Name": "(with PG) Water management (Ras el Ein, El Bass water station) + PG Component Maachouk", "Activity Description": "Deir Qanoun Ras El Ein Water Station (USD 370,000)\n- Civil Works rehabilitation including water proofing for treatment plant and pump stations (USD 100,000).\n- Mechanical and Electrical works for treatment plant. (USD 160,000).\n- Re+place the existing pump Set for EL BUSS Station (For each pump including electromechanically works) (USD 30,000)\n- Rehabilitation of Existing Chlorination plant (USD 10,000)\n- Providing one new pump for each existing set of pumps. (EL MANSURI Line – HANAWAI Line and DEIR QANOUN Line) (USD 70,000)\n\nEl Buss (Tyre) Water Station (USD 20,000)\nMechanical and Electrical works including replacing mechanical and Electrical items: Vacuum pump, transfer pumps, electrical valves, flow meters, radiator for main diesel generator.\n\nMaachouk Upgrading (USD 150,000):\n- Rehabilitating existing underground infrastructure amenities and networks, (20,000 USD)\n- Repairing the existing water network, including water manifolds. (USD 3,000)\n- Replacing missing and damaged manhole covers and paving roads. (USD 15,000)\n- Rehabilitating and paving with stamped concrete and installing handrails. (USD 75,000)\n- Rearranging electricity cables and cable management. (USD 7,000)\n- Applying external paint to building facades. (USD 30,000)\n\nShabriha Water Supply Network and Elevated Water Tanks (USD 300,000):\n- Structural rehabilitation of elevated water tanks. (USD 35,000)\n- Valves room rehabilitation. (USD 15,000)\n- Installation of a new water supply network (USD 150,000)\n- Pavement works. (USD 100,000)", "Type of Activity": "Water & irrigation infrastructure", "Mother Project?": "Yes", "Mother Project Name": "LHSP", "Geographic Level": "District", "Coordinates (Lat)": "#N/A", "Coordinates (Long)": "#N/A", "Governorate": "South", "District": "Sour", "Cadaster": " ", "Municipality Name": "0", "Union of Municipalities (UoM)": "#N/A", "UNDP Focal Point": "Nada Sweidan", "National Counterpart\n(Institutional Title)": "Cluster of Tyre", "Counterpart Type": "Municipality", "CPD Output No.": " ", "Strategic Plan 2026-2029\nActivity / Output No.": " ", "Gender Marker": " ", "Remarks / Notes": "Donor: KfW7 | Implementation: 2024/2025 | Coverage: Cluster of Tyre (multi-cadastral – single cadaster not applicable)\r" }, "geometry": null },
{ "type": "Feature", "properties": { "REF": 332, "Project ID (Quantum)": "84708", "Project Name": "Lebanese Hosting Communities", "Programme": "Crisis Prevention and Crisis Recovery (CPCR)", "Start Date": "01/12/2012", "End Date": "31/12/2026", "Project Status": "Ongoing", "Output / Activity No.\n(per ProDoc results framework)": " ", "Full Activity Name": "(With PG) Supporting Kharayeb municipality through the provision of firefighting equipment + (Palestinian Gatherings) Improving Infrastructure in Wasta and Ebb in Kharayeb", "Activity Description": "The intervention can be considered multi-sectoral given that the civil defense unit provides health services and emergency services related to the environmental sector. Support for the civil defense unit of Kharayeb is envisaged as per the below:\nFirefighter truck capacity up to 20,000L: can be used as mobile water tank with big capacity to support fire trucks by water whenever responding to fire incidents. It can also be used for fire incidents directly.\nFire truck capacity up to 4,000L\nFirst respondent uniforms and kits (to respond to fire incidents, water rescue, natural hazards…): the uniforms and kits includes: tunic vests, flash hoods, safety boots, floatation coats, swift water rescue vest, water line rescue rope, rescue throwline water bags, boots Wet shoes, rescue gloves, fire resistant gloves, inflatable rescue boat, etc...\nEquipment and tools for emergency response\nPrefab room to safely store oxygen cylinder and to be equipped with safety sensors against fire, leakage, weather conditions…", "Type of Activity": "Municipal infrastructure", "Mother Project?": "Yes", "Mother Project Name": "LHSP", "Geographic Level": "Cadastre (CAD+ACS)", "Coordinates (Lat)": "33.352063", "Coordinates (Long)": "35.292346", "Governorate": "South", "District": "Saida", "Cadaster": "Khayayeb Saida", "Municipality Name": "Kharayeb Saida", "Union of Municipalities (UoM)": "UOM Sahil El Zahrani", "UNDP Focal Point": "Nada Sweidan", "National Counterpart\n(Institutional Title)": "Municipality of Kharayeb", "Counterpart Type": "Municipality", "CPD Output No.": " ", "Strategic Plan 2026-2029\nActivity / Output No.": " ", "Gender Marker": " ", "Remarks / Notes": "Donor: KfW7 | Implementation: 2024/2025\r" }, "geometry": { "type": "Point", "coordinates": [ 35.292346, 33.352063 ] } },
{ "type": "Feature", "properties": { "REF": 333, "Project ID (Quantum)": "84708", "Project Name": "Lebanese Hosting Communities", "Programme": "Crisis Prevention and Crisis Recovery (CPCR)", "Start Date": "01/12/2012", "End Date": "31/12/2026", "Project Status": "Completed", "Output / Activity No.\n(per ProDoc results framework)": " ", "Full Activity Name": "Provision of Solar Street lighting to existing LED Solar Lighting Poles in Nejme square, Coastal corniche and Stadium areas of Saida (Old Saida)", "Activity Description": "This intervention involves expanding the installation of street LED solar lighting system (renewable energy) to cover the whole Corniche of Saida, as well as to install solar street lighting poles in the Stadium area and the Nejme square market. In terms of safety and security as well as enabling socio-economic activity (increased accessibility, security of pedestrians and encourage the shops to open for a second shift during the nighttime), the project would make a tangible contribution.", "Type of Activity": "Renewable energy & energy efficiency", "Mother Project?": "Yes", "Mother Project Name": "LHSP", "Geographic Level": "Cadastre (CAD+ACS)", "Coordinates (Lat)": "33.576936", "Coordinates (Long)": "35.384905", "Governorate": "South", "District": "Saida", "Cadaster": "Saida El-Oustani", "Municipality Name": "Saida", "Union of Municipalities (UoM)": "UOM Saida El Zahrani", "UNDP Focal Point": "Nada Sweidan", "National Counterpart\n(Institutional Title)": "Municipality of Saida", "Counterpart Type": "Municipality", "CPD Output No.": " ", "Strategic Plan 2026-2029\nActivity / Output No.": " ", "Gender Marker": " ", "Remarks / Notes": "Donor: KfW7 | Implementation: 2024/2025\r" }, "geometry": { "type": "Point", "coordinates": [ 35.384905, 33.576936 ] } },
{ "type": "Feature", "properties": { "REF": 334, "Project ID (Quantum)": "84708", "Project Name": "Lebanese Hosting Communities", "Programme": "Crisis Prevention and Crisis Recovery (CPCR)", "Start Date": "01/12/2012", "End Date": "31/12/2026", "Project Status": "Completed", "Output / Activity No.\n(per ProDoc results framework)": " ", "Full Activity Name": "Establishment of an Urban Observatory for the City of Saida", "Activity Description": "This intervention involves establishing an observatory unit at the level of the municipality of Saida to oversee the general local economic development practices needed (e.g. data collection and analysis) as well as to ensure the availability of an accountable local governance framework that can be easily accessible for all citizens (e.g. enhancing transparency and availability of services).  During the MSLD sessions, local representatives and the municipality of Saida have acknowledged this as a priority gap critical for informing local policies and urban plans.", "Type of Activity": "Municipal infrastructure", "Mother Project?": "Yes", "Mother Project Name": "LHSP", "Geographic Level": "Cadastre (CAD+ACS)", "Coordinates (Lat)": "33.576936", "Coordinates (Long)": "35.384905", "Governorate": "South", "District": "Saida", "Cadaster": "Saida El-Oustani", "Municipality Name": "Saida", "Union of Municipalities (UoM)": "UOM Saida El Zahrani", "UNDP Focal Point": "Nada Sweidan", "National Counterpart\n(Institutional Title)": "Municipality of Saida", "Counterpart Type": "Municipality", "CPD Output No.": " ", "Strategic Plan 2026-2029\nActivity / Output No.": " ", "Gender Marker": " ", "Remarks / Notes": "Donor: KfW7 | Implementation: 2024/2025\r" }, "geometry": { "type": "Point", "coordinates": [ 35.384905, 33.576936 ] } },
{ "type": "Feature", "properties": { "REF": 335, "Project ID (Quantum)": "84708", "Project Name": "Lebanese Hosting Communities", "Programme": "Crisis Prevention and Crisis Recovery (CPCR)", "Start Date": "01/12/2012", "End Date": "31/12/2026", "Project Status": "Ongoing", "Output / Activity No.\n(per ProDoc results framework)": " ", "Full Activity Name": "Supporting Internally Displaced Persons (IDPs) and Hosting Communities through Cash for Work Activities in the Tyre District- Phase Two", "Activity Description": "CFW to support IDPs and vulnerable groups in Tyre and Abbasiyeh", "Type of Activity": "Livelihoods, agriculture & MSME support", "Mother Project?": "Yes", "Mother Project Name": "LHSP", "Geographic Level": "District", "Coordinates (Lat)": "#N/A", "Coordinates (Long)": "#N/A", "Governorate": "South", "District": "Sour", "Cadaster": " ", "Municipality Name": "0", "Union of Municipalities (UoM)": "#N/A", "UNDP Focal Point": "Nada Sweidan", "National Counterpart\n(Institutional Title)": "Municipality of Tyre and Abbasiyeh", "Counterpart Type": "Municipality", "CPD Output No.": " ", "Strategic Plan 2026-2029\nActivity / Output No.": " ", "Gender Marker": " ", "Remarks / Notes": "Donor: KFW7 | Implementation: 2025 | Coverage: Tyre and Abbasiyeh (multi-cadastral – single cadaster not applicable)\r" }, "geometry": null },
{ "type": "Feature", "properties": { "REF": 336, "Project ID (Quantum)": "84708", "Project Name": "Lebanese Hosting Communities", "Programme": "Crisis Prevention and Crisis Recovery (CPCR)", "Start Date": "01/12/2012", "End Date": "31/12/2026", "Project Status": "Completed", "Output / Activity No.\n(per ProDoc results framework)": " ", "Full Activity Name": "Ensure proper functionality of municipalities in waste collection (Tyre and Abbassieh)", "Activity Description": "To address the ongoing emergency and critical situation, and to enhance that local authorities’ capacities in collecting the increase quantity of solid waste, this intervention proposes supporting the municipalities of Abbasiye and Tyre by providing garbage collection trucks to ensure the proper functionality of municipalities in waste collection and management which was identified through the MSLD process in Tyre cluster as one of the main priorities in Tyre and Abbasiye.\nThe provision of one Garbage Compactor Truck, 14m3 Capacity: to be used by municipality to collect solid waste from existing metal bins of various sizes.\nThe provision of Two Tipper Trucks 5.5 Ton with Lifter: Tipper trucks will be used to collect domestic garbage. Trucks should be able to maneuver inside small and narrow streets.\nCarrying out necessary repair and maintenance works to three collection trucks operated in Palestinian Gatherings.", "Type of Activity": "Solid waste management", "Mother Project?": "Yes", "Mother Project Name": "LHSP", "Geographic Level": "Cadastre (CAD+ACS)", "Coordinates (Lat)": "33.270146", "Coordinates (Long)": "35.199186", "Governorate": "South", "District": "Sour", "Cadaster": "Sour", "Municipality Name": "Sour", "Union of Municipalities (UoM)": "UOM Caza Sour", "UNDP Focal Point": "Nada Sweidan", "National Counterpart\n(Institutional Title)": "Municipality of Tyre", "Counterpart Type": "Municipality", "CPD Output No.": " ", "Strategic Plan 2026-2029\nActivity / Output No.": " ", "Gender Marker": " ", "Remarks / Notes": "Donor: KfW7 | Implementation: 2024/2025\r" }, "geometry": { "type": "Point", "coordinates": [ 35.199186, 33.270146 ] } },
{ "type": "Feature", "properties": { "REF": 337, "Project ID (Quantum)": "84708", "Project Name": "Lebanese Hosting Communities", "Programme": "Crisis Prevention and Crisis Recovery (CPCR)", "Start Date": "01/12/2012", "End Date": "31/12/2026", "Project Status": "Completed", "Output / Activity No.\n(per ProDoc results framework)": " ", "Full Activity Name": "Supporting the vital sectors in Nabatiyeh through the provision of Renewable Energy", "Activity Description": "Targeted vital sectors are: (renewable energy)\nWater well number 5 and 6 (lot 533) – Nabatieh Tahta\nThe water wells are located in Nabatieh and they benefit 6 main neighbourhoods, 30,000 residents and around 10,000 housing units. The wells are directly operated by SLWE with direct support from the municipality. Well number 5 has a flow of 110 m3 and well number 6 has a flow of 80 m3. The main issue faced by SLWE and the municipality of Nabatieh related to the water wells is the high operation costs required to operate the wells within the multi-dimension crisis (securing fuel and maintenance costs).\nThe cultural centre (lot 105) – Nabatieh Tahta\nThe centre is operated and supported by the municipality of Nabatieh Tahta, and it includes the social mediation unit of Nabatieh, the social development centre (owned by MOSA), a hall room, and a theatre.  The cultural center is a multi-use structure that is needed in the city due to the lack of university halls, as well as the multiplicity of its social / health / cultural services. The number of fixed-term employees at the culture center are 5.  The main problems facing the center are the lack of financial resources to secure the services and operational costs, especially the cost of energy and electricity.\nAs part of the sustainable intervention and to further support the quick operation of the center by being a critical and important facility in the area. This intervention will include equipping the center with furniture and equipment. The provision of equipment and furniture includes but is not limited to desks, chairs, ACs, printers, library closets, desktops, educational tools, projectors and flip charts.\nHassan Kamel Sabah sporting facility (lot 3940) – Nabatieh Tahta\nThe sporting facility is among the main public hubs across Nabatieh, especially since it matches the detailed specifications and measurements related to each stadium/hall. The facility contains one Basketball and Volleyball stadium, Karate Hall and one body building section. The facility is considered a main destination for the residents of Nabatieh and surroundings, especially youth groups.\nWater well number 2 (lot 3090) – Nabatieh Al Fawka\nThe water well is located in Nabatieh Al Fawka and it benefits the majority of village, (around 800 housing units). The well is directly operated by SLWE with direct support from the municipality. Well number 2 has a flow of 35 m3 and its depth is around 450 meters. The main issue faced by SLWE and the municipality of Nabatieh al Fawka related to the water well is the high operation costs required to operate the wells within the multi-dimension crisis (securing fuel and maintenance costs).", "Type of Activity": "Water & irrigation infrastructure", "Mother Project?": "Yes", "Mother Project Name": "LHSP", "Geographic Level": "District", "Coordinates (Lat)": "#N/A", "Coordinates (Long)": "#N/A", "Governorate": "ElNabatieh", "District": "ElNabatiehDistrict", "Cadaster": " ", "Municipality Name": "0", "Union of Municipalities (UoM)": "#N/A", "UNDP Focal Point": "Nada Sweidan", "National Counterpart\n(Institutional Title)": "Union of Municipalities of UoM Nabatieh Tahta and Nabatieh Fawqa", "Counterpart Type": "Municipality", "CPD Output No.": " ", "Strategic Plan 2026-2029\nActivity / Output No.": " ", "Gender Marker": " ", "Remarks / Notes": "Donor: KfW7 | Implementation: 2024/2025 | Coverage: UoM Nabatieh Tahta and Nabatieh Fawqa (multi-cadastral – single cadaster not applicable)\r" }, "geometry": null },
{ "type": "Feature", "properties": { "REF": 338, "Project ID (Quantum)": "84708", "Project Name": "Lebanese Hosting Communities", "Programme": "Crisis Prevention and Crisis Recovery (CPCR)", "Start Date": "01/12/2012", "End Date": "31/12/2026", "Project Status": "Planned", "Output / Activity No.\n(per ProDoc results framework)": " ", "Full Activity Name": "Enhancing Municipal Services and Road Safety in Ghaziyeh through the Provision of Infrastructure Equipment, Street Lighting and Traffic Safety Measures", "Activity Description": "The Municipality of El Ghaziyeh currently faces significant limitations in delivering essential services due to outdated infrastructure equipment. In response to increased demands and extensive damage in the area, this project proposes the provision of modern infrastructure equipment to strengthen the municipality’s capacity to deliver basic services effectively.", "Type of Activity": "Municipal infrastructure", "Mother Project?": "Yes", "Mother Project Name": "LHSP", "Geographic Level": "Cadastre (CAD+ACS)", "Coordinates (Lat)": "33.506507", "Coordinates (Long)": "35.353282", "Governorate": "South", "District": "Saida", "Cadaster": "Ghaziye", "Municipality Name": "Ghaziye", "Union of Municipalities (UoM)": "UOM Saida El Zahrani", "UNDP Focal Point": "Nada Sweidan", "National Counterpart\n(Institutional Title)": "Municipality of Ghaziye", "Counterpart Type": "Municipality", "CPD Output No.": " ", "Strategic Plan 2026-2029\nActivity / Output No.": " ", "Gender Marker": " ", "Remarks / Notes": "Donor: KfW8 | Implementation: 2024/2026\r" }, "geometry": { "type": "Point", "coordinates": [ 35.353282, 33.506507 ] } },
{ "type": "Feature", "properties": { "REF": 339, "Project ID (Quantum)": "84708", "Project Name": "Lebanese Hosting Communities", "Programme": "Crisis Prevention and Crisis Recovery (CPCR)", "Start Date": "01/12/2012", "End Date": "31/12/2026", "Project Status": "Under Preparation", "Output / Activity No.\n(per ProDoc results framework)": " ", "Full Activity Name": "Supporting the water serctor in Sahel El Zarani through the rehabilitation of Tefehta water station", "Activity Description": "CN under preparation", "Type of Activity": "Municipal infrastructure", "Mother Project?": "Yes", "Mother Project Name": "LHSP", "Geographic Level": "District", "Coordinates (Lat)": "#N/A", "Coordinates (Long)": "#N/A", "Governorate": "South", "District": "Saida", "Cadaster": " ", "Municipality Name": "0", "Union of Municipalities (UoM)": "#N/A", "UNDP Focal Point": "Nada Sweidan", "National Counterpart\n(Institutional Title)": "Union of Municipalities of UoM Saida Zahrani", "Counterpart Type": "Municipality", "CPD Output No.": " ", "Strategic Plan 2026-2029\nActivity / Output No.": " ", "Gender Marker": " ", "Remarks / Notes": "Donor: KfW8 | Implementation: 2024/2026 | Coverage: UoM Saida Zahrani (multi-cadastral – single cadaster not applicable)\r" }, "geometry": null },
{ "type": "Feature", "properties": { "REF": 340, "Project ID (Quantum)": "84708", "Project Name": "Lebanese Hosting Communities", "Programme": "Crisis Prevention and Crisis Recovery (CPCR)", "Start Date": "01/12/2012", "End Date": "31/12/2026", "Project Status": "Completed", "Output / Activity No.\n(per ProDoc results framework)": " ", "Full Activity Name": "Establishment of a trade souk for local products \"Souk Korea\" through the installation of Kiosks", "Activity Description": "Establishment of a trade souk for local products \"Souk Korea\" through the installation of Kiosks. This intervention can be done as a cluster project by including the remaining communities in the project.", "Type of Activity": "Livelihoods, agriculture & MSME support", "Mother Project?": "Yes", "Mother Project Name": "LHSP", "Geographic Level": "Cadastre (CAD+ACS)", "Coordinates (Lat)": "33.297713", "Coordinates (Long)": "35.271012", "Governorate": "South", "District": "Sour", "Cadaster": "Aabbassiyet Sour", "Municipality Name": "Aabbassiye and Sour", "Union of Municipalities (UoM)": "UOM Caza Sour", "UNDP Focal Point": "Nada Sweidan", "National Counterpart\n(Institutional Title)": "Municipality of Abbasieh", "Counterpart Type": "Municipality", "CPD Output No.": " ", "Strategic Plan 2026-2029\nActivity / Output No.": " ", "Gender Marker": " ", "Remarks / Notes": "Donor: Korea1 | Implementation: 2023/2024\r" }, "geometry": { "type": "Point", "coordinates": [ 35.271012, 33.297713 ] } },
{ "type": "Feature", "properties": { "REF": 341, "Project ID (Quantum)": "84708", "Project Name": "Lebanese Hosting Communities", "Programme": "Crisis Prevention and Crisis Recovery (CPCR)", "Start Date": "01/12/2012", "End Date": "31/12/2026", "Project Status": "Completed", "Output / Activity No.\n(per ProDoc results framework)": " ", "Full Activity Name": "Procurement of a generator to operate the available water well", "Activity Description": "Procurement of a generator to operate the available water well. By this the municipality will be able to provide more water to inhabitants especially during wintertime.", "Type of Activity": "Water & irrigation infrastructure", "Mother Project?": "Yes", "Mother Project Name": "LHSP", "Geographic Level": "Cadastre (CAD+ACS)", "Coordinates (Lat)": "33.318802", "Coordinates (Long)": "35.262733", "Governorate": "South", "District": "Sour", "Cadaster": "Borj Rahhal", "Municipality Name": "Borj Rahhal", "Union of Municipalities (UoM)": "UOM Caza Sour", "UNDP Focal Point": "Nada Sweidan", "National Counterpart\n(Institutional Title)": "Municipality of Borj Rahhal", "Counterpart Type": "Municipality", "CPD Output No.": " ", "Strategic Plan 2026-2029\nActivity / Output No.": " ", "Gender Marker": " ", "Remarks / Notes": "Donor: Korea1 | Implementation: 2023/2024\r" }, "geometry": { "type": "Point", "coordinates": [ 35.262733, 33.318802 ] } },
{ "type": "Feature", "properties": { "REF": 342, "Project ID (Quantum)": "84708", "Project Name": "Lebanese Hosting Communities", "Programme": "Crisis Prevention and Crisis Recovery (CPCR)", "Start Date": "01/12/2012", "End Date": "31/12/2026", "Project Status": "Completed", "Output / Activity No.\n(per ProDoc results framework)": " ", "Full Activity Name": "Support the solid waste management sector through the provision of equipment and vehicles", "Activity Description": "Support the solid waste management sector through the provision of equipment and vehicles (bobcat, tipper truck, shredding machine)", "Type of Activity": "Solid waste management", "Mother Project?": "Yes", "Mother Project Name": "LHSP", "Geographic Level": "Cadastre (CAD+ACS)", "Coordinates (Lat)": "33.104", "Coordinates (Long)": "35.116832", "Governorate": "South", "District": "Sour", "Cadaster": "Borj En-Naqoura", "Municipality Name": "Naqoura", "Union of Municipalities (UoM)": "UOM Caza Sour", "UNDP Focal Point": "Nada Sweidan", "National Counterpart\n(Institutional Title)": "Municipality of Naqoura", "Counterpart Type": "Municipality", "CPD Output No.": " ", "Strategic Plan 2026-2029\nActivity / Output No.": " ", "Gender Marker": " ", "Remarks / Notes": "Donor: Korea1 | Implementation: 2023\r" }, "geometry": { "type": "Point", "coordinates": [ 35.116832, 33.104 ] } },
{ "type": "Feature", "properties": { "REF": 343, "Project ID (Quantum)": "84708", "Project Name": "Lebanese Hosting Communities", "Programme": "Crisis Prevention and Crisis Recovery (CPCR)", "Start Date": "01/12/2012", "End Date": "31/12/2026", "Project Status": "Completed", "Output / Activity No.\n(per ProDoc results framework)": " ", "Full Activity Name": "Procurement of Septic Truck with Water Jetting", "Activity Description": "Procurement of Septic Truck with Water Jetting to address the issue of road floats during winter season.", "Type of Activity": "Water & irrigation infrastructure", "Mother Project?": "Yes", "Mother Project Name": "LHSP", "Geographic Level": "Cadastre (CAD+ACS)", "Coordinates (Lat)": "33.276013", "Coordinates (Long)": "35.272763", "Governorate": "South", "District": "Sour", "Cadaster": "Tayr Debbe", "Municipality Name": "Tair Debba", "Union of Municipalities (UoM)": "UOM Caza Sour", "UNDP Focal Point": "Nada Sweidan", "National Counterpart\n(Institutional Title)": "Municipality of Tayer Debba", "Counterpart Type": "Municipality", "CPD Output No.": " ", "Strategic Plan 2026-2029\nActivity / Output No.": " ", "Gender Marker": " ", "Remarks / Notes": "Donor: Korea1 | Implementation: 2023/2024\r" }, "geometry": { "type": "Point", "coordinates": [ 35.272763, 33.276013 ] } },
{ "type": "Feature", "properties": { "REF": 344, "Project ID (Quantum)": "84708", "Project Name": "Lebanese Hosting Communities", "Programme": "Crisis Prevention and Crisis Recovery (CPCR)", "Start Date": "01/12/2012", "End Date": "31/12/2026", "Project Status": "Ongoing", "Output / Activity No.\n(per ProDoc results framework)": " ", "Full Activity Name": "Support the solid waste management sector in Bourghliye through the provision of 250 garbage bins and one garbage truck", "Activity Description": "Support the solid waste management sector in Bourghliye through the provision of 250 garbage bins and one garbage truck", "Type of Activity": "Solid waste management", "Mother Project?": "Yes", "Mother Project Name": "LHSP", "Geographic Level": "District", "Coordinates (Lat)": "#N/A", "Coordinates (Long)": "#N/A", "Governorate": "South", "District": "Sour", "Cadaster": " ", "Municipality Name": "0", "Union of Municipalities (UoM)": "#N/A", "UNDP Focal Point": "Nada Sweidan", "National Counterpart\n(Institutional Title)": "Municipality of Borghlieh", "Counterpart Type": "Municipality", "CPD Output No.": " ", "Strategic Plan 2026-2029\nActivity / Output No.": " ", "Gender Marker": " ", "Remarks / Notes": "Donor: Korea2 | Implementation: 2024/2025 | Locality as reported: Borghlieh (cadaster not matched)\r" }, "geometry": null },
{ "type": "Feature", "properties": { "REF": 345, "Project ID (Quantum)": "84708", "Project Name": "Lebanese Hosting Communities", "Programme": "Crisis Prevention and Crisis Recovery (CPCR)", "Start Date": "01/12/2012", "End Date": "31/12/2026", "Project Status": "Ongoing", "Output / Activity No.\n(per ProDoc results framework)": " ", "Full Activity Name": "Supporting the Solid waste management sector in Deir Qanoun Naher through the provision of equipment and door to door awarenes component to enhance the sorting from source post crisis phase.", "Activity Description": "Supporting the Solid waste management sector in Deir Qanoun Naher through the provision of equipment and door to door awarenes component to enhance the sorting from source post crisis phase.", "Type of Activity": "Solid waste management", "Mother Project?": "Yes", "Mother Project Name": "LHSP", "Geographic Level": "Cadastre (CAD+ACS)", "Coordinates (Lat)": "33.301249", "Coordinates (Long)": "35.308673", "Governorate": "South", "District": "Sour", "Cadaster": "Deir Qanoun En-Nahr", "Municipality Name": "Deir Qanoun en Nahr", "Union of Municipalities (UoM)": "UOM Caza Sour", "UNDP Focal Point": "Nada Sweidan", "National Counterpart\n(Institutional Title)": "Municipality of Deir Qanoun En Nahr", "Counterpart Type": "Municipality", "CPD Output No.": " ", "Strategic Plan 2026-2029\nActivity / Output No.": " ", "Gender Marker": " ", "Remarks / Notes": "Donor: Korea2 | Implementation: 2024/2025\r" }, "geometry": { "type": "Point", "coordinates": [ 35.308673, 33.301249 ] } },
{ "type": "Feature", "properties": { "REF": 346, "Project ID (Quantum)": "84708", "Project Name": "Lebanese Hosting Communities", "Programme": "Crisis Prevention and Crisis Recovery (CPCR)", "Start Date": "01/12/2012", "End Date": "31/12/2026", "Project Status": "Completed", "Output / Activity No.\n(per ProDoc results framework)": " ", "Full Activity Name": "Ensure proper functionality of municipality in waste collection and support the solid waste management sector in Naqoura through the provision of 600 garbage sorting bins.", "Activity Description": "Ensure proper functionality of municipality in waste collection and support the solid waste management sector in Naqoura through the provision of 600 garbage sorting bins.", "Type of Activity": "Solid waste management", "Mother Project?": "Yes", "Mother Project Name": "LHSP", "Geographic Level": "Cadastre (CAD+ACS)", "Coordinates (Lat)": "33.104", "Coordinates (Long)": "35.116832", "Governorate": "South", "District": "Sour", "Cadaster": "Borj En-Naqoura", "Municipality Name": "Naqoura", "Union of Municipalities (UoM)": "UOM Caza Sour", "UNDP Focal Point": "Nada Sweidan", "National Counterpart\n(Institutional Title)": "Municipality of Naqoura", "Counterpart Type": "Municipality", "CPD Output No.": " ", "Strategic Plan 2026-2029\nActivity / Output No.": " ", "Gender Marker": " ", "Remarks / Notes": "Donor: Korea2 | Implementation: 2024/2025\r" }, "geometry": { "type": "Point", "coordinates": [ 35.116832, 33.104 ] } },
{ "type": "Feature", "properties": { "REF": 347, "Project ID (Quantum)": "84708", "Project Name": "Lebanese Hosting Communities", "Programme": "Crisis Prevention and Crisis Recovery (CPCR)", "Start Date": "01/12/2012", "End Date": "31/12/2026", "Project Status": "Ongoing", "Output / Activity No.\n(per ProDoc results framework)": " ", "Full Activity Name": "Ensure proper functionality of the municipality in decreasing the risk of fire through the provision of Firefighting Utility Terrain Vehicle (UTV).", "Activity Description": "Ensure proper functionality of the municipality in protecting green spaces through the provision of a water truck/  UTV for Firefighting", "Type of Activity": "Municipal infrastructure", "Mother Project?": "Yes", "Mother Project Name": "LHSP", "Geographic Level": "Cadastre (CAD+ACS)", "Coordinates (Lat)": "33.141805", "Coordinates (Long)": "35.360508", "Governorate": "ElNabatieh", "District": "BentJbeil", "Cadaster": "Rachaf", "Municipality Name": "Rachaf", "Union of Municipalities (UoM)": "UOM Bent Jbeil", "UNDP Focal Point": "Nada Sweidan", "National Counterpart\n(Institutional Title)": "Municipality of Rchaf", "Counterpart Type": "Municipality", "CPD Output No.": " ", "Strategic Plan 2026-2029\nActivity / Output No.": " ", "Gender Marker": " ", "Remarks / Notes": "Donor: Korea2 | Implementation: 2024/2025 | Location as reported: South / Bent Jbeil\r" }, "geometry": { "type": "Point", "coordinates": [ 35.360508, 33.141805 ] } },
{ "type": "Feature", "properties": { "REF": 348, "Project ID (Quantum)": "84708", "Project Name": "Lebanese Hosting Communities", "Programme": "Crisis Prevention and Crisis Recovery (CPCR)", "Start Date": "01/12/2012", "End Date": "31/12/2026", "Project Status": "Ongoing", "Output / Activity No.\n(per ProDoc results framework)": " ", "Full Activity Name": "Ensure proper functionality of the municipality in Wastewater management through the provision of a sceptic truck and jetting machine.", "Activity Description": "The Provision of a Septic truck with jetting machine to clean the public sewage network will benefit Tibnin village and the surrounding villages within the Union of Municipalities of Qalaa.\nThe existing sewage network needs periodic maintenance, while the region still suffers from the lack of networks in some neighborhoods of Tebnine and the surrounding villages. In addition, most of the rainwater goes to the public sewage network, which leads to water overflowing without proper treatment.", "Type of Activity": "Municipal infrastructure", "Mother Project?": "Yes", "Mother Project Name": "LHSP", "Geographic Level": "Cadastre (CAD+ACS)", "Coordinates (Lat)": "33.190495", "Coordinates (Long)": "35.405663", "Governorate": "ElNabatieh", "District": "BentJbeil", "Cadaster": "Tibnine", "Municipality Name": "Tebnine", "Union of Municipalities (UoM)": "UOM El Qalaa", "UNDP Focal Point": "Nada Sweidan", "National Counterpart\n(Institutional Title)": "Municipality of Tebnine", "Counterpart Type": "Municipality", "CPD Output No.": " ", "Strategic Plan 2026-2029\nActivity / Output No.": " ", "Gender Marker": " ", "Remarks / Notes": "Donor: Korea2 | Implementation: 2024/2025 | Location as reported: South / Bent Jbeil\r" }, "geometry": { "type": "Point", "coordinates": [ 35.405663, 33.190495 ] } },
{ "type": "Feature", "properties": { "REF": 349, "Project ID (Quantum)": "84708", "Project Name": "Lebanese Hosting Communities", "Programme": "Crisis Prevention and Crisis Recovery (CPCR)", "Start Date": "01/12/2012", "End Date": "31/12/2026", "Project Status": "Under Preparation", "Output / Activity No.\n(per ProDoc results framework)": " ", "Full Activity Name": "Supporting the SWM plan in Abbasiyeh through the pereparation of SWM plan, construction of sorted waste collection stations and provision of equipment", "Activity Description": "The community representatives and  municipality of Abbasiyeh are planning to ensourage sorting from source initiatives by establishing collection stations to receive the sorted waste for a minimal fees per household to ensouge the sorting from source practices in their comunity. the sorted waste will be collected by the municipality and treated in their sorting facility  and later sell it. This project will support the municipality in reducing the quatity of waste in the village, encourage eco-friendly practices as well as generating a new income to the municipality through selling the sorted and treated non-organic waste.", "Type of Activity": "Municipal infrastructure", "Mother Project?": "Yes", "Mother Project Name": "LHSP", "Geographic Level": "Cadastre (CAD+ACS)", "Coordinates (Lat)": "33.297713", "Coordinates (Long)": "35.271012", "Governorate": "South", "District": "Sour", "Cadaster": "Aabbassiyet Sour", "Municipality Name": "Aabbassiye and Sour", "Union of Municipalities (UoM)": "UOM Caza Sour", "UNDP Focal Point": "Nada Sweidan", "National Counterpart\n(Institutional Title)": "Municipality of Abbasieh", "Counterpart Type": "Municipality", "CPD Output No.": " ", "Strategic Plan 2026-2029\nActivity / Output No.": " ", "Gender Marker": " ", "Remarks / Notes": "Donor: Korea3 | Implementation: 2025/2026\r" }, "geometry": { "type": "Point", "coordinates": [ 35.271012, 33.297713 ] } },
{ "type": "Feature", "properties": { "REF": 350, "Project ID (Quantum)": "84708", "Project Name": "Lebanese Hosting Communities", "Programme": "Crisis Prevention and Crisis Recovery (CPCR)", "Start Date": "01/12/2012", "End Date": "31/12/2026", "Project Status": "Planned", "Output / Activity No.\n(per ProDoc results framework)": " ", "Full Activity Name": "TBD", "Activity Description": "TBD", "Type of Activity": "Municipal infrastructure", "Mother Project?": "Yes", "Mother Project Name": "LHSP", "Geographic Level": "Cadastre (CAD+ACS)", "Coordinates (Lat)": "33.261966", "Coordinates (Long)": "35.23552", "Governorate": "South", "District": "Sour", "Cadaster": "Borj Ech-Chemali", "Municipality Name": "Borj ech Chmali", "Union of Municipalities (UoM)": "UOM Caza Sour", "UNDP Focal Point": "Nada Sweidan", "National Counterpart\n(Institutional Title)": "Municipality of Borj Chemali", "Counterpart Type": "Municipality", "CPD Output No.": " ", "Strategic Plan 2026-2029\nActivity / Output No.": " ", "Gender Marker": " ", "Remarks / Notes": "Donor: Korea3 | Implementation: 2025/2026\r" }, "geometry": { "type": "Point", "coordinates": [ 35.23552, 33.261966 ] } },
{ "type": "Feature", "properties": { "REF": 351, "Project ID (Quantum)": "84708", "Project Name": "Lebanese Hosting Communities", "Programme": "Crisis Prevention and Crisis Recovery (CPCR)", "Start Date": "01/12/2012", "End Date": "31/12/2026", "Project Status": "Under Preparation", "Output / Activity No.\n(per ProDoc results framework)": " ", "Full Activity Name": "Support to fishery sector through the provision of fishing boats and tools", "Activity Description": "The project consists on supporting the fishery sector in Naqoura throgh the provision of equipment and fishing tools", "Type of Activity": "Livelihoods, agriculture & MSME support", "Mother Project?": "Yes", "Mother Project Name": "LHSP", "Geographic Level": "Cadastre (CAD+ACS)", "Coordinates (Lat)": "33.104", "Coordinates (Long)": "35.116832", "Governorate": "South", "District": "Sour", "Cadaster": "Borj En-Naqoura", "Municipality Name": "Naqoura", "Union of Municipalities (UoM)": "UOM Caza Sour", "UNDP Focal Point": "Nada Sweidan", "National Counterpart\n(Institutional Title)": "Municipality of Naqoura", "Counterpart Type": "Municipality", "CPD Output No.": " ", "Strategic Plan 2026-2029\nActivity / Output No.": " ", "Gender Marker": " ", "Remarks / Notes": "Donor: Korea3 | Implementation: 2025/2026\r" }, "geometry": { "type": "Point", "coordinates": [ 35.116832, 33.104 ] } },
{ "type": "Feature", "properties": { "REF": 352, "Project ID (Quantum)": "84708", "Project Name": "Lebanese Hosting Communities", "Programme": "Crisis Prevention and Crisis Recovery (CPCR)", "Start Date": "01/12/2012", "End Date": "31/12/2026", "Project Status": "Under Preparation", "Output / Activity No.\n(per ProDoc results framework)": " ", "Full Activity Name": "construction of a sewage network in 2 quarters of Tayr Debba", "Activity Description": "The construction of sewage network  project consists of the construction of a sewage network in 2 quarters of Tayr Debba village to complement the project already implemented by UNDP MERP project and covered 70% of the village sewage network. This project is considered as a high priority and 30% of the community's population is still relying on pit latrine. The construction of the sewage network in the identified quarters will ensurethe proper treatment of the sewage network challenge and its repercussions in  the village of Tayr Debba .", "Type of Activity": "Municipal infrastructure", "Mother Project?": "Yes", "Mother Project Name": "LHSP", "Geographic Level": "Cadastre (CAD+ACS)", "Coordinates (Lat)": "33.276013", "Coordinates (Long)": "35.272763", "Governorate": "South", "District": "Sour", "Cadaster": "Tayr Debbe", "Municipality Name": "Tair Debba", "Union of Municipalities (UoM)": "UOM Caza Sour", "UNDP Focal Point": "Nada Sweidan", "National Counterpart\n(Institutional Title)": "Municipality of Tayer Debba", "Counterpart Type": "Municipality", "CPD Output No.": " ", "Strategic Plan 2026-2029\nActivity / Output No.": " ", "Gender Marker": " ", "Remarks / Notes": "Donor: Korea3 | Implementation: 2025/2026\r" }, "geometry": { "type": "Point", "coordinates": [ 35.272763, 33.276013 ] } },
{ "type": "Feature", "properties": { "REF": 353, "Project ID (Quantum)": "84708", "Project Name": "Lebanese Hosting Communities", "Programme": "Crisis Prevention and Crisis Recovery (CPCR)", "Start Date": "01/12/2012", "End Date": "31/12/2026", "Project Status": "Canceled", "Output / Activity No.\n(per ProDoc results framework)": " ", "Full Activity Name": "Supporting the social & health sector through the establishment of a multi-purpose social and health facility in Ain Deleb.", "Activity Description": "The project consists of establishing a multi-purpose communal facility that supports the social, economic and health aspects in Ain Deleb village.\nConstruction work including civil, architectural, electrical and mechanical including the provision of sorting bins\nRenewable Energy (Solar System)\nFurniture (for Clinics, Archive, Reception, Conference and kitchen – including bins for the units\nMedical Equipment (Public Health, Baby Health, Women Health and Heart Health)\nCommunity Kitchen Equipment’s", "Type of Activity": "Municipal infrastructure", "Mother Project?": "Yes", "Mother Project Name": "LHSP", "Geographic Level": "Cadastre (CAD+ACS)", "Coordinates (Lat)": "33.544506", "Coordinates (Long)": "35.404896", "Governorate": "South", "District": "Saida", "Cadaster": "Aain Ed-Delb", "Municipality Name": "Ain Ed Delb", "Union of Municipalities (UoM)": "UOM Saida El Zahrani", "UNDP Focal Point": "Nada Sweidan", "National Counterpart\n(Institutional Title)": "Municipality of Ain Al-Deleb", "Counterpart Type": "Municipality", "CPD Output No.": " ", "Strategic Plan 2026-2029\nActivity / Output No.": " ", "Gender Marker": " ", "Remarks / Notes": "Donor: US-BPRM5&6 | Implementation: 2025\r" }, "geometry": { "type": "Point", "coordinates": [ 35.404896, 33.544506 ] } },
{ "type": "Feature", "properties": { "REF": 354, "Project ID (Quantum)": "84708", "Project Name": "Lebanese Hosting Communities", "Programme": "Crisis Prevention and Crisis Recovery (CPCR)", "Start Date": "01/12/2012", "End Date": "31/12/2026", "Project Status": "Canceled", "Output / Activity No.\n(per ProDoc results framework)": " ", "Full Activity Name": "Supporting the water management sector in Maghdoushe through the installation of RE system to operate the water well", "Activity Description": "The project consists of procuring and installing a renewable energy system to operate the water well of Maghdoushe.", "Type of Activity": "Municipal infrastructure", "Mother Project?": "Yes", "Mother Project Name": "LHSP", "Geographic Level": "Cadastre (CAD+ACS)", "Coordinates (Lat)": "33.517932", "Coordinates (Long)": "35.389259", "Governorate": "South", "District": "Saida", "Cadaster": "Maghdouche", "Municipality Name": "Maghdouche", "Union of Municipalities (UoM)": "UOM Saida El Zahrani", "UNDP Focal Point": "Nada Sweidan", "National Counterpart\n(Institutional Title)": "Municipality of Maghdouche", "Counterpart Type": "Municipality", "CPD Output No.": " ", "Strategic Plan 2026-2029\nActivity / Output No.": " ", "Gender Marker": " ", "Remarks / Notes": "Donor: US-BPRM5&6 | Implementation: 2025\r" }, "geometry": { "type": "Point", "coordinates": [ 35.389259, 33.517932 ] } },
{ "type": "Feature", "properties": { "REF": 355, "Project ID (Quantum)": "84708", "Project Name": "Lebanese Hosting Communities", "Programme": "Crisis Prevention and Crisis Recovery (CPCR)", "Start Date": "01/12/2012", "End Date": "31/12/2026", "Project Status": "Canceled", "Output / Activity No.\n(per ProDoc results framework)": " ", "Full Activity Name": "Supporting the municipality in enhancing social stability in Majdelyoun through the installation of solar street lighting and supporting the water sector.", "Activity Description": "The project consists of connecting and operating Er-Alrifah water well by the public electricity services line and installing 100 LED street lighting poles in the main street of Majdelyoun and replacing the 516 sodium lamps with solar LED lighting.", "Type of Activity": "Municipal infrastructure", "Mother Project?": "Yes", "Mother Project Name": "LHSP", "Geographic Level": "Cadastre (CAD+ACS)", "Coordinates (Lat)": "33.555438", "Coordinates (Long)": "35.415698", "Governorate": "South", "District": "Saida", "Cadaster": "Majdelyoun", "Municipality Name": "Majdelyoun", "Union of Municipalities (UoM)": "UOM Saida El Zahrani", "UNDP Focal Point": "Nada Sweidan", "National Counterpart\n(Institutional Title)": "Municipality of Majdelyoun", "Counterpart Type": "Municipality", "CPD Output No.": " ", "Strategic Plan 2026-2029\nActivity / Output No.": " ", "Gender Marker": " ", "Remarks / Notes": "Donor: US-BPRM5&6 | Implementation: 2025\r" }, "geometry": { "type": "Point", "coordinates": [ 35.415698, 33.555438 ] } },
{ "type": "Feature", "properties": { "REF": 356, "Project ID (Quantum)": "84708", "Project Name": "Lebanese Hosting Communities", "Programme": "Crisis Prevention and Crisis Recovery (CPCR)", "Start Date": "01/12/2012", "End Date": "31/12/2026", "Project Status": "Under Preparation", "Output / Activity No.\n(per ProDoc results framework)": " ", "Full Activity Name": "TBD", "Activity Description": "TBD", "Type of Activity": "TBD", "Mother Project?": "Yes", "Mother Project Name": "LHSP", "Geographic Level": "District", "Coordinates (Lat)": "#N/A", "Coordinates (Long)": "#N/A", "Governorate": "South", "District": "Sour", "Cadaster": " ", "Municipality Name": "0", "Union of Municipalities (UoM)": "#N/A", "UNDP Focal Point": "Nada Sweidan", "National Counterpart\n(Institutional Title)": "Municipality of Tyre coastal Plain ( 32 municipalities)", "Counterpart Type": "Municipality", "CPD Output No.": " ", "Strategic Plan 2026-2029\nActivity / Output No.": " ", "Gender Marker": " ", "Remarks / Notes": "Donor: KFW-LDP1 | Implementation: 2025/2027 | Coverage: Tyre coastal Plain ( 32 municipalities) (multi-cadastral – single cadaster not applicable)\r" }, "geometry": null },
{ "type": "Feature", "properties": { "REF": 357, "Project ID (Quantum)": "84708", "Project Name": "Lebanese Hosting Communities", "Programme": "Crisis Prevention and Crisis Recovery (CPCR)", "Start Date": "01/12/2012", "End Date": "31/12/2026", "Project Status": "Under Preparation", "Output / Activity No.\n(per ProDoc results framework)": " ", "Full Activity Name": "Support to SDCs", "Activity Description": "Support to 8 SDCs ( Equipment, capacity building and Rehabilitation works)", "Type of Activity": "Equipment and training for state institutions", "Mother Project?": "Yes", "Mother Project Name": "LHSP", "Geographic Level": " ", "Coordinates (Lat)": "#N/A", "Coordinates (Long)": "#N/A", "Governorate": " ", "District": " ", "Cadaster": " ", "Municipality Name": "0", "Union of Municipalities (UoM)": "#N/A", "UNDP Focal Point": "Nada Sweidan", "National Counterpart\n(Institutional Title)": "Municipality of Qlayaa, Hasbaya, Rachaya El Fokhar, Abbasiyeh, Maamariyeh, Kfarsir, Arab Sallim , Majdal Sellim", "Counterpart Type": "Municipality", "CPD Output No.": " ", "Strategic Plan 2026-2029\nActivity / Output No.": " ", "Gender Marker": " ", "Remarks / Notes": "Donor: KFW-LDP1 | Implementation: 2025/2027 | Location as reported: South and Nabatiyeh (multi-area – single governorate not applicable) | Coverage: Qlayaa, Hasbaya, Rachaya El Fokhar, Abbasiyeh, Maamariyeh, Kfarsir, Arab Sallim , Majdal Sellim (multi-cadastral – single cadaster not applicable)" }, "geometry": null },
{ "type": "Feature", "properties": { "REF": 358, "Project ID (Quantum)": "84708", "Project Name": "Lebanese Hosting Communities", "Programme": "Crisis Prevention and Crisis Recovery (CPCR)", "Start Date": "01/12/2012", "End Date": "31/12/2026", "Project Status": "Under Preparation", "Output / Activity No.\n(per ProDoc results framework)": " ", "Full Activity Name": "TBD", "Activity Description": "TBD", "Type of Activity": "TBD", "Mother Project?": "Yes", "Mother Project Name": "LHSP", "Geographic Level": "Governorate", "Coordinates (Lat)": "#N/A", "Coordinates (Long)": "#N/A", "Governorate": "ElNabatieh", "District": " ", "Cadaster": " ", "Municipality Name": "0", "Union of Municipalities (UoM)": "#N/A", "UNDP Focal Point": "Nada Sweidan", "National Counterpart\n(Institutional Title)": "Municipality of South Eastern focus zone (20 municipalities in Marjeoun and Hasbaya)", "Counterpart Type": "Municipality", "CPD Output No.": " ", "Strategic Plan 2026-2029\nActivity / Output No.": " ", "Gender Marker": " ", "Remarks / Notes": "Donor: KFW-LDP1 | Implementation: 2025/2027 | District as reported: Marjaayoun and Hasbaya | Coverage: South Eastern focus zone (20 municipalities in Marjeoun and Hasbaya) (multi-cadastral – single cadaster not applicable)\r" }, "geometry": null },
{ "type": "Feature", "properties": { "REF": 359, "Project ID (Quantum)": "1003798", "Project Name": "Local Development for Stabilization Project (LDS)", "Programme": "Crisis Prevention and Crisis Recovery (CPCR)", "Start Date": "15/12/2024", "End Date": "31/12/2027", "Project Status": "Under Preparation", "Output / Activity No.\n(per ProDoc results framework)": " ", "Full Activity Name": "TBD", "Activity Description": "TBD", "Type of Activity": "TBD", "Mother Project?": "Yes", "Mother Project Name": "LDP", "Geographic Level": "Governorate", "Coordinates (Lat)": "#N/A", "Coordinates (Long)": "#N/A", "Governorate": "North", "District": " ", "Cadaster": " ", "Municipality Name": "0", "Union of Municipalities (UoM)": "#N/A", "UNDP Focal Point": "Nada Sweidan", "National Counterpart\n(Institutional Title)": "Municipality of North Coastal Metropolitan Area", "Counterpart Type": "Municipality", "CPD Output No.": " ", "Strategic Plan 2026-2029\nActivity / Output No.": " ", "Gender Marker": " ", "Remarks / Notes": "Donor: KfW | Implementation: 2026/2027 | Quantum project mapping to be confirmed | District as reported: North | Locality as reported: North Coastal Metropolitan Area (cadaster not matched)\r" }, "geometry": null },
{ "type": "Feature", "properties": { "REF": 360, "Project ID (Quantum)": "1003798", "Project Name": "Local Development for Stabilization Project (LDS)", "Programme": "Crisis Prevention and Crisis Recovery (CPCR)", "Start Date": "15/12/2024", "End Date": "31/12/2027", "Project Status": "Under Preparation", "Output / Activity No.\n(per ProDoc results framework)": " ", "Full Activity Name": "TBD", "Activity Description": "TBD", "Type of Activity": "TBD", "Mother Project?": "Yes", "Mother Project Name": "LDP", "Geographic Level": "District", "Coordinates (Lat)": "#N/A", "Coordinates (Long)": "#N/A", "Governorate": "Bekaa", "District": "WestBekaa", "Cadaster": " ", "Municipality Name": "0", "Union of Municipalities (UoM)": "#N/A", "UNDP Focal Point": "Nada Sweidan", "National Counterpart\n(Institutional Title)": "Union of Municipalities of Al Bohouyra", "Counterpart Type": "Municipality", "CPD Output No.": " ", "Strategic Plan 2026-2029\nActivity / Output No.": " ", "Gender Marker": " ", "Remarks / Notes": "Donor: KfW | Implementation: 2026/2027 | Quantum project mapping to be confirmed | Coverage: Al Bohouyra UoM (multi-cadastral – single cadaster not applicable)\r" }, "geometry": null },
{ "type": "Feature", "properties": { "REF": 361, "Project ID (Quantum)": "1003798", "Project Name": "Local Development for Stabilization Project (LDS)", "Programme": "Crisis Prevention and Crisis Recovery (CPCR)", "Start Date": "15/12/2024", "End Date": "31/12/2027", "Project Status": "Under Preparation", "Output / Activity No.\n(per ProDoc results framework)": " ", "Full Activity Name": "TBD", "Activity Description": "TBD", "Type of Activity": "TBD", "Mother Project?": "Yes", "Mother Project Name": "LDP", "Geographic Level": "Governorate", "Coordinates (Lat)": "#N/A", "Coordinates (Long)": "#N/A", "Governorate": "MountLebanon", "District": " ", "Cadaster": " ", "Municipality Name": "0", "Union of Municipalities (UoM)": "#N/A", "UNDP Focal Point": "Nada Sweidan", "National Counterpart\n(Institutional Title)": "Municipality of Middle & Upper Chouf area", "Counterpart Type": "Municipality", "CPD Output No.": " ", "Strategic Plan 2026-2029\nActivity / Output No.": " ", "Gender Marker": " ", "Remarks / Notes": "Donor: KfW | Implementation: 2026/2027 | Quantum project mapping to be confirmed | District as reported: Mount Lebanon | Locality as reported: Middle & Upper Chouf area (cadaster not matched)\r" }, "geometry": null },
{ "type": "Feature", "properties": { "REF": 362, "Project ID (Quantum)": "1003798", "Project Name": "Local Development for Stabilization Project (LDS)", "Programme": "Crisis Prevention and Crisis Recovery (CPCR)", "Start Date": "15/12/2024", "End Date": "31/12/2027", "Project Status": "Under Preparation", "Output / Activity No.\n(per ProDoc results framework)": " ", "Full Activity Name": "TBD", "Activity Description": "TBD", "Type of Activity": "TBD", "Mother Project?": "Yes", "Mother Project Name": "LDP", "Geographic Level": "Governorate", "Coordinates (Lat)": "#N/A", "Coordinates (Long)": "#N/A", "Governorate": "MountLebanon", "District": " ", "Cadaster": " ", "Municipality Name": "0", "Union of Municipalities (UoM)": "#N/A", "UNDP Focal Point": "Nada Sweidan", "National Counterpart\n(Institutional Title)": "Municipality of Lower to Middle Aley District", "Counterpart Type": "Municipality", "CPD Output No.": " ", "Strategic Plan 2026-2029\nActivity / Output No.": " ", "Gender Marker": " ", "Remarks / Notes": "Donor: KfW | Implementation: 2026/2027 | Quantum project mapping to be confirmed | District as reported: Mount Lebanon | Locality as reported: Lower to Middle Aley District (cadaster not matched)\r" }, "geometry": null },
{ "type": "Feature", "properties": { "REF": 363, "Project ID (Quantum)": "1005874", "Project Name": "Management Entity Function of the Women’s Peace and Humanitarian Fund for Lebanon", "Programme": "Crisis Prevention and Crisis Recovery (CPCR)", "Start Date": "01/04/2026", "End Date": "15/03/2028", "Project Status": " ", "Output / Activity No.\n(per ProDoc results framework)": " ", "Full Activity Name": " ", "Activity Description": " ", "Type of Activity": " ", "Mother Project?": " ", "Mother Project Name": " ", "Geographic Level": " ", "Coordinates (Lat)": " ", "Coordinates (Long)": " ", "Governorate": " ", "District": " ", "Cadaster": " ", "Municipality Name": " ", "Union of Municipalities (UoM)": " ", "UNDP Focal Point": "Ramy Jabbour", "National Counterpart\n(Institutional Title)": " ", "Counterpart Type": " ", "CPD Output No.": " ", "Strategic Plan 2026-2029\nActivity / Output No.": " ", "Gender Marker": " ", "Remarks / Notes": null }, "geometry": null },
{ "type": "Feature", "properties": { "REF": 364, "Project ID (Quantum)": "97505", "Project Name": "Palestinian Gatherings Host Comm.2", "Programme": "Crisis Prevention and Crisis Recovery (CPCR)", "Start Date": "01/12/2015", "End Date": "31/12/2026", "Project Status": "Completed", "Output / Activity No.\n(per ProDoc results framework)": " ", "Full Activity Name": "Installation of PV system for Al Nasra Hospital – 2 phases", "Activity Description": "Supply, Delivery, Installation and Commissioning of PV system for Al Nasra Health Centre in Bar Elias, operated by the PRCS. Works included:\n- Installation of PV panels with their steel structure\n- Installation of earthing system\n- Installation of hybrid inverters\n- Connection to the existing network including cabling\n- Implimenting roof waterproofing works\n- Painting works\n- Instaling external lighting", "Type of Activity": "Renewable energy & energy efficiency", "Mother Project?": "Yes", "Mother Project Name": "Improving Living Conditions of the Palestinian Gatherings Host Communities", "Geographic Level": "Cadastre (CAD+ACS)", "Coordinates (Lat)": "33.776811", "Coordinates (Long)": "35.927649", "Governorate": "Bekaa", "District": "Zahle", "Cadaster": "Barr Elias", "Municipality Name": "Bar Elias", "Union of Municipalities (UoM)": "No Union", "UNDP Focal Point": "Nancy Hilal", "National Counterpart\n(Institutional Title)": "Municipality of Bar- Elias", "Counterpart Type": "Municipality", "CPD Output No.": " ", "Strategic Plan 2026-2029\nActivity / Output No.": " ", "Gender Marker": " ", "Remarks / Notes": "Donor: PRM | Implementation: 2024\r" }, "geometry": { "type": "Point", "coordinates": [ 35.927649, 33.776811 ] } },
{ "type": "Feature", "properties": { "REF": 365, "Project ID (Quantum)": "97505", "Project Name": "Palestinian Gatherings Host Comm.2", "Programme": "Crisis Prevention and Crisis Recovery (CPCR)", "Start Date": "01/12/2015", "End Date": "31/12/2026", "Project Status": "Completed", "Output / Activity No.\n(per ProDoc results framework)": " ", "Full Activity Name": "Neighborhood Upgrading Works in 3 neighbourhoods in Baalbak – Bekaa Lebanon", "Activity Description": "Neighborhood upgrading in 3 streets in Baalback including these activities:\n- Construction and Rehabilitation of the Roads Infrastructure and amenities i.e. sewage, storm water Construction\n- Paving of Roads\n- Installation of Solar Street Lighting.", "Type of Activity": "Renewable energy & energy efficiency", "Mother Project?": "Yes", "Mother Project Name": "Improving Living Conditions of the Palestinian Gatherings Host Communities", "Geographic Level": "Cadastre (CAD+ACS)", "Coordinates (Lat)": "34.013222", "Coordinates (Long)": "36.205511", "Governorate": "BaalbekElHermel", "District": "Baalbek", "Cadaster": "Baalbek", "Municipality Name": "Baalbek", "Union of Municipalities (UoM)": "UOM Baalbek", "UNDP Focal Point": "Nancy Hilal", "National Counterpart\n(Institutional Title)": "Municipality of Baalback", "Counterpart Type": "Municipality", "CPD Output No.": " ", "Strategic Plan 2026-2029\nActivity / Output No.": " ", "Gender Marker": " ", "Remarks / Notes": "Donor: KFW | Implementation: 2025\r" }, "geometry": { "type": "Point", "coordinates": [ 36.205511, 34.013222 ] } },
{ "type": "Feature", "properties": { "REF": 366, "Project ID (Quantum)": "97505", "Project Name": "Palestinian Gatherings Host Comm.2", "Programme": "Crisis Prevention and Crisis Recovery (CPCR)", "Start Date": "01/12/2015", "End Date": "31/12/2026", "Project Status": "Completed", "Output / Activity No.\n(per ProDoc results framework)": " ", "Full Activity Name": "Enhancing Energy Efficiency: Electrical Upgrades for Karageusian Health Care Center, Burj Hammoud", "Activity Description": "The project focused on modernizing the facility's electrical infrastructure to improve energy efficiency and operational reliability. Key upgrades included the installation of reliable UPS systems and a 30 kVA generator set to ensure uninterrupted power supply, installation of energy-efficient air conditioning units and lighting fixtures, a state-of-the-art IP CCTV system accommodating up to 40 cameras.", "Type of Activity": "Renewable energy & energy efficiency", "Mother Project?": "Yes", "Mother Project Name": "Palestinian Gathering", "Geographic Level": "Cadastre (CAD+ACS)", "Coordinates (Lat)": "33.893513", "Coordinates (Long)": "35.542358", "Governorate": "MountLebanon", "District": "ElMeten", "Cadaster": "Bourj Hammoud", "Municipality Name": "Borj Hammoud", "Union of Municipalities (UoM)": "UOM El Metn El Chemali El Sahili El Aousat", "UNDP Focal Point": "Nancy Hilal", "National Counterpart\n(Institutional Title)": "Municipality of Burj Hammoud", "Counterpart Type": "Municipality", "CPD Output No.": " ", "Strategic Plan 2026-2029\nActivity / Output No.": " ", "Gender Marker": " ", "Remarks / Notes": "Donor: Norway | Implementation: 2024\r" }, "geometry": { "type": "Point", "coordinates": [ 35.542358, 33.893513 ] } },
{ "type": "Feature", "properties": { "REF": 367, "Project ID (Quantum)": "97505", "Project Name": "Palestinian Gatherings Host Comm.2", "Programme": "Crisis Prevention and Crisis Recovery (CPCR)", "Start Date": "01/12/2015", "End Date": "31/12/2026", "Project Status": "Completed", "Output / Activity No.\n(per ProDoc results framework)": " ", "Full Activity Name": "Supply and Installation of PV System for Karageuzian Health Center in Burj Hammoud", "Activity Description": "The project focused on transitioning the facility to renewable energy solutions and enhancing its energy sustainability. The scope of work included the installation of a solar system, comprising solar panel boards, inverters, and batteries as well as the implementation of a comprehensive grounding and earthing system to ensure electrical safety.", "Type of Activity": "Renewable energy & energy efficiency", "Mother Project?": "Yes", "Mother Project Name": "Palestinian Gathering", "Geographic Level": "Cadastre (CAD+ACS)", "Coordinates (Lat)": "33.893513", "Coordinates (Long)": "35.542358", "Governorate": "MountLebanon", "District": "ElMeten", "Cadaster": "Bourj Hammoud", "Municipality Name": "Borj Hammoud", "Union of Municipalities (UoM)": "UOM El Metn El Chemali El Sahili El Aousat", "UNDP Focal Point": "Nancy Hilal", "National Counterpart\n(Institutional Title)": "Municipality of Burj Hammoud", "Counterpart Type": "Municipality", "CPD Output No.": " ", "Strategic Plan 2026-2029\nActivity / Output No.": " ", "Gender Marker": " ", "Remarks / Notes": "Donor: Germany KfW | Implementation: 2024\r" }, "geometry": { "type": "Point", "coordinates": [ 35.542358, 33.893513 ] } },
{ "type": "Feature", "properties": { "REF": 368, "Project ID (Quantum)": "97505", "Project Name": "Palestinian Gatherings Host Comm.2", "Programme": "Crisis Prevention and Crisis Recovery (CPCR)", "Start Date": "01/12/2015", "End Date": "31/12/2026", "Project Status": "Completed", "Output / Activity No.\n(per ProDoc results framework)": " ", "Full Activity Name": "Neighbourhood Upgrading - Maraach Street – Burj Hammoud – Lebanon", "Activity Description": "The project aimed at upgrading Maraach street, benefitting estimated 1,000 dwellers and 100 small businesses. On the road, works include the rehabilitation of sidewalks and paving, unclogging of sewer systems, management, and organization of electricity cables, and installing sewage and water connections and solar system of operation to the public toilets. Works to the shop facades include plastering and painting, concrete repair, and repairs and replacement of damaged rolling shutters.", "Type of Activity": "Livelihoods, agriculture & MSME support", "Mother Project?": "Yes", "Mother Project Name": "Palestinian Gathering", "Geographic Level": "Cadastre (CAD+ACS)", "Coordinates (Lat)": "33.893513", "Coordinates (Long)": "35.542358", "Governorate": "MountLebanon", "District": "ElMeten", "Cadaster": "Bourj Hammoud", "Municipality Name": "Borj Hammoud", "Union of Municipalities (UoM)": "UOM El Metn El Chemali El Sahili El Aousat", "UNDP Focal Point": "Nancy Hilal", "National Counterpart\n(Institutional Title)": "Municipality of Burj Hammoud", "Counterpart Type": "Municipality", "CPD Output No.": " ", "Strategic Plan 2026-2029\nActivity / Output No.": " ", "Gender Marker": " ", "Remarks / Notes": "Donor: Norway | Implementation: 2024 | District as reported: kgflfknodfkcgogknlln;l ," }, "geometry": { "type": "Point", "coordinates": [ 35.542358, 33.893513 ] } },
{ "type": "Feature", "properties": { "REF": 369, "Project ID (Quantum)": "97505", "Project Name": "Palestinian Gatherings Host Comm.2", "Programme": "Crisis Prevention and Crisis Recovery (CPCR)", "Start Date": "01/12/2015", "End Date": "31/12/2026", "Project Status": "Completed", "Output / Activity No.\n(per ProDoc results framework)": " ", "Full Activity Name": "Expanding SAWA3ED Home Services Online Platform", "Activity Description": "This project aimed at integrating home care services for sick and aging adults into the Sawa3ed platform, established by Makassed philanthropic organization with support of UNDP, as a prime opportunity for employment. 40 youth and women from Beirut received relevant training and 30 underwent paid internship in Makassed institutions. In addition, a database of home repair and maintenance services was built.", "Type of Activity": "Livelihoods, agriculture & MSME support", "Mother Project?": "Yes", "Mother Project Name": "Palestinian Gathering", "Geographic Level": "Cadastre (CAD+ACS)", "Coordinates (Lat)": "33.90462", "Coordinates (Long)": "35.506023", "Governorate": "Beirut", "District": "BeirutDistrict", "Cadaster": "Beirut Central District", "Municipality Name": "Beirut", "Union of Municipalities (UoM)": "No Union", "UNDP Focal Point": "Nancy Hilal", "National Counterpart\n(Institutional Title)": "Municipality of Beirut", "Counterpart Type": "Municipality", "CPD Output No.": " ", "Strategic Plan 2026-2029\nActivity / Output No.": " ", "Gender Marker": " ", "Remarks / Notes": "Donor: Norway | Implementation: 2024-2025\r" }, "geometry": { "type": "Point", "coordinates": [ 35.506023, 33.90462 ] } },
{ "type": "Feature", "properties": { "REF": 370, "Project ID (Quantum)": "97505", "Project Name": "Palestinian Gatherings Host Comm.2", "Programme": "Crisis Prevention and Crisis Recovery (CPCR)", "Start Date": "01/12/2015", "End Date": "31/12/2026", "Project Status": "Ongoing", "Output / Activity No.\n(per ProDoc results framework)": " ", "Full Activity Name": "Livelihood support to youth with disabilities in Beirut", "Activity Description": "Under the RPA with Taaown \"Enhanced Services for People & Children with Disabilities living in Palestinian Gatherings\", 20  youth with disabilities in Beirut were supported to retain and expand their small businesses. Support included training, coaching, and provision of material and equipment (in-kind grants)", "Type of Activity": "Renewable energy & energy efficiency", "Mother Project?": "Yes", "Mother Project Name": "Palestinian Gathering", "Geographic Level": " ", "Coordinates (Lat)": "#N/A", "Coordinates (Long)": "#N/A", "Governorate": " ", "District": " ", "Cadaster": " ", "Municipality Name": "0", "Union of Municipalities (UoM)": "#N/A", "UNDP Focal Point": "Nancy Hilal", "National Counterpart\n(Institutional Title)": "Municipality of Beirut / Beirut Southern Suburbs", "Counterpart Type": "Municipality", "CPD Output No.": " ", "Strategic Plan 2026-2029\nActivity / Output No.": " ", "Gender Marker": " ", "Remarks / Notes": "Donor: PRM | Implementation: 2024-2026 | Location as reported: Beirut and Mount Lebanon / Beirut/Baabda (multi-area – single governorate not applicable) | Locality as reported: Beirut / Beirut Southern Suburbs (cadaster not matched)\r" }, "geometry": null },
{ "type": "Feature", "properties": { "REF": 371, "Project ID (Quantum)": "97505", "Project Name": "Palestinian Gatherings Host Comm.2", "Programme": "Crisis Prevention and Crisis Recovery (CPCR)", "Start Date": "01/12/2015", "End Date": "31/12/2026", "Project Status": "Ongoing", "Output / Activity No.\n(per ProDoc results framework)": " ", "Full Activity Name": "Support to youth through scholarships", "Activity Description": "As part of support for Palestinian and Lebanese youth in Lebanon, youth in Beirut benefit from scholarships in TVET, university and Post-Graduate Upskilling Programs in Beirut.", "Type of Activity": "Livelihoods, agriculture & MSME support", "Mother Project?": "Yes", "Mother Project Name": "Palestinian Gathering", "Geographic Level": "Cadastre (CAD+ACS)", "Coordinates (Lat)": "33.90462", "Coordinates (Long)": "35.506023", "Governorate": "Beirut", "District": "BeirutDistrict", "Cadaster": "Beirut Central District", "Municipality Name": "Beirut", "Union of Municipalities (UoM)": "No Union", "UNDP Focal Point": "Nancy Hilal", "National Counterpart\n(Institutional Title)": "Municipality of Beirut", "Counterpart Type": "Municipality", "CPD Output No.": " ", "Strategic Plan 2026-2029\nActivity / Output No.": " ", "Gender Marker": " ", "Remarks / Notes": "Donor: Norway & Germany KfW | Implementation: 2024-2025\r" }, "geometry": { "type": "Point", "coordinates": [ 35.506023, 33.90462 ] } },
{ "type": "Feature", "properties": { "REF": 372, "Project ID (Quantum)": "97505", "Project Name": "Palestinian Gatherings Host Comm.2", "Programme": "Crisis Prevention and Crisis Recovery (CPCR)", "Start Date": "01/12/2015", "End Date": "31/12/2026", "Project Status": "Completed", "Output / Activity No.\n(per ProDoc results framework)": " ", "Full Activity Name": "Neighborhood Upgrading Works for Maachouk Gathering - South Lebanon - Phase 02", "Activity Description": "Neighborhood Upgrading Works for Maachouk Gathering - South Lebanon - Phase 02", "Type of Activity": "Municipal infrastructure", "Mother Project?": "Yes", "Mother Project Name": "Palestinian Gathering", "Geographic Level": "Cadastre (CAD+ACS)", "Coordinates (Lat)": "33.270146", "Coordinates (Long)": "35.199186", "Governorate": "South", "District": "Sour", "Cadaster": "Sour", "Municipality Name": "Sour", "Union of Municipalities (UoM)": "UOM Caza Sour", "UNDP Focal Point": "Nancy Hilal", "National Counterpart\n(Institutional Title)": "Municipality of Tyre", "Counterpart Type": "Municipality", "CPD Output No.": " ", "Strategic Plan 2026-2029\nActivity / Output No.": " ", "Gender Marker": " ", "Remarks / Notes": "Donor: KFW 7 | Implementation: 2025\r" }, "geometry": { "type": "Point", "coordinates": [ 35.199186, 33.270146 ] } },
{ "type": "Feature", "properties": { "REF": 373, "Project ID (Quantum)": "97505", "Project Name": "Palestinian Gatherings Host Comm.2", "Programme": "Crisis Prevention and Crisis Recovery (CPCR)", "Start Date": "01/12/2015", "End Date": "31/12/2026", "Project Status": "Completed", "Output / Activity No.\n(per ProDoc results framework)": " ", "Full Activity Name": "Neighborhood Upgrading Works in Kharayeb Gatherings – South Lebanon.", "Activity Description": "Neighborhood Upgrading Works in Kharayeb Gatherings – South Lebanon.", "Type of Activity": "Municipal infrastructure", "Mother Project?": "Yes", "Mother Project Name": "Palestinian Gathering", "Geographic Level": "Cadastre (CAD+ACS)", "Coordinates (Lat)": "33.352063", "Coordinates (Long)": "35.292346", "Governorate": "South", "District": "Saida", "Cadaster": "Khayayeb Saida", "Municipality Name": "Kharayeb Saida", "Union of Municipalities (UoM)": "UOM Sahil El Zahrani", "UNDP Focal Point": "Nancy Hilal", "National Counterpart\n(Institutional Title)": "Municipality of Kharayeb", "Counterpart Type": "Municipality", "CPD Output No.": " ", "Strategic Plan 2026-2029\nActivity / Output No.": " ", "Gender Marker": " ", "Remarks / Notes": "Donor: KFW 7 | Implementation: 2025\r" }, "geometry": { "type": "Point", "coordinates": [ 35.292346, 33.352063 ] } },
{ "type": "Feature", "properties": { "REF": 374, "Project ID (Quantum)": "97505", "Project Name": "Palestinian Gatherings Host Comm.2", "Programme": "Crisis Prevention and Crisis Recovery (CPCR)", "Start Date": "01/12/2015", "End Date": "31/12/2026", "Project Status": "Planned", "Output / Activity No.\n(per ProDoc results framework)": " ", "Full Activity Name": "Upgrading and Rehabilitation of WASH Amenities in Shabriha Gathering – South Lebanon", "Activity Description": "Upgrading and Rehabilitation of WASH Amenities in Shabriha Gathering – South Lebanon", "Type of Activity": "Municipal infrastructure", "Mother Project?": "Yes", "Mother Project Name": "Palestinian Gathering", "Geographic Level": "District", "Coordinates (Lat)": "#N/A", "Coordinates (Long)": "#N/A", "Governorate": "South", "District": "Sour", "Cadaster": " ", "Municipality Name": "0", "Union of Municipalities (UoM)": "#N/A", "UNDP Focal Point": "Nancy Hilal", "National Counterpart\n(Institutional Title)": "Municipality of Shabriha", "Counterpart Type": "Municipality", "CPD Output No.": " ", "Strategic Plan 2026-2029\nActivity / Output No.": " ", "Gender Marker": " ", "Remarks / Notes": "Donor: KFW 7 | Implementation: 2025 | Locality as reported: Shabriha (cadaster not matched)\r" }, "geometry": null },
{ "type": "Feature", "properties": { "REF": 375, "Project ID (Quantum)": "97505", "Project Name": "Palestinian Gatherings Host Comm.2", "Programme": "Crisis Prevention and Crisis Recovery (CPCR)", "Start Date": "01/12/2015", "End Date": "31/12/2026", "Project Status": "Completed", "Output / Activity No.\n(per ProDoc results framework)": " ", "Full Activity Name": "Support works for Al Hanan Center", "Activity Description": "Support works for Al Hanan Center", "Type of Activity": "Municipal infrastructure", "Mother Project?": "Yes", "Mother Project Name": "Palestinian Gathering", "Geographic Level": "Cadastre (CAD+ACS)", "Coordinates (Lat)": "33.297713", "Coordinates (Long)": "35.271012", "Governorate": "South", "District": "Sour", "Cadaster": "Aabbassiyet Sour", "Municipality Name": "Aabbassiye and Sour", "Union of Municipalities (UoM)": "UOM Caza Sour", "UNDP Focal Point": "Nancy Hilal", "National Counterpart\n(Institutional Title)": "Municipality of Abbasiyeh - Tyre", "Counterpart Type": "Municipality", "CPD Output No.": " ", "Strategic Plan 2026-2029\nActivity / Output No.": " ", "Gender Marker": " ", "Remarks / Notes": "Donor: KFW 7 | Implementation: 2025\r" }, "geometry": { "type": "Point", "coordinates": [ 35.271012, 33.297713 ] } },
{ "type": "Feature", "properties": { "REF": 376, "Project ID (Quantum)": "97505", "Project Name": "Palestinian Gatherings Host Comm.2", "Programme": "Crisis Prevention and Crisis Recovery (CPCR)", "Start Date": "01/12/2015", "End Date": "31/12/2026", "Project Status": "Planned", "Output / Activity No.\n(per ProDoc results framework)": " ", "Full Activity Name": "Support to community health in Saida, Al Hamchari Hospital (Mieh Mieh)", "Activity Description": "Support to community health in Saida, Al Hamchari Hospital (Mieh Mieh)", "Type of Activity": "Municipal infrastructure", "Mother Project?": "Yes", "Mother Project Name": "Palestinian Gathering", "Geographic Level": "Cadastre (CAD+ACS)", "Coordinates (Lat)": "33.543189", "Coordinates (Long)": "35.392577", "Governorate": "South", "District": "Saida", "Cadaster": "Miye ou Miyé", "Municipality Name": "Miyeh ou Miyeh", "Union of Municipalities (UoM)": "UOM Saida El Zahrani", "UNDP Focal Point": "Nancy Hilal", "National Counterpart\n(Institutional Title)": "Municipality of Mieh Mieh", "Counterpart Type": "Municipality", "CPD Output No.": " ", "Strategic Plan 2026-2029\nActivity / Output No.": " ", "Gender Marker": " ", "Remarks / Notes": "Donor: KFW 8 | Implementation: 2026\r" }, "geometry": { "type": "Point", "coordinates": [ 35.392577, 33.543189 ] } },
{ "type": "Feature", "properties": { "REF": 377, "Project ID (Quantum)": "97505", "Project Name": "Palestinian Gatherings Host Comm.2", "Programme": "Crisis Prevention and Crisis Recovery (CPCR)", "Start Date": "01/12/2015", "End Date": "31/12/2026", "Project Status": "Completed", "Output / Activity No.\n(per ProDoc results framework)": " ", "Full Activity Name": "Upgrading Works in Old Saida", "Activity Description": "Upgrading Works in Old Saida", "Type of Activity": "Municipal infrastructure", "Mother Project?": "Yes", "Mother Project Name": "Palestinian Gathering", "Geographic Level": "Cadastre (CAD+ACS)", "Coordinates (Lat)": "33.576936", "Coordinates (Long)": "35.384905", "Governorate": "South", "District": "Saida", "Cadaster": "Saida El-Qadimeh", "Municipality Name": "Saida", "Union of Municipalities (UoM)": "UOM Saida El Zahrani", "UNDP Focal Point": "Nancy Hilal", "National Counterpart\n(Institutional Title)": "Municipality of Old Saida", "Counterpart Type": "Municipality", "CPD Output No.": " ", "Strategic Plan 2026-2029\nActivity / Output No.": " ", "Gender Marker": " ", "Remarks / Notes": "Donor: USBPRM | Implementation: 2024-2025\r" }, "geometry": { "type": "Point", "coordinates": [ 35.384905, 33.576936 ] } },
{ "type": "Feature", "properties": { "REF": 378, "Project ID (Quantum)": "88560", "Project Name": "Peace Building in Lebanon, 3", "Programme": "Crisis Prevention and Crisis Recovery (CPCR)", "Start Date": "01/01/2014", "End Date": "31/12/2026", "Project Status": "Ongoing", "Output / Activity No.\n(per ProDoc results framework)": " ", "Full Activity Name": "Mitigating the impact of conflict escalation in Lebanon on social, economic, and institutional stability - Crisis Response and Stabilization programme", "Activity Description": "Capacitation of MSLD committees, formation of Insider Mediator taskforces, development of local peace strategies, implementing youth and women focused quick impact social initiatives", "Type of Activity": "Peacebuilding & social cohesion", "Mother Project?": "Yes", "Mother Project Name": "Peace Building", "Geographic Level": " ", "Coordinates (Lat)": "34.295088", "Coordinates (Long)": "36.409396", "Governorate": "BaalbekElHermel", "District": "Baalbek", "Cadaster": "Ras Baalbek Es-Sahel", "Municipality Name": "Ras Baalbek", "Union of Municipalities (UoM)": "No Union", "UNDP Focal Point": "Ramy Jabbour", "National Counterpart\n(Institutional Title)": "Union of Municipalities of Deir El Ahmar Qaa Ras Baalbeck Dahr El Ahmar Ain Kfarzabad Barr Elias Baalbeck UoM Maqneh Khodr", "Counterpart Type": "Municipality", "CPD Output No.": " ", "Strategic Plan 2026-2029\nActivity / Output No.": " ", "Gender Marker": " ", "Remarks / Notes": "Donor: EU-FPI | Implementation: 2025-2026 | Coverage: Deir El Ahmar Qaa Ras Baalbeck Dahr El Ahmar Ain Kfarzabad Barr Elias Baalbeck UoM Maqneh Khodr (multi-cadastral - single cadaster not applicable)\r" }, "geometry": { "type": "Point", "coordinates": [ 36.409396, 34.295088 ] } },
{ "type": "Feature", "properties": { "REF": 379, "Project ID (Quantum)": "88560", "Project Name": "Peace Building in Lebanon, 3", "Programme": "Crisis Prevention and Crisis Recovery (CPCR)", "Start Date": "01/01/2014", "End Date": "31/12/2026", "Project Status": "Completed", "Output / Activity No.\n(per ProDoc results framework)": " ", "Full Activity Name": "Implementing Mechanisms for Stability and Local Development in targeted communities in Mount Lebanon", "Activity Description": "UNDP’s Mechanisms for Stability and Local Development (MSLD) enhance social stability by supporting local and host communities in managing crises for sustainable local development. The process establishes local committees as peace infrastructures, promoting inclusive leadership, dialogue, and trust between municipalities and community actors. Through participatory Stability and Local Development (SLD) plans, communities identify priorities for infrastructure and basic services in a conflict-sensitive and transparent manner.", "Type of Activity": "Peacebuilding & social cohesion", "Mother Project?": "Yes", "Mother Project Name": "Peace Building", "Geographic Level": "National", "Coordinates (Lat)": "#N/A", "Coordinates (Long)": "#N/A", "Governorate": "National", "District": " ", "Cadaster": " ", "Municipality Name": "0", "Union of Municipalities (UoM)": "#N/A", "UNDP Focal Point": "Ramy Jabbour", "National Counterpart\n(Institutional Title)": "Union of Municipalities of Soultan Yaaqoub Zahle", "Counterpart Type": "Municipality", "CPD Output No.": " ", "Strategic Plan 2026-2029\nActivity / Output No.": " ", "Gender Marker": " ", "Remarks / Notes": "Donor: KfW | Implementation: 2024-2026 | Coverage: Soultan Yaaqoub Zahle UoM (multi-cadastral - single cadaster not applicable)\r" }, "geometry": null },
{ "type": "Feature", "properties": { "REF": 380, "Project ID (Quantum)": "88560", "Project Name": "Peace Building in Lebanon, 3", "Programme": "Crisis Prevention and Crisis Recovery (CPCR)", "Start Date": "01/01/2014", "End Date": "31/12/2026", "Project Status": "Completed", "Output / Activity No.\n(per ProDoc results framework)": " ", "Full Activity Name": "Implementing Mechanisms for Stability and Local Development in targeted communities in Mount Lebanon", "Activity Description": "UNDP’s Mechanisms for Stability and Local Development (MSLD) enhance social stability by supporting local and host communities in managing crises for sustainable local development. The process establishes local committees as peace infrastructures, promoting inclusive leadership, dialogue, and trust between municipalities and community actors. Through participatory Stability and Local Development (SLD) plans, communities identify priorities for infrastructure and basic services in a conflict-sensitive and transparent manner.", "Type of Activity": "Peacebuilding & social cohesion", "Mother Project?": "Yes", "Mother Project Name": "Peace Building", "Geographic Level": "National", "Coordinates (Lat)": "#N/A", "Coordinates (Long)": "#N/A", "Governorate": "National", "District": " ", "Cadaster": " ", "Municipality Name": "0", "Union of Municipalities (UoM)": "#N/A", "UNDP Focal Point": "Ramy Jabbour", "National Counterpart\n(Institutional Title)": "Municipality of Marj Raait Qaraoun", "Counterpart Type": "Municipality", "CPD Output No.": " ", "Strategic Plan 2026-2029\nActivity / Output No.": " ", "Gender Marker": " ", "Remarks / Notes": "Donor: PRM | Implementation: 2024 | Locality as reported: Marj Raait Qaraoun (cadaster not matched)\r" }, "geometry": null },
{ "type": "Feature", "properties": { "REF": 381, "Project ID (Quantum)": "88560", "Project Name": "Peace Building in Lebanon, 3", "Programme": "Crisis Prevention and Crisis Recovery (CPCR)", "Start Date": "01/01/2014", "End Date": "31/12/2026", "Project Status": "Ongoing", "Output / Activity No.\n(per ProDoc results framework)": " ", "Full Activity Name": "Mitigating the impact of conflict escalation in Lebanon on social, economic, and institutional stability - Crisis Response and Stabilization programme", "Activity Description": "Capacitation of MSLD committees, formation of Insider Mediator taskforces, development of local peace strategies, implementing youth and women focused quick impact social initiatives", "Type of Activity": "Peacebuilding & social cohesion", "Mother Project?": "Yes", "Mother Project Name": "Peace Building", "Geographic Level": " ", "Coordinates (Lat)": "#N/A", "Coordinates (Long)": "#N/A", "Governorate": " ", "District": " ", "Cadaster": " ", "Municipality Name": "0", "Union of Municipalities (UoM)": "#N/A", "UNDP Focal Point": "Ramy Jabbour", "National Counterpart\n(Institutional Title)": "Municipality of Chhim, Barja, Damour, Choueifat, Kfarmata,Jbeil, Chiyah Baysour, Kayfoun and Hammana", "Counterpart Type": "Municipality", "CPD Output No.": " ", "Strategic Plan 2026-2029\nActivity / Output No.": " ", "Gender Marker": " ", "Remarks / Notes": "Donor: EU-FPI | Implementation: 2025-2026 | District as reported: Chouf, Aley and Baabda | Coverage: Chhim, Barja, Damour, Choueifat, Kfarmata,Jbeil, Chiyah Baysour, Kayfoun and Hammana (multi-cadastral - single cadaster not applicable)" }, "geometry": null },
{ "type": "Feature", "properties": { "REF": 382, "Project ID (Quantum)": "88560", "Project Name": "Peace Building in Lebanon, 3", "Programme": "Crisis Prevention and Crisis Recovery (CPCR)", "Start Date": "01/01/2014", "End Date": "31/12/2026", "Project Status": "Ongoing", "Output / Activity No.\n(per ProDoc results framework)": " ", "Full Activity Name": "Implementing Mechanisms for Stability and Local Development in targeted communities in Mount Lebanon", "Activity Description": "UNDP’s Mechanisms for Stability and Local Development (MSLD) enhance social stability by supporting local and host communities in managing crises for sustainable local development. The process establishes local committees as peace infrastructures, promoting inclusive leadership, dialogue, and trust between municipalities and community actors. Through participatory Stability and Local Development (SLD) plans, communities identify priorities for infrastructure and basic services in a conflict-sensitive and transparent manner.", "Type of Activity": "Peacebuilding & social cohesion", "Mother Project?": "Yes", "Mother Project Name": "Peace Building", "Geographic Level": "Governorate", "Coordinates (Lat)": "#N/A", "Coordinates (Long)": "#N/A", "Governorate": "MountLebanon", "District": " ", "Cadaster": " ", "Municipality Name": "0", "Union of Municipalities (UoM)": "#N/A", "UNDP Focal Point": "Ramy Jabbour", "National Counterpart\n(Institutional Title)": "Bssair, Jiyeh and Beirut Southern Suburbs Union of municipalities", "Counterpart Type": "Municipality", "CPD Output No.": " ", "Strategic Plan 2026-2029\nActivity / Output No.": " ", "Gender Marker": " ", "Remarks / Notes": "Donor: KfW | Implementation: 2024-2026 | District as reported: Chouf and Baabda | Coverage: Bssair, Jiyeh and Beirut Southern Suburbs Union of municipalities (multi-cadastral - single cadaster not applicable)" }, "geometry": null },
{ "type": "Feature", "properties": { "REF": 383, "Project ID (Quantum)": "88560", "Project Name": "Peace Building in Lebanon, 3", "Programme": "Crisis Prevention and Crisis Recovery (CPCR)", "Start Date": "01/01/2014", "End Date": "31/12/2026", "Project Status": "Completed", "Output / Activity No.\n(per ProDoc results framework)": " ", "Full Activity Name": "Implementing Mechanisms for Stability and Local Development in targeted communities in Mount Lebanon", "Activity Description": "UNDP’s Mechanisms for Stability and Local Development (MSLD) enhance social stability by supporting local and host communities in managing crises for sustainable local development. The process establishes local committees as peace infrastructures, promoting inclusive leadership, dialogue, and trust between municipalities and community actors. Through participatory Stability and Local Development (SLD) plans, communities identify priorities for infrastructure and basic services in a conflict-sensitive and transparent manner.", "Type of Activity": "Peacebuilding & social cohesion", "Mother Project?": "Yes", "Mother Project Name": "Peace Building", "Geographic Level": "Governorate", "Coordinates (Lat)": "#N/A", "Coordinates (Long)": "#N/A", "Governorate": "MountLebanon", "District": " ", "Cadaster": " ", "Municipality Name": "0", "Union of Municipalities (UoM)": "#N/A", "UNDP Focal Point": "Ramy Jabbour", "National Counterpart\n(Institutional Title)": "Municipality of Damour, Aley, Choueifat", "Counterpart Type": "Municipality", "CPD Output No.": " ", "Strategic Plan 2026-2029\nActivity / Output No.": " ", "Gender Marker": " ", "Remarks / Notes": "Donor: PRM | Implementation: 2024 | District as reported: Aley and Chouf | Coverage: Damour, Aley, Choueifat (multi-cadastral - single cadaster not applicable)" }, "geometry": null },
{ "type": "Feature", "properties": { "REF": 384, "Project ID (Quantum)": "88560", "Project Name": "Peace Building in Lebanon, 3", "Programme": "Crisis Prevention and Crisis Recovery (CPCR)", "Start Date": "01/01/2014", "End Date": "31/12/2026", "Project Status": "Ongoing", "Output / Activity No.\n(per ProDoc results framework)": " ", "Full Activity Name": "Mitigating the impact of conflict escalation in Lebanon on social, economic, and institutional stability - Crisis Response and Stabilization programme", "Activity Description": "Capacitation of MSLD committees, formation of Insider Mediator taskforces, development of local peace strategies, implementing youth and women focused quick impact social activities", "Type of Activity": "Peacebuilding & social cohesion", "Mother Project?": "Yes", "Mother Project Name": "Peace Building", "Geographic Level": " ", "Coordinates (Lat)": "#N/A", "Coordinates (Long)": "#N/A", "Governorate": " ", "District": " ", "Cadaster": " ", "Municipality Name": "0", "Union of Municipalities (UoM)": "#N/A", "UNDP Focal Point": "Ramy Jabbour", "National Counterpart\n(Institutional Title)": "Municipality of Bqosta, Qrayeh, Majdelyoun, Maghdouche, Ghazieh, Saksakiyeh, Ansar, Kharayeb, Nabatiyeh, Abbassiyeh, Tyre", "Counterpart Type": "Municipality", "CPD Output No.": " ", "Strategic Plan 2026-2029\nActivity / Output No.": " ", "Gender Marker": " ", "Remarks / Notes": "Donor: EU-FPI | Implementation: 2025-2026 | Location as reported: South and Nabatiyeh / Saida, Tyre, Nabatiyeh (multi-area - single governorate not applicable) | Coverage: Bqosta, Qrayeh, Majdelyoun, Maghdouche, Ghazieh, Saksakiyeh, Ansar, Kharayeb, Nabatiyeh, Abbassiyeh, Tyre (multi-cadastral - single cadaster not applicable)" }, "geometry": null },
{ "type": "Feature", "properties": { "REF": 385, "Project ID (Quantum)": "88560", "Project Name": "Peace Building in Lebanon, 3", "Programme": "Crisis Prevention and Crisis Recovery (CPCR)", "Start Date": "01/01/2014", "End Date": "31/12/2026", "Project Status": "Ongoing", "Output / Activity No.\n(per ProDoc results framework)": " ", "Full Activity Name": "Implementing Mechanisms for Stability and Local Development in targeted communities in South Governorate", "Activity Description": "Developing conflict analysis, formation of MSLD committees, development of stability and local development plans, implementation of social initaitives", "Type of Activity": "Peacebuilding & social cohesion", "Mother Project?": "Yes", "Mother Project Name": "Peace Building", "Geographic Level": "District", "Coordinates (Lat)": "#N/A", "Coordinates (Long)": "#N/A", "Governorate": "South", "District": "Saida", "Cadaster": " ", "Municipality Name": "0", "Union of Municipalities (UoM)": "#N/A", "UNDP Focal Point": "Ramy Jabbour", "National Counterpart\n(Institutional Title)": "Union of Municipalities of Ghazieh, Sahel Zahrani", "Counterpart Type": "Municipality", "CPD Output No.": " ", "Strategic Plan 2026-2029\nActivity / Output No.": " ", "Gender Marker": " ", "Remarks / Notes": "Donor: KfW | Implementation: 2023-2024-2025-2026 | Coverage: Ghazieh, Sahel Zahrani UOM (multi-cadastral - single cadaster not applicable)" }, "geometry": null },
{ "type": "Feature", "properties": { "REF": 386, "Project ID (Quantum)": "1004581", "Project Name": "Peacebuilding Project (PB)", "Programme": "Crisis Prevention and Crisis Recovery (CPCR)", "Start Date": "01/06/2025", "End Date": "31/12/2028", "Project Status": "Ongoing", "Output / Activity No.\n(per ProDoc results framework)": " ", "Full Activity Name": " ", "Activity Description": " ", "Type of Activity": " ", "Mother Project?": " ", "Mother Project Name": " ", "Geographic Level": " ", "Coordinates (Lat)": " ", "Coordinates (Long)": " ", "Governorate": " ", "District": " ", "Cadaster": " ", "Municipality Name": " ", "Union of Municipalities (UoM)": " ", "UNDP Focal Point": "Ramy Jabbour", "National Counterpart\n(Institutional Title)": " ", "Counterpart Type": " ", "CPD Output No.": " ", "Strategic Plan 2026-2029\nActivity / Output No.": " ", "Gender Marker": " ", "Remarks / Notes": null }, "geometry": null },
{ "type": "Feature", "properties": { "REF": 387, "Project ID (Quantum)": "1004554", "Project Name": "Tripoli Peace Initiative: Safeguarding Stability in Lebanon - Peacebuilding Fund", "Programme": "Crisis Prevention and Crisis Recovery (CPCR)", "Start Date": "07/05/2025", "End Date": "22/04/2027", "Project Status": "Ongoing", "Output / Activity No.\n(per ProDoc results framework)": " ", "Full Activity Name": " ", "Activity Description": " ", "Type of Activity": " ", "Mother Project?": " ", "Mother Project Name": " ", "Geographic Level": " ", "Coordinates (Lat)": " ", "Coordinates (Long)": " ", "Governorate": " ", "District": " ", "Cadaster": " ", "Municipality Name": " ", "Union of Municipalities (UoM)": " ", "UNDP Focal Point": "Ramy Jabbour", "National Counterpart\n(Institutional Title)": " ", "Counterpart Type": " ", "CPD Output No.": " ", "Strategic Plan 2026-2029\nActivity / Output No.": " ", "Gender Marker": " ", "Remarks / Notes": null }, "geometry": null },
{ "type": "Feature", "properties": { "REF": 388, "Project ID (Quantum)": " ", "Project Name": "Construction of Hill Lake and Irrigation Networks Using Labor Intensive Approach in Bechwate", "Programme": "Green Inclusive Program (GID)", "Start Date": "25/06/2025", "End Date": "25/12/2025", "Project Status": "Ongoing", "Output / Activity No.\n(per ProDoc results framework)": " ", "Full Activity Name": "Increasing Access to Water for Irrigation", "Activity Description": "Construction of hill lake", "Type of Activity": "Water & irrigation infrastructure", "Mother Project?": "No", "Mother Project Name": " ", "Geographic Level": "Cadastre (CAD+ACS)", "Coordinates (Lat)": "34.148364", "Coordinates (Long)": "36.131831", "Governorate": "BaalbekElHermel", "District": "Baalbek", "Cadaster": "Bechouat", "Municipality Name": "Bechouat and Zrazir", "Union of Municipalities (UoM)": "UOM Mintaqat Deir El Ahmar", "UNDP Focal Point": " ", "National Counterpart\n(Institutional Title)": "Municipality of Bechwate", "Counterpart Type": "Municipality", "CPD Output No.": " ", "Strategic Plan 2026-2029\nActivity / Output No.": " ", "Gender Marker": " ", "Remarks / Notes": "Donor: KfW | Implementation: 2025 | Quantum project mapping to be confirmed\r" }, "geometry": { "type": "Point", "coordinates": [ 36.131831, 34.148364 ] } },
{ "type": "Feature", "properties": { "REF": 389, "Project ID (Quantum)": " ", "Project Name": "Construction of Hill Lake and Irrigation Networks Using Labor Intensive Approach in Nabha", "Programme": "Green Inclusive Program (GID)", "Start Date": "25/04/2025", "End Date": "26/12/2025", "Project Status": "Planned", "Output / Activity No.\n(per ProDoc results framework)": " ", "Full Activity Name": "Increasing Access to Water for Irrigation", "Activity Description": "Construction of hill lake", "Type of Activity": "Water & irrigation infrastructure", "Mother Project?": "No", "Mother Project Name": " ", "Geographic Level": "Cadastre (CAD+ACS)", "Coordinates (Lat)": "34.214383", "Coordinates (Long)": "36.170746", "Governorate": "BaalbekElHermel", "District": "Baalbek", "Cadaster": "Nabha Ed-Damdoum", "Municipality Name": "Nabha Ed-Damdoum and Qiddam and Mehfara and Qlaile-Harfouch", "Union of Municipalities (UoM)": "UOM Chamal Baalbek", "UNDP Focal Point": " ", "National Counterpart\n(Institutional Title)": "Municipality of Nabha", "Counterpart Type": "Municipality", "CPD Output No.": " ", "Strategic Plan 2026-2029\nActivity / Output No.": " ", "Gender Marker": " ", "Remarks / Notes": "Donor: KfW | Implementation: 2026 | Quantum project mapping to be confirmed\r" }, "geometry": { "type": "Point", "coordinates": [ 36.170746, 34.214383 ] } },
{ "type": "Feature", "properties": { "REF": 390, "Project ID (Quantum)": " ", "Project Name": "Construction of irrigation Canals and Networks Using Labor Intensive Approach in West Bekaa", "Programme": "Green Inclusive Program (GID)", "Start Date": "25/07/2025", "End Date": "25/12/2025", "Project Status": "Ongoing", "Output / Activity No.\n(per ProDoc results framework)": " ", "Full Activity Name": "Increasing Access to Water for Irrigation", "Activity Description": "Construction and rehabilitation of irrigation networks", "Type of Activity": "Water & irrigation infrastructure", "Mother Project?": "No", "Mother Project Name": " ", "Geographic Level": "District", "Coordinates (Lat)": "#N/A", "Coordinates (Long)": "#N/A", "Governorate": "Bekaa", "District": "WestBekaa", "Cadaster": " ", "Municipality Name": "0", "Union of Municipalities (UoM)": "#N/A", "UNDP Focal Point": " ", "National Counterpart\n(Institutional Title)": "Municipality of Khirbet Qanafar, Saghbine, Ain Zebde, Aitanit, and Bab Mareh", "Counterpart Type": "Municipality", "CPD Output No.": " ", "Strategic Plan 2026-2029\nActivity / Output No.": " ", "Gender Marker": " ", "Remarks / Notes": "Donor: KfW | Implementation: 2025 | Quantum project mapping to be confirmed | Coverage: Khirbet Qanafar, Saghbine, Ain Zebde, Aitanit, and Bab Mareh (multi-cadastral – single cadaster not applicable)" }, "geometry": null },
{ "type": "Feature", "properties": { "REF": 391, "Project ID (Quantum)": " ", "Project Name": "Construction of irrigation Canals and Networks Using Labor Intensive Approach in Zahle", "Programme": "Green Inclusive Program (GID)", "Start Date": "25/04/2025", "End Date": "26/12/2025", "Project Status": "Planned", "Output / Activity No.\n(per ProDoc results framework)": " ", "Full Activity Name": "Increasing Access to Water for Irrigation", "Activity Description": "Construction and rehabilitation of irrigation networks", "Type of Activity": "Water & irrigation infrastructure", "Mother Project?": "No", "Mother Project Name": " ", "Geographic Level": "District", "Coordinates (Lat)": "#N/A", "Coordinates (Long)": "#N/A", "Governorate": "Bekaa", "District": "Zahle", "Cadaster": " ", "Municipality Name": "0", "Union of Municipalities (UoM)": "#N/A", "UNDP Focal Point": " ", "National Counterpart\n(Institutional Title)": "Municipality of Zahle", "Counterpart Type": "Municipality", "CPD Output No.": " ", "Strategic Plan 2026-2029\nActivity / Output No.": " ", "Gender Marker": " ", "Remarks / Notes": "Donor: KfW | Implementation: 2026 | Quantum project mapping to be confirmed | Locality as reported: Zahle (cadaster not matched)\r" }, "geometry": null },
{ "type": "Feature", "properties": { "REF": 392, "Project ID (Quantum)": " ", "Project Name": "Construction of irrigation Canals and Pipelines Networks Using Labor Intensive Approach in El Qaa", "Programme": "Green Inclusive Program (GID)", "Start Date": "25/06/2025", "End Date": "25/12/2025", "Project Status": "Ongoing", "Output / Activity No.\n(per ProDoc results framework)": " ", "Full Activity Name": "Increasing Access to Water for Irrigation", "Activity Description": "Construction and rehabilitation of irrigation networks", "Type of Activity": "Water & irrigation infrastructure", "Mother Project?": "No", "Mother Project Name": " ", "Geographic Level": "Cadastre (CAD+ACS)", "Coordinates (Lat)": "34.333551", "Coordinates (Long)": "36.457841", "Governorate": "BaalbekElHermel", "District": "Baalbek", "Cadaster": "Qaa Baalbek", "Municipality Name": "El Qaa", "Union of Municipalities (UoM)": "No Union", "UNDP Focal Point": " ", "National Counterpart\n(Institutional Title)": "Municipality of El Qaa", "Counterpart Type": "Municipality", "CPD Output No.": " ", "Strategic Plan 2026-2029\nActivity / Output No.": " ", "Gender Marker": " ", "Remarks / Notes": "Donor: KfW | Implementation: 2025 | Quantum project mapping to be confirmed\r" }, "geometry": { "type": "Point", "coordinates": [ 36.457841, 34.333551 ] } },
{ "type": "Feature", "properties": { "REF": 393, "Project ID (Quantum)": "127018", "Project Name": "Decentralised Waste management", "Programme": "Green Inclusive Program (GID)", "Start Date": "01/05/2026", "End Date": "01/03/2027", "Project Status": "Ongoing", "Output / Activity No.\n(per ProDoc results framework)": " ", "Full Activity Name": "TaDWIR", "Activity Description": "Optimize the solid Waste Facility and upgrade towards RDF production", "Type of Activity": "Solid waste management", "Mother Project?": "Yes", "Mother Project Name": "TaDWIR", "Geographic Level": "District", "Coordinates (Lat)": "#N/A", "Coordinates (Long)": "#N/A", "Governorate": "Bekaa", "District": "Zahle", "Cadaster": " ", "Municipality Name": "0", "Union of Municipalities (UoM)": "#N/A", "UNDP Focal Point": " ", "National Counterpart\n(Institutional Title)": "Municipality of Zahle", "Counterpart Type": "Municipality", "CPD Output No.": " ", "Strategic Plan 2026-2029\nActivity / Output No.": " ", "Gender Marker": " ", "Remarks / Notes": "Donor: EU | Implementation: 2026 | Quantum project mapping to be confirmed | Locality as reported: Zahle (cadaster not matched)\r" }, "geometry": null },
{ "type": "Feature", "properties": { "REF": 394, "Project ID (Quantum)": "127018", "Project Name": "Decentralised Waste management", "Programme": "Green Inclusive Program (GID)", "Start Date": " ", "End Date": "01/04/2026", "Project Status": "Ongoing", "Output / Activity No.\n(per ProDoc results framework)": " ", "Full Activity Name": "TaDWIR", "Activity Description": "Supply Machinery (1 wheel loader, 1 skid steer loader and 1 tipper truck) to Zahle Solid Waste Facility", "Type of Activity": "Solid waste management", "Mother Project?": "Yes", "Mother Project Name": "TaDWIR", "Geographic Level": "District", "Coordinates (Lat)": "#N/A", "Coordinates (Long)": "#N/A", "Governorate": "Bekaa", "District": "Zahle", "Cadaster": " ", "Municipality Name": "0", "Union of Municipalities (UoM)": "#N/A", "UNDP Focal Point": " ", "National Counterpart\n(Institutional Title)": "Municipality of Zahle", "Counterpart Type": "Municipality", "CPD Output No.": " ", "Strategic Plan 2026-2029\nActivity / Output No.": " ", "Gender Marker": " ", "Remarks / Notes": "Donor: EU | Implementation: 2026 | Quantum project mapping to be confirmed | Locality as reported: Zahle (cadaster not matched)\r" }, "geometry": null },
{ "type": "Feature", "properties": { "REF": 395, "Project ID (Quantum)": "127018", "Project Name": "Decentralised Waste management", "Programme": "Green Inclusive Program (GID)", "Start Date": " ", "End Date": "01/04/2026", "Project Status": "Ongoing", "Output / Activity No.\n(per ProDoc results framework)": " ", "Full Activity Name": "TaDWIR", "Activity Description": "Supply Machinery (1 wheel loader, 1 skid steer loader and 1 tipper truck) to Jeb Janine Solid Waste Facility", "Type of Activity": "Solid waste management", "Mother Project?": "Yes", "Mother Project Name": "TaDWIR", "Geographic Level": "District", "Coordinates (Lat)": "#N/A", "Coordinates (Long)": "#N/A", "Governorate": "Bekaa", "District": "WestBekaa", "Cadaster": " ", "Municipality Name": "0", "Union of Municipalities (UoM)": "#N/A", "UNDP Focal Point": " ", "National Counterpart\n(Institutional Title)": "Union of Municipalities of UoM of Buhaira", "Counterpart Type": "Municipality", "CPD Output No.": " ", "Strategic Plan 2026-2029\nActivity / Output No.": " ", "Gender Marker": " ", "Remarks / Notes": "Donor: EU | Implementation: 2026 | Quantum project mapping to be confirmed | Coverage: UoM of Buhaira (multi-cadastral – single cadaster not applicable)\r" }, "geometry": null },
{ "type": "Feature", "properties": { "REF": 396, "Project ID (Quantum)": "127018", "Project Name": "Decentralised Waste management", "Programme": "Green Inclusive Program (GID)", "Start Date": " ", "End Date": "01/04/2026", "Project Status": "Ongoing", "Output / Activity No.\n(per ProDoc results framework)": " ", "Full Activity Name": "TaDWIR", "Activity Description": "Supply Machinery (1 wheel loader, 1 skid steer loader and 1 tipper truck) to Baalbeck Solid Waste Facility", "Type of Activity": "Solid waste management", "Mother Project?": "Yes", "Mother Project Name": "TaDWIR", "Geographic Level": "Cadastre (CAD+ACS)", "Coordinates (Lat)": "34.013222", "Coordinates (Long)": "36.205511", "Governorate": "BaalbekElHermel", "District": "Baalbek", "Cadaster": "Baalbek", "Municipality Name": "Baalbek", "Union of Municipalities (UoM)": "UOM Baalbek", "UNDP Focal Point": " ", "National Counterpart\n(Institutional Title)": "Municipality of Baalbeck", "Counterpart Type": "Municipality", "CPD Output No.": " ", "Strategic Plan 2026-2029\nActivity / Output No.": " ", "Gender Marker": " ", "Remarks / Notes": "Donor: EU | Implementation: 2026 | Quantum project mapping to be confirmed\r" }, "geometry": { "type": "Point", "coordinates": [ 36.205511, 34.013222 ] } },
{ "type": "Feature", "properties": { "REF": 397, "Project ID (Quantum)": "127018", "Project Name": "Decentralised Waste management", "Programme": "Green Inclusive Program (GID)", "Start Date": "25/05/2025", "End Date": "01/10/2025", "Project Status": "Completed", "Output / Activity No.\n(per ProDoc results framework)": " ", "Full Activity Name": "TaDWIR", "Activity Description": "supply 481 Metal bins (1100 L)", "Type of Activity": "Solid waste management", "Mother Project?": "Yes", "Mother Project Name": "TaDWIR", "Geographic Level": "Governorate", "Coordinates (Lat)": "#N/A", "Coordinates (Long)": "#N/A", "Governorate": "Bekaa", "District": " ", "Cadaster": " ", "Municipality Name": "0", "Union of Municipalities (UoM)": "#N/A", "UNDP Focal Point": " ", "National Counterpart\n(Institutional Title)": " ", "Counterpart Type": " ", "CPD Output No.": " ", "Strategic Plan 2026-2029\nActivity / Output No.": " ", "Gender Marker": " ", "Remarks / Notes": "Donor: EU | Implementation: 2025 | Quantum project mapping to be confirmed | District as reported: Zahle and West Bekaa | Coverage: Several (multi-cadastral – single cadaster not applicable)\r" }, "geometry": null },
{ "type": "Feature", "properties": { "REF": 398, "Project ID (Quantum)": "127018", "Project Name": "Decentralised Waste management", "Programme": "Green Inclusive Program (GID)", "Start Date": "25/05/2025", "End Date": "01/10/2025", "Project Status": "Completed", "Output / Activity No.\n(per ProDoc results framework)": " ", "Full Activity Name": "TaDWIR", "Activity Description": "supply 850 Metal bins (1100 L)", "Type of Activity": "Solid waste management", "Mother Project?": "Yes", "Mother Project Name": "TaDWIR", "Geographic Level": "Governorate", "Coordinates (Lat)": "#N/A", "Coordinates (Long)": "#N/A", "Governorate": "BaalbekElHermel", "District": " ", "Cadaster": " ", "Municipality Name": "0", "Union of Municipalities (UoM)": "#N/A", "UNDP Focal Point": " ", "National Counterpart\n(Institutional Title)": " ", "Counterpart Type": " ", "CPD Output No.": " ", "Strategic Plan 2026-2029\nActivity / Output No.": " ", "Gender Marker": " ", "Remarks / Notes": "Donor: EU | Implementation: 2025 | Quantum project mapping to be confirmed | District as reported: Baalbek and Hermel | Coverage: Several (multi-cadastral – single cadaster not applicable)\r" }, "geometry": null },
{ "type": "Feature", "properties": { "REF": 399, "Project ID (Quantum)": "127018", "Project Name": "Decentralised Waste management", "Programme": "Green Inclusive Program (GID)", "Start Date": "25/05/2025", "End Date": "01/10/2025", "Project Status": "Completed", "Output / Activity No.\n(per ProDoc results framework)": " ", "Full Activity Name": "Support to Tensions Reduction in Lebanon through Improved Environmental Support and Solar Energy", "Activity Description": "supply 1203 plastic bins (240L)", "Type of Activity": "Solid waste management", "Mother Project?": "Yes", "Mother Project Name": "TaDWIR", "Geographic Level": "Governorate", "Coordinates (Lat)": "#N/A", "Coordinates (Long)": "#N/A", "Governorate": "BaalbekElHermel", "District": " ", "Cadaster": " ", "Municipality Name": "0", "Union of Municipalities (UoM)": "#N/A", "UNDP Focal Point": " ", "National Counterpart\n(Institutional Title)": " ", "Counterpart Type": " ", "CPD Output No.": " ", "Strategic Plan 2026-2029\nActivity / Output No.": " ", "Gender Marker": " ", "Remarks / Notes": "Donor: Norway | Implementation: 2025 | Quantum project mapping to be confirmed | District as reported: Baalbek and Hermel | Coverage: Several (multi-cadastral – single cadaster not applicable)\r" }, "geometry": null },
{ "type": "Feature", "properties": { "REF": 400, "Project ID (Quantum)": "127018", "Project Name": "Decentralised Waste management", "Programme": "Green Inclusive Program (GID)", "Start Date": "25/05/2025", "End Date": "01/10/2025", "Project Status": "Completed", "Output / Activity No.\n(per ProDoc results framework)": " ", "Full Activity Name": "Support to Tensions Reduction in Lebanon through Improved Environmental Support and Solar Energy", "Activity Description": "supply 1020 plastic bins (240L)", "Type of Activity": "Solid waste management", "Mother Project?": "Yes", "Mother Project Name": "TaDWIR", "Geographic Level": "District", "Coordinates (Lat)": "#N/A", "Coordinates (Long)": "#N/A", "Governorate": "Bekaa", "District": "WestBekaa", "Cadaster": " ", "Municipality Name": "0", "Union of Municipalities (UoM)": "#N/A", "UNDP Focal Point": " ", "National Counterpart\n(Institutional Title)": " ", "Counterpart Type": " ", "CPD Output No.": " ", "Strategic Plan 2026-2029\nActivity / Output No.": " ", "Gender Marker": " ", "Remarks / Notes": "Donor: Norway | Implementation: 2025 | Quantum project mapping to be confirmed | Coverage: Several (multi-cadastral – single cadaster not applicable)\r" }, "geometry": null },
{ "type": "Feature", "properties": { "REF": 401, "Project ID (Quantum)": "1001256", "Project Name": "EU Support to Lebanon's Green Agenda", "Programme": "Green Inclusive Program (GID)", "Start Date": "25/08/2025", "End Date": "26/04/2026", "Project Status": "Ongoing", "Output / Activity No.\n(per ProDoc results framework)": " ", "Full Activity Name": "Sustainable Energy for Public Services entities, entrepreneurship and innovation – EU Support to Lebanon’s Green Agenda", "Activity Description": "Solar PV  -  Machgara Technical School", "Type of Activity": "Renewable energy & energy efficiency", "Mother Project?": "Yes", "Mother Project Name": "Sustainable Energy for Public Services entities, entrepreneurship and innovation – EU Support to Lebanon’s Green Agenda", "Geographic Level": "Cadastre (CAD+ACS)", "Coordinates (Lat)": "33.52478", "Coordinates (Long)": "35.658856", "Governorate": "Bekaa", "District": "WestBekaa", "Cadaster": "Machghara", "Municipality Name": "Machgara", "Union of Municipalities (UoM)": "UOM El Bouhayra", "UNDP Focal Point": " ", "National Counterpart\n(Institutional Title)": "Municipality of Machgara", "Counterpart Type": "Municipality", "CPD Output No.": " ", "Strategic Plan 2026-2029\nActivity / Output No.": " ", "Gender Marker": " ", "Remarks / Notes": "Donor: EU | Implementation: 2026\r" }, "geometry": { "type": "Point", "coordinates": [ 35.658856, 33.52478 ] } },
{ "type": "Feature", "properties": { "REF": 402, "Project ID (Quantum)": "1001256", "Project Name": "EU Support to Lebanon's Green Agenda", "Programme": "Green Inclusive Program (GID)", "Start Date": "25/08/2025", "End Date": "26/04/2026", "Project Status": "Ongoing", "Output / Activity No.\n(per ProDoc results framework)": " ", "Full Activity Name": "Sustainable Energy for Public Services entities, entrepreneurship and innovation – EU Support to Lebanon’s Green Agenda", "Activity Description": "Solar PV  -  Hzerta Technical School", "Type of Activity": "Renewable energy & energy efficiency", "Mother Project?": "Yes", "Mother Project Name": "Sustainable Energy for Public Services entities, entrepreneurship and innovation – EU Support to Lebanon’s Green Agenda", "Geographic Level": "Cadastre (CAD+ACS)", "Coordinates (Lat)": "33.884003", "Coordinates (Long)": "35.859557", "Governorate": "Bekaa", "District": "Zahle", "Cadaster": "Hazerta", "Municipality Name": "Hazerta", "Union of Municipalities (UoM)": "UOM Caza Zahleh", "UNDP Focal Point": " ", "National Counterpart\n(Institutional Title)": "Municipality of Hzerta", "Counterpart Type": "Municipality", "CPD Output No.": " ", "Strategic Plan 2026-2029\nActivity / Output No.": " ", "Gender Marker": " ", "Remarks / Notes": "Donor: EU | Implementation: 2026\r" }, "geometry": { "type": "Point", "coordinates": [ 35.859557, 33.884003 ] } },
{ "type": "Feature", "properties": { "REF": 403, "Project ID (Quantum)": "1001256", "Project Name": "EU Support to Lebanon's Green Agenda", "Programme": "Green Inclusive Program (GID)", "Start Date": "25/08/2025", "End Date": "26/04/2026", "Project Status": "Ongoing", "Output / Activity No.\n(per ProDoc results framework)": " ", "Full Activity Name": "Sustainable Energy for Public Services entities, entrepreneurship and innovation – EU Support to Lebanon’s Green Agenda", "Activity Description": "Solar PV  -  Aarsal Technical School", "Type of Activity": "Renewable energy & energy efficiency", "Mother Project?": "Yes", "Mother Project Name": "Sustainable Energy for Public Services entities, entrepreneurship and innovation – EU Support to Lebanon’s Green Agenda", "Geographic Level": "Cadastre (CAD+ACS)", "Coordinates (Lat)": "34.149048", "Coordinates (Long)": "36.468539", "Governorate": "BaalbekElHermel", "District": "Baalbek", "Cadaster": "Aarsal", "Municipality Name": "Aarsal", "Union of Municipalities (UoM)": "No Union", "UNDP Focal Point": " ", "National Counterpart\n(Institutional Title)": "Municipality of Aarsal", "Counterpart Type": "Municipality", "CPD Output No.": " ", "Strategic Plan 2026-2029\nActivity / Output No.": " ", "Gender Marker": " ", "Remarks / Notes": "Donor: EU | Implementation: 2026\r" }, "geometry": { "type": "Point", "coordinates": [ 36.468539, 34.149048 ] } },
{ "type": "Feature", "properties": { "REF": 404, "Project ID (Quantum)": "1001256", "Project Name": "EU Support to Lebanon's Green Agenda", "Programme": "Green Inclusive Program (GID)", "Start Date": "25/08/2025", "End Date": "26/04/2026", "Project Status": "Ongoing", "Output / Activity No.\n(per ProDoc results framework)": " ", "Full Activity Name": "Sustainable Energy for Public Services entities, entrepreneurship and innovation – EU Support to Lebanon’s Green Agenda", "Activity Description": "Solar PV  -  Deir el Ahmar Technical school", "Type of Activity": "Renewable energy & energy efficiency", "Mother Project?": "Yes", "Mother Project Name": "Sustainable Energy for Public Services entities, entrepreneurship and innovation – EU Support to Lebanon’s Green Agenda", "Geographic Level": "Cadastre (CAD+ACS)", "Coordinates (Lat)": "34.122913", "Coordinates (Long)": "36.120002", "Governorate": "BaalbekElHermel", "District": "Baalbek", "Cadaster": "Deir El-Ahmar", "Municipality Name": "Deir El Ahmar", "Union of Municipalities (UoM)": "UOM Mintaqat Deir El Ahmar", "UNDP Focal Point": " ", "National Counterpart\n(Institutional Title)": "Municipality of Deir el Ahmar", "Counterpart Type": "Municipality", "CPD Output No.": " ", "Strategic Plan 2026-2029\nActivity / Output No.": " ", "Gender Marker": " ", "Remarks / Notes": "Donor: EU | Implementation: 2026\r" }, "geometry": { "type": "Point", "coordinates": [ 36.120002, 34.122913 ] } },
{ "type": "Feature", "properties": { "REF": 405, "Project ID (Quantum)": "1001256", "Project Name": "EU Support to Lebanon's Green Agenda", "Programme": "Green Inclusive Program (GID)", "Start Date": "25/01/2025", "End Date": "25/10/2025", "Project Status": "Completed", "Output / Activity No.\n(per ProDoc results framework)": " ", "Full Activity Name": "Sustainable Energy for Public Services entities, entrepreneurship and innovation – EU Support to Lebanon’s Green Agenda", "Activity Description": "Solar PV  -  Maqne public School", "Type of Activity": "Renewable energy & energy efficiency", "Mother Project?": "Yes", "Mother Project Name": "Sustainable Energy for Public Services entities, entrepreneurship and innovation – EU Support to Lebanon’s Green Agenda", "Geographic Level": "Cadastre (CAD+ACS)", "Coordinates (Lat)": "34.077631", "Coordinates (Long)": "36.200445", "Governorate": "BaalbekElHermel", "District": "Baalbek", "Cadaster": "Maqne", "Municipality Name": "Maqne", "Union of Municipalities (UoM)": "UOM Baalbek", "UNDP Focal Point": " ", "National Counterpart\n(Institutional Title)": "Municipality of Maqne", "Counterpart Type": "Municipality", "CPD Output No.": " ", "Strategic Plan 2026-2029\nActivity / Output No.": " ", "Gender Marker": " ", "Remarks / Notes": "Donor: EU | Implementation: 2025\r" }, "geometry": { "type": "Point", "coordinates": [ 36.200445, 34.077631 ] } },
{ "type": "Feature", "properties": { "REF": 406, "Project ID (Quantum)": "1001256", "Project Name": "EU Support to Lebanon's Green Agenda", "Programme": "Green Inclusive Program (GID)", "Start Date": "25/01/2025", "End Date": "25/10/2025", "Project Status": "Completed", "Output / Activity No.\n(per ProDoc results framework)": " ", "Full Activity Name": "Sustainable Energy for Public Services entities, entrepreneurship and innovation – EU Support to Lebanon’s Green Agenda", "Activity Description": "Solar PV  -  Nahle Public School", "Type of Activity": "Renewable energy & energy efficiency", "Mother Project?": "Yes", "Mother Project Name": "Sustainable Energy for Public Services entities, entrepreneurship and innovation – EU Support to Lebanon’s Green Agenda", "Geographic Level": "Cadastre (CAD+ACS)", "Coordinates (Lat)": "34.0503", "Coordinates (Long)": "36.329315", "Governorate": "BaalbekElHermel", "District": "Baalbek", "Cadaster": "Nahle baalbek", "Municipality Name": "Nahle", "Union of Municipalities (UoM)": "UOM Baalbek", "UNDP Focal Point": " ", "National Counterpart\n(Institutional Title)": "Municipality of Nahle", "Counterpart Type": "Municipality", "CPD Output No.": " ", "Strategic Plan 2026-2029\nActivity / Output No.": " ", "Gender Marker": " ", "Remarks / Notes": "Donor: EU | Implementation: 2025\r" }, "geometry": { "type": "Point", "coordinates": [ 36.329315, 34.0503 ] } },
{ "type": "Feature", "properties": { "REF": 407, "Project ID (Quantum)": "1001256", "Project Name": "EU Support to Lebanon's Green Agenda", "Programme": "Green Inclusive Program (GID)", "Start Date": "25/01/2025", "End Date": "25/10/2025", "Project Status": "Completed", "Output / Activity No.\n(per ProDoc results framework)": " ", "Full Activity Name": "Sustainable Energy for Public Services entities, entrepreneurship and innovation – EU Support to Lebanon’s Green Agenda", "Activity Description": "Solar PV  -  Haramoun Public School", "Type of Activity": "Renewable energy & energy efficiency", "Mother Project?": "Yes", "Mother Project Name": "Sustainable Energy for Public Services entities, entrepreneurship and innovation – EU Support to Lebanon’s Green Agenda", "Geographic Level": "District", "Coordinates (Lat)": "#N/A", "Coordinates (Long)": "#N/A", "Governorate": "Bekaa", "District": "WestBekaa", "Cadaster": " ", "Municipality Name": "0", "Union of Municipalities (UoM)": "#N/A", "UNDP Focal Point": " ", "National Counterpart\n(Institutional Title)": "Municipality of Haramoun", "Counterpart Type": "Municipality", "CPD Output No.": " ", "Strategic Plan 2026-2029\nActivity / Output No.": " ", "Gender Marker": " ", "Remarks / Notes": "Donor: EU | Implementation: 2025 | Locality as reported: Haramoun (cadaster not matched)\r" }, "geometry": null },
{ "type": "Feature", "properties": { "REF": 408, "Project ID (Quantum)": "1001256", "Project Name": "EU Support to Lebanon's Green Agenda", "Programme": "Green Inclusive Program (GID)", "Start Date": "25/01/2025", "End Date": "25/10/2025", "Project Status": "Completed", "Output / Activity No.\n(per ProDoc results framework)": " ", "Full Activity Name": "Sustainable Energy for Public Services entities, entrepreneurship and innovation – EU Support to Lebanon’s Green Agenda", "Activity Description": "Solar PV  -  Sawiri Public School", "Type of Activity": "Renewable energy & energy efficiency", "Mother Project?": "Yes", "Mother Project Name": "Sustainable Energy for Public Services entities, entrepreneurship and innovation – EU Support to Lebanon’s Green Agenda", "Geographic Level": "Cadastre (CAD+ACS)", "Coordinates (Lat)": "33.685677", "Coordinates (Long)": "35.908007", "Governorate": "Bekaa", "District": "WestBekaa", "Cadaster": "Souairi", "Municipality Name": "Souairi", "Union of Municipalities (UoM)": "UOM El Sahel", "UNDP Focal Point": " ", "National Counterpart\n(Institutional Title)": "Municipality of Sawiri", "Counterpart Type": "Municipality", "CPD Output No.": " ", "Strategic Plan 2026-2029\nActivity / Output No.": " ", "Gender Marker": " ", "Remarks / Notes": "Donor: EU | Implementation: 2025\r" }, "geometry": { "type": "Point", "coordinates": [ 35.908007, 33.685677 ] } },
{ "type": "Feature", "properties": { "REF": 409, "Project ID (Quantum)": "1001256", "Project Name": "EU Support to Lebanon's Green Agenda", "Programme": "Green Inclusive Program (GID)", "Start Date": "26/02/2025", "End Date": "01/08/2026", "Project Status": "Planned", "Output / Activity No.\n(per ProDoc results framework)": " ", "Full Activity Name": "Sustainable Energy for Public Services entities, entrepreneurship and innovation – EU Support to Lebanon’s Green Agenda", "Activity Description": "Serail Baalback Hermel\nSolar PV + Energy Efficiency (LED lighting retrofit + HVAC Retrofit)", "Type of Activity": "Renewable energy & energy efficiency", "Mother Project?": "Yes", "Mother Project Name": "Sustainable Energy for Public Services entities, entrepreneurship and innovation – EU Support to Lebanon’s Green Agenda", "Geographic Level": "Governorate", "Coordinates (Lat)": "#N/A", "Coordinates (Long)": "#N/A", "Governorate": "BaalbekElHermel", "District": " ", "Cadaster": " ", "Municipality Name": "0", "Union of Municipalities (UoM)": "#N/A", "UNDP Focal Point": " ", "National Counterpart\n(Institutional Title)": "Municipality of Baalbeck-Hermel", "Counterpart Type": "Municipality", "CPD Output No.": " ", "Strategic Plan 2026-2029\nActivity / Output No.": " ", "Gender Marker": " ", "Remarks / Notes": "Donor: EU | Implementation: 2026 | District as reported: Baalbeck-Hermel | Locality as reported: Baalbeck-Hermel (cadaster not matched)\r" }, "geometry": null },
{ "type": "Feature", "properties": { "REF": 410, "Project ID (Quantum)": "1001256", "Project Name": "EU Support to Lebanon's Green Agenda", "Programme": "Green Inclusive Program (GID)", "Start Date": "25/01/2025", "End Date": "01/12/2025", "Project Status": "Ongoing", "Output / Activity No.\n(per ProDoc results framework)": " ", "Full Activity Name": "Sustainable Energy for Public Services entities, entrepreneurship and innovation – EU Support to Lebanon’s Green Agenda", "Activity Description": "Zahle Justice Palace\nSolar PV + Energy Efficiency (LED lighting retrofit + HVAC Retrofit)", "Type of Activity": "Renewable energy & energy efficiency", "Mother Project?": "Yes", "Mother Project Name": "Sustainable Energy for Public Services entities, entrepreneurship and innovation – EU Support to Lebanon’s Green Agenda", "Geographic Level": "District", "Coordinates (Lat)": "#N/A", "Coordinates (Long)": "#N/A", "Governorate": "Bekaa", "District": "Zahle", "Cadaster": " ", "Municipality Name": "0", "Union of Municipalities (UoM)": "#N/A", "UNDP Focal Point": " ", "National Counterpart\n(Institutional Title)": "Municipality of Zahle", "Counterpart Type": "Municipality", "CPD Output No.": " ", "Strategic Plan 2026-2029\nActivity / Output No.": " ", "Gender Marker": " ", "Remarks / Notes": "Donor: EU | Implementation: 2025 | Locality as reported: Zahle (cadaster not matched)\r" }, "geometry": null },
{ "type": "Feature", "properties": { "REF": 411, "Project ID (Quantum)": "1001256", "Project Name": "EU Support to Lebanon's Green Agenda", "Programme": "Green Inclusive Program (GID)", "Start Date": "26/02/2025", "End Date": "01/08/2026", "Project Status": "Planned", "Output / Activity No.\n(per ProDoc results framework)": " ", "Full Activity Name": "Sustainable Energy for Public Services entities, entrepreneurship and innovation – EU Support to Lebanon’s Green Agenda", "Activity Description": "LAF - Bekaa Military Region Command", "Type of Activity": "Renewable energy & energy efficiency", "Mother Project?": "Yes", "Mother Project Name": "Sustainable Energy for Public Services entities, entrepreneurship and innovation – EU Support to Lebanon’s Green Agenda", "Geographic Level": "Governorate", "Coordinates (Lat)": "#N/A", "Coordinates (Long)": "#N/A", "Governorate": "Bekaa", "District": " ", "Cadaster": " ", "Municipality Name": "0", "Union of Municipalities (UoM)": "#N/A", "UNDP Focal Point": " ", "National Counterpart\n(Institutional Title)": " ", "Counterpart Type": " ", "CPD Output No.": " ", "Strategic Plan 2026-2029\nActivity / Output No.": " ", "Gender Marker": " ", "Remarks / Notes": "Donor: EU | Implementation: 2026\r" }, "geometry": null },
{ "type": "Feature", "properties": { "REF": 412, "Project ID (Quantum)": "1001256", "Project Name": "EU Support to Lebanon's Green Agenda", "Programme": "Green Inclusive Program (GID)", "Start Date": "25/08/2025", "End Date": "01/03/2026", "Project Status": "Ongoing", "Output / Activity No.\n(per ProDoc results framework)": " ", "Full Activity Name": "Sustainable Energy for Public Services entities, entrepreneurship and innovation – EU Support to Lebanon’s Green Agenda", "Activity Description": "ISF - Najib Zaatar Barracks\nSolar PV + Energy Efficiency (LED lighting retrofit + HVAC Retrofit)", "Type of Activity": "Renewable energy & energy efficiency", "Mother Project?": "Yes", "Mother Project Name": "Sustainable Energy for Public Services entities, entrepreneurship and innovation – EU Support to Lebanon’s Green Agenda", "Geographic Level": "Governorate", "Coordinates (Lat)": "#N/A", "Coordinates (Long)": "#N/A", "Governorate": "Bekaa", "District": " ", "Cadaster": " ", "Municipality Name": "0", "Union of Municipalities (UoM)": "#N/A", "UNDP Focal Point": " ", "National Counterpart\n(Institutional Title)": " ", "Counterpart Type": " ", "CPD Output No.": " ", "Strategic Plan 2026-2029\nActivity / Output No.": " ", "Gender Marker": " ", "Remarks / Notes": "Donor: EU | Implementation: 2026\r" }, "geometry": null },
{ "type": "Feature", "properties": { "REF": 413, "Project ID (Quantum)": "1001256", "Project Name": "EU Support to Lebanon's Green Agenda", "Programme": "Green Inclusive Program (GID)", "Start Date": "25/08/2025", "End Date": "01/03/2026", "Project Status": "Ongoing", "Output / Activity No.\n(per ProDoc results framework)": " ", "Full Activity Name": "Sustainable Energy for Public Services entities, entrepreneurship and innovation – EU Support to Lebanon’s Green Agenda", "Activity Description": "ISF – Zahle Prison for men\nSolar PV + Energy Efficiency (LED lighting retrofit + HVAC Retrofit)", "Type of Activity": "Renewable energy & energy efficiency", "Mother Project?": "Yes", "Mother Project Name": "Sustainable Energy for Public Services entities, entrepreneurship and innovation – EU Support to Lebanon’s Green Agenda", "Geographic Level": "District", "Coordinates (Lat)": "#N/A", "Coordinates (Long)": "#N/A", "Governorate": "Bekaa", "District": "Zahle", "Cadaster": " ", "Municipality Name": "0", "Union of Municipalities (UoM)": "#N/A", "UNDP Focal Point": " ", "National Counterpart\n(Institutional Title)": "Municipality of Zahle", "Counterpart Type": "Municipality", "CPD Output No.": " ", "Strategic Plan 2026-2029\nActivity / Output No.": " ", "Gender Marker": " ", "Remarks / Notes": "Donor: EU | Implementation: 2026 | Locality as reported: Zahle (cadaster not matched)\r" }, "geometry": null },
{ "type": "Feature", "properties": { "REF": 414, "Project ID (Quantum)": "1001256", "Project Name": "EU Support to Lebanon's Green Agenda", "Programme": "Green Inclusive Program (GID)", "Start Date": "26/02/2025", "End Date": "01/08/2026", "Project Status": "Planned", "Output / Activity No.\n(per ProDoc results framework)": " ", "Full Activity Name": "Sustainable Energy for Public Services entities, entrepreneurship and innovation – EU Support to Lebanon’s Green Agenda", "Activity Description": "ISF - Fares Al Jraidi Barracks", "Type of Activity": "Renewable energy & energy efficiency", "Mother Project?": "Yes", "Mother Project Name": "Sustainable Energy for Public Services entities, entrepreneurship and innovation – EU Support to Lebanon’s Green Agenda", "Geographic Level": "Governorate", "Coordinates (Lat)": "#N/A", "Coordinates (Long)": "#N/A", "Governorate": "Bekaa", "District": " ", "Cadaster": " ", "Municipality Name": "0", "Union of Municipalities (UoM)": "#N/A", "UNDP Focal Point": " ", "National Counterpart\n(Institutional Title)": " ", "Counterpart Type": " ", "CPD Output No.": " ", "Strategic Plan 2026-2029\nActivity / Output No.": " ", "Gender Marker": " ", "Remarks / Notes": "Donor: EU | Implementation: 2026\r" }, "geometry": null },
{ "type": "Feature", "properties": { "REF": 415, "Project ID (Quantum)": " ", "Project Name": "GID", "Programme": "Green Inclusive Program (GID)", "Start Date": "24/09/2025", "End Date": "25/08/2025", "Project Status": "Completed", "Output / Activity No.\n(per ProDoc results framework)": " ", "Full Activity Name": "TaDWIR", "Activity Description": "Construction of an infectious healthcare waste facility at Beirut Public University Hospital - Karantina", "Type of Activity": "Solid waste management", "Mother Project?": "Yes", "Mother Project Name": "GID", "Geographic Level": "Cadastre (CAD+ACS)", "Coordinates (Lat)": "33.90462", "Coordinates (Long)": "35.506023", "Governorate": "Beirut", "District": "BeirutDistrict", "Cadaster": "Beirut Central District", "Municipality Name": "Beirut", "Union of Municipalities (UoM)": "No Union", "UNDP Focal Point": " ", "National Counterpart\n(Institutional Title)": "Municipality of Beirut", "Counterpart Type": "Municipality", "CPD Output No.": " ", "Strategic Plan 2026-2029\nActivity / Output No.": " ", "Gender Marker": " ", "Remarks / Notes": "Donor: EU | Implementation: 2025 | Quantum project mapping to be confirmed\r" }, "geometry": { "type": "Point", "coordinates": [ 35.506023, 33.90462 ] } },
{ "type": "Feature", "properties": { "REF": 416, "Project ID (Quantum)": " ", "Project Name": "GID", "Programme": "Green Inclusive Program (GID)", "Start Date": "24/05/2025", "End Date": "25/10/2025", "Project Status": "Completed", "Output / Activity No.\n(per ProDoc results framework)": " ", "Full Activity Name": "Support to Tensions Reduction in Lebanon through Improved Environmental Support and Solar Energy", "Activity Description": "supply of 651 plastic bins (240 L)", "Type of Activity": "Solid waste management", "Mother Project?": "Yes", "Mother Project Name": "GID", "Geographic Level": "Cadastre (CAD+ACS)", "Coordinates (Lat)": "33.90462", "Coordinates (Long)": "35.506023", "Governorate": "Beirut", "District": "BeirutDistrict", "Cadaster": "Beirut Central District", "Municipality Name": "Beirut", "Union of Municipalities (UoM)": "No Union", "UNDP Focal Point": " ", "National Counterpart\n(Institutional Title)": "Municipality of Beirut", "Counterpart Type": "Municipality", "CPD Output No.": " ", "Strategic Plan 2026-2029\nActivity / Output No.": " ", "Gender Marker": " ", "Remarks / Notes": "Donor: Norway | Implementation: 2025 | Quantum project mapping to be confirmed\r" }, "geometry": { "type": "Point", "coordinates": [ 35.506023, 33.90462 ] } },
{ "type": "Feature", "properties": { "REF": 417, "Project ID (Quantum)": " ", "Project Name": "GID", "Programme": "Green Inclusive Program (GID)", "Start Date": "24/05/2025", "End Date": "25/10/2025", "Project Status": "Completed", "Output / Activity No.\n(per ProDoc results framework)": " ", "Full Activity Name": "Support to Tensions Reduction in Lebanon through Improved Environmental Support and Solar Energy", "Activity Description": "supply of 360 plastic bins (240 L)", "Type of Activity": "Solid waste management", "Mother Project?": "Yes", "Mother Project Name": "GID", "Geographic Level": "Governorate", "Coordinates (Lat)": "#N/A", "Coordinates (Long)": "#N/A", "Governorate": "MountLebanon", "District": " ", "Cadaster": " ", "Municipality Name": "0", "Union of Municipalities (UoM)": "#N/A", "UNDP Focal Point": " ", "National Counterpart\n(Institutional Title)": " ", "Counterpart Type": " ", "CPD Output No.": " ", "Strategic Plan 2026-2029\nActivity / Output No.": " ", "Gender Marker": " ", "Remarks / Notes": "Donor: Norway | Implementation: 2025 | Quantum project mapping to be confirmed | District as reported: Several | Coverage: Several (multi-cadastral – single cadaster not applicable)\r" }, "geometry": null },
{ "type": "Feature", "properties": { "REF": 418, "Project ID (Quantum)": " ", "Project Name": "GID", "Programme": "Green Inclusive Program (GID)", "Start Date": "25/07/2025", "End Date": "25/11/2025", "Project Status": "Ongoing", "Output / Activity No.\n(per ProDoc results framework)": " ", "Full Activity Name": "Increasing Access to Water for Irrigation", "Activity Description": "Construction and rehabilitation of irrigation networks", "Type of Activity": "Water & irrigation infrastructure", "Mother Project?": "Yes", "Mother Project Name": "GID", "Geographic Level": "Cadastre (CAD+ACS)", "Coordinates (Lat)": "33.995779", "Coordinates (Long)": "35.785747", "Governorate": "MountLebanon", "District": "Kesrwane", "Cadaster": "Kfar Dibiane", "Municipality Name": "Kfardibiane", "Union of Municipalities (UoM)": "UOM Kesrouane El Ftouh", "UNDP Focal Point": " ", "National Counterpart\n(Institutional Title)": "Municipality of Kfardebian", "Counterpart Type": "Municipality", "CPD Output No.": " ", "Strategic Plan 2026-2029\nActivity / Output No.": " ", "Gender Marker": " ", "Remarks / Notes": "Donor: KfW | Implementation: 2025 | Quantum project mapping to be confirmed\r" }, "geometry": { "type": "Point", "coordinates": [ 35.785747, 33.995779 ] } },
{ "type": "Feature", "properties": { "REF": 419, "Project ID (Quantum)": " ", "Project Name": "GID", "Programme": "Green Inclusive Program (GID)", "Start Date": "25/07/2025", "End Date": "25/11/2025", "Project Status": "Ongoing", "Output / Activity No.\n(per ProDoc results framework)": " ", "Full Activity Name": "Increasing Access to Water for Irrigation", "Activity Description": "Construction and rehabilitation of irrigation networks", "Type of Activity": "Water & irrigation infrastructure", "Mother Project?": "Yes", "Mother Project Name": "GID", "Geographic Level": "Cadastre (CAD+ACS)", "Coordinates (Lat)": "33.973789", "Coordinates (Long)": "35.781395", "Governorate": "MountLebanon", "District": "Kesrwane", "Cadaster": "Bqaatouta", "Municipality Name": "Bqaatouta", "Union of Municipalities (UoM)": "UOM Kesrouane El Ftouh", "UNDP Focal Point": " ", "National Counterpart\n(Institutional Title)": "Municipality of Beqaatouta", "Counterpart Type": "Municipality", "CPD Output No.": " ", "Strategic Plan 2026-2029\nActivity / Output No.": " ", "Gender Marker": " ", "Remarks / Notes": "Donor: KfW | Implementation: 2025 | Quantum project mapping to be confirmed\r" }, "geometry": { "type": "Point", "coordinates": [ 35.781395, 33.973789 ] } },
{ "type": "Feature", "properties": { "REF": 420, "Project ID (Quantum)": " ", "Project Name": "GID", "Programme": "Green Inclusive Program (GID)", "Start Date": "25/04/2025", "End Date": "25/12/2025", "Project Status": "Planned", "Output / Activity No.\n(per ProDoc results framework)": " ", "Full Activity Name": "Increasing Access to Water for Irrigation", "Activity Description": "Construction of Hill Lake", "Type of Activity": "Water & irrigation infrastructure", "Mother Project?": "Yes", "Mother Project Name": "GID", "Geographic Level": "Cadastre (CAD+ACS)", "Coordinates (Lat)": "34.117935", "Coordinates (Long)": "35.946826", "Governorate": "MountLebanon", "District": "Jbeil", "Cadaster": "Aaqoura", "Municipality Name": "Aaqoura", "Union of Municipalities (UoM)": "UOM Caza Jbeil", "UNDP Focal Point": " ", "National Counterpart\n(Institutional Title)": "Municipality of Akoura", "Counterpart Type": "Municipality", "CPD Output No.": " ", "Strategic Plan 2026-2029\nActivity / Output No.": " ", "Gender Marker": " ", "Remarks / Notes": "Donor: KfW | Implementation: 2026 | Quantum project mapping to be confirmed\r" }, "geometry": { "type": "Point", "coordinates": [ 35.946826, 34.117935 ] } },
{ "type": "Feature", "properties": { "REF": 421, "Project ID (Quantum)": " ", "Project Name": "GID", "Programme": "Green Inclusive Program (GID)", "Start Date": "25/04/2025", "End Date": "25/12/2025", "Project Status": "Planned", "Output / Activity No.\n(per ProDoc results framework)": " ", "Full Activity Name": "Increasing Access to Water for Irrigation", "Activity Description": "Construction and rehabilitation of irrigation networks", "Type of Activity": "Water & irrigation infrastructure", "Mother Project?": "Yes", "Mother Project Name": "GID", "Geographic Level": "Cadastre (CAD+ACS)", "Coordinates (Lat)": "34.045235", "Coordinates (Long)": "35.643536", "Governorate": "MountLebanon", "District": "Kesrwane", "Cadaster": "Bouar", "Municipality Name": "Bouar", "Union of Municipalities (UoM)": "UOM Kesrouane El Ftouh", "UNDP Focal Point": " ", "National Counterpart\n(Institutional Title)": "Municipality of Bouar", "Counterpart Type": "Municipality", "CPD Output No.": " ", "Strategic Plan 2026-2029\nActivity / Output No.": " ", "Gender Marker": " ", "Remarks / Notes": "Donor: KfW | Implementation: 2026 | Quantum project mapping to be confirmed\r" }, "geometry": { "type": "Point", "coordinates": [ 35.643536, 34.045235 ] } },
{ "type": "Feature", "properties": { "REF": 422, "Project ID (Quantum)": " ", "Project Name": "GID", "Programme": "Green Inclusive Program (GID)", "Start Date": "25/07/2025", "End Date": "25/03/2025", "Project Status": "Ongoing", "Output / Activity No.\n(per ProDoc results framework)": " ", "Full Activity Name": "Sustainable Energy for Public Services entities, entrepreneurship and innovation – EU Support to Lebanon’s Green Agenda", "Activity Description": "Ard Jalloul Technical School\nSolar PV + Energy Efficiency (LED lighting retrofit + HVAC Retrofit)", "Type of Activity": "Renewable energy & energy efficiency", "Mother Project?": "Yes", "Mother Project Name": "GID", "Geographic Level": "District", "Coordinates (Lat)": "#N/A", "Coordinates (Long)": "#N/A", "Governorate": "MountLebanon", "District": "Baabda", "Cadaster": " ", "Municipality Name": "0", "Union of Municipalities (UoM)": "#N/A", "UNDP Focal Point": " ", "National Counterpart\n(Institutional Title)": "Municipality of Ghobeiry", "Counterpart Type": "Municipality", "CPD Output No.": " ", "Strategic Plan 2026-2029\nActivity / Output No.": " ", "Gender Marker": " ", "Remarks / Notes": "Donor: EU | Implementation: 2026 | Quantum project mapping to be confirmed | Locality as reported: Ghobeiry (cadaster not matched)\r" }, "geometry": null },
{ "type": "Feature", "properties": { "REF": 423, "Project ID (Quantum)": " ", "Project Name": "GID", "Programme": "Green Inclusive Program (GID)", "Start Date": "25/07/2025", "End Date": "25/03/2025", "Project Status": "Ongoing", "Output / Activity No.\n(per ProDoc results framework)": " ", "Full Activity Name": "Sustainable Energy for Public Services entities, entrepreneurship and innovation – EU Support to Lebanon’s Green Agenda", "Activity Description": "Ard Jalloul Hospitality School\nSolar PV + Energy Efficiency (LED lighting retrofit + HVAC Retrofit)", "Type of Activity": "Renewable energy & energy efficiency", "Mother Project?": "Yes", "Mother Project Name": "GID", "Geographic Level": "District", "Coordinates (Lat)": "#N/A", "Coordinates (Long)": "#N/A", "Governorate": "MountLebanon", "District": "Baabda", "Cadaster": " ", "Municipality Name": "0", "Union of Municipalities (UoM)": "#N/A", "UNDP Focal Point": " ", "National Counterpart\n(Institutional Title)": "Municipality of Ghobeiry", "Counterpart Type": "Municipality", "CPD Output No.": " ", "Strategic Plan 2026-2029\nActivity / Output No.": " ", "Gender Marker": " ", "Remarks / Notes": "Donor: EU | Implementation: 2025 | Quantum project mapping to be confirmed | Locality as reported: Ghobeiry (cadaster not matched)\r" }, "geometry": null },
{ "type": "Feature", "properties": { "REF": 424, "Project ID (Quantum)": " ", "Project Name": "GID", "Programme": "Green Inclusive Program (GID)", "Start Date": "25/06/2025", "End Date": "25/09/2025", "Project Status": "Completed", "Output / Activity No.\n(per ProDoc results framework)": " ", "Full Activity Name": "Sustainable Energy for Public Services entities, entrepreneurship and innovation – EU Support to Lebanon’s Green Agenda", "Activity Description": "Bir Hassan Technical School\nSolar PV + Energy Efficiency (LED lighting retrofit + HVAC Retrofit)", "Type of Activity": "Renewable energy & energy efficiency", "Mother Project?": "Yes", "Mother Project Name": "GID", "Geographic Level": "District", "Coordinates (Lat)": "#N/A", "Coordinates (Long)": "#N/A", "Governorate": "MountLebanon", "District": "Baabda", "Cadaster": " ", "Municipality Name": "0", "Union of Municipalities (UoM)": "#N/A", "UNDP Focal Point": " ", "National Counterpart\n(Institutional Title)": "Municipality of Ghobeiry", "Counterpart Type": "Municipality", "CPD Output No.": " ", "Strategic Plan 2026-2029\nActivity / Output No.": " ", "Gender Marker": " ", "Remarks / Notes": "Donor: EU | Implementation: 2025 | Quantum project mapping to be confirmed | Locality as reported: Ghobeiry (cadaster not matched)\r" }, "geometry": null },
{ "type": "Feature", "properties": { "REF": 425, "Project ID (Quantum)": " ", "Project Name": "GID", "Programme": "Green Inclusive Program (GID)", "Start Date": "25/06/2025", "End Date": "25/09/2025", "Project Status": "Completed", "Output / Activity No.\n(per ProDoc results framework)": " ", "Full Activity Name": "Sustainable Energy for Public Services entities, entrepreneurship and innovation – EU Support to Lebanon’s Green Agenda", "Activity Description": "Bir Hassan Hospitality School\nSolar PV + Energy Efficiency (LED lighting retrofit + HVAC Retrofit)", "Type of Activity": "Renewable energy & energy efficiency", "Mother Project?": "Yes", "Mother Project Name": "GID", "Geographic Level": "District", "Coordinates (Lat)": "#N/A", "Coordinates (Long)": "#N/A", "Governorate": "MountLebanon", "District": "Baabda", "Cadaster": " ", "Municipality Name": "0", "Union of Municipalities (UoM)": "#N/A", "UNDP Focal Point": " ", "National Counterpart\n(Institutional Title)": "Municipality of Ghobeiry", "Counterpart Type": "Municipality", "CPD Output No.": " ", "Strategic Plan 2026-2029\nActivity / Output No.": " ", "Gender Marker": " ", "Remarks / Notes": "Donor: EU | Implementation: 2025 | Quantum project mapping to be confirmed | Locality as reported: Ghobeiry (cadaster not matched)\r" }, "geometry": null },
{ "type": "Feature", "properties": { "REF": 426, "Project ID (Quantum)": " ", "Project Name": "GID", "Programme": "Green Inclusive Program (GID)", "Start Date": "24/12/2025", "End Date": "25/01/2025", "Project Status": "Completed", "Output / Activity No.\n(per ProDoc results framework)": " ", "Full Activity Name": "Sustainable Energy for Public Services entities, entrepreneurship and innovation – EU Support to Lebanon’s Green Agenda", "Activity Description": "Hotel School Dekweneh\nSolar PV + Energy Efficiency (LED lighting retrofit + HVAC Retrofit)", "Type of Activity": "Renewable energy & energy efficiency", "Mother Project?": "Yes", "Mother Project Name": "GID", "Geographic Level": "District", "Coordinates (Lat)": "#N/A", "Coordinates (Long)": "#N/A", "Governorate": "MountLebanon", "District": "Baabda", "Cadaster": " ", "Municipality Name": "0", "Union of Municipalities (UoM)": "#N/A", "UNDP Focal Point": " ", "National Counterpart\n(Institutional Title)": "Municipality of Ghobeiry", "Counterpart Type": "Municipality", "CPD Output No.": " ", "Strategic Plan 2026-2029\nActivity / Output No.": " ", "Gender Marker": " ", "Remarks / Notes": "Donor: EU | Implementation: 2025 | Quantum project mapping to be confirmed | Locality as reported: Ghobeiry (cadaster not matched)\r" }, "geometry": null },
{ "type": "Feature", "properties": { "REF": 427, "Project ID (Quantum)": " ", "Project Name": "GID", "Programme": "Green Inclusive Program (GID)", "Start Date": "25/01/2025", "End Date": "25/08/2025", "Project Status": "Completed", "Output / Activity No.\n(per ProDoc results framework)": " ", "Full Activity Name": "Renewable Energy opportunities - Solar for Sustainable Education - AECID", "Activity Description": "Solar PV  - Ahmad Bolbol official school", "Type of Activity": "Renewable energy & energy efficiency", "Mother Project?": "Yes", "Mother Project Name": "GID", "Geographic Level": "Cadastre (CAD+ACS)", "Coordinates (Lat)": "33.625629", "Coordinates (Long)": "35.462741", "Governorate": "MountLebanon", "District": "Chouf", "Cadaster": "Dalhoun", "Municipality Name": "Dalhoun", "Union of Municipalities (UoM)": "UOM Iqlim El Kharroub El Chamali", "UNDP Focal Point": " ", "National Counterpart\n(Institutional Title)": "Municipality of Dalhoun", "Counterpart Type": "Municipality", "CPD Output No.": " ", "Strategic Plan 2026-2029\nActivity / Output No.": " ", "Gender Marker": " ", "Remarks / Notes": "Donor: AECID | Implementation: 2025 | Quantum project mapping to be confirmed\r" }, "geometry": { "type": "Point", "coordinates": [ 35.462741, 33.625629 ] } },
{ "type": "Feature", "properties": { "REF": 428, "Project ID (Quantum)": " ", "Project Name": "GID", "Programme": "Green Inclusive Program (GID)", "Start Date": "25/01/2025", "End Date": "25/08/2025", "Project Status": "Completed", "Output / Activity No.\n(per ProDoc results framework)": " ", "Full Activity Name": "Renewable Energy opportunities - Solar for Sustainable Education - AECID", "Activity Description": "Solar PV  - Choueifat Omara Official Secondary School", "Type of Activity": "Renewable energy & energy efficiency", "Mother Project?": "Yes", "Mother Project Name": "GID", "Geographic Level": "Cadastre (CAD+ACS)", "Coordinates (Lat)": "33.82183", "Coordinates (Long)": "35.507005", "Governorate": "MountLebanon", "District": "Aley", "Cadaster": "Choueifat El-Aamrousiye", "Municipality Name": "Choueifat", "Union of Municipalities (UoM)": "No Union", "UNDP Focal Point": " ", "National Counterpart\n(Institutional Title)": "Municipality of Choueifat", "Counterpart Type": "Municipality", "CPD Output No.": " ", "Strategic Plan 2026-2029\nActivity / Output No.": " ", "Gender Marker": " ", "Remarks / Notes": "Donor: AECID | Implementation: 2025 | Quantum project mapping to be confirmed | District corrected per cadastral gazetteer (reported: Chouf)\r" }, "geometry": { "type": "Point", "coordinates": [ 35.507005, 33.82183 ] } },
{ "type": "Feature", "properties": { "REF": 429, "Project ID (Quantum)": " ", "Project Name": "GID", "Programme": "Green Inclusive Program (GID)", "Start Date": "25/01/2025", "End Date": "25/08/2025", "Project Status": "Completed", "Output / Activity No.\n(per ProDoc results framework)": " ", "Full Activity Name": "Renewable Energy opportunities - Solar for Sustainable Education - AECID", "Activity Description": "Solar PV  - Daria Mixed Official Secondary School", "Type of Activity": "Renewable energy & energy efficiency", "Mother Project?": "Yes", "Mother Project Name": "GID", "Geographic Level": "Cadastre (CAD+ACS)", "Coordinates (Lat)": "33.647272", "Coordinates (Long)": "35.508012", "Governorate": "MountLebanon", "District": "Chouf", "Cadaster": "Daraiya Ech-Chouf", "Municipality Name": "Daraiya", "Union of Municipalities (UoM)": "UOM Iqlim El Kharroub El Chamali", "UNDP Focal Point": " ", "National Counterpart\n(Institutional Title)": "Municipality of Daria", "Counterpart Type": "Municipality", "CPD Output No.": " ", "Strategic Plan 2026-2029\nActivity / Output No.": " ", "Gender Marker": " ", "Remarks / Notes": "Donor: AECID | Implementation: 2025 | Quantum project mapping to be confirmed\r" }, "geometry": { "type": "Point", "coordinates": [ 35.508012, 33.647272 ] } },
{ "type": "Feature", "properties": { "REF": 430, "Project ID (Quantum)": " ", "Project Name": "GID", "Programme": "Green Inclusive Program (GID)", "Start Date": "25/01/2025", "End Date": "25/08/2025", "Project Status": "Completed", "Output / Activity No.\n(per ProDoc results framework)": " ", "Full Activity Name": "Renewable Energy opportunities - Solar for Sustainable Education - AECID", "Activity Description": "Solar PV  - Bayssour Official Secondary School", "Type of Activity": "Renewable energy & energy efficiency", "Mother Project?": "Yes", "Mother Project Name": "GID", "Geographic Level": "Cadastre (CAD+ACS)", "Coordinates (Lat)": "33.662449", "Coordinates (Long)": "35.445361", "Governorate": "MountLebanon", "District": "Chouf", "Cadaster": "Baassir", "Municipality Name": "Baasir", "Union of Municipalities (UoM)": "UOM Iqlim El Kharroub El Chamali", "UNDP Focal Point": " ", "National Counterpart\n(Institutional Title)": "Municipality of Bayssour", "Counterpart Type": "Municipality", "CPD Output No.": " ", "Strategic Plan 2026-2029\nActivity / Output No.": " ", "Gender Marker": " ", "Remarks / Notes": "Donor: AECID | Implementation: 2025 | Quantum project mapping to be confirmed\r" }, "geometry": { "type": "Point", "coordinates": [ 35.445361, 33.662449 ] } },
{ "type": "Feature", "properties": { "REF": 431, "Project ID (Quantum)": " ", "Project Name": "GID", "Programme": "Green Inclusive Program (GID)", "Start Date": "26/01/2025", "End Date": "26/08/2025", "Project Status": "Planned", "Output / Activity No.\n(per ProDoc results framework)": " ", "Full Activity Name": "Renewable Energy opportunities - Solar for Sustainable Education - AECID", "Activity Description": "Solar PV  - Dekweneh Industrial institution", "Type of Activity": "Renewable energy & energy efficiency", "Mother Project?": "Yes", "Mother Project Name": "GID", "Geographic Level": "Cadastre (CAD+ACS)", "Coordinates (Lat)": "33.876245", "Coordinates (Long)": "35.545962", "Governorate": "MountLebanon", "District": "ElMeten", "Cadaster": "Dekouane", "Municipality Name": "Dekouane", "Union of Municipalities (UoM)": "UOM El Metn El Chemali El Sahili El Aousat", "UNDP Focal Point": " ", "National Counterpart\n(Institutional Title)": "Municipality of Dekweneh", "Counterpart Type": "Municipality", "CPD Output No.": " ", "Strategic Plan 2026-2029\nActivity / Output No.": " ", "Gender Marker": " ", "Remarks / Notes": "Donor: AECID | Implementation: 2026 | Quantum project mapping to be confirmed | District corrected per cadastral gazetteer (reported: Baabda)\r" }, "geometry": { "type": "Point", "coordinates": [ 35.545962, 33.876245 ] } },
{ "type": "Feature", "properties": { "REF": 432, "Project ID (Quantum)": " ", "Project Name": "GID", "Programme": "Green Inclusive Program (GID)", "Start Date": "26/01/2025", "End Date": "26/08/2025", "Project Status": "Planned", "Output / Activity No.\n(per ProDoc results framework)": " ", "Full Activity Name": "Renewable Energy opportunities - Solar for Sustainable Education - AECID", "Activity Description": "Solar PV - Ajaltoun technical school", "Type of Activity": "Renewable energy & energy efficiency", "Mother Project?": "Yes", "Mother Project Name": "GID", "Geographic Level": "Cadastre (CAD+ACS)", "Coordinates (Lat)": "33.963066", "Coordinates (Long)": "35.684477", "Governorate": "MountLebanon", "District": "Kesrwane", "Cadaster": "Aajaltoun", "Municipality Name": "Aajaltoun", "Union of Municipalities (UoM)": "UOM Kesrouane El Ftouh", "UNDP Focal Point": " ", "National Counterpart\n(Institutional Title)": "Municipality of Ajaltoun", "Counterpart Type": "Municipality", "CPD Output No.": " ", "Strategic Plan 2026-2029\nActivity / Output No.": " ", "Gender Marker": " ", "Remarks / Notes": "Donor: AECID | Implementation: 2026 | Quantum project mapping to be confirmed\r" }, "geometry": { "type": "Point", "coordinates": [ 35.684477, 33.963066 ] } },
{ "type": "Feature", "properties": { "REF": 433, "Project ID (Quantum)": " ", "Project Name": "GID", "Programme": "Green Inclusive Program (GID)", "Start Date": "25/01/2025", "End Date": "25/10/2025", "Project Status": "Completed", "Output / Activity No.\n(per ProDoc results framework)": " ", "Full Activity Name": "Sustainable Energy for Public Services entities, entrepreneurship and innovation – EU Support to Lebanon’s Green Agenda", "Activity Description": "Mobile Gendarmerie Barracks-Warwar:\nSolar PV", "Type of Activity": "Renewable energy & energy efficiency", "Mother Project?": "Yes", "Mother Project Name": "GID", "Geographic Level": "Cadastre (CAD+ACS)", "Coordinates (Lat)": "33.837426", "Coordinates (Long)": "35.525954", "Governorate": "MountLebanon", "District": "Baabda", "Cadaster": "Hadath Beyrouth", "Municipality Name": "Hadet", "Union of Municipalities (UoM)": "No Union", "UNDP Focal Point": " ", "National Counterpart\n(Institutional Title)": "Municipality of Hadath", "Counterpart Type": "Municipality", "CPD Output No.": " ", "Strategic Plan 2026-2029\nActivity / Output No.": " ", "Gender Marker": " ", "Remarks / Notes": "Donor: EU | Implementation: 2025 | Quantum project mapping to be confirmed\r" }, "geometry": { "type": "Point", "coordinates": [ 35.525954, 33.837426 ] } },
{ "type": "Feature", "properties": { "REF": 434, "Project ID (Quantum)": " ", "Project Name": "GID", "Programme": "Green Inclusive Program (GID)", "Start Date": "25/08/2025", "End Date": "26/02/2025", "Project Status": "Ongoing", "Output / Activity No.\n(per ProDoc results framework)": " ", "Full Activity Name": "Sustainable Energy for Public Services entities, entrepreneurship and innovation – EU Support to Lebanon’s Green Agenda", "Activity Description": "Barbar Khazen Barracks\nSolar PV + Energy Efficiency (LED lighting retrofit + HVAC Retrofit)", "Type of Activity": "Renewable energy & energy efficiency", "Mother Project?": "Yes", "Mother Project Name": "GID", "Geographic Level": "Cadastre (CAD+ACS)", "Coordinates (Lat)": "33.90462", "Coordinates (Long)": "35.506023", "Governorate": "Beirut", "District": "BeirutDistrict", "Cadaster": "Beirut Central District", "Municipality Name": "Beirut", "Union of Municipalities (UoM)": "No Union", "UNDP Focal Point": " ", "National Counterpart\n(Institutional Title)": "Municipality of Beirut", "Counterpart Type": "Municipality", "CPD Output No.": " ", "Strategic Plan 2026-2029\nActivity / Output No.": " ", "Gender Marker": " ", "Remarks / Notes": "Donor: EU | Implementation: 2026 | Quantum project mapping to be confirmed | Location as reported: Mount Lebanon / Beirut\r" }, "geometry": { "type": "Point", "coordinates": [ 35.506023, 33.90462 ] } },
{ "type": "Feature", "properties": { "REF": 435, "Project ID (Quantum)": " ", "Project Name": "GID", "Programme": "Green Inclusive Program (GID)", "Start Date": "25/08/2025", "End Date": "26/02/2025", "Project Status": "Ongoing", "Output / Activity No.\n(per ProDoc results framework)": " ", "Full Activity Name": "Sustainable Energy for Public Services entities, entrepreneurship and innovation – EU Support to Lebanon’s Green Agenda", "Activity Description": "Furn el Chebbak Barracks\nSolar PV + Energy Efficiency (LED lighting retrofit + HVAC Retrofit)", "Type of Activity": "Renewable energy & energy efficiency", "Mother Project?": "Yes", "Mother Project Name": "GID", "Geographic Level": "Cadastre (CAD+ACS)", "Coordinates (Lat)": "33.871424", "Coordinates (Long)": "35.525869", "Governorate": "Beirut", "District": "Baabda", "Cadaster": "Furn Ech-Chebbak", "Municipality Name": "Furn ech Chebak", "Union of Municipalities (UoM)": "UOM Sahil El Metn El Janoubi", "UNDP Focal Point": " ", "National Counterpart\n(Institutional Title)": "Municipality of Furn El Chebbak", "Counterpart Type": "Municipality", "CPD Output No.": " ", "Strategic Plan 2026-2029\nActivity / Output No.": " ", "Gender Marker": " ", "Remarks / Notes": "Donor: EU | Implementation: 2026 | Quantum project mapping to be confirmed | Location as reported: Mount Lebanon / Beirut\r" }, "geometry": { "type": "Point", "coordinates": [ 35.525869, 33.871424 ] } },
{ "type": "Feature", "properties": { "REF": 436, "Project ID (Quantum)": " ", "Project Name": "GID", "Programme": "Green Inclusive Program (GID)", "Start Date": "25/08/2025", "End Date": "26/02/2025", "Project Status": "Ongoing", "Output / Activity No.\n(per ProDoc results framework)": " ", "Full Activity Name": "Sustainable Energy for Public Services entities, entrepreneurship and innovation – EU Support to Lebanon’s Green Agenda", "Activity Description": "Joseph Daher Barracks\nSolar PV + Energy Efficiency (LED lighting retrofit + HVAC Retrofit)", "Type of Activity": "Renewable energy & energy efficiency", "Mother Project?": "Yes", "Mother Project Name": "GID", "Geographic Level": "Cadastre (CAD+ACS)", "Coordinates (Lat)": "33.90462", "Coordinates (Long)": "35.506023", "Governorate": "Beirut", "District": "BeirutDistrict", "Cadaster": "Beirut Central District", "Municipality Name": "Beirut", "Union of Municipalities (UoM)": "No Union", "UNDP Focal Point": " ", "National Counterpart\n(Institutional Title)": "Municipality of Beirut", "Counterpart Type": "Municipality", "CPD Output No.": " ", "Strategic Plan 2026-2029\nActivity / Output No.": " ", "Gender Marker": " ", "Remarks / Notes": "Donor: EU | Implementation: 2026 | Quantum project mapping to be confirmed | Location as reported: Mount Lebanon / Beirut\r" }, "geometry": { "type": "Point", "coordinates": [ 35.506023, 33.90462 ] } },
{ "type": "Feature", "properties": { "REF": 437, "Project ID (Quantum)": " ", "Project Name": "GID", "Programme": "Green Inclusive Program (GID)", "Start Date": "25/08/2025", "End Date": "26/02/2025", "Project Status": "Ongoing", "Output / Activity No.\n(per ProDoc results framework)": " ", "Full Activity Name": "Sustainable Energy for Public Services entities, entrepreneurship and innovation – EU Support to Lebanon’s Green Agenda", "Activity Description": "ISF-Wissam Eid-Aramoun\nSolar PV + Energy Efficiency (LED lighting retrofit + HVAC Retrofit)", "Type of Activity": "Renewable energy & energy efficiency", "Mother Project?": "Yes", "Mother Project Name": "GID", "Geographic Level": "District", "Coordinates (Lat)": "#N/A", "Coordinates (Long)": "#N/A", "Governorate": "Beirut", "District": "BeirutDistrict", "Cadaster": " ", "Municipality Name": "0", "Union of Municipalities (UoM)": "#N/A", "UNDP Focal Point": " ", "National Counterpart\n(Institutional Title)": "Municipality of Aramoun", "Counterpart Type": "Municipality", "CPD Output No.": " ", "Strategic Plan 2026-2029\nActivity / Output No.": " ", "Gender Marker": " ", "Remarks / Notes": "Donor: EU | Implementation: 2026 | Quantum project mapping to be confirmed | Location as reported: Mount Lebanon / Beirut | Locality as reported: Aramoun (cadaster not matched)\r" }, "geometry": null },
{ "type": "Feature", "properties": { "REF": 438, "Project ID (Quantum)": " ", "Project Name": "GID", "Programme": "Green Inclusive Program (GID)", "Start Date": "25/08/2025", "End Date": "26/02/2025", "Project Status": "Ongoing", "Output / Activity No.\n(per ProDoc results framework)": " ", "Full Activity Name": "Sustainable Energy for Public Services entities, entrepreneurship and innovation – EU Support to Lebanon’s Green Agenda", "Activity Description": "ISF-Sin El Fil\nSolar PV + Energy Efficiency (LED lighting retrofit + HVAC Retrofit)", "Type of Activity": "Renewable energy & energy efficiency", "Mother Project?": "Yes", "Mother Project Name": "GID", "Geographic Level": "District", "Coordinates (Lat)": "#N/A", "Coordinates (Long)": "#N/A", "Governorate": "Beirut", "District": "BeirutDistrict", "Cadaster": " ", "Municipality Name": "0", "Union of Municipalities (UoM)": "#N/A", "UNDP Focal Point": " ", "National Counterpart\n(Institutional Title)": "Municipality of Sin El Fil", "Counterpart Type": "Municipality", "CPD Output No.": " ", "Strategic Plan 2026-2029\nActivity / Output No.": " ", "Gender Marker": " ", "Remarks / Notes": "Donor: EU | Implementation: 2026 | Quantum project mapping to be confirmed | Location as reported: Mount Lebanon / Beirut | Locality as reported: Sin El Fil (cadaster not matched)\r" }, "geometry": null },
{ "type": "Feature", "properties": { "REF": 439, "Project ID (Quantum)": " ", "Project Name": "GID", "Programme": "Green Inclusive Program (GID)", "Start Date": "25/08/2025", "End Date": "26/02/2025", "Project Status": "Ongoing", "Output / Activity No.\n(per ProDoc results framework)": " ", "Full Activity Name": "Sustainable Energy for Public Services entities, entrepreneurship and innovation – EU Support to Lebanon’s Green Agenda", "Activity Description": "ISF-Warwar Rehabilitation Center for Children\nSolar PV + Energy Efficiency (LED lighting retrofit + HVAC Retrofit)", "Type of Activity": "Renewable energy & energy efficiency", "Mother Project?": "Yes", "Mother Project Name": "GID", "Geographic Level": "Cadastre (CAD+ACS)", "Coordinates (Lat)": "33.837426", "Coordinates (Long)": "35.525954", "Governorate": "Beirut", "District": "Baabda", "Cadaster": "Hadath Beyrouth", "Municipality Name": "Hadet", "Union of Municipalities (UoM)": "No Union", "UNDP Focal Point": " ", "National Counterpart\n(Institutional Title)": "Municipality of Hadath", "Counterpart Type": "Municipality", "CPD Output No.": " ", "Strategic Plan 2026-2029\nActivity / Output No.": " ", "Gender Marker": " ", "Remarks / Notes": "Donor: EU | Implementation: 2026 | Quantum project mapping to be confirmed | Location as reported: Mount Lebanon / Beirut\r" }, "geometry": { "type": "Point", "coordinates": [ 35.525954, 33.837426 ] } },
{ "type": "Feature", "properties": { "REF": 440, "Project ID (Quantum)": " ", "Project Name": "GID", "Programme": "Green Inclusive Program (GID)", "Start Date": "25/08/2025", "End Date": "26/02/2025", "Project Status": "Ongoing", "Output / Activity No.\n(per ProDoc results framework)": " ", "Full Activity Name": "Sustainable Energy for Public Services entities, entrepreneurship and innovation – EU Support to Lebanon’s Green Agenda", "Activity Description": "Directorate of Geographic Affairs, Aaraya -مديرية الشؤون الجغرافية - عاريا\nEnergy Efficiency (LED lighting retrofit)", "Type of Activity": "Renewable energy & energy efficiency", "Mother Project?": "Yes", "Mother Project Name": "GID", "Geographic Level": "Cadastre (CAD+ACS)", "Coordinates (Lat)": "33.832063", "Coordinates (Long)": "35.586907", "Governorate": "MountLebanon", "District": "Baabda", "Cadaster": "Aaraiya", "Municipality Name": "Arayia", "Union of Municipalities (UoM)": "UOM El Metn El Aaala", "UNDP Focal Point": " ", "National Counterpart\n(Institutional Title)": "Municipality of Araya", "Counterpart Type": "Municipality", "CPD Output No.": " ", "Strategic Plan 2026-2029\nActivity / Output No.": " ", "Gender Marker": " ", "Remarks / Notes": "Donor: EU | Implementation: 2026 | Quantum project mapping to be confirmed\r" }, "geometry": { "type": "Point", "coordinates": [ 35.586907, 33.832063 ] } },
{ "type": "Feature", "properties": { "REF": 441, "Project ID (Quantum)": " ", "Project Name": "GID", "Programme": "Green Inclusive Program (GID)", "Start Date": "25/08/2025", "End Date": "26/02/2025", "Project Status": "Ongoing", "Output / Activity No.\n(per ProDoc results framework)": " ", "Full Activity Name": "Sustainable Energy for Public Services entities, entrepreneurship and innovation – EU Support to Lebanon’s Green Agenda", "Activity Description": "Central Staff of Information Technology (IT) Bureau, Fayadyeh (The military Academy) مركز تأليل عمل الأركان - الفياضية\nSolar PV + Energy Efficiency (LED lighting retrofit + HVAC Retrofit)", "Type of Activity": "Renewable energy & energy efficiency", "Mother Project?": "Yes", "Mother Project Name": "GID", "Geographic Level": "District", "Coordinates (Lat)": "#N/A", "Coordinates (Long)": "#N/A", "Governorate": "MountLebanon", "District": "Baabda", "Cadaster": " ", "Municipality Name": "0", "Union of Municipalities (UoM)": "#N/A", "UNDP Focal Point": " ", "National Counterpart\n(Institutional Title)": "Municipality of Fayadiyeh", "Counterpart Type": "Municipality", "CPD Output No.": " ", "Strategic Plan 2026-2029\nActivity / Output No.": " ", "Gender Marker": " ", "Remarks / Notes": "Donor: EU | Implementation: 2026 | Quantum project mapping to be confirmed | Locality as reported: Fayadiyeh (cadaster not matched)\r" }, "geometry": null },
{ "type": "Feature", "properties": { "REF": 442, "Project ID (Quantum)": " ", "Project Name": "GID", "Programme": "Green Inclusive Program (GID)", "Start Date": "25/08/2025", "End Date": "26/02/2025", "Project Status": "Ongoing", "Output / Activity No.\n(per ProDoc results framework)": " ", "Full Activity Name": "Sustainable Energy for Public Services entities, entrepreneurship and innovation – EU Support to Lebanon’s Green Agenda", "Activity Description": "General Headquarter of Beirut, Henry Chehab\nSolar PV + Energy Efficiency (LED lighting retrofit + HVAC Retrofit)", "Type of Activity": "Renewable energy & energy efficiency", "Mother Project?": "Yes", "Mother Project Name": "GID", "Geographic Level": "District", "Coordinates (Lat)": "#N/A", "Coordinates (Long)": "#N/A", "Governorate": "Beirut", "District": "BeirutDistrict", "Cadaster": " ", "Municipality Name": "0", "Union of Municipalities (UoM)": "#N/A", "UNDP Focal Point": " ", "National Counterpart\n(Institutional Title)": "Municipality of Jnah", "Counterpart Type": "Municipality", "CPD Output No.": " ", "Strategic Plan 2026-2029\nActivity / Output No.": " ", "Gender Marker": " ", "Remarks / Notes": "Donor: EU | Implementation: 2026 | Quantum project mapping to be confirmed | Location as reported: Mount Lebanon / Beirut | Locality as reported: Jnah (cadaster not matched)\r" }, "geometry": null },
{ "type": "Feature", "properties": { "REF": 443, "Project ID (Quantum)": " ", "Project Name": "GID", "Programme": "Green Inclusive Program (GID)", "Start Date": "25/08/2025", "End Date": "26/02/2025", "Project Status": "Ongoing", "Output / Activity No.\n(per ProDoc results framework)": " ", "Full Activity Name": "Sustainable Energy for Public Services entities, entrepreneurship and innovation – EU Support to Lebanon’s Green Agenda", "Activity Description": "Health-Care Unit, Mount Lebanon - Sarba طبابة منطقة جبل لبنان - صربا (Healthcare center )\nSolar PV + Energy Efficiency (LED lighting retrofit + HVAC Retrofit)", "Type of Activity": "Renewable energy & energy efficiency", "Mother Project?": "Yes", "Mother Project Name": "GID", "Geographic Level": "Cadastre (CAD+ACS)", "Coordinates (Lat)": "33.995357", "Coordinates (Long)": "35.651652", "Governorate": "MountLebanon", "District": "Kesrwane", "Cadaster": "Jounie Sarba", "Municipality Name": "Jounieh", "Union of Municipalities (UoM)": "UOM Kesrouane El Ftouh", "UNDP Focal Point": " ", "National Counterpart\n(Institutional Title)": "Municipality of Sarba", "Counterpart Type": "Municipality", "CPD Output No.": " ", "Strategic Plan 2026-2029\nActivity / Output No.": " ", "Gender Marker": " ", "Remarks / Notes": "Donor: EU | Implementation: 2026 | Quantum project mapping to be confirmed\r" }, "geometry": { "type": "Point", "coordinates": [ 35.651652, 33.995357 ] } },
{ "type": "Feature", "properties": { "REF": 444, "Project ID (Quantum)": " ", "Project Name": "GID", "Programme": "Green Inclusive Program (GID)", "Start Date": "25/08/2025", "End Date": "26/02/2025", "Project Status": "Ongoing", "Output / Activity No.\n(per ProDoc results framework)": " ", "Full Activity Name": "Sustainable Energy for Public Services entities, entrepreneurship and innovation – EU Support to Lebanon’s Green Agenda", "Activity Description": "Health-Care Unit, Kfarchima مستوصف ثكنة كفرشيما\nSolar PV + Energy Efficiency (LED lighting retrofit + HVAC Retrofit)", "Type of Activity": "Renewable energy & energy efficiency", "Mother Project?": "Yes", "Mother Project Name": "GID", "Geographic Level": "Cadastre (CAD+ACS)", "Coordinates (Lat)": "33.815565", "Coordinates (Long)": "35.533414", "Governorate": "MountLebanon", "District": "Baabda", "Cadaster": "Kfar Chima", "Municipality Name": "Kfarchima", "Union of Municipalities (UoM)": "No Union", "UNDP Focal Point": " ", "National Counterpart\n(Institutional Title)": "Municipality of Kfashima", "Counterpart Type": "Municipality", "CPD Output No.": " ", "Strategic Plan 2026-2029\nActivity / Output No.": " ", "Gender Marker": " ", "Remarks / Notes": "Donor: EU | Implementation: 2026 | Quantum project mapping to be confirmed\r" }, "geometry": { "type": "Point", "coordinates": [ 35.533414, 33.815565 ] } },
{ "type": "Feature", "properties": { "REF": 445, "Project ID (Quantum)": " ", "Project Name": "GID", "Programme": "Green Inclusive Program (GID)", "Start Date": "25/08/2025", "End Date": "26/02/2025", "Project Status": "Ongoing", "Output / Activity No.\n(per ProDoc results framework)": " ", "Full Activity Name": "Sustainable Energy for Public Services entities, entrepreneurship and innovation – EU Support to Lebanon’s Green Agenda", "Activity Description": "Mount Lebanon, Kitchen-Tal Al Zaatar (مطبخ تل الزعتر)\nSolar PV + Energy Efficiency (LED lighting retrofit + HVAC Retrofit)", "Type of Activity": "Renewable energy & energy efficiency", "Mother Project?": "Yes", "Mother Project Name": "GID", "Geographic Level": "District", "Coordinates (Lat)": "#N/A", "Coordinates (Long)": "#N/A", "Governorate": "MountLebanon", "District": "Baabda", "Cadaster": " ", "Municipality Name": "0", "Union of Municipalities (UoM)": "#N/A", "UNDP Focal Point": " ", "National Counterpart\n(Institutional Title)": "Municipality of Tal Zaatar", "Counterpart Type": "Municipality", "CPD Output No.": " ", "Strategic Plan 2026-2029\nActivity / Output No.": " ", "Gender Marker": " ", "Remarks / Notes": "Donor: EU | Implementation: 2026 | Quantum project mapping to be confirmed | Locality as reported: Tal Zaatar (cadaster not matched)\r" }, "geometry": null },
{ "type": "Feature", "properties": { "REF": 446, "Project ID (Quantum)": " ", "Project Name": "GID", "Programme": "Green Inclusive Program (GID)", "Start Date": "25/08/2025", "End Date": "26/02/2025", "Project Status": "Ongoing", "Output / Activity No.\n(per ProDoc results framework)": " ", "Full Activity Name": "Sustainable Energy for Public Services entities, entrepreneurship and innovation – EU Support to Lebanon’s Green Agenda", "Activity Description": "Mount Lebanon Command Base, Fayadieh قيادة منطقة جبل لبنان - شكري غانم ( Building جهاز إسكان العسكرين المتطوعين)\nSolar PV + Energy Efficiency (LED lighting retrofit + HVAC Retrofit)", "Type of Activity": "Renewable energy & energy efficiency", "Mother Project?": "Yes", "Mother Project Name": "GID", "Geographic Level": "District", "Coordinates (Lat)": "#N/A", "Coordinates (Long)": "#N/A", "Governorate": "MountLebanon", "District": "Baabda", "Cadaster": " ", "Municipality Name": "0", "Union of Municipalities (UoM)": "#N/A", "UNDP Focal Point": " ", "National Counterpart\n(Institutional Title)": "Municipality of Fayadiyeh", "Counterpart Type": "Municipality", "CPD Output No.": " ", "Strategic Plan 2026-2029\nActivity / Output No.": " ", "Gender Marker": " ", "Remarks / Notes": "Donor: EU | Implementation: 2026 | Quantum project mapping to be confirmed | Locality as reported: Fayadiyeh (cadaster not matched)\r" }, "geometry": null },
{ "type": "Feature", "properties": { "REF": 447, "Project ID (Quantum)": " ", "Project Name": "GID", "Programme": "Green Inclusive Program (GID)", "Start Date": "25/08/2025", "End Date": "26/02/2025", "Project Status": "Ongoing", "Output / Activity No.\n(per ProDoc results framework)": " ", "Full Activity Name": "Sustainable Energy for Public Services entities, entrepreneurship and innovation – EU Support to Lebanon’s Green Agenda", "Activity Description": "Signal Regiment Command, Al Rihanieh قيادة فوج الإشارة - الريحانية - بعبدا Building A\nSolar PV + Energy Efficiency (LED lighting retrofit + HVAC Retrofit)", "Type of Activity": "Renewable energy & energy efficiency", "Mother Project?": "Yes", "Mother Project Name": "GID", "Geographic Level": "District", "Coordinates (Lat)": "#N/A", "Coordinates (Long)": "#N/A", "Governorate": "MountLebanon", "District": "Baabda", "Cadaster": " ", "Municipality Name": "0", "Union of Municipalities (UoM)": "#N/A", "UNDP Focal Point": " ", "National Counterpart\n(Institutional Title)": "Municipality of Rihaniyeh", "Counterpart Type": "Municipality", "CPD Output No.": " ", "Strategic Plan 2026-2029\nActivity / Output No.": " ", "Gender Marker": " ", "Remarks / Notes": "Donor: EU | Implementation: 2026 | Quantum project mapping to be confirmed | Locality as reported: Rihaniyeh (cadaster not matched)\r" }, "geometry": null },
{ "type": "Feature", "properties": { "REF": 448, "Project ID (Quantum)": " ", "Project Name": "GID", "Programme": "Green Inclusive Program (GID)", "Start Date": "26/01/2025", "End Date": "26/08/2025", "Project Status": "Planned", "Output / Activity No.\n(per ProDoc results framework)": " ", "Full Activity Name": "Sustainable Energy for Public Services entities, entrepreneurship and innovation – EU Support to Lebanon’s Green Agenda", "Activity Description": "Airborne Regiment-فوج المجوقل-غسطا.\nSolar PV + Energy Efficiency (LED lighting retrofit + HVAC Retrofit)", "Type of Activity": "Renewable energy & energy efficiency", "Mother Project?": "Yes", "Mother Project Name": "GID", "Geographic Level": "Cadastre (CAD+ACS)", "Coordinates (Lat)": "33.980165", "Coordinates (Long)": "35.675529", "Governorate": "MountLebanon", "District": "Kesrwane", "Cadaster": "Ghosta", "Municipality Name": "Ghosta", "Union of Municipalities (UoM)": "UOM Kesrouane El Ftouh", "UNDP Focal Point": " ", "National Counterpart\n(Institutional Title)": "Municipality of Ghosta", "Counterpart Type": "Municipality", "CPD Output No.": " ", "Strategic Plan 2026-2029\nActivity / Output No.": " ", "Gender Marker": " ", "Remarks / Notes": "Donor: EU | Implementation: 2026 | Quantum project mapping to be confirmed\r" }, "geometry": { "type": "Point", "coordinates": [ 35.675529, 33.980165 ] } },
{ "type": "Feature", "properties": { "REF": 449, "Project ID (Quantum)": " ", "Project Name": "GID", "Programme": "Green Inclusive Program (GID)", "Start Date": "26/01/2025", "End Date": "26/08/2025", "Project Status": "Planned", "Output / Activity No.\n(per ProDoc results framework)": " ", "Full Activity Name": "Sustainable Energy for Public Services entities, entrepreneurship and innovation – EU Support to Lebanon’s Green Agenda", "Activity Description": "موسيقى الجيش - الكرنتينا Army Music - Karantina\nSolar PV + Energy Efficiency (LED lighting retrofit + HVAC Retrofit)", "Type of Activity": "Renewable energy & energy efficiency", "Mother Project?": "Yes", "Mother Project Name": "GID", "Geographic Level": "District", "Coordinates (Lat)": "#N/A", "Coordinates (Long)": "#N/A", "Governorate": "Beirut", "District": "BeirutDistrict", "Cadaster": " ", "Municipality Name": "0", "Union of Municipalities (UoM)": "#N/A", "UNDP Focal Point": " ", "National Counterpart\n(Institutional Title)": "Municipality of Karantina", "Counterpart Type": "Municipality", "CPD Output No.": " ", "Strategic Plan 2026-2029\nActivity / Output No.": " ", "Gender Marker": " ", "Remarks / Notes": "Donor: EU | Implementation: 2026 | Quantum project mapping to be confirmed | Location as reported: Mount Lebanon / Beirut | Locality as reported: Karantina (cadaster not matched)\r" }, "geometry": null },
{ "type": "Feature", "properties": { "REF": 450, "Project ID (Quantum)": " ", "Project Name": "GID", "Programme": "Green Inclusive Program (GID)", "Start Date": "26/01/2025", "End Date": "26/08/2025", "Project Status": "Planned", "Output / Activity No.\n(per ProDoc results framework)": " ", "Full Activity Name": "Sustainable Energy for Public Services entities, entrepreneurship and innovation – EU Support to Lebanon’s Green Agenda", "Activity Description": "Kozhaya Chamoun\nBuilding Jawad Azar مبنى جواد عازار-اليرزة\nBuilding Amine Osta- مبنى أمين الأسطى -اليرزة\nSolar PV + Energy Efficiency (LED lighting retrofit + HVAC Retrofit)", "Type of Activity": "Renewable energy & energy efficiency", "Mother Project?": "Yes", "Mother Project Name": "GID", "Geographic Level": "District", "Coordinates (Lat)": "#N/A", "Coordinates (Long)": "#N/A", "Governorate": "MountLebanon", "District": "Baabda", "Cadaster": " ", "Municipality Name": "0", "Union of Municipalities (UoM)": "#N/A", "UNDP Focal Point": " ", "National Counterpart\n(Institutional Title)": "Municipality of Yarze", "Counterpart Type": "Municipality", "CPD Output No.": " ", "Strategic Plan 2026-2029\nActivity / Output No.": " ", "Gender Marker": " ", "Remarks / Notes": "Donor: EU | Implementation: 2026 | Quantum project mapping to be confirmed | Locality as reported: Yarze (cadaster not matched)\r" }, "geometry": null },
{ "type": "Feature", "properties": { "REF": 451, "Project ID (Quantum)": " ", "Project Name": "GID", "Programme": "Green Inclusive Program (GID)", "Start Date": "25/01/2025", "End Date": "25/12/2025", "Project Status": "Ongoing", "Output / Activity No.\n(per ProDoc results framework)": " ", "Full Activity Name": "Sustainable Energy for Public Services entities, entrepreneurship and innovation – EU Support to Lebanon’s Green Agenda", "Activity Description": "Baabda Justice Palace\nSolar PV + Energy Efficiency (LED lighting retrofit + HVAC Retrofit)", "Type of Activity": "Renewable energy & energy efficiency", "Mother Project?": "Yes", "Mother Project Name": "GID", "Geographic Level": "Cadastre (CAD+ACS)", "Coordinates (Lat)": "33.845533", "Coordinates (Long)": "35.544833", "Governorate": "MountLebanon", "District": "Baabda", "Cadaster": "Baabda", "Municipality Name": "Baabda and Hazmiye", "Union of Municipalities (UoM)": "UOM Sahil El Metn El Janoubi", "UNDP Focal Point": " ", "National Counterpart\n(Institutional Title)": "Municipality of Baabda", "Counterpart Type": "Municipality", "CPD Output No.": " ", "Strategic Plan 2026-2029\nActivity / Output No.": " ", "Gender Marker": " ", "Remarks / Notes": "Donor: EU | Implementation: 2025 | Quantum project mapping to be confirmed\r" }, "geometry": { "type": "Point", "coordinates": [ 35.544833, 33.845533 ] } },
{ "type": "Feature", "properties": { "REF": 452, "Project ID (Quantum)": " ", "Project Name": "GID", "Programme": "Green Inclusive Program (GID)", "Start Date": "25/01/2025", "End Date": "25/12/2025", "Project Status": "Ongoing", "Output / Activity No.\n(per ProDoc results framework)": " ", "Full Activity Name": "Sustainable Energy for Public Services entities, entrepreneurship and innovation – EU Support to Lebanon’s Green Agenda", "Activity Description": "Jounieh Justice Palace\nSolar PV + Energy Efficiency (LED lighting retrofit + HVAC Retrofit)", "Type of Activity": "Renewable energy & energy efficiency", "Mother Project?": "Yes", "Mother Project Name": "GID", "Geographic Level": "Cadastre (CAD+ACS)", "Coordinates (Lat)": "33.845533", "Coordinates (Long)": "35.544833", "Governorate": "MountLebanon", "District": "Baabda", "Cadaster": "Baabda", "Municipality Name": "Baabda and Hazmiye", "Union of Municipalities (UoM)": "UOM Sahil El Metn El Janoubi", "UNDP Focal Point": " ", "National Counterpart\n(Institutional Title)": "Municipality of Baabda", "Counterpart Type": "Municipality", "CPD Output No.": " ", "Strategic Plan 2026-2029\nActivity / Output No.": " ", "Gender Marker": " ", "Remarks / Notes": "Donor: EU | Implementation: 2025 | Quantum project mapping to be confirmed\r" }, "geometry": { "type": "Point", "coordinates": [ 35.544833, 33.845533 ] } },
{ "type": "Feature", "properties": { "REF": 453, "Project ID (Quantum)": " ", "Project Name": "GID", "Programme": "Green Inclusive Program (GID)", "Start Date": "25/02/2025", "End Date": "25/08/2025", "Project Status": "Planned", "Output / Activity No.\n(per ProDoc results framework)": " ", "Full Activity Name": "Sustainable Energy for Public Services entities, entrepreneurship and innovation – EU Support to Lebanon’s Green Agenda", "Activity Description": "Jdeideh Justice Palace\nSolar PV + Energy Efficiency (LED lighting retrofit + HVAC Retrofit)", "Type of Activity": "Renewable energy & energy efficiency", "Mother Project?": "Yes", "Mother Project Name": "GID", "Geographic Level": "Cadastre (CAD+ACS)", "Coordinates (Lat)": "33.845533", "Coordinates (Long)": "35.544833", "Governorate": "MountLebanon", "District": "Baabda", "Cadaster": "Baabda", "Municipality Name": "Baabda and Hazmiye", "Union of Municipalities (UoM)": "UOM Sahil El Metn El Janoubi", "UNDP Focal Point": " ", "National Counterpart\n(Institutional Title)": "Municipality of Baabda", "Counterpart Type": "Municipality", "CPD Output No.": " ", "Strategic Plan 2026-2029\nActivity / Output No.": " ", "Gender Marker": " ", "Remarks / Notes": "Donor: EU | Implementation: 2026 | Quantum project mapping to be confirmed\r" }, "geometry": { "type": "Point", "coordinates": [ 35.544833, 33.845533 ] } },
{ "type": "Feature", "properties": { "REF": 454, "Project ID (Quantum)": " ", "Project Name": "GID", "Programme": "Green Inclusive Program (GID)", "Start Date": "25/01/2025", "End Date": "25/08/2025", "Project Status": "Planned", "Output / Activity No.\n(per ProDoc results framework)": " ", "Full Activity Name": "Sustainable Energy for Public Services entities, entrepreneurship and innovation – EU Support to Lebanon’s Green Agenda", "Activity Description": "Serail Beirut\nSolar PV + Energy Efficiency (LED lighting retrofit + HVAC Retrofit)", "Type of Activity": "Renewable energy & energy efficiency", "Mother Project?": "Yes", "Mother Project Name": "GID", "Geographic Level": "Cadastre (CAD+ACS)", "Coordinates (Lat)": "33.845533", "Coordinates (Long)": "35.544833", "Governorate": "MountLebanon", "District": "Baabda", "Cadaster": "Baabda", "Municipality Name": "Baabda and Hazmiye", "Union of Municipalities (UoM)": "UOM Sahil El Metn El Janoubi", "UNDP Focal Point": " ", "National Counterpart\n(Institutional Title)": "Municipality of Baabda", "Counterpart Type": "Municipality", "CPD Output No.": " ", "Strategic Plan 2026-2029\nActivity / Output No.": " ", "Gender Marker": " ", "Remarks / Notes": "Donor: EU | Implementation: 2026 | Quantum project mapping to be confirmed\r" }, "geometry": { "type": "Point", "coordinates": [ 35.544833, 33.845533 ] } },
{ "type": "Feature", "properties": { "REF": 455, "Project ID (Quantum)": " ", "Project Name": "GID", "Programme": "Green Inclusive Program (GID)", "Start Date": "25/01/2025", "End Date": "25/08/2025", "Project Status": "Planned", "Output / Activity No.\n(per ProDoc results framework)": " ", "Full Activity Name": "Sustainable Energy for Public Services entities, entrepreneurship and innovation – EU Support to Lebanon’s Green Agenda", "Activity Description": "Serail Mount Lebanon\nSolar PV + Energy Efficiency (LED lighting retrofit + HVAC Retrofit)", "Type of Activity": "Renewable energy & energy efficiency", "Mother Project?": "Yes", "Mother Project Name": "GID", "Geographic Level": "Cadastre (CAD+ACS)", "Coordinates (Lat)": "33.845533", "Coordinates (Long)": "35.544833", "Governorate": "MountLebanon", "District": "Baabda", "Cadaster": "Baabda", "Municipality Name": "Baabda and Hazmiye", "Union of Municipalities (UoM)": "UOM Sahil El Metn El Janoubi", "UNDP Focal Point": " ", "National Counterpart\n(Institutional Title)": "Municipality of Baabda", "Counterpart Type": "Municipality", "CPD Output No.": " ", "Strategic Plan 2026-2029\nActivity / Output No.": " ", "Gender Marker": " ", "Remarks / Notes": "Donor: EU | Implementation: 2026 | Quantum project mapping to be confirmed\r" }, "geometry": { "type": "Point", "coordinates": [ 35.544833, 33.845533 ] } },
{ "type": "Feature", "properties": { "REF": 456, "Project ID (Quantum)": " ", "Project Name": "GID", "Programme": "Green Inclusive Program (GID)", "Start Date": "25/08/2025", "End Date": "26/04/2025", "Project Status": "Ongoing", "Output / Activity No.\n(per ProDoc results framework)": " ", "Full Activity Name": "Improving energy security and promoting the transition to sustainable energy in Lebanon - KFW", "Activity Description": "Solar PV at Lebanese University - Hadath Campus", "Type of Activity": "Renewable energy & energy efficiency", "Mother Project?": "Yes", "Mother Project Name": "GID", "Geographic Level": "Cadastre (CAD+ACS)", "Coordinates (Lat)": "33.837426", "Coordinates (Long)": "35.525954", "Governorate": "MountLebanon", "District": "Baabda", "Cadaster": "Hadath Beyrouth", "Municipality Name": "Hadet", "Union of Municipalities (UoM)": "No Union", "UNDP Focal Point": " ", "National Counterpart\n(Institutional Title)": "Municipality of Hadath", "Counterpart Type": "Municipality", "CPD Output No.": " ", "Strategic Plan 2026-2029\nActivity / Output No.": " ", "Gender Marker": " ", "Remarks / Notes": "Donor: KfW | Implementation: 2026 | Quantum project mapping to be confirmed\r" }, "geometry": { "type": "Point", "coordinates": [ 35.525954, 33.837426 ] } },
{ "type": "Feature", "properties": { "REF": 457, "Project ID (Quantum)": " ", "Project Name": "GID", "Programme": "Green Inclusive Program (GID)", "Start Date": "25/07/2025", "End Date": "26/01/2025", "Project Status": "Ongoing", "Output / Activity No.\n(per ProDoc results framework)": " ", "Full Activity Name": "Improving energy security and promoting the transition to sustainable energy in Lebanon - KFW", "Activity Description": "Lighting at Lebanese University - Hadath Campus", "Type of Activity": "Renewable energy & energy efficiency", "Mother Project?": "Yes", "Mother Project Name": "GID", "Geographic Level": "Cadastre (CAD+ACS)", "Coordinates (Lat)": "33.837426", "Coordinates (Long)": "35.525954", "Governorate": "MountLebanon", "District": "Baabda", "Cadaster": "Hadath Beyrouth", "Municipality Name": "Hadet", "Union of Municipalities (UoM)": "No Union", "UNDP Focal Point": " ", "National Counterpart\n(Institutional Title)": "Municipality of Hadath", "Counterpart Type": "Municipality", "CPD Output No.": " ", "Strategic Plan 2026-2029\nActivity / Output No.": " ", "Gender Marker": " ", "Remarks / Notes": "Donor: KfW | Implementation: 2026 | Quantum project mapping to be confirmed\r" }, "geometry": { "type": "Point", "coordinates": [ 35.525954, 33.837426 ] } },
{ "type": "Feature", "properties": { "REF": 458, "Project ID (Quantum)": " ", "Project Name": "GID", "Programme": "Green Inclusive Program (GID)", "Start Date": "25/06/2025", "End Date": "25/09/2025", "Project Status": "Completed", "Output / Activity No.\n(per ProDoc results framework)": " ", "Full Activity Name": "Improving energy security and promoting the transition to sustainable energy in Lebanon - KFW", "Activity Description": "Energy Efficiency at LIBNOR", "Type of Activity": "Renewable energy & energy efficiency", "Mother Project?": "Yes", "Mother Project Name": "GID", "Geographic Level": "Cadastre (CAD+ACS)", "Coordinates (Lat)": "33.876245", "Coordinates (Long)": "35.545962", "Governorate": "MountLebanon", "District": "ElMeten", "Cadaster": "Dekouane", "Municipality Name": "Dekouane", "Union of Municipalities (UoM)": "UOM El Metn El Chemali El Sahili El Aousat", "UNDP Focal Point": " ", "National Counterpart\n(Institutional Title)": "Municipality of Dekwaneh", "Counterpart Type": "Municipality", "CPD Output No.": " ", "Strategic Plan 2026-2029\nActivity / Output No.": " ", "Gender Marker": " ", "Remarks / Notes": "Donor: KfW | Implementation: 2025 | Quantum project mapping to be confirmed\r" }, "geometry": { "type": "Point", "coordinates": [ 35.545962, 33.876245 ] } },
{ "type": "Feature", "properties": { "REF": 459, "Project ID (Quantum)": " ", "Project Name": "GID", "Programme": "Green Inclusive Program (GID)", "Start Date": "25/08/2025", "End Date": "26/04/2025", "Project Status": "Ongoing", "Output / Activity No.\n(per ProDoc results framework)": " ", "Full Activity Name": "Improving energy security and promoting the transition to sustainable energy in Lebanon - KFW", "Activity Description": "Solar PV at Lebanese University - Administrative Building", "Type of Activity": "Renewable energy & energy efficiency", "Mother Project?": "Yes", "Mother Project Name": "GID", "Geographic Level": "Cadastre (CAD+ACS)", "Coordinates (Lat)": "33.90462", "Coordinates (Long)": "35.506023", "Governorate": "Beirut", "District": "BeirutDistrict", "Cadaster": "Beirut Central District", "Municipality Name": "Beirut", "Union of Municipalities (UoM)": "No Union", "UNDP Focal Point": " ", "National Counterpart\n(Institutional Title)": "Municipality of Beirut", "Counterpart Type": "Municipality", "CPD Output No.": " ", "Strategic Plan 2026-2029\nActivity / Output No.": " ", "Gender Marker": " ", "Remarks / Notes": "Donor: KfW | Implementation: 2026 | Quantum project mapping to be confirmed\r" }, "geometry": { "type": "Point", "coordinates": [ 35.506023, 33.90462 ] } },
{ "type": "Feature", "properties": { "REF": 460, "Project ID (Quantum)": " ", "Project Name": "GID", "Programme": "Green Inclusive Program (GID)", "Start Date": "26/01/2025", "End Date": " ", "Project Status": "Planned", "Output / Activity No.\n(per ProDoc results framework)": " ", "Full Activity Name": "KIP Stage I Strategy Plan Project", "Activity Description": "Conversion of 2 manufacturers to low-GWP, energy-efficient technologies under the Kigali Implementation Plan (KIP).", "Type of Activity": "Renewable energy & energy efficiency", "Mother Project?": "Yes", "Mother Project Name": "GID", "Geographic Level": "Cadastre (CAD+ACS)", "Coordinates (Lat)": "33.90462", "Coordinates (Long)": "35.506023", "Governorate": "Beirut", "District": "BeirutDistrict", "Cadaster": "Beirut Central District", "Municipality Name": "Beirut", "Union of Municipalities (UoM)": "No Union", "UNDP Focal Point": " ", "National Counterpart\n(Institutional Title)": "Municipality of Beirut", "Counterpart Type": "Municipality", "CPD Output No.": " ", "Strategic Plan 2026-2029\nActivity / Output No.": " ", "Gender Marker": " ", "Remarks / Notes": "Donor: MLF | Implementation: 2025-12-26 00:00:00 | Quantum project mapping to be confirmed\r" }, "geometry": { "type": "Point", "coordinates": [ 35.506023, 33.90462 ] } },
{ "type": "Feature", "properties": { "REF": 461, "Project ID (Quantum)": " ", "Project Name": "GID", "Programme": "Green Inclusive Program (GID)", "Start Date": "26/01/2025", "End Date": null, "Project Status": "Planned", "Output / Activity No.\n(per ProDoc results framework)": " ", "Full Activity Name": "KIP Stage I Strategy Plan Project", "Activity Description": "Conversion of 5 manufacturers to low-GWP, energy-efficient technologies under the Kigali Implementation Plan (KIP).", "Type of Activity": "Renewable energy & energy efficiency", "Mother Project?": "Yes", "Mother Project Name": "GID", "Geographic Level": "District", "Coordinates (Lat)": "#N/A", "Coordinates (Long)": "#N/A", "Governorate": "MountLebanon", "District": "Aley", "Cadaster": " ", "Municipality Name": "0", "Union of Municipalities (UoM)": "#N/A", "UNDP Focal Point": " ", "National Counterpart\n(Institutional Title)": " ", "Counterpart Type": " ", "CPD Output No.": " ", "Strategic Plan 2026-2029\nActivity / Output No.": " ", "Gender Marker": " ", "Remarks / Notes": "Donor: MLF | Implementation: 2025-12-26 00:00:00 | Quantum project mapping to be confirmed | Coverage: Several (multi-cadastral – single cadaster not applicable)\r" }, "geometry": null },
{ "type": "Feature", "properties": { "REF": 462, "Project ID (Quantum)": " ", "Project Name": "GID", "Programme": "Green Inclusive Program (GID)", "Start Date": "26/01/2025", "End Date": " ", "Project Status": "Planned", "Output / Activity No.\n(per ProDoc results framework)": " ", "Full Activity Name": "KIP Stage I Strategy Plan Project", "Activity Description": "Conversion of 8 manufacturers to low-GWP, energy-efficient technologies under the Kigali Implementation Plan (KIP).", "Type of Activity": "Renewable energy & energy efficiency", "Mother Project?": "Yes", "Mother Project Name": "GID", "Geographic Level": "District", "Coordinates (Lat)": "#N/A", "Coordinates (Long)": "#N/A", "Governorate": "MountLebanon", "District": "Baabda", "Cadaster": " ", "Municipality Name": "0", "Union of Municipalities (UoM)": "#N/A", "UNDP Focal Point": " ", "National Counterpart\n(Institutional Title)": " ", "Counterpart Type": " ", "CPD Output No.": " ", "Strategic Plan 2026-2029\nActivity / Output No.": " ", "Gender Marker": " ", "Remarks / Notes": "Donor: MLF | Implementation: 2025-12-26 00:00:00 | Quantum project mapping to be confirmed | Coverage: Several (multi-cadastral – single cadaster not applicable)\r" }, "geometry": null },
{ "type": "Feature", "properties": { "REF": 463, "Project ID (Quantum)": " ", "Project Name": "GID", "Programme": "Green Inclusive Program (GID)", "Start Date": "26/01/2025", "End Date": null, "Project Status": "Planned", "Output / Activity No.\n(per ProDoc results framework)": " ", "Full Activity Name": "KIP Stage I Strategy Plan Project", "Activity Description": "Conversion of 3 manufacturers to low-GWP, energy-efficient technologies under the Kigali Implementation Plan (KIP).", "Type of Activity": "Renewable energy & energy efficiency", "Mother Project?": "Yes", "Mother Project Name": "GID", "Geographic Level": "District", "Coordinates (Lat)": "#N/A", "Coordinates (Long)": "#N/A", "Governorate": "MountLebanon", "District": "Chouf", "Cadaster": " ", "Municipality Name": "0", "Union of Municipalities (UoM)": "#N/A", "UNDP Focal Point": " ", "National Counterpart\n(Institutional Title)": " ", "Counterpart Type": " ", "CPD Output No.": " ", "Strategic Plan 2026-2029\nActivity / Output No.": " ", "Gender Marker": " ", "Remarks / Notes": "Donor: MLF | Implementation: 2025-12-26 00:00:00 | Quantum project mapping to be confirmed | Coverage: Several (multi-cadastral – single cadaster not applicable)\r" }, "geometry": null },
{ "type": "Feature", "properties": { "REF": 464, "Project ID (Quantum)": " ", "Project Name": "GID", "Programme": "Green Inclusive Program (GID)", "Start Date": "26/01/2025", "End Date": " ", "Project Status": "Planned", "Output / Activity No.\n(per ProDoc results framework)": " ", "Full Activity Name": "KIP Stage I Strategy Plan Project", "Activity Description": "Conversion of 7 manufacturers to low-GWP, energy-efficient technologies under the Kigali Implementation Plan (KIP).", "Type of Activity": "Renewable energy & energy efficiency", "Mother Project?": "Yes", "Mother Project Name": "GID", "Geographic Level": "District", "Coordinates (Lat)": "#N/A", "Coordinates (Long)": "#N/A", "Governorate": "MountLebanon", "District": "Kesrwane", "Cadaster": " ", "Municipality Name": "0", "Union of Municipalities (UoM)": "#N/A", "UNDP Focal Point": " ", "National Counterpart\n(Institutional Title)": " ", "Counterpart Type": " ", "CPD Output No.": " ", "Strategic Plan 2026-2029\nActivity / Output No.": " ", "Gender Marker": " ", "Remarks / Notes": "Donor: MLF | Implementation: 2025-12-26 00:00:00 | Quantum project mapping to be confirmed | Coverage: Several (multi-cadastral – single cadaster not applicable)\r" }, "geometry": null },
{ "type": "Feature", "properties": { "REF": 465, "Project ID (Quantum)": " ", "Project Name": "GID", "Programme": "Green Inclusive Program (GID)", "Start Date": "26/01/2025", "End Date": null, "Project Status": "Planned", "Output / Activity No.\n(per ProDoc results framework)": " ", "Full Activity Name": "KIP Stage I Strategy Plan Project", "Activity Description": "Conversion of 8 manufacturers to low-GWP, energy-efficient technologies under the Kigali Implementation Plan (KIP).", "Type of Activity": "Renewable energy & energy efficiency", "Mother Project?": "Yes", "Mother Project Name": "GID", "Geographic Level": "District", "Coordinates (Lat)": "#N/A", "Coordinates (Long)": "#N/A", "Governorate": "MountLebanon", "District": "ElMeten", "Cadaster": " ", "Municipality Name": "0", "Union of Municipalities (UoM)": "#N/A", "UNDP Focal Point": " ", "National Counterpart\n(Institutional Title)": " ", "Counterpart Type": " ", "CPD Output No.": " ", "Strategic Plan 2026-2029\nActivity / Output No.": " ", "Gender Marker": " ", "Remarks / Notes": "Donor: MLF | Implementation: 2025-12-26 00:00:00 | Quantum project mapping to be confirmed | Coverage: Several (multi-cadastral – single cadaster not applicable)\r" }, "geometry": null },
{ "type": "Feature", "properties": { "REF": 466, "Project ID (Quantum)": " ", "Project Name": "GID", "Programme": "Green Inclusive Program (GID)", "Start Date": "25/07/2025", "End Date": "27/01/2025", "Project Status": "Ongoing", "Output / Activity No.\n(per ProDoc results framework)": " ", "Full Activity Name": "GCF NAP project \"Increased Climate Resilience Planning for Municipal Water Resources in Lebanon Project\"", "Activity Description": "Preparation of vulnerability assessment and local adaptation plans for the Apple Supply Chain in Nahr El Kalb upper Basin", "Type of Activity": "Nature reserves & biodiversity", "Mother Project?": "Yes", "Mother Project Name": "GID", "Geographic Level": "District", "Coordinates (Lat)": "#N/A", "Coordinates (Long)": "#N/A", "Governorate": "MountLebanon", "District": "ElMeten", "Cadaster": " ", "Municipality Name": "0", "Union of Municipalities (UoM)": "#N/A", "UNDP Focal Point": " ", "National Counterpart\n(Institutional Title)": "Municipality of 15 municipalities in in theupper basin of nahr el kaleb basin", "Counterpart Type": "Municipality", "CPD Output No.": " ", "Strategic Plan 2026-2029\nActivity / Output No.": " ", "Gender Marker": " ", "Remarks / Notes": "Donor: GCF | Implementation: 2025-2026 | Quantum project mapping to be confirmed | Coverage: 15 municipalities in in theupper basin of nahr el kaleb basin (multi-cadastral – single cadaster not applicable)\r" }, "geometry": null },
{ "type": "Feature", "properties": { "REF": 467, "Project ID (Quantum)": " ", "Project Name": "GID", "Programme": "Green Inclusive Program (GID)", "Start Date": "25/06/2025", "End Date": "26/12/2025", "Project Status": "Ongoing", "Output / Activity No.\n(per ProDoc results framework)": " ", "Full Activity Name": "GCF NAP project \"Increased Climate Resilience Planning for Municipal Water Resources in Lebanon Project\"", "Activity Description": "Preparation of vulnerability assessment and local adaptation plans for the the industrial areas in North Metn", "Type of Activity": "Water & irrigation infrastructure", "Mother Project?": "Yes", "Mother Project Name": "GID", "Geographic Level": "District", "Coordinates (Lat)": "#N/A", "Coordinates (Long)": "#N/A", "Governorate": "MountLebanon", "District": "ElMeten", "Cadaster": " ", "Municipality Name": "0", "Union of Municipalities (UoM)": "#N/A", "UNDP Focal Point": " ", "National Counterpart\n(Institutional Title)": "Municipality of 15 municipalities in North metn", "Counterpart Type": "Municipality", "CPD Output No.": " ", "Strategic Plan 2026-2029\nActivity / Output No.": " ", "Gender Marker": " ", "Remarks / Notes": "Donor: GCF | Implementation: 2025-2026 | Quantum project mapping to be confirmed | Coverage: 15 municipalities in North metn (multi-cadastral – single cadaster not applicable)\r" }, "geometry": null },
{ "type": "Feature", "properties": { "REF": 468, "Project ID (Quantum)": " ", "Project Name": "GID", "Programme": "Green Inclusive Program (GID)", "Start Date": "24/04/2025", "End Date": "24/12/2025", "Project Status": "Completed", "Output / Activity No.\n(per ProDoc results framework)": " ", "Full Activity Name": "Lebanon Sustainable Low-Emission Transport Systems", "Activity Description": "Construction of 209 kWp solar system with 540 kWh BESS", "Type of Activity": "Renewable energy & energy efficiency", "Mother Project?": "Yes", "Mother Project Name": "GID", "Geographic Level": "Cadastre (CAD+ACS)", "Coordinates (Lat)": "34.122761", "Coordinates (Long)": "35.650122", "Governorate": "MountLebanon", "District": "Jbeil", "Cadaster": "Jbayl", "Municipality Name": "Jbail", "Union of Municipalities (UoM)": "UOM Caza Jbeil", "UNDP Focal Point": " ", "National Counterpart\n(Institutional Title)": "Municipality of Jbeil", "Counterpart Type": "Municipality", "CPD Output No.": " ", "Strategic Plan 2026-2029\nActivity / Output No.": " ", "Gender Marker": " ", "Remarks / Notes": "Donor: GEF | Implementation: 2024 | Quantum project mapping to be confirmed\r" }, "geometry": { "type": "Point", "coordinates": [ 35.650122, 34.122761 ] } },
{ "type": "Feature", "properties": { "REF": 469, "Project ID (Quantum)": " ", "Project Name": "GID", "Programme": "Green Inclusive Program (GID)", "Start Date": "24/12/2025", "End Date": "25/01/2025", "Project Status": "Completed", "Output / Activity No.\n(per ProDoc results framework)": " ", "Full Activity Name": "Lebanon Sustainable Low-Emission Transport Systems", "Activity Description": "Installation of 2 fast dual gun electric vehicle chargers", "Type of Activity": "Renewable energy & energy efficiency", "Mother Project?": "Yes", "Mother Project Name": "GID", "Geographic Level": "Cadastre (CAD+ACS)", "Coordinates (Lat)": "34.122761", "Coordinates (Long)": "35.650122", "Governorate": "MountLebanon", "District": "Jbeil", "Cadaster": "Jbayl", "Municipality Name": "Jbail", "Union of Municipalities (UoM)": "UOM Caza Jbeil", "UNDP Focal Point": " ", "National Counterpart\n(Institutional Title)": "Municipality of Jbeil", "Counterpart Type": "Municipality", "CPD Output No.": " ", "Strategic Plan 2026-2029\nActivity / Output No.": " ", "Gender Marker": " ", "Remarks / Notes": "Donor: GEF | Implementation: 2024-2025 | Quantum project mapping to be confirmed\r" }, "geometry": { "type": "Point", "coordinates": [ 35.650122, 34.122761 ] } },
{ "type": "Feature", "properties": { "REF": 470, "Project ID (Quantum)": " ", "Project Name": "GID", "Programme": "Green Inclusive Program (GID)", "Start Date": "25/05/2025", "End Date": "25/11/2025", "Project Status": "Ongoing", "Output / Activity No.\n(per ProDoc results framework)": " ", "Full Activity Name": "Lebanon Sustainable Low-Emission Transport Systems", "Activity Description": "Rehabilitation of Jbeil Bus Depot including Pavement Rehabilitation, Signage, Markings, and Accessibility Enhancements", "Type of Activity": "Renewable energy & energy efficiency", "Mother Project?": "Yes", "Mother Project Name": "GID", "Geographic Level": "Cadastre (CAD+ACS)", "Coordinates (Lat)": "34.122761", "Coordinates (Long)": "35.650122", "Governorate": "MountLebanon", "District": "Jbeil", "Cadaster": "Jbayl", "Municipality Name": "Jbail", "Union of Municipalities (UoM)": "UOM Caza Jbeil", "UNDP Focal Point": " ", "National Counterpart\n(Institutional Title)": "Municipality of Jbeil", "Counterpart Type": "Municipality", "CPD Output No.": " ", "Strategic Plan 2026-2029\nActivity / Output No.": " ", "Gender Marker": " ", "Remarks / Notes": "Donor: GEF | Implementation: 2025 | Quantum project mapping to be confirmed\r" }, "geometry": { "type": "Point", "coordinates": [ 35.650122, 34.122761 ] } },
{ "type": "Feature", "properties": { "REF": 471, "Project ID (Quantum)": " ", "Project Name": "GID", "Programme": "Green Inclusive Program (GID)", "Start Date": "25/05/2025", "End Date": "25/11/2025", "Project Status": "Ongoing", "Output / Activity No.\n(per ProDoc results framework)": " ", "Full Activity Name": "Lebanon Sustainable Low-Emission Transport Systems", "Activity Description": "Installation of bus stop including Pavement Rehabilitation, Signage, Markings, and Accessibility Enhancements", "Type of Activity": "Renewable energy & energy efficiency", "Mother Project?": "Yes", "Mother Project Name": "GID", "Geographic Level": "Cadastre (CAD+ACS)", "Coordinates (Lat)": "33.995357", "Coordinates (Long)": "35.651652", "Governorate": "MountLebanon", "District": "Kesrwane", "Cadaster": "Sahel Aalma", "Municipality Name": "Jounieh", "Union of Municipalities (UoM)": "UOM Kesrouane El Ftouh", "UNDP Focal Point": " ", "National Counterpart\n(Institutional Title)": "Municipality of Jounieh", "Counterpart Type": "Municipality", "CPD Output No.": " ", "Strategic Plan 2026-2029\nActivity / Output No.": " ", "Gender Marker": " ", "Remarks / Notes": "Donor: GEF | Implementation: 2025 | Quantum project mapping to be confirmed\r" }, "geometry": { "type": "Point", "coordinates": [ 35.651652, 33.995357 ] } },
{ "type": "Feature", "properties": { "REF": 472, "Project ID (Quantum)": " ", "Project Name": "GID", "Programme": "Green Inclusive Program (GID)", "Start Date": "25/05/2025", "End Date": "25/11/2025", "Project Status": "Ongoing", "Output / Activity No.\n(per ProDoc results framework)": " ", "Full Activity Name": "Lebanon Sustainable Low-Emission Transport Systems", "Activity Description": "Installation of bus stop including Pavement Rehabilitation, Signage, Markings, and Accessibility Enhancements", "Type of Activity": "Renewable energy & energy efficiency", "Mother Project?": "Yes", "Mother Project Name": "GID", "Geographic Level": "Cadastre (CAD+ACS)", "Coordinates (Lat)": "33.923233", "Coordinates (Long)": "35.594054", "Governorate": "MountLebanon", "District": "ElMeten", "Cadaster": "Antelias", "Municipality Name": "Antelias - Naqqach", "Union of Municipalities (UoM)": "UOM El Metn El Chemali El Sahili El Aousat", "UNDP Focal Point": " ", "National Counterpart\n(Institutional Title)": "Municipality of Antelias", "Counterpart Type": "Municipality", "CPD Output No.": " ", "Strategic Plan 2026-2029\nActivity / Output No.": " ", "Gender Marker": " ", "Remarks / Notes": "Donor: GEF | Implementation: 2025 | Quantum project mapping to be confirmed\r" }, "geometry": { "type": "Point", "coordinates": [ 35.594054, 33.923233 ] } },
{ "type": "Feature", "properties": { "REF": 473, "Project ID (Quantum)": " ", "Project Name": "GID", "Programme": "Green Inclusive Program (GID)", "Start Date": "25/05/2025", "End Date": "25/11/2025", "Project Status": "Ongoing", "Output / Activity No.\n(per ProDoc results framework)": " ", "Full Activity Name": "Lebanon Sustainable Low-Emission Transport Systems", "Activity Description": "Installation of bus stop including Pavement Rehabilitation, Signage, Markings, and Accessibility Enhancements", "Type of Activity": "Renewable energy & energy efficiency", "Mother Project?": "Yes", "Mother Project Name": "GID", "Geographic Level": "Cadastre (CAD+ACS)", "Coordinates (Lat)": "33.885335", "Coordinates (Long)": "35.558383", "Governorate": "MountLebanon", "District": "ElMeten", "Cadaster": "Jdaidet El-Matn", "Municipality Name": "Jdaide - Baouchriye - Sad el Baouchriye", "Union of Municipalities (UoM)": "UOM El Metn El Chemali El Sahili El Aousat", "UNDP Focal Point": " ", "National Counterpart\n(Institutional Title)": "Municipality of Jdeideh", "Counterpart Type": "Municipality", "CPD Output No.": " ", "Strategic Plan 2026-2029\nActivity / Output No.": " ", "Gender Marker": " ", "Remarks / Notes": "Donor: GEF | Implementation: 2025 | Quantum project mapping to be confirmed\r" }, "geometry": { "type": "Point", "coordinates": [ 35.558383, 33.885335 ] } },
{ "type": "Feature", "properties": { "REF": 474, "Project ID (Quantum)": " ", "Project Name": "GID", "Programme": "Green Inclusive Program (GID)", "Start Date": "25/05/2025", "End Date": "25/11/2025", "Project Status": "Ongoing", "Output / Activity No.\n(per ProDoc results framework)": " ", "Full Activity Name": "Lebanon Sustainable Low-Emission Transport Systems", "Activity Description": "Installation of bus stop including Pavement Rehabilitation, Signage, Markings, and Accessibility Enhancements", "Type of Activity": "Renewable energy & energy efficiency", "Mother Project?": "Yes", "Mother Project Name": "GID", "Geographic Level": "Cadastre (CAD+ACS)", "Coordinates (Lat)": "33.90462", "Coordinates (Long)": "35.506023", "Governorate": "Beirut", "District": "BeirutDistrict", "Cadaster": "Beirut Central District", "Municipality Name": "Beirut", "Union of Municipalities (UoM)": "No Union", "UNDP Focal Point": " ", "National Counterpart\n(Institutional Title)": "Municipality of Beirut", "Counterpart Type": "Municipality", "CPD Output No.": " ", "Strategic Plan 2026-2029\nActivity / Output No.": " ", "Gender Marker": " ", "Remarks / Notes": "Donor: GEF | Implementation: 2025 | Quantum project mapping to be confirmed\r" }, "geometry": { "type": "Point", "coordinates": [ 35.506023, 33.90462 ] } },
{ "type": "Feature", "properties": { "REF": 475, "Project ID (Quantum)": " ", "Project Name": "GID", "Programme": "Green Inclusive Program (GID)", "Start Date": "24/08/2025", "End Date": "27/02/2025", "Project Status": "Ongoing", "Output / Activity No.\n(per ProDoc results framework)": " ", "Full Activity Name": "Lebanon Sustainable Low-Emission Transport Systems", "Activity Description": "Procurement of 4 electric buses to serve as a public transportation mean", "Type of Activity": "Renewable energy & energy efficiency", "Mother Project?": "Yes", "Mother Project Name": "GID", "Geographic Level": " ", "Coordinates (Lat)": "#N/A", "Coordinates (Long)": "#N/A", "Governorate": " ", "District": " ", "Cadaster": " ", "Municipality Name": "0", "Union of Municipalities (UoM)": "#N/A", "UNDP Focal Point": " ", "National Counterpart\n(Institutional Title)": " ", "Counterpart Type": " ", "CPD Output No.": " ", "Strategic Plan 2026-2029\nActivity / Output No.": " ", "Gender Marker": " ", "Remarks / Notes": "Donor: GEF | Implementation: 2024-2027 | Quantum project mapping to be confirmed | Location as reported: Beirut and Mount Lebanon / Several (multi-area – single governorate not applicable) | Coverage: Several (multi-cadastral – single cadaster not applicable)\r" }, "geometry": null },
{ "type": "Feature", "properties": { "REF": 476, "Project ID (Quantum)": " ", "Project Name": "GID", "Programme": "Green Inclusive Program (GID)", "Start Date": "25/05/2025", "End Date": "25/11/2025", "Project Status": "Completed", "Output / Activity No.\n(per ProDoc results framework)": " ", "Full Activity Name": "STEPping up Nature Reserves Capacity – STEP4Nature Project", "Activity Description": "Maintenance works for existing visitor centers", "Type of Activity": "Nature reserves & biodiversity", "Mother Project?": "Yes", "Mother Project Name": "GID", "Geographic Level": "Cadastre (CAD+ACS)", "Coordinates (Lat)": "34.635451", "Coordinates (Long)": "35.984845", "Governorate": "MountLebanon", "District": "Jbeil", "Cadaster": "Bintaael", "Municipality Name": "No Municipality", "Union of Municipalities (UoM)": "No Municipality", "UNDP Focal Point": " ", "National Counterpart\n(Institutional Title)": "Municipality of Bentael", "Counterpart Type": "Municipality", "CPD Output No.": " ", "Strategic Plan 2026-2029\nActivity / Output No.": " ", "Gender Marker": " ", "Remarks / Notes": "Donor: AICS-Italy | Implementation: 2025 | Quantum project mapping to be confirmed\r" }, "geometry": { "type": "Point", "coordinates": [ 35.984845, 34.635451 ] } },
{ "type": "Feature", "properties": { "REF": 477, "Project ID (Quantum)": " ", "Project Name": "GID", "Programme": "Green Inclusive Program (GID)", "Start Date": "25/05/2025", "End Date": "25/11/2025", "Project Status": "Completed", "Output / Activity No.\n(per ProDoc results framework)": " ", "Full Activity Name": "STEPping up Nature Reserves Capacity – STEP4Nature Project", "Activity Description": "Development of fire Risk Management Plan", "Type of Activity": "Nature reserves & biodiversity", "Mother Project?": "Yes", "Mother Project Name": "GID", "Geographic Level": "Cadastre (CAD+ACS)", "Coordinates (Lat)": "34.160714", "Coordinates (Long)": "35.822819", "Governorate": "MountLebanon", "District": "Jbeil", "Cadaster": "Jaj", "Municipality Name": "Jaj", "Union of Municipalities (UoM)": "UOM Caza Jbeil", "UNDP Focal Point": " ", "National Counterpart\n(Institutional Title)": "Municipality of JAJ", "Counterpart Type": "Municipality", "CPD Output No.": " ", "Strategic Plan 2026-2029\nActivity / Output No.": " ", "Gender Marker": " ", "Remarks / Notes": "Donor: AICS-Italy | Implementation: 2025 | Quantum project mapping to be confirmed\r" }, "geometry": { "type": "Point", "coordinates": [ 35.822819, 34.160714 ] } },
{ "type": "Feature", "properties": { "REF": 478, "Project ID (Quantum)": " ", "Project Name": "GID", "Programme": "Green Inclusive Program (GID)", "Start Date": "25/05/2025", "End Date": "25/11/2025", "Project Status": "Completed", "Output / Activity No.\n(per ProDoc results framework)": " ", "Full Activity Name": "STEPping up Nature Reserves Capacity – STEP4Nature Project", "Activity Description": "Development of fire Risk Management Plan", "Type of Activity": "Nature reserves & biodiversity", "Mother Project?": "Yes", "Mother Project Name": "GID", "Geographic Level": "Cadastre (CAD+ACS)", "Coordinates (Lat)": "34.635451", "Coordinates (Long)": "35.984845", "Governorate": "MountLebanon", "District": "Jbeil", "Cadaster": "Bintaael", "Municipality Name": "No Municipality", "Union of Municipalities (UoM)": "No Municipality", "UNDP Focal Point": " ", "National Counterpart\n(Institutional Title)": "Municipality of Bentael", "Counterpart Type": "Municipality", "CPD Output No.": " ", "Strategic Plan 2026-2029\nActivity / Output No.": " ", "Gender Marker": " ", "Remarks / Notes": "Donor: AICS-Italy | Implementation: 2025 | Quantum project mapping to be confirmed\r" }, "geometry": { "type": "Point", "coordinates": [ 35.984845, 34.635451 ] } },
{ "type": "Feature", "properties": { "REF": 479, "Project ID (Quantum)": " ", "Project Name": "GID", "Programme": "Green Inclusive Program (GID)", "Start Date": "25/05/2025", "End Date": "25/11/2025", "Project Status": "Completed", "Output / Activity No.\n(per ProDoc results framework)": " ", "Full Activity Name": "STEPping up Nature Reserves Capacity – STEP4Nature Project", "Activity Description": "Development of fire Risk Management Plan", "Type of Activity": "Nature reserves & biodiversity", "Mother Project?": "Yes", "Mother Project Name": "GID", "Geographic Level": "Cadastre (CAD+ACS)", "Coordinates (Lat)": "34.005081", "Coordinates (Long)": "35.666531", "Governorate": "MountLebanon", "District": "Kesrwane", "Cadaster": "Chnanaair", "Municipality Name": "Chnanaair", "Union of Municipalities (UoM)": "UOM Kesrouane El Ftouh", "UNDP Focal Point": " ", "National Counterpart\n(Institutional Title)": "Municipality of Chnaniir", "Counterpart Type": "Municipality", "CPD Output No.": " ", "Strategic Plan 2026-2029\nActivity / Output No.": " ", "Gender Marker": " ", "Remarks / Notes": "Donor: AICS-Italy | Implementation: 2025 | Quantum project mapping to be confirmed\r" }, "geometry": { "type": "Point", "coordinates": [ 35.666531, 34.005081 ] } },
{ "type": "Feature", "properties": { "REF": 480, "Project ID (Quantum)": " ", "Project Name": "GID", "Programme": "Green Inclusive Program (GID)", "Start Date": "25/05/2025", "End Date": "25/10/2025", "Project Status": "Completed", "Output / Activity No.\n(per ProDoc results framework)": " ", "Full Activity Name": "STEPping up Nature Reserves Capacity – STEP4Nature Project", "Activity Description": "Development of Management Plan", "Type of Activity": "Nature reserves & biodiversity", "Mother Project?": "Yes", "Mother Project Name": "GID", "Geographic Level": "Cadastre (CAD+ACS)", "Coordinates (Lat)": "34.005081", "Coordinates (Long)": "35.666531", "Governorate": "MountLebanon", "District": "Kesrwane", "Cadaster": "Chnanaair", "Municipality Name": "Chnanaair", "Union of Municipalities (UoM)": "UOM Kesrouane El Ftouh", "UNDP Focal Point": " ", "National Counterpart\n(Institutional Title)": "Municipality of Chnaniir", "Counterpart Type": "Municipality", "CPD Output No.": " ", "Strategic Plan 2026-2029\nActivity / Output No.": " ", "Gender Marker": " ", "Remarks / Notes": "Donor: AICS-Italy | Implementation: 2025 | Quantum project mapping to be confirmed\r" }, "geometry": { "type": "Point", "coordinates": [ 35.666531, 34.005081 ] } },
{ "type": "Feature", "properties": { "REF": 481, "Project ID (Quantum)": " ", "Project Name": "GID", "Programme": "Green Inclusive Program (GID)", "Start Date": "25/05/2025", "End Date": "25/11/2025", "Project Status": "Completed", "Output / Activity No.\n(per ProDoc results framework)": " ", "Full Activity Name": "STEPping up Nature Reserves Capacity – STEP4Nature Project", "Activity Description": "Installation of Beehotels", "Type of Activity": "Nature reserves & biodiversity", "Mother Project?": "Yes", "Mother Project Name": "GID", "Geographic Level": "Cadastre (CAD+ACS)", "Coordinates (Lat)": "34.160714", "Coordinates (Long)": "35.822819", "Governorate": "MountLebanon", "District": "Jbeil", "Cadaster": "Jaj", "Municipality Name": "Jaj", "Union of Municipalities (UoM)": "UOM Caza Jbeil", "UNDP Focal Point": " ", "National Counterpart\n(Institutional Title)": "Municipality of JAJ", "Counterpart Type": "Municipality", "CPD Output No.": " ", "Strategic Plan 2026-2029\nActivity / Output No.": " ", "Gender Marker": " ", "Remarks / Notes": "Donor: AICS-Italy | Implementation: 2025 | Quantum project mapping to be confirmed\r" }, "geometry": { "type": "Point", "coordinates": [ 35.822819, 34.160714 ] } },
{ "type": "Feature", "properties": { "REF": 482, "Project ID (Quantum)": " ", "Project Name": "GID", "Programme": "Green Inclusive Program (GID)", "Start Date": "25/05/2025", "End Date": "25/11/2025", "Project Status": "Completed", "Output / Activity No.\n(per ProDoc results framework)": " ", "Full Activity Name": "STEPping up Nature Reserves Capacity – STEP4Nature Project", "Activity Description": "Installation of Beehotels", "Type of Activity": "Nature reserves & biodiversity", "Mother Project?": "Yes", "Mother Project Name": "GID", "Geographic Level": "Cadastre (CAD+ACS)", "Coordinates (Lat)": "34.635451", "Coordinates (Long)": "35.984845", "Governorate": "MountLebanon", "District": "Jbeil", "Cadaster": "Bintaael", "Municipality Name": "No Municipality", "Union of Municipalities (UoM)": "No Municipality", "UNDP Focal Point": " ", "National Counterpart\n(Institutional Title)": "Municipality of Bentael", "Counterpart Type": "Municipality", "CPD Output No.": " ", "Strategic Plan 2026-2029\nActivity / Output No.": " ", "Gender Marker": " ", "Remarks / Notes": "Donor: AICS-Italy | Implementation: 2025 | Quantum project mapping to be confirmed\r" }, "geometry": { "type": "Point", "coordinates": [ 35.984845, 34.635451 ] } },
{ "type": "Feature", "properties": { "REF": 483, "Project ID (Quantum)": " ", "Project Name": "GID", "Programme": "Green Inclusive Program (GID)", "Start Date": "25/05/2025", "End Date": "25/11/2025", "Project Status": "Completed", "Output / Activity No.\n(per ProDoc results framework)": " ", "Full Activity Name": "STEPping up Nature Reserves Capacity – STEP4Nature Project", "Activity Description": "Installation of Beehotels", "Type of Activity": "Nature reserves & biodiversity", "Mother Project?": "Yes", "Mother Project Name": "GID", "Geographic Level": "Cadastre (CAD+ACS)", "Coordinates (Lat)": "34.005081", "Coordinates (Long)": "35.666531", "Governorate": "MountLebanon", "District": "Kesrwane", "Cadaster": "Chnanaair", "Municipality Name": "Chnanaair", "Union of Municipalities (UoM)": "UOM Kesrouane El Ftouh", "UNDP Focal Point": " ", "National Counterpart\n(Institutional Title)": "Municipality of Chnaniir", "Counterpart Type": "Municipality", "CPD Output No.": " ", "Strategic Plan 2026-2029\nActivity / Output No.": " ", "Gender Marker": " ", "Remarks / Notes": "Donor: AICS-Italy | Implementation: 2025 | Quantum project mapping to be confirmed\r" }, "geometry": { "type": "Point", "coordinates": [ 35.666531, 34.005081 ] } },
{ "type": "Feature", "properties": { "REF": 484, "Project ID (Quantum)": " ", "Project Name": "GID", "Programme": "Green Inclusive Program (GID)", "Start Date": "25/05/2025", "End Date": "25/11/2025", "Project Status": "Completed", "Output / Activity No.\n(per ProDoc results framework)": " ", "Full Activity Name": "STEPping up Nature Reserves Capacity – STEP4Nature Project", "Activity Description": "Installation of Resting areas (Stone Benches)", "Type of Activity": "Nature reserves & biodiversity", "Mother Project?": "Yes", "Mother Project Name": "GID", "Geographic Level": "Cadastre (CAD+ACS)", "Coordinates (Lat)": "34.635451", "Coordinates (Long)": "35.984845", "Governorate": "MountLebanon", "District": "Jbeil", "Cadaster": "Bintaael", "Municipality Name": "No Municipality", "Union of Municipalities (UoM)": "No Municipality", "UNDP Focal Point": " ", "National Counterpart\n(Institutional Title)": "Municipality of Bentael", "Counterpart Type": "Municipality", "CPD Output No.": " ", "Strategic Plan 2026-2029\nActivity / Output No.": " ", "Gender Marker": " ", "Remarks / Notes": "Donor: AICS-Italy | Implementation: 2025 | Quantum project mapping to be confirmed\r" }, "geometry": { "type": "Point", "coordinates": [ 35.984845, 34.635451 ] } },
{ "type": "Feature", "properties": { "REF": 485, "Project ID (Quantum)": " ", "Project Name": "GID", "Programme": "Green Inclusive Program (GID)", "Start Date": "25/05/2025", "End Date": "25/11/2025", "Project Status": "Completed", "Output / Activity No.\n(per ProDoc results framework)": " ", "Full Activity Name": "STEPping up Nature Reserves Capacity – STEP4Nature Project", "Activity Description": "Installation of Resting areas (Stone Benches)", "Type of Activity": "Nature reserves & biodiversity", "Mother Project?": "Yes", "Mother Project Name": "GID", "Geographic Level": "Cadastre (CAD+ACS)", "Coordinates (Lat)": "34.160714", "Coordinates (Long)": "35.822819", "Governorate": "MountLebanon", "District": "Jbeil", "Cadaster": "Jaj", "Municipality Name": "Jaj", "Union of Municipalities (UoM)": "UOM Caza Jbeil", "UNDP Focal Point": " ", "National Counterpart\n(Institutional Title)": "Municipality of JAJ", "Counterpart Type": "Municipality", "CPD Output No.": " ", "Strategic Plan 2026-2029\nActivity / Output No.": " ", "Gender Marker": " ", "Remarks / Notes": "Donor: AICS-Italy | Implementation: 2025 | Quantum project mapping to be confirmed\r" }, "geometry": { "type": "Point", "coordinates": [ 35.822819, 34.160714 ] } },
{ "type": "Feature", "properties": { "REF": 486, "Project ID (Quantum)": " ", "Project Name": "GID", "Programme": "Green Inclusive Program (GID)", "Start Date": "25/05/2025", "End Date": "25/11/2025", "Project Status": "Completed", "Output / Activity No.\n(per ProDoc results framework)": " ", "Full Activity Name": "STEPping up Nature Reserves Capacity – STEP4Nature Project", "Activity Description": "Installation of Resting areas (Stone Benches)", "Type of Activity": "Nature reserves & biodiversity", "Mother Project?": "Yes", "Mother Project Name": "GID", "Geographic Level": "Cadastre (CAD+ACS)", "Coordinates (Lat)": "34.005081", "Coordinates (Long)": "35.666531", "Governorate": "MountLebanon", "District": "Kesrwane", "Cadaster": "Chnanaair", "Municipality Name": "Chnanaair", "Union of Municipalities (UoM)": "UOM Kesrouane El Ftouh", "UNDP Focal Point": " ", "National Counterpart\n(Institutional Title)": "Municipality of Chnaniir", "Counterpart Type": "Municipality", "CPD Output No.": " ", "Strategic Plan 2026-2029\nActivity / Output No.": " ", "Gender Marker": " ", "Remarks / Notes": "Donor: AICS-Italy | Implementation: 2025 | Quantum project mapping to be confirmed\r" }, "geometry": { "type": "Point", "coordinates": [ 35.666531, 34.005081 ] } },
{ "type": "Feature", "properties": { "REF": 487, "Project ID (Quantum)": " ", "Project Name": "GID", "Programme": "Green Inclusive Program (GID)", "Start Date": "25/05/2025", "End Date": "25/10/2025", "Project Status": "Completed", "Output / Activity No.\n(per ProDoc results framework)": " ", "Full Activity Name": "STEPping up Nature Reserves Capacity – STEP4Nature Project", "Activity Description": "Women Groups Training  to produce Nature-Based products (Mushroom Growing Kits)", "Type of Activity": "Nature reserves & biodiversity", "Mother Project?": "Yes", "Mother Project Name": "GID", "Geographic Level": "Cadastre (CAD+ACS)", "Coordinates (Lat)": "34.635451", "Coordinates (Long)": "35.984845", "Governorate": "MountLebanon", "District": "Jbeil", "Cadaster": "Bintaael", "Municipality Name": "No Municipality", "Union of Municipalities (UoM)": "No Municipality", "UNDP Focal Point": " ", "National Counterpart\n(Institutional Title)": "Municipality of Bentael", "Counterpart Type": "Municipality", "CPD Output No.": " ", "Strategic Plan 2026-2029\nActivity / Output No.": " ", "Gender Marker": " ", "Remarks / Notes": "Donor: AICS-Italy | Implementation: 2025 | Quantum project mapping to be confirmed\r" }, "geometry": { "type": "Point", "coordinates": [ 35.984845, 34.635451 ] } },
{ "type": "Feature", "properties": { "REF": 488, "Project ID (Quantum)": " ", "Project Name": "GID", "Programme": "Green Inclusive Program (GID)", "Start Date": "25/05/2025", "End Date": "25/10/2025", "Project Status": "Completed", "Output / Activity No.\n(per ProDoc results framework)": " ", "Full Activity Name": "STEPping up Nature Reserves Capacity – STEP4Nature Project", "Activity Description": "Women Groups Training  to produce Nature-Based products (Mushroom Growing Kits)", "Type of Activity": "Nature reserves & biodiversity", "Mother Project?": "Yes", "Mother Project Name": "GID", "Geographic Level": "Cadastre (CAD+ACS)", "Coordinates (Lat)": "34.160714", "Coordinates (Long)": "35.822819", "Governorate": "MountLebanon", "District": "Jbeil", "Cadaster": "Jaj", "Municipality Name": "Jaj", "Union of Municipalities (UoM)": "UOM Caza Jbeil", "UNDP Focal Point": " ", "National Counterpart\n(Institutional Title)": "Municipality of JAJ", "Counterpart Type": "Municipality", "CPD Output No.": " ", "Strategic Plan 2026-2029\nActivity / Output No.": " ", "Gender Marker": " ", "Remarks / Notes": "Donor: AICS-Italy | Implementation: 2025 | Quantum project mapping to be confirmed\r" }, "geometry": { "type": "Point", "coordinates": [ 35.822819, 34.160714 ] } },
{ "type": "Feature", "properties": { "REF": 489, "Project ID (Quantum)": " ", "Project Name": "GID", "Programme": "Green Inclusive Program (GID)", "Start Date": "25/05/2025", "End Date": "25/10/2025", "Project Status": "Completed", "Output / Activity No.\n(per ProDoc results framework)": " ", "Full Activity Name": "STEPping up Nature Reserves Capacity – STEP4Nature Project", "Activity Description": "Women Groups Training  to produce Nature-Based products (Mushroom Growing Kits)", "Type of Activity": "Nature reserves & biodiversity", "Mother Project?": "Yes", "Mother Project Name": "GID", "Geographic Level": "Cadastre (CAD+ACS)", "Coordinates (Lat)": "34.005081", "Coordinates (Long)": "35.666531", "Governorate": "MountLebanon", "District": "Kesrwane", "Cadaster": "Chnanaair", "Municipality Name": "Chnanaair", "Union of Municipalities (UoM)": "UOM Kesrouane El Ftouh", "UNDP Focal Point": " ", "National Counterpart\n(Institutional Title)": "Municipality of Chnaniir", "Counterpart Type": "Municipality", "CPD Output No.": " ", "Strategic Plan 2026-2029\nActivity / Output No.": " ", "Gender Marker": " ", "Remarks / Notes": "Donor: AICS-Italy | Implementation: 2025 | Quantum project mapping to be confirmed\r" }, "geometry": { "type": "Point", "coordinates": [ 35.666531, 34.005081 ] } },
{ "type": "Feature", "properties": { "REF": 490, "Project ID (Quantum)": " ", "Project Name": "GID", "Programme": "Green Inclusive Program (GID)", "Start Date": "25/02/2025", "End Date": "26/02/2025", "Project Status": "Planned", "Output / Activity No.\n(per ProDoc results framework)": " ", "Full Activity Name": "STEPping up Nature Reserves Capacity – STEP4Nature Project", "Activity Description": "Construction of visitor centers including all needed environmental and technical studies", "Type of Activity": "Nature reserves & biodiversity", "Mother Project?": "Yes", "Mother Project Name": "GID", "Geographic Level": "Cadastre (CAD+ACS)", "Coordinates (Lat)": "34.160714", "Coordinates (Long)": "35.822819", "Governorate": "MountLebanon", "District": "Jbeil", "Cadaster": "Jaj", "Municipality Name": "Jaj", "Union of Municipalities (UoM)": "UOM Caza Jbeil", "UNDP Focal Point": " ", "National Counterpart\n(Institutional Title)": "Municipality of JAJ", "Counterpart Type": "Municipality", "CPD Output No.": " ", "Strategic Plan 2026-2029\nActivity / Output No.": " ", "Gender Marker": " ", "Remarks / Notes": "Donor: AICS-Italy | Implementation: 2026 | Quantum project mapping to be confirmed\r" }, "geometry": { "type": "Point", "coordinates": [ 35.822819, 34.160714 ] } },
{ "type": "Feature", "properties": { "REF": 491, "Project ID (Quantum)": " ", "Project Name": "GID", "Programme": "Green Inclusive Program (GID)", "Start Date": "25/02/2025", "End Date": "26/02/2025", "Project Status": "Planned", "Output / Activity No.\n(per ProDoc results framework)": " ", "Full Activity Name": "STEPping up Nature Reserves Capacity – STEP4Nature Project", "Activity Description": "Construction of visitor centers including all needed environmental and technical studies", "Type of Activity": "Nature reserves & biodiversity", "Mother Project?": "Yes", "Mother Project Name": "GID", "Geographic Level": "Cadastre (CAD+ACS)", "Coordinates (Lat)": "34.005081", "Coordinates (Long)": "35.666531", "Governorate": "MountLebanon", "District": "Kesrwane", "Cadaster": "Chnanaair", "Municipality Name": "Chnanaair", "Union of Municipalities (UoM)": "UOM Kesrouane El Ftouh", "UNDP Focal Point": " ", "National Counterpart\n(Institutional Title)": "Municipality of Chnaniir", "Counterpart Type": "Municipality", "CPD Output No.": " ", "Strategic Plan 2026-2029\nActivity / Output No.": " ", "Gender Marker": " ", "Remarks / Notes": "Donor: AICS-Italy | Implementation: 2026 | Quantum project mapping to be confirmed\r" }, "geometry": { "type": "Point", "coordinates": [ 35.666531, 34.005081 ] } },
{ "type": "Feature", "properties": { "REF": 492, "Project ID (Quantum)": " ", "Project Name": "GID", "Programme": "Green Inclusive Program (GID)", "Start Date": "25/05/2025", "End Date": "25/12/2025", "Project Status": "Ongoing", "Output / Activity No.\n(per ProDoc results framework)": " ", "Full Activity Name": "STEPping up Nature Reserves Capacity – STEP4Nature Project", "Activity Description": "Development of Business Plan", "Type of Activity": "Nature reserves & biodiversity", "Mother Project?": "Yes", "Mother Project Name": "GID", "Geographic Level": "Cadastre (CAD+ACS)", "Coordinates (Lat)": "34.635451", "Coordinates (Long)": "35.984845", "Governorate": "MountLebanon", "District": "Jbeil", "Cadaster": "Bintaael", "Municipality Name": "No Municipality", "Union of Municipalities (UoM)": "No Municipality", "UNDP Focal Point": " ", "National Counterpart\n(Institutional Title)": "Municipality of Bentael", "Counterpart Type": "Municipality", "CPD Output No.": " ", "Strategic Plan 2026-2029\nActivity / Output No.": " ", "Gender Marker": " ", "Remarks / Notes": "Donor: AICS-Italy | Implementation: 2025 | Quantum project mapping to be confirmed\r" }, "geometry": { "type": "Point", "coordinates": [ 35.984845, 34.635451 ] } },
{ "type": "Feature", "properties": { "REF": 493, "Project ID (Quantum)": " ", "Project Name": "GID", "Programme": "Green Inclusive Program (GID)", "Start Date": "25/05/2025", "End Date": "25/12/2025", "Project Status": "Ongoing", "Output / Activity No.\n(per ProDoc results framework)": " ", "Full Activity Name": "STEPping up Nature Reserves Capacity – STEP4Nature Project", "Activity Description": "Development of Business Plan", "Type of Activity": "Nature reserves & biodiversity", "Mother Project?": "Yes", "Mother Project Name": "GID", "Geographic Level": "Cadastre (CAD+ACS)", "Coordinates (Lat)": "34.160714", "Coordinates (Long)": "35.822819", "Governorate": "MountLebanon", "District": "Jbeil", "Cadaster": "Jaj", "Municipality Name": "Jaj", "Union of Municipalities (UoM)": "UOM Caza Jbeil", "UNDP Focal Point": " ", "National Counterpart\n(Institutional Title)": "Municipality of JAJ", "Counterpart Type": "Municipality", "CPD Output No.": " ", "Strategic Plan 2026-2029\nActivity / Output No.": " ", "Gender Marker": " ", "Remarks / Notes": "Donor: AICS-Italy | Implementation: 2025 | Quantum project mapping to be confirmed\r" }, "geometry": { "type": "Point", "coordinates": [ 35.822819, 34.160714 ] } },
{ "type": "Feature", "properties": { "REF": 494, "Project ID (Quantum)": " ", "Project Name": "GID", "Programme": "Green Inclusive Program (GID)", "Start Date": "25/05/2025", "End Date": "25/12/2025", "Project Status": "Ongoing", "Output / Activity No.\n(per ProDoc results framework)": " ", "Full Activity Name": "STEPping up Nature Reserves Capacity – STEP4Nature Project", "Activity Description": "Development of Business Plan", "Type of Activity": "Nature reserves & biodiversity", "Mother Project?": "Yes", "Mother Project Name": "GID", "Geographic Level": "Cadastre (CAD+ACS)", "Coordinates (Lat)": "34.005081", "Coordinates (Long)": "35.666531", "Governorate": "MountLebanon", "District": "Kesrwane", "Cadaster": "Chnanaair", "Municipality Name": "Chnanaair", "Union of Municipalities (UoM)": "UOM Kesrouane El Ftouh", "UNDP Focal Point": " ", "National Counterpart\n(Institutional Title)": "Municipality of Chnaniir", "Counterpart Type": "Municipality", "CPD Output No.": " ", "Strategic Plan 2026-2029\nActivity / Output No.": " ", "Gender Marker": " ", "Remarks / Notes": "Donor: AICS-Italy | Implementation: 2025 | Quantum project mapping to be confirmed\r" }, "geometry": { "type": "Point", "coordinates": [ 35.666531, 34.005081 ] } },
{ "type": "Feature", "properties": { "REF": 495, "Project ID (Quantum)": " ", "Project Name": "GID", "Programme": "Green Inclusive Program (GID)", "Start Date": "25/05/2025", "End Date": "25/12/2025", "Project Status": "Ongoing", "Output / Activity No.\n(per ProDoc results framework)": " ", "Full Activity Name": "STEPping up Nature Reserves Capacity – STEP4Nature Project", "Activity Description": "Ecosystem Services Valuation", "Type of Activity": "Nature reserves & biodiversity", "Mother Project?": "Yes", "Mother Project Name": "GID", "Geographic Level": "Cadastre (CAD+ACS)", "Coordinates (Lat)": "34.635451", "Coordinates (Long)": "35.984845", "Governorate": "MountLebanon", "District": "Jbeil", "Cadaster": "Bintaael", "Municipality Name": "No Municipality", "Union of Municipalities (UoM)": "No Municipality", "UNDP Focal Point": " ", "National Counterpart\n(Institutional Title)": "Municipality of Bentael", "Counterpart Type": "Municipality", "CPD Output No.": " ", "Strategic Plan 2026-2029\nActivity / Output No.": " ", "Gender Marker": " ", "Remarks / Notes": "Donor: AICS-Italy | Implementation: 2025 | Quantum project mapping to be confirmed\r" }, "geometry": { "type": "Point", "coordinates": [ 35.984845, 34.635451 ] } },
{ "type": "Feature", "properties": { "REF": 496, "Project ID (Quantum)": " ", "Project Name": "GID", "Programme": "Green Inclusive Program (GID)", "Start Date": "25/05/2025", "End Date": "25/12/2025", "Project Status": "Ongoing", "Output / Activity No.\n(per ProDoc results framework)": " ", "Full Activity Name": "STEPping up Nature Reserves Capacity – STEP4Nature Project", "Activity Description": "Ecosystem Services Valuation", "Type of Activity": "Nature reserves & biodiversity", "Mother Project?": "Yes", "Mother Project Name": "GID", "Geographic Level": "Cadastre (CAD+ACS)", "Coordinates (Lat)": "34.160714", "Coordinates (Long)": "35.822819", "Governorate": "MountLebanon", "District": "Jbeil", "Cadaster": "Jaj", "Municipality Name": "Jaj", "Union of Municipalities (UoM)": "UOM Caza Jbeil", "UNDP Focal Point": " ", "National Counterpart\n(Institutional Title)": "Municipality of JAJ", "Counterpart Type": "Municipality", "CPD Output No.": " ", "Strategic Plan 2026-2029\nActivity / Output No.": " ", "Gender Marker": " ", "Remarks / Notes": "Donor: AICS-Italy | Implementation: 2025 | Quantum project mapping to be confirmed\r" }, "geometry": { "type": "Point", "coordinates": [ 35.822819, 34.160714 ] } },
{ "type": "Feature", "properties": { "REF": 497, "Project ID (Quantum)": " ", "Project Name": "GID", "Programme": "Green Inclusive Program (GID)", "Start Date": "25/05/2025", "End Date": "25/12/2025", "Project Status": "Ongoing", "Output / Activity No.\n(per ProDoc results framework)": " ", "Full Activity Name": "STEPping up Nature Reserves Capacity – STEP4Nature Project", "Activity Description": "Ecosystem Services Valuation", "Type of Activity": "Nature reserves & biodiversity", "Mother Project?": "Yes", "Mother Project Name": "GID", "Geographic Level": "Cadastre (CAD+ACS)", "Coordinates (Lat)": "34.005081", "Coordinates (Long)": "35.666531", "Governorate": "MountLebanon", "District": "Kesrwane", "Cadaster": "Chnanaair", "Municipality Name": "Chnanaair", "Union of Municipalities (UoM)": "UOM Kesrouane El Ftouh", "UNDP Focal Point": " ", "National Counterpart\n(Institutional Title)": "Municipality of Chnaniir", "Counterpart Type": "Municipality", "CPD Output No.": " ", "Strategic Plan 2026-2029\nActivity / Output No.": " ", "Gender Marker": " ", "Remarks / Notes": "Donor: AICS-Italy | Implementation: 2025 | Quantum project mapping to be confirmed\r" }, "geometry": { "type": "Point", "coordinates": [ 35.666531, 34.005081 ] } },
{ "type": "Feature", "properties": { "REF": 498, "Project ID (Quantum)": " ", "Project Name": "GID", "Programme": "Green Inclusive Program (GID)", "Start Date": "25/11/2025", "End Date": "26/02/2025", "Project Status": "Planned", "Output / Activity No.\n(per ProDoc results framework)": " ", "Full Activity Name": "STEPping up Nature Reserves Capacity – STEP4Nature Project", "Activity Description": "Installation of observation towers", "Type of Activity": "Nature reserves & biodiversity", "Mother Project?": "Yes", "Mother Project Name": "GID", "Geographic Level": "Cadastre (CAD+ACS)", "Coordinates (Lat)": "34.635451", "Coordinates (Long)": "35.984845", "Governorate": "MountLebanon", "District": "Jbeil", "Cadaster": "Bintaael", "Municipality Name": "No Municipality", "Union of Municipalities (UoM)": "No Municipality", "UNDP Focal Point": " ", "National Counterpart\n(Institutional Title)": "Municipality of Bentael", "Counterpart Type": "Municipality", "CPD Output No.": " ", "Strategic Plan 2026-2029\nActivity / Output No.": " ", "Gender Marker": " ", "Remarks / Notes": "Donor: AICS-Italy | Implementation: 2026 | Quantum project mapping to be confirmed\r" }, "geometry": { "type": "Point", "coordinates": [ 35.984845, 34.635451 ] } },
{ "type": "Feature", "properties": { "REF": 499, "Project ID (Quantum)": " ", "Project Name": "GID", "Programme": "Green Inclusive Program (GID)", "Start Date": "25/11/2025", "End Date": "26/02/2025", "Project Status": "Planned", "Output / Activity No.\n(per ProDoc results framework)": " ", "Full Activity Name": "STEPping up Nature Reserves Capacity – STEP4Nature Project", "Activity Description": "Installation of observation towers", "Type of Activity": "Nature reserves & biodiversity", "Mother Project?": "Yes", "Mother Project Name": "GID", "Geographic Level": "Cadastre (CAD+ACS)", "Coordinates (Lat)": "34.160714", "Coordinates (Long)": "35.822819", "Governorate": "MountLebanon", "District": "Jbeil", "Cadaster": "Jaj", "Municipality Name": "Jaj", "Union of Municipalities (UoM)": "UOM Caza Jbeil", "UNDP Focal Point": " ", "National Counterpart\n(Institutional Title)": "Municipality of JAJ", "Counterpart Type": "Municipality", "CPD Output No.": " ", "Strategic Plan 2026-2029\nActivity / Output No.": " ", "Gender Marker": " ", "Remarks / Notes": "Donor: AICS-Italy | Implementation: 2026 | Quantum project mapping to be confirmed\r" }, "geometry": { "type": "Point", "coordinates": [ 35.822819, 34.160714 ] } },
{ "type": "Feature", "properties": { "REF": 500, "Project ID (Quantum)": " ", "Project Name": "GID", "Programme": "Green Inclusive Program (GID)", "Start Date": "25/11/2025", "End Date": "26/02/2025", "Project Status": "Planned", "Output / Activity No.\n(per ProDoc results framework)": " ", "Full Activity Name": "STEPping up Nature Reserves Capacity – STEP4Nature Project", "Activity Description": "Installation of observation towers", "Type of Activity": "Nature reserves & biodiversity", "Mother Project?": "Yes", "Mother Project Name": "GID", "Geographic Level": "Cadastre (CAD+ACS)", "Coordinates (Lat)": "34.005081", "Coordinates (Long)": "35.666531", "Governorate": "MountLebanon", "District": "Kesrwane", "Cadaster": "Chnanaair", "Municipality Name": "Chnanaair", "Union of Municipalities (UoM)": "UOM Kesrouane El Ftouh", "UNDP Focal Point": " ", "National Counterpart\n(Institutional Title)": "Municipality of Chnaniir", "Counterpart Type": "Municipality", "CPD Output No.": " ", "Strategic Plan 2026-2029\nActivity / Output No.": " ", "Gender Marker": " ", "Remarks / Notes": "Donor: AICS-Italy | Implementation: 2026 | Quantum project mapping to be confirmed\r" }, "geometry": { "type": "Point", "coordinates": [ 35.666531, 34.005081 ] } },
{ "type": "Feature", "properties": { "REF": 501, "Project ID (Quantum)": " ", "Project Name": "GID", "Programme": "Green Inclusive Program (GID)", "Start Date": "24/12/2025", "End Date": "25/03/2025", "Project Status": "Completed", "Output / Activity No.\n(per ProDoc results framework)": " ", "Full Activity Name": "STEPping up Nature Reserves Capacity – STEP4Nature Project", "Activity Description": "Conservation and structural stabilization/consolidation of the “Cultural Heritage” within Machaa Chnaniir Nature Reserve (Lime Kiln, Vaulted Stone Houses)", "Type of Activity": "Nature reserves & biodiversity", "Mother Project?": "Yes", "Mother Project Name": "GID", "Geographic Level": "Cadastre (CAD+ACS)", "Coordinates (Lat)": "34.005081", "Coordinates (Long)": "35.666531", "Governorate": "MountLebanon", "District": "Kesrwane", "Cadaster": "Chnanaair", "Municipality Name": "Chnanaair", "Union of Municipalities (UoM)": "UOM Kesrouane El Ftouh", "UNDP Focal Point": " ", "National Counterpart\n(Institutional Title)": "Municipality of Chnaniir", "Counterpart Type": "Municipality", "CPD Output No.": " ", "Strategic Plan 2026-2029\nActivity / Output No.": " ", "Gender Marker": " ", "Remarks / Notes": "Donor: AICS-Italy | Implementation: 2025 | Quantum project mapping to be confirmed\r" }, "geometry": { "type": "Point", "coordinates": [ 35.666531, 34.005081 ] } },
{ "type": "Feature", "properties": { "REF": 502, "Project ID (Quantum)": " ", "Project Name": "GID", "Programme": "Green Inclusive Program (GID)", "Start Date": "24/11/2025", "End Date": "25/07/2025", "Project Status": "Completed", "Output / Activity No.\n(per ProDoc results framework)": " ", "Full Activity Name": "STEPping up Nature Reserves Capacity – STEP4Nature Project", "Activity Description": "Establishment of a buffer zone in Bentael NR to reduce disturbance through planting of economical trees (Carrob Trees)", "Type of Activity": "Nature reserves & biodiversity", "Mother Project?": "Yes", "Mother Project Name": "GID", "Geographic Level": "Cadastre (CAD+ACS)", "Coordinates (Lat)": "34.635451", "Coordinates (Long)": "35.984845", "Governorate": "MountLebanon", "District": "Jbeil", "Cadaster": "Bintaael", "Municipality Name": "No Municipality", "Union of Municipalities (UoM)": "No Municipality", "UNDP Focal Point": " ", "National Counterpart\n(Institutional Title)": "Municipality of Bentael", "Counterpart Type": "Municipality", "CPD Output No.": " ", "Strategic Plan 2026-2029\nActivity / Output No.": " ", "Gender Marker": " ", "Remarks / Notes": "Donor: AICS-Italy | Implementation: 2025 | Quantum project mapping to be confirmed\r" }, "geometry": { "type": "Point", "coordinates": [ 35.984845, 34.635451 ] } },
{ "type": "Feature", "properties": { "REF": 503, "Project ID (Quantum)": " ", "Project Name": "GID", "Programme": "Green Inclusive Program (GID)", "Start Date": "24/12/2025", "End Date": "25/03/2025", "Project Status": "Completed", "Output / Activity No.\n(per ProDoc results framework)": " ", "Full Activity Name": "STEPping up Nature Reserves Capacity – STEP4Nature Project", "Activity Description": "Training in Chnaniir for women to produce Nature-Based products (Mirtle syrop, liquor)", "Type of Activity": "Nature reserves & biodiversity", "Mother Project?": "Yes", "Mother Project Name": "GID", "Geographic Level": "Cadastre (CAD+ACS)", "Coordinates (Lat)": "34.005081", "Coordinates (Long)": "35.666531", "Governorate": "MountLebanon", "District": "Kesrwane", "Cadaster": "Chnanaair", "Municipality Name": "Chnanaair", "Union of Municipalities (UoM)": "UOM Kesrouane El Ftouh", "UNDP Focal Point": " ", "National Counterpart\n(Institutional Title)": "Municipality of Chnaniir", "Counterpart Type": "Municipality", "CPD Output No.": " ", "Strategic Plan 2026-2029\nActivity / Output No.": " ", "Gender Marker": " ", "Remarks / Notes": "Donor: AICS-Italy | Implementation: 2025 | Quantum project mapping to be confirmed\r" }, "geometry": { "type": "Point", "coordinates": [ 35.666531, 34.005081 ] } },
{ "type": "Feature", "properties": { "REF": 504, "Project ID (Quantum)": " ", "Project Name": "GID", "Programme": "Green Inclusive Program (GID)", "Start Date": "25/05/2025", "End Date": "25/12/2025", "Project Status": "Ongoing", "Output / Activity No.\n(per ProDoc results framework)": " ", "Full Activity Name": "STEPping up Nature Reserves Capacity – STEP4Nature Project", "Activity Description": "Sorting System: Deployment of a 3-bin waste sorting system", "Type of Activity": "Nature reserves & biodiversity", "Mother Project?": "Yes", "Mother Project Name": "GID", "Geographic Level": "Cadastre (CAD+ACS)", "Coordinates (Lat)": "34.635451", "Coordinates (Long)": "35.984845", "Governorate": "MountLebanon", "District": "Jbeil", "Cadaster": "Bintaael", "Municipality Name": "No Municipality", "Union of Municipalities (UoM)": "No Municipality", "UNDP Focal Point": " ", "National Counterpart\n(Institutional Title)": "Municipality of Bentael", "Counterpart Type": "Municipality", "CPD Output No.": " ", "Strategic Plan 2026-2029\nActivity / Output No.": " ", "Gender Marker": " ", "Remarks / Notes": "Donor: AICS-Italy | Implementation: 2025 | Quantum project mapping to be confirmed\r" }, "geometry": { "type": "Point", "coordinates": [ 35.984845, 34.635451 ] } },
{ "type": "Feature", "properties": { "REF": 505, "Project ID (Quantum)": " ", "Project Name": "GID", "Programme": "Green Inclusive Program (GID)", "Start Date": "25/05/2025", "End Date": "25/12/2025", "Project Status": "Ongoing", "Output / Activity No.\n(per ProDoc results framework)": " ", "Full Activity Name": "STEPping up Nature Reserves Capacity – STEP4Nature Project", "Activity Description": "Sorting System: Deployment of a 3-bin waste sorting system", "Type of Activity": "Nature reserves & biodiversity", "Mother Project?": "Yes", "Mother Project Name": "GID", "Geographic Level": "Cadastre (CAD+ACS)", "Coordinates (Lat)": "34.160714", "Coordinates (Long)": "35.822819", "Governorate": "MountLebanon", "District": "Jbeil", "Cadaster": "Jaj", "Municipality Name": "Jaj", "Union of Municipalities (UoM)": "UOM Caza Jbeil", "UNDP Focal Point": " ", "National Counterpart\n(Institutional Title)": "Municipality of JAJ", "Counterpart Type": "Municipality", "CPD Output No.": " ", "Strategic Plan 2026-2029\nActivity / Output No.": " ", "Gender Marker": " ", "Remarks / Notes": "Donor: AICS-Italy | Implementation: 2025 | Quantum project mapping to be confirmed\r" }, "geometry": { "type": "Point", "coordinates": [ 35.822819, 34.160714 ] } },
{ "type": "Feature", "properties": { "REF": 506, "Project ID (Quantum)": " ", "Project Name": "GID", "Programme": "Green Inclusive Program (GID)", "Start Date": "25/05/2025", "End Date": "25/12/2025", "Project Status": "Ongoing", "Output / Activity No.\n(per ProDoc results framework)": " ", "Full Activity Name": "STEPping up Nature Reserves Capacity – STEP4Nature Project", "Activity Description": "Sorting System: Deployment of a 3-bin waste sorting system", "Type of Activity": "Nature reserves & biodiversity", "Mother Project?": "Yes", "Mother Project Name": "GID", "Geographic Level": "Cadastre (CAD+ACS)", "Coordinates (Lat)": "34.005081", "Coordinates (Long)": "35.666531", "Governorate": "MountLebanon", "District": "Kesrwane", "Cadaster": "Chnanaair", "Municipality Name": "Chnanaair", "Union of Municipalities (UoM)": "UOM Kesrouane El Ftouh", "UNDP Focal Point": " ", "National Counterpart\n(Institutional Title)": "Municipality of Chnaniir", "Counterpart Type": "Municipality", "CPD Output No.": " ", "Strategic Plan 2026-2029\nActivity / Output No.": " ", "Gender Marker": " ", "Remarks / Notes": "Donor: AICS-Italy | Implementation: 2025 | Quantum project mapping to be confirmed | Location as reported: North Lebanon / Kesserwan\r" }, "geometry": { "type": "Point", "coordinates": [ 35.666531, 34.005081 ] } },
{ "type": "Feature", "properties": { "REF": 507, "Project ID (Quantum)": " ", "Project Name": "GID", "Programme": "Green Inclusive Program (GID)", "Start Date": "26/08/2025", "End Date": "01/07/2026", "Project Status": "Ongoing", "Output / Activity No.\n(per ProDoc results framework)": " ", "Full Activity Name": "Towards a Decentralised Waste Management Integrated Response in Lebanon (TaDWIR)", "Activity Description": "Municipal Waste Collection from IDP Shelters in South Lebanon", "Type of Activity": "Solid waste management", "Mother Project?": "Yes", "Mother Project Name": "GID", "Geographic Level": " ", "Coordinates (Lat)": "#N/A", "Coordinates (Long)": "#N/A", "Governorate": " ", "District": " ", "Cadaster": " ", "Municipality Name": "0", "Union of Municipalities (UoM)": "#N/A", "UNDP Focal Point": " ", "National Counterpart\n(Institutional Title)": "Lot 2: Union of Bint Jbeil Municipalities Union of Jabal Amel Municipalities Union of El Arkoub Municipalities Union of Hasbani Municipalities Lot 3: Union of Sahel Al-Zahrani Municipalities Union of Sheqif Municipalities (Nabatieh Union) Union of Iqlim al-Tuffah Municipalities Union of Al-Qalaa Municipalities Lot 4: Union of Jezzine Municipalities Union of Jabal Al Rihan", "Counterpart Type": "Municipality", "CPD Output No.": " ", "Strategic Plan 2026-2029\nActivity / Output No.": " ", "Gender Marker": " ", "Remarks / Notes": "Donor: EU | Implementation: 2025-2026 | Quantum project mapping to be confirmed | Location as reported: South/Nabatieh (multi-area – single governorate not applicable) | Coverage: Lot 2: Union of Bint Jbeil Municipalities Union of Jabal Amel Municipalities Union of El Arkoub Municipalities Union of Hasbani Municipalities Lot 3: Union of Sahel Al-Zahrani Municipalities Union of Sheqif Municipalities (Nabatieh Union) Union of Iqlim al-Tuffah Municipalities Union of Al-Qalaa Municipalities Lot 4: Union of Jezzine Municipalities Union of Jabal Al Rihan (multi-cadastral – single cadaster not applicable)\r" }, "geometry": null },
{ "type": "Feature", "properties": { "REF": 508, "Project ID (Quantum)": " ", "Project Name": "GID", "Programme": "Green Inclusive Program (GID)", "Start Date": "01/06/2025", "End Date": "01/08/2025", "Project Status": "Completed", "Output / Activity No.\n(per ProDoc results framework)": " ", "Full Activity Name": "Towards a Decentralised Waste Management Integrated Response in Lebanon (TaDWIR)", "Activity Description": "Provision of Waste Bins: As a first step, we will be supplying approximately 9,500 plastic bins. The second step will involve the provision of 200 metal bins.", "Type of Activity": "Solid waste management", "Mother Project?": "Yes", "Mother Project Name": "GID", "Geographic Level": " ", "Coordinates (Lat)": "#N/A", "Coordinates (Long)": "#N/A", "Governorate": " ", "District": " ", "Cadaster": " ", "Municipality Name": "0", "Union of Municipalities (UoM)": "#N/A", "UNDP Focal Point": " ", "National Counterpart\n(Institutional Title)": "Municipality of Nabatieh, Tyre Borj El Shamali Bazouriyeh Wadi Jilo El Majadel Aitit Mahrouna Mazraet Meshref El Bayad Deir Ames Resheknaney Seddiquine Jbel Botom Borj Rahal Deir Qanoun Naher Toura Tayr Debba Maarakeh Yanouh Janetta Maaroub Barish El Henayre Badyas Halousiyeh Tayr Felsay Deir Dghaya Bestyat Arzoun Deir Kifa Shehour Srifa En-Nifakhiye Es-Shehabiyeh Selhaa Debaal Beflay El Semahiyeh Zebqin Shehaytiyeh El Kneyseh Deir Qanoun Ras El Ein Batoulay Ein Beaal Hanaway Qana El Qolayleh El Hiniyeh El Mansouri El Abbasiyeh- Jal El Baher El Borghliyeh Nabatiyeh Tahta El Nmayreih Zefta Arab Salim Houmin El Tahta Aaba Arnoun Aazzi Mayfadoun Yuhmor Kfar Keila Senay Jebchit Kfour Bint Jbeil, Hasbaya, Marjeyoun", "Counterpart Type": "Municipality", "CPD Output No.": " ", "Strategic Plan 2026-2029\nActivity / Output No.": " ", "Gender Marker": " ", "Remarks / Notes": "Donor: EU | Implementation: 2025 | Quantum project mapping to be confirmed | Location as reported: South/Nabatieh / Nabatieh/Tyre (multi-area – single governorate not applicable) | Coverage: Nabatieh, Tyre Borj El Shamali Bazouriyeh Wadi Jilo El Majadel Aitit Mahrouna Mazraet Meshref El Bayad Deir Ames Resheknaney Seddiquine Jbel Botom Borj Rahal Deir Qanoun Naher Toura Tayr Debba Maarakeh Yanouh Janetta Maaroub Barish El Henayre Badyas Halousiyeh Tayr Felsay Deir Dghaya Bestyat Arzoun Deir Kifa Shehour Srifa En-Nifakhiye Es-Shehabiyeh Selhaa Debaal Beflay El Semahiyeh Zebqin Shehaytiyeh El Kneyseh Deir Qanoun Ras El Ein Batoulay Ein Beaal Hanaway Qana El Qolayleh El Hiniyeh El Mansouri El Abbasiyeh- Jal El Baher El Borghliyeh Nabatiyeh Tahta El Nmayreih Zefta Arab Salim Houmin El Tahta Aaba Arnoun Aazzi Mayfadoun Yuhmor Kfar Keila Senay Jebchit Kfour Bint Jbeil, Hasbaya, Marjeyoun (multi-cadastral – single cadaster not applicable)" }, "geometry": null },
{ "type": "Feature", "properties": { "REF": 509, "Project ID (Quantum)": " ", "Project Name": "GID", "Programme": "Green Inclusive Program (GID)", "Start Date": "01/06/2025", "End Date": "01/08/2025", "Project Status": "Completed", "Output / Activity No.\n(per ProDoc results framework)": " ", "Full Activity Name": "Towards a Decentralised Waste Management Integrated Response in Lebanon (TaDWIR)", "Activity Description": "Provision of Metal bins", "Type of Activity": "Solid waste management", "Mother Project?": "Yes", "Mother Project Name": "GID", "Geographic Level": " ", "Coordinates (Lat)": "#N/A", "Coordinates (Long)": "#N/A", "Governorate": " ", "District": " ", "Cadaster": " ", "Municipality Name": "0", "Union of Municipalities (UoM)": "#N/A", "UNDP Focal Point": " ", "National Counterpart\n(Institutional Title)": "Municipality of Tyre, Nabatieh (250 bin)", "Counterpart Type": "Municipality", "CPD Output No.": " ", "Strategic Plan 2026-2029\nActivity / Output No.": " ", "Gender Marker": " ", "Remarks / Notes": "Donor: EU | Implementation: 2025 | Quantum project mapping to be confirmed | Location as reported: South/Nabatieh / Tyre, Nabatieh (multi-area – single governorate not applicable) | Coverage: Tyre, Nabatieh (250 bin) (multi-cadastral – single cadaster not applicable)" }, "geometry": null },
{ "type": "Feature", "properties": { "REF": 510, "Project ID (Quantum)": " ", "Project Name": "GID", "Programme": "Green Inclusive Program (GID)", "Start Date": "01/10/2025", "End Date": "01/04/2026", "Project Status": "Planned", "Output / Activity No.\n(per ProDoc results framework)": " ", "Full Activity Name": "Towards a Decentralised Waste Management Integrated Response in Lebanon (TaDWIR)", "Activity Description": "Provision of waste collection equipment", "Type of Activity": "Solid waste management", "Mother Project?": "Yes", "Mother Project Name": "GID", "Geographic Level": " ", "Coordinates (Lat)": "#N/A", "Coordinates (Long)": "#N/A", "Governorate": " ", "District": " ", "Cadaster": " ", "Municipality Name": "0", "Union of Municipalities (UoM)": "#N/A", "UNDP Focal Point": " ", "National Counterpart\n(Institutional Title)": " ", "Counterpart Type": " ", "CPD Output No.": " ", "Strategic Plan 2026-2029\nActivity / Output No.": " ", "Gender Marker": " ", "Remarks / Notes": "Donor: EU | Implementation: 2025-2026 | Quantum project mapping to be confirmed | Location as reported: South/Nabatieh (multi-area – single governorate not applicable) | Locality as reported: TBD (cadaster not matched)\r" }, "geometry": null },
{ "type": "Feature", "properties": { "REF": 511, "Project ID (Quantum)": " ", "Project Name": "GID", "Programme": "Green Inclusive Program (GID)", "Start Date": "Contract signed with no mobilization awaiting security clearance", "End Date": null, "Project Status": " ", "Output / Activity No.\n(per ProDoc results framework)": " ", "Full Activity Name": "Increasing Access to Water", "Activity Description": "Construction and rehabilitation", "Type of Activity": "Water & irrigation infrastructure", "Mother Project?": "Yes", "Mother Project Name": "GID", "Geographic Level": "Cadastre (CAD+ACS)", "Coordinates (Lat)": "33.338697", "Coordinates (Long)": "35.563807", "Governorate": "ElNabatieh", "District": "Marjaayoun", "Cadaster": "Qlaiaa", "Municipality Name": "Qlaiaa", "Union of Municipalities (UoM)": "No Union", "UNDP Focal Point": " ", "National Counterpart\n(Institutional Title)": "Municipality of Qlayaa", "Counterpart Type": "Municipality", "CPD Output No.": " ", "Strategic Plan 2026-2029\nActivity / Output No.": " ", "Gender Marker": " ", "Remarks / Notes": "Donor: KfW | Quantum project mapping to be confirmed\r" }, "geometry": { "type": "Point", "coordinates": [ 35.563807, 33.338697 ] } },
{ "type": "Feature", "properties": { "REF": 512, "Project ID (Quantum)": " ", "Project Name": "GID", "Programme": "Green Inclusive Program (GID)", "Start Date": " ", "End Date": " ", "Project Status": "Completed", "Output / Activity No.\n(per ProDoc results framework)": " ", "Full Activity Name": "Sustainable Energy for Public Services entities, entrepreneurship and innovation– EU Support to Lebanon’s Green Agenda", "Activity Description": "Hassan Hallal official secondary school", "Type of Activity": "Renewable energy & energy efficiency", "Mother Project?": "Yes", "Mother Project Name": "GID", "Geographic Level": "Cadastre (CAD+ACS)", "Coordinates (Lat)": "33.49143", "Coordinates (Long)": "35.526744", "Governorate": "ElNabatieh", "District": "ElNabatiehDistrict", "Cadaster": "Jbaa En-Nabatiyeh", "Municipality Name": "Jbaa El Nabatieh - Aain Bou Souar", "Union of Municipalities (UoM)": "UOM Iqlim El Touffah", "UNDP Focal Point": " ", "National Counterpart\n(Institutional Title)": "Municipality of Nabatieh", "Counterpart Type": "Municipality", "CPD Output No.": " ", "Strategic Plan 2026-2029\nActivity / Output No.": " ", "Gender Marker": " ", "Remarks / Notes": "Donor: EU | Implementation: 2025 | Quantum project mapping to be confirmed\r" }, "geometry": { "type": "Point", "coordinates": [ 35.526744, 33.49143 ] } },
{ "type": "Feature", "properties": { "REF": 513, "Project ID (Quantum)": " ", "Project Name": "GID", "Programme": "Green Inclusive Program (GID)", "Start Date": " ", "End Date": null, "Project Status": "Ongoing", "Output / Activity No.\n(per ProDoc results framework)": " ", "Full Activity Name": "Sustainable Energy for Public Services entities, entrepreneurship and innovation– EU Support to Lebanon’s Green Agenda", "Activity Description": "Adloun official high school", "Type of Activity": "Renewable energy & energy efficiency", "Mother Project?": "Yes", "Mother Project Name": "GID", "Geographic Level": "Cadastre (CAD+ACS)", "Coordinates (Lat)": "33.388949", "Coordinates (Long)": "35.262859", "Governorate": "South", "District": "Saida", "Cadaster": "Aadloun", "Municipality Name": "Aadloun", "Union of Municipalities (UoM)": "UOM Sahil El Zahrani", "UNDP Focal Point": " ", "National Counterpart\n(Institutional Title)": "Municipality of Adloun", "Counterpart Type": "Municipality", "CPD Output No.": " ", "Strategic Plan 2026-2029\nActivity / Output No.": " ", "Gender Marker": " ", "Remarks / Notes": "Donor: EU | Implementation: 2025 | Quantum project mapping to be confirmed\r" }, "geometry": { "type": "Point", "coordinates": [ 35.262859, 33.388949 ] } },
{ "type": "Feature", "properties": { "REF": 514, "Project ID (Quantum)": " ", "Project Name": "GID", "Programme": "Green Inclusive Program (GID)", "Start Date": " ", "End Date": " ", "Project Status": "Ongoing", "Output / Activity No.\n(per ProDoc results framework)": " ", "Full Activity Name": "Sustainable Energy for Public Services entities, entrepreneurship and innovation– EU Support to Lebanon’s Green Agenda", "Activity Description": "Saida Justice Palace", "Type of Activity": "Renewable energy & energy efficiency", "Mother Project?": "Yes", "Mother Project Name": "GID", "Geographic Level": "Cadastre (CAD+ACS)", "Coordinates (Lat)": "33.576936", "Coordinates (Long)": "35.384905", "Governorate": "South", "District": "Saida", "Cadaster": "Saida El-Oustani", "Municipality Name": "Saida", "Union of Municipalities (UoM)": "UOM Saida El Zahrani", "UNDP Focal Point": " ", "National Counterpart\n(Institutional Title)": "Municipality of Saida", "Counterpart Type": "Municipality", "CPD Output No.": " ", "Strategic Plan 2026-2029\nActivity / Output No.": " ", "Gender Marker": " ", "Remarks / Notes": "Donor: EU | Implementation: 2025 | Quantum project mapping to be confirmed\r" }, "geometry": { "type": "Point", "coordinates": [ 35.384905, 33.576936 ] } },
{ "type": "Feature", "properties": { "REF": 515, "Project ID (Quantum)": " ", "Project Name": "GID", "Programme": "Green Inclusive Program (GID)", "Start Date": " ", "End Date": null, "Project Status": "Ongoing", "Output / Activity No.\n(per ProDoc results framework)": " ", "Full Activity Name": "Sustainable Energy for Public Services entities, entrepreneurship and innovation– EU Support to Lebanon’s Green Agenda", "Activity Description": "Nabatieh Justice Palace", "Type of Activity": "Renewable energy & energy efficiency", "Mother Project?": "Yes", "Mother Project Name": "GID", "Geographic Level": "Cadastre (CAD+ACS)", "Coordinates (Lat)": "33.49143", "Coordinates (Long)": "35.526744", "Governorate": "ElNabatieh", "District": "ElNabatiehDistrict", "Cadaster": "Jbaa En-Nabatiyeh", "Municipality Name": "Jbaa El Nabatieh - Aain Bou Souar", "Union of Municipalities (UoM)": "UOM Iqlim El Touffah", "UNDP Focal Point": " ", "National Counterpart\n(Institutional Title)": "Municipality of Nabatieh", "Counterpart Type": "Municipality", "CPD Output No.": " ", "Strategic Plan 2026-2029\nActivity / Output No.": " ", "Gender Marker": " ", "Remarks / Notes": "Donor: EU | Implementation: 2025 | Quantum project mapping to be confirmed\r" }, "geometry": { "type": "Point", "coordinates": [ 35.526744, 33.49143 ] } },
{ "type": "Feature", "properties": { "REF": 516, "Project ID (Quantum)": " ", "Project Name": "GID", "Programme": "Green Inclusive Program (GID)", "Start Date": " ", "End Date": " ", "Project Status": "Planned", "Output / Activity No.\n(per ProDoc results framework)": " ", "Full Activity Name": "Sustainable Energy for Public Services entities, entrepreneurship and innovation– EU Support to Lebanon’s Green Agenda", "Activity Description": "Serail Nabatieh", "Type of Activity": "Renewable energy & energy efficiency", "Mother Project?": "Yes", "Mother Project Name": "GID", "Geographic Level": "Cadastre (CAD+ACS)", "Coordinates (Lat)": "33.49143", "Coordinates (Long)": "35.526744", "Governorate": "ElNabatieh", "District": "ElNabatiehDistrict", "Cadaster": "Jbaa En-Nabatiyeh", "Municipality Name": "Jbaa El Nabatieh - Aain Bou Souar", "Union of Municipalities (UoM)": "UOM Iqlim El Touffah", "UNDP Focal Point": " ", "National Counterpart\n(Institutional Title)": "Municipality of Nabatieh", "Counterpart Type": "Municipality", "CPD Output No.": " ", "Strategic Plan 2026-2029\nActivity / Output No.": " ", "Gender Marker": " ", "Remarks / Notes": "Donor: EU | Implementation: 2026 | Quantum project mapping to be confirmed\r" }, "geometry": { "type": "Point", "coordinates": [ 35.526744, 33.49143 ] } },
{ "type": "Feature", "properties": { "REF": 517, "Project ID (Quantum)": " ", "Project Name": "GID", "Programme": "Green Inclusive Program (GID)", "Start Date": " ", "End Date": null, "Project Status": "Planned", "Output / Activity No.\n(per ProDoc results framework)": " ", "Full Activity Name": "Sustainable Energy for Public Services entities, entrepreneurship and innovation– EU Support to Lebanon’s Green Agenda", "Activity Description": "Serail Saida", "Type of Activity": "Renewable energy & energy efficiency", "Mother Project?": "Yes", "Mother Project Name": "GID", "Geographic Level": "Cadastre (CAD+ACS)", "Coordinates (Lat)": "33.576936", "Coordinates (Long)": "35.384905", "Governorate": "South", "District": "Saida", "Cadaster": "Saida El-Oustani", "Municipality Name": "Saida", "Union of Municipalities (UoM)": "UOM Saida El Zahrani", "UNDP Focal Point": " ", "National Counterpart\n(Institutional Title)": "Municipality of Saida", "Counterpart Type": "Municipality", "CPD Output No.": " ", "Strategic Plan 2026-2029\nActivity / Output No.": " ", "Gender Marker": " ", "Remarks / Notes": "Donor: EU | Implementation: 2026 | Quantum project mapping to be confirmed\r" }, "geometry": { "type": "Point", "coordinates": [ 35.384905, 33.576936 ] } },
{ "type": "Feature", "properties": { "REF": 518, "Project ID (Quantum)": " ", "Project Name": "GID", "Programme": "Green Inclusive Program (GID)", "Start Date": " ", "End Date": " ", "Project Status": "Planned", "Output / Activity No.\n(per ProDoc results framework)": " ", "Full Activity Name": "Sustainable Energy for Public Services entities, entrepreneurship and innovation– EU Support to Lebanon’s Green Agenda", "Activity Description": "ISF Haret Saida Barracks", "Type of Activity": "Renewable energy & energy efficiency", "Mother Project?": "Yes", "Mother Project Name": "GID", "Geographic Level": "Cadastre (CAD+ACS)", "Coordinates (Lat)": "33.576936", "Coordinates (Long)": "35.384905", "Governorate": "South", "District": "Saida", "Cadaster": "Saida El-Oustani", "Municipality Name": "Saida", "Union of Municipalities (UoM)": "UOM Saida El Zahrani", "UNDP Focal Point": " ", "National Counterpart\n(Institutional Title)": "Municipality of Saida", "Counterpart Type": "Municipality", "CPD Output No.": " ", "Strategic Plan 2026-2029\nActivity / Output No.": " ", "Gender Marker": " ", "Remarks / Notes": "Donor: EU | Implementation: 2025 | Quantum project mapping to be confirmed\r" }, "geometry": { "type": "Point", "coordinates": [ 35.384905, 33.576936 ] } },
{ "type": "Feature", "properties": { "REF": 519, "Project ID (Quantum)": " ", "Project Name": "GID", "Programme": "Green Inclusive Program (GID)", "Start Date": " ", "End Date": null, "Project Status": "Planned", "Output / Activity No.\n(per ProDoc results framework)": " ", "Full Activity Name": "Sustainable Energy for Public Services entities, entrepreneurship and innovation– EU Support to Lebanon’s Green Agenda", "Activity Description": "ISF Nabatieh Barracks", "Type of Activity": "Renewable energy & energy efficiency", "Mother Project?": "Yes", "Mother Project Name": "GID", "Geographic Level": "Cadastre (CAD+ACS)", "Coordinates (Lat)": "33.49143", "Coordinates (Long)": "35.526744", "Governorate": "ElNabatieh", "District": "ElNabatiehDistrict", "Cadaster": "Jbaa En-Nabatiyeh", "Municipality Name": "Jbaa El Nabatieh - Aain Bou Souar", "Union of Municipalities (UoM)": "UOM Iqlim El Touffah", "UNDP Focal Point": " ", "National Counterpart\n(Institutional Title)": "Municipality of Nabatieh", "Counterpart Type": "Municipality", "CPD Output No.": " ", "Strategic Plan 2026-2029\nActivity / Output No.": " ", "Gender Marker": " ", "Remarks / Notes": "Donor: EU | Implementation: 2025 | Quantum project mapping to be confirmed\r" }, "geometry": { "type": "Point", "coordinates": [ 35.526744, 33.49143 ] } },
{ "type": "Feature", "properties": { "REF": 520, "Project ID (Quantum)": " ", "Project Name": "GID", "Programme": "Green Inclusive Program (GID)", "Start Date": " ", "End Date": " ", "Project Status": "Ongoing", "Output / Activity No.\n(per ProDoc results framework)": " ", "Full Activity Name": "Improving energy security and promoting the transition to sustainable energy in Lebanon - KFW", "Activity Description": "Jezzine governmental hospital", "Type of Activity": "Renewable energy & energy efficiency", "Mother Project?": "Yes", "Mother Project Name": "GID", "Geographic Level": "Cadastre (CAD+ACS)", "Coordinates (Lat)": "33.527578", "Coordinates (Long)": "35.586368", "Governorate": "South", "District": "Jezzine", "Cadaster": "Jezzine", "Municipality Name": "Jezzine - Ain Majdalain", "Union of Municipalities (UoM)": "UOM Caza Jezzine", "UNDP Focal Point": " ", "National Counterpart\n(Institutional Title)": "Municipality of Jezzine", "Counterpart Type": "Municipality", "CPD Output No.": " ", "Strategic Plan 2026-2029\nActivity / Output No.": " ", "Gender Marker": " ", "Remarks / Notes": "Donor: KFW | Implementation: 2026 | Quantum project mapping to be confirmed\r" }, "geometry": { "type": "Point", "coordinates": [ 35.586368, 33.527578 ] } },
{ "type": "Feature", "properties": { "REF": 521, "Project ID (Quantum)": " ", "Project Name": "GID", "Programme": "Green Inclusive Program (GID)", "Start Date": " ", "End Date": null, "Project Status": "Planned", "Output / Activity No.\n(per ProDoc results framework)": " ", "Full Activity Name": "Improving energy security and promoting the transition to sustainable energy in Lebanon - KFW", "Activity Description": "Tyre governmental hospital", "Type of Activity": "Renewable energy & energy efficiency", "Mother Project?": "Yes", "Mother Project Name": "GID", "Geographic Level": "Cadastre (CAD+ACS)", "Coordinates (Lat)": "33.270146", "Coordinates (Long)": "35.199186", "Governorate": "South", "District": "Sour", "Cadaster": "Sour", "Municipality Name": "Sour", "Union of Municipalities (UoM)": "UOM Caza Sour", "UNDP Focal Point": " ", "National Counterpart\n(Institutional Title)": "Municipality of Tyre", "Counterpart Type": "Municipality", "CPD Output No.": " ", "Strategic Plan 2026-2029\nActivity / Output No.": " ", "Gender Marker": " ", "Remarks / Notes": "Donor: KFW | Implementation: 2026 | Quantum project mapping to be confirmed\r" }, "geometry": { "type": "Point", "coordinates": [ 35.199186, 33.270146 ] } },
{ "type": "Feature", "properties": { "REF": 522, "Project ID (Quantum)": " ", "Project Name": "GID", "Programme": "Green Inclusive Program (GID)", "Start Date": " ", "End Date": " ", "Project Status": "Planned", "Output / Activity No.\n(per ProDoc results framework)": " ", "Full Activity Name": "Improving energy security and promoting the transition to sustainable energy in Lebanon - KFW", "Activity Description": "Qana governmental hospital", "Type of Activity": "Renewable energy & energy efficiency", "Mother Project?": "Yes", "Mother Project Name": "GID", "Geographic Level": "Cadastre (CAD+ACS)", "Coordinates (Lat)": "33.206968", "Coordinates (Long)": "35.299004", "Governorate": "South", "District": "Sour", "Cadaster": "Qana", "Municipality Name": "Qana", "Union of Municipalities (UoM)": "UOM Caza Sour", "UNDP Focal Point": " ", "National Counterpart\n(Institutional Title)": "Municipality of Qana", "Counterpart Type": "Municipality", "CPD Output No.": " ", "Strategic Plan 2026-2029\nActivity / Output No.": " ", "Gender Marker": " ", "Remarks / Notes": "Donor: KFW | Implementation: 2026 | Quantum project mapping to be confirmed\r" }, "geometry": { "type": "Point", "coordinates": [ 35.299004, 33.206968 ] } },
{ "type": "Feature", "properties": { "REF": 523, "Project ID (Quantum)": " ", "Project Name": "GID", "Programme": "Green Inclusive Program (GID)", "Start Date": " ", "End Date": null, "Project Status": "Planned", "Output / Activity No.\n(per ProDoc results framework)": " ", "Full Activity Name": "Improving energy security and promoting the transition to sustainable energy in Lebanon - KFW", "Activity Description": "Hasbaya governmental hospital", "Type of Activity": "Renewable energy & energy efficiency", "Mother Project?": "Yes", "Mother Project Name": "GID", "Geographic Level": "Cadastre (CAD+ACS)", "Coordinates (Lat)": "33.411411", "Coordinates (Long)": "35.673358", "Governorate": "ElNabatieh", "District": "Hasbaya", "Cadaster": "Hasbaiya", "Municipality Name": "Hasbaiya", "Union of Municipalities (UoM)": "No Union", "UNDP Focal Point": " ", "National Counterpart\n(Institutional Title)": "Municipality of Hasbaya", "Counterpart Type": "Municipality", "CPD Output No.": " ", "Strategic Plan 2026-2029\nActivity / Output No.": " ", "Gender Marker": " ", "Remarks / Notes": "Donor: KFW | Implementation: 2026 | Quantum project mapping to be confirmed\r" }, "geometry": { "type": "Point", "coordinates": [ 35.673358, 33.411411 ] } },
{ "type": "Feature", "properties": { "REF": 524, "Project ID (Quantum)": " ", "Project Name": "GID", "Programme": "Green Inclusive Program (GID)", "Start Date": " ", "End Date": " ", "Project Status": "Planned", "Output / Activity No.\n(per ProDoc results framework)": " ", "Full Activity Name": "Improving energy security and promoting the transition to sustainable energy in Lebanon - KFW", "Activity Description": "Meis El Jabal public hospital", "Type of Activity": "Renewable energy & energy efficiency", "Mother Project?": "Yes", "Mother Project Name": "GID", "Geographic Level": "Cadastre (CAD+ACS)", "Coordinates (Lat)": "33.175748", "Coordinates (Long)": "35.511258", "Governorate": "ElNabatieh", "District": "Marjaayoun", "Cadaster": "Meiss Ej-Jabal", "Municipality Name": "Meiss ej Jabal", "Union of Municipalities (UoM)": "UOM Jabal Aamel", "UNDP Focal Point": " ", "National Counterpart\n(Institutional Title)": "Municipality of Meis El Jabal", "Counterpart Type": "Municipality", "CPD Output No.": " ", "Strategic Plan 2026-2029\nActivity / Output No.": " ", "Gender Marker": " ", "Remarks / Notes": "Donor: KFW | Implementation: 2026 | Quantum project mapping to be confirmed\r" }, "geometry": { "type": "Point", "coordinates": [ 35.511258, 33.175748 ] } },
{ "type": "Feature", "properties": { "REF": 525, "Project ID (Quantum)": " ", "Project Name": "GID", "Programme": "Green Inclusive Program (GID)", "Start Date": " ", "End Date": null, "Project Status": "Planned", "Output / Activity No.\n(per ProDoc results framework)": " ", "Full Activity Name": "Improving energy security and promoting the transition to sustainable energy in Lebanon - KFW", "Activity Description": "Turkish Public Hospital", "Type of Activity": "Renewable energy & energy efficiency", "Mother Project?": "Yes", "Mother Project Name": "GID", "Geographic Level": "Cadastre (CAD+ACS)", "Coordinates (Lat)": "33.576936", "Coordinates (Long)": "35.384905", "Governorate": "South", "District": "Saida", "Cadaster": "Saida El-Oustani", "Municipality Name": "Saida", "Union of Municipalities (UoM)": "UOM Saida El Zahrani", "UNDP Focal Point": " ", "National Counterpart\n(Institutional Title)": "Municipality of Saida", "Counterpart Type": "Municipality", "CPD Output No.": " ", "Strategic Plan 2026-2029\nActivity / Output No.": " ", "Gender Marker": " ", "Remarks / Notes": "Donor: KFW | Implementation: 2026 | Quantum project mapping to be confirmed\r" }, "geometry": { "type": "Point", "coordinates": [ 35.384905, 33.576936 ] } },
{ "type": "Feature", "properties": { "REF": 526, "Project ID (Quantum)": " ", "Project Name": "GID", "Programme": "Green Inclusive Program (GID)", "Start Date": " ", "End Date": " ", "Project Status": "Planned", "Output / Activity No.\n(per ProDoc results framework)": " ", "Full Activity Name": "Improving energy security and promoting the transition to sustainable energy in Lebanon - KFW", "Activity Description": "Nabih Berri Public Hospital (Repair Damages)", "Type of Activity": "Renewable energy & energy efficiency", "Mother Project?": "Yes", "Mother Project Name": "GID", "Geographic Level": "Cadastre (CAD+ACS)", "Coordinates (Lat)": "33.49143", "Coordinates (Long)": "35.526744", "Governorate": "ElNabatieh", "District": "ElNabatiehDistrict", "Cadaster": "Jbaa En-Nabatiyeh", "Municipality Name": "Jbaa El Nabatieh - Aain Bou Souar", "Union of Municipalities (UoM)": "UOM Iqlim El Touffah", "UNDP Focal Point": " ", "National Counterpart\n(Institutional Title)": "Municipality of Nabatieh", "Counterpart Type": "Municipality", "CPD Output No.": " ", "Strategic Plan 2026-2029\nActivity / Output No.": " ", "Gender Marker": " ", "Remarks / Notes": "Donor: KFW | Implementation: 2026 | Quantum project mapping to be confirmed\r" }, "geometry": { "type": "Point", "coordinates": [ 35.526744, 33.49143 ] } },
{ "type": "Feature", "properties": { "REF": 527, "Project ID (Quantum)": " ", "Project Name": "GID", "Programme": "Green Inclusive Program (GID)", "Start Date": " ", "End Date": null, "Project Status": "Planned", "Output / Activity No.\n(per ProDoc results framework)": " ", "Full Activity Name": "Improving energy security and promoting the transition to sustainable energy in Lebanon - KFW", "Activity Description": "Marjeyoun governmental hospital", "Type of Activity": "Renewable energy & energy efficiency", "Mother Project?": "Yes", "Mother Project Name": "GID", "Geographic Level": "Cadastre (CAD+ACS)", "Coordinates (Lat)": "33.351841", "Coordinates (Long)": "35.591038", "Governorate": "ElNabatieh", "District": "Marjaayoun", "Cadaster": "Marjaayoun", "Municipality Name": "Jdaideh Marjaayoun", "Union of Municipalities (UoM)": "No Union", "UNDP Focal Point": " ", "National Counterpart\n(Institutional Title)": "Municipality of Marjeyoun", "Counterpart Type": "Municipality", "CPD Output No.": " ", "Strategic Plan 2026-2029\nActivity / Output No.": " ", "Gender Marker": " ", "Remarks / Notes": "Donor: KFW | Implementation: 2026 | Quantum project mapping to be confirmed\r" }, "geometry": { "type": "Point", "coordinates": [ 35.591038, 33.351841 ] } },
{ "type": "Feature", "properties": { "REF": 528, "Project ID (Quantum)": " ", "Project Name": "GID", "Programme": "Green Inclusive Program (GID)", "Start Date": " ", "End Date": " ", "Project Status": "Completed", "Output / Activity No.\n(per ProDoc results framework)": " ", "Full Activity Name": "Renewable energy opportunities - Solar for Sustainable Education – Phase 2/3 - AECID", "Activity Description": "Imam Mousa Sader official school - Zawtar", "Type of Activity": "Renewable energy & energy efficiency", "Mother Project?": "Yes", "Mother Project Name": "GID", "Geographic Level": "District", "Coordinates (Lat)": "#N/A", "Coordinates (Long)": "#N/A", "Governorate": "ElNabatieh", "District": "ElNabatiehDistrict", "Cadaster": " ", "Municipality Name": "0", "Union of Municipalities (UoM)": "#N/A", "UNDP Focal Point": " ", "National Counterpart\n(Institutional Title)": "Municipality of Zawtar", "Counterpart Type": "Municipality", "CPD Output No.": " ", "Strategic Plan 2026-2029\nActivity / Output No.": " ", "Gender Marker": " ", "Remarks / Notes": "Donor: AECID | Implementation: 2025 | Quantum project mapping to be confirmed | Locality as reported: Zawtar (cadaster not matched)\r" }, "geometry": null },
{ "type": "Feature", "properties": { "REF": 529, "Project ID (Quantum)": " ", "Project Name": "GID", "Programme": "Green Inclusive Program (GID)", "Start Date": " ", "End Date": null, "Project Status": "Completed", "Output / Activity No.\n(per ProDoc results framework)": " ", "Full Activity Name": "Renewable energy opportunities - Solar for Sustainable Education – Phase 2/3 - AECID", "Activity Description": "Arzay Official secondary school - Arzay", "Type of Activity": "Renewable energy & energy efficiency", "Mother Project?": "Yes", "Mother Project Name": "GID", "Geographic Level": "District", "Coordinates (Lat)": "#N/A", "Coordinates (Long)": "#N/A", "Governorate": "ElNabatieh", "District": "ElNabatiehDistrict", "Cadaster": " ", "Municipality Name": "0", "Union of Municipalities (UoM)": "#N/A", "UNDP Focal Point": " ", "National Counterpart\n(Institutional Title)": "Municipality of Arzay", "Counterpart Type": "Municipality", "CPD Output No.": " ", "Strategic Plan 2026-2029\nActivity / Output No.": " ", "Gender Marker": " ", "Remarks / Notes": "Donor: AECID | Implementation: 2025 | Quantum project mapping to be confirmed | Locality as reported: Arzay (cadaster not matched)\r" }, "geometry": null },
{ "type": "Feature", "properties": { "REF": 530, "Project ID (Quantum)": " ", "Project Name": "GID", "Programme": "Green Inclusive Program (GID)", "Start Date": " ", "End Date": " ", "Project Status": "Completed", "Output / Activity No.\n(per ProDoc results framework)": " ", "Full Activity Name": "Renewable energy opportunities - Solar for Sustainable Education – Phase 2/3 - AECID", "Activity Description": "Ali Jammal official high school - Jwaya", "Type of Activity": "Renewable energy & energy efficiency", "Mother Project?": "Yes", "Mother Project Name": "GID", "Geographic Level": "Cadastre (CAD+ACS)", "Coordinates (Lat)": "33.242425", "Coordinates (Long)": "35.332354", "Governorate": "South", "District": "Sour", "Cadaster": "Jouaiya", "Municipality Name": "Jouaiya", "Union of Municipalities (UoM)": "UOM Caza Sour", "UNDP Focal Point": " ", "National Counterpart\n(Institutional Title)": "Municipality of Jwaya", "Counterpart Type": "Municipality", "CPD Output No.": " ", "Strategic Plan 2026-2029\nActivity / Output No.": " ", "Gender Marker": " ", "Remarks / Notes": "Donor: AECID | Implementation: 2025 | Quantum project mapping to be confirmed\r" }, "geometry": { "type": "Point", "coordinates": [ 35.332354, 33.242425 ] } },
{ "type": "Feature", "properties": { "REF": 531, "Project ID (Quantum)": " ", "Project Name": "GID", "Programme": "Green Inclusive Program (GID)", "Start Date": " ", "End Date": null, "Project Status": "Planned", "Output / Activity No.\n(per ProDoc results framework)": " ", "Full Activity Name": "Renewable energy opportunities - Solar for Sustainable Education – Phase 2/3 - AECID", "Activity Description": "Qana technical Institution", "Type of Activity": "Renewable energy & energy efficiency", "Mother Project?": "Yes", "Mother Project Name": "GID", "Geographic Level": "Cadastre (CAD+ACS)", "Coordinates (Lat)": "33.206968", "Coordinates (Long)": "35.299004", "Governorate": "South", "District": "Sour", "Cadaster": "Qana", "Municipality Name": "Qana", "Union of Municipalities (UoM)": "UOM Caza Sour", "UNDP Focal Point": " ", "National Counterpart\n(Institutional Title)": "Municipality of Qana", "Counterpart Type": "Municipality", "CPD Output No.": " ", "Strategic Plan 2026-2029\nActivity / Output No.": " ", "Gender Marker": " ", "Remarks / Notes": "Donor: AECID | Implementation: 2026 | Quantum project mapping to be confirmed\r" }, "geometry": { "type": "Point", "coordinates": [ 35.299004, 33.206968 ] } },
{ "type": "Feature", "properties": { "REF": 532, "Project ID (Quantum)": " ", "Project Name": "GID", "Programme": "Green Inclusive Program (GID)", "Start Date": " ", "End Date": " ", "Project Status": "Planned", "Output / Activity No.\n(per ProDoc results framework)": " ", "Full Activity Name": "Renewable energy opportunities - Solar for Sustainable Education – Phase 2/3 - AECID", "Activity Description": "Ankon technical Institution", "Type of Activity": "Renewable energy & energy efficiency", "Mother Project?": "Yes", "Mother Project Name": "GID", "Geographic Level": "Cadastre (CAD+ACS)", "Coordinates (Lat)": "33.499428", "Coordinates (Long)": "35.427354", "Governorate": "South", "District": "Saida", "Cadaster": "Aanqoun", "Municipality Name": "Aanqoun", "Union of Municipalities (UoM)": "UOM Saida El Zahrani", "UNDP Focal Point": " ", "National Counterpart\n(Institutional Title)": "Municipality of Ankon", "Counterpart Type": "Municipality", "CPD Output No.": " ", "Strategic Plan 2026-2029\nActivity / Output No.": " ", "Gender Marker": " ", "Remarks / Notes": "Donor: AECID | Implementation: 2026 | Quantum project mapping to be confirmed\r" }, "geometry": { "type": "Point", "coordinates": [ 35.427354, 33.499428 ] } },
{ "type": "Feature", "properties": { "REF": 533, "Project ID (Quantum)": " ", "Project Name": "GID", "Programme": "Green Inclusive Program (GID)", "Start Date": " ", "End Date": null, "Project Status": "Planned", "Output / Activity No.\n(per ProDoc results framework)": " ", "Full Activity Name": "Renewable energy opportunities - Solar for Sustainable Education – Phase 2/3 - AECID", "Activity Description": "Maghdoushe technical Institution", "Type of Activity": "Renewable energy & energy efficiency", "Mother Project?": "Yes", "Mother Project Name": "GID", "Geographic Level": "Cadastre (CAD+ACS)", "Coordinates (Lat)": "33.517932", "Coordinates (Long)": "35.389259", "Governorate": "South", "District": "Saida", "Cadaster": "Maghdouche", "Municipality Name": "Maghdouche", "Union of Municipalities (UoM)": "UOM Saida El Zahrani", "UNDP Focal Point": " ", "National Counterpart\n(Institutional Title)": "Municipality of Maghdoushe", "Counterpart Type": "Municipality", "CPD Output No.": " ", "Strategic Plan 2026-2029\nActivity / Output No.": " ", "Gender Marker": " ", "Remarks / Notes": "Donor: AECID | Implementation: 2026 | Quantum project mapping to be confirmed\r" }, "geometry": { "type": "Point", "coordinates": [ 35.389259, 33.517932 ] } },
{ "type": "Feature", "properties": { "REF": 534, "Project ID (Quantum)": " ", "Project Name": "GID", "Programme": "Green Inclusive Program (GID)", "Start Date": " ", "End Date": " ", "Project Status": "Planned", "Output / Activity No.\n(per ProDoc results framework)": " ", "Full Activity Name": "Renewable energy opportunities - Solar for Sustainable Education – Phase 2/3 - AECID", "Activity Description": "Rmeish technical Institution", "Type of Activity": "Renewable energy & energy efficiency", "Mother Project?": "Yes", "Mother Project Name": "GID", "Geographic Level": "Cadastre (CAD+ACS)", "Coordinates (Lat)": "33.078475", "Coordinates (Long)": "35.368399", "Governorate": "ElNabatieh", "District": "BentJbeil", "Cadaster": "Rmaich", "Municipality Name": "Rmaich", "Union of Municipalities (UoM)": "No Union", "UNDP Focal Point": " ", "National Counterpart\n(Institutional Title)": "Municipality of Rmeish", "Counterpart Type": "Municipality", "CPD Output No.": " ", "Strategic Plan 2026-2029\nActivity / Output No.": " ", "Gender Marker": " ", "Remarks / Notes": "Donor: AECID | Implementation: 2026 | Quantum project mapping to be confirmed\r" }, "geometry": { "type": "Point", "coordinates": [ 35.368399, 33.078475 ] } },
{ "type": "Feature", "properties": { "REF": 535, "Project ID (Quantum)": " ", "Project Name": "GID", "Programme": "Green Inclusive Program (GID)", "Start Date": " ", "End Date": null, "Project Status": "Planned", "Output / Activity No.\n(per ProDoc results framework)": " ", "Full Activity Name": "Renewable energy opportunities - Solar for Sustainable Education – Phase 2/3 - AECID", "Activity Description": "Marjeyoun technical Institution", "Type of Activity": "Renewable energy & energy efficiency", "Mother Project?": "Yes", "Mother Project Name": "GID", "Geographic Level": "Cadastre (CAD+ACS)", "Coordinates (Lat)": "33.351841", "Coordinates (Long)": "35.591038", "Governorate": "ElNabatieh", "District": "Marjaayoun", "Cadaster": "Marjaayoun", "Municipality Name": "Jdaideh Marjaayoun", "Union of Municipalities (UoM)": "No Union", "UNDP Focal Point": " ", "National Counterpart\n(Institutional Title)": "Municipality of Marjeyoun", "Counterpart Type": "Municipality", "CPD Output No.": " ", "Strategic Plan 2026-2029\nActivity / Output No.": " ", "Gender Marker": " ", "Remarks / Notes": "Donor: AECID | Implementation: 2026 | Quantum project mapping to be confirmed\r" }, "geometry": { "type": "Point", "coordinates": [ 35.591038, 33.351841 ] } },
{ "type": "Feature", "properties": { "REF": 536, "Project ID (Quantum)": " ", "Project Name": "GID", "Programme": "Green Inclusive Program (GID)", "Start Date": " ", "End Date": " ", "Project Status": "Planned", "Output / Activity No.\n(per ProDoc results framework)": " ", "Full Activity Name": "Renewable energy opportunities - Solar for Sustainable Education – Phase 2/3 - AECID", "Activity Description": "Qantara technical Institution", "Type of Activity": "Renewable energy & energy efficiency", "Mother Project?": "Yes", "Mother Project Name": "GID", "Geographic Level": "Cadastre (CAD+ACS)", "Coordinates (Lat)": "33.27186", "Coordinates (Long)": "35.460552", "Governorate": "ElNabatieh", "District": "Marjaayoun", "Cadaster": "Qantara", "Municipality Name": "Qantara", "Union of Municipalities (UoM)": "UOM Jabal Aamel", "UNDP Focal Point": " ", "National Counterpart\n(Institutional Title)": "Municipality of Qantara", "Counterpart Type": "Municipality", "CPD Output No.": " ", "Strategic Plan 2026-2029\nActivity / Output No.": " ", "Gender Marker": " ", "Remarks / Notes": "Donor: AECID | Implementation: 2026 | Quantum project mapping to be confirmed\r" }, "geometry": { "type": "Point", "coordinates": [ 35.460552, 33.27186 ] } },
{ "type": "Feature", "properties": { "REF": 537, "Project ID (Quantum)": " ", "Project Name": "GID", "Programme": "Green Inclusive Program (GID)", "Start Date": "01/09/2024", "End Date": "01/05/2025", "Project Status": "Completed", "Output / Activity No.\n(per ProDoc results framework)": " ", "Full Activity Name": "STEPping up Nature Reserves Capacity – STEP4Nature Project", "Activity Description": "Fire Risk management plan for nature reserves", "Type of Activity": "Nature reserves & biodiversity", "Mother Project?": "Yes", "Mother Project Name": "GID", "Geographic Level": " ", "Coordinates (Lat)": "#N/A", "Coordinates (Long)": "#N/A", "Governorate": " ", "District": " ", "Cadaster": " ", "Municipality Name": "0", "Union of Municipalities (UoM)": "#N/A", "UNDP Focal Point": " ", "National Counterpart\n(Institutional Title)": "Municipality of Abbasieh and Beit Lif Nature reserves", "Counterpart Type": "Municipality", "CPD Output No.": " ", "Strategic Plan 2026-2029\nActivity / Output No.": " ", "Gender Marker": " ", "Remarks / Notes": "Donor: AICS-Italy | Implementation: 2025 | Quantum project mapping to be confirmed | Location as reported: South/Nabatieh / Tyre/Bent Jbeil (multi-area – single governorate not applicable) | Coverage: Abbasieh and Beit Lif Nature reserves (multi-cadastral – single cadaster not applicable)\r" }, "geometry": null },
{ "type": "Feature", "properties": { "REF": 538, "Project ID (Quantum)": " ", "Project Name": "GID", "Programme": "Green Inclusive Program (GID)", "Start Date": "01/04/2025", "End Date": "01/12/2025", "Project Status": "Ongoing", "Output / Activity No.\n(per ProDoc results framework)": " ", "Full Activity Name": "STEPping up Nature Reserves Capacity – STEP4Nature Project", "Activity Description": "Financing mechanism and business plans for nature reserves", "Type of Activity": "Nature reserves & biodiversity", "Mother Project?": "Yes", "Mother Project Name": "GID", "Geographic Level": " ", "Coordinates (Lat)": "#N/A", "Coordinates (Long)": "#N/A", "Governorate": " ", "District": " ", "Cadaster": " ", "Municipality Name": "0", "Union of Municipalities (UoM)": "#N/A", "UNDP Focal Point": " ", "National Counterpart\n(Institutional Title)": "Municipality of Abbasieh Coast, Wadi Al-Hujeir, and Beit Lif Nature Reserves", "Counterpart Type": "Municipality", "CPD Output No.": " ", "Strategic Plan 2026-2029\nActivity / Output No.": " ", "Gender Marker": " ", "Remarks / Notes": "Donor: AICS-Italy | Implementation: 2025 | Quantum project mapping to be confirmed | Location as reported: South/Nabatieh / Tyre/Bent Jbeil (multi-area – single governorate not applicable) | Coverage: Abbasieh Coast, Wadi Al-Hujeir, and Beit Lif Nature Reserves (multi-cadastral – single cadaster not applicable)" }, "geometry": null },
{ "type": "Feature", "properties": { "REF": 539, "Project ID (Quantum)": " ", "Project Name": "GID", "Programme": "Green Inclusive Program (GID)", "Start Date": "01/05/2025", "End Date": "01/11/2025", "Project Status": "Ongoing", "Output / Activity No.\n(per ProDoc results framework)": " ", "Full Activity Name": "STEPping up Nature Reserves Capacity – STEP4Nature Project", "Activity Description": "RHIB (Boat) Maintenance", "Type of Activity": "Nature reserves & biodiversity", "Mother Project?": "Yes", "Mother Project Name": "GID", "Geographic Level": "District", "Coordinates (Lat)": "#N/A", "Coordinates (Long)": "#N/A", "Governorate": "South", "District": "Sour", "Cadaster": " ", "Municipality Name": "0", "Union of Municipalities (UoM)": "#N/A", "UNDP Focal Point": " ", "National Counterpart\n(Institutional Title)": "Municipality of Tyre Coast Nature Reserve", "Counterpart Type": "Municipality", "CPD Output No.": " ", "Strategic Plan 2026-2029\nActivity / Output No.": " ", "Gender Marker": " ", "Remarks / Notes": "Donor: AICS-Italy | Implementation: 2025 | Quantum project mapping to be confirmed | Locality as reported: Tyre Coast Nature Reserve (cadaster not matched)\r" }, "geometry": null },
{ "type": "Feature", "properties": { "REF": 540, "Project ID (Quantum)": " ", "Project Name": "GID", "Programme": "Green Inclusive Program (GID)", "Start Date": "01/05/2025", "End Date": "01/09/2025", "Project Status": "Completed", "Output / Activity No.\n(per ProDoc results framework)": " ", "Full Activity Name": "Land Degradation Neutrality for Mountain Landscapes", "Activity Description": "Post War Sustainble Land Use Plan", "Type of Activity": "Nature reserves & biodiversity", "Mother Project?": "Yes", "Mother Project Name": "GID", "Geographic Level": "District", "Coordinates (Lat)": "#N/A", "Coordinates (Long)": "#N/A", "Governorate": "ElNabatieh", "District": "Marjaayoun", "Cadaster": " ", "Municipality Name": "0", "Union of Municipalities (UoM)": "#N/A", "UNDP Focal Point": " ", "National Counterpart\n(Institutional Title)": "Municipality of Khiam and Adaisseh", "Counterpart Type": "Municipality", "CPD Output No.": " ", "Strategic Plan 2026-2029\nActivity / Output No.": " ", "Gender Marker": " ", "Remarks / Notes": "Donor: GEF | Implementation: 2025 | Quantum project mapping to be confirmed | Coverage: Khiam and Adaisseh (multi-cadastral – single cadaster not applicable)\r" }, "geometry": null },
{ "type": "Feature", "properties": { "REF": 541, "Project ID (Quantum)": "1002405", "Project Name": "HPMP Stage III", "Programme": "Green Inclusive Program (GID)", "Start Date": "25/06/2025", "End Date": "01/12/2026", "Project Status": "Ongoing", "Output / Activity No.\n(per ProDoc results framework)": " ", "Full Activity Name": "HPMP Stage III project", "Activity Description": "Renovation, installation, and provision of Refrigeration and Air Conditioning (RAC) training equipment to enhance practical training capacities at the Hermel Vocational School.", "Type of Activity": "Renewable energy & energy efficiency", "Mother Project?": "Yes", "Mother Project Name": "HPMP Stage III project", "Geographic Level": "Cadastre (CAD+ACS)", "Coordinates (Lat)": "34.434428", "Coordinates (Long)": "36.420128", "Governorate": "BaalbekElHermel", "District": "ElHermel", "Cadaster": "Hermel", "Municipality Name": "Hermel and Qasr and Kouakh and Chouaghir", "Union of Municipalities (UoM)": "UOM El Hermel", "UNDP Focal Point": " ", "National Counterpart\n(Institutional Title)": "Municipality of Hermel", "Counterpart Type": "Municipality", "CPD Output No.": " ", "Strategic Plan 2026-2029\nActivity / Output No.": " ", "Gender Marker": " ", "Remarks / Notes": "Donor: MLF | Implementation: 2026\r" }, "geometry": { "type": "Point", "coordinates": [ 36.420128, 34.434428 ] } },
{ "type": "Feature", "properties": { "REF": 542, "Project ID (Quantum)": "1001708", "Project Name": "Improving Energy Security and Promoting the Transition to Sustainable Energy", "Programme": "Green Inclusive Program (GID)", "Start Date": "25/05/2025", "End Date": "01/03/2026", "Project Status": "Ongoing", "Output / Activity No.\n(per ProDoc results framework)": " ", "Full Activity Name": "Improving energy security and promoting the transition to sustainable energy in Lebanon - KFW", "Activity Description": "Solar PV at Kherbet Qanafar Governnental Hospital", "Type of Activity": "Renewable energy & energy efficiency", "Mother Project?": "Yes", "Mother Project Name": "Improving energy security and promoting the transition to sustainable energy in Lebanon - KFW", "Geographic Level": "Cadastre (CAD+ACS)", "Coordinates (Lat)": "33.637765", "Coordinates (Long)": "35.724411", "Governorate": "Bekaa", "District": "WestBekaa", "Cadaster": "Khirbet Qanafar", "Municipality Name": "Khirbet Qanafar", "Union of Municipalities (UoM)": "UOM El Bouhayra", "UNDP Focal Point": " ", "National Counterpart\n(Institutional Title)": "Municipality of Kherbet Qanafar", "Counterpart Type": "Municipality", "CPD Output No.": " ", "Strategic Plan 2026-2029\nActivity / Output No.": " ", "Gender Marker": " ", "Remarks / Notes": "Donor: KfW | Implementation: 2026\r" }, "geometry": { "type": "Point", "coordinates": [ 35.724411, 33.637765 ] } },
{ "type": "Feature", "properties": { "REF": 543, "Project ID (Quantum)": "1005060", "Project Name": "Kigali Implementation Plan (Stage I)", "Programme": "Green Inclusive Program (GID)", "Start Date": "26/01/2025", "End Date": "01/12/2026", "Project Status": "Planned", "Output / Activity No.\n(per ProDoc results framework)": " ", "Full Activity Name": "KIP Stage I Strategy Plan Project", "Activity Description": "Conversion of 5 manufacturers to low-GWP, energy-efficient technologies under the Kigali Implementation Plan (KIP).", "Type of Activity": "Renewable energy & energy efficiency", "Mother Project?": "Yes", "Mother Project Name": "KIP Stage I Strategy Plan Project", "Geographic Level": "District", "Coordinates (Lat)": "#N/A", "Coordinates (Long)": "#N/A", "Governorate": "Bekaa", "District": "Zahle", "Cadaster": " ", "Municipality Name": "0", "Union of Municipalities (UoM)": "#N/A", "UNDP Focal Point": " ", "National Counterpart\n(Institutional Title)": " ", "Counterpart Type": " ", "CPD Output No.": " ", "Strategic Plan 2026-2029\nActivity / Output No.": " ", "Gender Marker": " ", "Remarks / Notes": "Donor: MLF | Implementation: 2026 | Coverage: Several (multi-cadastral – single cadaster not applicable)\r" }, "geometry": null },
{ "type": "Feature", "properties": { "REF": 544, "Project ID (Quantum)": "1003464", "Project Name": "Mitigating the impact of conflict escalation in Lebanon on social, economic, and institutional stability", "Programme": "Green Inclusive Program (GID)", "Start Date": "25/06/2025", "End Date": "01/09/2025", "Project Status": "Completed", "Output / Activity No.\n(per ProDoc results framework)": " ", "Full Activity Name": "Mitigating the impact of conflict Escalation", "Activity Description": "Support in Municipal waste collection", "Type of Activity": "Solid waste management", "Mother Project?": "Yes", "Mother Project Name": "Mitigating the impact of conflict Escalation", "Geographic Level": "District", "Coordinates (Lat)": "#N/A", "Coordinates (Long)": "#N/A", "Governorate": "Bekaa", "District": "Zahle", "Cadaster": " ", "Municipality Name": "0", "Union of Municipalities (UoM)": "#N/A", "UNDP Focal Point": " ", "National Counterpart\n(Institutional Title)": " ", "Counterpart Type": " ", "CPD Output No.": " ", "Strategic Plan 2026-2029\nActivity / Output No.": " ", "Gender Marker": " ", "Remarks / Notes": "Donor: Belgian | Implementation: 2025 | Quantum project mapping to be confirmed | Coverage: Several (multi-cadastral – single cadaster not applicable)\r" }, "geometry": null },
{ "type": "Feature", "properties": { "REF": 545, "Project ID (Quantum)": "1003464", "Project Name": "Mitigating the impact of conflict escalation in Lebanon on social, economic, and institutional stability", "Programme": "Green Inclusive Program (GID)", "Start Date": "25/05/2025", "End Date": "01/10/2025", "Project Status": "Completed", "Output / Activity No.\n(per ProDoc results framework)": " ", "Full Activity Name": "Mitigating the impact of conflict Escalation", "Activity Description": "supply 1086 plastic bins (240L) and 896 Metal bins (1100 L)", "Type of Activity": "Solid waste management", "Mother Project?": "Yes", "Mother Project Name": "Mitigating the impact of conflict Escalation", "Geographic Level": "District", "Coordinates (Lat)": "#N/A", "Coordinates (Long)": "#N/A", "Governorate": "Bekaa", "District": "Zahle", "Cadaster": " ", "Municipality Name": "0", "Union of Municipalities (UoM)": "#N/A", "UNDP Focal Point": " ", "National Counterpart\n(Institutional Title)": " ", "Counterpart Type": " ", "CPD Output No.": " ", "Strategic Plan 2026-2029\nActivity / Output No.": " ", "Gender Marker": " ", "Remarks / Notes": "Donor: Belgian | Implementation: 2025 | Quantum project mapping to be confirmed | Coverage: Several (multi-cadastral – single cadaster not applicable)\r" }, "geometry": null },
{ "type": "Feature", "properties": { "REF": 546, "Project ID (Quantum)": "1003464", "Project Name": "Mitigating the impact of conflict escalation in Lebanon on social, economic, and institutional stability", "Programme": "Green Inclusive Program (GID)", "Start Date": "01/07/2025", "End Date": "01/06/2026", "Project Status": "Ongoing", "Output / Activity No.\n(per ProDoc results framework)": " ", "Full Activity Name": "Rehabilitation of ISF Station, Adloun Status: Tender to be puplished online", "Activity Description": "Rehabilitation of ISF Station, Adloun and complimentary security services", "Type of Activity": "Security infrastructure", "Mother Project?": "Yes", "Mother Project Name": "Mitigating the impact of conflict escalation in Lebanon through conflict prevention, security service provision, and peacebuilding", "Geographic Level": "Cadastre (CAD+ACS)", "Coordinates (Lat)": "33.45173", "Coordinates (Long)": "35.299978", "Governorate": "South", "District": "Saida", "Cadaster": "Sarafand", "Municipality Name": "Sarafand", "Union of Municipalities (UoM)": "UOM Sahil El Zahrani", "UNDP Focal Point": " ", "National Counterpart\n(Institutional Title)": "Municipality of Sarafand", "Counterpart Type": "Municipality", "CPD Output No.": " ", "Strategic Plan 2026-2029\nActivity / Output No.": " ", "Gender Marker": " ", "Remarks / Notes": "Donor: FPI | Implementation: 2025/2026 | Quantum project mapping to be confirmed\r" }, "geometry": { "type": "Point", "coordinates": [ 35.299978, 33.45173 ] } },
{ "type": "Feature", "properties": { "REF": 547, "Project ID (Quantum)": "118152", "Project Name": "Solar for Sustainable Education – Phase 3", "Programme": "Green Inclusive Program (GID)", "Start Date": "26/02/2025", "End Date": "26/09/2026", "Project Status": "Planned", "Output / Activity No.\n(per ProDoc results framework)": " ", "Full Activity Name": "Renewable Energy opportunities - Solar for Sustainable Education - AECID", "Activity Description": "Solar PV  - Qab Elias technical school", "Type of Activity": "Renewable energy & energy efficiency", "Mother Project?": "Yes", "Mother Project Name": "Renewable Energy opportunities - Solar for Sustainable Education - AECID", "Geographic Level": "Cadastre (CAD+ACS)", "Coordinates (Lat)": "33.799791", "Coordinates (Long)": "35.788839", "Governorate": "Bekaa", "District": "Zahle", "Cadaster": "Qabb Elias", "Municipality Name": "Qabb Elias", "Union of Municipalities (UoM)": "UOM El Beqaa El Aousat", "UNDP Focal Point": " ", "National Counterpart\n(Institutional Title)": "Municipality of Qob Elias", "Counterpart Type": "Municipality", "CPD Output No.": " ", "Strategic Plan 2026-2029\nActivity / Output No.": " ", "Gender Marker": " ", "Remarks / Notes": "Donor: AECID | Implementation: 2026\r" }, "geometry": { "type": "Point", "coordinates": [ 35.788839, 33.799791 ] } },
{ "type": "Feature", "properties": { "REF": 548, "Project ID (Quantum)": "111469", "Project Name": "Step for Nature Reserves", "Programme": "Green Inclusive Program (GID)", "Start Date": "25/05/2025", "End Date": "01/11/2025", "Project Status": "Completed", "Output / Activity No.\n(per ProDoc results framework)": " ", "Full Activity Name": "STEPping up Nature Reserves Capacity – STEP4Nature Project", "Activity Description": "Installation of Resting areas (Stone Benches)", "Type of Activity": "Nature reserves & biodiversity", "Mother Project?": "Yes", "Mother Project Name": "STEPping up Nature Reserves Capacity – STEP4Nature Project", "Geographic Level": "Cadastre (CAD+ACS)", "Coordinates (Lat)": "33.72453", "Coordinates (Long)": "35.789786", "Governorate": "Bekaa", "District": "WestBekaa", "Cadaster": "Aammiq BG", "Municipality Name": "Aammiq", "Union of Municipalities (UoM)": "UOM El Sahel", "UNDP Focal Point": " ", "National Counterpart\n(Institutional Title)": "Municipality of Aamiq", "Counterpart Type": "Municipality", "CPD Output No.": " ", "Strategic Plan 2026-2029\nActivity / Output No.": " ", "Gender Marker": " ", "Remarks / Notes": "Donor: AICS-Italy | Implementation: 2025\r" }, "geometry": { "type": "Point", "coordinates": [ 35.789786, 33.72453 ] } },
{ "type": "Feature", "properties": { "REF": 549, "Project ID (Quantum)": "111469", "Project Name": "Step for Nature Reserves", "Programme": "Green Inclusive Program (GID)", "Start Date": "25/05/2025", "End Date": "01/12/2025", "Project Status": "Ongoing", "Output / Activity No.\n(per ProDoc results framework)": " ", "Full Activity Name": "STEPping up Nature Reserves Capacity – STEP4Nature Project", "Activity Description": "Sorting System: Deployment of a 3-bin waste sorting system", "Type of Activity": "Nature reserves & biodiversity", "Mother Project?": "Yes", "Mother Project Name": "STEPping up Nature Reserves Capacity – STEP4Nature Project", "Geographic Level": "Cadastre (CAD+ACS)", "Coordinates (Lat)": "33.72453", "Coordinates (Long)": "35.789786", "Governorate": "Bekaa", "District": "WestBekaa", "Cadaster": "Aammiq BG", "Municipality Name": "Aammiq", "Union of Municipalities (UoM)": "UOM El Sahel", "UNDP Focal Point": " ", "National Counterpart\n(Institutional Title)": "Municipality of Aamiq", "Counterpart Type": "Municipality", "CPD Output No.": " ", "Strategic Plan 2026-2029\nActivity / Output No.": " ", "Gender Marker": " ", "Remarks / Notes": "Donor: AICS-Italy | Implementation: 2025\r" }, "geometry": { "type": "Point", "coordinates": [ 35.789786, 33.72453 ] } },
{ "type": "Feature", "properties": { "REF": 550, "Project ID (Quantum)": "111469", "Project Name": "Step for Nature Reserves", "Programme": "Green Inclusive Program (GID)", "Start Date": "25/05/2025", "End Date": "01/11/2025", "Project Status": "Completed", "Output / Activity No.\n(per ProDoc results framework)": " ", "Full Activity Name": "STEPping up Nature Reserves Capacity – STEP4Nature Project", "Activity Description": "Development of fire Risk Management Plan", "Type of Activity": "Nature reserves & biodiversity", "Mother Project?": "Yes", "Mother Project Name": "STEPping up Nature Reserves Capacity – STEP4Nature Project", "Geographic Level": "Cadastre (CAD+ACS)", "Coordinates (Lat)": "33.72453", "Coordinates (Long)": "35.789786", "Governorate": "Bekaa", "District": "WestBekaa", "Cadaster": "Aammiq BG", "Municipality Name": "Aammiq", "Union of Municipalities (UoM)": "UOM El Sahel", "UNDP Focal Point": " ", "National Counterpart\n(Institutional Title)": "Municipality of Aamiq", "Counterpart Type": "Municipality", "CPD Output No.": " ", "Strategic Plan 2026-2029\nActivity / Output No.": " ", "Gender Marker": " ", "Remarks / Notes": "Donor: AICS-Italy | Implementation: 2025\r" }, "geometry": { "type": "Point", "coordinates": [ 35.789786, 33.72453 ] } },
{ "type": "Feature", "properties": { "REF": 551, "Project ID (Quantum)": "111469", "Project Name": "Step for Nature Reserves", "Programme": "Green Inclusive Program (GID)", "Start Date": "25/05/2025", "End Date": "01/10/2025", "Project Status": "Completed", "Output / Activity No.\n(per ProDoc results framework)": " ", "Full Activity Name": "STEPping up Nature Reserves Capacity – STEP4Nature Project", "Activity Description": "Development of Management Plan", "Type of Activity": "Nature reserves & biodiversity", "Mother Project?": "Yes", "Mother Project Name": "STEPping up Nature Reserves Capacity – STEP4Nature Project", "Geographic Level": "Cadastre (CAD+ACS)", "Coordinates (Lat)": "33.72453", "Coordinates (Long)": "35.789786", "Governorate": "Bekaa", "District": "WestBekaa", "Cadaster": "Aammiq BG", "Municipality Name": "Aammiq", "Union of Municipalities (UoM)": "UOM El Sahel", "UNDP Focal Point": " ", "National Counterpart\n(Institutional Title)": "Municipality of Aamiq", "Counterpart Type": "Municipality", "CPD Output No.": " ", "Strategic Plan 2026-2029\nActivity / Output No.": " ", "Gender Marker": " ", "Remarks / Notes": "Donor: AICS-Italy | Implementation: 2025\r" }, "geometry": { "type": "Point", "coordinates": [ 35.789786, 33.72453 ] } },
{ "type": "Feature", "properties": { "REF": 552, "Project ID (Quantum)": "111469", "Project Name": "Step for Nature Reserves", "Programme": "Green Inclusive Program (GID)", "Start Date": "25/05/2025", "End Date": "01/02/2026", "Project Status": "Ongoing", "Output / Activity No.\n(per ProDoc results framework)": " ", "Full Activity Name": "STEPping up Nature Reserves Capacity – STEP4Nature Project", "Activity Description": "Development of Business Plan", "Type of Activity": "Nature reserves & biodiversity", "Mother Project?": "Yes", "Mother Project Name": "STEPping up Nature Reserves Capacity – STEP4Nature Project", "Geographic Level": "Cadastre (CAD+ACS)", "Coordinates (Lat)": "33.72453", "Coordinates (Long)": "35.789786", "Governorate": "Bekaa", "District": "WestBekaa", "Cadaster": "Aammiq BG", "Municipality Name": "Aammiq", "Union of Municipalities (UoM)": "UOM El Sahel", "UNDP Focal Point": " ", "National Counterpart\n(Institutional Title)": "Municipality of Aamiq", "Counterpart Type": "Municipality", "CPD Output No.": " ", "Strategic Plan 2026-2029\nActivity / Output No.": " ", "Gender Marker": " ", "Remarks / Notes": "Donor: AICS-Italy | Implementation: 2026\r" }, "geometry": { "type": "Point", "coordinates": [ 35.789786, 33.72453 ] } },
{ "type": "Feature", "properties": { "REF": 553, "Project ID (Quantum)": " ", "Project Name": "WEE project", "Programme": "Reform & Governance", "Start Date": "04/02/2025", "End Date": "16/05/2027", "Project Status": "Ongoing", "Output / Activity No.\n(per ProDoc results framework)": " ", "Full Activity Name": "National Trade Help Desk (online platform and regional offices)", "Activity Description": "The National Trade Help Desk is a national platform designed to provide micro, small and medium sized enterprises (MSMEs) with easy access to legal and trade-related information, and expert support, helping them navigate local and international requirements to expand and grow. It operates as a hybrid model consisting of an online platform hosted on the Ministry of Economy and Trade’s website and physical help desks established at the Chambers Commerce, Industry and Agriculture across Lebanon.", "Type of Activity": "Livelihoods, agriculture & MSME support", "Mother Project?": "Yes", "Mother Project Name": "WEE project", "Geographic Level": " ", "Coordinates (Lat)": "#N/A", "Coordinates (Long)": "#N/A", "Governorate": " ", "District": " ", "Cadaster": " ", "Municipality Name": "0", "Union of Municipalities (UoM)": "#N/A", "UNDP Focal Point": " ", "National Counterpart\n(Institutional Title)": "Municipality of all covered", "Counterpart Type": "Municipality", "CPD Output No.": " ", "Strategic Plan 2026-2029\nActivity / Output No.": " ", "Gender Marker": " ", "Remarks / Notes": "Donor: Canada | Implementation: 1st year | Quantum project mapping to be confirmed | Location as reported: Beirut and Mount Lebanon / all covered (multi-area – single governorate not applicable) | Coverage: all covered (multi-cadastral – single cadaster not applicable)\r" }, "geometry": null },
{ "type": "Feature", "properties": { "REF": 554, "Project ID (Quantum)": " ", "Project Name": "WEE project", "Programme": "Reform & Governance", "Start Date": "01/01/2025", "End Date": "01/12/2025", "Project Status": "Completed", "Output / Activity No.\n(per ProDoc results framework)": " ", "Full Activity Name": "Low-value Grant (1st and 2nd Calls)", "Activity Description": "UNDP has provided grants to eligible micro and small-sized enterprises to help them maintain their operations and recover post-war  (52 beneficiaries in Beirut and Mount Lebanon were supported over two batches)", "Type of Activity": "Renewable energy & energy efficiency", "Mother Project?": "Yes", "Mother Project Name": "WEE project", "Geographic Level": " ", "Coordinates (Lat)": "#N/A", "Coordinates (Long)": "#N/A", "Governorate": " ", "District": " ", "Cadaster": " ", "Municipality Name": "0", "Union of Municipalities (UoM)": "#N/A", "UNDP Focal Point": " ", "National Counterpart\n(Institutional Title)": "Municipality of all covered", "Counterpart Type": "Municipality", "CPD Output No.": " ", "Strategic Plan 2026-2029\nActivity / Output No.": " ", "Gender Marker": " ", "Remarks / Notes": "Donor: Canada | Implementation: 1st year | Quantum project mapping to be confirmed | Location as reported: Beirut and Mount Lebanon / all covered (multi-area – single governorate not applicable) | Coverage: all covered (multi-cadastral – single cadaster not applicable)\r" }, "geometry": null },
{ "type": "Feature", "properties": { "REF": 555, "Project ID (Quantum)": " ", "Project Name": "WEE project", "Programme": "Reform & Governance", "Start Date": "12/09/2025", "End Date": "01/09/2027", "Project Status": "Ongoing", "Output / Activity No.\n(per ProDoc results framework)": " ", "Full Activity Name": "Automation of the Industrial Licensing/Certification process at the Ministry of Industry", "Activity Description": "UNDP is supporting The Ministry of Industry (MoI) in the automation of key processes that would streamline the business environment for SMEs, aiming at reducing administrative burdens on SMEs, improving efficiency, and facilitating a more streamlined business journey.", "Type of Activity": "Equipment and training for state institutions", "Mother Project?": "Yes", "Mother Project Name": "WEE project", "Geographic Level": "District", "Coordinates (Lat)": "#N/A", "Coordinates (Long)": "#N/A", "Governorate": "Beirut", "District": "BeirutDistrict", "Cadaster": " ", "Municipality Name": "0", "Union of Municipalities (UoM)": "#N/A", "UNDP Focal Point": " ", "National Counterpart\n(Institutional Title)": "Municipality of all covered", "Counterpart Type": "Municipality", "CPD Output No.": " ", "Strategic Plan 2026-2029\nActivity / Output No.": " ", "Gender Marker": " ", "Remarks / Notes": "Donor: Canada | Implementation: 1st year | Quantum project mapping to be confirmed | Coverage: all covered (multi-cadastral – single cadaster not applicable)\r" }, "geometry": null },
{ "type": "Feature", "properties": { "REF": 556, "Project ID (Quantum)": " ", "Project Name": "WEE project", "Programme": "Reform & Governance", "Start Date": "12/09/2025", "End Date": "01/09/2027", "Project Status": "Ongoing", "Output / Activity No.\n(per ProDoc results framework)": " ", "Full Activity Name": "Automation of the Intellectual Property Registration process at the Ministry of Economy and Trade", "Activity Description": "The project aims to address key challenges faced by businesses by automating the processes within the Intellectual Property Rights Department (IPR) at the Ministry of Economy and Trade (MOET). This initiative presents an opportunity to optimize the services provided by its key departments, particularly the Intellectual Property Rights Department.", "Type of Activity": "Equipment and training for state institutions", "Mother Project?": "Yes", "Mother Project Name": "WEE project", "Geographic Level": "District", "Coordinates (Lat)": "#N/A", "Coordinates (Long)": "#N/A", "Governorate": "Beirut", "District": "BeirutDistrict", "Cadaster": " ", "Municipality Name": "0", "Union of Municipalities (UoM)": "#N/A", "UNDP Focal Point": " ", "National Counterpart\n(Institutional Title)": "Municipality of all covered", "Counterpart Type": "Municipality", "CPD Output No.": " ", "Strategic Plan 2026-2029\nActivity / Output No.": " ", "Gender Marker": " ", "Remarks / Notes": "Donor: Canada | Implementation: 1st year | Quantum project mapping to be confirmed | Coverage: all covered (multi-cadastral – single cadaster not applicable)\r" }, "geometry": null },
{ "type": "Feature", "properties": { "REF": 557, "Project ID (Quantum)": " ", "Project Name": "WEE project", "Programme": "Reform & Governance", "Start Date": "01/06/2025", "End Date": "01/12/2026", "Project Status": "Ongoing", "Output / Activity No.\n(per ProDoc results framework)": " ", "Full Activity Name": "Security and Justice", "Activity Description": "Rehabilitation of Burj Hammoud ISF Station and Support to the MP in the area to enhance community security", "Type of Activity": "Security infrastructure", "Mother Project?": "Yes", "Mother Project Name": "WEE project", "Geographic Level": "Cadastre (CAD+ACS)", "Coordinates (Lat)": "33.893513", "Coordinates (Long)": "35.542358", "Governorate": "MountLebanon", "District": "ElMeten", "Cadaster": "Bourj Hammoud", "Municipality Name": "Borj Hammoud", "Union of Municipalities (UoM)": "UOM El Metn El Chemali El Sahili El Aousat", "UNDP Focal Point": " ", "National Counterpart\n(Institutional Title)": "Municipality of Burj Hammoud", "Counterpart Type": "Municipality", "CPD Output No.": " ", "Strategic Plan 2026-2029\nActivity / Output No.": " ", "Gender Marker": " ", "Remarks / Notes": "Donor: Canada | Implementation: 2025-2026 | Quantum project mapping to be confirmed\r" }, "geometry": { "type": "Point", "coordinates": [ 35.542358, 33.893513 ] } },
{ "type": "Feature", "properties": { "REF": 558, "Project ID (Quantum)": " ", "Project Name": "Stabilization", "Programme": "Reform & Governance", "Start Date": "01/10/2025", "End Date": "01/07/2026", "Project Status": "Under Preparation", "Output / Activity No.\n(per ProDoc results framework)": " ", "Full Activity Name": "Basic services project through the rehabilitation of Marj El Khokh water station", "Activity Description": "complimentary security services", "Type of Activity": "Security infrastructure", "Mother Project?": "Yes", "Mother Project Name": "Stabilization", "Geographic Level": "Cadastre (CAD+ACS)", "Coordinates (Lat)": "33.270146", "Coordinates (Long)": "35.199186", "Governorate": "South", "District": "Sour", "Cadaster": "Sour", "Municipality Name": "Sour", "Union of Municipalities (UoM)": "UOM Caza Sour", "UNDP Focal Point": " ", "National Counterpart\n(Institutional Title)": "Municipality of Tyre", "Counterpart Type": "Municipality", "CPD Output No.": " ", "Strategic Plan 2026-2029\nActivity / Output No.": " ", "Gender Marker": " ", "Remarks / Notes": "Donor: stabilization (GFFO/UNDP) | Implementation: 2025/2026 | Quantum project mapping to be confirmed\r" }, "geometry": { "type": "Point", "coordinates": [ 35.199186, 33.270146 ] } },
{ "type": "Feature", "properties": { "REF": 559, "Project ID (Quantum)": " ", "Project Name": "Stabilization", "Programme": "Reform & Governance", "Start Date": "01/10/2025", "End Date": "01/07/2026", "Project Status": "Under Preparation", "Output / Activity No.\n(per ProDoc results framework)": " ", "Full Activity Name": "Output 1:complimentary security services Qana and rehabilitation of ISF Station", "Activity Description": "complimentary security services", "Type of Activity": "Security infrastructure", "Mother Project?": "Yes", "Mother Project Name": "Stabilization", "Geographic Level": "Cadastre (CAD+ACS)", "Coordinates (Lat)": "33.270146", "Coordinates (Long)": "35.199186", "Governorate": "South", "District": "Sour", "Cadaster": "Sour", "Municipality Name": "Sour", "Union of Municipalities (UoM)": "UOM Caza Sour", "UNDP Focal Point": " ", "National Counterpart\n(Institutional Title)": "Municipality of Tyre", "Counterpart Type": "Municipality", "CPD Output No.": " ", "Strategic Plan 2026-2029\nActivity / Output No.": " ", "Gender Marker": " ", "Remarks / Notes": "Donor: stabilization (GFFO/UNDP) | Implementation: 2025/2026 | Quantum project mapping to be confirmed\r" }, "geometry": { "type": "Point", "coordinates": [ 35.199186, 33.270146 ] } },
{ "type": "Feature", "properties": { "REF": 560, "Project ID (Quantum)": " ", "Project Name": "Stabilization", "Programme": "Reform & Governance", "Start Date": "01/10/2025", "End Date": "01/07/2026", "Project Status": "Under Preparation", "Output / Activity No.\n(per ProDoc results framework)": " ", "Full Activity Name": "Output 1:Complimentary security services Marjeyoun", "Activity Description": "complimentary security services", "Type of Activity": "Security infrastructure", "Mother Project?": "Yes", "Mother Project Name": "Stabilization", "Geographic Level": "Cadastre (CAD+ACS)", "Coordinates (Lat)": "33.351841", "Coordinates (Long)": "35.591038", "Governorate": "ElNabatieh", "District": "Marjaayoun", "Cadaster": "Marjaayoun", "Municipality Name": "Jdaideh Marjaayoun", "Union of Municipalities (UoM)": "No Union", "UNDP Focal Point": " ", "National Counterpart\n(Institutional Title)": "Municipality of Marjeyoun", "Counterpart Type": "Municipality", "CPD Output No.": " ", "Strategic Plan 2026-2029\nActivity / Output No.": " ", "Gender Marker": " ", "Remarks / Notes": "Donor: stabilization (GFFO/UNDP) | Implementation: 2025/2026 | Quantum project mapping to be confirmed\r" }, "geometry": { "type": "Point", "coordinates": [ 35.591038, 33.351841 ] } },
{ "type": "Feature", "properties": { "REF": 561, "Project ID (Quantum)": " ", "Project Name": "Stabilization", "Programme": "Reform & Governance", "Start Date": "01/10/2025", "End Date": "01/07/2026", "Project Status": "Under Preparation", "Output / Activity No.\n(per ProDoc results framework)": " ", "Full Activity Name": "Output 1:Complimentary security services Nabatiyeh", "Activity Description": "complimentary security services", "Type of Activity": "Security infrastructure", "Mother Project?": "Yes", "Mother Project Name": "Stabilization", "Geographic Level": "Cadastre (CAD+ACS)", "Coordinates (Lat)": "33.49143", "Coordinates (Long)": "35.526744", "Governorate": "ElNabatieh", "District": "ElNabatiehDistrict", "Cadaster": "Jbaa En-Nabatiyeh", "Municipality Name": "Jbaa El Nabatieh - Aain Bou Souar", "Union of Municipalities (UoM)": "UOM Iqlim El Touffah", "UNDP Focal Point": " ", "National Counterpart\n(Institutional Title)": "Municipality of Nabatiyeh", "Counterpart Type": "Municipality", "CPD Output No.": " ", "Strategic Plan 2026-2029\nActivity / Output No.": " ", "Gender Marker": " ", "Remarks / Notes": "Donor: stabilization (GFFO/UNDP) | Implementation: 2025/2026 | Quantum project mapping to be confirmed\r" }, "geometry": { "type": "Point", "coordinates": [ 35.526744, 33.49143 ] } },
{ "type": "Feature", "properties": { "REF": 562, "Project ID (Quantum)": " ", "Project Name": "Stabilization", "Programme": "Reform & Governance", "Start Date": "01/10/2025", "End Date": "01/07/2026", "Project Status": "Under Preparation", "Output / Activity No.\n(per ProDoc results framework)": " ", "Full Activity Name": "Output 1: Support to Noufous", "Activity Description": "rehabilitation of Nofoos", "Type of Activity": "Security infrastructure", "Mother Project?": "Yes", "Mother Project Name": "Stabilization", "Geographic Level": "Cadastre (CAD+ACS)", "Coordinates (Lat)": "33.351841", "Coordinates (Long)": "35.591038", "Governorate": "ElNabatieh", "District": "Marjaayoun", "Cadaster": "Marjaayoun", "Municipality Name": "Jdaideh Marjaayoun", "Union of Municipalities (UoM)": "No Union", "UNDP Focal Point": " ", "National Counterpart\n(Institutional Title)": "Municipality of Marjeyoun / Nabatiyeh", "Counterpart Type": "Municipality", "CPD Output No.": " ", "Strategic Plan 2026-2029\nActivity / Output No.": " ", "Gender Marker": " ", "Remarks / Notes": "Donor: stabilization (GFFO/UNDP) | Implementation: 2025/2026 | Quantum project mapping to be confirmed | District as reported: Marjeyoun / Nabatiyeh\r" }, "geometry": { "type": "Point", "coordinates": [ 35.591038, 33.351841 ] } },
{ "type": "Feature", "properties": { "REF": 563, "Project ID (Quantum)": " ", "Project Name": "Stabilization", "Programme": "Reform & Governance", "Start Date": "01/10/2025", "End Date": "01/07/2026", "Project Status": "Under Preparation", "Output / Activity No.\n(per ProDoc results framework)": " ", "Full Activity Name": "Output 1: Support to Nafaa", "Activity Description": "IT support and rehabilitation", "Type of Activity": "Security infrastructure", "Mother Project?": "Yes", "Mother Project Name": "Stabilization", "Geographic Level": "Cadastre (CAD+ACS)", "Coordinates (Lat)": "33.49143", "Coordinates (Long)": "35.526744", "Governorate": "ElNabatieh", "District": "ElNabatiehDistrict", "Cadaster": "Jbaa En-Nabatiyeh", "Municipality Name": "Jbaa El Nabatieh - Aain Bou Souar", "Union of Municipalities (UoM)": "UOM Iqlim El Touffah", "UNDP Focal Point": " ", "National Counterpart\n(Institutional Title)": "Municipality of Nabatiyeh", "Counterpart Type": "Municipality", "CPD Output No.": " ", "Strategic Plan 2026-2029\nActivity / Output No.": " ", "Gender Marker": " ", "Remarks / Notes": "Donor: stabilization (GFFO/UNDP) | Implementation: 2025/2026 | Quantum project mapping to be confirmed\r" }, "geometry": { "type": "Point", "coordinates": [ 35.526744, 33.49143 ] } },
{ "type": "Feature", "properties": { "REF": 564, "Project ID (Quantum)": " ", "Project Name": "Stabilization", "Programme": "Reform & Governance", "Start Date": "01/10/2025", "End Date": "01/07/2026", "Project Status": "Under Preparation", "Output / Activity No.\n(per ProDoc results framework)": " ", "Full Activity Name": "Output 1: Rehabilitation of ISF Station, Nabatiyeh Status: Design phase", "Activity Description": "Rehabilitation of ISF Station, Nabatiyeh", "Type of Activity": "Security infrastructure", "Mother Project?": "Yes", "Mother Project Name": "Stabilization", "Geographic Level": "Cadastre (CAD+ACS)", "Coordinates (Lat)": "34.635451", "Coordinates (Long)": "35.984845", "Governorate": "ElNabatieh", "District": "ElNabatiehDistrict", "Cadaster": "Mazraat Kfarjaouz", "Municipality Name": "No Municipality", "Union of Municipalities (UoM)": "No Municipality", "UNDP Focal Point": " ", "National Counterpart\n(Institutional Title)": "Municipality of Kfarjoz", "Counterpart Type": "Municipality", "CPD Output No.": " ", "Strategic Plan 2026-2029\nActivity / Output No.": " ", "Gender Marker": " ", "Remarks / Notes": "Donor: stabilization (GFFO/UNDP) | Implementation: 2025/2026 | Quantum project mapping to be confirmed\r" }, "geometry": { "type": "Point", "coordinates": [ 35.984845, 34.635451 ] } },
{ "type": "Feature", "properties": { "REF": 565, "Project ID (Quantum)": " ", "Project Name": "Stabilization", "Programme": "Reform & Governance", "Start Date": "01/10/2025", "End Date": "01/07/2026", "Project Status": "Under Preparation", "Output / Activity No.\n(per ProDoc results framework)": " ", "Full Activity Name": "Output 1: Rehabilitation of ISF Station, Marjeyoun, Qana, Nabatiyeh Status: Design phase", "Activity Description": "Rehabilitation of ISF Station, Marjeyoun", "Type of Activity": "Security infrastructure", "Mother Project?": "Yes", "Mother Project Name": "Stabilization", "Geographic Level": " ", "Coordinates (Lat)": "#N/A", "Coordinates (Long)": "#N/A", "Governorate": " ", "District": " ", "Cadaster": " ", "Municipality Name": "0", "Union of Municipalities (UoM)": "#N/A", "UNDP Focal Point": " ", "National Counterpart\n(Institutional Title)": "Municipality of Marjeyoun, Bint Jbeil, Nabatiyeh and Qana", "Counterpart Type": "Municipality", "CPD Output No.": " ", "Strategic Plan 2026-2029\nActivity / Output No.": " ", "Gender Marker": " ", "Remarks / Notes": "Donor: stabilization (GFFO/UNDP) | Implementation: 2025/2026 | Quantum project mapping to be confirmed | Location as reported: Nabatiyeh and South / Marjeyoun,Bint Jbeil, Nabatiyeh and Tyre (multi-area – single governorate not applicable) | Coverage: Marjeyoun, Bint Jbeil, Nabatiyeh and Qana (multi-cadastral – single cadaster not applicable)" }, "geometry": null },
{ "type": "Feature", "properties": { "REF": 566, "Project ID (Quantum)": " ", "Project Name": "Stabilization", "Programme": "Reform & Governance", "Start Date": "01/10/2025", "End Date": "01/07/2026", "Project Status": "Under Preparation", "Output / Activity No.\n(per ProDoc results framework)": " ", "Full Activity Name": "Output 2: Socio-productive infrastructure rehabilitated/ reconstructed enabling state service delivery Water Treatment in Marjeyoun", "Activity Description": "Water Treatment in Marjeyoun", "Type of Activity": "Security infrastructure", "Mother Project?": "Yes", "Mother Project Name": "Stabilization", "Geographic Level": "District", "Coordinates (Lat)": "#N/A", "Coordinates (Long)": "#N/A", "Governorate": "ElNabatieh", "District": "Marjaayoun", "Cadaster": " ", "Municipality Name": "0", "Union of Municipalities (UoM)": "#N/A", "UNDP Focal Point": " ", "National Counterpart\n(Institutional Title)": "Municipality of Marej El Khokh", "Counterpart Type": "Municipality", "CPD Output No.": " ", "Strategic Plan 2026-2029\nActivity / Output No.": " ", "Gender Marker": " ", "Remarks / Notes": "Donor: stabilization (GFFO/UNDP) | Implementation: 2025/2026 | Quantum project mapping to be confirmed | Locality as reported: Marej El Khokh (cadaster not matched)\r" }, "geometry": null },
{ "type": "Feature", "properties": { "REF": 567, "Project ID (Quantum)": " ", "Project Name": "Governance", "Programme": "Reform & Governance", "Start Date": "25/06/2025", "End Date": "26/04/2025", "Project Status": "Ongoing", "Output / Activity No.\n(per ProDoc results framework)": " ", "Full Activity Name": "Low Value Grant to Cooperatives", "Activity Description": "UNDP is providing grants to eligible cooperatives to help them recover from the impacts of the recent conflict and support them in maintaining their operations (13 beneficiaries in Baalbeck, Hermel and Bekaa)", "Type of Activity": "Livelihoods, agriculture & MSME support", "Mother Project?": "Yes", "Mother Project Name": "Governance", "Geographic Level": "Governorate", "Coordinates (Lat)": "#N/A", "Coordinates (Long)": "#N/A", "Governorate": "BaalbekElHermel", "District": " ", "Cadaster": " ", "Municipality Name": "0", "Union of Municipalities (UoM)": "#N/A", "UNDP Focal Point": " ", "National Counterpart\n(Institutional Title)": "Municipality of all covered", "Counterpart Type": "Municipality", "CPD Output No.": " ", "Strategic Plan 2026-2029\nActivity / Output No.": " ", "Gender Marker": " ", "Remarks / Notes": "Donor: France | Implementation: 1st year | Quantum project mapping to be confirmed | District as reported: Baalbeck-Hermel | Coverage: all covered (multi-cadastral – single cadaster not applicable)\r" }, "geometry": null },
{ "type": "Feature", "properties": { "REF": 568, "Project ID (Quantum)": " ", "Project Name": "Governance", "Programme": "Reform & Governance", "Start Date": "21/05/2025", "End Date": "26/02/2025", "Project Status": "Ongoing", "Output / Activity No.\n(per ProDoc results framework)": " ", "Full Activity Name": "Security and Justice", "Activity Description": "Provision of free and quality legal aid services to the most vulnerable", "Type of Activity": "Equipment and training for state institutions", "Mother Project?": "Yes", "Mother Project Name": "Governance", "Geographic Level": "Governorate", "Coordinates (Lat)": "#N/A", "Coordinates (Long)": "#N/A", "Governorate": "BaalbekElHermel", "District": " ", "Cadaster": " ", "Municipality Name": "0", "Union of Municipalities (UoM)": "#N/A", "UNDP Focal Point": " ", "National Counterpart\n(Institutional Title)": "Municipality of Baalbeck-Hermel", "Counterpart Type": "Municipality", "CPD Output No.": " ", "Strategic Plan 2026-2029\nActivity / Output No.": " ", "Gender Marker": " ", "Remarks / Notes": "Donor: Canada | Implementation: 2025-2026 | Quantum project mapping to be confirmed | District as reported: Baalbeck-Hermel | Locality as reported: Baalbeck-Hermel (cadaster not matched)\r" }, "geometry": null },
{ "type": "Feature", "properties": { "REF": 569, "Project ID (Quantum)": " ", "Project Name": "Governance", "Programme": "Reform & Governance", "Start Date": "25/02/2025", "End Date": "26/07/2025", "Project Status": "Ongoing", "Output / Activity No.\n(per ProDoc results framework)": " ", "Full Activity Name": "Security and Justice", "Activity Description": "Rehabilitation of Baalback ISF Station", "Type of Activity": "Security infrastructure", "Mother Project?": "Yes", "Mother Project Name": "Governance", "Geographic Level": "Governorate", "Coordinates (Lat)": "#N/A", "Coordinates (Long)": "#N/A", "Governorate": "BaalbekElHermel", "District": " ", "Cadaster": " ", "Municipality Name": "0", "Union of Municipalities (UoM)": "#N/A", "UNDP Focal Point": " ", "National Counterpart\n(Institutional Title)": "Municipality of Baalbeck-Hermel", "Counterpart Type": "Municipality", "CPD Output No.": " ", "Strategic Plan 2026-2029\nActivity / Output No.": " ", "Gender Marker": " ", "Remarks / Notes": "Donor: FPI | Implementation: 2025-2026 | Quantum project mapping to be confirmed | District as reported: Baalbeck-Hermel | Locality as reported: Baalbeck-Hermel (cadaster not matched)\r" }, "geometry": null },
{ "type": "Feature", "properties": { "REF": 570, "Project ID (Quantum)": " ", "Project Name": "Governance and Rule of law", "Programme": "Reform & Governance", "Start Date": "06/12/2024", "End Date": "26/03/2027", "Project Status": "Ongoing", "Output / Activity No.\n(per ProDoc results framework)": " ", "Full Activity Name": "LAF Livelihood Ecosystem Project", "Activity Description": "The Lebanese Armed Forces (LAF) are and have remained the backbone of Lebanon’s security and stability and the most trusted institution by the people of Lebanon. With the violence halted, the LAF plays a critical role in ensuring the credible and timely implementation of the cessation of hostilities agreements, in responding to emergency crises, and conducting removal of unexploded ordnances operations. By supporting LAF personnel affected by the surge in violence, promoting the wellbeing of service members and their families, reducing negative coping mechanisms and ultimately fostering their capabilities, the LAF ecosystem initiative seeks to have a direct and lasting impact on the success of the LAF’s mission in laying the foundation for a sustainable and stable recovery process. The LAF Livelihood Ecosystem Project focuses on four main outputs toward achieving its objective:\nOutput 1: Enhancing the wellbeing and food security of LAF service members and their families;\nThe project is completing the construction of a temporary warehouse in Charles El Helou. The warehouse will serve as a main hub that will receive 13 different types of essential food products from the contracted FMCG supplier and redistribute them onto 64 LAF commissaries in BML that will be then sold to around 43,000 LAF service members at a 50% subsidy rate.\nAdditionally, the project is rehabilitating 3 LAF commissaries in BML to ensure the minimum work and healthy safety standards are all covered. These 3 commissaries (2 in Beirut and 1 in Keserwan-Jbeil governorate) serve around 3,750 service members.\nFinally, under this output the project is also providing support to connect all 144 LAF commissaries to a central digital inventory and sales system managed by LAF central command. All 64 LAF commissaries located in BML are benefitting from this activity in addition to 15 LAF commissaries are benefitting from the provision of hardware and small equipment (such as POS machines, routers etc.) to ensure their main operations and connectivity to the central management system.\nOutput 2. Enhancing access to gender-sensitive quality social services to vulnerable LAF families;\nAs part of supporting the LAF livelihood ecosystem's different components, where securing service members' children's enrolment in schools is of vital importance amid the country's deteriorating socio-economic conditions, the project has covered the school tuition fees of 189 children with special needs of LAF service members located in BML for the Academic Year 2024-25. This output's intervention priorities are determined based on criteria taking into consideration the most urgent needs in the current country context.", "Type of Activity": "Renewable energy & energy efficiency", "Mother Project?": "Yes", "Mother Project Name": "Governance and Rule of law", "Geographic Level": "National", "Coordinates (Lat)": "#N/A", "Coordinates (Long)": "#N/A", "Governorate": "National", "District": " ", "Cadaster": " ", "Municipality Name": "0", "Union of Municipalities (UoM)": "#N/A", "UNDP Focal Point": " ", "National Counterpart\n(Institutional Title)": " ", "Counterpart Type": " ", "CPD Output No.": " ", "Strategic Plan 2026-2029\nActivity / Output No.": " ", "Gender Marker": " ", "Remarks / Notes": "Donor: Germany | Implementation: 2025 | Quantum project mapping to be confirmed | Coverage: National (multi-cadastral – single cadaster not applicable)\r" }, "geometry": null },
{ "type": "Feature", "properties": { "REF": 571, "Project ID (Quantum)": " ", "Project Name": "Governance and Rule of law", "Programme": "Reform & Governance", "Start Date": "01/02/2025", "End Date": "30/06/2026", "Project Status": "Ongoing", "Output / Activity No.\n(per ProDoc results framework)": " ", "Full Activity Name": "FPI1 - Mitigating the impact of conflict escalation in Lebanon on social, economic, and institutional stability - Crisis response & stabilization programme. Output 4.4: Support the Lebanon Mine Action Centre (LMAC)", "Activity Description": "Within the current context, urgent mine action is critical for safeguarding communities in conflict-affected areas, as the presence of explosive ordnance presents immediate threats to safety and security. Without urgent intervention, civilian population, including vulnerable grouops such as women, children, and people with disabilities face immediate risks from the presence of explosvie ordnance contamination and lack of awareness thereof. UNDP will enhance its support to the Lebanon Mine Action Centre (LMAC), as the dedicated entity for mine action in Lebanon. UNDP will enhace its support to the LMAC to capacitate it to plan effectively, and act swiftly to address the contamination and support early recovery efforts, including rubble removal and mine clearance, leading to the safe return of IDPs. This will entail extensive advisory support to the insitution especially in terms of addressing the massive UXO threat, the procurement of needed equipment, particularly linked to debris/EOD and surveying material. UNDP will also support LMAC on data consolidation, and carrying out a review of newly contaminated areas. This will include provision of tools for information managmenet/data colleciton as well as coordination support, which is of particular importance in the current fluid/chaotic situation where access is a challenge.", "Type of Activity": "Security infrastructure", "Mother Project?": "Yes", "Mother Project Name": "Governance and Rule of law", "Geographic Level": "National", "Coordinates (Lat)": "#N/A", "Coordinates (Long)": "#N/A", "Governorate": "National", "District": " ", "Cadaster": " ", "Municipality Name": "0", "Union of Municipalities (UoM)": "#N/A", "UNDP Focal Point": " ", "National Counterpart\n(Institutional Title)": " ", "Counterpart Type": " ", "CPD Output No.": " ", "Strategic Plan 2026-2029\nActivity / Output No.": " ", "Gender Marker": " ", "Remarks / Notes": "Donor: EU | Implementation: 2025 | Quantum project mapping to be confirmed | Coverage: National (multi-cadastral – single cadaster not applicable)\r" }, "geometry": null },
{ "type": "Feature", "properties": { "REF": 572, "Project ID (Quantum)": " ", "Project Name": "Governance and Rule of law", "Programme": "Reform & Governance", "Start Date": "04/06/2025", "End Date": "31/03/2026", "Project Status": "Ongoing", "Output / Activity No.\n(per ProDoc results framework)": " ", "Full Activity Name": "Addressing the Humanitarian and Development Impact Posed by Mines, Cluster Munitions and Explosive Remnants of War", "Activity Description": "The Lebanese community and the refugee community are suffering from a legacy contamination in Lebanon where a signigicant number of lands in the Bekaa, South, Mount Lebanon and other areas of Lebanon are still contaminated by landmines, cluster munitions and other explosvie remnants of war (ERW). The issue of contamination has been further compounded in 2017 following the defeat of terrorist groups in the North-Eastern border region that was contaminated mainly with improvised explosive devisces (EIDs). This proposed project focuses on empowering the Lebanon Mine Action Centre (LMAC) - the responsible body for the execution and coordination of the Lebanon Mine Action Programme (LMAP) on behalf of the Mine Action Authority - and enabling it to sustainably manage and address the humanitarian and development impact posed by mines, Explosive Remnants of War and Cluster Munitions. The overal objective is to significantly attentuate the impact of contamination risks through the promotion of resilient adaptable government institutions.\nAmong the activities completed so far:\n1) Participation of LMAC in 13th Meeting of State Parties of the Convention on Cluster Munitions (CCM) in Geneva, 16-19 September, and CCM deadline for Lebanon extended till 2030.\n2 ) Coordination Mechanism designed through workshop “Mine Action Coordination Gaps, Impacts & Suggested Solutions – Crisis Context” consisting of three different sessions was organized to pool in efforts for stakeholder coordination and the re-activation of the Inter-ministerial Committee. The participants included LMAC, LAF and operator NGOs (local and international).\n3)  “Comprehensive Training on Management/Leadership, Communication/Public Speaking, Crisis Management” was completed between 22-25 Sept 2025 for all LMAC officers.\n4) Provision of expertise and consultants to LMAC (Technical Advisor, NTS, social media)\n5) Preparation of UNDP support to LMAC evaluation.\n6) EOD and equipment being procured.\n7) Upcoming Mine Action Forum being organised for 11 November 2025.", "Type of Activity": "Security infrastructure", "Mother Project?": "Yes", "Mother Project Name": "Governance and Rule of law", "Geographic Level": "National", "Coordinates (Lat)": "#N/A", "Coordinates (Long)": "#N/A", "Governorate": "National", "District": " ", "Cadaster": " ", "Municipality Name": "0", "Union of Municipalities (UoM)": "#N/A", "UNDP Focal Point": " ", "National Counterpart\n(Institutional Title)": " ", "Counterpart Type": " ", "CPD Output No.": " ", "Strategic Plan 2026-2029\nActivity / Output No.": " ", "Gender Marker": " ", "Remarks / Notes": "Donor: Netherlands | Implementation: 2025 | Quantum project mapping to be confirmed | Coverage: National (multi-cadastral – single cadaster not applicable)\r" }, "geometry": null },
{ "type": "Feature", "properties": { "REF": 573, "Project ID (Quantum)": " ", "Project Name": "Governance and Rule of law", "Programme": "Reform & Governance", "Start Date": "01/02/2025", "End Date": "01/07/2026", "Project Status": "Ongoing", "Output / Activity No.\n(per ProDoc results framework)": " ", "Full Activity Name": "Security and Justice", "Activity Description": "Rehabilitation of Antelias ISF Station and Support to the MP in the area to enhance community security", "Type of Activity": "Security infrastructure", "Mother Project?": "Yes", "Mother Project Name": "Governance and Rule of law", "Geographic Level": "District", "Coordinates (Lat)": "#N/A", "Coordinates (Long)": "#N/A", "Governorate": "MountLebanon", "District": "ElMeten", "Cadaster": " ", "Municipality Name": "0", "Union of Municipalities (UoM)": "#N/A", "UNDP Focal Point": " ", "National Counterpart\n(Institutional Title)": "Municipality of Zalka Dhour El Zalka Amaret Chalhoub Wata Amaret Chalhoub Biaqout Ain Biaqout Akbet Biaqout Bkenneya Jal El Dib Bsalim Mzher El Majzoub Nabiyeh Dik El Mehdi Deir Tamish Beit El Chaar Zouk El Kharab Awkar Dbaye Haret El Ballaneh Nahr El Kalb El Makhada Deir Mar Abda El Mchammar Zekrit Antelias El Hadira Tallet El Sroor Naqqash Dhour El Naqqash Fouar Antelias Rabieh Mtaileb Mazraat Deir Awkar Ras Nabaa Antelias", "Counterpart Type": "Municipality", "CPD Output No.": " ", "Strategic Plan 2026-2029\nActivity / Output No.": " ", "Gender Marker": " ", "Remarks / Notes": "Donor: FPI | Implementation: 2025-2026 | Quantum project mapping to be confirmed | Coverage: Zalka Dhour El Zalka Amaret Chalhoub Wata Amaret Chalhoub Biaqout Ain Biaqout Akbet Biaqout Bkenneya Jal El Dib Bsalim Mzher El Majzoub Nabiyeh Dik El Mehdi Deir Tamish Beit El Chaar Zouk El Kharab Awkar Dbaye Haret El Ballaneh Nahr El Kalb El Makhada Deir Mar Abda El Mchammar Zekrit Antelias El Hadira Tallet El Sroor Naqqash Dhour El Naqqash Fouar Antelias Rabieh Mtaileb Mazraat Deir Awkar Ras Nabaa Antelias (multi-cadastral – single cadaster not applicable)\r" }, "geometry": null },
{ "type": "Feature", "properties": { "REF": 574, "Project ID (Quantum)": " ", "Project Name": "Governance and Rule of law", "Programme": "Reform & Governance", "Start Date": "01/10/2025", "End Date": "01/10/2026", "Project Status": "Ongoing", "Output / Activity No.\n(per ProDoc results framework)": " ", "Full Activity Name": "Security and Justice", "Activity Description": "Rehabilitation of Chehim ISF Station and Support to the MP in the area", "Type of Activity": "Security infrastructure", "Mother Project?": "Yes", "Mother Project Name": "Governance and Rule of law", "Geographic Level": "Cadastre (CAD+ACS)", "Coordinates (Lat)": "33.629787", "Coordinates (Long)": "35.485244", "Governorate": "MountLebanon", "District": "Chouf", "Cadaster": "Chhim", "Municipality Name": "Chhim", "Union of Municipalities (UoM)": "UOM Iqlim El Kharroub El Chamali", "UNDP Focal Point": " ", "National Counterpart\n(Institutional Title)": "Municipality of Chehim", "Counterpart Type": "Municipality", "CPD Output No.": " ", "Strategic Plan 2026-2029\nActivity / Output No.": " ", "Gender Marker": " ", "Remarks / Notes": "Donor: NY | Implementation: 2025 | Quantum project mapping to be confirmed\r" }, "geometry": { "type": "Point", "coordinates": [ 35.485244, 33.629787 ] } },
{ "type": "Feature", "properties": { "REF": 575, "Project ID (Quantum)": " ", "Project Name": "Governance and Rule of law", "Programme": "Reform & Governance", "Start Date": "01/05/2023", "End Date": "01/12/2025", "Project Status": "Ongoing", "Output / Activity No.\n(per ProDoc results framework)": " ", "Full Activity Name": "Community Security and Access to Justice", "Activity Description": "Provision of free and quality legal aid services to the most vulnerable", "Type of Activity": "Equipment and training for state institutions", "Mother Project?": "Yes", "Mother Project Name": "Governance and Rule of law", "Geographic Level": " ", "Coordinates (Lat)": "#N/A", "Coordinates (Long)": "#N/A", "Governorate": " ", "District": " ", "Cadaster": " ", "Municipality Name": "0", "Union of Municipalities (UoM)": "#N/A", "UNDP Focal Point": " ", "National Counterpart\n(Institutional Title)": "Municipality of USJ University Legal Clinic", "Counterpart Type": "Municipality", "CPD Output No.": " ", "Strategic Plan 2026-2029\nActivity / Output No.": " ", "Gender Marker": " ", "Remarks / Notes": "Donor: EU | Implementation: 2023 -2025 | Quantum project mapping to be confirmed | Location as reported: Beirut and Mount Lebanon / National (multi-area – single governorate not applicable) | Locality as reported: USJ University Legal Clinic (cadaster not matched)\r" }, "geometry": null },
{ "type": "Feature", "properties": { "REF": 576, "Project ID (Quantum)": " ", "Project Name": "Governance and Rule of law", "Programme": "Reform & Governance", "Start Date": "01/01/2024", "End Date": "25/12/2025", "Project Status": "Ongoing", "Output / Activity No.\n(per ProDoc results framework)": " ", "Full Activity Name": "Community Security and Access to Justice", "Activity Description": "Implementation of Article 47 (infrastructure and software)", "Type of Activity": "Security infrastructure", "Mother Project?": "Yes", "Mother Project Name": "Governance and Rule of law", "Geographic Level": "District", "Coordinates (Lat)": "#N/A", "Coordinates (Long)": "#N/A", "Governorate": "Beirut", "District": "BeirutDistrict", "Cadaster": " ", "Municipality Name": "0", "Union of Municipalities (UoM)": "#N/A", "UNDP Focal Point": " ", "National Counterpart\n(Institutional Title)": "Municipality of Judicial Police Barbar Khazen Raouche Ramle El Bayda Ashrafiye Ras Beirut ISF Head Quarters", "Counterpart Type": "Municipality", "CPD Output No.": " ", "Strategic Plan 2026-2029\nActivity / Output No.": " ", "Gender Marker": " ", "Remarks / Notes": "Donor: EU, 2LSP, NY | Implementation: 2024-2025 | Quantum project mapping to be confirmed | Coverage: Judicial Police Barbar Khazen Raouche Ramle El Bayda Ashrafiye Ras Beirut ISF Head Quarters (multi-cadastral – single cadaster not applicable)" }, "geometry": null },
{ "type": "Feature", "properties": { "REF": 577, "Project ID (Quantum)": " ", "Project Name": "Governance and Rule of law", "Programme": "Reform & Governance", "Start Date": "01/07/2024", "End Date": "25/12/2025", "Project Status": "Ongoing", "Output / Activity No.\n(per ProDoc results framework)": " ", "Full Activity Name": "Community Security and Access to Justice", "Activity Description": "Provision of free and quality legal aid services to the most vulnerable in Roumieh and Baabdaprisons", "Type of Activity": "Equipment and training for state institutions", "Mother Project?": "Yes", "Mother Project Name": "Governance and Rule of law", "Geographic Level": " ", "Coordinates (Lat)": "#N/A", "Coordinates (Long)": "#N/A", "Governorate": " ", "District": " ", "Cadaster": " ", "Municipality Name": "0", "Union of Municipalities (UoM)": "#N/A", "UNDP Focal Point": " ", "National Counterpart\n(Institutional Title)": "Municipality of Roumieh and Baabda", "Counterpart Type": "Municipality", "CPD Output No.": " ", "Strategic Plan 2026-2029\nActivity / Output No.": " ", "Gender Marker": " ", "Remarks / Notes": "Donor: EU | Implementation: 2024-2025 | Quantum project mapping to be confirmed | Location as reported: Beirut and Mount Lebanon / Metn/Baabda (multi-area – single governorate not applicable) | Coverage: Roumieh and Baabda (multi-cadastral – single cadaster not applicable)\r" }, "geometry": null },
{ "type": "Feature", "properties": { "REF": 578, "Project ID (Quantum)": " ", "Project Name": "Governance and Rule of law", "Programme": "Reform & Governance", "Start Date": "25/02/2025", "End Date": "26/07/2025", "Project Status": "Ongoing", "Output / Activity No.\n(per ProDoc results framework)": " ", "Full Activity Name": "Security and Justice", "Activity Description": "Rehabilitation of Burj El Barajneh ISF Station", "Type of Activity": "Security infrastructure", "Mother Project?": "Yes", "Mother Project Name": "Governance and Rule of law", "Geographic Level": "District", "Coordinates (Lat)": "#N/A", "Coordinates (Long)": "#N/A", "Governorate": "MountLebanon", "District": "Baabda", "Cadaster": " ", "Municipality Name": "0", "Union of Municipalities (UoM)": "#N/A", "UNDP Focal Point": " ", "National Counterpart\n(Institutional Title)": "Municipality of Haret Hreik Burj El Barajneh", "Counterpart Type": "Municipality", "CPD Output No.": " ", "Strategic Plan 2026-2029\nActivity / Output No.": " ", "Gender Marker": " ", "Remarks / Notes": "Donor: FPI | Implementation: 2025-2026 | Quantum project mapping to be confirmed | Locality as reported: Haret Hreik Burj El Barajneh (cadaster not matched)\r" }, "geometry": null },
{ "type": "Feature", "properties": { "REF": 579, "Project ID (Quantum)": "1003657", "Project Name": "LAF Ecosystem", "Programme": "Reform & Governance", "Start Date": " ", "End Date": null, "Project Status": "Ongoing", "Output / Activity No.\n(per ProDoc results framework)": " ", "Full Activity Name": "Output 1: Enhancing the wellbeing and food security of LAF service members and their families Activity 1.1: Bolstering the offering, affordability and accessibility of LAF commissaries", "Activity Description": "Input 1.1.1: Providing 13 basic food products to all LAF commissaries across the country to be sold to all LAF service members at subsidized prices ensuring access to essential food items.", "Type of Activity": "TBD", "Mother Project?": "Yes", "Mother Project Name": "LAF", "Geographic Level": "National", "Coordinates (Lat)": "#N/A", "Coordinates (Long)": "#N/A", "Governorate": "National", "District": " ", "Cadaster": " ", "Municipality Name": "0", "Union of Municipalities (UoM)": "#N/A", "UNDP Focal Point": " ", "National Counterpart\n(Institutional Title)": " ", "Counterpart Type": " ", "CPD Output No.": " ", "Strategic Plan 2026-2029\nActivity / Output No.": " ", "Gender Marker": " ", "Remarks / Notes": "Donor: Norway\r" }, "geometry": null },
{ "type": "Feature", "properties": { "REF": 580, "Project ID (Quantum)": "1003657", "Project Name": "LAF Ecosystem", "Programme": "Reform & Governance", "Start Date": " ", "End Date": " ", "Project Status": "Ongoing", "Output / Activity No.\n(per ProDoc results framework)": " ", "Full Activity Name": "Output 1: Enhancing the wellbeing and food security of LAF service members and their families Activity 1.1: Bolstering the offering, affordability and accessibility of LAF commissaries", "Activity Description": "Input 1.1.1: Providing 13 basic food products to all LAF commissaries across the country to be sold to all LAF service members at subsidized prices ensuring access to essential food items.", "Type of Activity": "TBD", "Mother Project?": "Yes", "Mother Project Name": "LAF", "Geographic Level": "Governorate", "Coordinates (Lat)": "#N/A", "Coordinates (Long)": "#N/A", "Governorate": "South", "District": " ", "Cadaster": " ", "Municipality Name": "0", "Union of Municipalities (UoM)": "#N/A", "UNDP Focal Point": " ", "National Counterpart\n(Institutional Title)": " ", "Counterpart Type": " ", "CPD Output No.": " ", "Strategic Plan 2026-2029\nActivity / Output No.": " ", "Gender Marker": " ", "Remarks / Notes": "Donor: Spain\r" }, "geometry": null },
{ "type": "Feature", "properties": { "REF": 581, "Project ID (Quantum)": "1003657", "Project Name": "LAF Ecosystem", "Programme": "Reform & Governance", "Start Date": " ", "End Date": null, "Project Status": "Ongoing", "Output / Activity No.\n(per ProDoc results framework)": " ", "Full Activity Name": "Output 1: Enhancing the wellbeing and food security of LAF service members and their families Activity 1.1: Bolstering the offering, affordability and accessibility of LAF commissaries", "Activity Description": "Input 1.1.2: Supporting access to LAF commissaries through rehabilitation and civil works to commissaries identified as being in very poor or poor physical conditions.\nInput 1.1.3: Supporting the connectivity of all LAF commissaries to a central digital intranet for the management of comissary products and stocks through the provision of needed hardware and software components.", "Type of Activity": "TBD", "Mother Project?": "Yes", "Mother Project Name": "LAF", "Geographic Level": "Governorate", "Coordinates (Lat)": "#N/A", "Coordinates (Long)": "#N/A", "Governorate": "South", "District": " ", "Cadaster": " ", "Municipality Name": "0", "Union of Municipalities (UoM)": "#N/A", "UNDP Focal Point": " ", "National Counterpart\n(Institutional Title)": " ", "Counterpart Type": " ", "CPD Output No.": " ", "Strategic Plan 2026-2029\nActivity / Output No.": " ", "Gender Marker": " ", "Remarks / Notes": "Donor: Spain\r" }, "geometry": null },
{ "type": "Feature", "properties": { "REF": 582, "Project ID (Quantum)": "1003657", "Project Name": "LAF Ecosystem", "Programme": "Reform & Governance", "Start Date": " ", "End Date": " ", "Project Status": "Ongoing", "Output / Activity No.\n(per ProDoc results framework)": " ", "Full Activity Name": "Output 2: Enhancing access to gender-sensitive quality social services to vulnerable LAF families Activity 2.1: Bolstering the offering, affordability and accessibility of LAF commissaries", "Activity Description": "Input 2.1.1: Ensuring access to education for children of LAF families across the country through covering the tuition fees of children with special needs (starting Academic Year 2024-2025).", "Type of Activity": "TBD", "Mother Project?": "Yes", "Mother Project Name": "LAF", "Geographic Level": "National", "Coordinates (Lat)": "#N/A", "Coordinates (Long)": "#N/A", "Governorate": "National", "District": " ", "Cadaster": " ", "Municipality Name": "0", "Union of Municipalities (UoM)": "#N/A", "UNDP Focal Point": " ", "National Counterpart\n(Institutional Title)": " ", "Counterpart Type": " ", "CPD Output No.": " ", "Strategic Plan 2026-2029\nActivity / Output No.": " ", "Gender Marker": " ", "Remarks / Notes": "Donor: France/Norway\r" }, "geometry": null },
{ "type": "Feature", "properties": { "REF": 583, "Project ID (Quantum)": "1003657", "Project Name": "LAF Ecosystem", "Programme": "Reform & Governance", "Start Date": " ", "End Date": null, "Project Status": "Ongoing", "Output / Activity No.\n(per ProDoc results framework)": " ", "Full Activity Name": "Output 4: Strengthened Civil-Military Cooperation (CIMIC) capacities to support stabilization, recovery, and renewed trust in State institutions Activity 4.1: Support urgent removal of rubble and unexploded ordnance.", "Activity Description": "Input 4.1.1: Provision of EOD equipment sufficient for 5 LAF Engineering Regiment vans specialized for the removal of rubble and unexploded ordnance.", "Type of Activity": "TBD", "Mother Project?": "Yes", "Mother Project Name": "LAF", "Geographic Level": "Governorate", "Coordinates (Lat)": "#N/A", "Coordinates (Long)": "#N/A", "Governorate": "South", "District": " ", "Cadaster": " ", "Municipality Name": "0", "Union of Municipalities (UoM)": "#N/A", "UNDP Focal Point": " ", "National Counterpart\n(Institutional Title)": " ", "Counterpart Type": " ", "CPD Output No.": " ", "Strategic Plan 2026-2029\nActivity / Output No.": " ", "Gender Marker": " ", "Remarks / Notes": "Donor: EU\r" }, "geometry": null },
{ "type": "Feature", "properties": { "REF": 584, "Project ID (Quantum)": "1003657", "Project Name": "LAF Ecosystem", "Programme": "Reform & Governance", "Start Date": " ", "End Date": " ", "Project Status": "Ongoing", "Output / Activity No.\n(per ProDoc results framework)": " ", "Full Activity Name": "Output 4: Strengthened Civil-Military Cooperation (CIMIC) capacities to support stabilization, recovery, and renewed trust in State institutions Activity 4.2: Support LAF high impact stabilization interventions.", "Activity Description": "Input 4.2.1: Provision of raw material for the rehabilitation of damaged infrastructure and to support immediate stabilization, enhance trust, and pave the way for recovery.", "Type of Activity": "TBD", "Mother Project?": "Yes", "Mother Project Name": "LAF", "Geographic Level": "Governorate", "Coordinates (Lat)": "#N/A", "Coordinates (Long)": "#N/A", "Governorate": "South", "District": " ", "Cadaster": " ", "Municipality Name": "0", "Union of Municipalities (UoM)": "#N/A", "UNDP Focal Point": " ", "National Counterpart\n(Institutional Title)": " ", "Counterpart Type": " ", "CPD Output No.": " ", "Strategic Plan 2026-2029\nActivity / Output No.": " ", "Gender Marker": " ", "Remarks / Notes": "Donor: EU\r" }, "geometry": null },
{ "type": "Feature", "properties": { "REF": 585, "Project ID (Quantum)": "1003657", "Project Name": "LAF Ecosystem", "Programme": "Reform & Governance", "Start Date": " ", "End Date": null, "Project Status": "Ongoing", "Output / Activity No.\n(per ProDoc results framework)": " ", "Full Activity Name": "Output 4: Strengthened Civil-Military Cooperation (CIMIC) capacities to support stabilization, recovery, and renewed trust in State institutions Activity 4.3: Enhance LAF civil and military cooperation (CIMIC)", "Activity Description": "Input 4.3.1: Completion of civilian infrastructure rehabilitation services through Civil-Military Cooperation to restore livelihoods and socio-economic development in South Lebanon", "Type of Activity": "TBD", "Mother Project?": "Yes", "Mother Project Name": "LAF", "Geographic Level": "Governorate", "Coordinates (Lat)": "#N/A", "Coordinates (Long)": "#N/A", "Governorate": "South", "District": " ", "Cadaster": " ", "Municipality Name": "0", "Union of Municipalities (UoM)": "#N/A", "UNDP Focal Point": " ", "National Counterpart\n(Institutional Title)": " ", "Counterpart Type": " ", "CPD Output No.": " ", "Strategic Plan 2026-2029\nActivity / Output No.": " ", "Gender Marker": " ", "Remarks / Notes": "Donor: EU\r" }, "geometry": null },
{ "type": "Feature", "properties": { "REF": 586, "Project ID (Quantum)": "1003657", "Project Name": "LAF Ecosystem", "Programme": "Reform & Governance", "Start Date": " ", "End Date": " ", "Project Status": "Ongoing", "Output / Activity No.\n(per ProDoc results framework)": " ", "Full Activity Name": "Output 4: Strengthened Civil-Military Cooperation (CIMIC) capacities to support stabilization, recovery, and renewed trust in State institutions Activity 4.4: Enhance LAF operational readiness and deployment in southern Lebanon.", "Activity Description": "Inpout 4.4.1: Provision of prefabs and medical equipment to LAF to enhance operational readiness.", "Type of Activity": "TBD", "Mother Project?": "Yes", "Mother Project Name": "LAF", "Geographic Level": "Governorate", "Coordinates (Lat)": "#N/A", "Coordinates (Long)": "#N/A", "Governorate": "South", "District": " ", "Cadaster": " ", "Municipality Name": "0", "Union of Municipalities (UoM)": "#N/A", "UNDP Focal Point": " ", "National Counterpart\n(Institutional Title)": " ", "Counterpart Type": " ", "CPD Output No.": " ", "Strategic Plan 2026-2029\nActivity / Output No.": " ", "Gender Marker": " ", "Remarks / Notes": "Donor: EU\r" }, "geometry": null },
{ "type": "Feature", "properties": { "REF": 587, "Project ID (Quantum)": "1003657", "Project Name": "LAF Ecosystem", "Programme": "Reform & Governance", "Start Date": " ", "End Date": null, "Project Status": "Ongoing", "Output / Activity No.\n(per ProDoc results framework)": " ", "Full Activity Name": "Output 4: Strengthened Civil-Military Cooperation (CIMIC) capacities to support stabilization, recovery, and renewed trust in State institutions Activity 4.2: Support LAF high impact stabilization interventions.", "Activity Description": "Input 4.2.1: Provision of raw material for the rehabilitation of damaged infrastructure and to support immediate stabilization, enhance trust, and pave the way for recovery.", "Type of Activity": "TBD", "Mother Project?": "Yes", "Mother Project Name": "LAF", "Geographic Level": "Governorate", "Coordinates (Lat)": "#N/A", "Coordinates (Long)": "#N/A", "Governorate": "South", "District": " ", "Cadaster": " ", "Municipality Name": "0", "Union of Municipalities (UoM)": "#N/A", "UNDP Focal Point": " ", "National Counterpart\n(Institutional Title)": " ", "Counterpart Type": " ", "CPD Output No.": " ", "Strategic Plan 2026-2029\nActivity / Output No.": " ", "Gender Marker": " ", "Remarks / Notes": "Donor: Denmark\r" }, "geometry": null },
{ "type": "Feature", "properties": { "REF": 588, "Project ID (Quantum)": "1003657", "Project Name": "LAF Ecosystem", "Programme": "Reform & Governance", "Start Date": " ", "End Date": " ", "Project Status": "Ongoing", "Output / Activity No.\n(per ProDoc results framework)": " ", "Full Activity Name": "Output 4: Strengthened Civil-Military Cooperation (CIMIC) capacities to support stabilization, recovery, and renewed trust in State institutions Activity 4.3: Enhance LAF civil and military cooperation (CIMIC)", "Activity Description": "Input 4.3.1: Completion of civilian infrastructure rehabilitation services through Civil-Military Cooperation to restore livelihoods and socio-economic development in South Lebanon", "Type of Activity": "TBD", "Mother Project?": "Yes", "Mother Project Name": "LAF", "Geographic Level": "Governorate", "Coordinates (Lat)": "#N/A", "Coordinates (Long)": "#N/A", "Governorate": "South", "District": " ", "Cadaster": " ", "Municipality Name": "0", "Union of Municipalities (UoM)": "#N/A", "UNDP Focal Point": " ", "National Counterpart\n(Institutional Title)": " ", "Counterpart Type": " ", "CPD Output No.": " ", "Strategic Plan 2026-2029\nActivity / Output No.": " ", "Gender Marker": " ", "Remarks / Notes": "Donor: Denmark\r" }, "geometry": null },
{ "type": "Feature", "properties": { "REF": 589, "Project ID (Quantum)": " ", "Project Name": "Security and Justice", "Programme": "Reform & Governance", "Start Date": "01/07/2025", "End Date": "01/06/2026", "Project Status": "Ongoing", "Output / Activity No.\n(per ProDoc results framework)": " ", "Full Activity Name": "Supporting ISF through 1-Rehabilitation of ISF Station, Bent Jbeil, Refresher sessions,", "Activity Description": "Rehabilitation of ISF Station, Bentjbeil and complimentary security services", "Type of Activity": "Security infrastructure", "Mother Project?": "Yes", "Mother Project Name": "Security and Justice", "Geographic Level": "Cadastre (CAD+ACS)", "Coordinates (Lat)": "33.119034", "Coordinates (Long)": "35.430033", "Governorate": "ElNabatieh", "District": "BentJbeil", "Cadaster": "Bent Jbayl", "Municipality Name": "Bent Jubail", "Union of Municipalities (UoM)": "UOM Bent Jbeil", "UNDP Focal Point": " ", "National Counterpart\n(Institutional Title)": "Municipality of BentJbeil", "Counterpart Type": "Municipality", "CPD Output No.": " ", "Strategic Plan 2026-2029\nActivity / Output No.": " ", "Gender Marker": " ", "Remarks / Notes": "Donor: Canada | Implementation: 2025/2026 | Quantum project mapping to be confirmed\r" }, "geometry": { "type": "Point", "coordinates": [ 35.430033, 33.119034 ] } },
{ "type": "Feature", "properties": { "REF": 590, "Project ID (Quantum)": " ", "Project Name": "Security and Justice", "Programme": "Reform & Governance", "Start Date": "01/09/2025", "End Date": "01/11/2025", "Project Status": "Ongoing", "Output / Activity No.\n(per ProDoc results framework)": " ", "Full Activity Name": "Uniform:Civilian uniforms for the municipal police will be distributed in October. Soft Equipment Distribution Update:", "Activity Description": "Distrebution of Municipal police Civilian uniforms and Boots", "Type of Activity": "Security infrastructure", "Mother Project?": "Yes", "Mother Project Name": "Security and Justice", "Geographic Level": "Cadastre (CAD+ACS)", "Coordinates (Lat)": "33.119034", "Coordinates (Long)": "35.430033", "Governorate": "ElNabatieh", "District": "BentJbeil", "Cadaster": "Bent Jbayl", "Municipality Name": "Bent Jubail", "Union of Municipalities (UoM)": "UOM Bent Jbeil", "UNDP Focal Point": " ", "National Counterpart\n(Institutional Title)": "Municipality of BentJbeil", "Counterpart Type": "Municipality", "CPD Output No.": " ", "Strategic Plan 2026-2029\nActivity / Output No.": " ", "Gender Marker": " ", "Remarks / Notes": "Donor: Denmark | Implementation: 2024/2025 | Quantum project mapping to be confirmed\r" }, "geometry": { "type": "Point", "coordinates": [ 35.430033, 33.119034 ] } },
{ "type": "Feature", "properties": { "REF": 591, "Project ID (Quantum)": " ", "Project Name": "Security and Justice", "Programme": "Reform & Governance", "Start Date": "01/09/2025", "End Date": "01/11/2025", "Project Status": "Ongoing", "Output / Activity No.\n(per ProDoc results framework)": " ", "Full Activity Name": "Soft Equipment Distribution Update: Completed: Initial distribution to the Union of Al Qalaa Municipalities. Upcoming: A second package is planned for the Union of Bentjbeil Municipalities (October)", "Activity Description": "d: Initial distribution to the Union of Al Qalaa Municipalities.\nUpcoming: A second package is planned for the Union of Bentjbeil Municipalities (October)", "Type of Activity": "Security infrastructure", "Mother Project?": "Yes", "Mother Project Name": "Security and Justice", "Geographic Level": "Cadastre (CAD+ACS)", "Coordinates (Lat)": "33.119034", "Coordinates (Long)": "35.430033", "Governorate": "ElNabatieh", "District": "BentJbeil", "Cadaster": "Bent Jbayl", "Municipality Name": "Bent Jubail", "Union of Municipalities (UoM)": "UOM Bent Jbeil", "UNDP Focal Point": " ", "National Counterpart\n(Institutional Title)": "Municipality of BentJbeil", "Counterpart Type": "Municipality", "CPD Output No.": " ", "Strategic Plan 2026-2029\nActivity / Output No.": " ", "Gender Marker": " ", "Remarks / Notes": "Donor: Denmark | Implementation: 2024/2025 | Quantum project mapping to be confirmed\r" }, "geometry": { "type": "Point", "coordinates": [ 35.430033, 33.119034 ] } },
{ "type": "Feature", "properties": { "REF": 592, "Project ID (Quantum)": " ", "Project Name": "Security and Justice", "Programme": "Reform & Governance", "Start Date": "01/10/2025", "End Date": "01/11/2025", "Project Status": "Ongoing", "Output / Activity No.\n(per ProDoc results framework)": " ", "Full Activity Name": "SOP:Facilitate the creation of Standard Operating Procedures for the Bentjbeil District Municipal Police.", "Activity Description": "Facilitate the creation of Standard Operating Procedures for the Bentjbeil District Municipal Police.", "Type of Activity": "Security infrastructure", "Mother Project?": "Yes", "Mother Project Name": "Security and Justice", "Geographic Level": "Cadastre (CAD+ACS)", "Coordinates (Lat)": "33.119034", "Coordinates (Long)": "35.430033", "Governorate": "ElNabatieh", "District": "BentJbeil", "Cadaster": "Bent Jbayl", "Municipality Name": "Bent Jubail", "Union of Municipalities (UoM)": "UOM Bent Jbeil", "UNDP Focal Point": " ", "National Counterpart\n(Institutional Title)": "Municipality of BentJbeil", "Counterpart Type": "Municipality", "CPD Output No.": " ", "Strategic Plan 2026-2029\nActivity / Output No.": " ", "Gender Marker": " ", "Remarks / Notes": "Donor: Denmark | Implementation: 2024/2025 | Quantum project mapping to be confirmed\r" }, "geometry": { "type": "Point", "coordinates": [ 35.430033, 33.119034 ] } },
{ "type": "Feature", "properties": { "REF": 593, "Project ID (Quantum)": " ", "Project Name": "Security and Justice", "Programme": "Reform & Governance", "Start Date": "01/09/2025", "End Date": "01/11/2025", "Project Status": "Ongoing", "Output / Activity No.\n(per ProDoc results framework)": " ", "Full Activity Name": "C4D activities to increase synergy between local communities and security providers (MP, ISF, LAF).A street light installation project has been identified for execution in the fourth quarter.\"", "Activity Description": "activities to increase synergy between local communities and security providers (MP, ISF, LAF).A street light installation project has been  identified for execution in the fourth quarter.\"", "Type of Activity": "Security infrastructure", "Mother Project?": "Yes", "Mother Project Name": "Security and Justice", "Geographic Level": "Cadastre (CAD+ACS)", "Coordinates (Lat)": "33.119034", "Coordinates (Long)": "35.430033", "Governorate": "ElNabatieh", "District": "BentJbeil", "Cadaster": "Bent Jbayl", "Municipality Name": "Bent Jubail", "Union of Municipalities (UoM)": "UOM Bent Jbeil", "UNDP Focal Point": " ", "National Counterpart\n(Institutional Title)": "Municipality of BentJbeil", "Counterpart Type": "Municipality", "CPD Output No.": " ", "Strategic Plan 2026-2029\nActivity / Output No.": " ", "Gender Marker": " ", "Remarks / Notes": "Donor: Denmark | Implementation: 2024/2025 | Quantum project mapping to be confirmed\r" }, "geometry": { "type": "Point", "coordinates": [ 35.430033, 33.119034 ] } },
{ "type": "Feature", "properties": { "REF": 594, "Project ID (Quantum)": " ", "Project Name": "Security and Justice", "Programme": "Reform & Governance", "Start Date": "01/06/2025", "End Date": "01/11/2025", "Project Status": "Completed", "Output / Activity No.\n(per ProDoc results framework)": " ", "Full Activity Name": "Mobility: Provision of 4 motorcycles and One Double Cabin", "Activity Description": "Provision of 4 motorcycles and One Double Cabin", "Type of Activity": "Security infrastructure", "Mother Project?": "Yes", "Mother Project Name": "Security and Justice", "Geographic Level": "Cadastre (CAD+ACS)", "Coordinates (Lat)": "33.119034", "Coordinates (Long)": "35.430033", "Governorate": "ElNabatieh", "District": "BentJbeil", "Cadaster": "Bent Jbayl", "Municipality Name": "Bent Jubail", "Union of Municipalities (UoM)": "UOM Bent Jbeil", "UNDP Focal Point": " ", "National Counterpart\n(Institutional Title)": "Municipality of BentJbeil", "Counterpart Type": "Municipality", "CPD Output No.": " ", "Strategic Plan 2026-2029\nActivity / Output No.": " ", "Gender Marker": " ", "Remarks / Notes": "Donor: Denmark | Implementation: 2024/2025 | Quantum project mapping to be confirmed\r" }, "geometry": { "type": "Point", "coordinates": [ 35.430033, 33.119034 ] } },
{ "type": "Feature", "properties": { "REF": 595, "Project ID (Quantum)": " ", "Project Name": "Security and Justice", "Programme": "Reform & Governance", "Start Date": " ", "End Date": null, "Project Status": "Ongoing", "Output / Activity No.\n(per ProDoc results framework)": " ", "Full Activity Name": "Legal Help desk project ( legal representation, mediation, legal support,legal wareness sessions including Gender based violence (GBV) Domestic violence, civil documentation, lands and property issues)", "Activity Description": " ", "Type of Activity": "TBD", "Mother Project?": "Yes", "Mother Project Name": "Security and Justice", "Geographic Level": "Cadastre (CAD+ACS)", "Coordinates (Lat)": "33.576936", "Coordinates (Long)": "35.384905", "Governorate": "South", "District": "Saida", "Cadaster": "Saida El-Oustani", "Municipality Name": "Saida", "Union of Municipalities (UoM)": "UOM Saida El Zahrani", "UNDP Focal Point": " ", "National Counterpart\n(Institutional Title)": "Municipality of Saida", "Counterpart Type": "Municipality", "CPD Output No.": " ", "Strategic Plan 2026-2029\nActivity / Output No.": " ", "Gender Marker": " ", "Remarks / Notes": "Implementation: 2024/2025 | Quantum project mapping to be confirmed\r" }, "geometry": { "type": "Point", "coordinates": [ 35.384905, 33.576936 ] } },
{ "type": "Feature", "properties": { "REF": 596, "Project ID (Quantum)": " ", "Project Name": "WEE project", "Programme": "Reform & Governance", "Start Date": " ", "End Date": " ", "Project Status": " ", "Output / Activity No.\n(per ProDoc results framework)": " ", "Full Activity Name": "Low Value Grant to MSMEs", "Activity Description": "Low Value Grant to MSMEs", "Type of Activity": "TBD", "Mother Project?": "Yes", "Mother Project Name": "WEE", "Geographic Level": " ", "Coordinates (Lat)": "#N/A", "Coordinates (Long)": "#N/A", "Governorate": " ", "District": " ", "Cadaster": " ", "Municipality Name": "0", "Union of Municipalities (UoM)": "#N/A", "UNDP Focal Point": " ", "National Counterpart\n(Institutional Title)": " ", "Counterpart Type": " ", "CPD Output No.": " ", "Strategic Plan 2026-2029\nActivity / Output No.": " ", "Gender Marker": " ", "Remarks / Notes": "Donor: Canada | Quantum project mapping to be confirmed | Location as reported: Nabatiyeh, South Lebanon / Hasbaya, Jezzine, Tyre, Saida (multi-area – single governorate not applicable)" }, "geometry": null },
{ "type": "Feature", "properties": { "REF": 597, "Project ID (Quantum)": " ", "Project Name": "WEE project", "Programme": "Reform & Governance", "Start Date": " ", "End Date": null, "Project Status": " ", "Output / Activity No.\n(per ProDoc results framework)": " ", "Full Activity Name": "Help Desk to be launched in 2026", "Activity Description": "Help Desk to be launched in 2026", "Type of Activity": "TBD", "Mother Project?": "Yes", "Mother Project Name": "WEE", "Geographic Level": "Governorate", "Coordinates (Lat)": "#N/A", "Coordinates (Long)": "#N/A", "Governorate": "South", "District": " ", "Cadaster": " ", "Municipality Name": "0", "Union of Municipalities (UoM)": "#N/A", "UNDP Focal Point": " ", "National Counterpart\n(Institutional Title)": " ", "Counterpart Type": " ", "CPD Output No.": " ", "Strategic Plan 2026-2029\nActivity / Output No.": " ", "Gender Marker": " ", "Remarks / Notes": "Donor: Canada | Quantum project mapping to be confirmed | District as reported: Chamber of Commerce in Saida\r" }, "geometry": null },
{ "type": "Feature", "properties": { "REF": 598, "Project ID (Quantum)": " ", "Project Name": "TBD", "Programme": " ", "Start Date": "24/01/2025", "End Date": "26/03/2027", "Project Status": " ", "Output / Activity No.\n(per ProDoc results framework)": " ", "Full Activity Name": " ", "Activity Description": " ", "Type of Activity": "TBD", "Mother Project?": "No", "Mother Project Name": " ", "Geographic Level": " ", "Coordinates (Lat)": "#N/A", "Coordinates (Long)": "#N/A", "Governorate": " ", "District": " ", "Cadaster": " ", "Municipality Name": "0", "Union of Municipalities (UoM)": "#N/A", "UNDP Focal Point": " ", "National Counterpart\n(Institutional Title)": " ", "Counterpart Type": " ", "CPD Output No.": " ", "Strategic Plan 2026-2029\nActivity / Output No.": " ", "Gender Marker": " ", "Remarks / Notes": "Donor: France | Project name not specified in master list\r" }, "geometry": null },
{ "type": "Feature", "properties": { "REF": 599, "Project ID (Quantum)": " ", "Project Name": "TBD", "Programme": " ", "Start Date": "20/12/2024", "End Date": "31/12/2025", "Project Status": " ", "Output / Activity No.\n(per ProDoc results framework)": " ", "Full Activity Name": " ", "Activity Description": " ", "Type of Activity": "TBD", "Mother Project?": "No", "Mother Project Name": " ", "Geographic Level": " ", "Coordinates (Lat)": "#N/A", "Coordinates (Long)": "#N/A", "Governorate": " ", "District": " ", "Cadaster": " ", "Municipality Name": "0", "Union of Municipalities (UoM)": "#N/A", "UNDP Focal Point": " ", "National Counterpart\n(Institutional Title)": " ", "Counterpart Type": " ", "CPD Output No.": " ", "Strategic Plan 2026-2029\nActivity / Output No.": " ", "Gender Marker": " ", "Remarks / Notes": "Donor: Norway | Project name not specified in master list\r" }, "geometry": null },
{ "type": "Feature", "properties": { "REF": 600, "Project ID (Quantum)": " ", "Project Name": "TBD", "Programme": " ", "Start Date": "26/09/2025", "End Date": "26/03/2027", "Project Status": " ", "Output / Activity No.\n(per ProDoc results framework)": " ", "Full Activity Name": " ", "Activity Description": " ", "Type of Activity": "TBD", "Mother Project?": "No", "Mother Project Name": " ", "Geographic Level": " ", "Coordinates (Lat)": "#N/A", "Coordinates (Long)": "#N/A", "Governorate": " ", "District": " ", "Cadaster": " ", "Municipality Name": "0", "Union of Municipalities (UoM)": "#N/A", "UNDP Focal Point": " ", "National Counterpart\n(Institutional Title)": " ", "Counterpart Type": " ", "CPD Output No.": " ", "Strategic Plan 2026-2029\nActivity / Output No.": " ", "Gender Marker": " ", "Remarks / Notes": "Donor: Denmark | Project name not specified in master list\r" }, "geometry": null },
{ "type": "Feature", "properties": { "REF": 601, "Project ID (Quantum)": " ", "Project Name": "TBD", "Programme": " ", "Start Date": "20/05/2025", "End Date": "26/03/2027", "Project Status": " ", "Output / Activity No.\n(per ProDoc results framework)": " ", "Full Activity Name": " ", "Activity Description": " ", "Type of Activity": "TBD", "Mother Project?": "No", "Mother Project Name": " ", "Geographic Level": " ", "Coordinates (Lat)": "#N/A", "Coordinates (Long)": "#N/A", "Governorate": " ", "District": " ", "Cadaster": " ", "Municipality Name": "0", "Union of Municipalities (UoM)": "#N/A", "UNDP Focal Point": " ", "National Counterpart\n(Institutional Title)": " ", "Counterpart Type": " ", "CPD Output No.": " ", "Strategic Plan 2026-2029\nActivity / Output No.": " ", "Gender Marker": " ", "Remarks / Notes": "Donor: Spain | Project name not specified in master list\r" }, "geometry": null },
{ "type": "Feature", "properties": { "REF": 602, "Project ID (Quantum)": null, "Project Name": null, "Programme": null, "Start Date": null, "End Date": null, "Project Status": null, "Output / Activity No.\n(per ProDoc results framework)": null, "Full Activity Name": null, "Activity Description": null, "Type of Activity": null, "Mother Project?": null, "Mother Project Name": null, "Geographic Level": null, "Coordinates (Lat)": null, "Coordinates (Long)": null, "Governorate": null, "District": null, "Cadaster": null, "Municipality Name": null, "Union of Municipalities (UoM)": null, "UNDP Focal Point": null, "National Counterpart\n(Institutional Title)": null, "Counterpart Type": null, "CPD Output No.": null, "Strategic Plan 2026-2029\nActivity / Output No.": null, "Gender Marker": null, "Remarks / Notes": null }, "geometry": null },
{ "type": "Feature", "properties": { "REF": 603, "Project ID (Quantum)": null, "Project Name": null, "Programme": null, "Start Date": null, "End Date": null, "Project Status": null, "Output / Activity No.\n(per ProDoc results framework)": null, "Full Activity Name": null, "Activity Description": null, "Type of Activity": null, "Mother Project?": null, "Mother Project Name": null, "Geographic Level": null, "Coordinates (Lat)": null, "Coordinates (Long)": null, "Governorate": null, "District": null, "Cadaster": null, "Municipality Name": null, "Union of Municipalities (UoM)": null, "UNDP Focal Point": null, "National Counterpart\n(Institutional Title)": null, "Counterpart Type": null, "CPD Output No.": null, "Strategic Plan 2026-2029\nActivity / Output No.": null, "Gender Marker": null, "Remarks / Notes": null }, "geometry": null }
]
}
