{
"type": "FeatureCollection",
"name": "Lebanon_IDP_All_Cadasters - 24 August 2026",
"crs": { "type": "name", "properties": { "name": "urn:ogc:def:crs:OGC:1.3:CRS84" } },
"features": [
{"type":"Feature","properties":{"Governorate":"Akkar","District":"Akkar","Cadaster Zone":"Kroum El-Aarab","Cadaster Name":"Kroum Arabe","ACS Code":35119,"Longitude":36.09070577,"Latitude":34.55571225,"IDPs Outside Shelters":156,"Families Outside Shelters":42},"geometry":{"type":"Point","coordinates":[36.09070577,34.55571225]}},
{"type":"Feature","properties":{"Governorate":"Akkar","District":"Akkar","Cadaster Zone":"Mhammaret","Cadaster Name":"Al-Mehamra","ACS Code":35277,"Longitude":35.96993711,"Latitude":34.50734095,"IDPs Outside Shelters":148,"Families Outside Shelters":37},"geometry":{"type":"Point","coordinates":[35.96993711,34.50734095]}},
{"type":"Feature","properties":{"Governorate":"Akkar","District":"Akkar","Cadaster Zone":"Aakkar El-Aatiqa","Cadaster Name":"Akkar El-Atika","ACS Code":35191,"Longitude":36.24085292,"Latitude":34.52776719,"IDPs Outside Shelters":120,"Families Outside Shelters":36},"geometry":{"type":"Point","coordinates":[36.24085292,34.52776719]}},
{"type":"Feature","properties":{"Governorate":"Akkar","District":"Akkar","Cadaster Zone":"Mar Touma","Cadaster Name":"Mar Touma","ACS Code":35167,"Longitude":36.02134774,"Latitude":34.51387286,"IDPs Outside Shelters":110,"Families Outside Shelters":30},"geometry":{"type":"Point","coordinates":[36.02134774,34.51387286]}},
{"type":"Feature","properties":{"Governorate":"Akkar","District":"Akkar","Cadaster Zone":"Chane","Cadaster Name":"Chane","ACS Code":35320,"Longitude":36.11126718,"Latitude":34.48517432,"IDPs Outside Shelters":93,"Families Outside Shelters":24},"geometry":{"type":"Point","coordinates":[36.11126718,34.48517432]}},
{"type":"Feature","properties":{"Governorate":"Akkar","District":"Akkar","Cadaster Zone":"Hrar","Cadaster Name":"Harare","ACS Code":35328,"Longitude":36.12621573,"Latitude":34.4582237,"IDPs Outside Shelters":89,"Families Outside Shelters":28},"geometry":{"type":"Point","coordinates":[36.12621573,34.4582237]}},
{"type":"Feature","properties":{"Governorate":"Akkar","District":"Akkar","Cadaster Zone":"Fnaydeq","Cadaster Name":"Fneidek","ACS Code":35353,"Longitude":36.21554556,"Latitude":34.4640448,"IDPs Outside Shelters":57,"Families Outside Shelters":13},"geometry":{"type":"Point","coordinates":[36.21554556,34.4640448]}},
{"type":"Feature","properties":{"Governorate":"Akkar","District":"Akkar","Cadaster Zone":"Biret Aakkar","Cadaster Name":"El-Biré","ACS Code":35416,"Longitude":36.23735696,"Latitude":34.5911974,"IDPs Outside Shelters":55,"Families Outside Shelters":16},"geometry":{"type":"Point","coordinates":[36.23735696,34.5911974]}},
{"type":"Feature","properties":{"Governorate":"Akkar","District":"Akkar","Cadaster Zone":"Mazareaa Jabal Akroum","Cadaster Name":"Akroum","ACS Code":35516,"Longitude":36.34411097,"Latitude":34.55655752,"IDPs Outside Shelters":54,"Families Outside Shelters":14},"geometry":{"type":"Point","coordinates":[36.34411097,34.55655752]}},
{"type":"Feature","properties":{"Governorate":"Akkar","District":"Akkar","Cadaster Zone":"Rahbe","Cadaster Name":"Rahbé","ACS Code":35357,"Longitude":36.13875623,"Latitude":34.50332275,"IDPs Outside Shelters":52,"Families Outside Shelters":15},"geometry":{"type":"Point","coordinates":[36.13875623,34.50332275]}},
{"type":"Feature","properties":{"Governorate":"Akkar","District":"Akkar","Cadaster Zone":"berqayel","Cadaster Name":"Berkayel","ACS Code":35314,"Longitude":36.02742835,"Latitude":34.48660987,"IDPs Outside Shelters":49,"Families Outside Shelters":16},"geometry":{"type":"Point","coordinates":[36.02742835,34.48660987]}},
{"type":"Feature","properties":{"Governorate":"Akkar","District":"Akkar","Cadaster Zone":"Beino","Cadaster Name":"Beino","ACS Code":35175,"Longitude":36.17720292,"Latitude":34.54836108,"IDPs Outside Shelters":46,"Families Outside Shelters":14},"geometry":{"type":"Point","coordinates":[36.17720292,34.54836108]}},
{"type":"Feature","properties":{"Governorate":"Akkar","District":"Akkar","Cadaster Zone":"Beit Younes","Cadaster Name":"Beit Younes","ACS Code":35321,"Longitude":36.1461559,"Latitude":34.4744048,"IDPs Outside Shelters":46,"Families Outside Shelters":12},"geometry":{"type":"Point","coordinates":[36.1461559,34.4744048]}},
{"type":"Feature","properties":{"Governorate":"Akkar","District":"Akkar","Cadaster Zone":"Qabaait","Cadaster Name":"Qabbait","ACS Code":35325,"Longitude":36.07802892,"Latitude":34.45292702,"IDPs Outside Shelters":46,"Families Outside Shelters":12},"geometry":{"type":"Point","coordinates":[36.07802892,34.45292702]}},
{"type":"Feature","properties":{"Governorate":"Akkar","District":"Akkar","Cadaster Zone":"Qarha Aakkar","Cadaster Name":"Qarha","ACS Code":35518,"Longitude":36.44924538,"Latitude":34.62424008,"IDPs Outside Shelters":45,"Families Outside Shelters":13},"geometry":{"type":"Point","coordinates":[36.44924538,34.62424008]}},
{"type":"Feature","properties":{"Governorate":"Akkar","District":"Akkar","Cadaster Zone":"Tleil","Cadaster Name":"El-Tleil","ACS Code":35459,"Longitude":36.14040408,"Latitude":34.59650795,"IDPs Outside Shelters":45,"Families Outside Shelters":13},"geometry":{"type":"Point","coordinates":[36.14040408,34.59650795]}},
{"type":"Feature","properties":{"Governorate":"Akkar","District":"Akkar","Cadaster Zone":"Noura Et-Tahta","Cadaster Name":"Noura El-Faouka et Tahta","ACS Code":35445,"Longitude":36.18569824,"Latitude":34.62421739,"IDPs Outside Shelters":44,"Families Outside Shelters":13},"geometry":{"type":"Point","coordinates":[36.18569824,34.62421739]}},
{"type":"Feature","properties":{"Governorate":"Akkar","District":"Akkar","Cadaster Zone":"Daouret Aakkar","Cadaster Name":"Daoura","ACS Code":35126,"Longitude":36.21903009,"Latitude":34.54658613,"IDPs Outside Shelters":42,"Families Outside Shelters":12},"geometry":{"type":"Point","coordinates":[36.21903009,34.54658613]}},
{"type":"Feature","properties":{"Governorate":"Akkar","District":"Akkar","Cadaster Zone":"Jdeidet El-Qaitaa","Cadaster Name":"Jedeidet-El-Kayteh","ACS Code":35344,"Longitude":36.00051387,"Latitude":34.46018877,"IDPs Outside Shelters":41,"Families Outside Shelters":15},"geometry":{"type":"Point","coordinates":[36.00051387,34.46018877]}},
{"type":"Feature","properties":{"Governorate":"Akkar","District":"Akkar","Cadaster Zone":"Khreibet Aakkar","Cadaster Name":"Khreibet Aakkar","ACS Code":35330,"Longitude":36.12861665,"Latitude":34.47731159,"IDPs Outside Shelters":38,"Families Outside Shelters":11},"geometry":{"type":"Point","coordinates":[36.12861665,34.47731159]}},
{"type":"Feature","properties":{"Governorate":"Akkar","District":"Akkar","Cadaster Zone":"Machta Hammoud","Cadaster Name":"Machta Hammoud","ACS Code":35437,"Longitude":36.32801859,"Latitude":34.63674873,"IDPs Outside Shelters":36,"Families Outside Shelters":8},"geometry":{"type":"Point","coordinates":[36.32801859,34.63674873]}},
{"type":"Feature","properties":{"Governorate":"Akkar","District":"Akkar","Cadaster Zone":"Minyara","Cadaster Name":"Minyara","ACS Code":35129,"Longitude":36.06053889,"Latitude":34.53601215,"IDPs Outside Shelters":35,"Families Outside Shelters":10},"geometry":{"type":"Point","coordinates":[36.06053889,34.53601215]}},
{"type":"Feature","properties":{"Governorate":"Akkar","District":"Akkar","Cadaster Zone":"Zouq El Hosniye","Cadaster Name":"Zouk-El-Hosmieh et Dahr Ayasse","ACS Code":35151,"Longitude":36.04125665,"Latitude":34.52202383,"IDPs Outside Shelters":31,"Families Outside Shelters":10},"geometry":{"type":"Point","coordinates":[36.04125665,34.52202383]}},
{"type":"Feature","properties":{"Governorate":"Akkar","District":"Akkar","Cadaster Zone":"Koueikhat","Cadaster Name":"Koueikhat","ACS Code":35215,"Longitude":36.08915791,"Latitude":34.58336777,"IDPs Outside Shelters":25,"Families Outside Shelters":9},"geometry":{"type":"Point","coordinates":[36.08915791,34.58336777]}},
{"type":"Feature","properties":{"Governorate":"Akkar","District":"Akkar","Cadaster Zone":"Zouarib","Cadaster Name":"Al-Zoureiribe","ACS Code":35127,"Longitude":36.07062599,"Latitude":34.53336939,"IDPs Outside Shelters":25,"Families Outside Shelters":8},"geometry":{"type":"Point","coordinates":[36.07062599,34.53336939]}},
{"type":"Feature","properties":{"Governorate":"Akkar","District":"Akkar","Cadaster Zone":"Tikrit","Cadaster Name":"Tikrite","ACS Code":35171,"Longitude":36.15961226,"Latitude":34.51679753,"IDPs Outside Shelters":24,"Families Outside Shelters":7},"geometry":{"type":"Point","coordinates":[36.15961226,34.51679753]}},
{"type":"Feature","properties":{"Governorate":"Akkar","District":"Akkar","Cadaster Zone":"Bezbina","Cadaster Name":"Bazbina","ACS Code":35189,"Longitude":36.19153584,"Latitude":34.51336439,"IDPs Outside Shelters":23,"Families Outside Shelters":6},"geometry":{"type":"Point","coordinates":[36.19153584,34.51336439]}},
{"type":"Feature","properties":{"Governorate":"Akkar","District":"Akkar","Cadaster Zone":"Aayoun Aakkar","Cadaster Name":"ElAyoune","ACS Code":35177,"Longitude":36.17291972,"Latitude":34.53001621,"IDPs Outside Shelters":22,"Families Outside Shelters":7},"geometry":{"type":"Point","coordinates":[36.17291972,34.53001621]}},
{"type":"Feature","properties":{"Governorate":"Akkar","District":"Akkar","Cadaster Zone":"Charbila","Cadaster Name":"Charbila","ACS Code":35457,"Longitude":36.14712201,"Latitude":34.58216334,"IDPs Outside Shelters":20,"Families Outside Shelters":5},"geometry":{"type":"Point","coordinates":[36.14712201,34.58216334]}},
{"type":"Feature","properties":{"Governorate":"Akkar","District":"Akkar","Cadaster Zone":"Ilat","Cadaster Name":"Ilate","ACS Code":35145,"Longitude":36.10256737,"Latitude":34.52032383,"IDPs Outside Shelters":20,"Families Outside Shelters":6},"geometry":{"type":"Point","coordinates":[36.10256737,34.52032383]}},
{"type":"Feature","properties":{"Governorate":"Akkar","District":"Akkar","Cadaster Zone":"Balde WaMazraatBalde","Cadaster Name":"Mazraat Baldé","ACS Code":35158,"Longitude":36.14815364,"Latitude":34.55985345,"IDPs Outside Shelters":15,"Families Outside Shelters":5},"geometry":{"type":"Point","coordinates":[36.14815364,34.55985345]}},
{"type":"Feature","properties":{"Governorate":"Akkar","District":"Akkar","Cadaster Zone":"Aain Ez-Zeit","Cadaster Name":"Aïn El-Zeit","ACS Code":35427,"Longitude":36.19917221,"Latitude":34.59066272,"IDPs Outside Shelters":14,"Families Outside Shelters":5},"geometry":{"type":"Point","coordinates":[36.19917221,34.59066272]}},
{"type":"Feature","properties":{"Governorate":"Akkar","District":"Akkar","Cadaster Zone":"Haouchab","Cadaster Name":"El-Haouchab","ACS Code":35219,"Longitude":36.10166636,"Latitude":34.58727168,"IDPs Outside Shelters":14,"Families Outside Shelters":5},"geometry":{"type":"Point","coordinates":[36.10166636,34.58727168]}},
{"type":"Feature","properties":{"Governorate":"Akkar","District":"Akkar","Cadaster Zone":"Baghdadi","Cadaster Name":"Daoucé et Baghdadi","ACS Code":35439,"Longitude":36.18453383,"Latitude":34.60406773,"IDPs Outside Shelters":13,"Families Outside Shelters":4},"geometry":{"type":"Point","coordinates":[36.18453383,34.60406773]}},
{"type":"Feature","properties":{"Governorate":"Akkar","District":"Akkar","Cadaster Zone":"Qornet Aakkar","Cadaster Name":"El-Korné","ACS Code":35352,"Longitude":36.1661801,"Latitude":34.48276275,"IDPs Outside Shelters":13,"Families Outside Shelters":4},"geometry":{"type":"Point","coordinates":[36.1661801,34.48276275]}},
{"type":"Feature","properties":{"Governorate":"Akkar","District":"Akkar","Cadaster Zone":"Cheikh Taba","Cadaster Name":"Cheikh Taba Montagne","ACS Code":35123,"Longitude":36.07928458,"Latitude":34.53356259,"IDPs Outside Shelters":12,"Families Outside Shelters":4},"geometry":{"type":"Point","coordinates":[36.07928458,34.53356259]}},
{"type":"Feature","properties":{"Governorate":"Akkar","District":"Akkar","Cadaster Zone":"Aain Tinta","Cadaster Name":"Aïn Tanta","ACS Code":35435,"Longitude":36.18177936,"Latitude":34.58588296,"IDPs Outside Shelters":11,"Families Outside Shelters":3},"geometry":{"type":"Point","coordinates":[36.18177936,34.58588296]}},
{"type":"Feature","properties":{"Governorate":"Akkar","District":"Akkar","Cadaster Zone":"Michmich Aakkar","Cadaster Name":"Michmiche","ACS Code":35351,"Longitude":36.17648998,"Latitude":34.43993493,"IDPs Outside Shelters":11,"Families Outside Shelters":4},"geometry":{"type":"Point","coordinates":[36.17648998,34.43993493]}},
{"type":"Feature","properties":{"Governorate":"Akkar","District":"Akkar","Cadaster Zone":"Ouadi El-Haour","Cadaster Name":"Wadi el-Haour","ACS Code":35455,"Longitude":36.15172318,"Latitude":34.61018954,"IDPs Outside Shelters":11,"Families Outside Shelters":5},"geometry":{"type":"Point","coordinates":[36.15172318,34.61018954]}},
{"type":"Feature","properties":{"Governorate":"Akkar","District":"Akkar","Cadaster Zone":"Hmaire Aakkar","Cadaster Name":"Homeira","ACS Code":35331,"Longitude":36.04476008,"Latitude":34.49594942,"IDPs Outside Shelters":10,"Families Outside Shelters":4},"geometry":{"type":"Point","coordinates":[36.04476008,34.49594942]}},
{"type":"Feature","properties":{"Governorate":"Akkar","District":"Akkar","Cadaster Zone":"Qantarat Aakkar","Cadaster Name":"El-Kantara","ACS Code":35135,"Longitude":36.07835451,"Latitude":34.52269914,"IDPs Outside Shelters":10,"Families Outside Shelters":3},"geometry":{"type":"Point","coordinates":[36.07835451,34.52269914]}},
{"type":"Feature","properties":{"Governorate":"Akkar","District":"Akkar","Cadaster Zone":"Aamayer","Cadaster Name":"Ouadi Khaled","ACS Code":35512,"Longitude":36.37664875,"Latitude":34.61883749,"IDPs Outside Shelters":9,"Families Outside Shelters":3},"geometry":{"type":"Point","coordinates":[36.37664875,34.61883749]}},
{"type":"Feature","properties":{"Governorate":"Akkar","District":"Akkar","Cadaster Zone":"Halba","Cadaster Name":"Halba","ACS Code":35111,"Longitude":36.07519515,"Latitude":34.55436844,"IDPs Outside Shelters":9,"Families Outside Shelters":4},"geometry":{"type":"Point","coordinates":[36.07519515,34.55436844]}},
{"type":"Feature","properties":{"Governorate":"Akkar","District":"Akkar","Cadaster Zone":"Machha","Cadaster Name":"Machha","ACS Code":35137,"Longitude":36.10901013,"Latitude":34.5442768,"IDPs Outside Shelters":9,"Families Outside Shelters":4},"geometry":{"type":"Point","coordinates":[36.10901013,34.5442768]}},
{"type":"Feature","properties":{"Governorate":"Akkar","District":"Akkar","Cadaster Zone":"Beit Ayoub","Cadaster Name":"Beit Ayoub","ACS Code":35337,"Longitude":36.15875253,"Latitude":34.47233312,"IDPs Outside Shelters":8,"Families Outside Shelters":3},"geometry":{"type":"Point","coordinates":[36.15875253,34.47233312]}},
{"type":"Feature","properties":{"Governorate":"Akkar","District":"Akkar","Cadaster Zone":"Khirbet Char","Cadaster Name":"Kherbet Char","ACS Code":35431,"Longitude":36.18916578,"Latitude":34.57985777,"IDPs Outside Shelters":7,"Families Outside Shelters":3},"geometry":{"type":"Point","coordinates":[36.18916578,34.57985777]}},
{"type":"Feature","properties":{"Governorate":"Akkar","District":"Akkar","Cadaster Zone":"Majdala","Cadaster Name":"Majdla","ACS Code":35354,"Longitude":36.03430679,"Latitude":34.50146365,"IDPs Outside Shelters":6,"Families Outside Shelters":3},"geometry":{"type":"Point","coordinates":[36.03430679,34.50146365]}},
{"type":"Feature","properties":{"Governorate":"Akkar","District":"Akkar","Cadaster Zone":"Aabboudiye","Cadaster Name":"Al-Abboudié","ACS Code":35249,"Longitude":36.11859319,"Latitude":34.63591169,"IDPs Outside Shelters":0,"Families Outside Shelters":0},"geometry":{"type":"Point","coordinates":[36.11859319,34.63591169]}},
{"type":"Feature","properties":{"Governorate":"Akkar","District":"Akkar","Cadaster Zone":"Aain Yaaqoub","Cadaster Name":"Aïn-Yacoub","ACS Code":35187,"Longitude":36.20107562,"Latitude":34.52191687,"IDPs Outside Shelters":0,"Families Outside Shelters":0},"geometry":{"type":"Point","coordinates":[36.20107562,34.52191687]}},
{"type":"Feature","properties":{"Governorate":"Akkar","District":"Akkar","Cadaster Zone":"Aaiyat","Cadaster Name":"Iate","ACS Code":35185,"Longitude":36.19924344,"Latitude":34.53731464,"IDPs Outside Shelters":0,"Families Outside Shelters":0},"geometry":{"type":"Point","coordinates":[36.19924344,34.53731464]}},
{"type":"Feature","properties":{"Governorate":"Akkar","District":"Akkar","Cadaster Zone":"Aamaret Aakkar","Cadaster Name":"Al-Amara","ACS Code":35265,"Longitude":36.00667641,"Latitude":34.53117056,"IDPs Outside Shelters":0,"Families Outside Shelters":0},"geometry":{"type":"Point","coordinates":[36.00667641,34.53117056]}},
{"type":"Feature","properties":{"Governorate":"Akkar","District":"Akkar","Cadaster Zone":"Aamaret El-Baykat","Cadaster Name":"Omar el-Beikate","ACS Code":35449,"Longitude":36.16527178,"Latitude":34.61143324,"IDPs Outside Shelters":0,"Families Outside Shelters":0},"geometry":{"type":"Point","coordinates":[36.16527178,34.61143324]}},
{"type":"Feature","properties":{"Governorate":"Akkar","District":"Akkar","Cadaster Zone":"Aamriyet Aakkar","Cadaster Name":"Denké et El-Amriyeh","ACS Code":35421,"Longitude":36.22375552,"Latitude":34.6013969,"IDPs Outside Shelters":0,"Families Outside Shelters":0},"geometry":{"type":"Point","coordinates":[36.22375552,34.6013969]}},
{"type":"Feature","properties":{"Governorate":"Akkar","District":"Akkar","Cadaster Zone":"Aandqet","Cadaster Name":"Andeket","ACS Code":35498,"Longitude":36.30842303,"Latitude":34.57071519,"IDPs Outside Shelters":0,"Families Outside Shelters":0},"geometry":{"type":"Point","coordinates":[36.30842303,34.57071519]}},
{"type":"Feature","properties":{"Governorate":"Akkar","District":"Akkar","Cadaster Zone":"Aaouaainat Aakkar","Cadaster Name":"Aaouainat","ACS Code":35420,"Longitude":36.30204443,"Latitude":34.62794995,"IDPs Outside Shelters":0,"Families Outside Shelters":0},"geometry":{"type":"Point","coordinates":[36.30204443,34.62794995]}},
{"type":"Feature","properties":{"Governorate":"Akkar","District":"Akkar","Cadaster Zone":"AAridet Cheikh Zennad","Cadaster Name":"Arida","ACS Code":35273,"Longitude":35.98586116,"Latitude":34.63538956,"IDPs Outside Shelters":0,"Families Outside Shelters":0},"geometry":{"type":"Point","coordinates":[35.98586116,34.63538956]}},
{"type":"Feature","properties":{"Governorate":"Akkar","District":"Akkar","Cadaster Zone":"Aarme","Cadaster Name":"El-Armeh","ACS Code":35484,"Longitude":36.16386875,"Latitude":34.62724762,"IDPs Outside Shelters":0,"Families Outside Shelters":0},"geometry":{"type":"Point","coordinates":[36.16386875,34.62724762]}},
{"type":"Feature","properties":{"Governorate":"Akkar","District":"Akkar","Cadaster Zone":"Aarqa","Cadaster Name":"Arka","ACS Code":35141,"Longitude":36.04259249,"Latitude":34.54221528,"IDPs Outside Shelters":0,"Families Outside Shelters":0},"geometry":{"type":"Point","coordinates":[36.04259249,34.54221528]}},
{"type":"Feature","properties":{"Governorate":"Akkar","District":"Akkar","Cadaster Zone":"Aayoun El-Ghizlane","Cadaster Name":"Eyoune-El-Ghouzlane","ACS Code":35347,"Longitude":36.01467023,"Latitude":34.47239137,"IDPs Outside Shelters":0,"Families Outside Shelters":0},"geometry":{"type":"Point","coordinates":[36.01467023,34.47239137]}},
{"type":"Feature","properties":{"Governorate":"Akkar","District":"Akkar","Cadaster Zone":"Barcha","Cadaster Name":"Barcha","ACS Code":35241,"Longitude":36.12078295,"Latitude":34.62612576,"IDPs Outside Shelters":0,"Families Outside Shelters":0},"geometry":{"type":"Point","coordinates":[36.12078295,34.62612576]}},
{"type":"Feature","properties":{"Governorate":"Akkar","District":"Akkar","Cadaster Zone":"Barde","Cadaster Name":"El-Bardé","ACS Code":35408,"Longitude":36.25469,"Latitude":34.59654084,"IDPs Outside Shelters":0,"Families Outside Shelters":0},"geometry":{"type":"Point","coordinates":[36.25469,34.59654084]}},
{"type":"Feature","properties":{"Governorate":"Akkar","District":"Akkar","Cadaster Zone":"Bebnine","Cadaster Name":"Bebnine","ACS Code":35275,"Longitude":35.99160158,"Latitude":34.5061312,"IDPs Outside Shelters":0,"Families Outside Shelters":0},"geometry":{"type":"Point","coordinates":[35.99160158,34.5061312]}},
{"type":"Feature","properties":{"Governorate":"Akkar","District":"Akkar","Cadaster Zone":"Beit El-Haouch","Cadaster Name":"Beit-El-Haouche","ACS Code":35367,"Longitude":35.99660437,"Latitude":34.47992773,"IDPs Outside Shelters":0,"Families Outside Shelters":0},"geometry":{"type":"Point","coordinates":[35.99660437,34.47992773]}},
{"type":"Feature","properties":{"Governorate":"Akkar","District":"Akkar","Cadaster Zone":"Beit Mellat","Cadaster Name":"Beit Mallat","ACS Code":35174,"Longitude":36.16234638,"Latitude":34.53406968,"IDPs Outside Shelters":0,"Families Outside Shelters":0},"geometry":{"type":"Point","coordinates":[36.16234638,34.53406968]}},
{"type":"Feature","properties":{"Governorate":"Akkar","District":"Akkar","Cadaster Zone":"Berbara Aakkar","Cadaster Name":"Barbara","ACS Code":35433,"Longitude":36.18589873,"Latitude":34.57439406,"IDPs Outside Shelters":0,"Families Outside Shelters":0},"geometry":{"type":"Point","coordinates":[36.18589873,34.57439406]}},
{"type":"Feature","properties":{"Governorate":"Akkar","District":"Akkar","Cadaster Zone":"Borj Aakkar","Cadaster Name":"El-Borge","ACS Code":35183,"Longitude":36.186508,"Latitude":34.53226287,"IDPs Outside Shelters":0,"Families Outside Shelters":0},"geometry":{"type":"Point","coordinates":[36.186508,34.53226287]}},
{"type":"Feature","properties":{"Governorate":"Akkar","District":"Akkar","Cadaster Zone":"Bqerzla","Cadaster Name":"Bkarzala","ACS Code":35147,"Longitude":36.0649707,"Latitude":34.51132786,"IDPs Outside Shelters":0,"Families Outside Shelters":0},"geometry":{"type":"Point","coordinates":[36.0649707,34.51132786]}},
{"type":"Feature","properties":{"Governorate":"Akkar","District":"Akkar","Cadaster Zone":"Bsatine Aakkar","Cadaster Name":"Fseikine et Aïn Achma","ACS Code":35425,"Longitude":36.20010708,"Latitude":34.57927924,"IDPs Outside Shelters":0,"Families Outside Shelters":0},"geometry":{"type":"Point","coordinates":[36.20010708,34.57927924]}},
{"type":"Feature","properties":{"Governorate":"Akkar","District":"Akkar","Cadaster Zone":"Bzal","Cadaster Name":"Bzal","ACS Code":35316,"Longitude":36.04770806,"Latitude":34.46493596,"IDPs Outside Shelters":0,"Families Outside Shelters":0},"geometry":{"type":"Point","coordinates":[36.04770806,34.46493596]}},
{"type":"Feature","properties":{"Governorate":"Akkar","District":"Akkar","Cadaster Zone":"Chaqdouf","Cadaster Name":"Chakdouf","ACS Code":35181,"Longitude":36.19135343,"Latitude":34.52896336,"IDPs Outside Shelters":0,"Families Outside Shelters":0},"geometry":{"type":"Point","coordinates":[36.19135343,34.52896336]}},
{"type":"Feature","properties":{"Governorate":"Akkar","District":"Akkar","Cadaster Zone":"Cheikh Mohammad","Cadaster Name":"Cheikh Mohamed","ACS Code":35113,"Longitude":36.08299013,"Latitude":34.55329364,"IDPs Outside Shelters":0,"Families Outside Shelters":0},"geometry":{"type":"Point","coordinates":[36.08299013,34.55329364]}},
{"type":"Feature","properties":{"Governorate":"Akkar","District":"Akkar","Cadaster Zone":"Cheikh Taba Es-Sahl","Cadaster Name":"Cheikh Taba Plaine","ACS Code":35121,"Longitude":36.06206328,"Latitude":34.55096975,"IDPs Outside Shelters":0,"Families Outside Shelters":0},"geometry":{"type":"Point","coordinates":[36.06206328,34.55096975]}},
{"type":"Feature","properties":{"Governorate":"Akkar","District":"Akkar","Cadaster Zone":"Cheikh Zennad","Cadaster Name":"Cheikh Zennad Tal Bibé","ACS Code":35267,"Longitude":35.99755033,"Latitude":34.61354168,"IDPs Outside Shelters":0,"Families Outside Shelters":0},"geometry":{"type":"Point","coordinates":[35.99755033,34.61354168]}},
{"type":"Feature","properties":{"Governorate":"Akkar","District":"Akkar","Cadaster Zone":"Cheikhlar","Cadaster Name":"Chikhlar","ACS Code":35402,"Longitude":36.27814458,"Latitude":34.61841218,"IDPs Outside Shelters":0,"Families Outside Shelters":0},"geometry":{"type":"Point","coordinates":[36.27814458,34.61841218]}},
{"type":"Feature","properties":{"Governorate":"Akkar","District":"Akkar","Cadaster Zone":"Chir Hmairine","Cadaster Name":"Cheir Homeirine","ACS Code":35224,"Longitude":36.10300599,"Latitude":34.62321402,"IDPs Outside Shelters":0,"Families Outside Shelters":0},"geometry":{"type":"Point","coordinates":[36.10300599,34.62321402]}},
{"type":"Feature","properties":{"Governorate":"Akkar","District":"Akkar","Cadaster Zone":"Daghle","Cadaster Name":"El-Daghlé","ACS Code":35419,"Longitude":36.21151524,"Latitude":34.58113704,"IDPs Outside Shelters":0,"Families Outside Shelters":0},"geometry":{"type":"Point","coordinates":[36.21151524,34.58113704]}},
{"type":"Feature","properties":{"Governorate":"Akkar","District":"Akkar","Cadaster Zone":"Dahr Laissine","Cadaster Name":"Dahr-Leyciné","ACS Code":35155,"Longitude":36.13796997,"Latitude":34.53842143,"IDPs Outside Shelters":0,"Families Outside Shelters":0},"geometry":{"type":"Point","coordinates":[36.13796997,34.53842143]}},
{"type":"Feature","properties":{"Governorate":"Akkar","District":"Akkar","Cadaster Zone":"Darine","Cadaster Name":"Deirine","ACS Code":35225,"Longitude":36.10208625,"Latitude":34.60974001,"IDPs Outside Shelters":0,"Families Outside Shelters":0},"geometry":{"type":"Point","coordinates":[36.10208625,34.60974001]}},
{"type":"Feature","properties":{"Governorate":"Akkar","District":"Akkar","Cadaster Zone":"Dayret Nahr El-Kabir","Cadaster Name":"Dayret Nahr El-Kébir","ACS Code":35511,"Longitude":36.3304727,"Latitude":34.67545261,"IDPs Outside Shelters":0,"Families Outside Shelters":0},"geometry":{"type":"Point","coordinates":[36.3304727,34.67545261]}},
{"type":"Feature","properties":{"Governorate":"Akkar","District":"Akkar","Cadaster Zone":"Deir Dalloum","Cadaster Name":"Deir-Daloum","ACS Code":35149,"Longitude":36.01914085,"Latitude":34.52578982,"IDPs Outside Shelters":0,"Families Outside Shelters":0},"geometry":{"type":"Point","coordinates":[36.01914085,34.52578982]}},
{"type":"Feature","properties":{"Governorate":"Akkar","District":"Akkar","Cadaster Zone":"Deir Jannine","Cadaster Name":"Deir-Janine","ACS Code":35441,"Longitude":36.17776146,"Latitude":34.56625964,"IDPs Outside Shelters":0,"Families Outside Shelters":0},"geometry":{"type":"Point","coordinates":[36.17776146,34.56625964]}},
{"type":"Feature","properties":{"Governorate":"Akkar","District":"Akkar","Cadaster Zone":"Dibbabiye","Cadaster Name":"Dabbabiyé Charkié","ACS Code":35432,"Longitude":36.20651514,"Latitude":34.62738353,"IDPs Outside Shelters":0,"Families Outside Shelters":0},"geometry":{"type":"Point","coordinates":[36.20651514,34.62738353]}},
{"type":"Feature","properties":{"Governorate":"Akkar","District":"Akkar","Cadaster Zone":"Dinbou","Cadaster Name":"Danbou","ACS Code":35318,"Longitude":36.08537577,"Latitude":34.48810125,"IDPs Outside Shelters":0,"Families Outside Shelters":0},"geometry":{"type":"Point","coordinates":[36.08537577,34.48810125]}},
{"type":"Feature","properties":{"Governorate":"Akkar","District":"Akkar","Cadaster Zone":"Douair Aadouiye","Cadaster Name":"Douair Adouiyé","ACS Code":35443,"Longitude":36.17520971,"Latitude":34.5805925,"IDPs Outside Shelters":0,"Families Outside Shelters":0},"geometry":{"type":"Point","coordinates":[36.17520971,34.5805925]}},
{"type":"Feature","properties":{"Governorate":"Akkar","District":"Akkar","Cadaster Zone":"Fraydes Aakkar","Cadaster Name":"Freidice","ACS Code":35412,"Longitude":36.22691567,"Latitude":34.61651719,"IDPs Outside Shelters":0,"Families Outside Shelters":0},"geometry":{"type":"Point","coordinates":[36.22691567,34.61651719]}},
{"type":"Feature","properties":{"Governorate":"Akkar","District":"Akkar","Cadaster Zone":"Ghazayle","Cadaster Name":"El-Ghozaili","ACS Code":35475,"Longitude":36.11036217,"Latitude":34.59666988,"IDPs Outside Shelters":0,"Families Outside Shelters":0},"geometry":{"type":"Point","coordinates":[36.11036217,34.59666988]}},
{"type":"Feature","properties":{"Governorate":"Akkar","District":"Akkar","Cadaster Zone":"Habchit","Cadaster Name":"Habchite","ACS Code":35326,"Longitude":36.09123507,"Latitude":34.4669312,"IDPs Outside Shelters":0,"Families Outside Shelters":0},"geometry":{"type":"Point","coordinates":[36.09123507,34.4669312]}},
{"type":"Feature","properties":{"Governorate":"Akkar","District":"Akkar","Cadaster Zone":"Hakour","Cadaster Name":"Mechaïlha Hakour","ACS Code":35131,"Longitude":36.0520306,"Latitude":34.52558463,"IDPs Outside Shelters":0,"Families Outside Shelters":0},"geometry":{"type":"Point","coordinates":[36.0520306,34.52558463]}},
{"type":"Feature","properties":{"Governorate":"Akkar","District":"Akkar","Cadaster Zone":"Hayssa","Cadaster Name":"Al-Hissa","ACS Code":35221,"Longitude":36.05026658,"Latitude":34.58923588,"IDPs Outside Shelters":0,"Families Outside Shelters":0},"geometry":{"type":"Point","coordinates":[36.05026658,34.58923588]}},
{"type":"Feature","properties":{"Governorate":"Akkar","District":"Akkar","Cadaster Zone":"Haytla","Cadaster Name":"Haytla","ACS Code":35463,"Longitude":36.12943427,"Latitude":34.60507721,"IDPs Outside Shelters":0,"Families Outside Shelters":0},"geometry":{"type":"Point","coordinates":[36.12943427,34.60507721]}},
{"type":"Feature","properties":{"Governorate":"Akkar","District":"Akkar","Cadaster Zone":"Hayzouq","Cadaster Name":"Hayzouk","ACS Code":35139,"Longitude":36.13432533,"Latitude":34.55122114,"IDPs Outside Shelters":0,"Families Outside Shelters":0},"geometry":{"type":"Point","coordinates":[36.13432533,34.55122114]}},
{"type":"Feature","properties":{"Governorate":"Akkar","District":"Akkar","Cadaster Zone":"Hedd","Cadaster Name":"El-Hed","ACS Code":35169,"Longitude":36.15683505,"Latitude":34.56218131,"IDPs Outside Shelters":0,"Families Outside Shelters":0},"geometry":{"type":"Point","coordinates":[36.15683505,34.56218131]}},
{"type":"Feature","properties":{"Governorate":"Akkar","District":"Akkar","Cadaster Zone":"Hmaiss Aakkar","Cadaster Name":"Hmais","ACS Code":35470,"Longitude":36.12557112,"Latitude":34.5740192,"IDPs Outside Shelters":0,"Families Outside Shelters":0},"geometry":{"type":"Point","coordinates":[36.12557112,34.5740192]}},
{"type":"Feature","properties":{"Governorate":"Akkar","District":"Akkar","Cadaster Zone":"Hnaider","Cadaster Name":"Hnaïder","ACS Code":35514,"Longitude":36.42423785,"Latitude":34.61520562,"IDPs Outside Shelters":0,"Families Outside Shelters":0},"geometry":{"type":"Point","coordinates":[36.42423785,34.61520562]}},
{"type":"Feature","properties":{"Governorate":"Akkar","District":"Akkar","Cadaster Zone":"Hokr Ed-Dahri","Cadaster Name":"Hekr el Dahiri","ACS Code":35253,"Longitude":36.02276511,"Latitude":34.63141476,"IDPs Outside Shelters":0,"Families Outside Shelters":0},"geometry":{"type":"Point","coordinates":[36.02276511,34.63141476]}},
{"type":"Feature","properties":{"Governorate":"Akkar","District":"Akkar","Cadaster Zone":"Hokr Etti","Cadaster Name":"Katté","ACS Code":35223,"Longitude":36.10771227,"Latitude":34.56976906,"IDPs Outside Shelters":0,"Families Outside Shelters":0},"geometry":{"type":"Point","coordinates":[36.10771227,34.56976906]}},
{"type":"Feature","properties":{"Governorate":"Akkar","District":"Akkar","Cadaster Zone":"Hokr Jouret Srar","Cadaster Name":"Jouret Srar","ACS Code":35239,"Longitude":36.10912749,"Latitude":34.63070195,"IDPs Outside Shelters":0,"Families Outside Shelters":0},"geometry":{"type":"Point","coordinates":[36.10912749,34.63070195]}},
{"type":"Feature","properties":{"Governorate":"Akkar","District":"Akkar","Cadaster Zone":"Houaich","Cadaster Name":"El-Houaïche","ACS Code":35322,"Longitude":36.11569192,"Latitude":34.49585497,"IDPs Outside Shelters":0,"Families Outside Shelters":0},"geometry":{"type":"Point","coordinates":[36.11569192,34.49585497]}},
{"type":"Feature","properties":{"Governorate":"Akkar","District":"Akkar","Cadaster Zone":"Idbil","Cadaster Name":"Edbel","ACS Code":35117,"Longitude":36.09593272,"Latitude":34.5323909,"IDPs Outside Shelters":0,"Families Outside Shelters":0},"geometry":{"type":"Point","coordinates":[36.09593272,34.5323909]}},
{"type":"Feature","properties":{"Governorate":"Akkar","District":"Akkar","Cadaster Zone":"Janine","Cadaster Name":"Janine","ACS Code":35263,"Longitude":36.13902304,"Latitude":34.63267538,"IDPs Outside Shelters":0,"Families Outside Shelters":0},"geometry":{"type":"Point","coordinates":[36.13902304,34.63267538]}},
{"type":"Feature","properties":{"Governorate":"Akkar","District":"Akkar","Cadaster Zone":"Jdidet Ej-Joumeh","Cadaster Name":"Al-Jédidé","ACS Code":35125,"Longitude":36.0644487,"Latitude":34.53917981,"IDPs Outside Shelters":0,"Families Outside Shelters":0},"geometry":{"type":"Point","coordinates":[36.0644487,34.53917981]}},
{"type":"Feature","properties":{"Governorate":"Akkar","District":"Akkar","Cadaster Zone":"Jebrayel","Cadaster Name":"Jebrâil","ACS Code":35163,"Longitude":36.12643061,"Latitude":34.52434333,"IDPs Outside Shelters":0,"Families Outside Shelters":0},"geometry":{"type":"Point","coordinates":[36.12643061,34.52434333]}},
{"type":"Feature","properties":{"Governorate":"Akkar","District":"Akkar","Cadaster Zone":"Kafr","Cadaster Name":"Kefr El-Ftouh","ACS Code":35423,"Longitude":36.21118398,"Latitude":34.59063269,"IDPs Outside Shelters":0,"Families Outside Shelters":0},"geometry":{"type":"Point","coordinates":[36.21118398,34.59063269]}},
{"type":"Feature","properties":{"Governorate":"Akkar","District":"Akkar","Cadaster Zone":"Karm Aasfour","Cadaster Name":"Karem-Asfour-El-Nahrieh","ACS Code":35133,"Longitude":36.06443988,"Latitude":34.52488484,"IDPs Outside Shelters":0,"Families Outside Shelters":0},"geometry":{"type":"Point","coordinates":[36.06443988,34.52488484]}},
{"type":"Feature","properties":{"Governorate":"Akkar","District":"Akkar","Cadaster Zone":"Kfar Harra","Cadaster Name":"Kfar Harra","ACS Code":35157,"Longitude":36.1368677,"Latitude":34.56604928,"IDPs Outside Shelters":0,"Families Outside Shelters":0},"geometry":{"type":"Point","coordinates":[36.1368677,34.56604928]}},
{"type":"Feature","properties":{"Governorate":"Akkar","District":"Akkar","Cadaster Zone":"Kfar Melki Aakkar","Cadaster Name":"Kafr Malka","ACS Code":35234,"Longitude":36.01464818,"Latitude":34.55766429,"IDPs Outside Shelters":0,"Families Outside Shelters":0},"geometry":{"type":"Point","coordinates":[36.01464818,34.55766429]}},
{"type":"Feature","properties":{"Governorate":"Akkar","District":"Akkar","Cadaster Zone":"Kfar Noun","Cadaster Name":"Kfarnoune","ACS Code":35406,"Longitude":36.24962464,"Latitude":34.62876415,"IDPs Outside Shelters":0,"Families Outside Shelters":0},"geometry":{"type":"Point","coordinates":[36.24962464,34.62876415]}},
{"type":"Feature","properties":{"Governorate":"Akkar","District":"Akkar","Cadaster Zone":"Khalsa","Cadaster Name":"Khalsa","ACS Code":35430,"Longitude":36.31402433,"Latitude":34.63335103,"IDPs Outside Shelters":0,"Families Outside Shelters":0},"geometry":{"type":"Point","coordinates":[36.31402433,34.63335103]}},
{"type":"Feature","properties":{"Governorate":"Akkar","District":"Akkar","Cadaster Zone":"Kharnoubet Aakkar","Cadaster Name":"Al-Kharnoubé","ACS Code":35257,"Longitude":36.12988138,"Latitude":34.62889905,"IDPs Outside Shelters":0,"Families Outside Shelters":0},"geometry":{"type":"Point","coordinates":[36.12988138,34.62889905]}},
{"type":"Feature","properties":{"Governorate":"Akkar","District":"Akkar","Cadaster Zone":"Khirbet Daoud Aakkar","Cadaster Name":"Kherbet Daoud","ACS Code":35417,"Longitude":36.22121016,"Latitude":34.58716412,"IDPs Outside Shelters":0,"Families Outside Shelters":0},"geometry":{"type":"Point","coordinates":[36.22121016,34.58716412]}},
{"type":"Feature","properties":{"Governorate":"Akkar","District":"Akkar","Cadaster Zone":"Khirbet Er Remmane","Cadaster Name":"Khirbet Er Remmane","ACS Code":35410,"Longitude":36.28611163,"Latitude":34.62714126,"IDPs Outside Shelters":0,"Families Outside Shelters":0},"geometry":{"type":"Point","coordinates":[36.28611163,34.62714126]}},
{"type":"Feature","properties":{"Governorate":"Akkar","District":"Akkar","Cadaster Zone":"Khreibet Ej-Jindi","Cadaster Name":"Al-Khraibé","ACS Code":35216,"Longitude":36.09419201,"Latitude":34.56597737,"IDPs Outside Shelters":0,"Families Outside Shelters":0},"geometry":{"type":"Point","coordinates":[36.09419201,34.56597737]}},
{"type":"Feature","properties":{"Governorate":"Akkar","District":"Akkar","Cadaster Zone":"Kneisset Aakkar","Cadaster Name":"Al-Kneissé","ACS Code":35245,"Longitude":36.02589281,"Latitude":34.61610396,"IDPs Outside Shelters":0,"Families Outside Shelters":0},"geometry":{"type":"Point","coordinates":[36.02589281,34.61610396]}},
{"type":"Feature","properties":{"Governorate":"Akkar","District":"Akkar","Cadaster Zone":"Kneisset Hnaider","Cadaster Name":"El-Kneissé","ACS Code":35515,"Longitude":36.44143575,"Latitude":34.59844691,"IDPs Outside Shelters":0,"Families Outside Shelters":0},"geometry":{"type":"Point","coordinates":[36.44143575,34.59844691]}},
{"type":"Feature","properties":{"Governorate":"Akkar","District":"Akkar","Cadaster Zone":"Knisse","Cadaster Name":"Dahr el-Kneissé","ACS Code":35465,"Longitude":36.12453948,"Latitude":34.56471323,"IDPs Outside Shelters":0,"Families Outside Shelters":0},"geometry":{"type":"Point","coordinates":[36.12453948,34.56471323]}},
{"type":"Feature","properties":{"Governorate":"Akkar","District":"Akkar","Cadaster Zone":"Kouachra","Cadaster Name":"El-Kouachra","ACS Code":35429,"Longitude":36.20645093,"Latitude":34.60991014,"IDPs Outside Shelters":0,"Families Outside Shelters":0},"geometry":{"type":"Point","coordinates":[36.20645093,34.60991014]}},
{"type":"Feature","properties":{"Governorate":"Akkar","District":"Akkar","Cadaster Zone":"litige","Cadaster Name":"litige","ACS Code":35001,"Longitude":36.11590429,"Latitude":34.63215923,"IDPs Outside Shelters":0,"Families Outside Shelters":0},"geometry":{"type":"Point","coordinates":[36.11590429,34.63215923]}},
{"type":"Feature","properties":{"Governorate":"Akkar","District":"Akkar","Cadaster Zone":"litige","Cadaster Name":"litige","ACS Code":35002,"Longitude":36.24126461,"Latitude":34.48823867,"IDPs Outside Shelters":0,"Families Outside Shelters":0},"geometry":{"type":"Point","coordinates":[36.24126461,34.48823867]}},
{"type":"Feature","properties":{"Governorate":"Akkar","District":"Akkar","Cadaster Zone":"litige","Cadaster Name":"litige","ACS Code":35003,"Longitude":36.26309094,"Latitude":34.50020676,"IDPs Outside Shelters":0,"Families Outside Shelters":0},"geometry":{"type":"Point","coordinates":[36.26309094,34.50020676]}},
{"type":"Feature","properties":{"Governorate":"Akkar","District":"Akkar","Cadaster Zone":"Majdel Akkar","Cadaster Name":"Majdel","ACS Code":35128,"Longitude":36.21072148,"Latitude":34.56973619,"IDPs Outside Shelters":0,"Families Outside Shelters":0},"geometry":{"type":"Point","coordinates":[36.21072148,34.56973619]}},
{"type":"Feature","properties":{"Governorate":"Akkar","District":"Akkar","Cadaster Zone":"Marlaya Melhem","Cadaster Name":"Merlayet Melhem","ACS Code":35255,"Longitude":36.0240741,"Latitude":34.54056254,"IDPs Outside Shelters":0,"Families Outside Shelters":0},"geometry":{"type":"Point","coordinates":[36.0240741,34.54056254]}},
{"type":"Feature","properties":{"Governorate":"Akkar","District":"Akkar","Cadaster Zone":"Massaaoudiye","Cadaster Name":"Al-Massoudié","ACS Code":35229,"Longitude":36.04229655,"Latitude":34.615547,"IDPs Outside Shelters":0,"Families Outside Shelters":0},"geometry":{"type":"Point","coordinates":[36.04229655,34.615547]}},
{"type":"Feature","properties":{"Governorate":"Akkar","District":"Akkar","Cadaster Zone":"Mazraat Beit Ghattas","Cadaster Name":"Beit-Ghattas","ACS Code":35134,"Longitude":36.06110081,"Latitude":34.52438746,"IDPs Outside Shelters":0,"Families Outside Shelters":0},"geometry":{"type":"Point","coordinates":[36.06110081,34.52438746]}},
{"type":"Feature","properties":{"Governorate":"Akkar","District":"Akkar","Cadaster Zone":"Mazraat En-Nahriye","Cadaster Name":"Mazraet-El-Nahrieh","ACS Code":35486,"Longitude":36.2802918,"Latitude":34.600374,"IDPs Outside Shelters":0,"Families Outside Shelters":0},"geometry":{"type":"Point","coordinates":[36.2802918,34.600374]}},
{"type":"Feature","properties":{"Governorate":"Akkar","District":"Akkar","Cadaster Zone":"Menneaa","Cadaster Name":"Mimnih","ACS Code":35371,"Longitude":36.17615114,"Latitude":34.50292366,"IDPs Outside Shelters":0,"Families Outside Shelters":0},"geometry":{"type":"Point","coordinates":[36.17615114,34.50292366]}},
{"type":"Feature","properties":{"Governorate":"Akkar","District":"Akkar","Cadaster Zone":"Mighraq Aakkar","Cadaster Name":"Al Moghrak","ACS Code":35251,"Longitude":36.01572893,"Latitude":34.61268787,"IDPs Outside Shelters":0,"Families Outside Shelters":0},"geometry":{"type":"Point","coordinates":[36.01572893,34.61268787]}},
{"type":"Feature","properties":{"Governorate":"Akkar","District":"Akkar","Cadaster Zone":"Mounjez","Cadaster Name":"Mounjez","ACS Code":35414,"Longitude":36.24486836,"Latitude":34.61612839,"IDPs Outside Shelters":0,"Families Outside Shelters":0},"geometry":{"type":"Point","coordinates":[36.24486836,34.61612839]}},
{"type":"Feature","properties":{"Governorate":"Akkar","District":"Akkar","Cadaster Zone":"Mqaiteaa","Cadaster Name":"Al-Moukaiteh","ACS Code":35261,"Longitude":35.99842998,"Latitude":34.5588828,"IDPs Outside Shelters":0,"Families Outside Shelters":0},"geometry":{"type":"Point","coordinates":[35.99842998,34.5588828]}},
{"type":"Feature","properties":{"Governorate":"Akkar","District":"Akkar","Cadaster Zone":"Msalla","Cadaster Name":"El-Msallé","ACS Code":35451,"Longitude":36.1702157,"Latitude":34.59396189,"IDPs Outside Shelters":0,"Families Outside Shelters":0},"geometry":{"type":"Point","coordinates":[36.1702157,34.59396189]}},
{"type":"Feature","properties":{"Governorate":"Akkar","District":"Akkar","Cadaster Zone":"Mzeihme","Cadaster Name":"Al-Mouzeihmé","ACS Code":35461,"Longitude":36.14387962,"Latitude":34.60850057,"IDPs Outside Shelters":0,"Families Outside Shelters":0},"geometry":{"type":"Point","coordinates":[36.14387962,34.60850057]}},
{"type":"Feature","properties":{"Governorate":"Akkar","District":"Akkar","Cadaster Zone":"Nfisse","Cadaster Name":"El-Nfeicé","ACS Code":35115,"Longitude":36.08907082,"Latitude":34.54586864,"IDPs Outside Shelters":0,"Families Outside Shelters":0},"geometry":{"type":"Point","coordinates":[36.08907082,34.54586864]}},
{"type":"Feature","properties":{"Governorate":"Akkar","District":"Akkar","Cadaster Zone":"Ouadi El-Jamous","Cadaster Name":"Ouadi El-Jamous","ACS Code":35364,"Longitude":36.00502421,"Latitude":34.510357,"IDPs Outside Shelters":0,"Families Outside Shelters":0},"geometry":{"type":"Point","coordinates":[36.00502421,34.510357]}},
{"type":"Feature","properties":{"Governorate":"Akkar","District":"Akkar","Cadaster Zone":"Qaabrine","Cadaster Name":"Kaabarine","ACS Code":35233,"Longitude":36.02691226,"Latitude":34.5702126,"IDPs Outside Shelters":0,"Families Outside Shelters":0},"geometry":{"type":"Point","coordinates":[36.02691226,34.5702126]}},
{"type":"Feature","properties":{"Governorate":"Akkar","District":"Akkar","Cadaster Zone":"Qachlaq","Cadaster Name":"Kachlak","ACS Code":35453,"Longitude":36.14867624,"Latitude":34.61961454,"IDPs Outside Shelters":0,"Families Outside Shelters":0},"geometry":{"type":"Point","coordinates":[36.14867624,34.61961454]}},
{"type":"Feature","properties":{"Governorate":"Akkar","District":"Akkar","Cadaster Zone":"Qardaf","Cadaster Name":"El-Karkaf","ACS Code":35341,"Longitude":36.0136038,"Latitude":34.4908783,"IDPs Outside Shelters":0,"Families Outside Shelters":0},"geometry":{"type":"Point","coordinates":[36.0136038,34.4908783]}},
{"type":"Feature","properties":{"Governorate":"Akkar","District":"Akkar","Cadaster Zone":"Qbaiyat Aakkar","Cadaster Name":"El-Koubayet","ACS Code":35487,"Longitude":36.27353709,"Latitude":34.55466046,"IDPs Outside Shelters":0,"Families Outside Shelters":0},"geometry":{"type":"Point","coordinates":[36.27353709,34.55466046]}},
{"type":"Feature","properties":{"Governorate":"Akkar","District":"Akkar","Cadaster Zone":"Qboula","Cadaster Name":"Kboula","ACS Code":35179,"Longitude":36.18014225,"Latitude":34.53179062,"IDPs Outside Shelters":0,"Families Outside Shelters":0},"geometry":{"type":"Point","coordinates":[36.18014225,34.53179062]}},
{"type":"Feature","properties":{"Governorate":"Akkar","District":"Akkar","Cadaster Zone":"Qleiaat Aakkar","Cadaster Name":"Al-Kleiat","ACS Code":35243,"Longitude":36.007323,"Latitude":34.59171155,"IDPs Outside Shelters":0,"Families Outside Shelters":0},"geometry":{"type":"Point","coordinates":[36.007323,34.59171155]}},
{"type":"Feature","properties":{"Governorate":"Akkar","District":"Akkar","Cadaster Zone":"Qloud El-Baqie","Cadaster Name":"Kloud El-Bakia","ACS Code":35317,"Longitude":36.05867549,"Latitude":34.49678571,"IDPs Outside Shelters":0,"Families Outside Shelters":0},"geometry":{"type":"Point","coordinates":[36.05867549,34.49678571]}},
{"type":"Feature","properties":{"Governorate":"Akkar","District":"Akkar","Cadaster Zone":"Qoubber Chamra","Cadaster Name":"Kobbet Bchamra","ACS Code":35269,"Longitude":35.99627612,"Latitude":34.5373479,"IDPs Outside Shelters":0,"Families Outside Shelters":0},"geometry":{"type":"Point","coordinates":[35.99627612,34.5373479]}},
{"type":"Feature","properties":{"Governorate":"Akkar","District":"Akkar","Cadaster Zone":"Qraiyat","Cadaster Name":"El-Krayat","ACS Code":35334,"Longitude":36.15341807,"Latitude":34.48244865,"IDPs Outside Shelters":0,"Families Outside Shelters":0},"geometry":{"type":"Point","coordinates":[36.15341807,34.48244865]}},
{"type":"Feature","properties":{"Governorate":"Akkar","District":"Akkar","Cadaster Zone":"Qsair Aakkar","Cadaster Name":"El-Kousseir","ACS Code":35415,"Longitude":36.23910011,"Latitude":34.60766681,"IDPs Outside Shelters":0,"Families Outside Shelters":0},"geometry":{"type":"Point","coordinates":[36.23910011,34.60766681]}},
{"type":"Feature","properties":{"Governorate":"Akkar","District":"Akkar","Cadaster Zone":"Rihaniyet Aakkar","Cadaster Name":"Al-Rihanié","ACS Code":35467,"Longitude":36.11650098,"Latitude":34.58182833,"IDPs Outside Shelters":0,"Families Outside Shelters":0},"geometry":{"type":"Point","coordinates":[36.11650098,34.58182833]}},
{"type":"Feature","properties":{"Governorate":"Akkar","District":"Akkar","Cadaster Zone":"Rmah","Cadaster Name":"Rmah","ACS Code":35404,"Longitude":36.26351616,"Latitude":34.61824604,"IDPs Outside Shelters":0,"Families Outside Shelters":0},"geometry":{"type":"Point","coordinates":[36.26351616,34.61824604]}},
{"type":"Feature","properties":{"Governorate":"Akkar","District":"Akkar","Cadaster Zone":"Rmoul","Cadaster Name":"Al-Roumoul","ACS Code":35281,"Longitude":36.00476897,"Latitude":34.57466402,"IDPs Outside Shelters":0,"Families Outside Shelters":0},"geometry":{"type":"Point","coordinates":[36.00476897,34.57466402]}},
{"type":"Feature","properties":{"Governorate":"Akkar","District":"Akkar","Cadaster Zone":"Saadine","Cadaster Name":"Saadine","ACS Code":35217,"Longitude":36.08770724,"Latitude":34.60218966,"IDPs Outside Shelters":0,"Families Outside Shelters":0},"geometry":{"type":"Point","coordinates":[36.08770724,34.60218966]}},
{"type":"Feature","properties":{"Governorate":"Akkar","District":"Akkar","Cadaster Zone":"Sadaqa","Cadaster Name":"Sadaka","ACS Code":35327,"Longitude":36.15167296,"Latitude":34.46597249,"IDPs Outside Shelters":0,"Families Outside Shelters":0},"geometry":{"type":"Point","coordinates":[36.15167296,34.46597249]}},
{"type":"Feature","properties":{"Governorate":"Akkar","District":"Akkar","Cadaster Zone":"Saidnaya","Cadaster Name":"Saïdnaya","ACS Code":35469,"Longitude":36.12499626,"Latitude":34.58972003,"IDPs Outside Shelters":0,"Families Outside Shelters":0},"geometry":{"type":"Point","coordinates":[36.12499626,34.58972003]}},
{"type":"Feature","properties":{"Governorate":"Akkar","District":"Akkar","Cadaster Zone":"Sammaqiye","Cadaster Name":"Al-Semmakié","ACS Code":35271,"Longitude":36.00758729,"Latitude":34.63503363,"IDPs Outside Shelters":0,"Families Outside Shelters":0},"geometry":{"type":"Point","coordinates":[36.00758729,34.63503363]}},
{"type":"Feature","properties":{"Governorate":"Akkar","District":"Akkar","Cadaster Zone":"Sammouniye","Cadaster Name":"Al-Sammounié","ACS Code":35227,"Longitude":36.04925146,"Latitude":34.57045928,"IDPs Outside Shelters":0,"Families Outside Shelters":0},"geometry":{"type":"Point","coordinates":[36.04925146,34.57045928]}},
{"type":"Feature","properties":{"Governorate":"Akkar","District":"Akkar","Cadaster Zone":"Sayssouq","Cadaster Name":"Saïssouk","ACS Code":35311,"Longitude":36.05885286,"Latitude":34.48655625,"IDPs Outside Shelters":0,"Families Outside Shelters":0},"geometry":{"type":"Point","coordinates":[36.05885286,34.48655625]}},
{"type":"Feature","properties":{"Governorate":"Akkar","District":"Akkar","Cadaster Zone":"Semmaqli","Cadaster Name":"Al-Semmakli","ACS Code":35259,"Longitude":36.01459003,"Latitude":34.54385051,"IDPs Outside Shelters":0,"Families Outside Shelters":0},"geometry":{"type":"Point","coordinates":[36.01459003,34.54385051]}},
{"type":"Feature","properties":{"Governorate":"Akkar","District":"Akkar","Cadaster Zone":"Sfaynet El-Qaitaa","Cadaster Name":"Safiné-El-Kayteh","ACS Code":35324,"Longitude":36.02073429,"Latitude":34.45366373,"IDPs Outside Shelters":0,"Families Outside Shelters":0},"geometry":{"type":"Point","coordinates":[36.02073429,34.45366373]}},
{"type":"Feature","properties":{"Governorate":"Akkar","District":"Akkar","Cadaster Zone":"Sfinet Ed-Draib","Cadaster Name":"Sfeinite El-Dreibe","ACS Code":35447,"Longitude":36.16136221,"Latitude":34.5769006,"IDPs Outside Shelters":0,"Families Outside Shelters":0},"geometry":{"type":"Point","coordinates":[36.16136221,34.5769006]}},
{"type":"Feature","properties":{"Governorate":"Akkar","District":"Akkar","Cadaster Zone":"Sindianet Zeidane","Cadaster Name":"Sindianet Zeidan","ACS Code":35411,"Longitude":36.23622814,"Latitude":34.57622894,"IDPs Outside Shelters":0,"Families Outside Shelters":0},"geometry":{"type":"Point","coordinates":[36.23622814,34.57622894]}},
{"type":"Feature","properties":{"Governorate":"Akkar","District":"Akkar","Cadaster Zone":"Souaisset Aakkar","Cadaster Name":"Al-Souaissé","ACS Code":35143,"Longitude":36.11889339,"Latitude":34.55639285,"IDPs Outside Shelters":0,"Families Outside Shelters":0},"geometry":{"type":"Point","coordinates":[36.11889339,34.55639285]}},
{"type":"Feature","properties":{"Governorate":"Akkar","District":"Akkar","Cadaster Zone":"Srar","Cadaster Name":"Srar","ACS Code":35471,"Longitude":36.1309026,"Latitude":34.61668308,"IDPs Outside Shelters":0,"Families Outside Shelters":0},"geometry":{"type":"Point","coordinates":[36.1309026,34.61668308]}},
{"type":"Feature","properties":{"Governorate":"Akkar","District":"Akkar","Cadaster Zone":"Tall Aabbas Ech-Charqi","Cadaster Name":"Tal Abbas El-Charkié","ACS Code":35213,"Longitude":36.07454797,"Latitude":34.59868975,"IDPs Outside Shelters":0,"Families Outside Shelters":0},"geometry":{"type":"Point","coordinates":[36.07454797,34.59868975]}},
{"type":"Feature","properties":{"Governorate":"Akkar","District":"Akkar","Cadaster Zone":"Tall Aabbas El-Gharbi","Cadaster Name":"Tal Abbas El-gharbié","ACS Code":35211,"Longitude":36.06794629,"Latitude":34.58241325,"IDPs Outside Shelters":0,"Families Outside Shelters":0},"geometry":{"type":"Point","coordinates":[36.06794629,34.58241325]}},
{"type":"Feature","properties":{"Governorate":"Akkar","District":"Akkar","Cadaster Zone":"Tall Bire","Cadaster Name":"Tal Biré","ACS Code":35235,"Longitude":36.0575537,"Latitude":34.62068696,"IDPs Outside Shelters":0,"Families Outside Shelters":0},"geometry":{"type":"Point","coordinates":[36.0575537,34.62068696]}},
{"type":"Feature","properties":{"Governorate":"Akkar","District":"Akkar","Cadaster Zone":"Tall Hmayra","Cadaster Name":"Tal Homeira","ACS Code":35237,"Longitude":36.0760651,"Latitude":34.62173646,"IDPs Outside Shelters":0,"Families Outside Shelters":0},"geometry":{"type":"Point","coordinates":[36.0760651,34.62173646]}},
{"type":"Feature","properties":{"Governorate":"Akkar","District":"Akkar","Cadaster Zone":"Tall Meaayan Tall Kiri","Cadaster Name":"Tal Kerri","ACS Code":35231,"Longitude":36.03387528,"Latitude":34.59907891,"IDPs Outside Shelters":0,"Families Outside Shelters":0},"geometry":{"type":"Point","coordinates":[36.03387528,34.59907891]}},
{"type":"Feature","properties":{"Governorate":"Akkar","District":"Akkar","Cadaster Zone":"Tall Sebaal","Cadaster Name":"Tal Sibhel","ACS Code":35247,"Longitude":36.02991979,"Latitude":34.5520381,"IDPs Outside Shelters":0,"Families Outside Shelters":0},"geometry":{"type":"Point","coordinates":[36.02991979,34.5520381]}},
{"type":"Feature","properties":{"Governorate":"Akkar","District":"Akkar","Cadaster Zone":"Tallet Chattaha","Cadaster Name":"Tellé et Chattaha","ACS Code":35173,"Longitude":36.17072659,"Latitude":34.53326623,"IDPs Outside Shelters":0,"Families Outside Shelters":0},"geometry":{"type":"Point","coordinates":[36.17072659,34.53326623]}},
{"type":"Feature","properties":{"Governorate":"Akkar","District":"Akkar","Cadaster Zone":"Tshea","Cadaster Name":"Tshea","ACS Code":35356,"Longitude":36.19346458,"Latitude":34.4972521,"IDPs Outside Shelters":0,"Families Outside Shelters":0},"geometry":{"type":"Point","coordinates":[36.19346458,34.4972521]}},
{"type":"Feature","properties":{"Governorate":"Akkar","District":"Akkar","Cadaster Zone":"Zouq El-Hadara","Cadaster Name":"Dahr Haddara","ACS Code":35159,"Longitude":36.03440116,"Latitude":34.51233966,"IDPs Outside Shelters":0,"Families Outside Shelters":0},"geometry":{"type":"Point","coordinates":[36.03440116,34.51233966]}},
{"type":"Feature","properties":{"Governorate":"Akkar","District":"Akkar","Cadaster Zone":"Zouq El-Hbalsa","Cadaster Name":"Zouk-El-Habalça","ACS Code":35153,"Longitude":36.04030571,"Latitude":34.5161957,"IDPs Outside Shelters":0,"Families Outside Shelters":0},"geometry":{"type":"Point","coordinates":[36.04030571,34.5161957]}},
{"type":"Feature","properties":{"Governorate":"Akkar","District":"Akkar","Cadaster Zone":"Zouq El-Moqachrine","Cadaster Name":"Zouk el Moukachérine","ACS Code":35161,"Longitude":36.02910272,"Latitude":34.5187853,"IDPs Outside Shelters":0,"Families Outside Shelters":0},"geometry":{"type":"Point","coordinates":[36.02910272,34.5187853]}},
{"type":"Feature","properties":{"Governorate":"Mount Lebanon","District":"Aley","Cadaster Zone":"Keyfoun","Cadaster Name":"Kaïfoun","ACS Code":24337,"Longitude":35.56413949,"Latitude":33.78055834,"IDPs Outside Shelters":8404,"Families Outside Shelters":1862},"geometry":{"type":"Point","coordinates":[35.56413949,33.78055834]}},
{"type":"Feature","properties":{"Governorate":"Mount Lebanon","District":"Aley","Cadaster Zone":"Bchamoun","Cadaster Name":"Bchamoune","ACS Code":24243,"Longitude":35.51393683,"Latitude":33.78307112,"IDPs Outside Shelters":7294,"Families Outside Shelters":1622},"geometry":{"type":"Point","coordinates":[35.51393683,33.78307112]}},
{"type":"Feature","properties":{"Governorate":"Mount Lebanon","District":"Aley","Cadaster Zone":"Qmatiye","Cadaster Name":"El-Kamatiyeh","ACS Code":24315,"Longitude":35.5783853,"Latitude":33.80241424,"IDPs Outside Shelters":2420,"Families Outside Shelters":538},"geometry":{"type":"Point","coordinates":[35.5783853,33.80241424]}},
{"type":"Feature","properties":{"Governorate":"Mount Lebanon","District":"Aley","Cadaster Zone":"Aaramoun Aaley","Cadaster Name":"Aramoun","ACS Code":24211,"Longitude":35.4981198,"Latitude":33.76456231,"IDPs Outside Shelters":1804,"Families Outside Shelters":402},"geometry":{"type":"Point","coordinates":[35.4981198,33.76456231]}},
{"type":"Feature","properties":{"Governorate":"Mount Lebanon","District":"Aley","Cadaster Zone":"Bhamdoun Ed-Dayaa","Cadaster Name":"Bhamdoun (Village)","ACS Code":24414,"Longitude":35.64802844,"Latitude":33.79789204,"IDPs Outside Shelters":1084,"Families Outside Shelters":242},"geometry":{"type":"Point","coordinates":[35.64802844,33.79789204]}},
{"type":"Feature","properties":{"Governorate":"Mount Lebanon","District":"Aley","Cadaster Zone":"Bhamdoun El-Mhatta","Cadaster Name":"Bhamdoun (Gare)","ACS Code":24411,"Longitude":35.66031396,"Latitude":33.80628823,"IDPs Outside Shelters":1004,"Families Outside Shelters":224},"geometry":{"type":"Point","coordinates":[35.66031396,33.80628823]}},
{"type":"Feature","properties":{"Governorate":"Mount Lebanon","District":"Aley","Cadaster Zone":"Aaynab","Cadaster Name":"Aïnab","ACS Code":24351,"Longitude":35.54582368,"Latitude":33.76556049,"IDPs Outside Shelters":604,"Families Outside Shelters":135},"geometry":{"type":"Point","coordinates":[35.54582368,33.76556049]}},
{"type":"Feature","properties":{"Governorate":"Mount Lebanon","District":"Aley","Cadaster Zone":"Majdel Baana","Cadaster Name":"Majdel Baana","ACS Code":24424,"Longitude":35.67316414,"Latitude":33.78342348,"IDPs Outside Shelters":544,"Families Outside Shelters":122},"geometry":{"type":"Point","coordinates":[35.67316414,33.78342348]}},
{"type":"Feature","properties":{"Governorate":"Mount Lebanon","District":"Aley","Cadaster Zone":"Baaouerta","Cadaster Name":"Baouarta","ACS Code":24235,"Longitude":35.48815559,"Latitude":33.73907734,"IDPs Outside Shelters":481,"Families Outside Shelters":108},"geometry":{"type":"Point","coordinates":[35.48815559,33.73907734]}},
{"type":"Feature","properties":{"Governorate":"Mount Lebanon","District":"Aley","Cadaster Zone":"Aaley","Cadaster Name":"Aley","ACS Code":24311,"Longitude":35.60392866,"Latitude":33.80588505,"IDPs Outside Shelters":437,"Families Outside Shelters":98},"geometry":{"type":"Point","coordinates":[35.60392866,33.80588505]}},
{"type":"Feature","properties":{"Governorate":"Mount Lebanon","District":"Aley","Cadaster Zone":"Mejdlaiya","Cadaster Name":"Mejdlaya","ACS Code":24349,"Longitude":35.57375578,"Latitude":33.75870804,"IDPs Outside Shelters":304,"Families Outside Shelters":68},"geometry":{"type":"Point","coordinates":[35.57375578,33.75870804]}},
{"type":"Feature","properties":{"Governorate":"Mount Lebanon","District":"Aley","Cadaster Zone":"Choueifat El-Quoubbe","Cadaster Name":"Chouaifat Qobbat","ACS Code":24133,"Longitude":35.48529825,"Latitude":33.7894874,"IDPs Outside Shelters":284,"Families Outside Shelters":62},"geometry":{"type":"Point","coordinates":[35.48529825,33.7894874]}},
{"type":"Feature","properties":{"Governorate":"Mount Lebanon","District":"Aley","Cadaster Zone":"Bedghan Oua Ouadi Bedghan","Cadaster Name":"Bedghane","ACS Code":24434,"Longitude":35.67641786,"Latitude":33.77370719,"IDPs Outside Shelters":149,"Families Outside Shelters":34},"geometry":{"type":"Point","coordinates":[35.67641786,33.77370719]}},
{"type":"Feature","properties":{"Governorate":"Mount Lebanon","District":"Aley","Cadaster Zone":"Binnay","Cadaster Name":"El-Bennayé","ACS Code":24369,"Longitude":35.55021485,"Latitude":33.73198929,"IDPs Outside Shelters":147,"Families Outside Shelters":47},"geometry":{"type":"Point","coordinates":[35.55021485,33.73198929]}},
{"type":"Feature","properties":{"Governorate":"Mount Lebanon","District":"Aley","Cadaster Zone":"Blaybel","Cadaster Name":"Bleibel","ACS Code":24267,"Longitude":35.54915,"Latitude":33.8086613,"IDPs Outside Shelters":139,"Families Outside Shelters":32},"geometry":{"type":"Point","coordinates":[35.54915,33.8086613]}},
{"type":"Feature","properties":{"Governorate":"Mount Lebanon","District":"Aley","Cadaster Zone":"Mcherfe","Cadaster Name":"El-Mechrefeh","ACS Code":24457,"Longitude":35.65874698,"Latitude":33.75968715,"IDPs Outside Shelters":139,"Families Outside Shelters":38},"geometry":{"type":"Point","coordinates":[35.65874698,33.75968715]}},
{"type":"Feature","properties":{"Governorate":"Mount Lebanon","District":"Aley","Cadaster Zone":"Rimhala","Cadaster Name":"Remhala","ACS Code":24367,"Longitude":35.55660388,"Latitude":33.74450033,"IDPs Outside Shelters":139,"Families Outside Shelters":32},"geometry":{"type":"Point","coordinates":[35.55660388,33.74450033]}},
{"type":"Feature","properties":{"Governorate":"Mount Lebanon","District":"Aley","Cadaster Zone":"Saoufar","Cadaster Name":"Aïn Sofar","ACS Code":24427,"Longitude":35.69454774,"Latitude":33.80210311,"IDPs Outside Shelters":139,"Families Outside Shelters":32},"geometry":{"type":"Point","coordinates":[35.69454774,33.80210311]}},
{"type":"Feature","properties":{"Governorate":"Mount Lebanon","District":"Aley","Cadaster Zone":"Sirhmoul","Cadaster Name":"Sarahmoul","ACS Code":24227,"Longitude":35.52920378,"Latitude":33.76993741,"IDPs Outside Shelters":139,"Families Outside Shelters":32},"geometry":{"type":"Point","coordinates":[35.52920378,33.76993741]}},
{"type":"Feature","properties":{"Governorate":"Mount Lebanon","District":"Aley","Cadaster Zone":"Aain Ksour","Cadaster Name":"Aïn Ksour","ACS Code":24371,"Longitude":35.53513608,"Latitude":33.74630494,"IDPs Outside Shelters":129,"Families Outside Shelters":27},"geometry":{"type":"Point","coordinates":[35.53513608,33.74630494]}},
{"type":"Feature","properties":{"Governorate":"Mount Lebanon","District":"Aley","Cadaster Zone":"Aain Dara","Cadaster Name":"Aïn-Dara","ACS Code":24477,"Longitude":35.758119,"Latitude":33.7838675,"IDPs Outside Shelters":106,"Families Outside Shelters":15},"geometry":{"type":"Point","coordinates":[35.758119,33.7838675]}},
{"type":"Feature","properties":{"Governorate":"Mount Lebanon","District":"Aley","Cadaster Zone":"Bayssour Aaley","Cadaster Name":"Baïssour","ACS Code":24343,"Longitude":35.5688155,"Latitude":33.76827155,"IDPs Outside Shelters":104,"Families Outside Shelters":24},"geometry":{"type":"Point","coordinates":[35.5688155,33.76827155]}},
{"type":"Feature","properties":{"Governorate":"Mount Lebanon","District":"Aley","Cadaster Zone":"Aabey","Cadaster Name":"Abey","ACS Code":24375,"Longitude":35.5241538,"Latitude":33.73843663,"IDPs Outside Shelters":94,"Families Outside Shelters":22},"geometry":{"type":"Point","coordinates":[35.5241538,33.73843663]}},
{"type":"Feature","properties":{"Governorate":"Mount Lebanon","District":"Aley","Cadaster Zone":"Aaley Bsatine","Cadaster Name":"El-Fsaïkine","ACS Code":24365,"Longitude":35.52683037,"Latitude":33.75430761,"IDPs Outside Shelters":94,"Families Outside Shelters":22},"geometry":{"type":"Point","coordinates":[35.52683037,33.75430761]}},
{"type":"Feature","properties":{"Governorate":"Mount Lebanon","District":"Aley","Cadaster Zone":"Bkhichtay","Cadaster Name":"Bkhichtay","ACS Code":24321,"Longitude":35.61985855,"Latitude":33.79856957,"IDPs Outside Shelters":94,"Families Outside Shelters":22},"geometry":{"type":"Point","coordinates":[35.61985855,33.79856957]}},
{"type":"Feature","properties":{"Governorate":"Mount Lebanon","District":"Aley","Cadaster Zone":"Chanay","Cadaster Name":"Chanay","ACS Code":24417,"Longitude":35.66058532,"Latitude":33.7871161,"IDPs Outside Shelters":94,"Families Outside Shelters":22},"geometry":{"type":"Point","coordinates":[35.66058532,33.7871161]}},
{"type":"Feature","properties":{"Governorate":"Mount Lebanon","District":"Aley","Cadaster Zone":"Choueifat El-Aamrousiye","Cadaster Name":"Chouaifat Amroussyat","ACS Code":24111,"Longitude":35.51162549,"Latitude":33.81772695,"IDPs Outside Shelters":67,"Families Outside Shelters":17},"geometry":{"type":"Point","coordinates":[35.51162549,33.81772695]}},
{"type":"Feature","properties":{"Governorate":"Mount Lebanon","District":"Aley","Cadaster Zone":"Aain Er-Roummane Aaley","Cadaster Name":"Aïn-Rommané","ACS Code":24317,"Longitude":35.5871411,"Latitude":33.80387292,"IDPs Outside Shelters":54,"Families Outside Shelters":13},"geometry":{"type":"Point","coordinates":[35.5871411,33.80387292]}},
{"type":"Feature","properties":{"Governorate":"Mount Lebanon","District":"Aley","Cadaster Zone":"Aaytat","Cadaster Name":"Aïtate","ACS Code":24329,"Longitude":35.55573064,"Latitude":33.79471556,"IDPs Outside Shelters":49,"Families Outside Shelters":12},"geometry":{"type":"Point","coordinates":[35.55573064,33.79471556]}},
{"type":"Feature","properties":{"Governorate":"Mount Lebanon","District":"Aley","Cadaster Zone":"Kfar Matta","Cadaster Name":"Kfar Matta","ACS Code":24377,"Longitude":35.51317101,"Latitude":33.71876438,"IDPs Outside Shelters":49,"Families Outside Shelters":12},"geometry":{"type":"Point","coordinates":[35.51317101,33.71876438]}},
{"type":"Feature","properties":{"Governorate":"Mount Lebanon","District":"Aley","Cadaster Zone":"Bmahray","Cadaster Name":"Bmehraï","ACS Code":24484,"Longitude":35.75413334,"Latitude":33.75711254,"IDPs Outside Shelters":44,"Families Outside Shelters":12},"geometry":{"type":"Point","coordinates":[35.75413334,33.75711254]}},
{"type":"Feature","properties":{"Governorate":"Mount Lebanon","District":"Aley","Cadaster Zone":"Choueifat El-Oumara","Cadaster Name":"Chouaifat Oumara","ACS Code":24155,"Longitude":35.50314434,"Latitude":33.81074505,"IDPs Outside Shelters":44,"Families Outside Shelters":12},"geometry":{"type":"Point","coordinates":[35.50314434,33.81074505]}},
{"type":"Feature","properties":{"Governorate":"Mount Lebanon","District":"Aley","Cadaster Zone":"Maasrati","Cadaster Name":"Maasraïti","ACS Code":24471,"Longitude":35.63372322,"Latitude":33.74931861,"IDPs Outside Shelters":39,"Families Outside Shelters":6},"geometry":{"type":"Point","coordinates":[35.63372322,33.74931861]}},
{"type":"Feature","properties":{"Governorate":"Mount Lebanon","District":"Aley","Cadaster Zone":"Chartoun","Cadaster Name":"Chartoun","ACS Code":24353,"Longitude":35.58644854,"Latitude":33.75407198,"IDPs Outside Shelters":29,"Families Outside Shelters":7},"geometry":{"type":"Point","coordinates":[35.58644854,33.75407198]}},
{"type":"Feature","properties":{"Governorate":"Mount Lebanon","District":"Aley","Cadaster Zone":"Charoun","Cadaster Name":"Charoun","ACS Code":24444,"Longitude":35.69672652,"Latitude":33.78036531,"IDPs Outside Shelters":26,"Families Outside Shelters":7},"geometry":{"type":"Point","coordinates":[35.69672652,33.78036531]}},
{"type":"Feature","properties":{"Governorate":"Mount Lebanon","District":"Aley","Cadaster Zone":"Chimlane","Cadaster Name":"Chamlane","ACS Code":24339,"Longitude":35.54835391,"Latitude":33.77924053,"IDPs Outside Shelters":24,"Families Outside Shelters":7},"geometry":{"type":"Point","coordinates":[35.54835391,33.77924053]}},
{"type":"Feature","properties":{"Governorate":"Mount Lebanon","District":"Aley","Cadaster Zone":"Rijme","Cadaster Name":"El-Rejmeh","ACS Code":24335,"Longitude":35.61513877,"Latitude":33.78970962,"IDPs Outside Shelters":22,"Families Outside Shelters":6},"geometry":{"type":"Point","coordinates":[35.61513877,33.78970962]}},
{"type":"Feature","properties":{"Governorate":"Mount Lebanon","District":"Aley","Cadaster Zone":"Behouara","Cadaster Name":"Bhouara","ACS Code":24327,"Longitude":35.59969898,"Latitude":33.78936765,"IDPs Outside Shelters":19,"Families Outside Shelters":5},"geometry":{"type":"Point","coordinates":[35.59969898,33.78936765]}},
{"type":"Feature","properties":{"Governorate":"Mount Lebanon","District":"Aley","Cadaster Zone":"Aazouniye","Cadaster Name":"EL-Azouniyeh","ACS Code":24454,"Longitude":35.70883732,"Latitude":33.77903829,"IDPs Outside Shelters":14,"Families Outside Shelters":4},"geometry":{"type":"Point","coordinates":[35.70883732,33.77903829]}},
{"type":"Feature","properties":{"Governorate":"Mount Lebanon","District":"Aley","Cadaster Zone":"Ighmid","Cadaster Name":"Aghmide","ACS Code":24451,"Longitude":35.69394,"Latitude":33.75947958,"IDPs Outside Shelters":13,"Families Outside Shelters":4},"geometry":{"type":"Point","coordinates":[35.69394,33.75947958]}},
{"type":"Feature","properties":{"Governorate":"Mount Lebanon","District":"Aley","Cadaster Zone":"Ramlie","Cadaster Name":"El-Ramliyeh","ACS Code":24467,"Longitude":35.65713754,"Latitude":33.74588549,"IDPs Outside Shelters":13,"Families Outside Shelters":4},"geometry":{"type":"Point","coordinates":[35.65713754,33.74588549]}},
{"type":"Feature","properties":{"Governorate":"Mount Lebanon","District":"Aley","Cadaster Zone":"Taazaniye","Cadaster Name":"Bteezanieh","ACS Code":24333,"Longitude":35.62358034,"Latitude":33.78499016,"IDPs Outside Shelters":13,"Families Outside Shelters":4},"geometry":{"type":"Point","coordinates":[35.62358034,33.78499016]}},
{"type":"Feature","properties":{"Governorate":"Mount Lebanon","District":"Aley","Cadaster Zone":"Ghaboune","Cadaster Name":"El-Ghaboun","ACS Code":24323,"Longitude":35.59242675,"Latitude":33.78279898,"IDPs Outside Shelters":12,"Families Outside Shelters":3},"geometry":{"type":"Point","coordinates":[35.59242675,33.78279898]}},
{"type":"Feature","properties":{"Governorate":"Mount Lebanon","District":"Aley","Cadaster Zone":"Aain Aanoub","Cadaster Name":"Aïn-Enoub","ACS Code":24259,"Longitude":35.53927726,"Latitude":33.79235088,"IDPs Outside Shelters":0,"Families Outside Shelters":0},"geometry":{"type":"Point","coordinates":[35.53927726,33.79235088]}},
{"type":"Feature","properties":{"Governorate":"Mount Lebanon","District":"Aley","Cadaster Zone":"Aain Drafil","Cadaster Name":"Aïn Drafile","ACS Code":24219,"Longitude":35.49992946,"Latitude":33.75281791,"IDPs Outside Shelters":0,"Families Outside Shelters":0},"geometry":{"type":"Point","coordinates":[35.49992946,33.75281791]}},
{"type":"Feature","properties":{"Governorate":"Mount Lebanon","District":"Aley","Cadaster Zone":"Aain Ej-Jdide Aaley","Cadaster Name":"Aïn-El-Jdeidé","ACS Code":24325,"Longitude":35.63023454,"Latitude":33.80703478,"IDPs Outside Shelters":0,"Families Outside Shelters":0},"geometry":{"type":"Point","coordinates":[35.63023454,33.80703478]}},
{"type":"Feature","properties":{"Governorate":"Mount Lebanon","District":"Aley","Cadaster Zone":"Aain El Halazoun","Cadaster Name":"Aïn El-Halzoune","ACS Code":24431,"Longitude":35.64907966,"Latitude":33.77120244,"IDPs Outside Shelters":0,"Families Outside Shelters":0},"geometry":{"type":"Point","coordinates":[35.64907966,33.77120244]}},
{"type":"Feature","properties":{"Governorate":"Mount Lebanon","District":"Aley","Cadaster Zone":"Aain Traz","Cadaster Name":"Aïn Traz","ACS Code":24361,"Longitude":35.58210239,"Latitude":33.73387199,"IDPs Outside Shelters":0,"Families Outside Shelters":0},"geometry":{"type":"Point","coordinates":[35.58210239,33.73387199]}},
{"type":"Feature","properties":{"Governorate":"Mount Lebanon","District":"Aley","Cadaster Zone":"Bdadoun","Cadaster Name":"Bdédoune","ACS Code":24283,"Longitude":35.56811571,"Latitude":33.80858468,"IDPs Outside Shelters":0,"Families Outside Shelters":0},"geometry":{"type":"Point","coordinates":[35.56811571,33.80858468]}},
{"type":"Feature","properties":{"Governorate":"Mount Lebanon","District":"Aley","Cadaster Zone":"Bedghan Oua Ouadi Bedghan","Cadaster Name":"Bedghane","ACS Code":24434,"Longitude":35.64843802,"Latitude":33.76527404,"IDPs Outside Shelters":0,"Families Outside Shelters":0},"geometry":{"type":"Point","coordinates":[35.64843802,33.76527404]}},
{"type":"Feature","properties":{"Governorate":"Mount Lebanon","District":"Aley","Cadaster Zone":"Bmakine","Cadaster Name":"Bmakkine","ACS Code":24319,"Longitude":35.56979221,"Latitude":33.79934847,"IDPs Outside Shelters":0,"Families Outside Shelters":0},"geometry":{"type":"Point","coordinates":[35.56979221,33.79934847]}},
{"type":"Feature","properties":{"Governorate":"Mount Lebanon","District":"Aley","Cadaster Zone":"Bou Zride","Cadaster Name":"Bouzridé","ACS Code":24355,"Longitude":35.57612418,"Latitude":33.74581788,"IDPs Outside Shelters":0,"Families Outside Shelters":0},"geometry":{"type":"Point","coordinates":[35.57612418,33.74581788]}},
{"type":"Feature","properties":{"Governorate":"Mount Lebanon","District":"Aley","Cadaster Zone":"Bserrine","Cadaster Name":"Bisrine","ACS Code":24464,"Longitude":35.63958305,"Latitude":33.75647159,"IDPs Outside Shelters":0,"Families Outside Shelters":0},"geometry":{"type":"Point","coordinates":[35.63958305,33.75647159]}},
{"type":"Feature","properties":{"Governorate":"Mount Lebanon","District":"Aley","Cadaster Zone":"Bsous","Cadaster Name":"Bsous","ACS Code":24291,"Longitude":35.5795498,"Latitude":33.81441541,"IDPs Outside Shelters":0,"Families Outside Shelters":0},"geometry":{"type":"Point","coordinates":[35.5795498,33.81441541]}},
{"type":"Feature","properties":{"Governorate":"Mount Lebanon","District":"Aley","Cadaster Zone":"Btalloun","Cadaster Name":"Btallaoun","ACS Code":24421,"Longitude":35.63409184,"Latitude":33.79101236,"IDPs Outside Shelters":0,"Families Outside Shelters":0},"geometry":{"type":"Point","coordinates":[35.63409184,33.79101236]}},
{"type":"Feature","properties":{"Governorate":"Mount Lebanon","District":"Aley","Cadaster Zone":"Btater","Cadaster Name":"Btater","ACS Code":24447,"Longitude":35.62505458,"Latitude":33.76762926,"IDPs Outside Shelters":0,"Families Outside Shelters":0},"geometry":{"type":"Point","coordinates":[35.62505458,33.76762926]}},
{"type":"Feature","properties":{"Governorate":"Mount Lebanon","District":"Aley","Cadaster Zone":"Daqqoun","Cadaster Name":"Dakkoun","ACS Code":24251,"Longitude":35.50408305,"Latitude":33.72737843,"IDPs Outside Shelters":0,"Families Outside Shelters":0},"geometry":{"type":"Point","coordinates":[35.50408305,33.72737843]}},
{"type":"Feature","properties":{"Governorate":"Mount Lebanon","District":"Aley","Cadaster Zone":"Deir Qoubel","Cadaster Name":"Deir-Koubel","ACS Code":24177,"Longitude":35.51287638,"Latitude":33.7940379,"IDPs Outside Shelters":0,"Families Outside Shelters":0},"geometry":{"type":"Point","coordinates":[35.51287638,33.7940379]}},
{"type":"Feature","properties":{"Governorate":"Mount Lebanon","District":"Aley","Cadaster Zone":"Dfoun","Cadaster Name":"Dfoun","ACS Code":24357,"Longitude":35.5589105,"Latitude":33.7488596,"IDPs Outside Shelters":0,"Families Outside Shelters":0},"geometry":{"type":"Point","coordinates":[35.5589105,33.7488596]}},
{"type":"Feature","properties":{"Governorate":"Mount Lebanon","District":"Aley","Cadaster Zone":"Douair Er-Remmane","Cadaster Name":"Douair El-Roummane","ACS Code":24345,"Longitude":35.58184998,"Latitude":33.75526833,"IDPs Outside Shelters":0,"Families Outside Shelters":0},"geometry":{"type":"Point","coordinates":[35.58184998,33.75526833]}},
{"type":"Feature","properties":{"Governorate":"Mount Lebanon","District":"Aley","Cadaster Zone":"Habramoun","Cadaster Name":"Habramoun","ACS Code":24461,"Longitude":35.64591429,"Latitude":33.75842216,"IDPs Outside Shelters":0,"Families Outside Shelters":0},"geometry":{"type":"Point","coordinates":[35.64591429,33.75842216]}},
{"type":"Feature","properties":{"Governorate":"Mount Lebanon","District":"Aley","Cadaster Zone":"Homs Oua Hama","Cadaster Name":"Homs et Hama","ACS Code":24437,"Longitude":35.65233493,"Latitude":33.7686919,"IDPs Outside Shelters":0,"Families Outside Shelters":0},"geometry":{"type":"Point","coordinates":[35.65233493,33.7686919]}},
{"type":"Feature","properties":{"Governorate":"Mount Lebanon","District":"Aley","Cadaster Zone":"Houmal","Cadaster Name":"Houmale","ACS Code":24275,"Longitude":35.55774687,"Latitude":33.81043515,"IDPs Outside Shelters":0,"Families Outside Shelters":0},"geometry":{"type":"Point","coordinates":[35.55774687,33.81043515]}},
{"type":"Feature","properties":{"Governorate":"Mount Lebanon","District":"Aley","Cadaster Zone":"Jisr El Qadi","Cadaster Name":"Jisr El Qadi","ACS Code":24373,"Longitude":35.5622452,"Latitude":33.72697634,"IDPs Outside Shelters":0,"Families Outside Shelters":0},"geometry":{"type":"Point","coordinates":[35.5622452,33.72697634]}},
{"type":"Feature","properties":{"Governorate":"Mount Lebanon","District":"Aley","Cadaster Zone":"Kahhale","Cadaster Name":"El-Kahalé","ACS Code":24313,"Longitude":35.58654892,"Latitude":33.82094938,"IDPs Outside Shelters":0,"Families Outside Shelters":0},"geometry":{"type":"Point","coordinates":[35.58654892,33.82094938]}},
{"type":"Feature","properties":{"Governorate":"Mount Lebanon","District":"Aley","Cadaster Zone":"Kfar Aamay","Cadaster Name":"Kfar-Aammay","ACS Code":24341,"Longitude":35.59339516,"Latitude":33.76937806,"IDPs Outside Shelters":0,"Families Outside Shelters":0},"geometry":{"type":"Point","coordinates":[35.59339516,33.76937806]}},
{"type":"Feature","properties":{"Governorate":"Mount Lebanon","District":"Aley","Cadaster Zone":"litige","Cadaster Name":"litige","ACS Code":24001,"Longitude":35.64263412,"Latitude":33.76923947,"IDPs Outside Shelters":0,"Families Outside Shelters":0},"geometry":{"type":"Point","coordinates":[35.64263412,33.76923947]}},
{"type":"Feature","properties":{"Governorate":"Mount Lebanon","District":"Aley","Cadaster Zone":"litige","Cadaster Name":"litige","ACS Code":24002,"Longitude":35.59554594,"Latitude":33.76174522,"IDPs Outside Shelters":0,"Families Outside Shelters":0},"geometry":{"type":"Point","coordinates":[35.59554594,33.76174522]}},
{"type":"Feature","properties":{"Governorate":"Mount Lebanon","District":"Aley","Cadaster Zone":"litige","Cadaster Name":"litige","ACS Code":24003,"Longitude":35.63295447,"Latitude":33.7571415,"IDPs Outside Shelters":0,"Families Outside Shelters":0},"geometry":{"type":"Point","coordinates":[35.63295447,33.7571415]}},
{"type":"Feature","properties":{"Governorate":"Mount Lebanon","District":"Aley","Cadaster Zone":"litige","Cadaster Name":"litige","ACS Code":24005,"Longitude":35.64181729,"Latitude":33.75071634,"IDPs Outside Shelters":0,"Families Outside Shelters":0},"geometry":{"type":"Point","coordinates":[35.64181729,33.75071634]}},
{"type":"Feature","properties":{"Governorate":"Mount Lebanon","District":"Aley","Cadaster Zone":"litige","Cadaster Name":"litige","ACS Code":24004,"Longitude":35.63034639,"Latitude":33.75242653,"IDPs Outside Shelters":0,"Families Outside Shelters":0},"geometry":{"type":"Point","coordinates":[35.63034639,33.75242653]}},
{"type":"Feature","properties":{"Governorate":"Mount Lebanon","District":"Aley","Cadaster Zone":"litige","Cadaster Name":"litige","ACS Code":24006,"Longitude":35.64076253,"Latitude":33.74965116,"IDPs Outside Shelters":0,"Families Outside Shelters":0},"geometry":{"type":"Point","coordinates":[35.64076253,33.74965116]}},
{"type":"Feature","properties":{"Governorate":"Mount Lebanon","District":"Aley","Cadaster Zone":"litige","Cadaster Name":"litige","ACS Code":24007,"Longitude":35.57380015,"Latitude":33.74326606,"IDPs Outside Shelters":0,"Families Outside Shelters":0},"geometry":{"type":"Point","coordinates":[35.57380015,33.74326606]}},
{"type":"Feature","properties":{"Governorate":"Mount Lebanon","District":"Aley","Cadaster Zone":"litige","Cadaster Name":"litige","ACS Code":24008,"Longitude":35.54406721,"Latitude":33.74396299,"IDPs Outside Shelters":0,"Families Outside Shelters":0},"geometry":{"type":"Point","coordinates":[35.54406721,33.74396299]}},
{"type":"Feature","properties":{"Governorate":"Mount Lebanon","District":"Aley","Cadaster Zone":"litige","Cadaster Name":"litige","ACS Code":24009,"Longitude":35.55352042,"Latitude":33.72142138,"IDPs Outside Shelters":0,"Families Outside Shelters":0},"geometry":{"type":"Point","coordinates":[35.55352042,33.72142138]}},
{"type":"Feature","properties":{"Governorate":"Mount Lebanon","District":"Aley","Cadaster Zone":"Mansouriyet Bhamdoun","Cadaster Name":"El-Mansouriyeh et Aïn-El-Marge","ACS Code":24441,"Longitude":35.61723707,"Latitude":33.77879205,"IDPs Outside Shelters":0,"Families Outside Shelters":0},"geometry":{"type":"Point","coordinates":[35.61723707,33.77879205]}},
{"type":"Feature","properties":{"Governorate":"Mount Lebanon","District":"Aley","Cadaster Zone":"Mazraat En-Nahr Aaley","Cadaster Name":"Mazraet El-Nahr","ACS Code":24474,"Longitude":35.64364658,"Latitude":33.75197373,"IDPs Outside Shelters":0,"Families Outside Shelters":0},"geometry":{"type":"Point","coordinates":[35.64364658,33.75197373]}},
{"type":"Feature","properties":{"Governorate":"Mount Lebanon","District":"Aley","Cadaster Zone":"Mchekhti","Cadaster Name":"Mchakhté","ACS Code":24443,"Longitude":35.70471281,"Latitude":33.75818942,"IDPs Outside Shelters":0,"Families Outside Shelters":0},"geometry":{"type":"Point","coordinates":[35.70471281,33.75818942]}},
{"type":"Feature","properties":{"Governorate":"Mount Lebanon","District":"Aley","Cadaster Zone":"Mrayjat Aaley","Cadaster Name":"El-Mreijate","ACS Code":24481,"Longitude":35.67653806,"Latitude":33.74427646,"IDPs Outside Shelters":0,"Families Outside Shelters":0},"geometry":{"type":"Point","coordinates":[35.67653806,33.74427646]}},
{"type":"Feature","properties":{"Governorate":"Mount Lebanon","District":"Aley","Cadaster Zone":"Richmaiya","Cadaster Name":"Rechmaya","ACS Code":24359,"Longitude":35.60607826,"Latitude":33.73847472,"IDPs Outside Shelters":0,"Families Outside Shelters":0},"geometry":{"type":"Point","coordinates":[35.60607826,33.73847472]}},
{"type":"Feature","properties":{"Governorate":"Mount Lebanon","District":"Aley","Cadaster Zone":"Rouayssat En-Naamane","Cadaster Name":"Roueissat El-Naaman","ACS Code":24347,"Longitude":35.60331182,"Latitude":33.75361235,"IDPs Outside Shelters":0,"Families Outside Shelters":0},"geometry":{"type":"Point","coordinates":[35.60331182,33.75361235]}},
{"type":"Feature","properties":{"Governorate":"Mount Lebanon","District":"Aley","Cadaster Zone":"Selfaya","Cadaster Name":"Selfaya","ACS Code":24363,"Longitude":35.57033958,"Latitude":33.73314269,"IDPs Outside Shelters":0,"Families Outside Shelters":0},"geometry":{"type":"Point","coordinates":[35.57033958,33.73314269]}},
{"type":"Feature","properties":{"Governorate":"Mount Lebanon","District":"Aley","Cadaster Zone":"Souq El-Gharb","Cadaster Name":"Souk-El-Gharb","ACS Code":24331,"Longitude":35.57248829,"Latitude":33.79041523,"IDPs Outside Shelters":0,"Families Outside Shelters":0},"geometry":{"type":"Point","coordinates":[35.57248829,33.79041523]}},
{"type":"Feature","properties":{"Governorate":"Mount Lebanon","District":"Baabda","Cadaster Zone":"Baabda","Cadaster Name":"Baabda","ACS Code":21211,"Longitude":35.54584004,"Latitude":33.84547491,"IDPs Outside Shelters":4164,"Families Outside Shelters":842},"geometry":{"type":"Point","coordinates":[35.54584004,33.84547491]}},
{"type":"Feature","properties":{"Governorate":"Mount Lebanon","District":"Baabda","Cadaster Zone":"Hadath Beyrouth","Cadaster Name":"Hadace","ACS Code":21219,"Longitude":35.52696075,"Latitude":33.83736812,"IDPs Outside Shelters":602,"Families Outside Shelters":150},"geometry":{"type":"Point","coordinates":[35.52696075,33.83736812]}},
{"type":"Feature","properties":{"Governorate":"Mount Lebanon","District":"Baabda","Cadaster Zone":"Aabadiye","Cadaster Name":"El-Abadiyeh","ACS Code":21341,"Longitude":35.62287332,"Latitude":33.83168888,"IDPs Outside Shelters":344,"Families Outside Shelters":52},"geometry":{"type":"Point","coordinates":[35.62287332,33.83168888]}},
{"type":"Feature","properties":{"Governorate":"Mount Lebanon","District":"Baabda","Cadaster Zone":"Haret Es-Sit","Cadaster Name":"Haret -el-Sit","ACS Code":21275,"Longitude":35.5677474,"Latitude":33.82528034,"IDPs Outside Shelters":319,"Families Outside Shelters":72},"geometry":{"type":"Point","coordinates":[35.5677474,33.82528034]}},
{"type":"Feature","properties":{"Governorate":"Mount Lebanon","District":"Baabda","Cadaster Zone":"Kfar Chima","Cadaster Name":"Kfarchima","ACS Code":21251,"Longitude":35.53442045,"Latitude":33.81550749,"IDPs Outside Shelters":304,"Families Outside Shelters":77},"geometry":{"type":"Point","coordinates":[35.53442045,33.81550749]}},
{"type":"Feature","properties":{"Governorate":"Mount Lebanon","District":"Baabda","Cadaster Zone":"Louayze Baabda","Cadaster Name":"Louaizé","ACS Code":21243,"Longitude":35.56929237,"Latitude":33.83938262,"IDPs Outside Shelters":304,"Families Outside Shelters":62},"geometry":{"type":"Point","coordinates":[35.56929237,33.83938262]}},
{"type":"Feature","properties":{"Governorate":"Mount Lebanon","District":"Baabda","Cadaster Zone":"Ras El Matn","Cadaster Name":"Ras el Meten","ACS Code":21351,"Longitude":35.65692763,"Latitude":33.84549991,"IDPs Outside Shelters":302,"Families Outside Shelters":68},"geometry":{"type":"Point","coordinates":[35.65692763,33.84549991]}},
{"type":"Feature","properties":{"Governorate":"Mount Lebanon","District":"Baabda","Cadaster Zone":"Furn Ech-Chebbak","Cadaster Name":"Forn El-Chobbek","ACS Code":21133,"Longitude":35.52687677,"Latitude":33.87136651,"IDPs Outside Shelters":287,"Families Outside Shelters":65},"geometry":{"type":"Point","coordinates":[35.52687677,33.87136651]}},
{"type":"Feature","properties":{"Governorate":"Mount Lebanon","District":"Baabda","Cadaster Zone":"Ouadi Chahrour Es-Soufla","Cadaster Name":"Wadi Chahrour el Soufla","ACS Code":21259,"Longitude":35.55440785,"Latitude":33.82234278,"IDPs Outside Shelters":274,"Families Outside Shelters":35},"geometry":{"type":"Point","coordinates":[35.55440785,33.82234278]}},
{"type":"Feature","properties":{"Governorate":"Mount Lebanon","District":"Baabda","Cadaster Zone":"Bmaryam","Cadaster Name":"Bmariam","ACS Code":21436,"Longitude":35.70878459,"Latitude":33.82943665,"IDPs Outside Shelters":112,"Families Outside Shelters":26},"geometry":{"type":"Point","coordinates":[35.70878459,33.82943665]}},
{"type":"Feature","properties":{"Governorate":"Mount Lebanon","District":"Baabda","Cadaster Zone":"Qobbayaa","Cadaster Name":"Kobbaï","ACS Code":21357,"Longitude":35.69457159,"Latitude":33.81270152,"IDPs Outside Shelters":104,"Families Outside Shelters":22},"geometry":{"type":"Point","coordinates":[35.69457159,33.81270152]}},
{"type":"Feature","properties":{"Governorate":"Mount Lebanon","District":"Baabda","Cadaster Zone":"Rouayssrt El-Ballout","Cadaster Name":"Roueissat-el-Ballout","ACS Code":21317,"Longitude":35.64830377,"Latitude":33.82675967,"IDPs Outside Shelters":104,"Families Outside Shelters":22},"geometry":{"type":"Point","coordinates":[35.64830377,33.82675967]}},
{"type":"Feature","properties":{"Governorate":"Mount Lebanon","District":"Baabda","Cadaster Zone":"Deir El-harf","Cadaster Name":"Deir El-Harf","ACS Code":21367,"Longitude":35.68930357,"Latitude":33.84881879,"IDPs Outside Shelters":99,"Families Outside Shelters":23},"geometry":{"type":"Point","coordinates":[35.68930357,33.84881879]}},
{"type":"Feature","properties":{"Governorate":"Mount Lebanon","District":"Baabda","Cadaster Zone":"Ouadi Chahrour El Aaoulia","Cadaster Name":"Wadi Chahrour el Olia","ACS Code":21267,"Longitude":35.56520456,"Latitude":33.81766691,"IDPs Outside Shelters":94,"Families Outside Shelters":22},"geometry":{"type":"Point","coordinates":[35.56520456,33.81766691]}},
{"type":"Feature","properties":{"Governorate":"Mount Lebanon","District":"Baabda","Cadaster Zone":"Aaraiya","Cadaster Name":"Araya","ACS Code":21371,"Longitude":35.58791449,"Latitude":33.83200497,"IDPs Outside Shelters":74,"Families Outside Shelters":19},"geometry":{"type":"Point","coordinates":[35.58791449,33.83200497]}},
{"type":"Feature","properties":{"Governorate":"Mount Lebanon","District":"Baabda","Cadaster Zone":"Zandouqa","Cadaster Name":"Zandouka","ACS Code":21374,"Longitude":35.63740424,"Latitude":33.86733438,"IDPs Outside Shelters":74,"Families Outside Shelters":12},"geometry":{"type":"Point","coordinates":[35.63740424,33.86733438]}},
{"type":"Feature","properties":{"Governorate":"Mount Lebanon","District":"Baabda","Cadaster Zone":"Chouit","Cadaster Name":"Chouit","ACS Code":21354,"Longitude":35.60510119,"Latitude":33.82989123,"IDPs Outside Shelters":71,"Families Outside Shelters":17},"geometry":{"type":"Point","coordinates":[35.60510119,33.82989123]}},
{"type":"Feature","properties":{"Governorate":"Mount Lebanon","District":"Baabda","Cadaster Zone":"Chiyah","Cadaster Name":"Chiah","ACS Code":21111,"Longitude":35.50008787,"Latitude":33.85640091,"IDPs Outside Shelters":69,"Families Outside Shelters":15},"geometry":{"type":"Point","coordinates":[35.50008787,33.85640091]}},
{"type":"Feature","properties":{"Governorate":"Mount Lebanon","District":"Baabda","Cadaster Zone":"Khreibet Baabda","Cadaster Name":"El-Khreibé","ACS Code":21431,"Longitude":35.71542133,"Latitude":33.82525603,"IDPs Outside Shelters":64,"Families Outside Shelters":14},"geometry":{"type":"Point","coordinates":[35.71542133,33.82525603]}},
{"type":"Feature","properties":{"Governorate":"Mount Lebanon","District":"Baabda","Cadaster Zone":"Falougha","Cadaster Name":"Falougha","ACS Code":21446,"Longitude":35.76578781,"Latitude":33.82787461,"IDPs Outside Shelters":54,"Families Outside Shelters":12},"geometry":{"type":"Point","coordinates":[35.76578781,33.82787461]}},
{"type":"Feature","properties":{"Governorate":"Mount Lebanon","District":"Baabda","Cadaster Zone":"Bzebdine","Cadaster Name":"Bzebdine","ACS Code":21466,"Longitude":35.73765126,"Latitude":33.87306344,"IDPs Outside Shelters":44,"Families Outside Shelters":6},"geometry":{"type":"Point","coordinates":[35.73765126,33.87306344]}},
{"type":"Feature","properties":{"Governorate":"Mount Lebanon","District":"Baabda","Cadaster Zone":"Salima Baabda","Cadaster Name":"Salima","ACS Code":21394,"Longitude":35.69893001,"Latitude":33.87259601,"IDPs Outside Shelters":44,"Families Outside Shelters":9},"geometry":{"type":"Point","coordinates":[35.69893001,33.87259601]}},
{"type":"Feature","properties":{"Governorate":"Mount Lebanon","District":"Baabda","Cadaster Zone":"Hammana","Cadaster Name":"Hammana","ACS Code":21411,"Longitude":35.73866735,"Latitude":33.81286525,"IDPs Outside Shelters":24,"Families Outside Shelters":6},"geometry":{"type":"Point","coordinates":[35.73866735,33.81286525]}},
{"type":"Feature","properties":{"Governorate":"Mount Lebanon","District":"Baabda","Cadaster Zone":"Qalaat Baabda","Cadaster Name":"El-Kalaa","ACS Code":21416,"Longitude":35.72793564,"Latitude":33.837313,"IDPs Outside Shelters":24,"Families Outside Shelters":5},"geometry":{"type":"Point","coordinates":[35.72793564,33.837313]}},
{"type":"Feature","properties":{"Governorate":"Mount Lebanon","District":"Baabda","Cadaster Zone":"Qrayet Baabda","Cadaster Name":"El-Krayé","ACS Code":21344,"Longitude":35.67950211,"Latitude":33.80781353,"IDPs Outside Shelters":24,"Families Outside Shelters":7},"geometry":{"type":"Point","coordinates":[35.67950211,33.80781353]}},
{"type":"Feature","properties":{"Governorate":"Mount Lebanon","District":"Baabda","Cadaster Zone":"Btibyat","Cadaster Name":"Btebiat","ACS Code":21451,"Longitude":35.69804754,"Latitude":33.83641918,"IDPs Outside Shelters":14,"Families Outside Shelters":5},"geometry":{"type":"Point","coordinates":[35.69804754,33.83641918]}},
{"type":"Feature","properties":{"Governorate":"Mount Lebanon","District":"Baabda","Cadaster Zone":"Qornayel","Cadaster Name":"Kernayel","ACS Code":21456,"Longitude":35.72997982,"Latitude":33.8565702,"IDPs Outside Shelters":14,"Families Outside Shelters":4},"geometry":{"type":"Point","coordinates":[35.72997982,33.8565702]}},
{"type":"Feature","properties":{"Governorate":"Mount Lebanon","District":"Baabda","Cadaster Zone":"Dlaybe","Cadaster Name":"El-Dleibé","ACS Code":21391,"Longitude":35.69087018,"Latitude":33.87901736,"IDPs Outside Shelters":8,"Families Outside Shelters":3},"geometry":{"type":"Point","coordinates":[35.69087018,33.87901736]}},
{"type":"Feature","properties":{"Governorate":"Mount Lebanon","District":"Baabda","Cadaster Zone":"Aain Mouaffaq","Cadaster Name":"Aïn Mouaffak","ACS Code":21314,"Longitude":35.65391801,"Latitude":33.8216305,"IDPs Outside Shelters":0,"Families Outside Shelters":0},"geometry":{"type":"Point","coordinates":[35.65391801,33.8216305]}},
{"type":"Feature","properties":{"Governorate":"Mount Lebanon","District":"Baabda","Cadaster Zone":"Aarbaniye","Cadaster Name":"El-Erbaniyeh","ACS Code":21381,"Longitude":35.67407519,"Latitude":33.87453089,"IDPs Outside Shelters":0,"Families Outside Shelters":0},"geometry":{"type":"Point","coordinates":[35.67407519,33.87453089]}},
{"type":"Feature","properties":{"Governorate":"Mount Lebanon","District":"Baabda","Cadaster Zone":"Arsoun","Cadaster Name":"Arsoune","ACS Code":21471,"Longitude":35.6930512,"Latitude":33.85797153,"IDPs Outside Shelters":0,"Families Outside Shelters":0},"geometry":{"type":"Point","coordinates":[35.6930512,33.85797153]}},
{"type":"Feature","properties":{"Governorate":"Mount Lebanon","District":"Baabda","Cadaster Zone":"Baalchmay","Cadaster Name":"Baalchemay","ACS Code":21311,"Longitude":35.64438753,"Latitude":33.81650145,"IDPs Outside Shelters":0,"Families Outside Shelters":0},"geometry":{"type":"Point","coordinates":[35.64438753,33.81650145]}},
{"type":"Feature","properties":{"Governorate":"Mount Lebanon","District":"Baabda","Cadaster Zone":"Bourj El-Brajneh","Cadaster Name":"Borge el Baragenat","ACS Code":21177,"Longitude":35.50529204,"Latitude":33.84052068,"IDPs Outside Shelters":0,"Families Outside Shelters":0},"geometry":{"type":"Point","coordinates":[35.50529204,33.84052068]}},
{"type":"Feature","properties":{"Governorate":"Mount Lebanon","District":"Baabda","Cadaster Zone":"Boutchay","Cadaster Name":"Boutchay","ACS Code":21227,"Longitude":35.54227827,"Latitude":33.82581056,"IDPs Outside Shelters":0,"Families Outside Shelters":0},"geometry":{"type":"Point","coordinates":[35.54227827,33.82581056]}},
{"type":"Feature","properties":{"Governorate":"Mount Lebanon","District":"Baabda","Cadaster Zone":"Bsaba Baabda","Cadaster Name":"Bsaba Wadi Dlab","ACS Code":21283,"Longitude":35.5389532,"Latitude":33.80428227,"IDPs Outside Shelters":0,"Families Outside Shelters":0},"geometry":{"type":"Point","coordinates":[35.5389532,33.80428227]}},
{"type":"Feature","properties":{"Governorate":"Mount Lebanon","District":"Baabda","Cadaster Zone":"Btekhnay","Cadaster Name":"Btekhnay","ACS Code":21441,"Longitude":35.71428195,"Latitude":33.84133005,"IDPs Outside Shelters":0,"Families Outside Shelters":0},"geometry":{"type":"Point","coordinates":[35.71428195,33.84133005]}},
{"type":"Feature","properties":{"Governorate":"Mount Lebanon","District":"Baabda","Cadaster Zone":"Chbaniye","Cadaster Name":"Chbaniyeh","ACS Code":21426,"Longitude":35.71350687,"Latitude":33.81529515,"IDPs Outside Shelters":0,"Families Outside Shelters":0},"geometry":{"type":"Point","coordinates":[35.71350687,33.81529515]}},
{"type":"Feature","properties":{"Governorate":"Mount Lebanon","District":"Baabda","Cadaster Zone":"Chmeisset Baabda","Cadaster Name":"El-Chmeice","ACS Code":21347,"Longitude":35.68351733,"Latitude":33.82921123,"IDPs Outside Shelters":0,"Families Outside Shelters":0},"geometry":{"type":"Point","coordinates":[35.68351733,33.82921123]}},
{"type":"Feature","properties":{"Governorate":"Mount Lebanon","District":"Baabda","Cadaster Zone":"Deir Khouna","Cadaster Name":"Deir Khouna","ACS Code":21337,"Longitude":35.66400218,"Latitude":33.83192341,"IDPs Outside Shelters":0,"Families Outside Shelters":0},"geometry":{"type":"Point","coordinates":[35.66400218,33.83192341]}},
{"type":"Feature","properties":{"Governorate":"Mount Lebanon","District":"Baabda","Cadaster Zone":"Haret Hamze","Cadaster Name":"Haret Hamzé","ACS Code":21327,"Longitude":35.66266099,"Latitude":33.82086466,"IDPs Outside Shelters":0,"Families Outside Shelters":0},"geometry":{"type":"Point","coordinates":[35.66266099,33.82086466]}},
{"type":"Feature","properties":{"Governorate":"Mount Lebanon","District":"Baabda","Cadaster Zone":"Haret Hreik","Cadaster Name":"Haret Horaïk","ACS Code":21144,"Longitude":35.51182812,"Latitude":33.85210857,"IDPs Outside Shelters":0,"Families Outside Shelters":0},"geometry":{"type":"Point","coordinates":[35.51182812,33.85210857]}},
{"type":"Feature","properties":{"Governorate":"Mount Lebanon","District":"Baabda","Cadaster Zone":"Hasbaiya El-Matn","Cadaster Name":"Hasbaya-el Meten","ACS Code":21397,"Longitude":35.72081245,"Latitude":33.87575206,"IDPs Outside Shelters":0,"Families Outside Shelters":0},"geometry":{"type":"Point","coordinates":[35.72081245,33.87575206]}},
{"type":"Feature","properties":{"Governorate":"Mount Lebanon","District":"Baabda","Cadaster Zone":"Hlaliye Baabda","Cadaster Name":"El Halaliyeh","ACS Code":21324,"Longitude":35.63931979,"Latitude":33.83122755,"IDPs Outside Shelters":0,"Families Outside Shelters":0},"geometry":{"type":"Point","coordinates":[35.63931979,33.83122755]}},
{"type":"Feature","properties":{"Governorate":"Mount Lebanon","District":"Baabda","Cadaster Zone":"Jouar El-Haouz","Cadaster Name":"Jouar el Haouz","ACS Code":21461,"Longitude":35.75744107,"Latitude":33.85916418,"IDPs Outside Shelters":0,"Families Outside Shelters":0},"geometry":{"type":"Point","coordinates":[35.75744107,33.85916418]}},
{"type":"Feature","properties":{"Governorate":"Mount Lebanon","District":"Baabda","Cadaster Zone":"Jouret Arsoun","Cadaster Name":"Jouret Arsoune","ACS Code":21487,"Longitude":35.70930822,"Latitude":33.8534143,"IDPs Outside Shelters":0,"Families Outside Shelters":0},"geometry":{"type":"Point","coordinates":[35.70930822,33.8534143]}},
{"type":"Feature","properties":{"Governorate":"Mount Lebanon","District":"Baabda","Cadaster Zone":"Kfar Selouane","Cadaster Name":"Kfar Selouane","ACS Code":21476,"Longitude":35.7851136,"Latitude":33.8560428,"IDPs Outside Shelters":0,"Families Outside Shelters":0},"geometry":{"type":"Point","coordinates":[35.7851136,33.8560428]}},
{"type":"Feature","properties":{"Governorate":"Mount Lebanon","District":"Baabda","Cadaster Zone":"Khalouat Baabda","Cadaster Name":"El-Khalouat","ACS Code":21421,"Longitude":35.73554682,"Latitude":33.83999825,"IDPs Outside Shelters":0,"Families Outside Shelters":0},"geometry":{"type":"Point","coordinates":[35.73554682,33.83999825]}},
{"type":"Feature","properties":{"Governorate":"Mount Lebanon","District":"Baabda","Cadaster Zone":"Kneisset Baabda","Cadaster Name":"El-Kneissé","ACS Code":21377,"Longitude":35.6652658,"Latitude":33.864463,"IDPs Outside Shelters":0,"Families Outside Shelters":0},"geometry":{"type":"Point","coordinates":[35.6652658,33.864463]}},
{"type":"Feature","properties":{"Governorate":"Mount Lebanon","District":"Baabda","Cadaster Zone":"Laylake","Cadaster Name":"Laylaki","ACS Code":21166,"Longitude":35.51484174,"Latitude":33.83213258,"IDPs Outside Shelters":0,"Families Outside Shelters":0},"geometry":{"type":"Point","coordinates":[35.51484174,33.83213258]}},
{"type":"Feature","properties":{"Governorate":"Mount Lebanon","District":"Baabda","Cadaster Zone":"Merdache","Cadaster Name":"Mardachat","ACS Code":21235,"Longitude":35.54269264,"Latitude":33.82283021,"IDPs Outside Shelters":0,"Families Outside Shelters":0},"geometry":{"type":"Point","coordinates":[35.54269264,33.82283021]}},
{"type":"Feature","properties":{"Governorate":"Mount Lebanon","District":"Baabda","Cadaster Zone":"Mzairaa Baabda","Cadaster Name":"Mazraet-el-Mzeiraa","ACS Code":21321,"Longitude":35.6549075,"Latitude":33.83019496,"IDPs Outside Shelters":0,"Families Outside Shelters":0},"geometry":{"type":"Point","coordinates":[35.6549075,33.83019496]}},
{"type":"Feature","properties":{"Governorate":"Mount Lebanon","District":"Baabda","Cadaster Zone":"Qordata","Cadaster Name":"Kartada","ACS Code":21361,"Longitude":35.62437071,"Latitude":33.85977449,"IDPs Outside Shelters":0,"Families Outside Shelters":0},"geometry":{"type":"Point","coordinates":[35.62437071,33.85977449]}},
{"type":"Feature","properties":{"Governorate":"Mount Lebanon","District":"Baabda","Cadaster Zone":"Qsaibe Baabda","Cadaster Name":"El-Ksaibeh","ACS Code":21364,"Longitude":35.65054818,"Latitude":33.86518378,"IDPs Outside Shelters":0,"Families Outside Shelters":0},"geometry":{"type":"Point","coordinates":[35.65054818,33.86518378]}},
{"type":"Feature","properties":{"Governorate":"Mount Lebanon","District":"Baabda","Cadaster Zone":"Qtale Baabda","Cadaster Name":"Ktalé","ACS Code":21331,"Longitude":35.67941569,"Latitude":33.82210045,"IDPs Outside Shelters":0,"Families Outside Shelters":0},"geometry":{"type":"Point","coordinates":[35.67941569,33.82210045]}},
{"type":"Feature","properties":{"Governorate":"Mount Lebanon","District":"Baabda","Cadaster Zone":"Ras El-Href","Cadaster Name":"Ras-el-Harf","ACS Code":21334,"Longitude":35.671091,"Latitude":33.81286662,"IDPs Outside Shelters":0,"Families Outside Shelters":0},"geometry":{"type":"Point","coordinates":[35.671091,33.81286662]}},
{"type":"Feature","properties":{"Governorate":"Mount Lebanon","District":"Baabda","Cadaster Zone":"Tahouitat El Ghadir","Cadaster Name":"Tahouitat-el-Ghadir","ACS Code":21188,"Longitude":35.49454078,"Latitude":33.83003599,"IDPs Outside Shelters":0,"Families Outside Shelters":0},"geometry":{"type":"Point","coordinates":[35.49454078,33.83003599]}},
{"type":"Feature","properties":{"Governorate":"Mount Lebanon","District":"Baabda","Cadaster Zone":"Tarchich","Cadaster Name":"Tarchiche","ACS Code":21481,"Longitude":35.80866297,"Latitude":33.87684333,"IDPs Outside Shelters":0,"Families Outside Shelters":0},"geometry":{"type":"Point","coordinates":[35.80866297,33.87684333]}},
{"type":"Feature","properties":{"Governorate":"Baalbeck-Hermel","District":"Baalbek","Cadaster Zone":"Aain Baalbek","Cadaster Name":"Al-Aïne","ACS Code":53217,"Longitude":36.38554453,"Latitude":34.22387158,"IDPs Outside Shelters":1325,"Families Outside Shelters":322},"geometry":{"type":"Point","coordinates":[36.38554453,34.22387158]}},
{"type":"Feature","properties":{"Governorate":"Baalbeck-Hermel","District":"Baalbek","Cadaster Zone":"Brital","Cadaster Name":"Brital","ACS Code":53453,"Longitude":36.17760028,"Latitude":33.93489326,"IDPs Outside Shelters":1004,"Families Outside Shelters":252},"geometry":{"type":"Point","coordinates":[36.17760028,33.93489326]}},
{"type":"Feature","properties":{"Governorate":"Baalbeck-Hermel","District":"Baalbek","Cadaster Zone":"Haour Taala","Cadaster Name":"Hourtala","ACS Code":53451,"Longitude":36.16942553,"Latitude":33.90895533,"IDPs Outside Shelters":1004,"Families Outside Shelters":332},"geometry":{"type":"Point","coordinates":[36.16942553,33.90895533]}},
{"type":"Feature","properties":{"Governorate":"Baalbeck-Hermel","District":"Baalbek","Cadaster Zone":"Baalbek","Cadaster Name":"Baalbek","ACS Code":53111,"Longitude":36.20652006,"Latitude":34.01315937,"IDPs Outside Shelters":978,"Families Outside Shelters":225},"geometry":{"type":"Point","coordinates":[36.20652006,34.01315937]}},
{"type":"Feature","properties":{"Governorate":"Baalbeck-Hermel","District":"Baalbek","Cadaster Zone":"Iaat","Cadaster Name":"Yât","ACS Code":53123,"Longitude":36.15747005,"Latitude":34.05355116,"IDPs Outside Shelters":827,"Families Outside Shelters":215},"geometry":{"type":"Point","coordinates":[36.15747005,34.05355116]}},
{"type":"Feature","properties":{"Governorate":"Baalbeck-Hermel","District":"Baalbek","Cadaster Zone":"Kneisset Baalbek","Cadaster Name":"Knaissat","ACS Code":53322,"Longitude":36.1798995,"Latitude":34.12323166,"IDPs Outside Shelters":785,"Families Outside Shelters":252},"geometry":{"type":"Point","coordinates":[36.1798995,34.12323166]}},
{"type":"Feature","properties":{"Governorate":"Baalbeck-Hermel","District":"Baalbek","Cadaster Zone":"Chmistar","Cadaster Name":"Chemistar","ACS Code":53429,"Longitude":35.99968724,"Latitude":33.96578928,"IDPs Outside Shelters":617,"Families Outside Shelters":202},"geometry":{"type":"Point","coordinates":[35.99968724,33.96578928]}},
{"type":"Feature","properties":{"Governorate":"Baalbeck-Hermel","District":"Baalbek","Cadaster Zone":"Saaide","Cadaster Name":"Al-Saïdat","ACS Code":53167,"Longitude":36.07562219,"Latitude":34.02600198,"IDPs Outside Shelters":548,"Families Outside Shelters":134},"geometry":{"type":"Point","coordinates":[36.07562219,34.02600198]}},
{"type":"Feature","properties":{"Governorate":"Baalbeck-Hermel","District":"Baalbek","Cadaster Zone":"Jebaa","Cadaster Name":"Jabba","ACS Code":53171,"Longitude":36.0244002,"Latitude":34.01971132,"IDPs Outside Shelters":504,"Families Outside Shelters":162},"geometry":{"type":"Point","coordinates":[36.0244002,34.01971132]}},
{"type":"Feature","properties":{"Governorate":"Baalbeck-Hermel","District":"Baalbek","Cadaster Zone":"Taibet Baalbek","Cadaster Name":"Al-Taybat","ACS Code":53139,"Longitude":36.14775252,"Latitude":33.96174801,"IDPs Outside Shelters":354,"Families Outside Shelters":112},"geometry":{"type":"Point","coordinates":[36.14775252,33.96174801]}},
{"type":"Feature","properties":{"Governorate":"Baalbeck-Hermel","District":"Baalbek","Cadaster Zone":"Temnine Et-Tahta","Cadaster Name":"Tamnine El-Tahta","ACS Code":53425,"Longitude":36.00373458,"Latitude":33.87807442,"IDPs Outside Shelters":349,"Families Outside Shelters":92},"geometry":{"type":"Point","coordinates":[36.00373458,33.87807442]}},
{"type":"Feature","properties":{"Governorate":"Baalbeck-Hermel","District":"Baalbek","Cadaster Zone":"Harabta","Cadaster Name":"Harbta","ACS Code":53264,"Longitude":36.24014497,"Latitude":34.21665732,"IDPs Outside Shelters":338,"Families Outside Shelters":87},"geometry":{"type":"Point","coordinates":[36.24014497,34.21665732]}},
{"type":"Feature","properties":{"Governorate":"Baalbeck-Hermel","District":"Baalbek","Cadaster Zone":"Haouch Snaid","Cadaster Name":"Haouche Al-Sonaid","ACS Code":53433,"Longitude":36.08162818,"Latitude":33.93130691,"IDPs Outside Shelters":304,"Families Outside Shelters":72},"geometry":{"type":"Point","coordinates":[36.08162818,33.93130691]}},
{"type":"Feature","properties":{"Governorate":"Baalbeck-Hermel","District":"Baalbek","Cadaster Zone":"Beit Chama","Cadaster Name":"Bait Chama","ACS Code":53417,"Longitude":36.0244164,"Latitude":33.92664449,"IDPs Outside Shelters":254,"Families Outside Shelters":79},"geometry":{"type":"Point","coordinates":[36.0244164,33.92664449]}},
{"type":"Feature","properties":{"Governorate":"Baalbeck-Hermel","District":"Baalbek","Cadaster Zone":"Haouch Tall Safiye","Cadaster Name":"Haouche El-Tal Safyat","ACS Code":53135,"Longitude":36.13642211,"Latitude":34.02257253,"IDPs Outside Shelters":247,"Families Outside Shelters":42},"geometry":{"type":"Point","coordinates":[36.13642211,34.02257253]}},
{"type":"Feature","properties":{"Governorate":"Baalbeck-Hermel","District":"Baalbek","Cadaster Zone":"Nabi Osmane","Cadaster Name":"Al-Nabi Osman","ACS Code":53224,"Longitude":36.37015398,"Latitude":34.21122944,"IDPs Outside Shelters":236,"Families Outside Shelters":64},"geometry":{"type":"Point","coordinates":[36.37015398,34.21122944]}},
{"type":"Feature","properties":{"Governorate":"Baalbeck-Hermel","District":"Baalbek","Cadaster Zone":"Nabi Chit","Cadaster Name":"Al-Nabi Chite","ACS Code":53445,"Longitude":36.10826038,"Latitude":33.89007497,"IDPs Outside Shelters":214,"Families Outside Shelters":57},"geometry":{"type":"Point","coordinates":[36.10826038,33.89007497]}},
{"type":"Feature","properties":{"Governorate":"Baalbeck-Hermel","District":"Baalbek","Cadaster Zone":"Nahle baalbek","Cadaster Name":"Nahlé","ACS Code":53143,"Longitude":36.33032394,"Latitude":34.05023609,"IDPs Outside Shelters":204,"Families Outside Shelters":52},"geometry":{"type":"Point","coordinates":[36.33032394,34.05023609]}},
{"type":"Feature","properties":{"Governorate":"Baalbeck-Hermel","District":"Baalbek","Cadaster Zone":"Taraiya","Cadaster Name":"Taraya","ACS Code":53435,"Longitude":35.99764631,"Latitude":33.99078072,"IDPs Outside Shelters":204,"Families Outside Shelters":52},"geometry":{"type":"Point","coordinates":[35.99764631,33.99078072]}},
{"type":"Feature","properties":{"Governorate":"Baalbeck-Hermel","District":"Baalbek","Cadaster Zone":"Zabboud","Cadaster Name":"Zaboud","ACS Code":53237,"Longitude":36.31300681,"Latitude":34.23948559,"IDPs Outside Shelters":184,"Families Outside Shelters":38},"geometry":{"type":"Point","coordinates":[36.31300681,34.23948559]}},
{"type":"Feature","properties":{"Governorate":"Baalbeck-Hermel","District":"Baalbek","Cadaster Zone":"Maaraboun","Cadaster Name":"Maaraboun","ACS Code":53461,"Longitude":36.19687432,"Latitude":33.84797473,"IDPs Outside Shelters":164,"Families Outside Shelters":52},"geometry":{"type":"Point","coordinates":[36.19687432,33.84797473]}},
{"type":"Feature","properties":{"Governorate":"Baalbeck-Hermel","District":"Baalbek","Cadaster Zone":"Hizzine","Cadaster Name":"Hizzine","ACS Code":53441,"Longitude":36.09450947,"Latitude":33.96960762,"IDPs Outside Shelters":154,"Families Outside Shelters":42},"geometry":{"type":"Point","coordinates":[36.09450947,33.96960762]}},
{"type":"Feature","properties":{"Governorate":"Baalbeck-Hermel","District":"Baalbek","Cadaster Zone":"Ram Baalbek","Cadaster Name":"El-Ram","ACS Code":53281,"Longitude":36.17745406,"Latitude":34.17524728,"IDPs Outside Shelters":154,"Families Outside Shelters":52},"geometry":{"type":"Point","coordinates":[36.17745406,34.17524728]}},
{"type":"Feature","properties":{"Governorate":"Baalbeck-Hermel","District":"Baalbek","Cadaster Zone":"Khodr Baalbek","Cadaster Name":"Al-Khodré","ACS Code":53443,"Longitude":36.11708689,"Latitude":33.90920763,"IDPs Outside Shelters":148,"Families Outside Shelters":41},"geometry":{"type":"Point","coordinates":[36.11708689,33.90920763]}},
{"type":"Feature","properties":{"Governorate":"Baalbeck-Hermel","District":"Baalbek","Cadaster Zone":"Youmine","Cadaster Name":"Younine","ACS Code":53284,"Longitude":36.28040025,"Latitude":34.10529401,"IDPs Outside Shelters":139,"Families Outside Shelters":32},"geometry":{"type":"Point","coordinates":[36.28040025,34.10529401]}},
{"type":"Feature","properties":{"Governorate":"Baalbeck-Hermel","District":"Baalbek","Cadaster Zone":"Halbata","Cadaster Name":"Halbata","ACS Code":53247,"Longitude":36.23905107,"Latitude":34.25933509,"IDPs Outside Shelters":136,"Families Outside Shelters":52},"geometry":{"type":"Point","coordinates":[36.23905107,34.25933509]}},
{"type":"Feature","properties":{"Governorate":"Baalbeck-Hermel","District":"Baalbek","Cadaster Zone":"Qsarnaba","Cadaster Name":"Ksarnaba","ACS Code":53413,"Longitude":35.99845336,"Latitude":33.90622641,"IDPs Outside Shelters":125,"Families Outside Shelters":44},"geometry":{"type":"Point","coordinates":[35.99845336,33.90622641]}},
{"type":"Feature","properties":{"Governorate":"Baalbeck-Hermel","District":"Baalbek","Cadaster Zone":"Temnine El-Faouqa","Cadaster Name":"Tamnine-el-Fauqa","ACS Code":53415,"Longitude":35.9805079,"Latitude":33.91103856,"IDPs Outside Shelters":124,"Families Outside Shelters":42},"geometry":{"type":"Point","coordinates":[35.9805079,33.91103856]}},
{"type":"Feature","properties":{"Governorate":"Baalbeck-Hermel","District":"Baalbek","Cadaster Zone":"Maqne","Cadaster Name":"Maqné","ACS Code":53155,"Longitude":36.20145499,"Latitude":34.07756813,"IDPs Outside Shelters":112,"Families Outside Shelters":22},"geometry":{"type":"Point","coordinates":[36.20145499,34.07756813]}},
{"type":"Feature","properties":{"Governorate":"Baalbeck-Hermel","District":"Baalbek","Cadaster Zone":"Bajjaje","Cadaster Name":"Jaboulé et Al-Bijage","ACS Code":53221,"Longitude":36.34219427,"Latitude":34.22854486,"IDPs Outside Shelters":104,"Families Outside Shelters":32},"geometry":{"type":"Point","coordinates":[36.34219427,34.22854486]}},
{"type":"Feature","properties":{"Governorate":"Baalbeck-Hermel","District":"Baalbek","Cadaster Zone":"Bouday","Cadaster Name":"Bouday","ACS Code":53459,"Longitude":36.05635835,"Latitude":34.06097119,"IDPs Outside Shelters":104,"Families Outside Shelters":35},"geometry":{"type":"Point","coordinates":[36.05635835,34.06097119]}},
{"type":"Feature","properties":{"Governorate":"Baalbeck-Hermel","District":"Baalbek","Cadaster Zone":"Haouch Er-Rafqa","Cadaster Name":"Haouche el-Rafika","ACS Code":53419,"Longitude":36.04447485,"Latitude":33.91334442,"IDPs Outside Shelters":104,"Families Outside Shelters":33},"geometry":{"type":"Point","coordinates":[36.04447485,33.91334442]}},
{"type":"Feature","properties":{"Governorate":"Baalbeck-Hermel","District":"Baalbek","Cadaster Zone":"Khreibet Baalbek","Cadaster Name":"Khreibé","ACS Code":53455,"Longitude":36.1667318,"Latitude":33.87866615,"IDPs Outside Shelters":104,"Families Outside Shelters":27},"geometry":{"type":"Point","coordinates":[36.1667318,33.87866615]}},
{"type":"Feature","properties":{"Governorate":"Baalbeck-Hermel","District":"Baalbek","Cadaster Zone":"Laboue","Cadaster Name":"Al-Labouat","ACS Code":53234,"Longitude":36.34792777,"Latitude":34.18986511,"IDPs Outside Shelters":104,"Families Outside Shelters":27},"geometry":{"type":"Point","coordinates":[36.34792777,34.18986511]}},
{"type":"Feature","properties":{"Governorate":"Baalbeck-Hermel","District":"Baalbek","Cadaster Zone":"Chaat","Cadaster Name":"Chaat","ACS Code":53274,"Longitude":36.25556702,"Latitude":34.14478098,"IDPs Outside Shelters":96,"Families Outside Shelters":27},"geometry":{"type":"Point","coordinates":[36.25556702,34.14478098]}},
{"type":"Feature","properties":{"Governorate":"Baalbeck-Hermel","District":"Baalbek","Cadaster Zone":"Bednayel Baalbak","Cadaster Name":"Bednayel","ACS Code":53411,"Longitude":35.95273142,"Latitude":33.9369281,"IDPs Outside Shelters":94,"Families Outside Shelters":32},"geometry":{"type":"Point","coordinates":[35.95273142,33.9369281]}},
{"type":"Feature","properties":{"Governorate":"Baalbeck-Hermel","District":"Baalbek","Cadaster Zone":"Douris","Cadaster Name":"Douress","ACS Code":53119,"Longitude":36.16472595,"Latitude":33.98646462,"IDPs Outside Shelters":71,"Families Outside Shelters":21},"geometry":{"type":"Point","coordinates":[36.16472595,33.98646462]}},
{"type":"Feature","properties":{"Governorate":"Baalbeck-Hermel","District":"Baalbek","Cadaster Zone":"Majdaloun","Cadaster Name":"Majdeloun","ACS Code":53147,"Longitude":36.12004987,"Latitude":33.98996672,"IDPs Outside Shelters":54,"Families Outside Shelters":14},"geometry":{"type":"Point","coordinates":[36.12004987,33.98996672]}},
{"type":"Feature","properties":{"Governorate":"Baalbeck-Hermel","District":"Baalbek","Cadaster Zone":"Kfar Dane","Cadaster Name":"Kfardan","ACS Code":53179,"Longitude":36.0565645,"Latitude":34.0175565,"IDPs Outside Shelters":44,"Families Outside Shelters":15},"geometry":{"type":"Point","coordinates":[36.0565645,34.0175565]}},
{"type":"Feature","properties":{"Governorate":"Baalbeck-Hermel","District":"Baalbek","Cadaster Zone":"Yahfoufa","Cadaster Name":"Yahfoufa","ACS Code":53449,"Longitude":36.13032181,"Latitude":33.85414108,"IDPs Outside Shelters":34,"Families Outside Shelters":9},"geometry":{"type":"Point","coordinates":[36.13032181,33.85414108]}},
{"type":"Feature","properties":{"Governorate":"Baalbeck-Hermel","District":"Baalbek","Cadaster Zone":"Fekehe","Cadaster Name":"Al-Fakiat","ACS Code":53214,"Longitude":36.3868562,"Latitude":34.24860687,"IDPs Outside Shelters":24,"Families Outside Shelters":6},"geometry":{"type":"Point","coordinates":[36.3868562,34.24860687]}},
{"type":"Feature","properties":{"Governorate":"Baalbeck-Hermel","District":"Baalbek","Cadaster Zone":"Ham","Cadaster Name":"Ham","ACS Code":53463,"Longitude":36.21799499,"Latitude":33.86556902,"IDPs Outside Shelters":24,"Families Outside Shelters":6},"geometry":{"type":"Point","coordinates":[36.21799499,33.86556902]}},
{"type":"Feature","properties":{"Governorate":"Baalbeck-Hermel","District":"Baalbek","Cadaster Zone":"Aadous","Cadaster Name":"Addous","ACS Code":53127,"Longitude":36.15559616,"Latitude":34.02548938,"IDPs Outside Shelters":0,"Families Outside Shelters":0},"geometry":{"type":"Point","coordinates":[36.15559616,34.02548938]}},
{"type":"Feature","properties":{"Governorate":"Baalbeck-Hermel","District":"Baalbek","Cadaster Zone":"Aain Bourday","Cadaster Name":"Aïn Bourday","ACS Code":53115,"Longitude":36.2139791,"Latitude":33.97176815,"IDPs Outside Shelters":0,"Families Outside Shelters":0},"geometry":{"type":"Point","coordinates":[36.2139791,33.97176815]}},
{"type":"Feature","properties":{"Governorate":"Baalbeck-Hermel","District":"Baalbek","Cadaster Zone":"Aain Ej-Jaouz Baalbek","Cadaster Name":"Aïn El-Jaouzé","ACS Code":53473,"Longitude":36.30380606,"Latitude":33.85464012,"IDPs Outside Shelters":0,"Families Outside Shelters":0},"geometry":{"type":"Point","coordinates":[36.30380606,33.85464012]}},
{"type":"Feature","properties":{"Governorate":"Baalbeck-Hermel","District":"Baalbek","Cadaster Zone":"Aain El-Barnaya","Cadaster Name":"Aïn El-Beniyé","ACS Code":53465,"Longitude":36.24425311,"Latitude":33.89156559,"IDPs Outside Shelters":0,"Families Outside Shelters":0},"geometry":{"type":"Point","coordinates":[36.24425311,33.89156559]}},
{"type":"Feature","properties":{"Governorate":"Baalbeck-Hermel","District":"Baalbek","Cadaster Zone":"Aain Es-Siyaa Chadoura","Cadaster Name":"Aïn Séa et Chadourah","ACS Code":53163,"Longitude":36.27690885,"Latitude":33.95321112,"IDPs Outside Shelters":0,"Families Outside Shelters":0},"geometry":{"type":"Point","coordinates":[36.27690885,33.95321112]}},
{"type":"Feature","properties":{"Governorate":"Baalbeck-Hermel","District":"Baalbek","Cadaster Zone":"Aamchki","Cadaster Name":"Oummouchki","ACS Code":53131,"Longitude":36.3064512,"Latitude":33.99377371,"IDPs Outside Shelters":0,"Families Outside Shelters":0},"geometry":{"type":"Point","coordinates":[36.3064512,33.99377371]}},
{"type":"Feature","properties":{"Governorate":"Baalbeck-Hermel","District":"Baalbek","Cadaster Zone":"Aarsal","Cadaster Name":"Arsale","ACS Code":53231,"Longitude":36.46954911,"Latitude":34.14898281,"IDPs Outside Shelters":0,"Families Outside Shelters":0},"geometry":{"type":"Point","coordinates":[36.46954911,34.14898281]}},
{"type":"Feature","properties":{"Governorate":"Baalbeck-Hermel","District":"Baalbek","Cadaster Zone":"Aaynata Baalbek","Cadaster Name":"Aïnata","ACS Code":53377,"Longitude":36.07356443,"Latitude":34.18856337,"IDPs Outside Shelters":0,"Families Outside Shelters":0},"geometry":{"type":"Point","coordinates":[36.07356443,34.18856337]}},
{"type":"Feature","properties":{"Governorate":"Baalbeck-Hermel","District":"Baalbek","Cadaster Zone":"Barqa","Cadaster Name":"Barka","ACS Code":53344,"Longitude":36.13711754,"Latitude":34.18029369,"IDPs Outside Shelters":0,"Families Outside Shelters":0},"geometry":{"type":"Point","coordinates":[36.13711754,34.18029369]}},
{"type":"Feature","properties":{"Governorate":"Baalbeck-Hermel","District":"Baalbek","Cadaster Zone":"Bechouat","Cadaster Name":"Bachwat","ACS Code":53333,"Longitude":36.13436384,"Latitude":34.15130676,"IDPs Outside Shelters":0,"Families Outside Shelters":0},"geometry":{"type":"Point","coordinates":[36.13436384,34.15130676]}},
{"type":"Feature","properties":{"Governorate":"Baalbeck-Hermel","District":"Baalbek","Cadaster Zone":"Btedaai","Cadaster Name":"Btédy","ACS Code":53375,"Longitude":36.10027897,"Latitude":34.10927647,"IDPs Outside Shelters":0,"Families Outside Shelters":0},"geometry":{"type":"Point","coordinates":[36.10027897,34.10927647]}},
{"type":"Feature","properties":{"Governorate":"Baalbeck-Hermel","District":"Baalbek","Cadaster Zone":"Chaaibe","Cadaster Name":"Chaïbé","ACS Code":53469,"Longitude":36.26012875,"Latitude":33.92296299,"IDPs Outside Shelters":0,"Families Outside Shelters":0},"geometry":{"type":"Point","coordinates":[36.26012875,33.92296299]}},
{"type":"Feature","properties":{"Governorate":"Baalbeck-Hermel","District":"Baalbek","Cadaster Zone":"Chlifa","Cadaster Name":"Chlifa","ACS Code":53467,"Longitude":36.10219453,"Latitude":34.08258345,"IDPs Outside Shelters":0,"Families Outside Shelters":0},"geometry":{"type":"Point","coordinates":[36.10219453,34.08258345]}},
{"type":"Feature","properties":{"Governorate":"Baalbeck-Hermel","District":"Baalbek","Cadaster Zone":"Conflict","Cadaster Name":"Conflict","ACS Code":0,"Longitude":36.44284254,"Latitude":34.0505917,"IDPs Outside Shelters":0,"Families Outside Shelters":0},"geometry":{"type":"Point","coordinates":[36.44284254,34.0505917]}},
{"type":"Feature","properties":{"Governorate":"Baalbeck-Hermel","District":"Baalbek","Cadaster Zone":"Conflict","Cadaster Name":"Conflict","ACS Code":0,"Longitude":36.48148924,"Latitude":34.04168555,"IDPs Outside Shelters":0,"Families Outside Shelters":0},"geometry":{"type":"Point","coordinates":[36.48148924,34.04168555]}},
{"type":"Feature","properties":{"Governorate":"Baalbeck-Hermel","District":"Baalbek","Cadaster Zone":"Conflict","Cadaster Name":"Conflict","ACS Code":0,"Longitude":36.35508607,"Latitude":33.9817291,"IDPs Outside Shelters":0,"Families Outside Shelters":0},"geometry":{"type":"Point","coordinates":[36.35508607,33.9817291]}},
{"type":"Feature","properties":{"Governorate":"Baalbeck-Hermel","District":"Baalbek","Cadaster Zone":"Conflict","Cadaster Name":"Conflict","ACS Code":0,"Longitude":36.28483496,"Latitude":33.89156701,"IDPs Outside Shelters":0,"Families Outside Shelters":0},"geometry":{"type":"Point","coordinates":[36.28483496,33.89156701]}},
{"type":"Feature","properties":{"Governorate":"Baalbeck-Hermel","District":"Baalbek","Cadaster Zone":"Conflict","Cadaster Name":"Conflict","ACS Code":0,"Longitude":36.17274069,"Latitude":33.84226107,"IDPs Outside Shelters":0,"Families Outside Shelters":0},"geometry":{"type":"Point","coordinates":[36.17274069,33.84226107]}},
{"type":"Feature","properties":{"Governorate":"Baalbeck-Hermel","District":"Baalbek","Cadaster Zone":"Conflict","Cadaster Name":"Conflict","ACS Code":0,"Longitude":36.38999075,"Latitude":33.85162352,"IDPs Outside Shelters":0,"Families Outside Shelters":0},"geometry":{"type":"Point","coordinates":[36.38999075,33.85162352]}},
{"type":"Feature","properties":{"Governorate":"Baalbeck-Hermel","District":"Baalbek","Cadaster Zone":"Conflict","Cadaster Name":"Conflict","ACS Code":0,"Longitude":36.29783668,"Latitude":33.83839193,"IDPs Outside Shelters":0,"Families Outside Shelters":0},"geometry":{"type":"Point","coordinates":[36.29783668,33.83839193]}},
{"type":"Feature","properties":{"Governorate":"Baalbeck-Hermel","District":"Baalbek","Cadaster Zone":"Conflict","Cadaster Name":"Conflict","ACS Code":0,"Longitude":36.22929832,"Latitude":33.83849173,"IDPs Outside Shelters":0,"Families Outside Shelters":0},"geometry":{"type":"Point","coordinates":[36.22929832,33.83849173]}},
{"type":"Feature","properties":{"Governorate":"Baalbeck-Hermel","District":"Baalbek","Cadaster Zone":"Conflict","Cadaster Name":"Conflict","ACS Code":0,"Longitude":36.12088842,"Latitude":33.83566668,"IDPs Outside Shelters":0,"Families Outside Shelters":0},"geometry":{"type":"Point","coordinates":[36.12088842,33.83566668]}},
{"type":"Feature","properties":{"Governorate":"Baalbeck-Hermel","District":"Baalbek","Cadaster Zone":"Conflict","Cadaster Name":"Conflict","ACS Code":0,"Longitude":36.10332585,"Latitude":33.82008339,"IDPs Outside Shelters":0,"Families Outside Shelters":0},"geometry":{"type":"Point","coordinates":[36.10332585,33.82008339]}},
{"type":"Feature","properties":{"Governorate":"Baalbeck-Hermel","District":"Baalbek","Cadaster Zone":"Dar El-Ouassaa","Cadaster Name":"Dar El-Ouassia","ACS Code":53366,"Longitude":36.0561502,"Latitude":34.10775388,"IDPs Outside Shelters":0,"Families Outside Shelters":0},"geometry":{"type":"Point","coordinates":[36.0561502,34.10775388]}},
{"type":"Feature","properties":{"Governorate":"Baalbeck-Hermel","District":"Baalbek","Cadaster Zone":"Deir El-Ahmar","Cadaster Name":"Dair El-Ahmar","ACS Code":53311,"Longitude":36.12101204,"Latitude":34.12285027,"IDPs Outside Shelters":0,"Families Outside Shelters":0},"geometry":{"type":"Point","coordinates":[36.12101204,34.12285027]}},
{"type":"Feature","properties":{"Governorate":"Baalbeck-Hermel","District":"Baalbek","Cadaster Zone":"Deir Mar Maroun Baalbek","Cadaster Name":"Couvent St Maron","ACS Code":53244,"Longitude":36.39747857,"Latitude":34.35260036,"IDPs Outside Shelters":0,"Families Outside Shelters":0},"geometry":{"type":"Point","coordinates":[36.39747857,34.35260036]}},
{"type":"Feature","properties":{"Governorate":"Baalbeck-Hermel","District":"Baalbek","Cadaster Zone":"Hadath Baalbek","Cadaster Name":"Haddet","ACS Code":53183,"Longitude":36.03590724,"Latitude":34.00743008,"IDPs Outside Shelters":0,"Families Outside Shelters":0},"geometry":{"type":"Point","coordinates":[36.03590724,34.00743008]}},
{"type":"Feature","properties":{"Governorate":"Baalbeck-Hermel","District":"Baalbek","Cadaster Zone":"haouch El-Dehab","Cadaster Name":"Haouche El-Dahab","ACS Code":53159,"Longitude":36.1182174,"Latitude":34.03641565,"IDPs Outside Shelters":0,"Families Outside Shelters":0},"geometry":{"type":"Point","coordinates":[36.1182174,34.03641565]}},
{"type":"Feature","properties":{"Governorate":"Baalbeck-Hermel","District":"Baalbek","Cadaster Zone":"Haouch En-Nabi","Cadaster Name":"Wakf al-Nabi Chite","ACS Code":53431,"Longitude":36.06296057,"Latitude":33.93298709,"IDPs Outside Shelters":0,"Families Outside Shelters":0},"geometry":{"type":"Point","coordinates":[36.06296057,33.93298709]}},
{"type":"Feature","properties":{"Governorate":"Baalbeck-Hermel","District":"Baalbek","Cadaster Zone":"Haouche Barada","Cadaster Name":"Haouche Barada","ACS Code":53151,"Longitude":36.11604878,"Latitude":34.01118805,"IDPs Outside Shelters":0,"Families Outside Shelters":0},"geometry":{"type":"Point","coordinates":[36.11604878,34.01118805]}},
{"type":"Feature","properties":{"Governorate":"Baalbeck-Hermel","District":"Baalbek","Cadaster Zone":"Jenta","Cadaster Name":"Jenta","ACS Code":53447,"Longitude":36.09679668,"Latitude":33.83730561,"IDPs Outside Shelters":0,"Families Outside Shelters":0},"geometry":{"type":"Point","coordinates":[36.09679668,33.83730561]}},
{"type":"Feature","properties":{"Governorate":"Baalbeck-Hermel","District":"Baalbek","Cadaster Zone":"Kfar Dabach","Cadaster Name":"Kfar Dabache","ACS Code":53427,"Longitude":36.0410698,"Latitude":33.94035966,"IDPs Outside Shelters":0,"Families Outside Shelters":0},"geometry":{"type":"Point","coordinates":[36.0410698,33.94035966]}},
{"type":"Feature","properties":{"Governorate":"Baalbeck-Hermel","District":"Baalbek","Cadaster Zone":"Kharayeb El-Hermel","Cadaster Name":"Al-Kharayeb","ACS Code":54175,"Longitude":36.29163528,"Latitude":34.23583471,"IDPs Outside Shelters":0,"Families Outside Shelters":0},"geometry":{"type":"Point","coordinates":[36.29163528,34.23583471]}},
{"type":"Feature","properties":{"Governorate":"Baalbeck-Hermel","District":"Baalbek","Cadaster Zone":"litige","Cadaster Name":"litige","ACS Code":0,"Longitude":36.55807184,"Latitude":34.40652059,"IDPs Outside Shelters":0,"Families Outside Shelters":0},"geometry":{"type":"Point","coordinates":[36.55807184,34.40652059]}},
{"type":"Feature","properties":{"Governorate":"Baalbeck-Hermel","District":"Baalbek","Cadaster Zone":"litige","Cadaster Name":"litige","ACS Code":53001,"Longitude":36.58161586,"Latitude":34.2888729,"IDPs Outside Shelters":0,"Families Outside Shelters":0},"geometry":{"type":"Point","coordinates":[36.58161586,34.2888729]}},
{"type":"Feature","properties":{"Governorate":"Baalbeck-Hermel","District":"Baalbek","Cadaster Zone":"litige","Cadaster Name":"litige","ACS Code":53002,"Longitude":36.5707998,"Latitude":34.24687502,"IDPs Outside Shelters":0,"Families Outside Shelters":0},"geometry":{"type":"Point","coordinates":[36.5707998,34.24687502]}},
{"type":"Feature","properties":{"Governorate":"Baalbeck-Hermel","District":"Baalbek","Cadaster Zone":"litige","Cadaster Name":"litige","ACS Code":53003,"Longitude":36.24599565,"Latitude":33.85193783,"IDPs Outside Shelters":0,"Families Outside Shelters":0},"geometry":{"type":"Point","coordinates":[36.24599565,33.85193783]}},
{"type":"Feature","properties":{"Governorate":"Baalbeck-Hermel","District":"Baalbek","Cadaster Zone":"Mazraat beit Mchaik","Cadaster Name":"Mazraet Beit Mcheik","ACS Code":53457,"Longitude":35.99089448,"Latitude":34.06452472,"IDPs Outside Shelters":0,"Families Outside Shelters":0},"geometry":{"type":"Point","coordinates":[35.99089448,34.06452472]}},
{"type":"Feature","properties":{"Governorate":"Baalbeck-Hermel","District":"Baalbek","Cadaster Zone":"Moqraq","Cadaster Name":"Mikrak","ACS Code":53251,"Longitude":36.33219932,"Latitude":34.16039652,"IDPs Outside Shelters":0,"Families Outside Shelters":0},"geometry":{"type":"Point","coordinates":[36.33219932,34.16039652]}},
{"type":"Feature","properties":{"Governorate":"Baalbeck-Hermel","District":"Baalbek","Cadaster Zone":"Mousraye","Cadaster Name":"Misraya","ACS Code":53421,"Longitude":36.05264845,"Latitude":33.91333335,"IDPs Outside Shelters":0,"Families Outside Shelters":0},"geometry":{"type":"Point","coordinates":[36.05264845,33.91333335]}},
{"type":"Feature","properties":{"Governorate":"Baalbeck-Hermel","District":"Baalbek","Cadaster Zone":"Nabha Ed-Damdoum","Cadaster Name":"Nabha","ACS Code":53271,"Longitude":36.17175735,"Latitude":34.21431991,"IDPs Outside Shelters":0,"Families Outside Shelters":0},"geometry":{"type":"Point","coordinates":[36.17175735,34.21431991]}},
{"type":"Feature","properties":{"Governorate":"Baalbeck-Hermel","District":"Baalbek","Cadaster Zone":"Nabi Chbay","Cadaster Name":"Nabi Sbate","ACS Code":53471,"Longitude":36.23314218,"Latitude":33.93502251,"IDPs Outside Shelters":0,"Families Outside Shelters":0},"geometry":{"type":"Point","coordinates":[36.23314218,33.93502251]}},
{"type":"Feature","properties":{"Governorate":"Baalbeck-Hermel","District":"Baalbek","Cadaster Zone":"Ouadi El-Aaoss","Cadaster Name":"Ouadi El-Osse","ACS Code":54183,"Longitude":36.23781314,"Latitude":34.24634707,"IDPs Outside Shelters":0,"Families Outside Shelters":0},"geometry":{"type":"Point","coordinates":[36.23781314,34.24634707]}},
{"type":"Feature","properties":{"Governorate":"Baalbeck-Hermel","District":"Baalbek","Cadaster Zone":"Qaa Baalbek","Cadaster Name":"Al-Qa El-Benjakie","ACS Code":53241,"Longitude":36.45885369,"Latitude":34.33348598,"IDPs Outside Shelters":0,"Families Outside Shelters":0},"geometry":{"type":"Point","coordinates":[36.45885369,34.33348598]}},
{"type":"Feature","properties":{"Governorate":"Baalbeck-Hermel","District":"Baalbek","Cadaster Zone":"Qaa Baayoun","Cadaster Name":"Al-Qa Bayoun","ACS Code":53257,"Longitude":36.51684928,"Latitude":34.32463379,"IDPs Outside Shelters":0,"Families Outside Shelters":0},"geometry":{"type":"Point","coordinates":[36.51684928,34.32463379]}},
{"type":"Feature","properties":{"Governorate":"Baalbeck-Hermel","District":"Baalbek","Cadaster Zone":"Qaa Jouar Maqiye","Cadaster Name":"Al-Qa Jouar Mekie","ACS Code":53267,"Longitude":36.51879006,"Latitude":34.39239361,"IDPs Outside Shelters":0,"Families Outside Shelters":0},"geometry":{"type":"Point","coordinates":[36.51879006,34.39239361]}},
{"type":"Feature","properties":{"Governorate":"Baalbeck-Hermel","District":"Baalbek","Cadaster Zone":"Qaa Ouadi El-Khanzir","Cadaster Name":"Al-Qa Wadi El-Khanzir","ACS Code":53254,"Longitude":36.46627076,"Latitude":34.38852973,"IDPs Outside Shelters":0,"Families Outside Shelters":0},"geometry":{"type":"Point","coordinates":[36.46627076,34.38852973]}},
{"type":"Feature","properties":{"Governorate":"Baalbeck-Hermel","District":"Baalbek","Cadaster Zone":"Qarha Baalbek","Cadaster Name":"Karha","ACS Code":53277,"Longitude":36.20939029,"Latitude":34.16537576,"IDPs Outside Shelters":0,"Families Outside Shelters":0},"geometry":{"type":"Point","coordinates":[36.20939029,34.16537576]}},
{"type":"Feature","properties":{"Governorate":"Baalbeck-Hermel","District":"Baalbek","Cadaster Zone":"Ras Baalbek Ech-Charqi","Cadaster Name":"Ras Baalbek El-Charki","ACS Code":53227,"Longitude":36.5022949,"Latitude":34.26226137,"IDPs Outside Shelters":0,"Families Outside Shelters":0},"geometry":{"type":"Point","coordinates":[36.5022949,34.26226137]}},
{"type":"Feature","properties":{"Governorate":"Baalbeck-Hermel","District":"Baalbek","Cadaster Zone":"Ras Baalbek Es-Sahel","Cadaster Name":"Ras Baalbek El-Sahl","ACS Code":53211,"Longitude":36.41040818,"Latitude":34.29502368,"IDPs Outside Shelters":0,"Families Outside Shelters":0},"geometry":{"type":"Point","coordinates":[36.41040818,34.29502368]}},
{"type":"Feature","properties":{"Governorate":"Baalbeck-Hermel","District":"Baalbek","Cadaster Zone":"Riha","Cadaster Name":"Riha","ACS Code":53355,"Longitude":36.19812394,"Latitude":34.14292565,"IDPs Outside Shelters":0,"Families Outside Shelters":0},"geometry":{"type":"Point","coordinates":[36.19812394,34.14292565]}},
{"type":"Feature","properties":{"Governorate":"Baalbeck-Hermel","District":"Baalbek","Cadaster Zone":"Sbouba","Cadaster Name":"Sbouba","ACS Code":53261,"Longitude":36.28592786,"Latitude":34.22209834,"IDPs Outside Shelters":0,"Families Outside Shelters":0},"geometry":{"type":"Point","coordinates":[36.28592786,34.22209834]}},
{"type":"Feature","properties":{"Governorate":"Baalbeck-Hermel","District":"Baalbek","Cadaster Zone":"Serraaine Et-Tahta","Cadaster Name":"Saraïne","ACS Code":53437,"Longitude":36.06759196,"Latitude":33.88701746,"IDPs Outside Shelters":0,"Families Outside Shelters":0},"geometry":{"type":"Point","coordinates":[36.06759196,33.88701746]}},
{"type":"Feature","properties":{"Governorate":"Baalbeck-Hermel","District":"Baalbek","Cadaster Zone":"Slouqi","Cadaster Name":"Slouky","ACS Code":53423,"Longitude":35.9462254,"Latitude":33.97188221,"IDPs Outside Shelters":0,"Families Outside Shelters":0},"geometry":{"type":"Point","coordinates":[35.9462254,33.97188221]}},
{"type":"Feature","properties":{"Governorate":"Baalbeck-Hermel","District":"Baalbek","Cadaster Zone":"Talia","Cadaster Name":"Talia","ACS Code":53439,"Longitude":36.09396656,"Latitude":33.94551227,"IDPs Outside Shelters":0,"Families Outside Shelters":0},"geometry":{"type":"Point","coordinates":[36.09396656,33.94551227]}},
{"type":"Feature","properties":{"Governorate":"Baalbeck-Hermel","District":"Baalbek","Cadaster Zone":"Tfail","Cadaster Name":"Tfeil","ACS Code":53475,"Longitude":36.33751544,"Latitude":33.86067588,"IDPs Outside Shelters":0,"Families Outside Shelters":0},"geometry":{"type":"Point","coordinates":[36.33751544,33.86067588]}},
{"type":"Feature","properties":{"Governorate":"Baalbeck-Hermel","District":"Baalbek","Cadaster Zone":"Yammoune","Cadaster Name":"Yamouné","ACS Code":53388,"Longitude":36.03525989,"Latitude":34.12797266,"IDPs Outside Shelters":0,"Families Outside Shelters":0},"geometry":{"type":"Point","coordinates":[36.03525989,34.12797266]}},
{"type":"Feature","properties":{"Governorate":"North","District":"Bcharre","Cadaster Zone":"Metrit","Cadaster Name":"Metrite","ACS Code":36164,"Longitude":35.84164155,"Latitude":34.2639477,"IDPs Outside Shelters":17,"Families Outside Shelters":4},"geometry":{"type":"Point","coordinates":[35.84164155,34.2639477]}},
{"type":"Feature","properties":{"Governorate":"North","District":"Bcharre","Cadaster Zone":"Aabdine","Cadaster Name":"Abdine","ACS Code":36121,"Longitude":35.88491786,"Latitude":34.27660891,"IDPs Outside Shelters":0,"Families Outside Shelters":0},"geometry":{"type":"Point","coordinates":[35.88491786,34.27660891]}},
{"type":"Feature","properties":{"Governorate":"North","District":"Bcharre","Cadaster Zone":"Bane","Cadaster Name":"Bane","ACS Code":36147,"Longitude":35.96617486,"Latitude":34.27059462,"IDPs Outside Shelters":0,"Families Outside Shelters":0},"geometry":{"type":"Point","coordinates":[35.96617486,34.27059462]}},
{"type":"Feature","properties":{"Governorate":"North","District":"Bcharre","Cadaster Zone":"Bazaaoun","Cadaster Name":"Bazoune","ACS Code":36181,"Longitude":35.98904819,"Latitude":34.23140971,"IDPs Outside Shelters":0,"Families Outside Shelters":0},"geometry":{"type":"Point","coordinates":[35.98904819,34.23140971]}},
{"type":"Feature","properties":{"Governorate":"North","District":"Bcharre","Cadaster Zone":"Bcharre","Cadaster Name":"Bcharré","ACS Code":36111,"Longitude":36.05978846,"Latitude":34.25728153,"IDPs Outside Shelters":0,"Families Outside Shelters":0},"geometry":{"type":"Point","coordinates":[36.05978846,34.25728153]}},
{"type":"Feature","properties":{"Governorate":"North","District":"Bcharre","Cadaster Zone":"Beit Menzer","Cadaster Name":"Beit Menzer","ACS Code":36187,"Longitude":35.91409855,"Latitude":34.26256799,"IDPs Outside Shelters":0,"Families Outside Shelters":0},"geometry":{"type":"Point","coordinates":[35.91409855,34.26256799]}},
{"type":"Feature","properties":{"Governorate":"North","District":"Bcharre","Cadaster Zone":"Berhalioun","Cadaster Name":"Berhalioun","ACS Code":36137,"Longitude":35.87370045,"Latitude":34.2630518,"IDPs Outside Shelters":0,"Families Outside Shelters":0},"geometry":{"type":"Point","coordinates":[35.87370045,34.2630518]}},
{"type":"Feature","properties":{"Governorate":"North","District":"Bcharre","Cadaster Zone":"Billa","Cadaster Name":"Billa","ACS Code":36117,"Longitude":35.89235642,"Latitude":34.26503971,"IDPs Outside Shelters":0,"Families Outside Shelters":0},"geometry":{"type":"Point","coordinates":[35.89235642,34.26503971]}},
{"type":"Feature","properties":{"Governorate":"North","District":"Bcharre","Cadaster Zone":"Blaouza","Cadaster Name":"Blaouza","ACS Code":36151,"Longitude":35.95295252,"Latitude":34.26301404,"IDPs Outside Shelters":0,"Families Outside Shelters":0},"geometry":{"type":"Point","coordinates":[35.95295252,34.26301404]}},
{"type":"Feature","properties":{"Governorate":"North","District":"Bcharre","Cadaster Zone":"Bqaa Kafra","Cadaster Name":"Bikaa kafra","ACS Code":36191,"Longitude":36.01942803,"Latitude":34.22624591,"IDPs Outside Shelters":0,"Families Outside Shelters":0},"geometry":{"type":"Point","coordinates":[36.01942803,34.22624591]}},
{"type":"Feature","properties":{"Governorate":"North","District":"Bcharre","Cadaster Zone":"Bqerqacha","Cadaster Name":"Bkarkacha","ACS Code":36184,"Longitude":35.99918712,"Latitude":34.22436004,"IDPs Outside Shelters":0,"Families Outside Shelters":0},"geometry":{"type":"Point","coordinates":[35.99918712,34.22436004]}},
{"type":"Feature","properties":{"Governorate":"North","District":"Bcharre","Cadaster Zone":"Breissat","Cadaster Name":"Brissat","ACS Code":36157,"Longitude":35.94179887,"Latitude":34.23935937,"IDPs Outside Shelters":0,"Families Outside Shelters":0},"geometry":{"type":"Point","coordinates":[35.94179887,34.23935937]}},
{"type":"Feature","properties":{"Governorate":"North","District":"Bcharre","Cadaster Zone":"Dimane","Cadaster Name":"El-Dimane","ACS Code":36161,"Longitude":35.9528697,"Latitude":34.23835215,"IDPs Outside Shelters":0,"Families Outside Shelters":0},"geometry":{"type":"Point","coordinates":[35.9528697,34.23835215]}},
{"type":"Feature","properties":{"Governorate":"North","District":"Bcharre","Cadaster Zone":"Hadchit","Cadaster Name":"Hadchite","ACS Code":36177,"Longitude":35.97667075,"Latitude":34.25666968,"IDPs Outside Shelters":0,"Families Outside Shelters":0},"geometry":{"type":"Point","coordinates":[35.97667075,34.25666968]}},
{"type":"Feature","properties":{"Governorate":"North","District":"Bcharre","Cadaster Zone":"Haqath Ej-Jebbe","Cadaster Name":"Hadeth-el-Jebbé","ACS Code":36131,"Longitude":35.9305583,"Latitude":34.23095626,"IDPs Outside Shelters":0,"Families Outside Shelters":0},"geometry":{"type":"Point","coordinates":[35.9305583,34.23095626]}},
{"type":"Feature","properties":{"Governorate":"North","District":"Bcharre","Cadaster Zone":"Hasroun","Cadaster Name":"Hasroune","ACS Code":36171,"Longitude":35.97250792,"Latitude":34.22861901,"IDPs Outside Shelters":0,"Families Outside Shelters":0},"geometry":{"type":"Point","coordinates":[35.97250792,34.22861901]}},
{"type":"Feature","properties":{"Governorate":"North","District":"Bcharre","Cadaster Zone":"Mazraat Aassaf","Cadaster Name":"Mazraet Assaf","ACS Code":36144,"Longitude":35.86995556,"Latitude":34.24924325,"IDPs Outside Shelters":0,"Families Outside Shelters":0},"geometry":{"type":"Point","coordinates":[35.86995556,34.24924325]}},
{"type":"Feature","properties":{"Governorate":"North","District":"Bcharre","Cadaster Zone":"Mazraat Bani Saab","Cadaster Name":"Mazraet-Beni-Saab","ACS Code":36134,"Longitude":35.88755174,"Latitude":34.24393417,"IDPs Outside Shelters":0,"Families Outside Shelters":0},"geometry":{"type":"Point","coordinates":[35.88755174,34.24393417]}},
{"type":"Feature","properties":{"Governorate":"North","District":"Bcharre","Cadaster Zone":"Mchaa Ej-Jibbe","Cadaster Name":"Mchaa Ej Jobbé","ACS Code":36110,"Longitude":36.01833051,"Latitude":34.2004725,"IDPs Outside Shelters":0,"Families Outside Shelters":0},"geometry":{"type":"Point","coordinates":[36.01833051,34.2004725]}},
{"type":"Feature","properties":{"Governorate":"North","District":"Bcharre","Cadaster Zone":"Moghr El-Ahoual","Cadaster Name":"Mugher-el-Ahwel","ACS Code":36154,"Longitude":35.87776314,"Latitude":34.28950092,"IDPs Outside Shelters":0,"Families Outside Shelters":0},"geometry":{"type":"Point","coordinates":[35.87776314,34.28950092]}},
{"type":"Feature","properties":{"Governorate":"North","District":"Bcharre","Cadaster Zone":"Ouadi Qannoubine","Cadaster Name":"Wadi-kannoubine","ACS Code":36141,"Longitude":35.94297455,"Latitude":34.2592033,"IDPs Outside Shelters":0,"Families Outside Shelters":0},"geometry":{"type":"Point","coordinates":[35.94297455,34.2592033]}},
{"type":"Feature","properties":{"Governorate":"North","District":"Bcharre","Cadaster Zone":"Qnat","Cadaster Name":"Knate","ACS Code":36127,"Longitude":35.9060298,"Latitude":34.24643458,"IDPs Outside Shelters":0,"Families Outside Shelters":0},"geometry":{"type":"Point","coordinates":[35.9060298,34.24643458]}},
{"type":"Feature","properties":{"Governorate":"North","District":"Bcharre","Cadaster Zone":"Qnayouer","Cadaster Name":"Knaiouer","ACS Code":36114,"Longitude":35.92296112,"Latitude":34.26771883,"IDPs Outside Shelters":0,"Families Outside Shelters":0},"geometry":{"type":"Point","coordinates":[35.92296112,34.26771883]}},
{"type":"Feature","properties":{"Governorate":"North","District":"Bcharre","Cadaster Zone":"Tourza","Cadaster Name":"Tourza","ACS Code":36124,"Longitude":35.90215969,"Latitude":34.27840515,"IDPs Outside Shelters":0,"Families Outside Shelters":0},"geometry":{"type":"Point","coordinates":[35.90215969,34.27840515]}},
{"type":"Feature","properties":{"Governorate":"Beirut","District":"Beirut","Cadaster Zone":"Beirut","Cadaster Name":"Beirut","ACS Code":null,"Longitude":35.52182321,"Latitude":33.88491211,"IDPs Outside Shelters":96925,"Families Outside Shelters":26921},"geometry":{"type":"Point","coordinates":[35.52182321,33.88491211]}},
{"type":"Feature","properties":{"Governorate":"El Nabatieh","District":"Bent Jbeil","Cadaster Zone":"Haris","Cadaster Name":"Harisse","ACS Code":72241,"Longitude":35.37444785,"Latitude":33.17725244,"IDPs Outside Shelters":7294,"Families Outside Shelters":1622},"geometry":{"type":"Point","coordinates":[35.37444785,33.17725244]}},
{"type":"Feature","properties":{"Governorate":"El Nabatieh","District":"Bent Jbeil","Cadaster Zone":"Debl","Cadaster Name":"Debel","ACS Code":72281,"Longitude":35.37561719,"Latitude":33.12403642,"IDPs Outside Shelters":1804,"Families Outside Shelters":402},"geometry":{"type":"Point","coordinates":[35.37561719,33.12403642]}},
{"type":"Feature","properties":{"Governorate":"El Nabatieh","District":"Bent Jbeil","Cadaster Zone":"Kounine","Cadaster Name":"Kounine","ACS Code":72251,"Longitude":35.45235085,"Latitude":33.14705117,"IDPs Outside Shelters":1084,"Families Outside Shelters":242},"geometry":{"type":"Point","coordinates":[35.45235085,33.14705117]}},
{"type":"Feature","properties":{"Governorate":"El Nabatieh","District":"Bent Jbeil","Cadaster Zone":"Maroun Er-Ras","Cadaster Name":"Maroune-el-Ras","ACS Code":72127,"Longitude":35.452703,"Latitude":33.10238373,"IDPs Outside Shelters":1004,"Families Outside Shelters":224},"geometry":{"type":"Point","coordinates":[35.452703,33.10238373]}},
{"type":"Feature","properties":{"Governorate":"El Nabatieh","District":"Bent Jbeil","Cadaster Zone":"Deir Ntar","Cadaster Name":"Deir Ntar","ACS Code":72244,"Longitude":35.37746486,"Latitude":33.21869104,"IDPs Outside Shelters":604,"Families Outside Shelters":135},"geometry":{"type":"Point","coordinates":[35.37746486,33.21869104]}},
{"type":"Feature","properties":{"Governorate":"El Nabatieh","District":"Bent Jbeil","Cadaster Zone":"Haddatha","Cadaster Name":"Haddacé","ACS Code":72231,"Longitude":35.39129544,"Latitude":33.15685631,"IDPs Outside Shelters":481,"Families Outside Shelters":108},"geometry":{"type":"Point","coordinates":[35.39129544,33.15685631]}},
{"type":"Feature","properties":{"Governorate":"El Nabatieh","District":"Bent Jbeil","Cadaster Zone":"Borj qalaouiye","Cadaster Name":"Borge Kalaouiyé","ACS Code":72264,"Longitude":35.42528067,"Latitude":33.26001542,"IDPs Outside Shelters":437,"Families Outside Shelters":98},"geometry":{"type":"Point","coordinates":[35.42528067,33.26001542]}},
{"type":"Feature","properties":{"Governorate":"El Nabatieh","District":"Bent Jbeil","Cadaster Zone":"Kafra Bant Jbayl","Cadaster Name":"Kafra","ACS Code":72257,"Longitude":35.34683714,"Latitude":33.17699723,"IDPs Outside Shelters":149,"Families Outside Shelters":34},"geometry":{"type":"Point","coordinates":[35.34683714,33.17699723]}},
{"type":"Feature","properties":{"Governorate":"El Nabatieh","District":"Bent Jbeil","Cadaster Zone":"Qalaouiye","Cadaster Name":"Kalaouiyé","ACS Code":72261,"Longitude":35.42014972,"Latitude":33.25082038,"IDPs Outside Shelters":147,"Families Outside Shelters":47},"geometry":{"type":"Point","coordinates":[35.42014972,33.25082038]}},
{"type":"Feature","properties":{"Governorate":"El Nabatieh","District":"Bent Jbeil","Cadaster Zone":"Qatmoun","Cadaster Name":"Aïn-el-Katmoune","ACS Code":72175,"Longitude":35.36691044,"Latitude":33.06148844,"IDPs Outside Shelters":139,"Families Outside Shelters":32},"geometry":{"type":"Point","coordinates":[35.36691044,33.06148844]}},
{"type":"Feature","properties":{"Governorate":"El Nabatieh","District":"Bent Jbeil","Cadaster Zone":"Beit Yahoun","Cadaster Name":"Beit Yahoune","ACS Code":72237,"Longitude":35.42189509,"Latitude":33.15977432,"IDPs Outside Shelters":129,"Families Outside Shelters":27},"geometry":{"type":"Point","coordinates":[35.42189509,33.15977432]}},
{"type":"Feature","properties":{"Governorate":"El Nabatieh","District":"Bent Jbeil","Cadaster Zone":"Aaita Ej-Jabal","Cadaster Name":"Aïta-el-Zut","ACS Code":72224,"Longitude":35.40949437,"Latitude":33.17432393,"IDPs Outside Shelters":106,"Families Outside Shelters":15},"geometry":{"type":"Point","coordinates":[35.40949437,33.17432393]}},
{"type":"Feature","properties":{"Governorate":"El Nabatieh","District":"Bent Jbeil","Cadaster Zone":"Hanine","Cadaster Name":"Hanine","ACS Code":72284,"Longitude":35.37488191,"Latitude":33.10307219,"IDPs Outside Shelters":104,"Families Outside Shelters":24},"geometry":{"type":"Point","coordinates":[35.37488191,33.10307219]}},
{"type":"Feature","properties":{"Governorate":"El Nabatieh","District":"Bent Jbeil","Cadaster Zone":"Aain Ibl","Cadaster Name":"Aïn-Ebel","ACS Code":72143,"Longitude":35.40058914,"Latitude":33.10862651,"IDPs Outside Shelters":94,"Families Outside Shelters":22},"geometry":{"type":"Point","coordinates":[35.40058914,33.10862651]}},
{"type":"Feature","properties":{"Governorate":"El Nabatieh","District":"Bent Jbeil","Cadaster Zone":"Chaqra","Cadaster Name":"Chakra","ACS Code":72229,"Longitude":35.46930373,"Latitude":33.17864013,"IDPs Outside Shelters":94,"Families Outside Shelters":22},"geometry":{"type":"Point","coordinates":[35.46930373,33.17864013]}},
{"type":"Feature","properties":{"Governorate":"El Nabatieh","District":"Bent Jbeil","Cadaster Zone":"Qaouzah","Cadaster Name":"El-Kouzah","ACS Code":72291,"Longitude":35.34238632,"Latitude":33.12139477,"IDPs Outside Shelters":94,"Families Outside Shelters":22},"geometry":{"type":"Point","coordinates":[35.34238632,33.12139477]}},
{"type":"Feature","properties":{"Governorate":"El Nabatieh","District":"Bent Jbeil","Cadaster Zone":"Tibnine","Cadaster Name":"Tibnine","ACS Code":72211,"Longitude":35.40666298,"Latitude":33.19043834,"IDPs Outside Shelters":94,"Families Outside Shelters":22},"geometry":{"type":"Point","coordinates":[35.40666298,33.19043834]}},
{"type":"Feature","properties":{"Governorate":"El Nabatieh","District":"Bent Jbeil","Cadaster Zone":"Beit Lif","Cadaster Name":"Beit Lif","ACS Code":72287,"Longitude":35.33355285,"Latitude":33.13227789,"IDPs Outside Shelters":54,"Families Outside Shelters":13},"geometry":{"type":"Point","coordinates":[35.33355285,33.13227789]}},
{"type":"Feature","properties":{"Governorate":"El Nabatieh","District":"Bent Jbeil","Cadaster Zone":"Froun","Cadaster Name":"Froune","ACS Code":72276,"Longitude":35.42747919,"Latitude":33.29646598,"IDPs Outside Shelters":49,"Families Outside Shelters":12},"geometry":{"type":"Point","coordinates":[35.42747919,33.29646598]}},
{"type":"Feature","properties":{"Governorate":"El Nabatieh","District":"Bent Jbeil","Cadaster Zone":"Rachaf","Cadaster Name":"Rachafe","ACS Code":72271,"Longitude":35.36256649,"Latitude":33.14363173,"IDPs Outside Shelters":44,"Families Outside Shelters":12},"geometry":{"type":"Point","coordinates":[35.36256649,33.14363173]}},
{"type":"Feature","properties":{"Governorate":"El Nabatieh","District":"Bent Jbeil","Cadaster Zone":"Yaroun","Cadaster Name":"Yaroune","ACS Code":72159,"Longitude":35.418797,"Latitude":33.08286498,"IDPs Outside Shelters":29,"Families Outside Shelters":7},"geometry":{"type":"Point","coordinates":[35.418797,33.08286498]}},
{"type":"Feature","properties":{"Governorate":"El Nabatieh","District":"Bent Jbeil","Cadaster Zone":"Tiri","Cadaster Name":"El-Taïri","ACS Code":72254,"Longitude":35.39906402,"Latitude":33.14096199,"IDPs Outside Shelters":26,"Families Outside Shelters":7},"geometry":{"type":"Point","coordinates":[35.39906402,33.14096199]}},
{"type":"Feature","properties":{"Governorate":"El Nabatieh","District":"Bent Jbeil","Cadaster Zone":"Yater","Cadaster Name":"Yater","ACS Code":72277,"Longitude":35.32481338,"Latitude":33.14901666,"IDPs Outside Shelters":24,"Families Outside Shelters":7},"geometry":{"type":"Point","coordinates":[35.32481338,33.14901666]}},
{"type":"Feature","properties":{"Governorate":"El Nabatieh","District":"Bent Jbeil","Cadaster Zone":"Khirbet Selm","Cadaster Name":"Kherbet Salem","ACS Code":72234,"Longitude":35.42072616,"Latitude":33.23188274,"IDPs Outside Shelters":19,"Families Outside Shelters":5},"geometry":{"type":"Point","coordinates":[35.42072616,33.23188274]}},
{"type":"Feature","properties":{"Governorate":"El Nabatieh","District":"Bent Jbeil","Cadaster Zone":"Ghandouriyet Bent Jbayl","Cadaster Name":"Ghandouriyé","ACS Code":72274,"Longitude":35.43581251,"Latitude":33.27531342,"IDPs Outside Shelters":14,"Families Outside Shelters":4},"geometry":{"type":"Point","coordinates":[35.43581251,33.27531342]}},
{"type":"Feature","properties":{"Governorate":"El Nabatieh","District":"Bent Jbeil","Cadaster Zone":"Aaintaroun","Cadaster Name":"Aïtaroun","ACS Code":72151,"Longitude":35.48298685,"Latitude":33.1108487,"IDPs Outside Shelters":0,"Families Outside Shelters":0},"geometry":{"type":"Point","coordinates":[35.48298685,33.1108487]}},
{"type":"Feature","properties":{"Governorate":"El Nabatieh","District":"Bent Jbeil","Cadaster Zone":"Aaynata Bent Jbayl","Cadaster Name":"Aïnata","ACS Code":72119,"Longitude":35.44730562,"Latitude":33.13018941,"IDPs Outside Shelters":0,"Families Outside Shelters":0},"geometry":{"type":"Point","coordinates":[35.44730562,33.13018941]}},
{"type":"Feature","properties":{"Governorate":"El Nabatieh","District":"Bent Jbeil","Cadaster Zone":"Aayta Ech-Chaab","Cadaster Name":"Aïta-el-Chaab","ACS Code":72183,"Longitude":35.34155107,"Latitude":33.09586474,"IDPs Outside Shelters":0,"Families Outside Shelters":0},"geometry":{"type":"Point","coordinates":[35.34155107,33.09586474]}},
{"type":"Feature","properties":{"Governorate":"El Nabatieh","District":"Bent Jbeil","Cadaster Zone":"Baraachit","Cadaster Name":"Baraachite","ACS Code":72227,"Longitude":35.43932063,"Latitude":33.17849844,"IDPs Outside Shelters":0,"Families Outside Shelters":0},"geometry":{"type":"Point","coordinates":[35.43932063,33.17849844]}},
{"type":"Feature","properties":{"Governorate":"El Nabatieh","District":"Bent Jbeil","Cadaster Zone":"Bent Jbayl","Cadaster Name":"Bint Jbail","ACS Code":72111,"Longitude":35.43103127,"Latitude":33.11897682,"IDPs Outside Shelters":0,"Families Outside Shelters":0},"geometry":{"type":"Point","coordinates":[35.43103127,33.11897682]}},
{"type":"Feature","properties":{"Governorate":"El Nabatieh","District":"Bent Jbeil","Cadaster Zone":"Jmaijme","Cadaster Name":"Jmeijmé","ACS Code":72221,"Longitude":35.43942978,"Latitude":33.20919392,"IDPs Outside Shelters":0,"Families Outside Shelters":0},"geometry":{"type":"Point","coordinates":[35.43942978,33.20919392]}},
{"type":"Feature","properties":{"Governorate":"El Nabatieh","District":"Bent Jbeil","Cadaster Zone":"Kfar Dounine","Cadaster Name":"Kfardounine","ACS Code":72247,"Longitude":35.40188878,"Latitude":33.22850208,"IDPs Outside Shelters":0,"Families Outside Shelters":0},"geometry":{"type":"Point","coordinates":[35.40188878,33.22850208]}},
{"type":"Feature","properties":{"Governorate":"El Nabatieh","District":"Bent Jbeil","Cadaster Zone":"Ramyet Bent Jbayl","Cadaster Name":"Ramié","ACS Code":72191,"Longitude":35.31403991,"Latitude":33.11246911,"IDPs Outside Shelters":0,"Families Outside Shelters":0},"geometry":{"type":"Point","coordinates":[35.31403991,33.11246911]}},
{"type":"Feature","properties":{"Governorate":"El Nabatieh","District":"Bent Jbeil","Cadaster Zone":"Rmaich","Cadaster Name":"Rmeiche","ACS Code":72167,"Longitude":35.36931066,"Latitude":33.07425995,"IDPs Outside Shelters":0,"Families Outside Shelters":0},"geometry":{"type":"Point","coordinates":[35.36931066,33.07425995]}},
{"type":"Feature","properties":{"Governorate":"El Nabatieh","District":"Bent Jbeil","Cadaster Zone":"Safad Al-Battikh","Cadaster Name":"Safad-el-Battikh","ACS Code":72217,"Longitude":35.43300561,"Latitude":33.19751213,"IDPs Outside Shelters":0,"Families Outside Shelters":0},"geometry":{"type":"Point","coordinates":[35.43300561,33.19751213]}},
{"type":"Feature","properties":{"Governorate":"El Nabatieh","District":"Bent Jbeil","Cadaster Zone":"Salhani","Cadaster Name":"Salhané","ACS Code":72135,"Longitude":35.30782588,"Latitude":33.1311659,"IDPs Outside Shelters":0,"Families Outside Shelters":0},"geometry":{"type":"Point","coordinates":[35.30782588,33.1311659]}},
{"type":"Feature","properties":{"Governorate":"El Nabatieh","District":"Bent Jbeil","Cadaster Zone":"Soultaniyet Bent Jbayl","Cadaster Name":"Soultaniyé","ACS Code":72214,"Longitude":35.39745063,"Latitude":33.20552105,"IDPs Outside Shelters":0,"Families Outside Shelters":0},"geometry":{"type":"Point","coordinates":[35.39745063,33.20552105]}},
{"type":"Feature","properties":{"Governorate":"El Nabatieh","District":"Bent Jbeil","Cadaster Zone":"Srobbine","Cadaster Name":"Sarbine","ACS Code":72267,"Longitude":35.36079618,"Latitude":33.15525461,"IDPs Outside Shelters":0,"Families Outside Shelters":0},"geometry":{"type":"Point","coordinates":[35.36079618,33.15525461]}},
{"type":"Feature","properties":{"Governorate":"Mount Lebanon","District":"Chouf","Cadaster Zone":"Jiye","Cadaster Name":"El Jiyeh","ACS Code":23267,"Longitude":35.42225002,"Latitude":33.66620015,"IDPs Outside Shelters":9016,"Families Outside Shelters":2009},"geometry":{"type":"Point","coordinates":[35.42225002,33.66620015]}},
{"type":"Feature","properties":{"Governorate":"Mount Lebanon","District":"Chouf","Cadaster Zone":"Naame","Cadaster Name":"Naamat","ACS Code":23141,"Longitude":35.46256144,"Latitude":33.74554193,"IDPs Outside Shelters":7579,"Families Outside Shelters":2352},"geometry":{"type":"Point","coordinates":[35.46256144,33.74554193]}},
{"type":"Feature","properties":{"Governorate":"Mount Lebanon","District":"Chouf","Cadaster Zone":"Dibbiye","Cadaster Name":"Debbiyeh","ACS Code":23259,"Longitude":35.46781953,"Latitude":33.68062366,"IDPs Outside Shelters":3704,"Families Outside Shelters":861},"geometry":{"type":"Point","coordinates":[35.46781953,33.68062366]}},
{"type":"Feature","properties":{"Governorate":"Mount Lebanon","District":"Chouf","Cadaster Zone":"Chhim","Cadaster Name":"Chehime","ACS Code":23211,"Longitude":35.48624846,"Latitude":33.62972992,"IDPs Outside Shelters":2803,"Families Outside Shelters":624},"geometry":{"type":"Point","coordinates":[35.48624846,33.62972992]}},
{"type":"Feature","properties":{"Governorate":"Mount Lebanon","District":"Chouf","Cadaster Zone":"Sibline","Cadaster Name":"Sebline","ACS Code":23243,"Longitude":35.42489228,"Latitude":33.62390515,"IDPs Outside Shelters":2154,"Families Outside Shelters":452},"geometry":{"type":"Point","coordinates":[35.42489228,33.62390515]}},
{"type":"Feature","properties":{"Governorate":"Mount Lebanon","District":"Chouf","Cadaster Zone":"Barja","Cadaster Name":"Barja","ACS Code":23251,"Longitude":35.43879759,"Latitude":33.64536709,"IDPs Outside Shelters":1804,"Families Outside Shelters":402},"geometry":{"type":"Point","coordinates":[35.43879759,33.64536709]}},
{"type":"Feature","properties":{"Governorate":"Mount Lebanon","District":"Chouf","Cadaster Zone":"Jadra","Cadaster Name":"Jadra","ACS Code":23271,"Longitude":35.40942018,"Latitude":33.6341019,"IDPs Outside Shelters":1534,"Families Outside Shelters":342},"geometry":{"type":"Point","coordinates":[35.40942018,33.6341019]}},
{"type":"Feature","properties":{"Governorate":"Mount Lebanon","District":"Chouf","Cadaster Zone":"Mghairiye Ech-Chouf","Cadaster Name":"El-Moghaïriyeh","ACS Code":23341,"Longitude":35.45973215,"Latitude":33.60131758,"IDPs Outside Shelters":1391,"Families Outside Shelters":310},"geometry":{"type":"Point","coordinates":[35.45973215,33.60131758]}},
{"type":"Feature","properties":{"Governorate":"Mount Lebanon","District":"Chouf","Cadaster Zone":"Ouardaniye","Cadaster Name":"El-Wardaniyeh","ACS Code":23331,"Longitude":35.42507859,"Latitude":33.6116036,"IDPs Outside Shelters":1354,"Families Outside Shelters":352},"geometry":{"type":"Point","coordinates":[35.42507859,33.6116036]}},
{"type":"Feature","properties":{"Governorate":"Mount Lebanon","District":"Chouf","Cadaster Zone":"Baassir","Cadaster Name":"Baassir","ACS Code":23255,"Longitude":35.44636646,"Latitude":33.66239206,"IDPs Outside Shelters":1208,"Families Outside Shelters":302},"geometry":{"type":"Point","coordinates":[35.44636646,33.66239206]}},
{"type":"Feature","properties":{"Governorate":"Mount Lebanon","District":"Chouf","Cadaster Zone":"Rmeilet Ech-Chouf","Cadaster Name":"Rmeileh","ACS Code":23321,"Longitude":35.40166209,"Latitude":33.60293969,"IDPs Outside Shelters":904,"Families Outside Shelters":202},"geometry":{"type":"Point","coordinates":[35.40166209,33.60293969]}},
{"type":"Feature","properties":{"Governorate":"Mount Lebanon","District":"Chouf","Cadaster Zone":"Ketermaya","Cadaster Name":"Katermaya","ACS Code":23231,"Longitude":35.45320824,"Latitude":33.61492675,"IDPs Outside Shelters":604,"Families Outside Shelters":135},"geometry":{"type":"Point","coordinates":[35.45320824,33.61492675]}},
{"type":"Feature","properties":{"Governorate":"Mount Lebanon","District":"Chouf","Cadaster Zone":"Daraiya Ech-Chouf","Cadaster Name":"Daraya","ACS Code":23227,"Longitude":35.5090164,"Latitude":33.64721457,"IDPs Outside Shelters":549,"Families Outside Shelters":123},"geometry":{"type":"Point","coordinates":[35.5090164,33.64721457]}},
{"type":"Feature","properties":{"Governorate":"Mount Lebanon","District":"Chouf","Cadaster Zone":"Deir El-Qamar","Cadaster Name":"Deir El-Kamar","ACS Code":23413,"Longitude":35.55918454,"Latitude":33.69688623,"IDPs Outside Shelters":544,"Families Outside Shelters":122},"geometry":{"type":"Point","coordinates":[35.55918454,33.69688623]}},
{"type":"Feature","properties":{"Governorate":"Mount Lebanon","District":"Chouf","Cadaster Zone":"Aanout","Cadaster Name":"Anoute","ACS Code":23239,"Longitude":35.51311878,"Latitude":33.62501562,"IDPs Outside Shelters":422,"Families Outside Shelters":95},"geometry":{"type":"Point","coordinates":[35.51311878,33.62501562]}},
{"type":"Feature","properties":{"Governorate":"Mount Lebanon","District":"Chouf","Cadaster Zone":"Bourjein","Cadaster Name":"El-Berjaine","ACS Code":23247,"Longitude":35.48042583,"Latitude":33.65264191,"IDPs Outside Shelters":409,"Families Outside Shelters":92},"geometry":{"type":"Point","coordinates":[35.48042583,33.65264191]}},
{"type":"Feature","properties":{"Governorate":"Mount Lebanon","District":"Chouf","Cadaster Zone":"Kfar Him","Cadaster Name":"Kfarhime","ACS Code":23439,"Longitude":35.52496927,"Latitude":33.68800017,"IDPs Outside Shelters":409,"Families Outside Shelters":92},"geometry":{"type":"Point","coordinates":[35.52496927,33.68800017]}},
{"type":"Feature","properties":{"Governorate":"Mount Lebanon","District":"Chouf","Cadaster Zone":"Hasrout","Cadaster Name":"Hasroute","ACS Code":23588,"Longitude":35.53471425,"Latitude":33.62578794,"IDPs Outside Shelters":368,"Families Outside Shelters":81},"geometry":{"type":"Point","coordinates":[35.53471425,33.62578794]}},
{"type":"Feature","properties":{"Governorate":"Mount Lebanon","District":"Chouf","Cadaster Zone":"Damour","Cadaster Name":"Damour","ACS Code":23111,"Longitude":35.45257975,"Latitude":33.71336401,"IDPs Outside Shelters":338,"Families Outside Shelters":86},"geometry":{"type":"Point","coordinates":[35.45257975,33.71336401]}},
{"type":"Feature","properties":{"Governorate":"Mount Lebanon","District":"Chouf","Cadaster Zone":"Baaqline","Cadaster Name":"Baakline","ACS Code":23511,"Longitude":35.54737167,"Latitude":33.66916437,"IDPs Outside Shelters":319,"Families Outside Shelters":72},"geometry":{"type":"Point","coordinates":[35.54737167,33.66916437]}},
{"type":"Feature","properties":{"Governorate":"Mount Lebanon","District":"Chouf","Cadaster Zone":"Semqaniye","Cadaster Name":"El-Samkanieh","ACS Code":23417,"Longitude":35.59135642,"Latitude":33.67724889,"IDPs Outside Shelters":274,"Families Outside Shelters":62},"geometry":{"type":"Point","coordinates":[35.59135642,33.67724889]}},
{"type":"Feature","properties":{"Governorate":"Mount Lebanon","District":"Chouf","Cadaster Zone":"Kfar Nabrakh","Cadaster Name":"Kfar Nabrakh","ACS Code":23655,"Longitude":35.62953371,"Latitude":33.69992524,"IDPs Outside Shelters":254,"Families Outside Shelters":57},"geometry":{"type":"Point","coordinates":[35.62953371,33.69992524]}},
{"type":"Feature","properties":{"Governorate":"Mount Lebanon","District":"Chouf","Cadaster Zone":"Zaarouriye","Cadaster Name":"Zaarouriyeh","ACS Code":23381,"Longitude":35.51456811,"Latitude":33.60932969,"IDPs Outside Shelters":219,"Families Outside Shelters":49},"geometry":{"type":"Point","coordinates":[35.51456811,33.60932969]}},
{"type":"Feature","properties":{"Governorate":"Mount Lebanon","District":"Chouf","Cadaster Zone":"Batloun","Cadaster Name":"Batloune","ACS Code":23663,"Longitude":35.65354596,"Latitude":33.69229746,"IDPs Outside Shelters":204,"Families Outside Shelters":46},"geometry":{"type":"Point","coordinates":[35.65354596,33.69229746]}},
{"type":"Feature","properties":{"Governorate":"Mount Lebanon","District":"Chouf","Cadaster Zone":"Aalmane Ech-Chouf","Cadaster Name":"Almane","ACS Code":23311,"Longitude":35.41164733,"Latitude":33.59140306,"IDPs Outside Shelters":174,"Families Outside Shelters":52},"geometry":{"type":"Point","coordinates":[35.41164733,33.59140306]}},
{"type":"Feature","properties":{"Governorate":"Mount Lebanon","District":"Chouf","Cadaster Zone":"Bsaba Ech-Chouf","Cadaster Name":"Bsaba","ACS Code":23386,"Longitude":35.5547449,"Latitude":33.60427025,"IDPs Outside Shelters":162,"Families Outside Shelters":37},"geometry":{"type":"Point","coordinates":[35.5547449,33.60427025]}},
{"type":"Feature","properties":{"Governorate":"Mount Lebanon","District":"Chouf","Cadaster Zone":"Dmit","Cadaster Name":"Dmite","ACS Code":23447,"Longitude":35.50106799,"Latitude":33.69488295,"IDPs Outside Shelters":162,"Families Outside Shelters":37},"geometry":{"type":"Point","coordinates":[35.50106799,33.69488295]}},
{"type":"Feature","properties":{"Governorate":"Mount Lebanon","District":"Chouf","Cadaster Zone":"Niha El-Chouf","Cadaster Name":"Niha","ACS Code":23625,"Longitude":35.62609306,"Latitude":33.5588025,"IDPs Outside Shelters":139,"Families Outside Shelters":32},"geometry":{"type":"Point","coordinates":[35.62609306,33.5588025]}},
{"type":"Feature","properties":{"Governorate":"Mount Lebanon","District":"Chouf","Cadaster Zone":"Barouk","Cadaster Name":"El-Barouk","ACS Code":23679,"Longitude":35.70340009,"Latitude":33.6965586,"IDPs Outside Shelters":117,"Families Outside Shelters":27},"geometry":{"type":"Point","coordinates":[35.70340009,33.6965586]}},
{"type":"Feature","properties":{"Governorate":"Mount Lebanon","District":"Chouf","Cadaster Zone":"Jdeidet Ech-Chouf","Cadaster Name":"El-Jdeidé","ACS Code":23623,"Longitude":35.60580767,"Latitude":33.66748658,"IDPs Outside Shelters":117,"Families Outside Shelters":27},"geometry":{"type":"Point","coordinates":[35.60580767,33.66748658]}},
{"type":"Feature","properties":{"Governorate":"Mount Lebanon","District":"Chouf","Cadaster Zone":"Joun","Cadaster Name":"Joun","ACS Code":23336,"Longitude":35.45150788,"Latitude":33.58032923,"IDPs Outside Shelters":117,"Families Outside Shelters":27},"geometry":{"type":"Point","coordinates":[35.45150788,33.58032923]}},
{"type":"Feature","properties":{"Governorate":"Mount Lebanon","District":"Chouf","Cadaster Zone":"Dalhoun","Cadaster Name":"Dalhoune","ACS Code":23219,"Longitude":35.46374578,"Latitude":33.62557204,"IDPs Outside Shelters":112,"Families Outside Shelters":26},"geometry":{"type":"Point","coordinates":[35.46374578,33.62557204]}},
{"type":"Feature","properties":{"Governorate":"Mount Lebanon","District":"Chouf","Cadaster Zone":"Aain Ouzain","Cadaster Name":"Aïn Ouzaï","ACS Code":23627,"Longitude":35.6229751,"Latitude":33.67903394,"IDPs Outside Shelters":103,"Families Outside Shelters":24},"geometry":{"type":"Point","coordinates":[35.6229751,33.67903394]}},
{"type":"Feature","properties":{"Governorate":"Mount Lebanon","District":"Chouf","Cadaster Zone":"Bater","Cadaster Name":"Bater","ACS Code":23675,"Longitude":35.6067316,"Latitude":33.59772896,"IDPs Outside Shelters":85,"Families Outside Shelters":20},"geometry":{"type":"Point","coordinates":[35.6067316,33.59772896]}},
{"type":"Feature","properties":{"Governorate":"Mount Lebanon","District":"Chouf","Cadaster Zone":"Maasser Beit Ed-Dine","Cadaster Name":"Maasser Beit Eddine","ACS Code":23421,"Longitude":35.59907921,"Latitude":33.69725437,"IDPs Outside Shelters":81,"Families Outside Shelters":20},"geometry":{"type":"Point","coordinates":[35.59907921,33.69725437]}},
{"type":"Feature","properties":{"Governorate":"Mount Lebanon","District":"Chouf","Cadaster Zone":"Jahliye","Cadaster Name":"El-Jahliyeh","ACS Code":23577,"Longitude":35.51249325,"Latitude":33.66452012,"IDPs Outside Shelters":80,"Families Outside Shelters":19},"geometry":{"type":"Point","coordinates":[35.51249325,33.66452012]}},
{"type":"Feature","properties":{"Governorate":"Mount Lebanon","District":"Chouf","Cadaster Zone":"Brih","Cadaster Name":"Brih et Mteilé","ACS Code":23459,"Longitude":35.65723509,"Latitude":33.71620344,"IDPs Outside Shelters":72,"Families Outside Shelters":17},"geometry":{"type":"Point","coordinates":[35.65723509,33.71620344]}},
{"type":"Feature","properties":{"Governorate":"Mount Lebanon","District":"Chouf","Cadaster Zone":"Deir Kouche","Cadaster Name":"Deir Couché","ACS Code":23429,"Longitude":35.56576616,"Latitude":33.71894128,"IDPs Outside Shelters":58,"Families Outside Shelters":14},"geometry":{"type":"Point","coordinates":[35.56576616,33.71894128]}},
{"type":"Feature","properties":{"Governorate":"Mount Lebanon","District":"Chouf","Cadaster Zone":"Sirjbal","Cadaster Name":"Sirjbal","ACS Code":23437,"Longitude":35.50856811,"Latitude":33.68543357,"IDPs Outside Shelters":54,"Families Outside Shelters":13},"geometry":{"type":"Point","coordinates":[35.50856811,33.68543357]}},
{"type":"Feature","properties":{"Governorate":"Mount Lebanon","District":"Chouf","Cadaster Zone":"Kahlouniet Ech-Chouf","Cadaster Name":"El-Kahlouniyeh","ACS Code":23643,"Longitude":35.5921456,"Latitude":33.6492186,"IDPs Outside Shelters":52,"Families Outside Shelters":13},"geometry":{"type":"Point","coordinates":[35.5921456,33.6492186]}},
{"type":"Feature","properties":{"Governorate":"Mount Lebanon","District":"Chouf","Cadaster Zone":"Gharife","Cadaster Name":"Gharifé","ACS Code":23566,"Longitude":35.55181273,"Latitude":33.63266012,"IDPs Outside Shelters":49,"Families Outside Shelters":12},"geometry":{"type":"Point","coordinates":[35.55181273,33.63266012]}},
{"type":"Feature","properties":{"Governorate":"Mount Lebanon","District":"Chouf","Cadaster Zone":"mazboud","Cadaster Name":"Mazboud","ACS Code":23215,"Longitude":35.47987525,"Latitude":33.6084933,"IDPs Outside Shelters":49,"Families Outside Shelters":12},"geometry":{"type":"Point","coordinates":[35.47987525,33.6084933]}},
{"type":"Feature","properties":{"Governorate":"Mount Lebanon","District":"Chouf","Cadaster Zone":"Fraudis Ech-Chouf","Cadaster Name":"El-Freidice","ACS Code":23467,"Longitude":35.70838758,"Latitude":33.71359654,"IDPs Outside Shelters":45,"Families Outside Shelters":11},"geometry":{"type":"Point","coordinates":[35.70838758,33.71359654]}},
{"type":"Feature","properties":{"Governorate":"Mount Lebanon","District":"Chouf","Cadaster Zone":"Mazraat Ech-Chouf","Cadaster Name":"Mazraet El-Chouf","ACS Code":23651,"Longitude":35.5793135,"Latitude":33.62420219,"IDPs Outside Shelters":44,"Families Outside Shelters":11},"geometry":{"type":"Point","coordinates":[35.5793135,33.62420219]}},
{"type":"Feature","properties":{"Governorate":"Mount Lebanon","District":"Chouf","Cadaster Zone":"Kfar Faqoud","Cadaster Name":"Kfar Fakoud","ACS Code":23433,"Longitude":35.53472775,"Latitude":33.70349796,"IDPs Outside Shelters":39,"Families Outside Shelters":10},"geometry":{"type":"Point","coordinates":[35.53472775,33.70349796]}},
{"type":"Feature","properties":{"Governorate":"Mount Lebanon","District":"Chouf","Cadaster Zone":"Aain Qania","Cadaster Name":"Aïn Kéni","ACS Code":23619,"Longitude":35.61339668,"Latitude":33.64994639,"IDPs Outside Shelters":34,"Families Outside Shelters":9},"geometry":{"type":"Point","coordinates":[35.61339668,33.64994639]}},
{"type":"Feature","properties":{"Governorate":"Mount Lebanon","District":"Chouf","Cadaster Zone":"Dahr Ech-Chouf","Cadaster Name":"Dahr El-Mghara","ACS Code":23279,"Longitude":35.44795702,"Latitude":33.68027822,"IDPs Outside Shelters":31,"Families Outside Shelters":8},"geometry":{"type":"Point","coordinates":[35.44795702,33.68027822]}},
{"type":"Feature","properties":{"Governorate":"Mount Lebanon","District":"Chouf","Cadaster Zone":"Mazmoura","Cadaster Name":"Mazmoura","ACS Code":23361,"Longitude":35.50920624,"Latitude":33.59360764,"IDPs Outside Shelters":31,"Families Outside Shelters":8},"geometry":{"type":"Point","coordinates":[35.50920624,33.59360764]}},
{"type":"Feature","properties":{"Governorate":"Mount Lebanon","District":"Chouf","Cadaster Zone":"Khereibet Ech-Chouf","Cadaster Name":"El-Khreibé","ACS Code":23635,"Longitude":35.64790183,"Latitude":33.64562675,"IDPs Outside Shelters":30,"Families Outside Shelters":6},"geometry":{"type":"Point","coordinates":[35.64790183,33.64562675]}},
{"type":"Feature","properties":{"Governorate":"Mount Lebanon","District":"Chouf","Cadaster Zone":"Botme","Cadaster Name":"Botmé","ACS Code":23615,"Longitude":35.6382019,"Latitude":33.66851377,"IDPs Outside Shelters":29,"Families Outside Shelters":7},"geometry":{"type":"Point","coordinates":[35.6382019,33.66851377]}},
{"type":"Feature","properties":{"Governorate":"Mount Lebanon","District":"Chouf","Cadaster Zone":"Aathrine","Cadaster Name":"Atrine","ACS Code":23544,"Longitude":35.57356872,"Latitude":33.66138096,"IDPs Outside Shelters":27,"Families Outside Shelters":7},"geometry":{"type":"Point","coordinates":[35.57356872,33.66138096]}},
{"type":"Feature","properties":{"Governorate":"Mount Lebanon","District":"Chouf","Cadaster Zone":"Baadarane","Cadaster Name":"Baadarane","ACS Code":23631,"Longitude":35.62803989,"Latitude":33.63190352,"IDPs Outside Shelters":27,"Families Outside Shelters":7},"geometry":{"type":"Point","coordinates":[35.62803989,33.63190352]}},
{"type":"Feature","properties":{"Governorate":"Mount Lebanon","District":"Chouf","Cadaster Zone":"maaniye","Cadaster Name":"El-Maaniyeh","ACS Code":23235,"Longitude":35.44495282,"Latitude":33.63050877,"IDPs Outside Shelters":27,"Families Outside Shelters":6},"geometry":{"type":"Point","coordinates":[35.44495282,33.63050877]}},
{"type":"Feature","properties":{"Governorate":"Mount Lebanon","District":"Chouf","Cadaster Zone":"Ouarhaniye","Cadaster Name":"El-Werhaniyeh","ACS Code":23463,"Longitude":35.6728794,"Latitude":33.71892053,"IDPs Outside Shelters":27,"Families Outside Shelters":7},"geometry":{"type":"Point","coordinates":[35.6728794,33.71892053]}},
{"type":"Feature","properties":{"Governorate":"Mount Lebanon","District":"Chouf","Cadaster Zone":"Maasser Ech-Chouf","Cadaster Name":"Maasser el-Chouf","ACS Code":23667,"Longitude":35.67427031,"Latitude":33.66288302,"IDPs Outside Shelters":25,"Families Outside Shelters":8},"geometry":{"type":"Point","coordinates":[35.67427031,33.66288302]}},
{"type":"Feature","properties":{"Governorate":"Mount Lebanon","District":"Chouf","Cadaster Zone":"Kfar hay","Cadaster Name":"Jdael et Kfarhi","ACS Code":23454,"Longitude":35.63887023,"Latitude":33.7477224,"IDPs Outside Shelters":24,"Families Outside Shelters":6},"geometry":{"type":"Point","coordinates":[35.63887023,33.7477224]}},
{"type":"Feature","properties":{"Governorate":"Mount Lebanon","District":"Chouf","Cadaster Zone":"Ouadi bnehlay","Cadaster Name":"Wadi Bnahley","ACS Code":23555,"Longitude":35.52414329,"Latitude":33.67853299,"IDPs Outside Shelters":22,"Families Outside Shelters":6},"geometry":{"type":"Point","coordinates":[35.52414329,33.67853299]}},
{"type":"Feature","properties":{"Governorate":"Mount Lebanon","District":"Chouf","Cadaster Zone":"Haret Jandal","Cadaster Name":"Haret Jandal","ACS Code":23647,"Longitude":35.61307274,"Latitude":33.62050801,"IDPs Outside Shelters":18,"Families Outside Shelters":7},"geometry":{"type":"Point","coordinates":[35.61307274,33.62050801]}},
{"type":"Feature","properties":{"Governorate":"Mount Lebanon","District":"Chouf","Cadaster Zone":"Jmailiye","Cadaster Name":"Jmeiliyeh","ACS Code":23316,"Longitude":35.42795409,"Latitude":33.59807449,"IDPs Outside Shelters":18,"Families Outside Shelters":7},"geometry":{"type":"Point","coordinates":[35.42795409,33.59807449]}},
{"type":"Feature","properties":{"Governorate":"Mount Lebanon","District":"Chouf","Cadaster Zone":"Aammatour","Cadaster Name":"Ammatour","ACS Code":23639,"Longitude":35.5953404,"Latitude":33.61367527,"IDPs Outside Shelters":17,"Families Outside Shelters":4},"geometry":{"type":"Point","coordinates":[35.5953404,33.61367527]}},
{"type":"Feature","properties":{"Governorate":"Mount Lebanon","District":"Chouf","Cadaster Zone":"Mristi","Cadaster Name":"Mristé","ACS Code":23659,"Longitude":35.65727393,"Latitude":33.62090261,"IDPs Outside Shelters":17,"Families Outside Shelters":5},"geometry":{"type":"Point","coordinates":[35.65727393,33.62090261]}},
{"type":"Feature","properties":{"Governorate":"Mount Lebanon","District":"Chouf","Cadaster Zone":"Aainbal","Cadaster Name":"Anbal","ACS Code":23533,"Longitude":35.55511342,"Latitude":33.65520044,"IDPs Outside Shelters":16,"Families Outside Shelters":5},"geometry":{"type":"Point","coordinates":[35.55511342,33.65520044]}},
{"type":"Feature","properties":{"Governorate":"Mount Lebanon","District":"Chouf","Cadaster Zone":"Majdalouna","Cadaster Name":"Majdalouna","ACS Code":23326,"Longitude":35.44419182,"Latitude":33.59691091,"IDPs Outside Shelters":16,"Families Outside Shelters":4},"geometry":{"type":"Point","coordinates":[35.44419182,33.59691091]}},
{"type":"Feature","properties":{"Governorate":"Mount Lebanon","District":"Chouf","Cadaster Zone":"Bchtfine","Cadaster Name":"Bchatfine","ACS Code":23423,"Longitude":35.55130976,"Latitude":33.7124097,"IDPs Outside Shelters":14,"Families Outside Shelters":4},"geometry":{"type":"Point","coordinates":[35.55130976,33.7124097]}},
{"type":"Feature","properties":{"Governorate":"Mount Lebanon","District":"Chouf","Cadaster Zone":"Deir  El-Moukhalles Ech-Chouf","Cadaster Name":"Deir Mkhallesse","ACS Code":23346,"Longitude":35.49121852,"Latitude":33.58041306,"IDPs Outside Shelters":13,"Families Outside Shelters":4},"geometry":{"type":"Point","coordinates":[35.49121852,33.58041306]}},
{"type":"Feature","properties":{"Governorate":"Mount Lebanon","District":"Chouf","Cadaster Zone":"Kfar Qatra","Cadaster Name":"Kfar Katra","ACS Code":23419,"Longitude":35.5888425,"Latitude":33.71054621,"IDPs Outside Shelters":9,"Families Outside Shelters":3},"geometry":{"type":"Point","coordinates":[35.5888425,33.71054621]}},
{"type":"Feature","properties":{"Governorate":"Mount Lebanon","District":"Chouf","Cadaster Zone":"Khirbet Bisri","Cadaster Name":"Kherbet Bisri","ACS Code":23371,"Longitude":35.52560735,"Latitude":33.58418567,"IDPs Outside Shelters":8,"Families Outside Shelters":3},"geometry":{"type":"Point","coordinates":[35.52560735,33.58418567]}},
{"type":"Feature","properties":{"Governorate":"Mount Lebanon","District":"Chouf","Cadaster Zone":"Chammis Ech-Chouf","Cadaster Name":"Aïn-el-Assad et Chmeicé","ACS Code":23223,"Longitude":35.46098586,"Latitude":33.63963914,"IDPs Outside Shelters":7,"Families Outside Shelters":3},"geometry":{"type":"Point","coordinates":[35.46098586,33.63963914]}},
{"type":"Feature","properties":{"Governorate":"Mount Lebanon","District":"Chouf","Cadaster Zone":"Aain Zhalta","Cadaster Name":"Aïn Zhalta","ACS Code":23469,"Longitude":35.720823,"Latitude":33.73434106,"IDPs Outside Shelters":0,"Families Outside Shelters":0},"geometry":{"type":"Point","coordinates":[35.720823,33.73434106]}},
{"type":"Feature","properties":{"Governorate":"Mount Lebanon","District":"Chouf","Cadaster Zone":"Aammiq Ech-Chouf","Cadaster Name":"Ammik","ACS Code":23427,"Longitude":35.59065659,"Latitude":33.71870485,"IDPs Outside Shelters":0,"Families Outside Shelters":0},"geometry":{"type":"Point","coordinates":[35.59065659,33.71870485]}},
{"type":"Feature","properties":{"Governorate":"Mount Lebanon","District":"Chouf","Cadaster Zone":"Bayqoun","Cadaster Name":"Baïkoun","ACS Code":23687,"Longitude":35.58140433,"Latitude":33.61288013,"IDPs Outside Shelters":0,"Families Outside Shelters":0},"geometry":{"type":"Point","coordinates":[35.58140433,33.61288013]}},
{"type":"Feature","properties":{"Governorate":"Mount Lebanon","District":"Chouf","Cadaster Zone":"Beit Ed-Dine","Cadaster Name":"Beit Eddine","ACS Code":23411,"Longitude":35.58080493,"Latitude":33.69209328,"IDPs Outside Shelters":0,"Families Outside Shelters":0},"geometry":{"type":"Point","coordinates":[35.58080493,33.69209328]}},
{"type":"Feature","properties":{"Governorate":"Mount Lebanon","District":"Chouf","Cadaster Zone":"Benouati Ech-Chouf","Cadaster Name":"Benouaïti","ACS Code":23263,"Longitude":35.51435265,"Latitude":33.67673705,"IDPs Outside Shelters":0,"Families Outside Shelters":0},"geometry":{"type":"Point","coordinates":[35.51435265,33.67673705]}},
{"type":"Feature","properties":{"Governorate":"Mount Lebanon","District":"Chouf","Cadaster Zone":"Biret Ech-Chouf","Cadaster Name":"El-Biré","ACS Code":23451,"Longitude":35.65296301,"Latitude":33.72560946,"IDPs Outside Shelters":0,"Families Outside Shelters":0},"geometry":{"type":"Point","coordinates":[35.65296301,33.72560946]}},
{"type":"Feature","properties":{"Governorate":"Mount Lebanon","District":"Chouf","Cadaster Zone":"Bkechtine Ouel Mcheiaa","Cadaster Name":"Bkhchtaine","ACS Code":23253,"Longitude":35.49669721,"Latitude":33.67028108,"IDPs Outside Shelters":0,"Families Outside Shelters":0},"geometry":{"type":"Point","coordinates":[35.49669721,33.67028108]}},
{"type":"Feature","properties":{"Governorate":"Mount Lebanon","District":"Chouf","Cadaster Zone":"Bkifa Ech-Chouf","Cadaster Name":"Bkifa","ACS Code":23356,"Longitude":35.49976441,"Latitude":33.58946477,"IDPs Outside Shelters":0,"Families Outside Shelters":0},"geometry":{"type":"Point","coordinates":[35.49976441,33.58946477]}},
{"type":"Feature","properties":{"Governorate":"Mount Lebanon","District":"Chouf","Cadaster Zone":"Bqaiaa Ech-Chouf","Cadaster Name":"El-Bkaya","ACS Code":23457,"Longitude":35.49251058,"Latitude":33.68590863,"IDPs Outside Shelters":0,"Families Outside Shelters":0},"geometry":{"type":"Point","coordinates":[35.49251058,33.68590863]}},
{"type":"Feature","properties":{"Governorate":"Mount Lebanon","District":"Chouf","Cadaster Zone":"Chmaarine","Cadaster Name":"Chemaarine","ACS Code":23275,"Longitude":35.50443069,"Latitude":33.67891095,"IDPs Outside Shelters":0,"Families Outside Shelters":0},"geometry":{"type":"Point","coordinates":[35.50443069,33.67891095]}},
{"type":"Feature","properties":{"Governorate":"Mount Lebanon","District":"Chouf","Cadaster Zone":"Chourit","Cadaster Name":"Chourite","ACS Code":23453,"Longitude":35.63560001,"Latitude":33.74183823,"IDPs Outside Shelters":0,"Families Outside Shelters":0},"geometry":{"type":"Point","coordinates":[35.63560001,33.74183823]}},
{"type":"Feature","properties":{"Governorate":"Mount Lebanon","District":"Chouf","Cadaster Zone":"Deir Baba","Cadaster Name":"Deir Baba","ACS Code":23435,"Longitude":35.51880185,"Latitude":33.69930906,"IDPs Outside Shelters":0,"Families Outside Shelters":0},"geometry":{"type":"Point","coordinates":[35.51880185,33.69930906]}},
{"type":"Feature","properties":{"Governorate":"Mount Lebanon","District":"Chouf","Cadaster Zone":"Deir Dourit","Cadaster Name":"Dardourite","ACS Code":23522,"Longitude":35.5339957,"Latitude":33.67843988,"IDPs Outside Shelters":0,"Families Outside Shelters":0},"geometry":{"type":"Point","coordinates":[35.5339957,33.67843988]}},
{"type":"Feature","properties":{"Governorate":"Mount Lebanon","District":"Chouf","Cadaster Zone":"Dibbiye","Cadaster Name":"Debbiyeh (Ain el Haour)","ACS Code":23259,"Longitude":35.49722352,"Latitude":33.65297075,"IDPs Outside Shelters":0,"Families Outside Shelters":0},"geometry":{"type":"Point","coordinates":[35.49722352,33.65297075]}},
{"type":"Feature","properties":{"Governorate":"Mount Lebanon","District":"Chouf","Cadaster Zone":"Faouarat Jaafar","Cadaster Name":"El-Fouara","ACS Code":23449,"Longitude":35.6383093,"Latitude":33.71265192,"IDPs Outside Shelters":0,"Families Outside Shelters":0},"geometry":{"type":"Point","coordinates":[35.6383093,33.71265192]}},
{"type":"Feature","properties":{"Governorate":"Mount Lebanon","District":"Chouf","Cadaster Zone":"GHabet Jaafar","Cadaster Name":"Ghabet Jaafar","ACS Code":23438,"Longitude":35.5279317,"Latitude":33.69311657,"IDPs Outside Shelters":0,"Families Outside Shelters":0},"geometry":{"type":"Point","coordinates":[35.5279317,33.69311657]}},
{"type":"Feature","properties":{"Governorate":"Mount Lebanon","District":"Chouf","Cadaster Zone":"Jbaa Ech-Chouf","Cadaster Name":"Jebah","ACS Code":23671,"Longitude":35.64287268,"Latitude":33.60527249,"IDPs Outside Shelters":0,"Families Outside Shelters":0},"geometry":{"type":"Point","coordinates":[35.64287268,33.60527249]}},
{"type":"Feature","properties":{"Governorate":"Mount Lebanon","District":"Chouf","Cadaster Zone":"Jleiliye","Cadaster Name":"El-Jleiliyeh","ACS Code":23376,"Longitude":35.52701623,"Latitude":33.6052873,"IDPs Outside Shelters":0,"Families Outside Shelters":0},"geometry":{"type":"Point","coordinates":[35.52701623,33.6052873]}},
{"type":"Feature","properties":{"Governorate":"Mount Lebanon","District":"Chouf","Cadaster Zone":"Kfar Hamal","Cadaster Name":"Kfar Haml","ACS Code":23415,"Longitude":35.565507,"Latitude":33.70871185,"IDPs Outside Shelters":0,"Families Outside Shelters":0},"geometry":{"type":"Point","coordinates":[35.565507,33.70871185]}},
{"type":"Feature","properties":{"Governorate":"Mount Lebanon","District":"Chouf","Cadaster Zone":"Kfar Matta","Cadaster Name":"Kfar Matta (Klaliyé)","ACS Code":24377,"Longitude":35.50426339,"Latitude":33.70864122,"IDPs Outside Shelters":0,"Families Outside Shelters":0},"geometry":{"type":"Point","coordinates":[35.50426339,33.70864122]}},
{"type":"Feature","properties":{"Governorate":"Mount Lebanon","District":"Chouf","Cadaster Zone":"Kfar Niss","Cadaster Name":"Kfarnice","ACS Code":23455,"Longitude":35.65018806,"Latitude":33.73508074,"IDPs Outside Shelters":0,"Families Outside Shelters":0},"geometry":{"type":"Point","coordinates":[35.65018806,33.73508074]}},
{"type":"Feature","properties":{"Governorate":"Mount Lebanon","District":"Chouf","Cadaster Zone":"Kneisset Ech-Chouf","Cadaster Name":"El-Kneissé","ACS Code":23425,"Longitude":35.57521604,"Latitude":33.71943507,"IDPs Outside Shelters":0,"Families Outside Shelters":0},"geometry":{"type":"Point","coordinates":[35.57521604,33.71943507]}},
{"type":"Feature","properties":{"Governorate":"Mount Lebanon","District":"Chouf","Cadaster Zone":"litige","Cadaster Name":"litige","ACS Code":23001,"Longitude":35.73449839,"Latitude":33.74471288,"IDPs Outside Shelters":0,"Families Outside Shelters":0},"geometry":{"type":"Point","coordinates":[35.73449839,33.74471288]}},
{"type":"Feature","properties":{"Governorate":"Mount Lebanon","District":"Chouf","Cadaster Zone":"litige","Cadaster Name":"litige","ACS Code":23002,"Longitude":35.67813839,"Latitude":33.72984545,"IDPs Outside Shelters":0,"Families Outside Shelters":0},"geometry":{"type":"Point","coordinates":[35.67813839,33.72984545]}},
{"type":"Feature","properties":{"Governorate":"Mount Lebanon","District":"Chouf","Cadaster Zone":"litige","Cadaster Name":"litige","ACS Code":23003,"Longitude":35.56382883,"Latitude":33.72489977,"IDPs Outside Shelters":0,"Families Outside Shelters":0},"geometry":{"type":"Point","coordinates":[35.56382883,33.72489977]}},
{"type":"Feature","properties":{"Governorate":"Mount Lebanon","District":"Chouf","Cadaster Zone":"litige","Cadaster Name":"litige","ACS Code":23003,"Longitude":35.5584651,"Latitude":33.66782013,"IDPs Outside Shelters":0,"Families Outside Shelters":0},"geometry":{"type":"Point","coordinates":[35.5584651,33.66782013]}},
{"type":"Feature","properties":{"Governorate":"Mount Lebanon","District":"Chouf","Cadaster Zone":"litige","Cadaster Name":"litige","ACS Code":23004,"Longitude":35.67180979,"Latitude":33.62983383,"IDPs Outside Shelters":0,"Families Outside Shelters":0},"geometry":{"type":"Point","coordinates":[35.67180979,33.62983383]}},
{"type":"Feature","properties":{"Governorate":"Mount Lebanon","District":"Chouf","Cadaster Zone":"litige","Cadaster Name":"litige","ACS Code":23005,"Longitude":35.47670766,"Latitude":33.62173775,"IDPs Outside Shelters":0,"Families Outside Shelters":0},"geometry":{"type":"Point","coordinates":[35.47670766,33.62173775]}},
{"type":"Feature","properties":{"Governorate":"Mount Lebanon","District":"Chouf","Cadaster Zone":"litige","Cadaster Name":"litige","ACS Code":23006,"Longitude":35.47629002,"Latitude":33.59019948,"IDPs Outside Shelters":0,"Families Outside Shelters":0},"geometry":{"type":"Point","coordinates":[35.47629002,33.59019948]}},
{"type":"Feature","properties":{"Governorate":"Mount Lebanon","District":"Chouf","Cadaster Zone":"litige","Cadaster Name":"litige","ACS Code":23007,"Longitude":35.58653856,"Latitude":33.58947936,"IDPs Outside Shelters":0,"Families Outside Shelters":0},"geometry":{"type":"Point","coordinates":[35.58653856,33.58947936]}},
{"type":"Feature","properties":{"Governorate":"Mount Lebanon","District":"Chouf","Cadaster Zone":"Majdel El-Meouch","Cadaster Name":"Majdel Meouche","ACS Code":23445,"Longitude":35.62063207,"Latitude":33.72567721,"IDPs Outside Shelters":0,"Families Outside Shelters":0},"geometry":{"type":"Point","coordinates":[35.62063207,33.72567721]}},
{"type":"Feature","properties":{"Governorate":"Mount Lebanon","District":"Chouf","Cadaster Zone":"Mazraat Ed-Douair","Cadaster Name":"Douair Bsennaï","ACS Code":23431,"Longitude":35.60605694,"Latitude":33.70783999,"IDPs Outside Shelters":0,"Families Outside Shelters":0},"geometry":{"type":"Point","coordinates":[35.60605694,33.70783999]}},
{"type":"Feature","properties":{"Governorate":"Mount Lebanon","District":"Chouf","Cadaster Zone":"Mazraat Es-Dahr","Cadaster Name":"Mazraet El-Dahr","ACS Code":23366,"Longitude":35.52824693,"Latitude":33.59344228,"IDPs Outside Shelters":0,"Families Outside Shelters":0},"geometry":{"type":"Point","coordinates":[35.52824693,33.59344228]}},
{"type":"Feature","properties":{"Governorate":"Mount Lebanon","District":"Chouf","Cadaster Zone":"Mechref","Cadaster Name":"El-Mouchref","ACS Code":23171,"Longitude":35.47734424,"Latitude":33.70816263,"IDPs Outside Shelters":0,"Families Outside Shelters":0},"geometry":{"type":"Point","coordinates":[35.47734424,33.70816263]}},
{"type":"Feature","properties":{"Governorate":"Mount Lebanon","District":"Chouf","Cadaster Zone":"Moughayret Ech-Chouf","Cadaster Name":"El-Moghaïré","ACS Code":23461,"Longitude":35.4826209,"Latitude":33.69593518,"IDPs Outside Shelters":0,"Families Outside Shelters":0},"geometry":{"type":"Point","coordinates":[35.4826209,33.69593518]}},
{"type":"Feature","properties":{"Governorate":"Mount Lebanon","District":"Chouf","Cadaster Zone":"Moukhtara","Cadaster Name":"El-Moukhtara","ACS Code":23611,"Longitude":35.61457991,"Latitude":33.65651386,"IDPs Outside Shelters":0,"Families Outside Shelters":0},"geometry":{"type":"Point","coordinates":[35.61457991,33.65651386]}},
{"type":"Feature","properties":{"Governorate":"Mount Lebanon","District":"Chouf","Cadaster Zone":"Mtolle","Cadaster Name":"Mtoullé Bzina","ACS Code":23365,"Longitude":35.53975898,"Latitude":33.6086974,"IDPs Outside Shelters":0,"Families Outside Shelters":0},"geometry":{"type":"Point","coordinates":[35.53975898,33.6086974]}},
{"type":"Feature","properties":{"Governorate":"Mount Lebanon","District":"Chouf","Cadaster Zone":"Ouadi Abou Youssef","Cadaster Name":"Wadi Abou Youssef","ACS Code":23237,"Longitude":35.49618257,"Latitude":33.67873509,"IDPs Outside Shelters":0,"Families Outside Shelters":0},"geometry":{"type":"Point","coordinates":[35.49618257,33.67873509]}},
{"type":"Feature","properties":{"Governorate":"Mount Lebanon","District":"Chouf","Cadaster Zone":"Ouadi Ed-Deir","Cadaster Name":"Wadi El-Deir","ACS Code":23441,"Longitude":35.52744028,"Latitude":33.68456444,"IDPs Outside Shelters":0,"Families Outside Shelters":0},"geometry":{"type":"Point","coordinates":[35.52744028,33.68456444]}},
{"type":"Feature","properties":{"Governorate":"Mount Lebanon","District":"Chouf","Cadaster Zone":"Ouadi Es-Sitt","Cadaster Name":"Wadi El-Sit","ACS Code":23443,"Longitude":35.62686835,"Latitude":33.71489041,"IDPs Outside Shelters":0,"Families Outside Shelters":0},"geometry":{"type":"Point","coordinates":[35.62686835,33.71489041]}},
{"type":"Feature","properties":{"Governorate":"Mount Lebanon","District":"Chouf","Cadaster Zone":"Qreiaa","Cadaster Name":"Kraya","ACS Code":23351,"Longitude":35.4904018,"Latitude":33.59747594,"IDPs Outside Shelters":0,"Families Outside Shelters":0},"geometry":{"type":"Point","coordinates":[35.4904018,33.59747594]}},
{"type":"Feature","properties":{"Governorate":"North","District":"El Batroun","Cadaster Zone":"Batroun","Cadaster Name":"Batroune","ACS Code":34111,"Longitude":35.66726492,"Latitude":34.25685202,"IDPs Outside Shelters":579,"Families Outside Shelters":132},"geometry":{"type":"Point","coordinates":[35.66726492,34.25685202]}},
{"type":"Feature","properties":{"Governorate":"North","District":"El Batroun","Cadaster Zone":"Kfar Aabida","Cadaster Name":"Kfar Obeida","ACS Code":34144,"Longitude":35.66387924,"Latitude":34.23046745,"IDPs Outside Shelters":274,"Families Outside Shelters":62},"geometry":{"type":"Point","coordinates":[35.66387924,34.23046745]}},
{"type":"Feature","properties":{"Governorate":"North","District":"El Batroun","Cadaster Zone":"Rachkida","Cadaster Name":"Rachkida","ACS Code":34276,"Longitude":35.71801581,"Latitude":34.26755766,"IDPs Outside Shelters":164,"Families Outside Shelters":34},"geometry":{"type":"Point","coordinates":[35.71801581,34.26755766]}},
{"type":"Feature","properties":{"Governorate":"North","District":"El Batroun","Cadaster Zone":"Smar Jbayl","Cadaster Name":"Smar Jbeil","ACS Code":34239,"Longitude":35.68135941,"Latitude":34.22038582,"IDPs Outside Shelters":45,"Families Outside Shelters":11},"geometry":{"type":"Point","coordinates":[35.68135941,34.22038582]}},
{"type":"Feature","properties":{"Governorate":"North","District":"El Batroun","Cadaster Zone":"Racha","Cadaster Name":"Racha","ACS Code":34247,"Longitude":35.78540369,"Latitude":34.20010594,"IDPs Outside Shelters":22,"Families Outside Shelters":6},"geometry":{"type":"Point","coordinates":[35.78540369,34.20010594]}},
{"type":"Feature","properties":{"Governorate":"North","District":"El Batroun","Cadaster Zone":"Selaata","Cadaster Name":"Salaata","ACS Code":34166,"Longitude":35.66291868,"Latitude":34.28106162,"IDPs Outside Shelters":22,"Families Outside Shelters":6},"geometry":{"type":"Point","coordinates":[35.66291868,34.28106162]}},
{"type":"Feature","properties":{"Governorate":"North","District":"El Batroun","Cadaster Zone":"Heri","Cadaster Name":"Al-Hery","ACS Code":34177,"Longitude":35.71674215,"Latitude":34.30862725,"IDPs Outside Shelters":20,"Families Outside Shelters":5},"geometry":{"type":"Point","coordinates":[35.71674215,34.30862725]}},
{"type":"Feature","properties":{"Governorate":"North","District":"El Batroun","Cadaster Zone":"Kfifane","Cadaster Name":"Kfifane","ACS Code":34233,"Longitude":35.72016245,"Latitude":34.23303458,"IDPs Outside Shelters":19,"Families Outside Shelters":6},"geometry":{"type":"Point","coordinates":[35.72016245,34.23303458]}},
{"type":"Feature","properties":{"Governorate":"North","District":"El Batroun","Cadaster Zone":"Ras Nahhach","Cadaster Name":"Ras Nahache","ACS Code":34284,"Longitude":35.7132572,"Latitude":34.28277526,"IDPs Outside Shelters":18,"Families Outside Shelters":5},"geometry":{"type":"Point","coordinates":[35.7132572,34.28277526]}},
{"type":"Feature","properties":{"Governorate":"North","District":"El Batroun","Cadaster Zone":"Sghar","Cadaster Name":"Sghar et Wata Sfarta","ACS Code":34224,"Longitude":35.69217932,"Latitude":34.20060389,"IDPs Outside Shelters":18,"Families Outside Shelters":5},"geometry":{"type":"Point","coordinates":[35.69217932,34.20060389]}},
{"type":"Feature","properties":{"Governorate":"North","District":"El Batroun","Cadaster Zone":"Douma","Cadaster Name":"Douma","ACS Code":34311,"Longitude":35.85370364,"Latitude":34.19747371,"IDPs Outside Shelters":14,"Families Outside Shelters":4},"geometry":{"type":"Point","coordinates":[35.85370364,34.19747371]}},
{"type":"Feature","properties":{"Governorate":"North","District":"El Batroun","Cadaster Zone":"AAbdelli","Cadaster Name":"Abdilli","ACS Code":34217,"Longitude":35.71866099,"Latitude":34.20858052,"IDPs Outside Shelters":13,"Families Outside Shelters":4},"geometry":{"type":"Point","coordinates":[35.71866099,34.20858052]}},
{"type":"Feature","properties":{"Governorate":"North","District":"El Batroun","Cadaster Zone":"Deir Billa","Cadaster Name":"Dar Bella","ACS Code":34374,"Longitude":35.82112935,"Latitude":34.25183437,"IDPs Outside Shelters":9,"Families Outside Shelters":3},"geometry":{"type":"Point","coordinates":[35.82112935,34.25183437]}},
{"type":"Feature","properties":{"Governorate":"North","District":"El Batroun","Cadaster Zone":"Toula El-Batroun","Cadaster Name":"Toula","ACS Code":34212,"Longitude":35.73094132,"Latitude":34.19980419,"IDPs Outside Shelters":8,"Families Outside Shelters":3},"geometry":{"type":"Point","coordinates":[35.73094132,34.19980419]}},
{"type":"Feature","properties":{"Governorate":"North","District":"El Batroun","Cadaster Zone":"Boqsmaiya","Cadaster Name":"Boksmaya","ACS Code":34277,"Longitude":35.76371747,"Latitude":34.25511589,"IDPs Outside Shelters":7,"Families Outside Shelters":3},"geometry":{"type":"Point","coordinates":[35.76371747,34.25511589]}},
{"type":"Feature","properties":{"Governorate":"North","District":"El Batroun","Cadaster Zone":"Aabrine","Cadaster Name":"Abrine","ACS Code":34269,"Longitude":35.69943683,"Latitude":34.25880061,"IDPs Outside Shelters":0,"Families Outside Shelters":0},"geometry":{"type":"Point","coordinates":[35.69943683,34.25880061]}},
{"type":"Feature","properties":{"Governorate":"North","District":"El Batroun","Cadaster Zone":"Aalali","Cadaster Name":"El-Alaly","ACS Code":34237,"Longitude":35.774228,"Latitude":34.20709917,"IDPs Outside Shelters":0,"Families Outside Shelters":0},"geometry":{"type":"Point","coordinates":[35.774228,34.20709917]}},
{"type":"Feature","properties":{"Governorate":"North","District":"El Batroun","Cadaster Zone":"Aartiz","Cadaster Name":"Artiz","ACS Code":34251,"Longitude":35.75099701,"Latitude":34.23450629,"IDPs Outside Shelters":0,"Families Outside Shelters":0},"geometry":{"type":"Point","coordinates":[35.75099701,34.23450629]}},
{"type":"Feature","properties":{"Governorate":"North","District":"El Batroun","Cadaster Zone":"Assia","Cadaster Name":"Assia","ACS Code":34263,"Longitude":35.79010902,"Latitude":34.21836921,"IDPs Outside Shelters":0,"Families Outside Shelters":0},"geometry":{"type":"Point","coordinates":[35.79010902,34.21836921]}},
{"type":"Feature","properties":{"Governorate":"North","District":"El Batroun","Cadaster Zone":"Basbina","Cadaster Name":"Basbina","ACS Code":34249,"Longitude":35.67333798,"Latitude":34.24652932,"IDPs Outside Shelters":0,"Families Outside Shelters":0},"geometry":{"type":"Point","coordinates":[35.67333798,34.24652932]}},
{"type":"Feature","properties":{"Governorate":"North","District":"El Batroun","Cadaster Zone":"Basbina","Cadaster Name":"Basbina","ACS Code":34249,"Longitude":35.70676798,"Latitude":34.23667735,"IDPs Outside Shelters":0,"Families Outside Shelters":0},"geometry":{"type":"Point","coordinates":[35.70676798,34.23667735]}},
{"type":"Feature","properties":{"Governorate":"North","District":"El Batroun","Cadaster Zone":"Bcheaali","Cadaster Name":"Bchaalé","ACS Code":34316,"Longitude":35.82221625,"Latitude":34.20184703,"IDPs Outside Shelters":0,"Families Outside Shelters":0},"geometry":{"type":"Point","coordinates":[35.82221625,34.20184703]}},
{"type":"Feature","properties":{"Governorate":"North","District":"El Batroun","Cadaster Zone":"Bechtoudar","Cadaster Name":"Bechtoudar-Aoura","ACS Code":34331,"Longitude":35.8158397,"Latitude":34.22838976,"IDPs Outside Shelters":0,"Families Outside Shelters":0},"geometry":{"type":"Point","coordinates":[35.8158397,34.22838976]}},
{"type":"Feature","properties":{"Governorate":"North","District":"El Batroun","Cadaster Zone":"Beit Chlala","Cadaster Name":"Beit Chlale","ACS Code":34321,"Longitude":35.84187193,"Latitude":34.22094813,"IDPs Outside Shelters":0,"Families Outside Shelters":0},"geometry":{"type":"Point","coordinates":[35.84187193,34.22094813]}},
{"type":"Feature","properties":{"Governorate":"North","District":"El Batroun","Cadaster Zone":"Beit Kassab","Cadaster Name":"Beit Ksab","ACS Code":34371,"Longitude":35.84769816,"Latitude":34.24690321,"IDPs Outside Shelters":0,"Families Outside Shelters":0},"geometry":{"type":"Point","coordinates":[35.84769816,34.24690321]}},
{"type":"Feature","properties":{"Governorate":"North","District":"El Batroun","Cadaster Zone":"Bijdarfil","Cadaster Name":"Bejdarfel","ACS Code":34264,"Longitude":35.71838575,"Latitude":34.24813681,"IDPs Outside Shelters":0,"Families Outside Shelters":0},"geometry":{"type":"Point","coordinates":[35.71838575,34.24813681]}},
{"type":"Feature","properties":{"Governorate":"North","District":"El Batroun","Cadaster Zone":"Chatine","Cadaster Name":"Chatine","ACS Code":34366,"Longitude":35.87721821,"Latitude":34.17703263,"IDPs Outside Shelters":0,"Families Outside Shelters":0},"geometry":{"type":"Point","coordinates":[35.87721821,34.17703263]}},
{"type":"Feature","properties":{"Governorate":"North","District":"El Batroun","Cadaster Zone":"Chibtine","Cadaster Name":"Chabtine","ACS Code":34221,"Longitude":35.74991149,"Latitude":34.21087793,"IDPs Outside Shelters":0,"Families Outside Shelters":0},"geometry":{"type":"Point","coordinates":[35.74991149,34.21087793]}},
{"type":"Feature","properties":{"Governorate":"North","District":"El Batroun","Cadaster Zone":"Chikka","Cadaster Name":"Chekka","ACS Code":34188,"Longitude":35.73940159,"Latitude":34.32431748,"IDPs Outside Shelters":0,"Families Outside Shelters":0},"geometry":{"type":"Point","coordinates":[35.73940159,34.32431748]}},
{"type":"Feature","properties":{"Governorate":"North","District":"El Batroun","Cadaster Zone":"Daael","Cadaster Name":"Dael","ACS Code":34279,"Longitude":35.79740301,"Latitude":34.24138579,"IDPs Outside Shelters":0,"Families Outside Shelters":0},"geometry":{"type":"Point","coordinates":[35.79740301,34.24138579]}},
{"type":"Feature","properties":{"Governorate":"North","District":"El Batroun","Cadaster Zone":"Dahr Abi Yaghi","Cadaster Name":"Al-Boukaïa et Dahr Abi Yaghi","ACS Code":34211,"Longitude":35.72865803,"Latitude":34.18985607,"IDPs Outside Shelters":0,"Families Outside Shelters":0},"geometry":{"type":"Point","coordinates":[35.72865803,34.18985607]}},
{"type":"Feature","properties":{"Governorate":"North","District":"El Batroun","Cadaster Zone":"Daraya El-Batroun","Cadaster Name":"Deria","ACS Code":34215,"Longitude":35.73164054,"Latitude":34.21456632,"IDPs Outside Shelters":0,"Families Outside Shelters":0},"geometry":{"type":"Point","coordinates":[35.73164054,34.21456632]}},
{"type":"Feature","properties":{"Governorate":"North","District":"El Batroun","Cadaster Zone":"Deir Kfifane","Cadaster Name":"Deir Kfifane","ACS Code":34223,"Longitude":35.72583946,"Latitude":34.22273215,"IDPs Outside Shelters":0,"Families Outside Shelters":0},"geometry":{"type":"Point","coordinates":[35.72583946,34.22273215]}},
{"type":"Feature","properties":{"Governorate":"North","District":"El Batroun","Cadaster Zone":"Deir Mar Youhanna EL-Batroun","Cadaster Name":"Deir Mar Youhanna Douma","ACS Code":34326,"Longitude":35.83372752,"Latitude":34.21878096,"IDPs Outside Shelters":0,"Families Outside Shelters":0},"geometry":{"type":"Point","coordinates":[35.83372752,34.21878096]}},
{"type":"Feature","properties":{"Governorate":"North","District":"El Batroun","Cadaster Zone":"Deir Mar Youssef Jrabta","Cadaster Name":"Deir Mar Youssef Jrabta","ACS Code":34227,"Longitude":35.69919106,"Latitude":34.20905404,"IDPs Outside Shelters":0,"Families Outside Shelters":0},"geometry":{"type":"Point","coordinates":[35.69919106,34.20905404]}},
{"type":"Feature","properties":{"Governorate":"North","District":"El Batroun","Cadaster Zone":"Douq","Cadaster Name":"Douk","ACS Code":34218,"Longitude":35.74751548,"Latitude":34.19716003,"IDPs Outside Shelters":0,"Families Outside Shelters":0},"geometry":{"type":"Point","coordinates":[35.74751548,34.19716003]}},
{"type":"Feature","properties":{"Governorate":"North","District":"El Batroun","Cadaster Zone":"Edde El-Batroun","Cadaster Name":"Eddé","ACS Code":34259,"Longitude":35.68493164,"Latitude":34.23541172,"IDPs Outside Shelters":0,"Families Outside Shelters":0},"geometry":{"type":"Point","coordinates":[35.68493164,34.23541172]}},
{"type":"Feature","properties":{"Governorate":"North","District":"El Batroun","Cadaster Zone":"Ftahat El-Batroun","Cadaster Name":"El-Ftahat","ACS Code":34244,"Longitude":35.7617611,"Latitude":34.23109659,"IDPs Outside Shelters":0,"Families Outside Shelters":0},"geometry":{"type":"Point","coordinates":[35.7617611,34.23109659]}},
{"type":"Feature","properties":{"Governorate":"North","District":"El Batroun","Cadaster Zone":"Ghouma","Cadaster Name":"Chouma","ACS Code":34231,"Longitude":35.68990519,"Latitude":34.21325953,"IDPs Outside Shelters":0,"Families Outside Shelters":0},"geometry":{"type":"Point","coordinates":[35.68990519,34.21325953]}},
{"type":"Feature","properties":{"Governorate":"North","District":"El Batroun","Cadaster Zone":"Hadtoun","Cadaster Name":"Hadtoune","ACS Code":34351,"Longitude":35.80089468,"Latitude":34.19498042,"IDPs Outside Shelters":0,"Families Outside Shelters":0},"geometry":{"type":"Point","coordinates":[35.80089468,34.19498042]}},
{"type":"Feature","properties":{"Governorate":"North","District":"El Batroun","Cadaster Zone":"Hamat","Cadaster Name":"Hamat","ACS Code":34287,"Longitude":35.68971789,"Latitude":34.29509049,"IDPs Outside Shelters":0,"Families Outside Shelters":0},"geometry":{"type":"Point","coordinates":[35.68971789,34.29509049]}},
{"type":"Feature","properties":{"Governorate":"North","District":"El Batroun","Cadaster Zone":"Harbouna","Cadaster Name":"Harbouna","ACS Code":34253,"Longitude":35.74489009,"Latitude":34.24113626,"IDPs Outside Shelters":0,"Families Outside Shelters":0},"geometry":{"type":"Point","coordinates":[35.74489009,34.24113626]}},
{"type":"Feature","properties":{"Governorate":"North","District":"El Batroun","Cadaster Zone":"Hardine","Cadaster Name":"Hardine","ACS Code":34361,"Longitude":35.85812071,"Latitude":34.23837183,"IDPs Outside Shelters":0,"Families Outside Shelters":0},"geometry":{"type":"Point","coordinates":[35.85812071,34.23837183]}},
{"type":"Feature","properties":{"Governorate":"North","District":"El Batroun","Cadaster Zone":"Helta","Cadaster Name":"Helta","ACS Code":34267,"Longitude":35.77836289,"Latitude":34.23878071,"IDPs Outside Shelters":0,"Families Outside Shelters":0},"geometry":{"type":"Point","coordinates":[35.77836289,34.23878071]}},
{"type":"Feature","properties":{"Governorate":"North","District":"El Batroun","Cadaster Zone":"Ijdabra","Cadaster Name":"Ejdabra","ACS Code":34266,"Longitude":35.68964235,"Latitude":34.2452725,"IDPs Outside Shelters":0,"Families Outside Shelters":0},"geometry":{"type":"Point","coordinates":[35.68964235,34.2452725]}},
{"type":"Feature","properties":{"Governorate":"North","District":"El Batroun","Cadaster Zone":"Jebla","Cadaster Name":"Jebla","ACS Code":34274,"Longitude":35.78043254,"Latitude":34.24690734,"IDPs Outside Shelters":0,"Families Outside Shelters":0},"geometry":{"type":"Point","coordinates":[35.78043254,34.24690734]}},
{"type":"Feature","properties":{"Governorate":"North","District":"El Batroun","Cadaster Zone":"Jrabta El-Batroun","Cadaster Name":"Jrabta","ACS Code":34219,"Longitude":35.70777337,"Latitude":34.20026558,"IDPs Outside Shelters":0,"Families Outside Shelters":0},"geometry":{"type":"Point","coordinates":[35.70777337,34.20026558]}},
{"type":"Feature","properties":{"Governorate":"North","District":"El Batroun","Cadaster Zone":"Jrane El-Batroun","Cadaster Name":"Jrane","ACS Code":34234,"Longitude":35.7069427,"Latitude":34.22552988,"IDPs Outside Shelters":0,"Families Outside Shelters":0},"geometry":{"type":"Point","coordinates":[35.7069427,34.22552988]}},
{"type":"Feature","properties":{"Governorate":"North","District":"El Batroun","Cadaster Zone":"Kfar Hatna","Cadaster Name":"Kfar Hatna","ACS Code":34241,"Longitude":35.74617874,"Latitude":34.23037375,"IDPs Outside Shelters":0,"Families Outside Shelters":0},"geometry":{"type":"Point","coordinates":[35.74617874,34.23037375]}},
{"type":"Feature","properties":{"Governorate":"North","District":"El Batroun","Cadaster Zone":"Kfar Hay","Cadaster Name":"Kfar Hay","ACS Code":34271,"Longitude":35.7429589,"Latitude":34.25478343,"IDPs Outside Shelters":0,"Families Outside Shelters":0},"geometry":{"type":"Point","coordinates":[35.7429589,34.25478343]}},
{"type":"Feature","properties":{"Governorate":"North","District":"El Batroun","Cadaster Zone":"Kfar Hilda","Cadaster Name":"Kfar Halda","ACS Code":34336,"Longitude":35.83364076,"Latitude":34.23371204,"IDPs Outside Shelters":0,"Families Outside Shelters":0},"geometry":{"type":"Point","coordinates":[35.83364076,34.23371204]}},
{"type":"Feature","properties":{"Governorate":"North","District":"El Batroun","Cadaster Zone":"Kfar Khollos","Cadaster Name":"Kfar Heloss","ACS Code":34281,"Longitude":35.68302582,"Latitude":34.26290134,"IDPs Outside Shelters":0,"Families Outside Shelters":0},"geometry":{"type":"Point","coordinates":[35.68302582,34.26290134]}},
{"type":"Feature","properties":{"Governorate":"North","District":"El Batroun","Cadaster Zone":"Kfarb Shlaimane","Cadaster Name":"Kfar Chleïman","ACS Code":34257,"Longitude":35.77309291,"Latitude":34.23081388,"IDPs Outside Shelters":0,"Families Outside Shelters":0},"geometry":{"type":"Point","coordinates":[35.77309291,34.23081388]}},
{"type":"Feature","properties":{"Governorate":"North","District":"El Batroun","Cadaster Zone":"Kfour El-Aarbi","Cadaster Name":"Kfour El-Arabi","ACS Code":34341,"Longitude":35.87619949,"Latitude":34.22056907,"IDPs Outside Shelters":0,"Families Outside Shelters":0},"geometry":{"type":"Point","coordinates":[35.87619949,34.22056907]}},
{"type":"Feature","properties":{"Governorate":"North","District":"El Batroun","Cadaster Zone":"Koubba","Cadaster Name":"Koubba","ACS Code":34155,"Longitude":35.66795229,"Latitude":34.27135753,"IDPs Outside Shelters":0,"Families Outside Shelters":0},"geometry":{"type":"Point","coordinates":[35.66795229,34.27135753]}},
{"type":"Feature","properties":{"Governorate":"North","District":"El Batroun","Cadaster Zone":"Kour","Cadaster Name":"Kour","ACS Code":34246,"Longitude":35.73403017,"Latitude":34.23853299,"IDPs Outside Shelters":0,"Families Outside Shelters":0},"geometry":{"type":"Point","coordinates":[35.73403017,34.23853299]}},
{"type":"Feature","properties":{"Governorate":"North","District":"El Batroun","Cadaster Zone":"litige","Cadaster Name":"litige","ACS Code":34002,"Longitude":35.74920593,"Latitude":34.2402223,"IDPs Outside Shelters":0,"Families Outside Shelters":0},"geometry":{"type":"Point","coordinates":[35.74920593,34.2402223]}},
{"type":"Feature","properties":{"Governorate":"North","District":"El Batroun","Cadaster Zone":"litige","Cadaster Name":"litige","ACS Code":34001,"Longitude":35.75841219,"Latitude":34.26420754,"IDPs Outside Shelters":0,"Families Outside Shelters":0},"geometry":{"type":"Point","coordinates":[35.75841219,34.26420754]}},
{"type":"Feature","properties":{"Governorate":"North","District":"El Batroun","Cadaster Zone":"Mar Mama","Cadaster Name":"Mar Mama","ACS Code":34226,"Longitude":35.75589341,"Latitude":34.18888353,"IDPs Outside Shelters":0,"Families Outside Shelters":0},"geometry":{"type":"Point","coordinates":[35.75589341,34.18888353]}},
{"type":"Feature","properties":{"Governorate":"North","District":"El Batroun","Cadaster Zone":"Masrah","Cadaster Name":"Masreh","ACS Code":34214,"Longitude":35.74230517,"Latitude":34.18775506,"IDPs Outside Shelters":0,"Families Outside Shelters":0},"geometry":{"type":"Point","coordinates":[35.74230517,34.18775506]}},
{"type":"Feature","properties":{"Governorate":"North","District":"El Batroun","Cadaster Zone":"Mehmarch","Cadaster Name":"Mehemrech","ACS Code":34236,"Longitude":35.76688313,"Latitude":34.19850846,"IDPs Outside Shelters":0,"Families Outside Shelters":0},"geometry":{"type":"Point","coordinates":[35.76688313,34.19850846]}},
{"type":"Feature","properties":{"Governorate":"North","District":"El Batroun","Cadaster Zone":"Mrah Chdid","Cadaster Name":"Mrah Chdid","ACS Code":34256,"Longitude":35.68554448,"Latitude":34.22673873,"IDPs Outside Shelters":0,"Families Outside Shelters":0},"geometry":{"type":"Point","coordinates":[35.68554448,34.22673873]}},
{"type":"Feature","properties":{"Governorate":"North","District":"El Batroun","Cadaster Zone":"Mrah El-Hajj","Cadaster Name":"Mrah el Hage","ACS Code":34254,"Longitude":35.77779659,"Latitude":34.21028953,"IDPs Outside Shelters":0,"Families Outside Shelters":0},"geometry":{"type":"Point","coordinates":[35.77779659,34.21028953]}},
{"type":"Feature","properties":{"Governorate":"North","District":"El Batroun","Cadaster Zone":"Mrah Ez Ziyat","Cadaster Name":"Mrah-El-Ziet","ACS Code":34229,"Longitude":35.70402886,"Latitude":34.21773552,"IDPs Outside Shelters":0,"Families Outside Shelters":0},"geometry":{"type":"Point","coordinates":[35.70402886,34.21773552]}},
{"type":"Feature","properties":{"Governorate":"North","District":"El Batroun","Cadaster Zone":"Nahle El-Batroun","Cadaster Name":"Nahla","ACS Code":34273,"Longitude":35.80621764,"Latitude":34.21643045,"IDPs Outside Shelters":0,"Families Outside Shelters":0},"geometry":{"type":"Point","coordinates":[35.80621764,34.21643045]}},
{"type":"Feature","properties":{"Governorate":"North","District":"El Batroun","Cadaster Zone":"Niha El-Batroun","Cadaster Name":"Niha","ACS Code":34376,"Longitude":35.89434076,"Latitude":34.23028852,"IDPs Outside Shelters":0,"Families Outside Shelters":0},"geometry":{"type":"Point","coordinates":[35.89434076,34.23028852]}},
{"type":"Feature","properties":{"Governorate":"North","District":"El Batroun","Cadaster Zone":"Ouajh El-Hajjar","Cadaster Name":"Wejh-el-Hajar","ACS Code":34286,"Longitude":35.67566465,"Latitude":34.28099781,"IDPs Outside Shelters":0,"Families Outside Shelters":0},"geometry":{"type":"Point","coordinates":[35.67566465,34.28099781]}},
{"type":"Feature","properties":{"Governorate":"North","District":"El Batroun","Cadaster Zone":"Ouata Houb","Cadaster Name":"Wata Houb","ACS Code":34381,"Longitude":35.90199258,"Latitude":34.19513704,"IDPs Outside Shelters":0,"Families Outside Shelters":0},"geometry":{"type":"Point","coordinates":[35.90199258,34.19513704]}},
{"type":"Feature","properties":{"Governorate":"North","District":"El Batroun","Cadaster Zone":"Qatnaaoun","Cadaster Name":"Karnaoun","ACS Code":34283,"Longitude":35.69406516,"Latitude":34.27221885,"IDPs Outside Shelters":0,"Families Outside Shelters":0},"geometry":{"type":"Point","coordinates":[35.69406516,34.27221885]}},
{"type":"Feature","properties":{"Governorate":"North","District":"El Batroun","Cadaster Zone":"Rachana","Cadaster Name":"Rachana","ACS Code":34122,"Longitude":35.67066775,"Latitude":34.21548405,"IDPs Outside Shelters":0,"Families Outside Shelters":0},"geometry":{"type":"Point","coordinates":[35.67066775,34.21548405]}},
{"type":"Feature","properties":{"Governorate":"North","District":"El Batroun","Cadaster Zone":"Ram El-Batroun","Cadaster Name":"Ram","ACS Code":34346,"Longitude":35.79992619,"Latitude":34.18534856,"IDPs Outside Shelters":0,"Families Outside Shelters":0},"geometry":{"type":"Point","coordinates":[35.79992619,34.18534856]}},
{"type":"Feature","properties":{"Governorate":"North","District":"El Batroun","Cadaster Zone":"Sourat El-Batroun","Cadaster Name":"Sourate","ACS Code":34261,"Longitude":35.76050248,"Latitude":34.23977137,"IDPs Outside Shelters":0,"Families Outside Shelters":0},"geometry":{"type":"Point","coordinates":[35.76050248,34.23977137]}},
{"type":"Feature","properties":{"Governorate":"North","District":"El Batroun","Cadaster Zone":"Tannourine El-Faouqa","Cadaster Name":"Tannourine Foka","ACS Code":34386,"Longitude":35.95725709,"Latitude":34.17858863,"IDPs Outside Shelters":0,"Families Outside Shelters":0},"geometry":{"type":"Point","coordinates":[35.95725709,34.17858863]}},
{"type":"Feature","properties":{"Governorate":"North","District":"El Batroun","Cadaster Zone":"Tannourine Et-Tahta","Cadaster Name":"Tannourine el Tahta","ACS Code":34356,"Longitude":35.89580645,"Latitude":34.20723008,"IDPs Outside Shelters":0,"Families Outside Shelters":0},"geometry":{"type":"Point","coordinates":[35.89580645,34.20723008]}},
{"type":"Feature","properties":{"Governorate":"North","District":"El Batroun","Cadaster Zone":"Thoum","Cadaster Name":"Tehoum","ACS Code":34133,"Longitude":35.65808872,"Latitude":34.21336271,"IDPs Outside Shelters":0,"Families Outside Shelters":0},"geometry":{"type":"Point","coordinates":[35.65808872,34.21336271]}},
{"type":"Feature","properties":{"Governorate":"North","District":"El Batroun","Cadaster Zone":"Zane","Cadaster Name":"Zane","ACS Code":34243,"Longitude":35.75645949,"Latitude":34.22404267,"IDPs Outside Shelters":0,"Families Outside Shelters":0},"geometry":{"type":"Point","coordinates":[35.75645949,34.22404267]}},
{"type":"Feature","properties":{"Governorate":"Baalbeck-Hermel","District":"El Hermel","Cadaster Zone":"Hermel","Cadaster Name":"Hermel","ACS Code":54111,"Longitude":36.40949458,"Latitude":34.42728932,"IDPs Outside Shelters":1204,"Families Outside Shelters":302},"geometry":{"type":"Point","coordinates":[36.40949458,34.42728932]}},
{"type":"Feature","properties":{"Governorate":"Baalbeck-Hermel","District":"El Hermel","Cadaster Zone":"Charbine El-Hermel","Cadaster Name":"Hermel Charbine","ACS Code":54127,"Longitude":36.31485482,"Latitude":34.4642426,"IDPs Outside Shelters":304,"Families Outside Shelters":74},"geometry":{"type":"Point","coordinates":[36.31485482,34.4642426]}},
{"type":"Feature","properties":{"Governorate":"Baalbeck-Hermel","District":"El Hermel","Cadaster Zone":"Conflict","Cadaster Name":"Conflict","ACS Code":0,"Longitude":36.44564485,"Latitude":34.48295535,"IDPs Outside Shelters":0,"Families Outside Shelters":0},"geometry":{"type":"Point","coordinates":[36.44564485,34.48295535]}},
{"type":"Feature","properties":{"Governorate":"Baalbeck-Hermel","District":"El Hermel","Cadaster Zone":"Hermel Jbab","Cadaster Name":"Hermel Djebab","ACS Code":54159,"Longitude":36.21611265,"Latitude":34.34444324,"IDPs Outside Shelters":0,"Families Outside Shelters":0},"geometry":{"type":"Point","coordinates":[36.21611265,34.34444324]}},
{"type":"Feature","properties":{"Governorate":"Baalbeck-Hermel","District":"El Hermel","Cadaster Zone":"litige","Cadaster Name":"litige","ACS Code":54001,"Longitude":36.49620887,"Latitude":34.45518412,"IDPs Outside Shelters":0,"Families Outside Shelters":0},"geometry":{"type":"Point","coordinates":[36.49620887,34.45518412]}},
{"type":"Feature","properties":{"Governorate":"Baalbeck-Hermel","District":"El Hermel","Cadaster Zone":"litige","Cadaster Name":"litige","ACS Code":54002,"Longitude":36.24523899,"Latitude":34.43957289,"IDPs Outside Shelters":0,"Families Outside Shelters":0},"geometry":{"type":"Point","coordinates":[36.24523899,34.43957289]}},
{"type":"Feature","properties":{"Governorate":"Baalbeck-Hermel","District":"El Hermel","Cadaster Zone":"Maaysra El-Hermel","Cadaster Name":"El-Méaisseri","ACS Code":54167,"Longitude":36.29054828,"Latitude":34.27264962,"IDPs Outside Shelters":0,"Families Outside Shelters":0},"geometry":{"type":"Point","coordinates":[36.29054828,34.27264962]}},
{"type":"Feature","properties":{"Governorate":"Baalbeck-Hermel","District":"El Hermel","Cadaster Zone":"Michaa Mrajhine","Cadaster Name":"Michaa Mrajhiné","ACS Code":54114,"Longitude":36.21331086,"Latitude":34.40600462,"IDPs Outside Shelters":0,"Families Outside Shelters":0},"geometry":{"type":"Point","coordinates":[36.21331086,34.40600462]}},
{"type":"Feature","properties":{"Governorate":"Baalbeck-Hermel","District":"El Hermel","Cadaster Zone":"Ouadi Faara","Cadaster Name":"Ouadi Faara","ACS Code":54151,"Longitude":36.23373997,"Latitude":34.27827688,"IDPs Outside Shelters":0,"Families Outside Shelters":0},"geometry":{"type":"Point","coordinates":[36.23373997,34.27827688]}},
{"type":"Feature","properties":{"Governorate":"Baalbeck-Hermel","District":"El Hermel","Cadaster Zone":"Ras Baalbek El Gharbi","Cadaster Name":"Ras Baalbek El-Gharbi","ACS Code":54135,"Longitude":36.25994178,"Latitude":34.30764961,"IDPs Outside Shelters":0,"Families Outside Shelters":0},"geometry":{"type":"Point","coordinates":[36.25994178,34.30764961]}},
{"type":"Feature","properties":{"Governorate":"Baalbeck-Hermel","District":"El Hermel","Cadaster Zone":"Ras Baalbek Ouadi Faara","Cadaster Name":"Ras-Baalbek - Wadi Faara","ACS Code":54143,"Longitude":36.34722089,"Latitude":34.30280869,"IDPs Outside Shelters":0,"Families Outside Shelters":0},"geometry":{"type":"Point","coordinates":[36.34722089,34.30280869]}},
{"type":"Feature","properties":{"Governorate":"Baalbeck-Hermel","District":"El Hermel","Cadaster Zone":"Zighrine","Cadaster Name":"Hermel Zighrine","ACS Code":54119,"Longitude":36.32042659,"Latitude":34.38508982,"IDPs Outside Shelters":0,"Families Outside Shelters":0},"geometry":{"type":"Point","coordinates":[36.32042659,34.38508982]}},
{"type":"Feature","properties":{"Governorate":"North","District":"El Koura","Cadaster Zone":"Bhabbouch El-Koura","Cadaster Name":"Bhabbouche","ACS Code":32133,"Longitude":35.8347833,"Latitude":34.27725729,"IDPs Outside Shelters":229,"Families Outside Shelters":52},"geometry":{"type":"Point","coordinates":[35.8347833,34.27725729]}},
{"type":"Feature","properties":{"Governorate":"North","District":"El Koura","Cadaster Zone":"Qalhat","Cadaster Name":"Kelhate","ACS Code":32171,"Longitude":35.77686061,"Latitude":34.35947312,"IDPs Outside Shelters":79,"Families Outside Shelters":27},"geometry":{"type":"Point","coordinates":[35.77686061,34.35947312]}},
{"type":"Feature","properties":{"Governorate":"North","District":"El Koura","Cadaster Zone":"Bnehran","Cadaster Name":"Bnehrane","ACS Code":32141,"Longitude":35.85613187,"Latitude":34.27430203,"IDPs Outside Shelters":64,"Families Outside Shelters":23},"geometry":{"type":"Point","coordinates":[35.85613187,34.27430203]}},
{"type":"Feature","properties":{"Governorate":"North","District":"El Koura","Cadaster Zone":"Kfar Saroun El-Koura","Cadaster Name":"Kfar Saroun","ACS Code":32115,"Longitude":35.82922294,"Latitude":34.29705379,"IDPs Outside Shelters":58,"Families Outside Shelters":14},"geometry":{"type":"Point","coordinates":[35.82922294,34.29705379]}},
{"type":"Feature","properties":{"Governorate":"North","District":"El Koura","Cadaster Zone":"Btouratij","Cadaster Name":"Btouratige","ACS Code":32169,"Longitude":35.84037455,"Latitude":34.36212702,"IDPs Outside Shelters":49,"Families Outside Shelters":7},"geometry":{"type":"Point","coordinates":[35.84037455,34.36212702]}},
{"type":"Feature","properties":{"Governorate":"North","District":"El Koura","Cadaster Zone":"Bechmizzine","Cadaster Name":"Bechmezzine","ACS Code":32117,"Longitude":35.79735594,"Latitude":34.32010286,"IDPs Outside Shelters":36,"Families Outside Shelters":9},"geometry":{"type":"Point","coordinates":[35.79735594,34.32010286]}},
{"type":"Feature","properties":{"Governorate":"North","District":"El Koura","Cadaster Zone":"Dedde","Cadaster Name":"Déddé","ACS Code":32179,"Longitude":35.80302249,"Latitude":34.38077469,"IDPs Outside Shelters":34,"Families Outside Shelters":8},"geometry":{"type":"Point","coordinates":[35.80302249,34.38077469]}},
{"type":"Feature","properties":{"Governorate":"North","District":"El Koura","Cadaster Zone":"Barsa","Cadaster Name":"Barsa","ACS Code":32187,"Longitude":35.82962139,"Latitude":34.38660679,"IDPs Outside Shelters":31,"Families Outside Shelters":5},"geometry":{"type":"Point","coordinates":[35.82962139,34.38660679]}},
{"type":"Feature","properties":{"Governorate":"North","District":"El Koura","Cadaster Zone":"Nakhle","Cadaster Name":"En-Nakhlé","ACS Code":32191,"Longitude":35.82991935,"Latitude":34.36930697,"IDPs Outside Shelters":19,"Families Outside Shelters":6},"geometry":{"type":"Point","coordinates":[35.82991935,34.36930697]}},
{"type":"Feature","properties":{"Governorate":"North","District":"El Koura","Cadaster Zone":"Amioun","Cadaster Name":"Amioune","ACS Code":32111,"Longitude":35.80502235,"Latitude":34.29849201,"IDPs Outside Shelters":15,"Families Outside Shelters":5},"geometry":{"type":"Point","coordinates":[35.80502235,34.29849201]}},
{"type":"Feature","properties":{"Governorate":"North","District":"El Koura","Cadaster Zone":"Batroumine","Cadaster Name":"Beitroumine","ACS Code":32159,"Longitude":35.80951913,"Latitude":34.36591913,"IDPs Outside Shelters":15,"Families Outside Shelters":4},"geometry":{"type":"Point","coordinates":[35.80951913,34.36591913]}},
{"type":"Feature","properties":{"Governorate":"North","District":"El Koura","Cadaster Zone":"Fiaa","Cadaster Name":"Fih","ACS Code":32147,"Longitude":35.78599162,"Latitude":34.34658934,"IDPs Outside Shelters":13,"Families Outside Shelters":4},"geometry":{"type":"Point","coordinates":[35.78599162,34.34658934]}},
{"type":"Feature","properties":{"Governorate":"North","District":"El Koura","Cadaster Zone":"Aaba","Cadaster Name":"Aba","ACS Code":32143,"Longitude":35.83094481,"Latitude":34.34374778,"IDPs Outside Shelters":12,"Families Outside Shelters":4},"geometry":{"type":"Point","coordinates":[35.83094481,34.34374778]}},
{"type":"Feature","properties":{"Governorate":"North","District":"El Koura","Cadaster Zone":"Aafsdiq","Cadaster Name":"Afsdik","ACS Code":32127,"Longitude":35.78722004,"Latitude":34.33079777,"IDPs Outside Shelters":10,"Families Outside Shelters":3},"geometry":{"type":"Point","coordinates":[35.78722004,34.33079777]}},
{"type":"Feature","properties":{"Governorate":"North","District":"El Koura","Cadaster Zone":"Kfar Aaqqa","Cadaster Name":"Kfar Akka","ACS Code":32113,"Longitude":35.83361551,"Latitude":34.31229189,"IDPs Outside Shelters":9,"Families Outside Shelters":3},"geometry":{"type":"Point","coordinates":[35.83361551,34.31229189]}},
{"type":"Feature","properties":{"Governorate":"North","District":"El Koura","Cadaster Zone":"Ijdaabrine","Cadaster Name":"Ejdabrine","ACS Code":32157,"Longitude":35.73972637,"Latitude":34.27104769,"IDPs Outside Shelters":8,"Families Outside Shelters":3},"geometry":{"type":"Point","coordinates":[35.73972637,34.27104769]}},
{"type":"Feature","properties":{"Governorate":"North","District":"El Koura","Cadaster Zone":"Kafraya El-Koura","Cadaster Name":"Kefraya","ACS Code":32177,"Longitude":35.71964524,"Latitude":34.29872564,"IDPs Outside Shelters":8,"Families Outside Shelters":3},"geometry":{"type":"Point","coordinates":[35.71964524,34.29872564]}},
{"type":"Feature","properties":{"Governorate":"North","District":"El Koura","Cadaster Zone":"Ain Aakrine","Cadaster Name":"Aïn Akrine","ACS Code":32135,"Longitude":35.84572783,"Latitude":34.28334512,"IDPs Outside Shelters":0,"Families Outside Shelters":0},"geometry":{"type":"Point","coordinates":[35.84572783,34.28334512]}},
{"type":"Feature","properties":{"Governorate":"North","District":"El Koura","Cadaster Zone":"Badbhoun","Cadaster Name":"Badbhoun","ACS Code":32161,"Longitude":35.76226944,"Latitude":34.33328144,"IDPs Outside Shelters":0,"Families Outside Shelters":0},"geometry":{"type":"Point","coordinates":[35.76226944,34.33328144]}},
{"type":"Feature","properties":{"Governorate":"North","District":"El Koura","Cadaster Zone":"Barghoun","Cadaster Name":"Bargoune","ACS Code":32163,"Longitude":35.76129852,"Latitude":34.34281497,"IDPs Outside Shelters":0,"Families Outside Shelters":0},"geometry":{"type":"Point","coordinates":[35.76129852,34.34281497]}},
{"type":"Feature","properties":{"Governorate":"North","District":"El Koura","Cadaster Zone":"Bdebba","Cadaster Name":"Bdebba","ACS Code":32145,"Longitude":35.81873441,"Latitude":34.34868203,"IDPs Outside Shelters":0,"Families Outside Shelters":0},"geometry":{"type":"Point","coordinates":[35.81873441,34.34868203]}},
{"type":"Feature","properties":{"Governorate":"North","District":"El Koura","Cadaster Zone":"Bednayel El-Koura","Cadaster Name":"Bednayel","ACS Code":32165,"Longitude":35.7331292,"Latitude":34.29496769,"IDPs Outside Shelters":0,"Families Outside Shelters":0},"geometry":{"type":"Point","coordinates":[35.7331292,34.29496769]}},
{"type":"Feature","properties":{"Governorate":"North","District":"El Koura","Cadaster Zone":"Bkeftine","Cadaster Name":"Bkeftine","ACS Code":32189,"Longitude":35.86156523,"Latitude":34.38557845,"IDPs Outside Shelters":0,"Families Outside Shelters":0},"geometry":{"type":"Point","coordinates":[35.86156523,34.38557845]}},
{"type":"Feature","properties":{"Governorate":"North","District":"El Koura","Cadaster Zone":"Bqaiaa El-Koura","Cadaster Name":"Al-Boukaia","ACS Code":32193,"Longitude":35.85642043,"Latitude":34.37141392,"IDPs Outside Shelters":0,"Families Outside Shelters":0},"geometry":{"type":"Point","coordinates":[35.85642043,34.37141392]}},
{"type":"Feature","properties":{"Governorate":"North","District":"El Koura","Cadaster Zone":"Bsarma","Cadaster Name":"Bsarma","ACS Code":32125,"Longitude":35.8448061,"Latitude":34.33463921,"IDPs Outside Shelters":0,"Families Outside Shelters":0},"geometry":{"type":"Point","coordinates":[35.8448061,34.33463921]}},
{"type":"Feature","properties":{"Governorate":"North","District":"El Koura","Cadaster Zone":"Btaaboura","Cadaster Name":"Btaaboura","ACS Code":32153,"Longitude":35.76122385,"Latitude":34.27627584,"IDPs Outside Shelters":0,"Families Outside Shelters":0},"geometry":{"type":"Point","coordinates":[35.76122385,34.27627584]}},
{"type":"Feature","properties":{"Governorate":"North","District":"El Koura","Cadaster Zone":"Bterram","Cadaster Name":"Bterram","ACS Code":32119,"Longitude":35.8150738,"Latitude":34.3344005,"IDPs Outside Shelters":0,"Families Outside Shelters":0},"geometry":{"type":"Point","coordinates":[35.8150738,34.3344005]}},
{"type":"Feature","properties":{"Governorate":"North","District":"El Koura","Cadaster Zone":"Bziza","Cadaster Name":"Bziza","ACS Code":32121,"Longitude":35.81858211,"Latitude":34.2761789,"IDPs Outside Shelters":0,"Families Outside Shelters":0},"geometry":{"type":"Point","coordinates":[35.81858211,34.2761789]}},
{"type":"Feature","properties":{"Governorate":"North","District":"El Koura","Cadaster Zone":"Dar Baaechtar","Cadaster Name":"Dar Bechtar","ACS Code":32131,"Longitude":35.79545508,"Latitude":34.27219568,"IDPs Outside Shelters":0,"Families Outside Shelters":0},"geometry":{"type":"Point","coordinates":[35.79545508,34.27219568]}},
{"type":"Feature","properties":{"Governorate":"North","District":"El Koura","Cadaster Zone":"Dar Chmizzine","Cadaster Name":"Dar Chmezzine","ACS Code":32129,"Longitude":35.7784555,"Latitude":34.28617532,"IDPs Outside Shelters":0,"Families Outside Shelters":0},"geometry":{"type":"Point","coordinates":[35.7784555,34.28617532]}},
{"type":"Feature","properties":{"Governorate":"North","District":"El Koura","Cadaster Zone":"Deir El-Balamand","Cadaster Name":"Belmand","ACS Code":32173,"Longitude":35.78275613,"Latitude":34.36653876,"IDPs Outside Shelters":0,"Families Outside Shelters":0},"geometry":{"type":"Point","coordinates":[35.78275613,34.36653876]}},
{"type":"Feature","properties":{"Governorate":"North","District":"El Koura","Cadaster Zone":"Enfe","Cadaster Name":"Enfeh","ACS Code":32181,"Longitude":35.73898877,"Latitude":34.35323701,"IDPs Outside Shelters":0,"Families Outside Shelters":0},"geometry":{"type":"Point","coordinates":[35.73898877,34.35323701]}},
{"type":"Feature","properties":{"Governorate":"North","District":"El Koura","Cadaster Zone":"Hraiche","Cadaster Name":"Al-Hraïché","ACS Code":32183,"Longitude":35.75471045,"Latitude":34.37304372,"IDPs Outside Shelters":0,"Families Outside Shelters":0},"geometry":{"type":"Point","coordinates":[35.75471045,34.37304372]}},
{"type":"Feature","properties":{"Governorate":"North","District":"El Koura","Cadaster Zone":"Kaftoun","Cadaster Name":"Kaftoune","ACS Code":32151,"Longitude":35.77017439,"Latitude":34.26556658,"IDPs Outside Shelters":0,"Families Outside Shelters":0},"geometry":{"type":"Point","coordinates":[35.77017439,34.26556658]}},
{"type":"Feature","properties":{"Governorate":"North","District":"El Koura","Cadaster Zone":"Kfar Hata El-Koura","Cadaster Name":"Kfar Hatta","ACS Code":32155,"Longitude":35.74339153,"Latitude":34.28512549,"IDPs Outside Shelters":0,"Families Outside Shelters":0},"geometry":{"type":"Point","coordinates":[35.74339153,34.28512549]}},
{"type":"Feature","properties":{"Governorate":"North","District":"El Koura","Cadaster Zone":"Kfar Hazir","Cadaster Name":"Kfar Hazir","ACS Code":32123,"Longitude":35.76111138,"Latitude":34.30698204,"IDPs Outside Shelters":0,"Families Outside Shelters":0},"geometry":{"type":"Point","coordinates":[35.76111138,34.30698204]}},
{"type":"Feature","properties":{"Governorate":"North","District":"El Koura","Cadaster Zone":"Kfar Kahel","Cadaster Name":"Kfar Kahel","ACS Code":32167,"Longitude":35.84980461,"Latitude":34.35480528,"IDPs Outside Shelters":0,"Families Outside Shelters":0},"geometry":{"type":"Point","coordinates":[35.84980461,34.35480528]}},
{"type":"Feature","properties":{"Governorate":"North","District":"El Koura","Cadaster Zone":"Kousba","Cadaster Name":"Kousba","ACS Code":32137,"Longitude":35.8522827,"Latitude":34.30921485,"IDPs Outside Shelters":0,"Families Outside Shelters":0},"geometry":{"type":"Point","coordinates":[35.8522827,34.30921485]}},
{"type":"Feature","properties":{"Governorate":"North","District":"El Koura","Cadaster Zone":"Majdel el-Koura","Cadaster Name":"Majdel","ACS Code":32149,"Longitude":35.79449812,"Latitude":34.25576453,"IDPs Outside Shelters":0,"Families Outside Shelters":0},"geometry":{"type":"Point","coordinates":[35.79449812,34.25576453]}},
{"type":"Feature","properties":{"Governorate":"North","District":"El Koura","Cadaster Zone":"Ras Masqa","Cadaster Name":"Ras Maska","ACS Code":32185,"Longitude":35.82867289,"Latitude":34.40097806,"IDPs Outside Shelters":0,"Families Outside Shelters":0},"geometry":{"type":"Point","coordinates":[35.82867289,34.40097806]}},
{"type":"Feature","properties":{"Governorate":"North","District":"El Koura","Cadaster Zone":"Rechdibbine","Cadaster Name":"Rechdebbine","ACS Code":32139,"Longitude":35.85839134,"Latitude":34.28919784,"IDPs Outside Shelters":0,"Families Outside Shelters":0},"geometry":{"type":"Point","coordinates":[35.85839134,34.28919784]}},
{"type":"Feature","properties":{"Governorate":"North","District":"El Koura","Cadaster Zone":"Zakroun","Cadaster Name":"Zakroune","ACS Code":32175,"Longitude":35.7542144,"Latitude":34.35323826,"IDPs Outside Shelters":0,"Families Outside Shelters":0},"geometry":{"type":"Point","coordinates":[35.7542144,34.35323826]}},
{"type":"Feature","properties":{"Governorate":"North","District":"El Koura","Cadaster Zone":"Zgharta El-Mtaouile","Cadaster Name":"Zghorta el-Métaoulé","ACS Code":32195,"Longitude":35.83964708,"Latitude":34.25397845,"IDPs Outside Shelters":0,"Families Outside Shelters":0},"geometry":{"type":"Point","coordinates":[35.83964708,34.25397845]}},
{"type":"Feature","properties":{"Governorate":"Mount Lebanon","District":"El Meten","Cadaster Zone":"Bourj Hammoud","Cadaster Name":"Borge Hammoud","ACS Code":22111,"Longitude":35.54336547,"Latitude":33.89345491,"IDPs Outside Shelters":1767,"Families Outside Shelters":421},"geometry":{"type":"Point","coordinates":[35.54336547,33.89345491]}},
{"type":"Feature","properties":{"Governorate":"Mount Lebanon","District":"El Meten","Cadaster Zone":"Fanar","Cadaster Name":"Fanar","ACS Code":22419,"Longitude":35.57460298,"Latitude":33.87858567,"IDPs Outside Shelters":679,"Families Outside Shelters":152},"geometry":{"type":"Point","coordinates":[35.57460298,33.87858567]}},
{"type":"Feature","properties":{"Governorate":"Mount Lebanon","District":"El Meten","Cadaster Zone":"Jdaidet El-Matn","Cadaster Name":"Jodaidat","ACS Code":22211,"Longitude":35.57148422,"Latitude":33.88955763,"IDPs Outside Shelters":634,"Families Outside Shelters":142},"geometry":{"type":"Point","coordinates":[35.57148422,33.88955763]}},
{"type":"Feature","properties":{"Governorate":"Mount Lebanon","District":"El Meten","Cadaster Zone":"Mansouriyet El-Matn","Cadaster Name":"El-Mansouriyeh","ACS Code":22411,"Longitude":35.56791429,"Latitude":33.85441264,"IDPs Outside Shelters":604,"Families Outside Shelters":135},"geometry":{"type":"Point","coordinates":[35.56791429,33.85441264]}},
{"type":"Feature","properties":{"Governorate":"Mount Lebanon","District":"El Meten","Cadaster Zone":"Dekouane","Cadaster Name":"Dekouanet","ACS Code":22262,"Longitude":35.5462471,"Latitude":33.87794325,"IDPs Outside Shelters":399,"Families Outside Shelters":90},"geometry":{"type":"Point","coordinates":[35.5462471,33.87794325]}},
{"type":"Feature","properties":{"Governorate":"Mount Lebanon","District":"El Meten","Cadaster Zone":"Broummana El-Matn","Cadaster Name":"Broummana","ACS Code":22611,"Longitude":35.62815461,"Latitude":33.88018152,"IDPs Outside Shelters":336,"Families Outside Shelters":76},"geometry":{"type":"Point","coordinates":[35.62815461,33.88018152]}},
{"type":"Feature","properties":{"Governorate":"Mount Lebanon","District":"El Meten","Cadaster Zone":"Choueir","Cadaster Name":"Choueir","ACS Code":22754,"Longitude":35.71800671,"Latitude":33.91315838,"IDPs Outside Shelters":322,"Families Outside Shelters":58},"geometry":{"type":"Point","coordinates":[35.71800671,33.91315838]}},
{"type":"Feature","properties":{"Governorate":"Mount Lebanon","District":"El Meten","Cadaster Zone":"Nabay","Cadaster Name":"Nabiyeh","ACS Code":22443,"Longitude":35.6229965,"Latitude":33.90470387,"IDPs Outside Shelters":174,"Families Outside Shelters":30},"geometry":{"type":"Point","coordinates":[35.6229965,33.90470387]}},
{"type":"Feature","properties":{"Governorate":"Mount Lebanon","District":"El Meten","Cadaster Zone":"Qornet Chehouane","Cadaster Name":"Kornet Chahouane","ACS Code":22455,"Longitude":35.63022547,"Latitude":33.91642299,"IDPs Outside Shelters":149,"Families Outside Shelters":34},"geometry":{"type":"Point","coordinates":[35.63022547,33.91642299]}},
{"type":"Feature","properties":{"Governorate":"Mount Lebanon","District":"El Meten","Cadaster Zone":"Aamaret Chalhoub","Cadaster Name":"Wata Amaret Chalhoub","ACS Code":22343,"Longitude":35.56952388,"Latitude":33.89999894,"IDPs Outside Shelters":139,"Families Outside Shelters":32},"geometry":{"type":"Point","coordinates":[35.56952388,33.89999894]}},
{"type":"Feature","properties":{"Governorate":"Mount Lebanon","District":"El Meten","Cadaster Zone":"Baskinta","Cadaster Name":"Baskinta","ACS Code":22797,"Longitude":35.81508616,"Latitude":33.94925198,"IDPs Outside Shelters":134,"Families Outside Shelters":30},"geometry":{"type":"Point","coordinates":[35.81508616,33.94925198]}},
{"type":"Feature","properties":{"Governorate":"Mount Lebanon","District":"El Meten","Cadaster Zone":"Dbaye","Cadaster Name":"Dbayé","ACS Code":22375,"Longitude":35.589049,"Latitude":33.93500048,"IDPs Outside Shelters":130,"Families Outside Shelters":30},"geometry":{"type":"Point","coordinates":[35.589049,33.93500048]}},
{"type":"Feature","properties":{"Governorate":"Mount Lebanon","District":"El Meten","Cadaster Zone":"Byaqout","Cadaster Name":"Biakoute","ACS Code":22359,"Longitude":35.58583185,"Latitude":33.89407493,"IDPs Outside Shelters":117,"Families Outside Shelters":27},"geometry":{"type":"Point","coordinates":[35.58583185,33.89407493]}},
{"type":"Feature","properties":{"Governorate":"Mount Lebanon","District":"El Meten","Cadaster Zone":"Beit Meri","Cadaster Name":"Beit Mery","ACS Code":22667,"Longitude":35.60048598,"Latitude":33.85549,"IDPs Outside Shelters":104,"Families Outside Shelters":24},"geometry":{"type":"Point","coordinates":[35.60048598,33.85549]}},
{"type":"Feature","properties":{"Governorate":"Mount Lebanon","District":"El Meten","Cadaster Zone":"Antelias","Cadaster Name":"Antélias","ACS Code":22311,"Longitude":35.59264769,"Latitude":33.91423766,"IDPs Outside Shelters":94,"Families Outside Shelters":22},"geometry":{"type":"Point","coordinates":[35.59264769,33.91423766]}},
{"type":"Feature","properties":{"Governorate":"Mount Lebanon","District":"El Meten","Cadaster Zone":"Dahr Es-Souane El-Matn","Cadaster Name":"Dahr El Souwan","ACS Code":22675,"Longitude":35.6619943,"Latitude":33.90084219,"IDPs Outside Shelters":94,"Families Outside Shelters":22},"geometry":{"type":"Point","coordinates":[35.6619943,33.90084219]}},
{"type":"Feature","properties":{"Governorate":"Mount Lebanon","District":"El Meten","Cadaster Zone":"Mtain","Cadaster Name":"El Mtein","ACS Code":22711,"Longitude":35.82002806,"Latitude":33.91425114,"IDPs Outside Shelters":77,"Families Outside Shelters":18},"geometry":{"type":"Point","coordinates":[35.82002806,33.91425114]}},
{"type":"Feature","properties":{"Governorate":"Mount Lebanon","District":"El Meten","Cadaster Zone":"Zouk El-Kharab","Cadaster Name":"Zouk-Khrab","ACS Code":22467,"Longitude":35.6022106,"Latitude":33.94730658,"IDPs Outside Shelters":76,"Families Outside Shelters":18},"geometry":{"type":"Point","coordinates":[35.6022106,33.94730658]}},
{"type":"Feature","properties":{"Governorate":"Mount Lebanon","District":"El Meten","Cadaster Zone":"Jall Ed-Did","Cadaster Name":"Jal-el-Dib","ACS Code":22327,"Longitude":35.58142101,"Latitude":33.90645946,"IDPs Outside Shelters":72,"Families Outside Shelters":17},"geometry":{"type":"Point","coordinates":[35.58142101,33.90645946]}},
{"type":"Feature","properties":{"Governorate":"Mount Lebanon","District":"El Meten","Cadaster Zone":"Roumie","Cadaster Name":"Roumieh","ACS Code":22427,"Longitude":35.6023684,"Latitude":33.88536625,"IDPs Outside Shelters":72,"Families Outside Shelters":17},"geometry":{"type":"Point","coordinates":[35.6023684,33.88536625]}},
{"type":"Feature","properties":{"Governorate":"Mount Lebanon","District":"El Meten","Cadaster Zone":"Haret El-Ballane","Cadaster Name":"Haret El-Belleni","ACS Code":22383,"Longitude":35.6039507,"Latitude":33.93886951,"IDPs Outside Shelters":71,"Families Outside Shelters":17},"geometry":{"type":"Point","coordinates":[35.6039507,33.93886951]}},
{"type":"Feature","properties":{"Governorate":"Mount Lebanon","District":"El Meten","Cadaster Zone":"Baouchriye","Cadaster Name":"Baouchariat","ACS Code":22228,"Longitude":35.55939096,"Latitude":33.88527679,"IDPs Outside Shelters":63,"Families Outside Shelters":15},"geometry":{"type":"Point","coordinates":[35.55939096,33.88527679]}},
{"type":"Feature","properties":{"Governorate":"Mount Lebanon","District":"El Meten","Cadaster Zone":"Naqqach","Cadaster Name":"Naccache","ACS Code":22335,"Longitude":35.59506159,"Latitude":33.92317502,"IDPs Outside Shelters":58,"Families Outside Shelters":14},"geometry":{"type":"Point","coordinates":[35.59506159,33.92317502]}},
{"type":"Feature","properties":{"Governorate":"Mount Lebanon","District":"El Meten","Cadaster Zone":"Aain Saade","Cadaster Name":"Aïn-Saâdé","ACS Code":22423,"Longitude":35.58928766,"Latitude":33.86940005,"IDPs Outside Shelters":49,"Families Outside Shelters":12},"geometry":{"type":"Point","coordinates":[35.58928766,33.86940005]}},
{"type":"Feature","properties":{"Governorate":"Mount Lebanon","District":"El Meten","Cadaster Zone":"Majdel tarchich","Cadaster Name":"Majdel Tarchiche","ACS Code":22774,"Longitude":35.81776857,"Latitude":33.89144578,"IDPs Outside Shelters":49,"Families Outside Shelters":12},"geometry":{"type":"Point","coordinates":[35.81776857,33.89144578]}},
{"type":"Feature","properties":{"Governorate":"Mount Lebanon","District":"El Meten","Cadaster Zone":"Qennabet Broummana","Cadaster Name":"Kanabet Broummana","ACS Code":22643,"Longitude":35.61819883,"Latitude":33.89242547,"IDPs Outside Shelters":49,"Families Outside Shelters":12},"geometry":{"type":"Point","coordinates":[35.61819883,33.89242547]}},
{"type":"Feature","properties":{"Governorate":"Mount Lebanon","District":"El Meten","Cadaster Zone":"Khinchara","Cadaster Name":"El-Khounchara","ACS Code":22747,"Longitude":35.73830023,"Latitude":33.91976622,"IDPs Outside Shelters":48,"Families Outside Shelters":9},"geometry":{"type":"Point","coordinates":[35.73830023,33.91976622]}},
{"type":"Feature","properties":{"Governorate":"Mount Lebanon","District":"El Meten","Cadaster Zone":"Zalqa","Cadaster Name":"El-Zalka","ACS Code":22351,"Longitude":35.57701028,"Latitude":33.89883773,"IDPs Outside Shelters":40,"Families Outside Shelters":10},"geometry":{"type":"Point","coordinates":[35.57701028,33.89883773]}},
{"type":"Feature","properties":{"Governorate":"Mount Lebanon","District":"El Meten","Cadaster Zone":"Qornet El-Hamra","Cadaster Name":"Kornet-El-Hamra","ACS Code":22595,"Longitude":35.64692142,"Latitude":33.93549611,"IDPs Outside Shelters":39,"Families Outside Shelters":8},"geometry":{"type":"Point","coordinates":[35.64692142,33.93549611]}},
{"type":"Feature","properties":{"Governorate":"Mount Lebanon","District":"El Meten","Cadaster Zone":"Marjaba","Cadaster Name":"Marjaba","ACS Code":22734,"Longitude":35.75733943,"Latitude":33.9174882,"IDPs Outside Shelters":32,"Families Outside Shelters":7},"geometry":{"type":"Point","coordinates":[35.75733943,33.9174882]}},
{"type":"Feature","properties":{"Governorate":"Mount Lebanon","District":"El Meten","Cadaster Zone":"Deir mar Roukoz","Cadaster Name":"Mar Roukose et Dahr El-Hossain","ACS Code":22245,"Longitude":35.5608827,"Latitude":33.86797735,"IDPs Outside Shelters":31,"Families Outside Shelters":8},"geometry":{"type":"Point","coordinates":[35.5608827,33.86797735]}},
{"type":"Feature","properties":{"Governorate":"Mount Lebanon","District":"El Meten","Cadaster Zone":"Hbous","Cadaster Name":"Hebouss","ACS Code":22583,"Longitude":35.64264432,"Latitude":33.92791589,"IDPs Outside Shelters":31,"Families Outside Shelters":8},"geometry":{"type":"Point","coordinates":[35.64264432,33.92791589]}},
{"type":"Feature","properties":{"Governorate":"Mount Lebanon","District":"El Meten","Cadaster Zone":"Aatchane","Cadaster Name":"El-Atchané","ACS Code":22555,"Longitude":35.64907358,"Latitude":33.91182777,"IDPs Outside Shelters":28,"Families Outside Shelters":7},"geometry":{"type":"Point","coordinates":[35.64907358,33.91182777]}},
{"type":"Feature","properties":{"Governorate":"Mount Lebanon","District":"El Meten","Cadaster Zone":"Bhersaf","Cadaster Name":"Sakiet-El-Misk et Bhorsaf","ACS Code":22535,"Longitude":35.66746724,"Latitude":33.91255692,"IDPs Outside Shelters":27,"Families Outside Shelters":7},"geometry":{"type":"Point","coordinates":[35.66746724,33.91255692]}},
{"type":"Feature","properties":{"Governorate":"Mount Lebanon","District":"El Meten","Cadaster Zone":"Zaraaoun","Cadaster Name":"Zaraoune","ACS Code":22741,"Longitude":35.70870596,"Latitude":33.89756089,"IDPs Outside Shelters":27,"Families Outside Shelters":7},"geometry":{"type":"Point","coordinates":[35.70870596,33.89756089]}},
{"type":"Feature","properties":{"Governorate":"Mount Lebanon","District":"El Meten","Cadaster Zone":"Bsalim","Cadaster Name":"Bsalime","ACS Code":22439,"Longitude":35.60567387,"Latitude":33.90047978,"IDPs Outside Shelters":24,"Families Outside Shelters":6},"geometry":{"type":"Point","coordinates":[35.60567387,33.90047978]}},
{"type":"Feature","properties":{"Governorate":"Mount Lebanon","District":"El Meten","Cadaster Zone":"Aain El-Qach","Cadaster Name":"Aïn-El-Kach","ACS Code":22523,"Longitude":35.70178951,"Latitude":33.92491854,"IDPs Outside Shelters":22,"Families Outside Shelters":6},"geometry":{"type":"Point","coordinates":[35.70178951,33.92491854]}},
{"type":"Feature","properties":{"Governorate":"Mount Lebanon","District":"El Meten","Cadaster Zone":"Bikfaya","Cadaster Name":"Bikfaya","ACS Code":22511,"Longitude":35.69015057,"Latitude":33.9182806,"IDPs Outside Shelters":22,"Families Outside Shelters":6},"geometry":{"type":"Point","coordinates":[35.69015057,33.9182806]}},
{"type":"Feature","properties":{"Governorate":"Mount Lebanon","District":"El Meten","Cadaster Zone":"Dik El-Mehdi","Cadaster Name":"Dik El-Mehdi","ACS Code":22463,"Longitude":35.62006143,"Latitude":33.93311623,"IDPs Outside Shelters":18,"Families Outside Shelters":5},"geometry":{"type":"Point","coordinates":[35.62006143,33.93311623]}},
{"type":"Feature","properties":{"Governorate":"Mount Lebanon","District":"El Meten","Cadaster Zone":"Masqa","Cadaster Name":"Maska et El-Ghabeh","ACS Code":22627,"Longitude":35.64139788,"Latitude":33.87814015,"IDPs Outside Shelters":17,"Families Outside Shelters":5},"geometry":{"type":"Point","coordinates":[35.64139788,33.87814015]}},
{"type":"Feature","properties":{"Governorate":"Mount Lebanon","District":"El Meten","Cadaster Zone":"Ouata El-Mrouj","Cadaster Name":"Wata El-Mrouge","ACS Code":22731,"Longitude":35.74004756,"Latitude":33.90896945,"IDPs Outside Shelters":17,"Families Outside Shelters":5},"geometry":{"type":"Point","coordinates":[35.74004756,33.90896945]}},
{"type":"Feature","properties":{"Governorate":"Mount Lebanon","District":"El Meten","Cadaster Zone":"Aain Aar","Cadaster Name":"Aïn Aar","ACS Code":22471,"Longitude":35.6430372,"Latitude":33.92242409,"IDPs Outside Shelters":13,"Families Outside Shelters":4},"geometry":{"type":"Point","coordinates":[35.6430372,33.92242409]}},
{"type":"Feature","properties":{"Governorate":"Mount Lebanon","District":"El Meten","Cadaster Zone":"Deir Tamich","Cadaster Name":"Deir Tamiche","ACS Code":22479,"Longitude":35.61935499,"Latitude":33.94046707,"IDPs Outside Shelters":13,"Families Outside Shelters":4},"geometry":{"type":"Point","coordinates":[35.61935499,33.94046707]}},
{"type":"Feature","properties":{"Governorate":"Mount Lebanon","District":"El Meten","Cadaster Zone":"Mazraat Deir Aaoukar","Cadaster Name":"Mazraet Deir Aoukar","ACS Code":22391,"Longitude":35.59883414,"Latitude":33.93420039,"IDPs Outside Shelters":13,"Families Outside Shelters":4},"geometry":{"type":"Point","coordinates":[35.59883414,33.93420039]}},
{"type":"Feature","properties":{"Governorate":"Mount Lebanon","District":"El Meten","Cadaster Zone":"Sfeilet Bikfaya","Cadaster Name":"El-Sfailé","ACS Code":22567,"Longitude":35.69859351,"Latitude":33.94422165,"IDPs Outside Shelters":13,"Families Outside Shelters":4},"geometry":{"type":"Point","coordinates":[35.69859351,33.94422165]}},
{"type":"Feature","properties":{"Governorate":"Mount Lebanon","District":"El Meten","Cadaster Zone":"Aayroun","Cadaster Name":"Aïroune","ACS Code":22767,"Longitude":35.705355,"Latitude":33.90602331,"IDPs Outside Shelters":12,"Families Outside Shelters":4},"geometry":{"type":"Point","coordinates":[35.705355,33.90602331]}},
{"type":"Feature","properties":{"Governorate":"Mount Lebanon","District":"El Meten","Cadaster Zone":"Bqennaya","Cadaster Name":"Bkennaya","ACS Code":22431,"Longitude":35.5878341,"Latitude":33.90157327,"IDPs Outside Shelters":9,"Families Outside Shelters":3},"geometry":{"type":"Point","coordinates":[35.5878341,33.90157327]}},
{"type":"Feature","properties":{"Governorate":"Mount Lebanon","District":"El Meten","Cadaster Zone":"Chrine","Cadaster Name":"Chrine","ACS Code":22591,"Longitude":35.73207001,"Latitude":33.93631771,"IDPs Outside Shelters":9,"Families Outside Shelters":3},"geometry":{"type":"Point","coordinates":[35.73207001,33.93631771]}},
{"type":"Feature","properties":{"Governorate":"Mount Lebanon","District":"El Meten","Cadaster Zone":"Fraike","Cadaster Name":"El Freiké","ACS Code":22571,"Longitude":35.65971115,"Latitude":33.93714402,"IDPs Outside Shelters":9,"Families Outside Shelters":3},"geometry":{"type":"Point","coordinates":[35.65971115,33.93714402]}},
{"type":"Feature","properties":{"Governorate":"Mount Lebanon","District":"El Meten","Cadaster Zone":"Mar Boutros Karm Et-Tine","Cadaster Name":"Mar Boutros Karm El-Tine","ACS Code":22527,"Longitude":35.68510935,"Latitude":33.93654095,"IDPs Outside Shelters":8,"Families Outside Shelters":3},"geometry":{"type":"Point","coordinates":[35.68510935,33.93654095]}},
{"type":"Feature","properties":{"Governorate":"Mount Lebanon","District":"El Meten","Cadaster Zone":"aain Aalaq","Cadaster Name":"Aïn-Alak","ACS Code":22551,"Longitude":35.65804398,"Latitude":33.91887345,"IDPs Outside Shelters":0,"Families Outside Shelters":0},"geometry":{"type":"Point","coordinates":[35.65804398,33.91887345]}},
{"type":"Feature","properties":{"Governorate":"Mount Lebanon","District":"El Meten","Cadaster Zone":"Aain El-Kharroube","Cadaster Name":"Aïn-El-Kharroubé","ACS Code":22543,"Longitude":35.70178752,"Latitude":33.93271168,"IDPs Outside Shelters":0,"Families Outside Shelters":0},"geometry":{"type":"Point","coordinates":[35.70178752,33.93271168]}},
{"type":"Feature","properties":{"Governorate":"Mount Lebanon","District":"El Meten","Cadaster Zone":"Aain El-Qabu","Cadaster Name":"Aïn El-Kabou","ACS Code":22777,"Longitude":35.76718375,"Latitude":33.9385076,"IDPs Outside Shelters":0,"Families Outside Shelters":0},"geometry":{"type":"Point","coordinates":[35.76718375,33.9385076]}},
{"type":"Feature","properties":{"Governorate":"Mount Lebanon","District":"El Meten","Cadaster Zone":"Aain Es-Sindiane","Cadaster Name":"Aïn-El-Sindiané","ACS Code":22737,"Longitude":35.72816908,"Latitude":33.9028062,"IDPs Outside Shelters":0,"Families Outside Shelters":0},"geometry":{"type":"Point","coordinates":[35.72816908,33.9028062]}},
{"type":"Feature","properties":{"Governorate":"Mount Lebanon","District":"El Meten","Cadaster Zone":"Aain es-Sofsaf El-Matn","Cadaster Name":"Aïn-El-Safsaf","ACS Code":22727,"Longitude":35.72717403,"Latitude":33.91189159,"IDPs Outside Shelters":0,"Families Outside Shelters":0},"geometry":{"type":"Point","coordinates":[35.72717403,33.91189159]}},
{"type":"Feature","properties":{"Governorate":"Mount Lebanon","District":"El Meten","Cadaster Zone":"Aain Et-Teffaha","Cadaster Name":"Aïn-el-Teffaha","ACS Code":22563,"Longitude":35.72584074,"Latitude":33.93402864,"IDPs Outside Shelters":0,"Families Outside Shelters":0},"geometry":{"type":"Point","coordinates":[35.72584074,33.93402864]}},
{"type":"Feature","properties":{"Governorate":"Mount Lebanon","District":"El Meten","Cadaster Zone":"Aain Ez-Zeitoune","Cadaster Name":"Aïn -El-Zeitouné","ACS Code":22714,"Longitude":35.74203424,"Latitude":33.90558312,"IDPs Outside Shelters":0,"Families Outside Shelters":0},"geometry":{"type":"Point","coordinates":[35.74203424,33.90558312]}},
{"type":"Feature","properties":{"Governorate":"Mount Lebanon","District":"El Meten","Cadaster Zone":"Aayoun El-Matn","Cadaster Name":"El-Ouyoun","ACS Code":22635,"Longitude":35.65719469,"Latitude":33.88056342,"IDPs Outside Shelters":0,"Families Outside Shelters":0},"geometry":{"type":"Point","coordinates":[35.65719469,33.88056342]}},
{"type":"Feature","properties":{"Governorate":"Mount Lebanon","District":"El Meten","Cadaster Zone":"Abou Mizane","Cadaster Name":"Abou-Mizane","ACS Code":22575,"Longitude":35.72239909,"Latitude":33.93939543,"IDPs Outside Shelters":0,"Families Outside Shelters":0},"geometry":{"type":"Point","coordinates":[35.72239909,33.93939543]}},
{"type":"Feature","properties":{"Governorate":"Mount Lebanon","District":"El Meten","Cadaster Zone":"Aintoura El-Matn","Cadaster Name":"Antoura","ACS Code":22751,"Longitude":35.79790562,"Latitude":33.89791417,"IDPs Outside Shelters":0,"Families Outside Shelters":0},"geometry":{"type":"Point","coordinates":[35.79790562,33.89791417]}},
{"type":"Feature","properties":{"Governorate":"Mount Lebanon","District":"El Meten","Cadaster Zone":"Baabdat","Cadaster Name":"Baabdat et Sfaïlé","ACS Code":22659,"Longitude":35.67459876,"Latitude":33.89040903,"IDPs Outside Shelters":0,"Families Outside Shelters":0},"geometry":{"type":"Point","coordinates":[35.67459876,33.89040903]}},
{"type":"Feature","properties":{"Governorate":"Mount Lebanon","District":"El Meten","Cadaster Zone":"Beit Chabab","Cadaster Name":"Beit Chebab","ACS Code":22531,"Longitude":35.67004907,"Latitude":33.93022097,"IDPs Outside Shelters":0,"Families Outside Shelters":0},"geometry":{"type":"Point","coordinates":[35.67004907,33.93022097]}},
{"type":"Feature","properties":{"Governorate":"Mount Lebanon","District":"El Meten","Cadaster Zone":"Beit Ech-Chaar","Cadaster Name":"Mazraet Beit Chaar","ACS Code":22459,"Longitude":35.61779596,"Latitude":33.92874661,"IDPs Outside Shelters":0,"Families Outside Shelters":0},"geometry":{"type":"Point","coordinates":[35.61779596,33.92874661]}},
{"type":"Feature","properties":{"Governorate":"Mount Lebanon","District":"El Meten","Cadaster Zone":"Beit El-Kekko","Cadaster Name":"Beit El Koukou","ACS Code":22451,"Longitude":35.63706848,"Latitude":33.92421545,"IDPs Outside Shelters":0,"Families Outside Shelters":0},"geometry":{"type":"Point","coordinates":[35.63706848,33.92421545]}},
{"type":"Feature","properties":{"Governorate":"Mount Lebanon","District":"El Meten","Cadaster Zone":"Bnabil","Cadaster Name":"Mar Mikhael Bnabil","ACS Code":22724,"Longitude":35.73571474,"Latitude":33.90020031,"IDPs Outside Shelters":0,"Families Outside Shelters":0},"geometry":{"type":"Point","coordinates":[35.73571474,33.90020031]}},
{"type":"Feature","properties":{"Governorate":"Mount Lebanon","District":"El Meten","Cadaster Zone":"Bsifrine","Cadaster Name":"Bsifrine et El-Zahriyé","ACS Code":22691,"Longitude":35.70639266,"Latitude":33.88490132,"IDPs Outside Shelters":0,"Families Outside Shelters":0},"geometry":{"type":"Point","coordinates":[35.70639266,33.88490132]}},
{"type":"Feature","properties":{"Governorate":"Mount Lebanon","District":"El Meten","Cadaster Zone":"Bteghrine","Cadaster Name":"Bteghrine","ACS Code":22757,"Longitude":35.76054182,"Latitude":33.92818356,"IDPs Outside Shelters":0,"Families Outside Shelters":0},"geometry":{"type":"Point","coordinates":[35.76054182,33.92818356]}},
{"type":"Feature","properties":{"Governorate":"Mount Lebanon","District":"El Meten","Cadaster Zone":"Chaouiye","Cadaster Name":"Chaouié, Knaitré et Mar gergesse Bhurdok","ACS Code":22559,"Longitude":35.65882961,"Latitude":33.93005355,"IDPs Outside Shelters":0,"Families Outside Shelters":0},"geometry":{"type":"Point","coordinates":[35.65882961,33.93005355]}},
{"type":"Feature","properties":{"Governorate":"Mount Lebanon","District":"El Meten","Cadaster Zone":"Chouaya El-Matn","Cadaster Name":"Chouaya","ACS Code":22764,"Longitude":35.71529926,"Latitude":33.92990126,"IDPs Outside Shelters":0,"Families Outside Shelters":0},"geometry":{"type":"Point","coordinates":[35.71529926,33.92990126]}},
{"type":"Feature","properties":{"Governorate":"Mount Lebanon","District":"El Meten","Cadaster Zone":"Daychouniye","Cadaster Name":"El-Dechouniyeh","ACS Code":22415,"Longitude":35.57656488,"Latitude":33.84618494,"IDPs Outside Shelters":0,"Families Outside Shelters":0},"geometry":{"type":"Point","coordinates":[35.57656488,33.84618494]}},
{"type":"Feature","properties":{"Governorate":"Mount Lebanon","District":"El Meten","Cadaster Zone":"Deir Chamra","Cadaster Name":"Deir Chamra","ACS Code":22579,"Longitude":35.71833215,"Latitude":33.94832325,"IDPs Outside Shelters":0,"Families Outside Shelters":0},"geometry":{"type":"Point","coordinates":[35.71833215,33.94832325]}},
{"type":"Feature","properties":{"Governorate":"Mount Lebanon","District":"El Meten","Cadaster Zone":"Deir Mar Aabda el Mchammar","Cadaster Name":"Mar Abda El-Mchammar","ACS Code":22487,"Longitude":35.62975203,"Latitude":33.94402454,"IDPs Outside Shelters":0,"Families Outside Shelters":0},"geometry":{"type":"Point","coordinates":[35.62975203,33.94402454]}},
{"type":"Feature","properties":{"Governorate":"Mount Lebanon","District":"El Meten","Cadaster Zone":"Dekouane","Cadaster Name":"Dekouanet","ACS Code":0,"Longitude":35.54886595,"Latitude":33.87157939,"IDPs Outside Shelters":0,"Families Outside Shelters":0},"geometry":{"type":"Point","coordinates":[35.54886595,33.87157939]}},
{"type":"Feature","properties":{"Governorate":"Mount Lebanon","District":"El Meten","Cadaster Zone":"Douar El-Matn","Cadaster Name":"Douar","ACS Code":22761,"Longitude":35.69876329,"Latitude":33.90205637,"IDPs Outside Shelters":0,"Families Outside Shelters":0},"geometry":{"type":"Point","coordinates":[35.69876329,33.90205637]}},
{"type":"Feature","properties":{"Governorate":"Mount Lebanon","District":"El Meten","Cadaster Zone":"Himlaya","Cadaster Name":"Hemlaya","ACS Code":22547,"Longitude":35.70867131,"Latitude":33.94102867,"IDPs Outside Shelters":0,"Families Outside Shelters":0},"geometry":{"type":"Point","coordinates":[35.70867131,33.94102867]}},
{"type":"Feature","properties":{"Governorate":"Mount Lebanon","District":"El Meten","Cadaster Zone":"Jouar El-Matn","Cadaster Name":"El-Jouar","ACS Code":22587,"Longitude":35.73325712,"Latitude":33.93002364,"IDPs Outside Shelters":0,"Families Outside Shelters":0},"geometry":{"type":"Point","coordinates":[35.73325712,33.93002364]}},
{"type":"Feature","properties":{"Governorate":"Mount Lebanon","District":"El Meten","Cadaster Zone":"Jouret El-Ballout","Cadaster Name":"Jouret-El-Ballout","ACS Code":22619,"Longitude":35.63263035,"Latitude":33.89539263,"IDPs Outside Shelters":0,"Families Outside Shelters":0},"geometry":{"type":"Point","coordinates":[35.63263035,33.89539263]}},
{"type":"Feature","properties":{"Governorate":"Mount Lebanon","District":"El Meten","Cadaster Zone":"Kfar Aaqab","Cadaster Name":"Kfar Akab","ACS Code":22781,"Longitude":35.74543392,"Latitude":33.94173944,"IDPs Outside Shelters":0,"Families Outside Shelters":0},"geometry":{"type":"Point","coordinates":[35.74543392,33.94173944]}},
{"type":"Feature","properties":{"Governorate":"Mount Lebanon","District":"El Meten","Cadaster Zone":"Kfar Tay El-Matn","Cadaster Name":"Kfartaï","ACS Code":22799,"Longitude":35.80383853,"Latitude":33.97726508,"IDPs Outside Shelters":0,"Families Outside Shelters":0},"geometry":{"type":"Point","coordinates":[35.80383853,33.97726508]}},
{"type":"Feature","properties":{"Governorate":"Mount Lebanon","District":"El Meten","Cadaster Zone":"Kfar Tay El-Matn","Cadaster Name":"Kfartaï","ACS Code":22799,"Longitude":35.76186603,"Latitude":33.95390657,"IDPs Outside Shelters":0,"Families Outside Shelters":0},"geometry":{"type":"Point","coordinates":[35.76186603,33.95390657]}},
{"type":"Feature","properties":{"Governorate":"Mount Lebanon","District":"El Meten","Cadaster Zone":"Khillet El-Mtain","Cadaster Name":"El-Khellé","ACS Code":22722,"Longitude":35.7260944,"Latitude":33.89390174,"IDPs Outside Shelters":0,"Families Outside Shelters":0},"geometry":{"type":"Point","coordinates":[35.7260944,33.89390174]}},
{"type":"Feature","properties":{"Governorate":"Mount Lebanon","District":"El Meten","Cadaster Zone":"litige","Cadaster Name":"litige","ACS Code":22001,"Longitude":35.70601216,"Latitude":33.89269526,"IDPs Outside Shelters":0,"Families Outside Shelters":0},"geometry":{"type":"Point","coordinates":[35.70601216,33.89269526]}},
{"type":"Feature","properties":{"Governorate":"Mount Lebanon","District":"El Meten","Cadaster Zone":"litige","Cadaster Name":"litige","ACS Code":22002,"Longitude":35.77093759,"Latitude":33.88615207,"IDPs Outside Shelters":0,"Families Outside Shelters":0},"geometry":{"type":"Point","coordinates":[35.77093759,33.88615207]}},
{"type":"Feature","properties":{"Governorate":"Mount Lebanon","District":"El Meten","Cadaster Zone":"Machraah El-Matn","Cadaster Name":"El-Machera","ACS Code":22787,"Longitude":35.75620186,"Latitude":33.94425353,"IDPs Outside Shelters":0,"Families Outside Shelters":0},"geometry":{"type":"Point","coordinates":[35.75620186,33.94425353]}},
{"type":"Feature","properties":{"Governorate":"Mount Lebanon","District":"El Meten","Cadaster Zone":"Majzoub","Cadaster Name":"Majdoub","ACS Code":22435,"Longitude":35.59601555,"Latitude":33.90031874,"IDPs Outside Shelters":0,"Families Outside Shelters":0},"geometry":{"type":"Point","coordinates":[35.59601555,33.90031874]}},
{"type":"Feature","properties":{"Governorate":"Mount Lebanon","District":"El Meten","Cadaster Zone":"Mar Moussa Ed-Douar","Cadaster Name":"Mar Mousa-El-Douar","ACS Code":22784,"Longitude":35.68975262,"Latitude":33.90009501,"IDPs Outside Shelters":0,"Families Outside Shelters":0},"geometry":{"type":"Point","coordinates":[35.68975262,33.90009501]}},
{"type":"Feature","properties":{"Governorate":"Mount Lebanon","District":"El Meten","Cadaster Zone":"Mayasse","Cadaster Name":"El-Mayassé","ACS Code":22539,"Longitude":35.69288474,"Latitude":33.94117564,"IDPs Outside Shelters":0,"Families Outside Shelters":0},"geometry":{"type":"Point","coordinates":[35.69288474,33.94117564]}},
{"type":"Feature","properties":{"Governorate":"Mount Lebanon","District":"El Meten","Cadaster Zone":"Mazraat El-Hdaira","Cadaster Name":"Mazraet El-Hadira","ACS Code":22367,"Longitude":35.60734253,"Latitude":33.93200834,"IDPs Outside Shelters":0,"Families Outside Shelters":0},"geometry":{"type":"Point","coordinates":[35.60734253,33.93200834]}},
{"type":"Feature","properties":{"Governorate":"Mount Lebanon","District":"El Meten","Cadaster Zone":"Mazraat Yachouaa","Cadaster Name":"Mazraet Yachou","ACS Code":22475,"Longitude":35.63305895,"Latitude":33.9305264,"IDPs Outside Shelters":0,"Families Outside Shelters":0},"geometry":{"type":"Point","coordinates":[35.63305895,33.9305264]}},
{"type":"Feature","properties":{"Governorate":"Mount Lebanon","District":"El Meten","Cadaster Zone":"Mchikha","Cadaster Name":"Mchikha","ACS Code":22717,"Longitude":35.7443404,"Latitude":33.8841022,"IDPs Outside Shelters":0,"Families Outside Shelters":0},"geometry":{"type":"Point","coordinates":[35.7443404,33.8841022]}},
{"type":"Feature","properties":{"Governorate":"Mount Lebanon","District":"El Meten","Cadaster Zone":"Menqlet Mezher","Cadaster Name":"Mezher","ACS Code":22319,"Longitude":35.59814884,"Latitude":33.90857663,"IDPs Outside Shelters":0,"Families Outside Shelters":0},"geometry":{"type":"Point","coordinates":[35.59814884,33.90857663]}},
{"type":"Feature","properties":{"Governorate":"Mount Lebanon","District":"El Meten","Cadaster Zone":"Mhaidset Matn","Cadaster Name":"El-Mhaidcé","ACS Code":22515,"Longitude":35.69730141,"Latitude":33.92102652,"IDPs Outside Shelters":0,"Families Outside Shelters":0},"geometry":{"type":"Point","coordinates":[35.69730141,33.92102652]}},
{"type":"Feature","properties":{"Governorate":"Mount Lebanon","District":"El Meten","Cadaster Zone":"Mkalles","Cadaster Name":"Mkallesse","ACS Code":22279,"Longitude":35.55213045,"Latitude":33.86155745,"IDPs Outside Shelters":0,"Families Outside Shelters":0},"geometry":{"type":"Point","coordinates":[35.55213045,33.86155745]}},
{"type":"Feature","properties":{"Governorate":"Mount Lebanon","District":"El Meten","Cadaster Zone":"Mrouj","Cadaster Name":"El-Mrouge","ACS Code":22733,"Longitude":35.7577791,"Latitude":33.90996091,"IDPs Outside Shelters":0,"Families Outside Shelters":0},"geometry":{"type":"Point","coordinates":[35.7577791,33.90996091]}},
{"type":"Feature","properties":{"Governorate":"Mount Lebanon","District":"El Meten","Cadaster Zone":"Mtayleb","Cadaster Name":"El-Mtaileb","ACS Code":22447,"Longitude":35.61208201,"Latitude":33.92293951,"IDPs Outside Shelters":0,"Families Outside Shelters":0},"geometry":{"type":"Point","coordinates":[35.61208201,33.92293951]}},
{"type":"Feature","properties":{"Governorate":"Mount Lebanon","District":"El Meten","Cadaster Zone":"Mzakke","Cadaster Name":"Mar Chaya et Mzakki","ACS Code":22651,"Longitude":35.64654614,"Latitude":33.8945106,"IDPs Outside Shelters":0,"Families Outside Shelters":0},"geometry":{"type":"Point","coordinates":[35.64654614,33.8945106]}},
{"type":"Feature","properties":{"Governorate":"Mount Lebanon","District":"El Meten","Cadaster Zone":"Ouadi Chahine","Cadaster Name":"Wadi Chahine","ACS Code":22519,"Longitude":35.69367432,"Latitude":33.93146089,"IDPs Outside Shelters":0,"Families Outside Shelters":0},"geometry":{"type":"Point","coordinates":[35.69367432,33.93146089]}},
{"type":"Feature","properties":{"Governorate":"Mount Lebanon","District":"El Meten","Cadaster Zone":"Ouadi El-Karm El-Matn","Cadaster Name":"Wadi El-Karm","ACS Code":22791,"Longitude":35.75109429,"Latitude":33.95346911,"IDPs Outside Shelters":0,"Families Outside Shelters":0},"geometry":{"type":"Point","coordinates":[35.75109429,33.95346911]}},
{"type":"Feature","properties":{"Governorate":"Mount Lebanon","District":"El Meten","Cadaster Zone":"Qaaqour","Cadaster Name":"Kaakour","ACS Code":22744,"Longitude":35.71545196,"Latitude":33.89346163,"IDPs Outside Shelters":0,"Families Outside Shelters":0},"geometry":{"type":"Point","coordinates":[35.71545196,33.89346163]}},
{"type":"Feature","properties":{"Governorate":"Mount Lebanon","District":"El Meten","Cadaster Zone":"Qannebet Salima","Cadaster Name":"Kannabet Salima","ACS Code":22683,"Longitude":35.69241629,"Latitude":33.88592649,"IDPs Outside Shelters":0,"Families Outside Shelters":0},"geometry":{"type":"Point","coordinates":[35.69241629,33.88592649]}},
{"type":"Feature","properties":{"Governorate":"Mount Lebanon","District":"El Meten","Cadaster Zone":"Sinn El-Fil","Cadaster Name":"Senn el Fil","ACS Code":22155,"Longitude":35.53607485,"Latitude":33.8747449,"IDPs Outside Shelters":0,"Families Outside Shelters":0},"geometry":{"type":"Point","coordinates":[35.53607485,33.8747449]}},
{"type":"Feature","properties":{"Governorate":"Mount Lebanon","District":"El Meten","Cadaster Zone":"Zabbougha","Cadaster Name":"Zabbougha","ACS Code":22794,"Longitude":35.73580353,"Latitude":33.95319248,"IDPs Outside Shelters":0,"Families Outside Shelters":0},"geometry":{"type":"Point","coordinates":[35.73580353,33.95319248]}},
{"type":"Feature","properties":{"Governorate":"Mount Lebanon","District":"El Meten","Cadaster Zone":"Zakrit","Cadaster Name":"Zacrite","ACS Code":22483,"Longitude":35.62992775,"Latitude":33.93865266,"IDPs Outside Shelters":0,"Families Outside Shelters":0},"geometry":{"type":"Point","coordinates":[35.62992775,33.93865266]}},
{"type":"Feature","properties":{"Governorate":"Mount Lebanon","District":"El Meten","Cadaster Zone":"Zighrine El-Matn","Cadaster Name":"Zeghrine","ACS Code":22771,"Longitude":35.71389057,"Latitude":33.92197327,"IDPs Outside Shelters":0,"Families Outside Shelters":0},"geometry":{"type":"Point","coordinates":[35.71389057,33.92197327]}},
{"type":"Feature","properties":{"Governorate":"North","District":"El Minieh-Dennie","Cadaster Zone":"Beddaoui","Cadaster Name":"Al-Beddaoui","ACS Code":37231,"Longitude":35.8725417,"Latitude":34.45075327,"IDPs Outside Shelters":450,"Families Outside Shelters":101},"geometry":{"type":"Point","coordinates":[35.8725417,34.45075327]}},
{"type":"Feature","properties":{"Governorate":"North","District":"El Minieh-Dennie","Cadaster Zone":"Deir Aammar","Cadaster Name":"Deir Omar","ACS Code":37241,"Longitude":35.89903284,"Latitude":34.45825803,"IDPs Outside Shelters":204,"Families Outside Shelters":52},"geometry":{"type":"Point","coordinates":[35.89903284,34.45825803]}},
{"type":"Feature","properties":{"Governorate":"North","District":"El Minieh-Dennie","Cadaster Zone":"Btermaz","Cadaster Name":"Btermaz","ACS Code":37343,"Longitude":36.03874768,"Latitude":34.42872161,"IDPs Outside Shelters":179,"Families Outside Shelters":37},"geometry":{"type":"Point","coordinates":[36.03874768,34.42872161]}},
{"type":"Feature","properties":{"Governorate":"North","District":"El Minieh-Dennie","Cadaster Zone":"Zouq Bhannine","Cadaster Name":"Zouk Bhanine","ACS Code":37291,"Longitude":35.95967695,"Latitude":34.49503264,"IDPs Outside Shelters":94,"Families Outside Shelters":22},"geometry":{"type":"Point","coordinates":[35.95967695,34.49503264]}},
{"type":"Feature","properties":{"Governorate":"North","District":"El Minieh-Dennie","Cadaster Zone":"Minie","Cadaster Name":"Al-Minieh","ACS Code":37271,"Longitude":35.93582293,"Latitude":34.47848079,"IDPs Outside Shelters":79,"Families Outside Shelters":27},"geometry":{"type":"Point","coordinates":[35.93582293,34.47848079]}},
{"type":"Feature","properties":{"Governorate":"North","District":"El Minieh-Dennie","Cadaster Zone":"Bqaa Sefrine","Cadaster Name":"Bkaa Safrine","ACS Code":37317,"Longitude":36.08105326,"Latitude":34.32226897,"IDPs Outside Shelters":34,"Families Outside Shelters":8},"geometry":{"type":"Point","coordinates":[36.08105326,34.32226897]}},
{"type":"Feature","properties":{"Governorate":"North","District":"El Minieh-Dennie","Cadaster Zone":"Beit El-Faqs","Cadaster Name":"Beit-El-Faks","ACS Code":37329,"Longitude":36.05532538,"Latitude":34.3943949,"IDPs Outside Shelters":29,"Families Outside Shelters":7},"geometry":{"type":"Point","coordinates":[36.05532538,34.3943949]}},
{"type":"Feature","properties":{"Governorate":"North","District":"El Minieh-Dennie","Cadaster Zone":"Kfar Chellane","Cadaster Name":"Kfar Chlane","ACS Code":37363,"Longitude":35.98113915,"Latitude":34.42489916,"IDPs Outside Shelters":29,"Families Outside Shelters":7},"geometry":{"type":"Point","coordinates":[35.98113915,34.42489916]}},
{"type":"Feature","properties":{"Governorate":"North","District":"El Minieh-Dennie","Cadaster Zone":"Sir Ed-Danniye","Cadaster Name":"Sir","ACS Code":37311,"Longitude":36.02833768,"Latitude":34.38367489,"IDPs Outside Shelters":26,"Families Outside Shelters":7},"geometry":{"type":"Point","coordinates":[36.02833768,34.38367489]}},
{"type":"Feature","properties":{"Governorate":"North","District":"El Minieh-Dennie","Cadaster Zone":"Aain Et-Tine-Miniyé","Cadaster Name":"Aïn-El-Tiné","ACS Code":37333,"Longitude":36.04583812,"Latitude":34.3925377,"IDPs Outside Shelters":20,"Families Outside Shelters":5},"geometry":{"type":"Point","coordinates":[36.04583812,34.3925377]}},
{"type":"Feature","properties":{"Governorate":"North","District":"El Minieh-Dennie","Cadaster Zone":"Bqarsouna","Cadaster Name":"Bkarsouna","ACS Code":37319,"Longitude":36.05425132,"Latitude":34.37266744,"IDPs Outside Shelters":19,"Families Outside Shelters":5},"geometry":{"type":"Point","coordinates":[36.05425132,34.37266744]}},
{"type":"Feature","properties":{"Governorate":"North","District":"El Minieh-Dennie","Cadaster Zone":"Deir Nbouh","Cadaster Name":"Deir Nebouh","ACS Code":37377,"Longitude":35.93823718,"Latitude":34.37783178,"IDPs Outside Shelters":19,"Families Outside Shelters":7},"geometry":{"type":"Point","coordinates":[35.93823718,34.37783178]}},
{"type":"Feature","properties":{"Governorate":"North","District":"El Minieh-Dennie","Cadaster Zone":"Haql el Aazime","Cadaster Name":"Haql el Aazimé","ACS Code":37327,"Longitude":36.01816949,"Latitude":34.39816661,"IDPs Outside Shelters":14,"Families Outside Shelters":4},"geometry":{"type":"Point","coordinates":[36.01816949,34.39816661]}},
{"type":"Feature","properties":{"Governorate":"North","District":"El Minieh-Dennie","Cadaster Zone":"Raouda-Aadoua","Cadaster Name":"Aadoua","ACS Code":37382,"Longitude":35.98198984,"Latitude":34.46567497,"IDPs Outside Shelters":13,"Families Outside Shelters":4},"geometry":{"type":"Point","coordinates":[35.98198984,34.46567497]}},
{"type":"Feature","properties":{"Governorate":"North","District":"El Minieh-Dennie","Cadaster Zone":"Beit Haouik","Cadaster Name":"Beit Haouik","ACS Code":37357,"Longitude":36.07405298,"Latitude":34.42448601,"IDPs Outside Shelters":9,"Families Outside Shelters":3},"geometry":{"type":"Point","coordinates":[36.07405298,34.42448601]}},
{"type":"Feature","properties":{"Governorate":"North","District":"El Minieh-Dennie","Cadaster Zone":"Aasaymout","Cadaster Name":"Aassaymout","ACS Code":37362,"Longitude":36.09791914,"Latitude":34.43990301,"IDPs Outside Shelters":0,"Families Outside Shelters":0},"geometry":{"type":"Point","coordinates":[36.09791914,34.43990301]}},
{"type":"Feature","properties":{"Governorate":"North","District":"El Minieh-Dennie","Cadaster Zone":"Aassoun","Cadaster Name":"Assoun","ACS Code":37313,"Longitude":36.00801401,"Latitude":34.38840417,"IDPs Outside Shelters":0,"Families Outside Shelters":0},"geometry":{"type":"Point","coordinates":[36.00801401,34.38840417]}},
{"type":"Feature","properties":{"Governorate":"North","District":"El Minieh-Dennie","Cadaster Zone":"Aaymar","Cadaster Name":"Omar","ACS Code":37367,"Longitude":35.97308455,"Latitude":34.35283596,"IDPs Outside Shelters":0,"Families Outside Shelters":0},"geometry":{"type":"Point","coordinates":[35.97308455,34.35283596]}},
{"type":"Feature","properties":{"Governorate":"North","District":"El Minieh-Dennie","Cadaster Zone":"Aazqai","Cadaster Name":"Azka","ACS Code":37361,"Longitude":35.98972393,"Latitude":34.43550809,"IDPs Outside Shelters":0,"Families Outside Shelters":0},"geometry":{"type":"Point","coordinates":[35.98972393,34.43550809]}},
{"type":"Feature","properties":{"Governorate":"North","District":"El Minieh-Dennie","Cadaster Zone":"Bakhaaoun","Cadaster Name":"Bakhoune","ACS Code":37391,"Longitude":36.00946058,"Latitude":34.41551275,"IDPs Outside Shelters":0,"Families Outside Shelters":0},"geometry":{"type":"Point","coordinates":[36.00946058,34.41551275]}},
{"type":"Feature","properties":{"Governorate":"North","District":"El Minieh-Dennie","Cadaster Zone":"Bechehhara","Cadaster Name":"Bechhara","ACS Code":37379,"Longitude":35.93678397,"Latitude":34.36027253,"IDPs Outside Shelters":0,"Families Outside Shelters":0},"geometry":{"type":"Point","coordinates":[35.93678397,34.36027253]}},
{"type":"Feature","properties":{"Governorate":"North","District":"El Minieh-Dennie","Cadaster Zone":"Bechnnata","Cadaster Name":"Bchnnata","ACS Code":37359,"Longitude":36.00359185,"Latitude":34.32470597,"IDPs Outside Shelters":0,"Families Outside Shelters":0},"geometry":{"type":"Point","coordinates":[36.00359185,34.32470597]}},
{"type":"Feature","properties":{"Governorate":"North","District":"El Minieh-Dennie","Cadaster Zone":"Behouaita","Cadaster Name":"Behweité","ACS Code":37371,"Longitude":35.96941373,"Latitude":34.33531468,"IDPs Outside Shelters":0,"Families Outside Shelters":0},"geometry":{"type":"Point","coordinates":[35.96941373,34.33531468]}},
{"type":"Feature","properties":{"Governorate":"North","District":"El Minieh-Dennie","Cadaster Zone":"Beit Zoud","Cadaster Name":"Beit Zaoud","ACS Code":37349,"Longitude":35.98689453,"Latitude":34.40637474,"IDPs Outside Shelters":0,"Families Outside Shelters":0},"geometry":{"type":"Point","coordinates":[35.98689453,34.40637474]}},
{"type":"Feature","properties":{"Governorate":"North","District":"El Minieh-Dennie","Cadaster Zone":"Borj El-Yahoudiye","Cadaster Name":"Borge-El-Yahoudié","ACS Code":37251,"Longitude":35.91533908,"Latitude":34.45545033,"IDPs Outside Shelters":0,"Families Outside Shelters":0},"geometry":{"type":"Point","coordinates":[35.91533908,34.45545033]}},
{"type":"Feature","properties":{"Governorate":"North","District":"El Minieh-Dennie","Cadaster Zone":"Debaael","Cadaster Name":"Debaael","ACS Code":37356,"Longitude":36.06667337,"Latitude":34.43460872,"IDPs Outside Shelters":0,"Families Outside Shelters":0},"geometry":{"type":"Point","coordinates":[36.06667337,34.43460872]}},
{"type":"Feature","properties":{"Governorate":"North","District":"El Minieh-Dennie","Cadaster Zone":"Haouaret-Miniye","Cadaster Name":"Hawara","ACS Code":37355,"Longitude":36.08167411,"Latitude":34.419364,"IDPs Outside Shelters":0,"Families Outside Shelters":0},"geometry":{"type":"Point","coordinates":[36.08167411,34.419364]}},
{"type":"Feature","properties":{"Governorate":"North","District":"El Minieh-Dennie","Cadaster Zone":"Harf Es-Sayad","Cadaster Name":"El-Watié et Harf Siad","ACS Code":37345,"Longitude":36.02369229,"Latitude":34.4206318,"IDPs Outside Shelters":0,"Families Outside Shelters":0},"geometry":{"type":"Point","coordinates":[36.02369229,34.4206318]}},
{"type":"Feature","properties":{"Governorate":"North","District":"El Minieh-Dennie","Cadaster Zone":"Harf Es-Sayad","Cadaster Name":"El-Watié et Harf Siad","ACS Code":37345,"Longitude":36.01098055,"Latitude":34.43223173,"IDPs Outside Shelters":0,"Families Outside Shelters":0},"geometry":{"type":"Point","coordinates":[36.01098055,34.43223173]}},
{"type":"Feature","properties":{"Governorate":"North","District":"El Minieh-Dennie","Cadaster Zone":"Hazmiyet-Miniye","Cadaster Name":"El-Hazmieh","ACS Code":37321,"Longitude":36.04074139,"Latitude":34.39223013,"IDPs Outside Shelters":0,"Families Outside Shelters":0},"geometry":{"type":"Point","coordinates":[36.04074139,34.39223013]}},
{"type":"Feature","properties":{"Governorate":"North","District":"El Minieh-Dennie","Cadaster Zone":"Izal","Cadaster Name":"Izal","ACS Code":37341,"Longitude":35.98063375,"Latitude":34.37986716,"IDPs Outside Shelters":0,"Families Outside Shelters":0},"geometry":{"type":"Point","coordinates":[35.98063375,34.37986716]}},
{"type":"Feature","properties":{"Governorate":"North","District":"El Minieh-Dennie","Cadaster Zone":"Jarjour","Cadaster Name":"Jarjoura","ACS Code":37375,"Longitude":35.9366074,"Latitude":34.35383266,"IDPs Outside Shelters":0,"Families Outside Shelters":0},"geometry":{"type":"Point","coordinates":[35.9366074,34.35383266]}},
{"type":"Feature","properties":{"Governorate":"North","District":"El Minieh-Dennie","Cadaster Zone":"Jayroun","Cadaster Name":"Jaroun","ACS Code":37358,"Longitude":36.11428968,"Latitude":34.40770281,"IDPs Outside Shelters":0,"Families Outside Shelters":0},"geometry":{"type":"Point","coordinates":[36.11428968,34.40770281]}},
{"type":"Feature","properties":{"Governorate":"North","District":"El Minieh-Dennie","Cadaster Zone":"Kahf El-Malloul","Cadaster Name":"Kahf-El-Malloul","ACS Code":37373,"Longitude":35.95230045,"Latitude":34.34814134,"IDPs Outside Shelters":0,"Families Outside Shelters":0},"geometry":{"type":"Point","coordinates":[35.95230045,34.34814134]}},
{"type":"Feature","properties":{"Governorate":"North","District":"El Minieh-Dennie","Cadaster Zone":"Karm El-Mohr","Cadaster Name":"Btehline","ACS Code":37347,"Longitude":35.99861807,"Latitude":34.35392634,"IDPs Outside Shelters":0,"Families Outside Shelters":0},"geometry":{"type":"Point","coordinates":[35.99861807,34.35392634]}},
{"type":"Feature","properties":{"Governorate":"North","District":"El Minieh-Dennie","Cadaster Zone":"Kfar Bibnine","Cadaster Name":"Kfar Bibnine","ACS Code":37395,"Longitude":36.0894693,"Latitude":34.40115454,"IDPs Outside Shelters":0,"Families Outside Shelters":0},"geometry":{"type":"Point","coordinates":[36.0894693,34.40115454]}},
{"type":"Feature","properties":{"Governorate":"North","District":"El Minieh-Dennie","Cadaster Zone":"Kfar Habou","Cadaster Name":"Kfar Habou","ACS Code":37365,"Longitude":35.96346558,"Latitude":34.41118841,"IDPs Outside Shelters":0,"Families Outside Shelters":0},"geometry":{"type":"Point","coordinates":[35.96346558,34.41118841]}},
{"type":"Feature","properties":{"Governorate":"North","District":"El Minieh-Dennie","Cadaster Zone":"Kharroub-Miniye","Cadaster Name":"Kharnoub","ACS Code":37335,"Longitude":36.00696899,"Latitude":34.40199541,"IDPs Outside Shelters":0,"Families Outside Shelters":0},"geometry":{"type":"Point","coordinates":[36.00696899,34.40199541]}},
{"type":"Feature","properties":{"Governorate":"North","District":"El Minieh-Dennie","Cadaster Zone":"litige","Cadaster Name":"litige","ACS Code":37001,"Longitude":36.04466891,"Latitude":34.4128008,"IDPs Outside Shelters":0,"Families Outside Shelters":0},"geometry":{"type":"Point","coordinates":[36.04466891,34.4128008]}},
{"type":"Feature","properties":{"Governorate":"North","District":"El Minieh-Dennie","Cadaster Zone":"litige","Cadaster Name":"litige","ACS Code":37002,"Longitude":36.0885107,"Latitude":34.35539056,"IDPs Outside Shelters":0,"Families Outside Shelters":0},"geometry":{"type":"Point","coordinates":[36.0885107,34.35539056]}},
{"type":"Feature","properties":{"Governorate":"North","District":"El Minieh-Dennie","Cadaster Zone":"litige","Cadaster Name":"litige","ACS Code":37003,"Longitude":35.98196761,"Latitude":34.35526144,"IDPs Outside Shelters":0,"Families Outside Shelters":0},"geometry":{"type":"Point","coordinates":[35.98196761,34.35526144]}},
{"type":"Feature","properties":{"Governorate":"North","District":"El Minieh-Dennie","Cadaster Zone":"litige","Cadaster Name":"litige","ACS Code":37004,"Longitude":35.96268864,"Latitude":34.34917504,"IDPs Outside Shelters":0,"Families Outside Shelters":0},"geometry":{"type":"Point","coordinates":[35.96268864,34.34917504]}},
{"type":"Feature","properties":{"Governorate":"North","District":"El Minieh-Dennie","Cadaster Zone":"litige","Cadaster Name":"litige","ACS Code":37005,"Longitude":35.96567389,"Latitude":34.34452901,"IDPs Outside Shelters":0,"Families Outside Shelters":0},"geometry":{"type":"Point","coordinates":[35.96567389,34.34452901]}},
{"type":"Feature","properties":{"Governorate":"North","District":"El Minieh-Dennie","Cadaster Zone":"litige","Cadaster Name":"litige","ACS Code":37006,"Longitude":36.03651397,"Latitude":34.32429927,"IDPs Outside Shelters":0,"Families Outside Shelters":0},"geometry":{"type":"Point","coordinates":[36.03651397,34.32429927]}},
{"type":"Feature","properties":{"Governorate":"North","District":"El Minieh-Dennie","Cadaster Zone":"Mazraat El-Kreme","Cadaster Name":"Mazraet El-Krême","ACS Code":37389,"Longitude":35.96235914,"Latitude":34.36281117,"IDPs Outside Shelters":0,"Families Outside Shelters":0},"geometry":{"type":"Point","coordinates":[35.96235914,34.36281117]}},
{"type":"Feature","properties":{"Governorate":"North","District":"El Minieh-Dennie","Cadaster Zone":"Mazraat Ketrane","Cadaster Name":"Mazraat Ketrane","ACS Code":37314,"Longitude":36.0003316,"Latitude":34.38284965,"IDPs Outside Shelters":0,"Families Outside Shelters":0},"geometry":{"type":"Point","coordinates":[36.0003316,34.38284965]}},
{"type":"Feature","properties":{"Governorate":"North","District":"El Minieh-Dennie","Cadaster Zone":"Merkebta","Cadaster Name":"Markabta","ACS Code":37381,"Longitude":35.96514347,"Latitude":34.46579575,"IDPs Outside Shelters":0,"Families Outside Shelters":0},"geometry":{"type":"Point","coordinates":[35.96514347,34.46579575]}},
{"type":"Feature","properties":{"Governorate":"North","District":"El Minieh-Dennie","Cadaster Zone":"Mimrine","Cadaster Name":"Nemrine et Bakoura","ACS Code":37325,"Longitude":36.08017704,"Latitude":34.37485586,"IDPs Outside Shelters":0,"Families Outside Shelters":0},"geometry":{"type":"Point","coordinates":[36.08017704,34.37485586]}},
{"type":"Feature","properties":{"Governorate":"North","District":"El Minieh-Dennie","Cadaster Zone":"Mrah Es-Sfire","Cadaster Name":"Mrah-El-Sfiré","ACS Code":37331,"Longitude":36.03827131,"Latitude":34.39870982,"IDPs Outside Shelters":0,"Families Outside Shelters":0},"geometry":{"type":"Point","coordinates":[36.03827131,34.39870982]}},
{"type":"Feature","properties":{"Governorate":"North","District":"El Minieh-Dennie","Cadaster Zone":"Mrah Es-Srayj","Cadaster Name":"Mrah-el-Sreige","ACS Code":37351,"Longitude":35.98930786,"Latitude":34.41858765,"IDPs Outside Shelters":0,"Families Outside Shelters":0},"geometry":{"type":"Point","coordinates":[35.98930786,34.41858765]}},
{"type":"Feature","properties":{"Governorate":"North","District":"El Minieh-Dennie","Cadaster Zone":"Mrebbine","Cadaster Name":"Mrabine","ACS Code":37385,"Longitude":36.14822203,"Latitude":34.36956627,"IDPs Outside Shelters":0,"Families Outside Shelters":0},"geometry":{"type":"Point","coordinates":[36.14822203,34.36956627]}},
{"type":"Feature","properties":{"Governorate":"North","District":"El Minieh-Dennie","Cadaster Zone":"Nabi Youcheaa","Cadaster Name":"Nabi Youcheaa","ACS Code":37261,"Longitude":35.93217862,"Latitude":34.46166514,"IDPs Outside Shelters":0,"Families Outside Shelters":0},"geometry":{"type":"Point","coordinates":[35.93217862,34.46166514]}},
{"type":"Feature","properties":{"Governorate":"North","District":"El Minieh-Dennie","Cadaster Zone":"Qarhaiya","Cadaster Name":"Qarhaiya","ACS Code":37360,"Longitude":36.07971571,"Latitude":34.44161204,"IDPs Outside Shelters":0,"Families Outside Shelters":0},"geometry":{"type":"Point","coordinates":[36.07971571,34.44161204]}},
{"type":"Feature","properties":{"Governorate":"North","District":"El Minieh-Dennie","Cadaster Zone":"Qarne","Cadaster Name":"Mazraet-El-Kreine","ACS Code":37383,"Longitude":36.12120462,"Latitude":34.43042877,"IDPs Outside Shelters":0,"Families Outside Shelters":0},"geometry":{"type":"Point","coordinates":[36.12120462,34.43042877]}},
{"type":"Feature","properties":{"Governorate":"North","District":"El Minieh-Dennie","Cadaster Zone":"Qarsaita","Cadaster Name":"Karseita","ACS Code":37339,"Longitude":36.07417824,"Latitude":34.38676164,"IDPs Outside Shelters":0,"Families Outside Shelters":0},"geometry":{"type":"Point","coordinates":[36.07417824,34.38676164]}},
{"type":"Feature","properties":{"Governorate":"North","District":"El Minieh-Dennie","Cadaster Zone":"Qattine-Miniyé","Cadaster Name":"Kattiné","ACS Code":37315,"Longitude":36.02731644,"Latitude":34.39367978,"IDPs Outside Shelters":0,"Families Outside Shelters":0},"geometry":{"type":"Point","coordinates":[36.02731644,34.39367978]}},
{"type":"Feature","properties":{"Governorate":"North","District":"El Minieh-Dennie","Cadaster Zone":"Qemmamine","Cadaster Name":"Qemmamine","ACS Code":37344,"Longitude":36.14159656,"Latitude":34.40949981,"IDPs Outside Shelters":0,"Families Outside Shelters":0},"geometry":{"type":"Point","coordinates":[36.14159656,34.40949981]}},
{"type":"Feature","properties":{"Governorate":"North","District":"El Minieh-Dennie","Cadaster Zone":"Qraine","Cadaster Name":"Qraine","ACS Code":37353,"Longitude":36.03314427,"Latitude":34.39697197,"IDPs Outside Shelters":0,"Families Outside Shelters":0},"geometry":{"type":"Point","coordinates":[36.03314427,34.39697197]}},
{"type":"Feature","properties":{"Governorate":"North","District":"El Minieh-Dennie","Cadaster Zone":"Rihaniyet-Miniye","Cadaster Name":"Al-Rihanié","ACS Code":37281,"Longitude":35.9826299,"Latitude":34.4922651,"IDPs Outside Shelters":0,"Families Outside Shelters":0},"geometry":{"type":"Point","coordinates":[35.9826299,34.4922651]}},
{"type":"Feature","properties":{"Governorate":"North","District":"El Minieh-Dennie","Cadaster Zone":"Sfire","Cadaster Name":"Al-Sfiré","ACS Code":37337,"Longitude":36.05839359,"Latitude":34.40392905,"IDPs Outside Shelters":0,"Families Outside Shelters":0},"geometry":{"type":"Point","coordinates":[36.05839359,34.40392905]}},
{"type":"Feature","properties":{"Governorate":"North","District":"El Minieh-Dennie","Cadaster Zone":"tarane","Cadaster Name":"Tarane","ACS Code":37323,"Longitude":36.03227941,"Latitude":34.40780445,"IDPs Outside Shelters":0,"Families Outside Shelters":0},"geometry":{"type":"Point","coordinates":[36.03227941,34.40780445]}},
{"type":"Feature","properties":{"Governorate":"North","District":"El Minieh-Dennie","Cadaster Zone":"Terbol-Miniye","Cadaster Name":"Tourbol","ACS Code":37387,"Longitude":35.94501269,"Latitude":34.44717015,"IDPs Outside Shelters":0,"Families Outside Shelters":0},"geometry":{"type":"Point","coordinates":[35.94501269,34.44717015]}},
{"type":"Feature","properties":{"Governorate":"North","District":"El Minieh-Dennie","Cadaster Zone":"Zaghartaghrine","Cadaster Name":"Zaghrteghrine","ACS Code":37369,"Longitude":35.95380712,"Latitude":34.3581824,"IDPs Outside Shelters":0,"Families Outside Shelters":0},"geometry":{"type":"Point","coordinates":[35.95380712,34.3581824]}},
{"type":"Feature","properties":{"Governorate":"El Nabatieh","District":"El Nabatieh","Cadaster Zone":"Douair En-Nabatiyeh","Cadaster Name":"Douair","ACS Code":71334,"Longitude":35.41316783,"Latitude":33.38426373,"IDPs Outside Shelters":8404,"Families Outside Shelters":1862},"geometry":{"type":"Point","coordinates":[35.41316783,33.38426373]}},
{"type":"Feature","properties":{"Governorate":"El Nabatieh","District":"El Nabatieh","Cadaster Zone":"Zefta","Cadaster Name":"Zefta","ACS Code":71281,"Longitude":35.40178345,"Latitude":33.44145686,"IDPs Outside Shelters":4164,"Families Outside Shelters":842},"geometry":{"type":"Point","coordinates":[35.40178345,33.44145686]}},
{"type":"Feature","properties":{"Governorate":"El Nabatieh","District":"El Nabatieh","Cadaster Zone":"Mazraat El-Bayad En-Nabatieh","Cadaster Name":"Mazraet El-Bayad","ACS Code":71314,"Longitude":35.48001975,"Latitude":33.42730722,"IDPs Outside Shelters":2420,"Families Outside Shelters":538},"geometry":{"type":"Point","coordinates":[35.48001975,33.42730722]}},
{"type":"Feature","properties":{"Governorate":"El Nabatieh","District":"El Nabatieh","Cadaster Zone":"Kfar Tibnit","Cadaster Name":"Kfar Tebnite","ACS Code":71166,"Longitude":35.5215561,"Latitude":33.35010998,"IDPs Outside Shelters":544,"Families Outside Shelters":122},"geometry":{"type":"Point","coordinates":[35.5215561,33.35010998]}},
{"type":"Feature","properties":{"Governorate":"El Nabatieh","District":"El Nabatieh","Cadaster Zone":"Sir El-Gharbiye","Cadaster Name":"Sir El-Gharbiyé","ACS Code":71397,"Longitude":35.3605861,"Latitude":33.32218391,"IDPs Outside Shelters":344,"Families Outside Shelters":52},"geometry":{"type":"Point","coordinates":[35.3605861,33.32218391]}},
{"type":"Feature","properties":{"Governorate":"El Nabatieh","District":"El Nabatieh","Cadaster Zone":"Mazraat Chalbaal","Cadaster Name":"Mazraet Chaal Baal","ACS Code":71341,"Longitude":35.38894189,"Latitude":33.3847205,"IDPs Outside Shelters":304,"Families Outside Shelters":68},"geometry":{"type":"Point","coordinates":[35.38894189,33.3847205]}},
{"type":"Feature","properties":{"Governorate":"El Nabatieh","District":"El Nabatieh","Cadaster Zone":"Aain Bou Souar","Cadaster Name":"Aïn-Boussouar","ACS Code":71216,"Longitude":35.52181231,"Latitude":33.46971946,"IDPs Outside Shelters":284,"Families Outside Shelters":62},"geometry":{"type":"Point","coordinates":[35.52181231,33.46971946]}},
{"type":"Feature","properties":{"Governorate":"El Nabatieh","District":"El Nabatieh","Cadaster Zone":"Mazraat Bsaffour","Cadaster Name":"Mazraet Bsaffour","ACS Code":71386,"Longitude":35.381408,"Latitude":33.3920023,"IDPs Outside Shelters":139,"Families Outside Shelters":38},"geometry":{"type":"Point","coordinates":[35.381408,33.3920023]}},
{"type":"Feature","properties":{"Governorate":"El Nabatieh","District":"El Nabatieh","Cadaster Zone":"Nabatieh Et-Tahta","Cadaster Name":"Nabatiyé El-Tahta","ACS Code":71111,"Longitude":35.48355565,"Latitude":33.37769659,"IDPs Outside Shelters":139,"Families Outside Shelters":32},"geometry":{"type":"Point","coordinates":[35.48355565,33.37769659]}},
{"type":"Feature","properties":{"Governorate":"El Nabatieh","District":"El Nabatieh","Cadaster Zone":"Nmairiye","Cadaster Name":"Nmériyé","ACS Code":71327,"Longitude":35.40702457,"Latitude":33.42024297,"IDPs Outside Shelters":139,"Families Outside Shelters":32},"geometry":{"type":"Point","coordinates":[35.40702457,33.42024297]}},
{"type":"Feature","properties":{"Governorate":"El Nabatieh","District":"El Nabatieh","Cadaster Zone":"Qsaibet En-Nabatiyeh","Cadaster Name":"Ksaibé","ACS Code":71374,"Longitude":35.39976011,"Latitude":33.33466238,"IDPs Outside Shelters":139,"Families Outside Shelters":32},"geometry":{"type":"Point","coordinates":[35.39976011,33.33466238]}},
{"type":"Feature","properties":{"Governorate":"El Nabatieh","District":"El Nabatieh","Cadaster Zone":"Yohmor En-Nabatiyeh","Cadaster Name":"Yohmor","ACS Code":71394,"Longitude":35.5141361,"Latitude":33.31206171,"IDPs Outside Shelters":74,"Families Outside Shelters":19},"geometry":{"type":"Point","coordinates":[35.5141361,33.31206171]}},
{"type":"Feature","properties":{"Governorate":"El Nabatieh","District":"El Nabatieh","Cadaster Zone":"Aabba","Cadaster Name":"Abba","ACS Code":71351,"Longitude":35.39348524,"Latitude":33.35766988,"IDPs Outside Shelters":67,"Families Outside Shelters":17},"geometry":{"type":"Point","coordinates":[35.39348524,33.35766988]}},
{"type":"Feature","properties":{"Governorate":"El Nabatieh","District":"El Nabatieh","Cadaster Zone":"Hamra En-Nabattiyeh","Cadaster Name":"El-Hamra","ACS Code":71371,"Longitude":35.49419008,"Latitude":33.32580134,"IDPs Outside Shelters":49,"Families Outside Shelters":12},"geometry":{"type":"Point","coordinates":[35.49419008,33.32580134]}},
{"type":"Feature","properties":{"Governorate":"El Nabatieh","District":"El Nabatieh","Cadaster Zone":"Aadchit Ech-Chqif","Cadaster Name":"Adchite","ACS Code":71347,"Longitude":35.41685899,"Latitude":33.34618086,"IDPs Outside Shelters":44,"Families Outside Shelters":12},"geometry":{"type":"Point","coordinates":[35.41685899,33.34618086]}},
{"type":"Feature","properties":{"Governorate":"El Nabatieh","District":"El Nabatieh","Cadaster Zone":"Kfar Sir","Cadaster Name":"Kefer Sir","ACS Code":71391,"Longitude":35.39692006,"Latitude":33.31626875,"IDPs Outside Shelters":39,"Families Outside Shelters":6},"geometry":{"type":"Point","coordinates":[35.39692006,33.31626875]}},
{"type":"Feature","properties":{"Governorate":"El Nabatieh","District":"El Nabatieh","Cadaster Zone":"Mzaraat El-Khreibe","Cadaster Name":"Mazraat-el-Khreibé","ACS Code":71241,"Longitude":35.45904345,"Latitude":33.47207997,"IDPs Outside Shelters":22,"Families Outside Shelters":6},"geometry":{"type":"Point","coordinates":[35.45904345,33.47207997]}},
{"type":"Feature","properties":{"Governorate":"El Nabatieh","District":"El Nabatieh","Cadaster Zone":"Charqiye","Cadaster Name":"El-Charkiyé","ACS Code":71321,"Longitude":35.42139994,"Latitude":33.40498974,"IDPs Outside Shelters":13,"Families Outside Shelters":4},"geometry":{"type":"Point","coordinates":[35.42139994,33.40498974]}},
{"type":"Feature","properties":{"Governorate":"El Nabatieh","District":"El Nabatieh","Cadaster Zone":"Mazraat Kfarjaouz","Cadaster Name":"Mazraet Kfar Jaouz","ACS Code":71117,"Longitude":35.4759784,"Latitude":33.39500438,"IDPs Outside Shelters":13,"Families Outside Shelters":4},"geometry":{"type":"Point","coordinates":[35.4759784,33.39500438]}},
{"type":"Feature","properties":{"Governorate":"El Nabatieh","District":"El Nabatieh","Cadaster Zone":"Sarba En-Nabatieh","Cadaster Name":"Sarba","ACS Code":71236,"Longitude":35.47204339,"Latitude":33.46808732,"IDPs Outside Shelters":13,"Families Outside Shelters":4},"geometry":{"type":"Point","coordinates":[35.47204339,33.46808732]}},
{"type":"Feature","properties":{"Governorate":"El Nabatieh","District":"El Nabatieh","Cadaster Zone":"Ansar","Cadaster Name":"Ansar","ACS Code":71361,"Longitude":35.33817557,"Latitude":33.37682316,"IDPs Outside Shelters":12,"Families Outside Shelters":3},"geometry":{"type":"Point","coordinates":[35.33817557,33.37682316]}},
{"type":"Feature","properties":{"Governorate":"El Nabatieh","District":"El Nabatieh","Cadaster Zone":"Aain Qana","Cadaster Name":"Aïn-Kana","ACS Code":71226,"Longitude":35.50173851,"Latitude":33.46597374,"IDPs Outside Shelters":0,"Families Outside Shelters":0},"geometry":{"type":"Point","coordinates":[35.50173851,33.46597374]}},
{"type":"Feature","properties":{"Governorate":"El Nabatieh","District":"El Nabatieh","Cadaster Zone":"Aali Et-Taher","Cadaster Name":"Ali El-Taher","ACS Code":71115,"Longitude":35.51749489,"Latitude":33.36548144,"IDPs Outside Shelters":0,"Families Outside Shelters":0},"geometry":{"type":"Point","coordinates":[35.51749489,33.36548144]}},
{"type":"Feature","properties":{"Governorate":"El Nabatieh","District":"El Nabatieh","Cadaster Zone":"Aarab Salim","Cadaster Name":"Arab Salim","ACS Code":71256,"Longitude":35.50862147,"Latitude":33.4243367,"IDPs Outside Shelters":0,"Families Outside Shelters":0},"geometry":{"type":"Point","coordinates":[35.50862147,33.4243367]}},
{"type":"Feature","properties":{"Governorate":"El Nabatieh","District":"El Nabatieh","Cadaster Zone":"Aazzi","Cadaster Name":"Izzé","ACS Code":71271,"Longitude":35.43756981,"Latitude":33.45135509,"IDPs Outside Shelters":0,"Families Outside Shelters":0},"geometry":{"type":"Point","coordinates":[35.43756981,33.45135509]}},
{"type":"Feature","properties":{"Governorate":"El Nabatieh","District":"El Nabatieh","Cadaster Zone":"Arnoun","Cadaster Name":"Arnoune","ACS Code":71377,"Longitude":35.530844,"Latitude":33.33299931,"IDPs Outside Shelters":0,"Families Outside Shelters":0},"geometry":{"type":"Point","coordinates":[35.530844,33.33299931]}},
{"type":"Feature","properties":{"Governorate":"El Nabatieh","District":"El Nabatieh","Cadaster Zone":"Bfaroue","Cadaster Name":"Bfarwé","ACS Code":71276,"Longitude":35.42003046,"Latitude":33.4422278,"IDPs Outside Shelters":0,"Families Outside Shelters":0},"geometry":{"type":"Point","coordinates":[35.42003046,33.4422278]}},
{"type":"Feature","properties":{"Governorate":"El Nabatieh","District":"El Nabatieh","Cadaster Zone":"Braiqeaa","Cadaster Name":"Braikeh","ACS Code":71387,"Longitude":35.37577752,"Latitude":33.34040314,"IDPs Outside Shelters":0,"Families Outside Shelters":0},"geometry":{"type":"Point","coordinates":[35.37577752,33.34040314]}},
{"type":"Feature","properties":{"Governorate":"El Nabatieh","District":"El Nabatieh","Cadaster Zone":"Choukine","Cadaster Name":"Choukine","ACS Code":71144,"Longitude":35.458151,"Latitude":33.35025665,"IDPs Outside Shelters":0,"Families Outside Shelters":0},"geometry":{"type":"Point","coordinates":[35.458151,33.35025665]}},
{"type":"Feature","properties":{"Governorate":"El Nabatieh","District":"El Nabatieh","Cadaster Zone":"Deir Ez-Zahrani","Cadaster Name":"Deir El-Zehrani","ACS Code":71311,"Longitude":35.45097358,"Latitude":33.42825807,"IDPs Outside Shelters":0,"Families Outside Shelters":0},"geometry":{"type":"Point","coordinates":[35.45097358,33.42825807]}},
{"type":"Feature","properties":{"Governorate":"El Nabatieh","District":"El Nabatieh","Cadaster Zone":"Habbouch En-Nabatiyeh","Cadaster Name":"Habbouche","ACS Code":71155,"Longitude":35.4871159,"Latitude":33.40698124,"IDPs Outside Shelters":0,"Families Outside Shelters":0},"geometry":{"type":"Point","coordinates":[35.4871159,33.40698124]}},
{"type":"Feature","properties":{"Governorate":"El Nabatieh","District":"El Nabatieh","Cadaster Zone":"Harouf En-Nabatiyeh","Cadaster Name":"Harouf","ACS Code":71331,"Longitude":35.44136346,"Latitude":33.37228266,"IDPs Outside Shelters":0,"Families Outside Shelters":0},"geometry":{"type":"Point","coordinates":[35.44136346,33.37228266]}},
{"type":"Feature","properties":{"Governorate":"El Nabatieh","District":"El Nabatieh","Cadaster Zone":"Hmaile","Cadaster Name":"Hmaïla","ACS Code":71251,"Longitude":35.46759815,"Latitude":33.44627523,"IDPs Outside Shelters":0,"Families Outside Shelters":0},"geometry":{"type":"Point","coordinates":[35.46759815,33.44627523]}},
{"type":"Feature","properties":{"Governorate":"El Nabatieh","District":"El Nabatieh","Cadaster Zone":"Houmine El-Faouqa","Cadaster Name":"Houmine-el-Faouka","ACS Code":71246,"Longitude":35.49282786,"Latitude":33.44309807,"IDPs Outside Shelters":0,"Families Outside Shelters":0},"geometry":{"type":"Point","coordinates":[35.49282786,33.44309807]}},
{"type":"Feature","properties":{"Governorate":"El Nabatieh","District":"El Nabatieh","Cadaster Zone":"Houmine Et-Tahta","Cadaster Name":"Houmine El-Tahta","ACS Code":71266,"Longitude":35.4315054,"Latitude":33.47618185,"IDPs Outside Shelters":0,"Families Outside Shelters":0},"geometry":{"type":"Point","coordinates":[35.4315054,33.47618185]}},
{"type":"Feature","properties":{"Governorate":"El Nabatieh","District":"El Nabatieh","Cadaster Zone":"Jarjouaa","Cadaster Name":"Jarjouh","ACS Code":71231,"Longitude":35.52034363,"Latitude":33.44752328,"IDPs Outside Shelters":0,"Families Outside Shelters":0},"geometry":{"type":"Point","coordinates":[35.52034363,33.44752328]}},
{"type":"Feature","properties":{"Governorate":"El Nabatieh","District":"El Nabatieh","Cadaster Zone":"Jbaa En-Nabatiyeh","Cadaster Name":"Kafra-Jbah","ACS Code":71211,"Longitude":35.52774709,"Latitude":33.49137206,"IDPs Outside Shelters":0,"Families Outside Shelters":0},"geometry":{"type":"Point","coordinates":[35.52774709,33.49137206]}},
{"type":"Feature","properties":{"Governorate":"El Nabatieh","District":"El Nabatieh","Cadaster Zone":"Jibchit","Cadaster Name":"Jobchite","ACS Code":71337,"Longitude":35.43021034,"Latitude":33.36026834,"IDPs Outside Shelters":0,"Families Outside Shelters":0},"geometry":{"type":"Point","coordinates":[35.43021034,33.36026834]}},
{"type":"Feature","properties":{"Governorate":"El Nabatieh","District":"El Nabatieh","Cadaster Zone":"Kfar Djal En-Nabatiyeh","Cadaster Name":"Kafr Dajjal","ACS Code":71354,"Longitude":35.43949724,"Latitude":33.34446161,"IDPs Outside Shelters":0,"Families Outside Shelters":0},"geometry":{"type":"Point","coordinates":[35.43949724,33.34446161]}},
{"type":"Feature","properties":{"Governorate":"El Nabatieh","District":"El Nabatieh","Cadaster Zone":"Kfar Roummane","Cadaster Name":"Kfar Remmane","ACS Code":71133,"Longitude":35.51712312,"Latitude":33.39690135,"IDPs Outside Shelters":0,"Families Outside Shelters":0},"geometry":{"type":"Point","coordinates":[35.51712312,33.39690135]}},
{"type":"Feature","properties":{"Governorate":"El Nabatieh","District":"El Nabatieh","Cadaster Zone":"Kfarfila","Cadaster Name":"Kfarfila","ACS Code":71221,"Longitude":35.4954476,"Latitude":33.48027143,"IDPs Outside Shelters":0,"Families Outside Shelters":0},"geometry":{"type":"Point","coordinates":[35.4954476,33.48027143]}},
{"type":"Feature","properties":{"Governorate":"El Nabatieh","District":"El Nabatieh","Cadaster Zone":"Kfour En-Nabatieh","Cadaster Name":"El-Kfour","ACS Code":71177,"Longitude":35.45183823,"Latitude":33.40502888,"IDPs Outside Shelters":0,"Families Outside Shelters":0},"geometry":{"type":"Point","coordinates":[35.45183823,33.40502888]}},
{"type":"Feature","properties":{"Governorate":"El Nabatieh","District":"El Nabatieh","Cadaster Zone":"Mayfadoun","Cadaster Name":"Maifadoune","ACS Code":71344,"Longitude":35.47623462,"Latitude":33.34287342,"IDPs Outside Shelters":0,"Families Outside Shelters":0},"geometry":{"type":"Point","coordinates":[35.47623462,33.34287342]}},
{"type":"Feature","properties":{"Governorate":"El Nabatieh","District":"El Nabatieh","Cadaster Zone":"Mazraat Dmoul","Cadaster Name":"Mazraet Dmoul","ACS Code":71357,"Longitude":35.37894278,"Latitude":33.36992728,"IDPs Outside Shelters":0,"Families Outside Shelters":0},"geometry":{"type":"Point","coordinates":[35.37894278,33.36992728]}},
{"type":"Feature","properties":{"Governorate":"El Nabatieh","District":"El Nabatieh","Cadaster Zone":"Mazraat Qalaat El-Meis","Cadaster Name":"Mazraet Kalaat Meiss","ACS Code":71384,"Longitude":35.36011768,"Latitude":33.3580786,"IDPs Outside Shelters":0,"Families Outside Shelters":0},"geometry":{"type":"Point","coordinates":[35.36011768,33.3580786]}},
{"type":"Feature","properties":{"Governorate":"El Nabatieh","District":"El Nabatieh","Cadaster Zone":"Nabatiyeh El-Faouka","Cadaster Name":"Nabatiyé El-Faouka","ACS Code":71113,"Longitude":35.49556473,"Latitude":33.35693169,"IDPs Outside Shelters":0,"Families Outside Shelters":0},"geometry":{"type":"Point","coordinates":[35.49556473,33.35693169]}},
{"type":"Feature","properties":{"Governorate":"El Nabatieh","District":"El Nabatieh","Cadaster Zone":"Qaaqaaiyet Ej-Jisr","Cadaster Name":"Kakiat El-Jisr","ACS Code":71381,"Longitude":35.43387047,"Latitude":33.32682362,"IDPs Outside Shelters":0,"Families Outside Shelters":0},"geometry":{"type":"Point","coordinates":[35.43387047,33.32682362]}},
{"type":"Feature","properties":{"Governorate":"El Nabatieh","District":"El Nabatieh","Cadaster Zone":"Roumine","Cadaster Name":"Roumine","ACS Code":71261,"Longitude":35.44486749,"Latitude":33.46244324,"IDPs Outside Shelters":0,"Families Outside Shelters":0},"geometry":{"type":"Point","coordinates":[35.44486749,33.46244324]}},
{"type":"Feature","properties":{"Governorate":"El Nabatieh","District":"El Nabatieh","Cadaster Zone":"Toul","Cadaster Name":"Toule","ACS Code":71324,"Longitude":35.44773807,"Latitude":33.39102075,"IDPs Outside Shelters":0,"Families Outside Shelters":0},"geometry":{"type":"Point","coordinates":[35.44773807,33.39102075]}},
{"type":"Feature","properties":{"Governorate":"El Nabatieh","District":"El Nabatieh","Cadaster Zone":"Zaoutar Ech-Charqiye","Cadaster Name":"Zaoutar El-Charkiyé","ACS Code":71367,"Longitude":35.47441896,"Latitude":33.32003572,"IDPs Outside Shelters":0,"Families Outside Shelters":0},"geometry":{"type":"Point","coordinates":[35.47441896,33.32003572]}},
{"type":"Feature","properties":{"Governorate":"El Nabatieh","District":"El Nabatieh","Cadaster Zone":"Zaoutar El-Gharbiye","Cadaster Name":"Zaoutar El-Gharbiyé","ACS Code":71364,"Longitude":35.45440813,"Latitude":33.32341133,"IDPs Outside Shelters":0,"Families Outside Shelters":0},"geometry":{"type":"Point","coordinates":[35.45440813,33.32341133]}},
{"type":"Feature","properties":{"Governorate":"El Nabatieh","District":"El Nabatieh","Cadaster Zone":"Zibdine En-Nabatiyeh","Cadaster Name":"Zebdine","ACS Code":71122,"Longitude":35.46257832,"Latitude":33.37338048,"IDPs Outside Shelters":0,"Families Outside Shelters":0},"geometry":{"type":"Point","coordinates":[35.46257832,33.37338048]}},
{"type":"Feature","properties":{"Governorate":"El Nabatieh","District":"Hasbaya","Cadaster Zone":"Khreibet Hasbaiya","Cadaster Name":"El-Khreibé","ACS Code":74181,"Longitude":35.64539733,"Latitude":33.33358211,"IDPs Outside Shelters":602,"Families Outside Shelters":150},"geometry":{"type":"Point","coordinates":[35.64539733,33.33358211]}},
{"type":"Feature","properties":{"Governorate":"El Nabatieh","District":"Hasbaya","Cadaster Zone":"Marj Ez-Zouhour (Haouch El-Qinnaabe)","Cadaster Name":"Marj Ez-Zouhour (Haouch El-Qinnaabé)","ACS Code":74131,"Longitude":35.74270822,"Latitude":33.46508644,"IDPs Outside Shelters":319,"Families Outside Shelters":72},"geometry":{"type":"Point","coordinates":[35.74270822,33.46508644]}},
{"type":"Feature","properties":{"Governorate":"El Nabatieh","District":"Hasbaya","Cadaster Zone":"Khalouet Hasbaiya","Cadaster Name":"El-Kahlouat","ACS Code":74168,"Longitude":35.75334251,"Latitude":33.40419049,"IDPs Outside Shelters":287,"Families Outside Shelters":65},"geometry":{"type":"Point","coordinates":[35.75334251,33.40419049]}},
{"type":"Feature","properties":{"Governorate":"El Nabatieh","District":"Hasbaya","Cadaster Zone":"Aain Jarfa","Cadaster Name":"Aïn Jarfa","ACS Code":74114,"Longitude":35.68524513,"Latitude":33.38254655,"IDPs Outside Shelters":112,"Families Outside Shelters":26},"geometry":{"type":"Point","coordinates":[35.68524513,33.38254655]}},
{"type":"Feature","properties":{"Governorate":"El Nabatieh","District":"Hasbaya","Cadaster Zone":"Kaoukaba Hasbaiya","Cadaster Name":"Kaoukaba","ACS Code":74133,"Longitude":35.63602077,"Latitude":33.39217199,"IDPs Outside Shelters":99,"Families Outside Shelters":23},"geometry":{"type":"Point","coordinates":[35.63602077,33.39217199]}},
{"type":"Feature","properties":{"Governorate":"El Nabatieh","District":"Hasbaya","Cadaster Zone":"Hebbariye","Cadaster Name":"El-Habbariyé","ACS Code":74122,"Longitude":35.69895349,"Latitude":33.35980245,"IDPs Outside Shelters":71,"Families Outside Shelters":17},"geometry":{"type":"Point","coordinates":[35.69895349,33.35980245]}},
{"type":"Feature","properties":{"Governorate":"El Nabatieh","District":"Hasbaya","Cadaster Zone":"Fardis Hasbaiya","Cadaster Name":"El-Fraïdice","ACS Code":74116,"Longitude":35.65525178,"Latitude":33.36855558,"IDPs Outside Shelters":69,"Families Outside Shelters":15},"geometry":{"type":"Point","coordinates":[35.65525178,33.36855558]}},
{"type":"Feature","properties":{"Governorate":"El Nabatieh","District":"Hasbaya","Cadaster Zone":"Kfayr Ez-Zait","Cadaster Name":"El-Kfeir","ACS Code":74175,"Longitude":35.73650894,"Latitude":33.43825729,"IDPs Outside Shelters":54,"Families Outside Shelters":12},"geometry":{"type":"Point","coordinates":[35.73650894,33.43825729]}},
{"type":"Feature","properties":{"Governorate":"El Nabatieh","District":"Hasbaya","Cadaster Zone":"Chouaya Hasbaiya","Cadaster Name":"Chouaya","ACS Code":74124,"Longitude":35.73702396,"Latitude":33.38722587,"IDPs Outside Shelters":44,"Families Outside Shelters":6},"geometry":{"type":"Point","coordinates":[35.73702396,33.38722587]}},
{"type":"Feature","properties":{"Governorate":"El Nabatieh","District":"Hasbaya","Cadaster Zone":"Majidiye Hasbaiya","Cadaster Name":"El-Majidiyé","ACS Code":74177,"Longitude":35.65547051,"Latitude":33.29072644,"IDPs Outside Shelters":24,"Families Outside Shelters":6},"geometry":{"type":"Point","coordinates":[35.65547051,33.29072644]}},
{"type":"Feature","properties":{"Governorate":"El Nabatieh","District":"Hasbaya","Cadaster Zone":"Chebaa Farms","Cadaster Name":"Chebaa Farms","ACS Code":0,"Longitude":35.68285247,"Latitude":33.28156452,"IDPs Outside Shelters":14,"Families Outside Shelters":5},"geometry":{"type":"Point","coordinates":[35.68285247,33.28156452]}},
{"type":"Feature","properties":{"Governorate":"El Nabatieh","District":"Hasbaya","Cadaster Zone":"Kfar Hamam","Cadaster Name":"Kfar Hamame","ACS Code":74120,"Longitude":35.67247586,"Latitude":33.34067573,"IDPs Outside Shelters":8,"Families Outside Shelters":3},"geometry":{"type":"Point","coordinates":[35.67247586,33.34067573]}},
{"type":"Feature","properties":{"Governorate":"El Nabatieh","District":"Hasbaya","Cadaster Zone":"Aain Qinia","Cadaster Name":"Aïn Kinia","ACS Code":74126,"Longitude":35.70523683,"Latitude":33.3994881,"IDPs Outside Shelters":0,"Families Outside Shelters":0},"geometry":{"type":"Point","coordinates":[35.70523683,33.3994881]}},
{"type":"Feature","properties":{"Governorate":"El Nabatieh","District":"Hasbaya","Cadaster Zone":"Abou Qamha","Cadaster Name":"Abou Kamha","ACS Code":74112,"Longitude":35.65716533,"Latitude":33.38092178,"IDPs Outside Shelters":0,"Families Outside Shelters":0},"geometry":{"type":"Point","coordinates":[35.65716533,33.38092178]}},
{"type":"Feature","properties":{"Governorate":"El Nabatieh","District":"Hasbaya","Cadaster Zone":"Bourghos","Cadaster Name":"Burghoz","ACS Code":74155,"Longitude":35.62348449,"Latitude":33.40821556,"IDPs Outside Shelters":0,"Families Outside Shelters":0},"geometry":{"type":"Point","coordinates":[35.62348449,33.40821556]}},
{"type":"Feature","properties":{"Governorate":"El Nabatieh","District":"Hasbaya","Cadaster Zone":"Chebaa","Cadaster Name":"Chabaaa","ACS Code":74130,"Longitude":35.74818087,"Latitude":33.35437708,"IDPs Outside Shelters":0,"Families Outside Shelters":0},"geometry":{"type":"Point","coordinates":[35.74818087,33.35437708]}},
{"type":"Feature","properties":{"Governorate":"El Nabatieh","District":"Hasbaya","Cadaster Zone":"Dellafe","Cadaster Name":"Al-Dellafé","ACS Code":74179,"Longitude":35.64495852,"Latitude":33.42389459,"IDPs Outside Shelters":0,"Families Outside Shelters":0},"geometry":{"type":"Point","coordinates":[35.64495852,33.42389459]}},
{"type":"Feature","properties":{"Governorate":"El Nabatieh","District":"Hasbaya","Cadaster Zone":"Hasbaiya","Cadaster Name":"Hasbaya","ACS Code":74111,"Longitude":35.67436007,"Latitude":33.41135243,"IDPs Outside Shelters":0,"Families Outside Shelters":0},"geometry":{"type":"Point","coordinates":[35.67436007,33.41135243]}},
{"type":"Feature","properties":{"Governorate":"El Nabatieh","District":"Hasbaya","Cadaster Zone":"Kfar Chouba","Cadaster Name":"Nkhailé","ACS Code":74160,"Longitude":35.68803751,"Latitude":33.31907401,"IDPs Outside Shelters":0,"Families Outside Shelters":0},"geometry":{"type":"Point","coordinates":[35.68803751,33.31907401]}},
{"type":"Feature","properties":{"Governorate":"El Nabatieh","District":"Hasbaya","Cadaster Zone":"Meimes","Cadaster Name":"Mimas","ACS Code":74128,"Longitude":35.70254862,"Latitude":33.43297235,"IDPs Outside Shelters":0,"Families Outside Shelters":0},"geometry":{"type":"Point","coordinates":[35.70254862,33.43297235]}},
{"type":"Feature","properties":{"Governorate":"El Nabatieh","District":"Hasbaya","Cadaster Zone":"Meri","Cadaster Name":"El- Mery","ACS Code":74158,"Longitude":35.64555125,"Latitude":33.31652742,"IDPs Outside Shelters":0,"Families Outside Shelters":0},"geometry":{"type":"Point","coordinates":[35.64555125,33.31652742]}},
{"type":"Feature","properties":{"Governorate":"El Nabatieh","District":"Hasbaya","Cadaster Zone":"Rachaiya El-Foukhar","Cadaster Name":"Rachaya El-Fokhar","ACS Code":74118,"Longitude":35.65380721,"Latitude":33.35216643,"IDPs Outside Shelters":0,"Families Outside Shelters":0},"geometry":{"type":"Point","coordinates":[35.65380721,33.35216643]}},
{"type":"Feature","properties":{"Governorate":"El Nabatieh","District":"Hasbaya","Cadaster Zone":"Salaiyeb","Cadaster Name":"Slaïyeb","ACS Code":74141,"Longitude":35.62845564,"Latitude":33.28220936,"IDPs Outside Shelters":0,"Families Outside Shelters":0},"geometry":{"type":"Point","coordinates":[35.62845564,33.28220936]}},
{"type":"Feature","properties":{"Governorate":"Mount Lebanon","District":"Jbeil","Cadaster Zone":"Aalmat Ech-Chamliye","Cadaster Name":"Almate El-Chemaliat","ACS Code":26212,"Longitude":35.78750218,"Latitude":34.1100369,"IDPs Outside Shelters":679,"Families Outside Shelters":152},"geometry":{"type":"Point","coordinates":[35.78750218,34.1100369]}},
{"type":"Feature","properties":{"Governorate":"Mount Lebanon","District":"Jbeil","Cadaster Zone":"Lassa","Cadaster Name":"Lassa","ACS Code":26331,"Longitude":35.84820349,"Latitude":34.06834895,"IDPs Outside Shelters":678,"Families Outside Shelters":152},"geometry":{"type":"Point","coordinates":[35.84820349,34.06834895]}},
{"type":"Feature","properties":{"Governorate":"Mount Lebanon","District":"Jbeil","Cadaster Zone":"Hjoula","Cadaster Name":"Hejoula","ACS Code":26226,"Longitude":35.74294731,"Latitude":34.1316446,"IDPs Outside Shelters":594,"Families Outside Shelters":135},"geometry":{"type":"Point","coordinates":[35.74294731,34.1316446]}},
{"type":"Feature","properties":{"Governorate":"Mount Lebanon","District":"Jbeil","Cadaster Zone":"Aalmat Ej-Jnoubiye","Cadaster Name":"Almate El-Jenoubiat","ACS Code":26214,"Longitude":35.80714438,"Latitude":34.10530414,"IDPs Outside Shelters":481,"Families Outside Shelters":108},"geometry":{"type":"Point","coordinates":[35.80714438,34.10530414]}},
{"type":"Feature","properties":{"Governorate":"Mount Lebanon","District":"Jbeil","Cadaster Zone":"Aain El-Ghouaybe","Cadaster Name":"Aïn-El-Ghouaibé","ACS Code":26317,"Longitude":35.85910706,"Latitude":34.08381719,"IDPs Outside Shelters":454,"Families Outside Shelters":102},"geometry":{"type":"Point","coordinates":[35.85910706,34.08381719]}},
{"type":"Feature","properties":{"Governorate":"Mount Lebanon","District":"Jbeil","Cadaster Zone":"Afqa Jbayl","Cadaster Name":"Afka","ACS Code":26364,"Longitude":35.90135359,"Latitude":34.06455711,"IDPs Outside Shelters":454,"Families Outside Shelters":102},"geometry":{"type":"Point","coordinates":[35.90135359,34.06455711]}},
{"type":"Feature","properties":{"Governorate":"Mount Lebanon","District":"Jbeil","Cadaster Zone":"Souanet Jbayl","Cadaster Name":"El-Souané","ACS Code":26220,"Longitude":35.7745518,"Latitude":34.09431032,"IDPs Outside Shelters":364,"Families Outside Shelters":82},"geometry":{"type":"Point","coordinates":[35.7745518,34.09431032]}},
{"type":"Feature","properties":{"Governorate":"Mount Lebanon","District":"Jbeil","Cadaster Zone":"Ras Osta","Cadaster Name":"Ras-Osta","ACS Code":26241,"Longitude":35.72675656,"Latitude":34.1172303,"IDPs Outside Shelters":323,"Families Outside Shelters":90},"geometry":{"type":"Point","coordinates":[35.72675656,34.1172303]}},
{"type":"Feature","properties":{"Governorate":"Mount Lebanon","District":"Jbeil","Cadaster Zone":"Bichtlida","Cadaster Name":"Bachtlida","ACS Code":26243,"Longitude":35.71440667,"Latitude":34.13031011,"IDPs Outside Shelters":260,"Families Outside Shelters":59},"geometry":{"type":"Point","coordinates":[35.71440667,34.13031011]}},
{"type":"Feature","properties":{"Governorate":"Mount Lebanon","District":"Jbeil","Cadaster Zone":"Hsoun","Cadaster Name":"El-Hsoune","ACS Code":26229,"Longitude":35.7390879,"Latitude":34.09392258,"IDPs Outside Shelters":204,"Families Outside Shelters":46},"geometry":{"type":"Point","coordinates":[35.7390879,34.09392258]}},
{"type":"Feature","properties":{"Governorate":"Mount Lebanon","District":"Jbeil","Cadaster Zone":"Mchane","Cadaster Name":"Mechane","ACS Code":26231,"Longitude":35.74873793,"Latitude":34.08127991,"IDPs Outside Shelters":154,"Families Outside Shelters":35},"geometry":{"type":"Point","coordinates":[35.74873793,34.08127991]}},
{"type":"Feature","properties":{"Governorate":"Mount Lebanon","District":"Jbeil","Cadaster Zone":"Birket Hjoula","Cadaster Name":"Berket Hejoula","ACS Code":26237,"Longitude":35.7264338,"Latitude":34.14576869,"IDPs Outside Shelters":104,"Families Outside Shelters":24},"geometry":{"type":"Point","coordinates":[35.7264338,34.14576869]}},
{"type":"Feature","properties":{"Governorate":"Mount Lebanon","District":"Jbeil","Cadaster Zone":"Mastita","Cadaster Name":"Mastita","ACS Code":26117,"Longitude":35.65701322,"Latitude":34.10459647,"IDPs Outside Shelters":104,"Families Outside Shelters":24},"geometry":{"type":"Point","coordinates":[35.65701322,34.10459647]}},
{"type":"Feature","properties":{"Governorate":"Mount Lebanon","District":"Jbeil","Cadaster Zone":"Aain Ed-Delbe Jbayl","Cadaster Name":"Aïn-el-Delbé","ACS Code":26221,"Longitude":35.76147207,"Latitude":34.09085526,"IDPs Outside Shelters":84,"Families Outside Shelters":20},"geometry":{"type":"Point","coordinates":[35.76147207,34.09085526]}},
{"type":"Feature","properties":{"Governorate":"Mount Lebanon","District":"Jbeil","Cadaster Zone":"Halate","Cadaster Name":"Halate","ACS Code":26147,"Longitude":35.66523316,"Latitude":34.08795717,"IDPs Outside Shelters":69,"Families Outside Shelters":17},"geometry":{"type":"Point","coordinates":[35.66523316,34.08795717]}},
{"type":"Feature","properties":{"Governorate":"Mount Lebanon","District":"Jbeil","Cadaster Zone":"Ferhet","Cadaster Name":"Farhat","ACS Code":26217,"Longitude":35.75734781,"Latitude":34.10114094,"IDPs Outside Shelters":64,"Families Outside Shelters":15},"geometry":{"type":"Point","coordinates":[35.75734781,34.10114094]}},
{"type":"Feature","properties":{"Governorate":"Mount Lebanon","District":"Jbeil","Cadaster Zone":"Tourzaiya","Cadaster Name":"Torzaya","ACS Code":26215,"Longitude":35.75541434,"Latitude":34.10877675,"IDPs Outside Shelters":63,"Families Outside Shelters":15},"geometry":{"type":"Point","coordinates":[35.75541434,34.10877675]}},
{"type":"Feature","properties":{"Governorate":"Mount Lebanon","District":"Jbeil","Cadaster Zone":"Blat Jbeil","Cadaster Name":"Blat","ACS Code":26129,"Longitude":35.67878812,"Latitude":34.10925173,"IDPs Outside Shelters":54,"Families Outside Shelters":13},"geometry":{"type":"Point","coordinates":[35.67878812,34.10925173]}},
{"type":"Feature","properties":{"Governorate":"Mount Lebanon","District":"Jbeil","Cadaster Zone":"Bayzoun","Cadaster Name":"Bazyoune","ACS Code":26299,"Longitude":35.75455344,"Latitude":34.09466755,"IDPs Outside Shelters":44,"Families Outside Shelters":12},"geometry":{"type":"Point","coordinates":[35.75455344,34.09466755]}},
{"type":"Feature","properties":{"Governorate":"Mount Lebanon","District":"Jbeil","Cadaster Zone":"Mounsef","Cadaster Name":"El-Mouncef","ACS Code":26177,"Longitude":35.64259217,"Latitude":34.17939709,"IDPs Outside Shelters":34,"Families Outside Shelters":12},"geometry":{"type":"Point","coordinates":[35.64259217,34.17939709]}},
{"type":"Feature","properties":{"Governorate":"Mount Lebanon","District":"Jbeil","Cadaster Zone":"Janne","Cadaster Name":"Janné","ACS Code":26327,"Longitude":35.83154746,"Latitude":34.0805656,"IDPs Outside Shelters":29,"Families Outside Shelters":7},"geometry":{"type":"Point","coordinates":[35.83154746,34.0805656]}},
{"type":"Feature","properties":{"Governorate":"Mount Lebanon","District":"Jbeil","Cadaster Zone":"Brayj Jbayl","Cadaster Name":"Breige","ACS Code":26253,"Longitude":35.70300367,"Latitude":34.11868719,"IDPs Outside Shelters":28,"Families Outside Shelters":7},"geometry":{"type":"Point","coordinates":[35.70300367,34.11868719]}},
{"type":"Feature","properties":{"Governorate":"Mount Lebanon","District":"Jbeil","Cadaster Zone":"Jlisse","Cadaster Name":"El-Jlaicé","ACS Code":26274,"Longitude":35.69500174,"Latitude":34.11374152,"IDPs Outside Shelters":28,"Families Outside Shelters":7},"geometry":{"type":"Point","coordinates":[35.69500174,34.11374152]}},
{"type":"Feature","properties":{"Governorate":"Mount Lebanon","District":"Jbeil","Cadaster Zone":"Seraaiita","Cadaster Name":"Sarhita","ACS Code":26334,"Longitude":35.86878367,"Latitude":34.08521394,"IDPs Outside Shelters":28,"Families Outside Shelters":7},"geometry":{"type":"Point","coordinates":[35.86878367,34.08521394]}},
{"type":"Feature","properties":{"Governorate":"Mount Lebanon","District":"Jbeil","Cadaster Zone":"Bintaael","Cadaster Name":"Bintaél (Fdar-El-Soufla)","ACS Code":26269,"Longitude":35.69757376,"Latitude":34.14083467,"IDPs Outside Shelters":27,"Families Outside Shelters":7},"geometry":{"type":"Point","coordinates":[35.69757376,34.14083467]}},
{"type":"Feature","properties":{"Governorate":"Mount Lebanon","District":"Jbeil","Cadaster Zone":"Bchille Jbayl","Cadaster Name":"Bchillé","ACS Code":26244,"Longitude":35.71177137,"Latitude":34.10342474,"IDPs Outside Shelters":24,"Families Outside Shelters":6},"geometry":{"type":"Point","coordinates":[35.71177137,34.10342474]}},
{"type":"Feature","properties":{"Governorate":"Mount Lebanon","District":"Jbeil","Cadaster Zone":"Mazraat Es Siyad","Cadaster Name":"Mazraet-el-Siyad","ACS Code":26321,"Longitude":35.85779636,"Latitude":34.11540179,"IDPs Outside Shelters":24,"Families Outside Shelters":6},"geometry":{"type":"Point","coordinates":[35.85779636,34.11540179]}},
{"type":"Feature","properties":{"Governorate":"Mount Lebanon","District":"Jbeil","Cadaster Zone":"Majdel El-Aqoura","Cadaster Name":"El-Mejdel","ACS Code":26357,"Longitude":35.90754217,"Latitude":34.08569095,"IDPs Outside Shelters":22,"Families Outside Shelters":6},"geometry":{"type":"Point","coordinates":[35.90754217,34.08569095]}},
{"type":"Feature","properties":{"Governorate":"Mount Lebanon","District":"Jbeil","Cadaster Zone":"Michmich Jbayl","Cadaster Name":"Mechmech","ACS Code":26218,"Longitude":35.77116079,"Latitude":34.14169785,"IDPs Outside Shelters":21,"Families Outside Shelters":4},"geometry":{"type":"Point","coordinates":[35.77116079,34.14169785]}},
{"type":"Feature","properties":{"Governorate":"Mount Lebanon","District":"Jbeil","Cadaster Zone":"Aabaydat","Cadaster Name":"Obeidate","ACS Code":26256,"Longitude":35.72755345,"Latitude":34.16345264,"IDPs Outside Shelters":19,"Families Outside Shelters":6},"geometry":{"type":"Point","coordinates":[35.72755345,34.16345264]}},
{"type":"Feature","properties":{"Governorate":"Mount Lebanon","District":"Jbeil","Cadaster Zone":"Hbaline","Cadaster Name":"Hbeline","ACS Code":26281,"Longitude":35.68435197,"Latitude":34.15892611,"IDPs Outside Shelters":16,"Families Outside Shelters":5},"geometry":{"type":"Point","coordinates":[35.68435197,34.15892611]}},
{"type":"Feature","properties":{"Governorate":"Mount Lebanon","District":"Jbeil","Cadaster Zone":"Jeoddayel Jbayl","Cadaster Name":"Jeddeyel","ACS Code":26165,"Longitude":35.64474379,"Latitude":34.16257538,"IDPs Outside Shelters":14,"Families Outside Shelters":5},"geometry":{"type":"Point","coordinates":[35.64474379,34.16257538]}},
{"type":"Feature","properties":{"Governorate":"Mount Lebanon","District":"Jbeil","Cadaster Zone":"Qorqraiya","Cadaster Name":"Korkraya","ACS Code":26351,"Longitude":35.80878938,"Latitude":34.07684162,"IDPs Outside Shelters":14,"Families Outside Shelters":4},"geometry":{"type":"Point","coordinates":[35.80878938,34.07684162]}},
{"type":"Feature","properties":{"Governorate":"Mount Lebanon","District":"Jbeil","Cadaster Zone":"Fatre","Cadaster Name":"Fatré et Bir-el-Haït","ACS Code":26266,"Longitude":35.70863582,"Latitude":34.08614197,"IDPs Outside Shelters":13,"Families Outside Shelters":4},"geometry":{"type":"Point","coordinates":[35.70863582,34.08614197]}},
{"type":"Feature","properties":{"Governorate":"Mount Lebanon","District":"Jbeil","Cadaster Zone":"Rihanet Jbayl","Cadaster Name":"El-Rihané","ACS Code":26159,"Longitude":35.63627904,"Latitude":34.16718251,"IDPs Outside Shelters":13,"Families Outside Shelters":5},"geometry":{"type":"Point","coordinates":[35.63627904,34.16718251]}},
{"type":"Feature","properties":{"Governorate":"Mount Lebanon","District":"Jbeil","Cadaster Zone":"Chamate","Cadaster Name":"Chamate","ACS Code":26279,"Longitude":35.70049965,"Latitude":34.16621392,"IDPs Outside Shelters":12,"Families Outside Shelters":4},"geometry":{"type":"Point","coordinates":[35.70049965,34.16621392]}},
{"type":"Feature","properties":{"Governorate":"Mount Lebanon","District":"Jbeil","Cadaster Zone":"Hasrayel","Cadaster Name":"Hisraïl","ACS Code":26153,"Longitude":35.65758586,"Latitude":34.1632274,"IDPs Outside Shelters":12,"Families Outside Shelters":3},"geometry":{"type":"Point","coordinates":[35.65758586,34.1632274]}},
{"type":"Feature","properties":{"Governorate":"Mount Lebanon","District":"Jbeil","Cadaster Zone":"Kharbet Jbayl","Cadaster Name":"El-Kharbé","ACS Code":26249,"Longitude":35.7463281,"Latitude":34.17807395,"IDPs Outside Shelters":12,"Families Outside Shelters":4},"geometry":{"type":"Point","coordinates":[35.7463281,34.17807395]}},
{"type":"Feature","properties":{"Governorate":"Mount Lebanon","District":"Jbeil","Cadaster Zone":"Jouret El-Qattine","Cadaster Name":"Jouret-el-Kattine","ACS Code":26236,"Longitude":35.72654683,"Latitude":34.10439338,"IDPs Outside Shelters":10,"Families Outside Shelters":3},"geometry":{"type":"Point","coordinates":[35.72654683,34.10439338]}},
{"type":"Feature","properties":{"Governorate":"Mount Lebanon","District":"Jbeil","Cadaster Zone":"Hsarat","Cadaster Name":"Hsarate et Richkif","ACS Code":26286,"Longitude":35.68266109,"Latitude":34.16805576,"IDPs Outside Shelters":8,"Families Outside Shelters":3},"geometry":{"type":"Point","coordinates":[35.68266109,34.16805576]}},
{"type":"Feature","properties":{"Governorate":"Mount Lebanon","District":"Jbeil","Cadaster Zone":"Tartij","Cadaster Name":"Tartige","ACS Code":26384,"Longitude":35.83939474,"Latitude":34.17554664,"IDPs Outside Shelters":8,"Families Outside Shelters":3},"geometry":{"type":"Point","coordinates":[35.83939474,34.17554664]}},
{"type":"Feature","properties":{"Governorate":"Mount Lebanon","District":"Jbeil","Cadaster Zone":"Bmehrayn","Cadaster Name":"Mehrine","ACS Code":26283,"Longitude":35.6783766,"Latitude":34.12225531,"IDPs Outside Shelters":7,"Families Outside Shelters":3},"geometry":{"type":"Point","coordinates":[35.6783766,34.12225531]}},
{"type":"Feature","properties":{"Governorate":"Mount Lebanon","District":"Jbeil","Cadaster Zone":"Lehfed","Cadaster Name":"Lehfed","ACS Code":26233,"Longitude":35.77371249,"Latitude":34.16525911,"IDPs Outside Shelters":6,"Families Outside Shelters":3},"geometry":{"type":"Point","coordinates":[35.77371249,34.16525911]}},
{"type":"Feature","properties":{"Governorate":"Mount Lebanon","District":"Jbeil","Cadaster Zone":"Aain Jrain","Cadaster Name":"Aïn-Jraïne","ACS Code":26227,"Longitude":35.76691202,"Latitude":34.08414525,"IDPs Outside Shelters":0,"Families Outside Shelters":0},"geometry":{"type":"Point","coordinates":[35.76691202,34.08414525]}},
{"type":"Feature","properties":{"Governorate":"Mount Lebanon","District":"Jbeil","Cadaster Zone":"Aain Kfaa","Cadaster Name":"Aïn Kfah","ACS Code":26289,"Longitude":35.69790832,"Latitude":34.18794168,"IDPs Outside Shelters":0,"Families Outside Shelters":0},"geometry":{"type":"Point","coordinates":[35.69790832,34.18794168]}},
{"type":"Feature","properties":{"Governorate":"Mount Lebanon","District":"Jbeil","Cadaster Zone":"Aalita","Cadaster Name":"Alita","ACS Code":26219,"Longitude":35.69111995,"Latitude":34.09103206,"IDPs Outside Shelters":0,"Families Outside Shelters":0},"geometry":{"type":"Point","coordinates":[35.69111995,34.09103206]}},
{"type":"Feature","properties":{"Governorate":"Mount Lebanon","District":"Jbeil","Cadaster Zone":"Aamchit","Cadaster Name":"Amchite","ACS Code":26141,"Longitude":35.64226758,"Latitude":34.14618528,"IDPs Outside Shelters":0,"Families Outside Shelters":0},"geometry":{"type":"Point","coordinates":[35.64226758,34.14618528]}},
{"type":"Feature","properties":{"Governorate":"Mount Lebanon","District":"Jbeil","Cadaster Zone":"Aaqoura","Cadaster Name":"Akoura","ACS Code":26371,"Longitude":35.94783676,"Latitude":34.11787394,"IDPs Outside Shelters":0,"Families Outside Shelters":0},"geometry":{"type":"Point","coordinates":[35.94783676,34.11787394]}},
{"type":"Feature","properties":{"Governorate":"Mount Lebanon","District":"Jbeil","Cadaster Zone":"Aarab El-Lahib","Cadaster Name":"Arab El-Haibe","ACS Code":26374,"Longitude":35.89852449,"Latitude":34.15200057,"IDPs Outside Shelters":0,"Families Outside Shelters":0},"geometry":{"type":"Point","coordinates":[35.89852449,34.15200057]}},
{"type":"Feature","properties":{"Governorate":"Mount Lebanon","District":"Jbeil","Cadaster Zone":"Aarasta","Cadaster Name":"Aarasta","ACS Code":26392,"Longitude":35.88145962,"Latitude":34.08148697,"IDPs Outside Shelters":0,"Families Outside Shelters":0},"geometry":{"type":"Point","coordinates":[35.88145962,34.08148697]}},
{"type":"Feature","properties":{"Governorate":"Mount Lebanon","District":"Jbeil","Cadaster Zone":"Adonis Jbayl","Cadaster Name":"Adonis et Sannour","ACS Code":26239,"Longitude":35.73012882,"Latitude":34.08104227,"IDPs Outside Shelters":0,"Families Outside Shelters":0},"geometry":{"type":"Point","coordinates":[35.73012882,34.08104227]}},
{"type":"Feature","properties":{"Governorate":"Mount Lebanon","District":"Jbeil","Cadaster Zone":"Behdaydat","Cadaster Name":"Behdaidate","ACS Code":26259,"Longitude":35.7095313,"Latitude":34.1483951,"IDPs Outside Shelters":0,"Families Outside Shelters":0},"geometry":{"type":"Point","coordinates":[35.7095313,34.1483951]}},
{"type":"Feature","properties":{"Governorate":"Mount Lebanon","District":"Jbeil","Cadaster Zone":"Beit Habbaq","Cadaster Name":"Beit Habbak","ACS Code":26271,"Longitude":35.70682897,"Latitude":34.16239647,"IDPs Outside Shelters":0,"Families Outside Shelters":0},"geometry":{"type":"Point","coordinates":[35.70682897,34.16239647]}},
{"type":"Feature","properties":{"Governorate":"Mount Lebanon","District":"Jbeil","Cadaster Zone":"Bejje","Cadaster Name":"Bejjé","ACS Code":26276,"Longitude":35.71740661,"Latitude":34.18242883,"IDPs Outside Shelters":0,"Families Outside Shelters":0},"geometry":{"type":"Point","coordinates":[35.71740661,34.18242883]}},
{"type":"Feature","properties":{"Governorate":"Mount Lebanon","District":"Jbeil","Cadaster Zone":"Bekhaaz","Cadaster Name":"Bakhaase","ACS Code":26297,"Longitude":35.66174985,"Latitude":34.18829533,"IDPs Outside Shelters":0,"Families Outside Shelters":0},"geometry":{"type":"Point","coordinates":[35.66174985,34.18829533]}},
{"type":"Feature","properties":{"Governorate":"Mount Lebanon","District":"Jbeil","Cadaster Zone":"Berbara Jbayl","Cadaster Name":"El-Berbara","ACS Code":26183,"Longitude":35.64462475,"Latitude":34.19456839,"IDPs Outside Shelters":0,"Families Outside Shelters":0},"geometry":{"type":"Point","coordinates":[35.64462475,34.19456839]}},
{"type":"Feature","properties":{"Governorate":"Mount Lebanon","District":"Jbeil","Cadaster Zone":"Boulhos","Cadaster Name":"Belhos","ACS Code":26354,"Longitude":35.80921158,"Latitude":34.09414983,"IDPs Outside Shelters":0,"Families Outside Shelters":0},"geometry":{"type":"Point","coordinates":[35.80921158,34.09414983]}},
{"type":"Feature","properties":{"Governorate":"Mount Lebanon","District":"Jbeil","Cadaster Zone":"Chikhane","Cadaster Name":"Chikhane","ACS Code":26295,"Longitude":35.65291632,"Latitude":34.17215047,"IDPs Outside Shelters":0,"Families Outside Shelters":0},"geometry":{"type":"Point","coordinates":[35.65291632,34.17215047]}},
{"type":"Feature","properties":{"Governorate":"Mount Lebanon","District":"Jbeil","Cadaster Zone":"Chmout","Cadaster Name":"Chmout","ACS Code":26296,"Longitude":35.66795946,"Latitude":34.19761481,"IDPs Outside Shelters":0,"Families Outside Shelters":0},"geometry":{"type":"Point","coordinates":[35.66795946,34.19761481]}},
{"type":"Feature","properties":{"Governorate":"Mount Lebanon","District":"Jbeil","Cadaster Zone":"Edde Jbayl","Cadaster Name":"Eddé","ACS Code":26135,"Longitude":35.6678433,"Latitude":34.13957473,"IDPs Outside Shelters":0,"Families Outside Shelters":0},"geometry":{"type":"Point","coordinates":[35.6678433,34.13957473]}},
{"type":"Feature","properties":{"Governorate":"Mount Lebanon","District":"Jbeil","Cadaster Zone":"Ehmej","Cadaster Name":"Ehmège","ACS Code":26211,"Longitude":35.81620911,"Latitude":34.12909554,"IDPs Outside Shelters":0,"Families Outside Shelters":0},"geometry":{"type":"Point","coordinates":[35.81620911,34.12909554]}},
{"type":"Feature","properties":{"Governorate":"Mount Lebanon","District":"Jbeil","Cadaster Zone":"Fghal","Cadaster Name":"Fghal","ACS Code":26298,"Longitude":35.66430745,"Latitude":34.20663574,"IDPs Outside Shelters":0,"Families Outside Shelters":0},"geometry":{"type":"Point","coordinates":[35.66430745,34.20663574]}},
{"type":"Feature","properties":{"Governorate":"Mount Lebanon","District":"Jbeil","Cadaster Zone":"Frat","Cadaster Name":"Frat","ACS Code":26223,"Longitude":35.78972622,"Latitude":34.08668983,"IDPs Outside Shelters":0,"Families Outside Shelters":0},"geometry":{"type":"Point","coordinates":[35.78972622,34.08668983]}},
{"type":"Feature","properties":{"Governorate":"Mount Lebanon","District":"Jbeil","Cadaster Zone":"Ghabat","Cadaster Name":"Ghabate","ACS Code":26337,"Longitude":35.87130296,"Latitude":34.07949023,"IDPs Outside Shelters":0,"Families Outside Shelters":0},"geometry":{"type":"Point","coordinates":[35.87130296,34.07949023]}},
{"type":"Feature","properties":{"Governorate":"Mount Lebanon","District":"Jbeil","Cadaster Zone":"Ghalboun","Cadaster Name":"Ghalboune","ACS Code":26277,"Longitude":35.70143824,"Latitude":34.17461695,"IDPs Outside Shelters":0,"Families Outside Shelters":0},"geometry":{"type":"Point","coordinates":[35.70143824,34.17461695]}},
{"type":"Feature","properties":{"Governorate":"Mount Lebanon","District":"Jbeil","Cadaster Zone":"Gharzouz","Cadaster Name":"Gharzouze","ACS Code":26294,"Longitude":35.67094366,"Latitude":34.17907095,"IDPs Outside Shelters":0,"Families Outside Shelters":0},"geometry":{"type":"Point","coordinates":[35.67094366,34.17907095]}},
{"type":"Feature","properties":{"Governorate":"Mount Lebanon","District":"Jbeil","Cadaster Zone":"Ghofrine","Cadaster Name":"Ghorfine","ACS Code":26291,"Longitude":35.66453954,"Latitude":34.15597746,"IDPs Outside Shelters":0,"Families Outside Shelters":0},"geometry":{"type":"Point","coordinates":[35.66453954,34.15597746]}},
{"type":"Feature","properties":{"Governorate":"Mount Lebanon","District":"Jbeil","Cadaster Zone":"Habil","Cadaster Name":"Habil","ACS Code":26234,"Longitude":35.73949365,"Latitude":34.15110654,"IDPs Outside Shelters":0,"Families Outside Shelters":0},"geometry":{"type":"Point","coordinates":[35.73949365,34.15110654]}},
{"type":"Feature","properties":{"Governorate":"Mount Lebanon","District":"Jbeil","Cadaster Zone":"Haqel","Cadaster Name":"Hakel","ACS Code":26247,"Longitude":35.74503998,"Latitude":34.16773059,"IDPs Outside Shelters":0,"Families Outside Shelters":0},"geometry":{"type":"Point","coordinates":[35.74503998,34.16773059]}},
{"type":"Feature","properties":{"Governorate":"Mount Lebanon","District":"Jbeil","Cadaster Zone":"Hboub","Cadaster Name":"Hboub","ACS Code":26284,"Longitude":35.68218763,"Latitude":34.12878617,"IDPs Outside Shelters":0,"Families Outside Shelters":0},"geometry":{"type":"Point","coordinates":[35.68218763,34.12878617]}},
{"type":"Feature","properties":{"Governorate":"Mount Lebanon","District":"Jbeil","Cadaster Zone":"Hdeine","Cadaster Name":"Hedayné","ACS Code":26324,"Longitude":35.86985234,"Latitude":34.0918567,"IDPs Outside Shelters":0,"Families Outside Shelters":0},"geometry":{"type":"Point","coordinates":[35.86985234,34.0918567]}},
{"type":"Feature","properties":{"Governorate":"Mount Lebanon","District":"Jbeil","Cadaster Zone":"Hema Er-Rehban","Cadaster Name":"Hema Er-Rehban","ACS Code":26390,"Longitude":35.8626501,"Latitude":34.14576586,"IDPs Outside Shelters":0,"Families Outside Shelters":0},"geometry":{"type":"Point","coordinates":[35.8626501,34.14576586]}},
{"type":"Feature","properties":{"Governorate":"Mount Lebanon","District":"Jbeil","Cadaster Zone":"Hema Mar Maroun Aannaya","Cadaster Name":"Hema Mar Maroun Aannaya","ACS Code":26388,"Longitude":35.85007873,"Latitude":34.13305318,"IDPs Outside Shelters":0,"Families Outside Shelters":0},"geometry":{"type":"Point","coordinates":[35.85007873,34.13305318]}},
{"type":"Feature","properties":{"Governorate":"Mount Lebanon","District":"Jbeil","Cadaster Zone":"Jaj","Cadaster Name":"Jage","ACS Code":26381,"Longitude":35.82383025,"Latitude":34.16065426,"IDPs Outside Shelters":0,"Families Outside Shelters":0},"geometry":{"type":"Point","coordinates":[35.82383025,34.16065426]}},
{"type":"Feature","properties":{"Governorate":"Mount Lebanon","District":"Jbeil","Cadaster Zone":"Jbayl","Cadaster Name":"Jbail","ACS Code":26111,"Longitude":35.6555509,"Latitude":34.12458209,"IDPs Outside Shelters":0,"Families Outside Shelters":0},"geometry":{"type":"Point","coordinates":[35.6555509,34.12458209]}},
{"type":"Feature","properties":{"Governorate":"Mount Lebanon","District":"Jbeil","Cadaster Zone":"kafr","Cadaster Name":"El-Kafr et El-Harf","ACS Code":26273,"Longitude":35.69480109,"Latitude":34.15317164,"IDPs Outside Shelters":0,"Families Outside Shelters":0},"geometry":{"type":"Point","coordinates":[35.69480109,34.15317164]}},
{"type":"Feature","properties":{"Governorate":"Mount Lebanon","District":"Jbeil","Cadaster Zone":"Kfar Baal","Cadaster Name":"Kfarbaal (Annaya)","ACS Code":26224,"Longitude":35.74905606,"Latitude":34.11387734,"IDPs Outside Shelters":0,"Families Outside Shelters":0},"geometry":{"type":"Point","coordinates":[35.74905606,34.11387734]}},
{"type":"Feature","properties":{"Governorate":"Mount Lebanon","District":"Jbeil","Cadaster Zone":"Kfar Kidde","Cadaster Name":"Kfar-Keddé","ACS Code":26189,"Longitude":35.65456489,"Latitude":34.20068648,"IDPs Outside Shelters":0,"Families Outside Shelters":0},"geometry":{"type":"Point","coordinates":[35.65456489,34.20068648]}},
{"type":"Feature","properties":{"Governorate":"Mount Lebanon","District":"Jbeil","Cadaster Zone":"Kfar Mashoun","Cadaster Name":"Kfar-Mashoune et Dmalsa","ACS Code":26287,"Longitude":35.67866997,"Latitude":34.14839025,"IDPs Outside Shelters":0,"Families Outside Shelters":0},"geometry":{"type":"Point","coordinates":[35.67866997,34.14839025]}},
{"type":"Feature","properties":{"Governorate":"Mount Lebanon","District":"Jbeil","Cadaster Zone":"Kfar Qouas","Cadaster Name":"Kfar Kaouass","ACS Code":26264,"Longitude":35.6994864,"Latitude":34.12361174,"IDPs Outside Shelters":0,"Families Outside Shelters":0},"geometry":{"type":"Point","coordinates":[35.6994864,34.12361174]}},
{"type":"Feature","properties":{"Governorate":"Mount Lebanon","District":"Jbeil","Cadaster Zone":"Kfoun","Cadaster Name":"El-Kfoune","ACS Code":26267,"Longitude":35.71298544,"Latitude":34.15557593,"IDPs Outside Shelters":0,"Families Outside Shelters":0},"geometry":{"type":"Point","coordinates":[35.71298544,34.15557593]}},
{"type":"Feature","properties":{"Governorate":"Mount Lebanon","District":"Jbeil","Cadaster Zone":"Laqlouq","Cadaster Name":"El-Laklouk","ACS Code":26361,"Longitude":35.86476955,"Latitude":34.13221651,"IDPs Outside Shelters":0,"Families Outside Shelters":0},"geometry":{"type":"Point","coordinates":[35.86476955,34.13221651]}},
{"type":"Feature","properties":{"Governorate":"Mount Lebanon","District":"Jbeil","Cadaster Zone":"litige","Cadaster Name":"litige","ACS Code":26005,"Longitude":35.87742446,"Latitude":34.07747374,"IDPs Outside Shelters":0,"Families Outside Shelters":0},"geometry":{"type":"Point","coordinates":[35.87742446,34.07747374]}},
{"type":"Feature","properties":{"Governorate":"Mount Lebanon","District":"Jbeil","Cadaster Zone":"litige","Cadaster Name":"litige","ACS Code":26004,"Longitude":35.83374242,"Latitude":34.07803035,"IDPs Outside Shelters":0,"Families Outside Shelters":0},"geometry":{"type":"Point","coordinates":[35.83374242,34.07803035]}},
{"type":"Feature","properties":{"Governorate":"Mount Lebanon","District":"Jbeil","Cadaster Zone":"litige","Cadaster Name":"litige","ACS Code":26006,"Longitude":35.86651309,"Latitude":34.07866802,"IDPs Outside Shelters":0,"Families Outside Shelters":0},"geometry":{"type":"Point","coordinates":[35.86651309,34.07866802]}},
{"type":"Feature","properties":{"Governorate":"Mount Lebanon","District":"Jbeil","Cadaster Zone":"litige","Cadaster Name":"litige","ACS Code":26001,"Longitude":35.75682219,"Latitude":34.12278075,"IDPs Outside Shelters":0,"Families Outside Shelters":0},"geometry":{"type":"Point","coordinates":[35.75682219,34.12278075]}},
{"type":"Feature","properties":{"Governorate":"Mount Lebanon","District":"Jbeil","Cadaster Zone":"litige","Cadaster Name":"litige","ACS Code":26002,"Longitude":35.76072198,"Latitude":34.0973474,"IDPs Outside Shelters":0,"Families Outside Shelters":0},"geometry":{"type":"Point","coordinates":[35.76072198,34.0973474]}},
{"type":"Feature","properties":{"Governorate":"Mount Lebanon","District":"Jbeil","Cadaster Zone":"litige","Cadaster Name":"litige","ACS Code":26003,"Longitude":35.8488234,"Latitude":34.0820207,"IDPs Outside Shelters":0,"Families Outside Shelters":0},"geometry":{"type":"Point","coordinates":[35.8488234,34.0820207]}},
{"type":"Feature","properties":{"Governorate":"Mount Lebanon","District":"Jbeil","Cadaster Zone":"litige","Cadaster Name":"litige","ACS Code":26007,"Longitude":35.86956692,"Latitude":34.06667168,"IDPs Outside Shelters":0,"Families Outside Shelters":0},"geometry":{"type":"Point","coordinates":[35.86956692,34.06667168]}},
{"type":"Feature","properties":{"Governorate":"Mount Lebanon","District":"Jbeil","Cadaster Zone":"litige","Cadaster Name":"litige","ACS Code":26009,"Longitude":35.83612561,"Latitude":34.06823578,"IDPs Outside Shelters":0,"Families Outside Shelters":0},"geometry":{"type":"Point","coordinates":[35.83612561,34.06823578]}},
{"type":"Feature","properties":{"Governorate":"Mount Lebanon","District":"Jbeil","Cadaster Zone":"Maad","Cadaster Name":"Maad","ACS Code":26293,"Longitude":35.68137298,"Latitude":34.19212917,"IDPs Outside Shelters":0,"Families Outside Shelters":0},"geometry":{"type":"Point","coordinates":[35.68137298,34.19212917]}},
{"type":"Feature","properties":{"Governorate":"Mount Lebanon","District":"Jbeil","Cadaster Zone":"Mar Sarkis","Cadaster Name":"Deir Mar Sarkis","ACS Code":26314,"Longitude":35.85915986,"Latitude":34.09578775,"IDPs Outside Shelters":0,"Families Outside Shelters":0},"geometry":{"type":"Point","coordinates":[35.85915986,34.09578775]}},
{"type":"Feature","properties":{"Governorate":"Mount Lebanon","District":"Jbeil","Cadaster Zone":"Mayfouq","Cadaster Name":"Maïfouk","ACS Code":26257,"Longitude":35.7728964,"Latitude":34.18435437,"IDPs Outside Shelters":0,"Families Outside Shelters":0},"geometry":{"type":"Point","coordinates":[35.7728964,34.18435437]}},
{"type":"Feature","properties":{"Governorate":"Mount Lebanon","District":"Jbeil","Cadaster Zone":"Mazraat El-Maaden","Cadaster Name":"Mazraat El-Maaden","ACS Code":26213,"Longitude":35.79634728,"Latitude":34.11650241,"IDPs Outside Shelters":0,"Families Outside Shelters":0},"geometry":{"type":"Point","coordinates":[35.79634728,34.11650241]}},
{"type":"Feature","properties":{"Governorate":"Mount Lebanon","District":"Jbeil","Cadaster Zone":"Mghayre Jbeil","Cadaster Name":"El-Mghaïré","ACS Code":26341,"Longitude":35.87899279,"Latitude":34.10670934,"IDPs Outside Shelters":0,"Families Outside Shelters":0},"geometry":{"type":"Point","coordinates":[35.87899279,34.10670934]}},
{"type":"Feature","properties":{"Governorate":"Mount Lebanon","District":"Jbeil","Cadaster Zone":"Nahr Ibrahim","Cadaster Name":"Nahr-Ibrahim","ACS Code":26171,"Longitude":35.64952481,"Latitude":34.06768287,"IDPs Outside Shelters":0,"Families Outside Shelters":0},"geometry":{"type":"Point","coordinates":[35.64952481,34.06768287]}},
{"type":"Feature","properties":{"Governorate":"Mount Lebanon","District":"Jbeil","Cadaster Zone":"Qahmez","Cadaster Name":"Kehmez","ACS Code":26367,"Longitude":35.80893828,"Latitude":34.06133156,"IDPs Outside Shelters":0,"Families Outside Shelters":0},"geometry":{"type":"Point","coordinates":[35.80893828,34.06133156]}},
{"type":"Feature","properties":{"Governorate":"Mount Lebanon","District":"Jbeil","Cadaster Zone":"Qartaba","Cadaster Name":"Kartaba","ACS Code":26311,"Longitude":35.83603212,"Latitude":34.09297543,"IDPs Outside Shelters":0,"Families Outside Shelters":0},"geometry":{"type":"Point","coordinates":[35.83603212,34.09297543]}},
{"type":"Feature","properties":{"Governorate":"Mount Lebanon","District":"Jbeil","Cadaster Zone":"Qartaboun","Cadaster Name":"Kartaboune","ACS Code":26123,"Longitude":35.65621646,"Latitude":34.11062012,"IDPs Outside Shelters":0,"Families Outside Shelters":0},"geometry":{"type":"Point","coordinates":[35.65621646,34.11062012]}},
{"type":"Feature","properties":{"Governorate":"Mount Lebanon","District":"Jbeil","Cadaster Zone":"Qottara Jbayl","Cadaster Name":"Al Kattara","ACS Code":26251,"Longitude":35.79968006,"Latitude":34.1786927,"IDPs Outside Shelters":0,"Families Outside Shelters":0},"geometry":{"type":"Point","coordinates":[35.79968006,34.1786927]}},
{"type":"Feature","properties":{"Governorate":"Mount Lebanon","District":"Jbeil","Cadaster Zone":"Ramout","Cadaster Name":"El-Ramout","ACS Code":26261,"Longitude":35.71196916,"Latitude":34.16613994,"IDPs Outside Shelters":0,"Families Outside Shelters":0},"geometry":{"type":"Point","coordinates":[35.71196916,34.16613994]}},
{"type":"Feature","properties":{"Governorate":"Mount Lebanon","District":"Jbeil","Cadaster Zone":"Saqi Richmaya","Cadaster Name":"Saki-Rechmaya","ACS Code":26377,"Longitude":35.80307571,"Latitude":34.15198446,"IDPs Outside Shelters":0,"Families Outside Shelters":0},"geometry":{"type":"Point","coordinates":[35.80307571,34.15198446]}},
{"type":"Feature","properties":{"Governorate":"Mount Lebanon","District":"Jbeil","Cadaster Zone":"Saqiet El-Khayt","Cadaster Name":"Sakiet-el-Kheite","ACS Code":26263,"Longitude":35.71491587,"Latitude":34.16183069,"IDPs Outside Shelters":0,"Families Outside Shelters":0},"geometry":{"type":"Point","coordinates":[35.71491587,34.16183069]}},
{"type":"Feature","properties":{"Governorate":"Mount Lebanon","District":"Jbeil","Cadaster Zone":"Sebrine","Cadaster Name":"Sirine","ACS Code":26254,"Longitude":35.70986686,"Latitude":34.11126101,"IDPs Outside Shelters":0,"Families Outside Shelters":0},"geometry":{"type":"Point","coordinates":[35.70986686,34.11126101]}},
{"type":"Feature","properties":{"Governorate":"Mount Lebanon","District":"Jbeil","Cadaster Zone":"Tadmor","Cadaster Name":"Tedmor et Serghal","ACS Code":26344,"Longitude":35.86898551,"Latitude":34.10479776,"IDPs Outside Shelters":0,"Families Outside Shelters":0},"geometry":{"type":"Point","coordinates":[35.86898551,34.10479776]}},
{"type":"Feature","properties":{"Governorate":"Mount Lebanon","District":"Jbeil","Cadaster Zone":"Yanouh Jbayl","Cadaster Name":"Yanouh","ACS Code":26347,"Longitude":35.88397126,"Latitude":34.09726977,"IDPs Outside Shelters":0,"Families Outside Shelters":0},"geometry":{"type":"Point","coordinates":[35.88397126,34.09726977]}},
{"type":"Feature","properties":{"Governorate":"Mount Lebanon","District":"Jbeil","Cadaster Zone":"Zibdine Jbayl","Cadaster Name":"Zebdine","ACS Code":26246,"Longitude":35.70888761,"Latitude":34.09508915,"IDPs Outside Shelters":0,"Families Outside Shelters":0},"geometry":{"type":"Point","coordinates":[35.70888761,34.09508915]}},
{"type":"Feature","properties":{"Governorate":"South","District":"Jezzine","Cadaster Zone":"Jezzine","Cadaster Name":"Djezzine","ACS Code":63111,"Longitude":35.58737156,"Latitude":33.52751946,"IDPs Outside Shelters":2135,"Families Outside Shelters":577},"geometry":{"type":"Point","coordinates":[35.58737156,33.52751946]}},
{"type":"Feature","properties":{"Governorate":"South","District":"Jezzine","Cadaster Zone":"Kfar Jarra","Cadaster Name":"Kafr-Jarra","ACS Code":63267,"Longitude":35.43046281,"Latitude":33.54788004,"IDPs Outside Shelters":324,"Families Outside Shelters":91},"geometry":{"type":"Point","coordinates":[35.43046281,33.54788004]}},
{"type":"Feature","properties":{"Governorate":"South","District":"Jezzine","Cadaster Zone":"Roum","Cadaster Name":"Roum","ACS Code":63277,"Longitude":35.52120816,"Latitude":33.54761815,"IDPs Outside Shelters":284,"Families Outside Shelters":82},"geometry":{"type":"Point","coordinates":[35.52120816,33.54761815]}},
{"type":"Feature","properties":{"Governorate":"South","District":"Jezzine","Cadaster Zone":"Bayssour Jezzine","Cadaster Name":"Baissour","ACS Code":63221,"Longitude":35.44866625,"Latitude":33.53582839,"IDPs Outside Shelters":246,"Families Outside Shelters":69},"geometry":{"type":"Point","coordinates":[35.44866625,33.53582839]}},
{"type":"Feature","properties":{"Governorate":"South","District":"Jezzine","Cadaster Zone":"Aazour","Cadaster Name":"Azour","ACS Code":63184,"Longitude":35.53708311,"Latitude":33.56064367,"IDPs Outside Shelters":177,"Families Outside Shelters":58},"geometry":{"type":"Point","coordinates":[35.53708311,33.56064367]}},
{"type":"Feature","properties":{"Governorate":"South","District":"Jezzine","Cadaster Zone":"Benouati Jezzine","Cadaster Name":"Benwati","ACS Code":63144,"Longitude":35.57956445,"Latitude":33.5755398,"IDPs Outside Shelters":156,"Families Outside Shelters":49},"geometry":{"type":"Point","coordinates":[35.57956445,33.5755398]}},
{"type":"Feature","properties":{"Governorate":"South","District":"Jezzine","Cadaster Zone":"Mharbiye","Cadaster Name":"El-Mharbiyé","ACS Code":63231,"Longitude":35.4463273,"Latitude":33.52854165,"IDPs Outside Shelters":155,"Families Outside Shelters":47},"geometry":{"type":"Point","coordinates":[35.4463273,33.52854165]}},
{"type":"Feature","properties":{"Governorate":"South","District":"Jezzine","Cadaster Zone":"A'ain El-Mir (El Establ)","Cadaster Name":"Aïn el-Mir","ACS Code":63214,"Longitude":35.46254311,"Latitude":33.53603329,"IDPs Outside Shelters":150,"Families Outside Shelters":43},"geometry":{"type":"Point","coordinates":[35.46254311,33.53603329]}},
{"type":"Feature","properties":{"Governorate":"South","District":"Jezzine","Cadaster Zone":"Bkassine","Cadaster Name":"Bkessine","ACS Code":63124,"Longitude":35.57408698,"Latitude":33.56033242,"IDPs Outside Shelters":129,"Families Outside Shelters":38},"geometry":{"type":"Point","coordinates":[35.57408698,33.56033242]}},
{"type":"Feature","properties":{"Governorate":"South","District":"Jezzine","Cadaster Zone":"Ouadi Baanqoudaine","Cadaster Name":"Wadi Baankoudine","ACS Code":63251,"Longitude":35.43884527,"Latitude":33.54342373,"IDPs Outside Shelters":113,"Families Outside Shelters":38},"geometry":{"type":"Point","coordinates":[35.43884527,33.54342373]}},
{"type":"Feature","properties":{"Governorate":"South","District":"Jezzine","Cadaster Zone":"Mlikh","Cadaster Name":"Mlikh","ACS Code":63315,"Longitude":35.55193274,"Latitude":33.47025292,"IDPs Outside Shelters":90,"Families Outside Shelters":36},"geometry":{"type":"Point","coordinates":[35.55193274,33.47025292]}},
{"type":"Feature","properties":{"Governorate":"South","District":"Jezzine","Cadaster Zone":"Rimat","Cadaster Name":"Rimate","ACS Code":63264,"Longitude":35.50252421,"Latitude":33.53057405,"IDPs Outside Shelters":82,"Families Outside Shelters":23},"geometry":{"type":"Point","coordinates":[35.50252421,33.53057405]}},
{"type":"Feature","properties":{"Governorate":"South","District":"Jezzine","Cadaster Zone":"Deir El Qattine","Cadaster Name":"Kattine","ACS Code":63284,"Longitude":35.53182055,"Latitude":33.53223871,"IDPs Outside Shelters":57,"Families Outside Shelters":12},"geometry":{"type":"Point","coordinates":[35.53182055,33.53223871]}},
{"type":"Feature","properties":{"Governorate":"South","District":"Jezzine","Cadaster Zone":"Anane","Cadaster Name":"Anane","ACS Code":63274,"Longitude":35.48327601,"Latitude":33.56745222,"IDPs Outside Shelters":54,"Families Outside Shelters":12},"geometry":{"type":"Point","coordinates":[35.48327601,33.56745222]}},
{"type":"Feature","properties":{"Governorate":"South","District":"Jezzine","Cadaster Zone":"Lebaa","Cadaster Name":"Lebaa","ACS Code":63227,"Longitude":35.45204874,"Latitude":33.54948233,"IDPs Outside Shelters":34,"Families Outside Shelters":9},"geometry":{"type":"Point","coordinates":[35.45204874,33.54948233]}},
{"type":"Feature","properties":{"Governorate":"South","District":"Jezzine","Cadaster Zone":"Btedine El-Leqch","Cadaster Name":"Bteddine El-Lekche","ACS Code":63151,"Longitude":35.5532114,"Latitude":33.56625078,"IDPs Outside Shelters":30,"Families Outside Shelters":10},"geometry":{"type":"Point","coordinates":[35.5532114,33.56625078]}},
{"type":"Feature","properties":{"Governorate":"South","District":"Jezzine","Cadaster Zone":"Ghabbatiye","Cadaster Name":"El-Ghabbatieh","ACS Code":63141,"Longitude":35.58459653,"Latitude":33.58327687,"IDPs Outside Shelters":29,"Families Outside Shelters":9},"geometry":{"type":"Point","coordinates":[35.58459653,33.58327687]}},
{"type":"Feature","properties":{"Governorate":"South","District":"Jezzine","Cadaster Zone":"Kfar Falous","Cadaster Name":"Kafr-Falouce","ACS Code":63211,"Longitude":35.47694784,"Latitude":33.54679299,"IDPs Outside Shelters":20,"Families Outside Shelters":8},"geometry":{"type":"Point","coordinates":[35.47694784,33.54679299]}},
{"type":"Feature","properties":{"Governorate":"South","District":"Jezzine","Cadaster Zone":"Saydoun","Cadaster Name":"Saïdoune","ACS Code":63271,"Longitude":35.51281418,"Latitude":33.51962663,"IDPs Outside Shelters":20,"Families Outside Shelters":7},"geometry":{"type":"Point","coordinates":[35.51281418,33.51962663]}},
{"type":"Feature","properties":{"Governorate":"South","District":"Jezzine","Cadaster Zone":"Aaray","Cadaster Name":"Ariya","ACS Code":63131,"Longitude":35.59287984,"Latitude":33.5654709,"IDPs Outside Shelters":19,"Families Outside Shelters":8},"geometry":{"type":"Point","coordinates":[35.59287984,33.5654709]}},
{"type":"Feature","properties":{"Governorate":"South","District":"Jezzine","Cadaster Zone":"Kfar Houne","Cadaster Name":"Kefer-Houné","ACS Code":63167,"Longitude":35.59271842,"Latitude":33.48583867,"IDPs Outside Shelters":19,"Families Outside Shelters":5},"geometry":{"type":"Point","coordinates":[35.59271842,33.48583867]}},
{"type":"Feature","properties":{"Governorate":"South","District":"Jezzine","Cadaster Zone":"Sabbah","Cadaster Name":"Sabbah","ACS Code":63134,"Longitude":35.56624599,"Latitude":33.5667627,"IDPs Outside Shelters":17,"Families Outside Shelters":4},"geometry":{"type":"Point","coordinates":[35.56624599,33.5667627]}},
{"type":"Feature","properties":{"Governorate":"South","District":"Jezzine","Cadaster Zone":"Haytoule","Cadaster Name":"Haitoulé","ACS Code":63224,"Longitude":35.47171301,"Latitude":33.51954057,"IDPs Outside Shelters":15,"Families Outside Shelters":5},"geometry":{"type":"Point","coordinates":[35.47171301,33.51954057]}},
{"type":"Feature","properties":{"Governorate":"South","District":"Jezzine","Cadaster Zone":"Machmouche","Cadaster Name":"Machmouché","ACS Code":63157,"Longitude":35.57084546,"Latitude":33.57990052,"IDPs Outside Shelters":15,"Families Outside Shelters":4},"geometry":{"type":"Point","coordinates":[35.57084546,33.57990052]}},
{"type":"Feature","properties":{"Governorate":"South","District":"Jezzine","Cadaster Zone":"Ouadi El-Laymoun","Cadaster Name":"Wadi Laimoune","ACS Code":63234,"Longitude":35.46646771,"Latitude":33.52649008,"IDPs Outside Shelters":15,"Families Outside Shelters":5},"geometry":{"type":"Point","coordinates":[35.46646771,33.52649008]}},
{"type":"Feature","properties":{"Governorate":"South","District":"Jezzine","Cadaster Zone":"Maknounet Jezzine","Cadaster Name":"El-Maknouniyé","ACS Code":63147,"Longitude":35.54086651,"Latitude":33.52650021,"IDPs Outside Shelters":14,"Families Outside Shelters":5},"geometry":{"type":"Point","coordinates":[35.54086651,33.52650021]}},
{"type":"Feature","properties":{"Governorate":"South","District":"Jezzine","Cadaster Zone":"Sanaya","Cadaster Name":"Sniyé","ACS Code":63287,"Longitude":35.52871911,"Latitude":33.51441414,"IDPs Outside Shelters":14,"Families Outside Shelters":4},"geometry":{"type":"Point","coordinates":[35.52871911,33.51441414]}},
{"type":"Feature","properties":{"Governorate":"South","District":"Jezzine","Cadaster Zone":"Taaid","Cadaster Name":"Taïd","ACS Code":63187,"Longitude":35.54638445,"Latitude":33.57318387,"IDPs Outside Shelters":10,"Families Outside Shelters":4},"geometry":{"type":"Point","coordinates":[35.54638445,33.57318387]}},
{"type":"Feature","properties":{"Governorate":"South","District":"Jezzine","Cadaster Zone":"Mrah El-Hbasse","Cadaster Name":"Mrah-el-Hbasse","ACS Code":63217,"Longitude":35.46243357,"Latitude":33.54929517,"IDPs Outside Shelters":9,"Families Outside Shelters":4},"geometry":{"type":"Point","coordinates":[35.46243357,33.54929517]}},
{"type":"Feature","properties":{"Governorate":"South","District":"Jezzine","Cadaster Zone":"Wadi Jezzine","Cadaster Name":"Wadi Djezzine","ACS Code":63114,"Longitude":35.58092892,"Latitude":33.55079662,"IDPs Outside Shelters":8,"Families Outside Shelters":3},"geometry":{"type":"Point","coordinates":[35.58092892,33.55079662]}},
{"type":"Feature","properties":{"Governorate":"South","District":"Jezzine","Cadaster Zone":"Mazraat El-Mathane","Cadaster Name":"Mazraat el-Mathané","ACS Code":63297,"Longitude":35.51988182,"Latitude":33.57872826,"IDPs Outside Shelters":5,"Families Outside Shelters":3},"geometry":{"type":"Point","coordinates":[35.51988182,33.57872826]}},
{"type":"Feature","properties":{"Governorate":"South","District":"Jezzine","Cadaster Zone":"Aaramta","Cadaster Name":"Aramté","ACS Code":63311,"Longitude":35.57725243,"Latitude":33.45663983,"IDPs Outside Shelters":0,"Families Outside Shelters":0},"geometry":{"type":"Point","coordinates":[35.57725243,33.45663983]}},
{"type":"Feature","properties":{"Governorate":"South","District":"Jezzine","Cadaster Zone":"Aaychiye","Cadaster Name":"Aïchiyé","ACS Code":63355,"Longitude":35.56363035,"Latitude":33.40362801,"IDPs Outside Shelters":0,"Families Outside Shelters":0},"geometry":{"type":"Point","coordinates":[35.56363035,33.40362801]}},
{"type":"Feature","properties":{"Governorate":"South","District":"Jezzine","Cadaster Zone":"Anane","Cadaster Name":"Anane","ACS Code":63274,"Longitude":35.50978883,"Latitude":33.56439001,"IDPs Outside Shelters":0,"Families Outside Shelters":0},"geometry":{"type":"Point","coordinates":[35.50978883,33.56439001]}},
{"type":"Feature","properties":{"Governorate":"South","District":"Jezzine","Cadaster Zone":"Bebé","Cadaster Name":"Baba","ACS Code":63174,"Longitude":35.54341867,"Latitude":33.56437796,"IDPs Outside Shelters":0,"Families Outside Shelters":0},"geometry":{"type":"Point","coordinates":[35.54341867,33.56437796]}},
{"type":"Feature","properties":{"Governorate":"South","District":"Jezzine","Cadaster Zone":"Bhannine","Cadaster Name":"Bhanine","ACS Code":63181,"Longitude":35.59648463,"Latitude":33.58224404,"IDPs Outside Shelters":0,"Families Outside Shelters":0},"geometry":{"type":"Point","coordinates":[35.59648463,33.58224404]}},
{"type":"Feature","properties":{"Governorate":"South","District":"Jezzine","Cadaster Zone":"Bisri","Cadaster Name":"Bisri","ACS Code":63191,"Longitude":35.53531762,"Latitude":33.57595638,"IDPs Outside Shelters":0,"Families Outside Shelters":0},"geometry":{"type":"Point","coordinates":[35.53531762,33.57595638]}},
{"type":"Feature","properties":{"Governorate":"South","District":"Jezzine","Cadaster Zone":"Bouslaya","Cadaster Name":"Bouslaya","ACS Code":63385,"Longitude":35.5101356,"Latitude":33.50398617,"IDPs Outside Shelters":0,"Families Outside Shelters":0},"geometry":{"type":"Point","coordinates":[35.5101356,33.50398617]}},
{"type":"Feature","properties":{"Governorate":"South","District":"Jezzine","Cadaster Zone":"Chbail","Cadaster Name":"Chabil","ACS Code":63347,"Longitude":35.59985631,"Latitude":33.41913634,"IDPs Outside Shelters":0,"Families Outside Shelters":0},"geometry":{"type":"Point","coordinates":[35.59985631,33.41913634]}},
{"type":"Feature","properties":{"Governorate":"South","District":"Jezzine","Cadaster Zone":"Choualiq Jezzine","Cadaster Name":"Chawalik","ACS Code":63247,"Longitude":35.44213019,"Latitude":33.55237422,"IDPs Outside Shelters":0,"Families Outside Shelters":0},"geometry":{"type":"Point","coordinates":[35.44213019,33.55237422]}},
{"type":"Feature","properties":{"Governorate":"South","District":"Jezzine","Cadaster Zone":"Dahr Ed-Deir","Cadaster Name":"Mazraat Dahr el-Deir","ACS Code":63257,"Longitude":35.50225906,"Latitude":33.5217065,"IDPs Outside Shelters":0,"Families Outside Shelters":0},"geometry":{"type":"Point","coordinates":[35.50225906,33.5217065]}},
{"type":"Feature","properties":{"Governorate":"South","District":"Jezzine","Cadaster Zone":"Demachqiye","Cadaster Name":"El-Demachkiyeh","ACS Code":63379,"Longitude":35.5450701,"Latitude":33.36978728,"IDPs Outside Shelters":0,"Families Outside Shelters":0},"geometry":{"type":"Point","coordinates":[35.5450701,33.36978728]}},
{"type":"Feature","properties":{"Governorate":"South","District":"Jezzine","Cadaster Zone":"Harf Jezzine","Cadaster Name":"El-Harf","ACS Code":63171,"Longitude":35.55704686,"Latitude":33.58043514,"IDPs Outside Shelters":0,"Families Outside Shelters":0},"geometry":{"type":"Point","coordinates":[35.55704686,33.58043514]}},
{"type":"Feature","properties":{"Governorate":"South","District":"Jezzine","Cadaster Zone":"Hassaniye","Cadaster Name":"Hassaniyé","ACS Code":63241,"Longitude":35.45636597,"Latitude":33.51942916,"IDPs Outside Shelters":0,"Families Outside Shelters":0},"geometry":{"type":"Point","coordinates":[35.45636597,33.51942916]}},
{"type":"Feature","properties":{"Governorate":"South","District":"Jezzine","Cadaster Zone":"Haytoura","Cadaster Name":"Haïtoura","ACS Code":63137,"Longitude":35.54974359,"Latitude":33.51983105,"IDPs Outside Shelters":0,"Families Outside Shelters":0},"geometry":{"type":"Point","coordinates":[35.54974359,33.51983105]}},
{"type":"Feature","properties":{"Governorate":"South","District":"Jezzine","Cadaster Zone":"Hidab","Cadaster Name":"Haïdab","ACS Code":63281,"Longitude":35.52559862,"Latitude":33.52417077,"IDPs Outside Shelters":0,"Families Outside Shelters":0},"geometry":{"type":"Point","coordinates":[35.52559862,33.52417077]}},
{"type":"Feature","properties":{"Governorate":"South","District":"Jezzine","Cadaster Zone":"Homsiye","Cadaster Name":"El-Homsiyé","ACS Code":63127,"Longitude":35.55621038,"Latitude":33.5507382,"IDPs Outside Shelters":0,"Families Outside Shelters":0},"geometry":{"type":"Point","coordinates":[35.55621038,33.5507382]}},
{"type":"Feature","properties":{"Governorate":"South","District":"Jezzine","Cadaster Zone":"Jabal Toura","Cadaster Name":"Jabal Toura","ACS Code":63164,"Longitude":35.56672781,"Latitude":33.50191496,"IDPs Outside Shelters":0,"Families Outside Shelters":0},"geometry":{"type":"Point","coordinates":[35.56672781,33.50191496]}},
{"type":"Feature","properties":{"Governorate":"South","District":"Jezzine","Cadaster Zone":"Jarmaq","Cadaster Name":"El-Jarmak","ACS Code":63375,"Longitude":35.5327728,"Latitude":33.38195358,"IDPs Outside Shelters":0,"Families Outside Shelters":0},"geometry":{"type":"Point","coordinates":[35.5327728,33.38195358]}},
{"type":"Feature","properties":{"Governorate":"South","District":"Jezzine","Cadaster Zone":"Jensnaya","Cadaster Name":"Jensnaya","ACS Code":63261,"Longitude":35.43161767,"Latitude":33.53748057,"IDPs Outside Shelters":0,"Families Outside Shelters":0},"geometry":{"type":"Point","coordinates":[35.43161767,33.53748057]}},
{"type":"Feature","properties":{"Governorate":"South","District":"Jezzine","Cadaster Zone":"Jernaya","Cadaster Name":"Jernaya","ACS Code":63294,"Longitude":35.4770395,"Latitude":33.4861616,"IDPs Outside Shelters":0,"Families Outside Shelters":0},"geometry":{"type":"Point","coordinates":[35.4770395,33.4861616]}},
{"type":"Feature","properties":{"Governorate":"South","District":"Jezzine","Cadaster Zone":"Karkha","Cadaster Name":"Karkha","ACS Code":63244,"Longitude":35.44972447,"Latitude":33.56438505,"IDPs Outside Shelters":0,"Families Outside Shelters":0},"geometry":{"type":"Point","coordinates":[35.44972447,33.56438505]}},
{"type":"Feature","properties":{"Governorate":"South","District":"Jezzine","Cadaster Zone":"litige","Cadaster Name":"litige","ACS Code":63001,"Longitude":35.57637216,"Latitude":33.58510287,"IDPs Outside Shelters":0,"Families Outside Shelters":0},"geometry":{"type":"Point","coordinates":[35.57637216,33.58510287]}},
{"type":"Feature","properties":{"Governorate":"South","District":"Jezzine","Cadaster Zone":"litige","Cadaster Name":"litige","ACS Code":63002,"Longitude":35.5505971,"Latitude":33.48278464,"IDPs Outside Shelters":0,"Families Outside Shelters":0},"geometry":{"type":"Point","coordinates":[35.5505971,33.48278464]}},
{"type":"Feature","properties":{"Governorate":"South","District":"Jezzine","Cadaster Zone":"litige","Cadaster Name":"litige","ACS Code":63003,"Longitude":35.54039925,"Latitude":33.46446451,"IDPs Outside Shelters":0,"Families Outside Shelters":0},"geometry":{"type":"Point","coordinates":[35.54039925,33.46446451]}},
{"type":"Feature","properties":{"Governorate":"South","District":"Jezzine","Cadaster Zone":"Louayzet Jezzine","Cadaster Name":"El-Louaizé","ACS Code":63331,"Longitude":35.53273034,"Latitude":33.46470277,"IDPs Outside Shelters":0,"Families Outside Shelters":0},"geometry":{"type":"Point","coordinates":[35.53273034,33.46470277]}},
{"type":"Feature","properties":{"Governorate":"South","District":"Jezzine","Cadaster Zone":"Mahmoudiye Jezzine","Cadaster Name":"El-Mahmoudiyeh","ACS Code":63371,"Longitude":35.55483942,"Latitude":33.38485453,"IDPs Outside Shelters":0,"Families Outside Shelters":0},"geometry":{"type":"Point","coordinates":[35.55483942,33.38485453]}},
{"type":"Feature","properties":{"Governorate":"South","District":"Jezzine","Cadaster Zone":"Maraat Ouazaiye","Cadaster Name":"Mazraat El Ouazaaiyé","ACS Code":63359,"Longitude":35.56810994,"Latitude":33.39070813,"IDPs Outside Shelters":0,"Families Outside Shelters":0},"geometry":{"type":"Point","coordinates":[35.56810994,33.39070813]}},
{"type":"Feature","properties":{"Governorate":"South","District":"Jezzine","Cadaster Zone":"Mazraat","Cadaster Name":"Akmata","ACS Code":63323,"Longitude":35.54610291,"Latitude":33.45552919,"IDPs Outside Shelters":0,"Families Outside Shelters":0},"geometry":{"type":"Point","coordinates":[35.54610291,33.45552919]}},
{"type":"Feature","properties":{"Governorate":"South","District":"Jezzine","Cadaster Zone":"Mazraat Daraya","Cadaster Name":"Mazraat Daraya","ACS Code":63378,"Longitude":35.60122443,"Latitude":33.46025026,"IDPs Outside Shelters":0,"Families Outside Shelters":0},"geometry":{"type":"Point","coordinates":[35.60122443,33.46025026]}},
{"type":"Feature","properties":{"Governorate":"South","District":"Jezzine","Cadaster Zone":"Mazraat El-Aarqoub","Cadaster Name":"Arkoub (Mazraat)","ACS Code":63367,"Longitude":35.53843036,"Latitude":33.4051069,"IDPs Outside Shelters":0,"Families Outside Shelters":0},"geometry":{"type":"Point","coordinates":[35.53843036,33.4051069]}},
{"type":"Feature","properties":{"Governorate":"South","District":"Jezzine","Cadaster Zone":"Mazraat Er-Rouhbane","Cadaster Name":"El-Rahbane","ACS Code":63194,"Longitude":35.55120015,"Latitude":33.49064266,"IDPs Outside Shelters":0,"Families Outside Shelters":0},"geometry":{"type":"Point","coordinates":[35.55120015,33.49064266]}},
{"type":"Feature","properties":{"Governorate":"South","District":"Jezzine","Cadaster Zone":"Mazraat Khallet Khazen","Cadaster Name":"Khellet Khazen","ACS Code":63335,"Longitude":35.58276291,"Latitude":33.42490403,"IDPs Outside Shelters":0,"Families Outside Shelters":0},"geometry":{"type":"Point","coordinates":[35.58276291,33.42490403]}},
{"type":"Feature","properties":{"Governorate":"South","District":"Jezzine","Cadaster Zone":"Mazraat Louzid (Louayziye)","Cadaster Name":"Mazraat Louzid (Louayziyé)","ACS Code":63348,"Longitude":35.5879029,"Latitude":33.41314568,"IDPs Outside Shelters":0,"Families Outside Shelters":0},"geometry":{"type":"Point","coordinates":[35.5879029,33.41314568]}},
{"type":"Feature","properties":{"Governorate":"South","District":"Jezzine","Cadaster Zone":"Mazraat Qrouh","Cadaster Name":"Krouh","ACS Code":63339,"Longitude":35.5732716,"Latitude":33.4295792,"IDPs Outside Shelters":0,"Families Outside Shelters":0},"geometry":{"type":"Point","coordinates":[35.5732716,33.4295792]}},
{"type":"Feature","properties":{"Governorate":"South","District":"Jezzine","Cadaster Zone":"Mazraat Tamra","Cadaster Name":"Tamra","ACS Code":63383,"Longitude":35.54263175,"Latitude":33.35553478,"IDPs Outside Shelters":0,"Families Outside Shelters":0},"geometry":{"type":"Point","coordinates":[35.54263175,33.35553478]}},
{"type":"Feature","properties":{"Governorate":"South","District":"Jezzine","Cadaster Zone":"Mazraat Zighrine Jezzine","Cadaster Name":"El-Zeghrine","ACS Code":63343,"Longitude":35.55493808,"Latitude":33.42292168,"IDPs Outside Shelters":0,"Families Outside Shelters":0},"geometry":{"type":"Point","coordinates":[35.55493808,33.42292168]}},
{"type":"Feature","properties":{"Governorate":"South","District":"Jezzine","Cadaster Zone":"Midane Jezzine","Cadaster Name":"El-Midan","ACS Code":63161,"Longitude":35.56617518,"Latitude":33.58710048,"IDPs Outside Shelters":0,"Families Outside Shelters":0},"geometry":{"type":"Point","coordinates":[35.56617518,33.58710048]}},
{"type":"Feature","properties":{"Governorate":"South","District":"Jezzine","Cadaster Zone":"Mjaydel Jezzine","Cadaster Name":"Mjaïdel","ACS Code":63254,"Longitude":35.43567159,"Latitude":33.51945281,"IDPs Outside Shelters":0,"Families Outside Shelters":0},"geometry":{"type":"Point","coordinates":[35.43567159,33.51945281]}},
{"type":"Feature","properties":{"Governorate":"South","District":"Jezzine","Cadaster Zone":"Ouardiye","Cadaster Name":"El-Wadié","ACS Code":63363,"Longitude":35.58911479,"Latitude":33.39281261,"IDPs Outside Shelters":0,"Families Outside Shelters":0},"geometry":{"type":"Point","coordinates":[35.58911479,33.39281261]}},
{"type":"Feature","properties":{"Governorate":"South","District":"Jezzine","Cadaster Zone":"Qabaa Jezzine","Cadaster Name":"El-Kabeh","ACS Code":63117,"Longitude":35.55526122,"Latitude":33.54355149,"IDPs Outside Shelters":0,"Families Outside Shelters":0},"geometry":{"type":"Point","coordinates":[35.55526122,33.54355149]}},
{"type":"Feature","properties":{"Governorate":"South","District":"Jezzine","Cadaster Zone":"Qatrani","Cadaster Name":"Katrani","ACS Code":63327,"Longitude":35.60287147,"Latitude":33.4416557,"IDPs Outside Shelters":0,"Families Outside Shelters":0},"geometry":{"type":"Point","coordinates":[35.60287147,33.4416557]}},
{"type":"Feature","properties":{"Governorate":"South","District":"Jezzine","Cadaster Zone":"Qaytoule","Cadaster Name":"Kaïtoulé","ACS Code":63121,"Longitude":35.54956681,"Latitude":33.53683281,"IDPs Outside Shelters":0,"Families Outside Shelters":0},"geometry":{"type":"Point","coordinates":[35.54956681,33.53683281]}},
{"type":"Feature","properties":{"Governorate":"South","District":"Jezzine","Cadaster Zone":"Qtale Jezzine","Cadaster Name":"Ktalé","ACS Code":63291,"Longitude":35.50191086,"Latitude":33.57198513,"IDPs Outside Shelters":0,"Families Outside Shelters":0},"geometry":{"type":"Point","coordinates":[35.50191086,33.57198513]}},
{"type":"Feature","properties":{"Governorate":"South","District":"Jezzine","Cadaster Zone":"Rihane Jezzine","Cadaster Name":"El-Rihane","ACS Code":63319,"Longitude":35.56070967,"Latitude":33.4396215,"IDPs Outside Shelters":0,"Families Outside Shelters":0},"geometry":{"type":"Point","coordinates":[35.56070967,33.4396215]}},
{"type":"Feature","properties":{"Governorate":"South","District":"Jezzine","Cadaster Zone":"Roummanet","Cadaster Name":"El-Remmané","ACS Code":63154,"Longitude":35.55558499,"Latitude":33.50705302,"IDPs Outside Shelters":0,"Families Outside Shelters":0},"geometry":{"type":"Point","coordinates":[35.55558499,33.50705302]}},
{"type":"Feature","properties":{"Governorate":"South","District":"Jezzine","Cadaster Zone":"Sejoud","Cadaster Name":"Soujoud","ACS Code":63351,"Longitude":35.53620211,"Latitude":33.43370257,"IDPs Outside Shelters":0,"Families Outside Shelters":0},"geometry":{"type":"Point","coordinates":[35.53620211,33.43370257]}},
{"type":"Feature","properties":{"Governorate":"South","District":"Jezzine","Cadaster Zone":"Sfaray","Cadaster Name":"Sfarai","ACS Code":63237,"Longitude":35.49330083,"Latitude":33.55343786,"IDPs Outside Shelters":0,"Families Outside Shelters":0},"geometry":{"type":"Point","coordinates":[35.49330083,33.55343786]}},
{"type":"Feature","properties":{"Governorate":"South","District":"Jezzine","Cadaster Zone":"Srayri","Cadaster Name":"Srayri","ACS Code":63298,"Longitude":35.62181084,"Latitude":33.42991527,"IDPs Outside Shelters":0,"Families Outside Shelters":0},"geometry":{"type":"Point","coordinates":[35.62181084,33.42991527]}},
{"type":"Feature","properties":{"Governorate":"South","District":"Jezzine","Cadaster Zone":"Zhilta","Cadaster Name":"Zhalta","ACS Code":63177,"Longitude":35.54573305,"Latitude":33.51033809,"IDPs Outside Shelters":0,"Families Outside Shelters":0},"geometry":{"type":"Point","coordinates":[35.54573305,33.51033809]}},
{"type":"Feature","properties":{"Governorate":"Mount Lebanon","District":"Kesrwane","Cadaster Zone":"Jounie Sarba","Cadaster Name":"Djounié Sarba","ACS Code":25111,"Longitude":35.62141787,"Latitude":33.98019874,"IDPs Outside Shelters":545,"Families Outside Shelters":124},"geometry":{"type":"Point","coordinates":[35.62141787,33.98019874]}},
{"type":"Feature","properties":{"Governorate":"Mount Lebanon","District":"Kesrwane","Cadaster Zone":"Maaysra Kesrouane","Cadaster Name":"El-Mouaïsra","ACS Code":25357,"Longitude":35.67490025,"Latitude":34.06929533,"IDPs Outside Shelters":207,"Families Outside Shelters":47},"geometry":{"type":"Point","coordinates":[35.67490025,34.06929533]}},
{"type":"Feature","properties":{"Governorate":"Mount Lebanon","District":"Kesrwane","Cadaster Zone":"Zouk Mousbeh","Cadaster Name":"Zouk Mousbeh","ACS Code":25126,"Longitude":35.61285138,"Latitude":33.9567755,"IDPs Outside Shelters":142,"Families Outside Shelters":33},"geometry":{"type":"Point","coordinates":[35.61285138,33.9567755]}},
{"type":"Feature","properties":{"Governorate":"Mount Lebanon","District":"Kesrwane","Cadaster Zone":"Ghazir","Cadaster Name":"Ghazir","ACS Code":25311,"Longitude":35.66367098,"Latitude":34.01607173,"IDPs Outside Shelters":116,"Families Outside Shelters":27},"geometry":{"type":"Point","coordinates":[35.66367098,34.01607173]}},
{"type":"Feature","properties":{"Governorate":"Mount Lebanon","District":"Kesrwane","Cadaster Zone":"Jounie Haret Sakhr","Cadaster Name":"Djounié Haret Sakhr","ACS Code":25131,"Longitude":35.64325631,"Latitude":33.99037659,"IDPs Outside Shelters":94,"Families Outside Shelters":22},"geometry":{"type":"Point","coordinates":[35.64325631,33.99037659]}},
{"type":"Feature","properties":{"Governorate":"Mount Lebanon","District":"Kesrwane","Cadaster Zone":"Hrajel","Cadaster Name":"Hrajel","ACS Code":25471,"Longitude":35.80409665,"Latitude":34.03104743,"IDPs Outside Shelters":84,"Families Outside Shelters":20},"geometry":{"type":"Point","coordinates":[35.80409665,34.03104743]}},
{"type":"Feature","properties":{"Governorate":"Mount Lebanon","District":"Kesrwane","Cadaster Zone":"Mayrouba","Cadaster Name":"Mayrouba","ACS Code":25459,"Longitude":35.77717391,"Latitude":34.03001529,"IDPs Outside Shelters":81,"Families Outside Shelters":19},"geometry":{"type":"Point","coordinates":[35.77717391,34.03001529]}},
{"type":"Feature","properties":{"Governorate":"Mount Lebanon","District":"Kesrwane","Cadaster Zone":"Faytroun","Cadaster Name":"Faïtroun","ACS Code":25427,"Longitude":35.74207661,"Latitude":33.99488638,"IDPs Outside Shelters":74,"Families Outside Shelters":9},"geometry":{"type":"Point","coordinates":[35.74207661,33.99488638]}},
{"type":"Feature","properties":{"Governorate":"Mount Lebanon","District":"Kesrwane","Cadaster Zone":"Bouar","Cadaster Name":"El-Bouar","ACS Code":25166,"Longitude":35.64454515,"Latitude":34.04517609,"IDPs Outside Shelters":71,"Families Outside Shelters":17},"geometry":{"type":"Point","coordinates":[35.64454515,34.04517609]}},
{"type":"Feature","properties":{"Governorate":"Mount Lebanon","District":"Kesrwane","Cadaster Zone":"Zouk Mkayel","Cadaster Name":"Zouk Mikaèl","ACS Code":25116,"Longitude":35.61808527,"Latitude":33.9691601,"IDPs Outside Shelters":71,"Families Outside Shelters":17},"geometry":{"type":"Point","coordinates":[35.61808527,33.9691601]}},
{"type":"Feature","properties":{"Governorate":"Mount Lebanon","District":"Kesrwane","Cadaster Zone":"Zaitoun","Cadaster Name":"Zeitoune","ACS Code":25375,"Longitude":35.67413187,"Latitude":34.06117038,"IDPs Outside Shelters":54,"Families Outside Shelters":15},"geometry":{"type":"Point","coordinates":[35.67413187,34.06117038]}},
{"type":"Feature","properties":{"Governorate":"Mount Lebanon","District":"Kesrwane","Cadaster Zone":"Faraya","Cadaster Name":"Faraya","ACS Code":25475,"Longitude":35.83003639,"Latitude":34.02065518,"IDPs Outside Shelters":49,"Families Outside Shelters":12},"geometry":{"type":"Point","coordinates":[35.83003639,34.02065518]}},
{"type":"Feature","properties":{"Governorate":"Mount Lebanon","District":"Kesrwane","Cadaster Zone":"Kfar Dibiane","Cadaster Name":"Mazraet Kfardebiane","ACS Code":25439,"Longitude":35.78690996,"Latitude":33.99046807,"IDPs Outside Shelters":49,"Families Outside Shelters":12},"geometry":{"type":"Point","coordinates":[35.78690996,33.99046807]}},
{"type":"Feature","properties":{"Governorate":"Mount Lebanon","District":"Kesrwane","Cadaster Zone":"Ouata Sillam","Cadaster Name":"Wata Salam","ACS Code":25141,"Longitude":35.62673832,"Latitude":34.02243846,"IDPs Outside Shelters":49,"Families Outside Shelters":12},"geometry":{"type":"Point","coordinates":[35.62673832,34.02243846]}},
{"type":"Feature","properties":{"Governorate":"Mount Lebanon","District":"Kesrwane","Cadaster Zone":"Sahel Aalma","Cadaster Name":"Djounié Salel Alma","ACS Code":25136,"Longitude":35.6526608,"Latitude":33.99529854,"IDPs Outside Shelters":49,"Families Outside Shelters":12},"geometry":{"type":"Point","coordinates":[35.6526608,33.99529854]}},
{"type":"Feature","properties":{"Governorate":"Mount Lebanon","District":"Kesrwane","Cadaster Zone":"Tabarja","Cadaster Name":"Tabarja","ACS Code":25151,"Longitude":35.63556422,"Latitude":34.03021912,"IDPs Outside Shelters":49,"Families Outside Shelters":12},"geometry":{"type":"Point","coordinates":[35.63556422,34.03021912]}},
{"type":"Feature","properties":{"Governorate":"Mount Lebanon","District":"Kesrwane","Cadaster Zone":"Aaqaibe Kesrouane","Cadaster Name":"El-Ekaïbé","ACS Code":25171,"Longitude":35.64811568,"Latitude":34.05211401,"IDPs Outside Shelters":47,"Families Outside Shelters":12},"geometry":{"type":"Point","coordinates":[35.64811568,34.05211401]}},
{"type":"Feature","properties":{"Governorate":"Mount Lebanon","District":"Kesrwane","Cadaster Zone":"Kfar Yassine","Cadaster Name":"Kferyacine","ACS Code":25146,"Longitude":35.63502849,"Latitude":34.02011636,"IDPs Outside Shelters":40,"Families Outside Shelters":10},"geometry":{"type":"Point","coordinates":[35.63502849,34.02011636]}},
{"type":"Feature","properties":{"Governorate":"Mount Lebanon","District":"Kesrwane","Cadaster Zone":"Safra Kesrouane","Cadaster Name":"EL-Safra","ACS Code":25161,"Longitude":35.63854385,"Latitude":34.03633012,"IDPs Outside Shelters":40,"Families Outside Shelters":10},"geometry":{"type":"Point","coordinates":[35.63854385,34.03633012]}},
{"type":"Feature","properties":{"Governorate":"Mount Lebanon","District":"Kesrwane","Cadaster Zone":"Jounie Ghadir","Cadaster Name":"Djounié Ghadir","ACS Code":25121,"Longitude":35.63485271,"Latitude":33.97630539,"IDPs Outside Shelters":27,"Families Outside Shelters":7},"geometry":{"type":"Point","coordinates":[35.63485271,33.97630539]}},
{"type":"Feature","properties":{"Governorate":"Mount Lebanon","District":"Kesrwane","Cadaster Zone":"Shayle Kesrouane","Cadaster Name":"Souhailet El-Faouka","ACS Code":25231,"Longitude":35.66032869,"Latitude":33.96096432,"IDPs Outside Shelters":27,"Families Outside Shelters":7},"geometry":{"type":"Point","coordinates":[35.66032869,33.96096432]}},
{"type":"Feature","properties":{"Governorate":"Mount Lebanon","District":"Kesrwane","Cadaster Zone":"Adma Oua Dafine","Cadaster Name":"Edma et Defné","ACS Code":25156,"Longitude":35.64803893,"Latitude":34.02355387,"IDPs Outside Shelters":22,"Families Outside Shelters":6},"geometry":{"type":"Point","coordinates":[35.64803893,34.02355387]}},
{"type":"Feature","properties":{"Governorate":"Mount Lebanon","District":"Kesrwane","Cadaster Zone":"Aachqout","Cadaster Name":"Achkoute","ACS Code":25423,"Longitude":35.70732871,"Latitude":33.99194831,"IDPs Outside Shelters":19,"Families Outside Shelters":5},"geometry":{"type":"Point","coordinates":[35.70732871,33.99194831]}},
{"type":"Feature","properties":{"Governorate":"Mount Lebanon","District":"Kesrwane","Cadaster Zone":"Kfour Kesrouane","Cadaster Name":"El-Kfour","ACS Code":25329,"Longitude":35.68820686,"Latitude":34.03305084,"IDPs Outside Shelters":17,"Families Outside Shelters":5},"geometry":{"type":"Point","coordinates":[35.68820686,34.03305084]}},
{"type":"Feature","properties":{"Governorate":"Mount Lebanon","District":"Kesrwane","Cadaster Zone":"Bzoummar","Cadaster Name":"Bzoumar","ACS Code":25337,"Longitude":35.6844226,"Latitude":33.98687357,"IDPs Outside Shelters":16,"Families Outside Shelters":5},"geometry":{"type":"Point","coordinates":[35.6844226,33.98687357]}},
{"type":"Feature","properties":{"Governorate":"Mount Lebanon","District":"Kesrwane","Cadaster Zone":"Zaaitre","Cadaster Name":"Zaaitré","ACS Code":25353,"Longitude":35.69749392,"Latitude":34.0697063,"IDPs Outside Shelters":16,"Families Outside Shelters":5},"geometry":{"type":"Point","coordinates":[35.69749392,34.0697063]}},
{"type":"Feature","properties":{"Governorate":"Mount Lebanon","District":"Kesrwane","Cadaster Zone":"Jaaita","Cadaster Name":"Jeita","ACS Code":25261,"Longitude":35.64625262,"Latitude":33.94831517,"IDPs Outside Shelters":13,"Families Outside Shelters":4},"geometry":{"type":"Point","coordinates":[35.64625262,33.94831517]}},
{"type":"Feature","properties":{"Governorate":"Mount Lebanon","District":"Kesrwane","Cadaster Zone":"Nammoura Kesrouane","Cadaster Name":"Nammoura et Kfar Jerif","ACS Code":25341,"Longitude":35.67190412,"Latitude":34.05280074,"IDPs Outside Shelters":13,"Families Outside Shelters":4},"geometry":{"type":"Point","coordinates":[35.67190412,34.05280074]}},
{"type":"Feature","properties":{"Governorate":"Mount Lebanon","District":"Kesrwane","Cadaster Zone":"Beqaata Aachqout","Cadaster Name":"Bekaatet-Achkoute","ACS Code":25431,"Longitude":35.73311111,"Latitude":34.00610518,"IDPs Outside Shelters":12,"Families Outside Shelters":4},"geometry":{"type":"Point","coordinates":[35.73311111,34.00610518]}},
{"type":"Feature","properties":{"Governorate":"Mount Lebanon","District":"Kesrwane","Cadaster Zone":"Jouret Bedrane","Cadaster Name":"Jouret Bedrane","ACS Code":25365,"Longitude":35.71579943,"Latitude":34.06352018,"IDPs Outside Shelters":9,"Families Outside Shelters":3},"geometry":{"type":"Point","coordinates":[35.71579943,34.06352018]}},
{"type":"Feature","properties":{"Governorate":"Mount Lebanon","District":"Kesrwane","Cadaster Zone":"Aain Ed-Delbe Kesrouane","Cadaster Name":"Aïn El-Delbé","ACS Code":25463,"Longitude":35.76571761,"Latitude":34.03864701,"IDPs Outside Shelters":0,"Families Outside Shelters":0},"geometry":{"type":"Point","coordinates":[35.76571761,34.03864701]}},
{"type":"Feature","properties":{"Governorate":"Mount Lebanon","District":"Kesrwane","Cadaster Zone":"Aain Er-Rihane","Cadaster Name":"Aïn El-Rihané","ACS Code":25251,"Longitude":35.64801203,"Latitude":33.9635048,"IDPs Outside Shelters":0,"Families Outside Shelters":0},"geometry":{"type":"Point","coordinates":[35.64801203,33.9635048]}},
{"type":"Feature","properties":{"Governorate":"Mount Lebanon","District":"Kesrwane","Cadaster Zone":"Aajaltoun","Cadaster Name":"Ajeltoun","ACS Code":25211,"Longitude":35.6854859,"Latitude":33.96300671,"IDPs Outside Shelters":0,"Families Outside Shelters":0},"geometry":{"type":"Point","coordinates":[35.6854859,33.96300671]}},
{"type":"Feature","properties":{"Governorate":"Mount Lebanon","District":"Kesrwane","Cadaster Zone":"Aaramoun Kesrouane","Cadaster Name":"Aramoun","ACS Code":25327,"Longitude":35.69986293,"Latitude":34.0188644,"IDPs Outside Shelters":0,"Families Outside Shelters":0},"geometry":{"type":"Point","coordinates":[35.69986293,34.0188644]}},
{"type":"Feature","properties":{"Governorate":"Mount Lebanon","District":"Kesrwane","Cadaster Zone":"Aazra ouel Aazr","Cadaster Name":"El-Azra","ACS Code":25361,"Longitude":35.70448207,"Latitude":34.0625552,"IDPs Outside Shelters":0,"Families Outside Shelters":0},"geometry":{"type":"Point","coordinates":[35.70448207,34.0625552]}},
{"type":"Feature","properties":{"Governorate":"Mount Lebanon","District":"Kesrwane","Cadaster Zone":"Aintoura Kesrouane","Cadaster Name":"Aïntoura","ACS Code":25271,"Longitude":35.63552787,"Latitude":33.95875577,"IDPs Outside Shelters":0,"Families Outside Shelters":0},"geometry":{"type":"Point","coordinates":[35.63552787,33.95875577]}},
{"type":"Feature","properties":{"Governorate":"Mount Lebanon","District":"Kesrwane","Cadaster Zone":"Balloune","Cadaster Name":"Ballouné","ACS Code":25221,"Longitude":35.67014397,"Latitude":33.95016908,"IDPs Outside Shelters":0,"Families Outside Shelters":0},"geometry":{"type":"Point","coordinates":[35.67014397,33.95016908]}},
{"type":"Feature","properties":{"Governorate":"Mount Lebanon","District":"Kesrwane","Cadaster Zone":"Batha","Cadaster Name":"Batha","ACS Code":25325,"Longitude":35.6617996,"Latitude":33.98886454,"IDPs Outside Shelters":0,"Families Outside Shelters":0},"geometry":{"type":"Point","coordinates":[35.6617996,33.98886454]}},
{"type":"Feature","properties":{"Governorate":"Mount Lebanon","District":"Kesrwane","Cadaster Zone":"Beqaata Kanaan","Cadaster Name":"Bekaatet Kénaan","ACS Code":25443,"Longitude":35.76153094,"Latitude":33.96456354,"IDPs Outside Shelters":0,"Families Outside Shelters":0},"geometry":{"type":"Point","coordinates":[35.76153094,33.96456354]}},
{"type":"Feature","properties":{"Governorate":"Mount Lebanon","District":"Kesrwane","Cadaster Zone":"Bizhel","Cadaster Name":"Bezhel","ACS Code":25369,"Longitude":35.69715907,"Latitude":34.07912232,"IDPs Outside Shelters":0,"Families Outside Shelters":0},"geometry":{"type":"Point","coordinates":[35.69715907,34.07912232]}},
{"type":"Feature","properties":{"Governorate":"Mount Lebanon","District":"Kesrwane","Cadaster Zone":"Bourj El-Ftouh","Cadaster Name":"Fatka","ACS Code":25313,"Longitude":35.6666375,"Latitude":34.03568984,"IDPs Outside Shelters":0,"Families Outside Shelters":0},"geometry":{"type":"Point","coordinates":[35.6666375,34.03568984]}},
{"type":"Feature","properties":{"Governorate":"Mount Lebanon","District":"Kesrwane","Cadaster Zone":"Bqaatouta","Cadaster Name":"Bekaatouta","ACS Code":25451,"Longitude":35.78240366,"Latitude":33.9737293,"IDPs Outside Shelters":0,"Families Outside Shelters":0},"geometry":{"type":"Point","coordinates":[35.78240366,33.9737293]}},
{"type":"Feature","properties":{"Governorate":"Mount Lebanon","District":"Kesrwane","Cadaster Zone":"Bqaq Ed-Dine","Cadaster Name":"Boukak El-Dine","ACS Code":25176,"Longitude":35.64907564,"Latitude":34.0576807,"IDPs Outside Shelters":0,"Families Outside Shelters":0},"geometry":{"type":"Point","coordinates":[35.64907564,34.0576807]}},
{"type":"Feature","properties":{"Governorate":"Mount Lebanon","District":"Kesrwane","Cadaster Zone":"Chahtoul","Cadaster Name":"Chahtoul","ACS Code":25351,"Longitude":35.7265043,"Latitude":34.03417881,"IDPs Outside Shelters":0,"Families Outside Shelters":0},"geometry":{"type":"Point","coordinates":[35.7265043,34.03417881]}},
{"type":"Feature","properties":{"Governorate":"Mount Lebanon","District":"Kesrwane","Cadaster Zone":"Chnanaair","Cadaster Name":"Chenanhir","ACS Code":25315,"Longitude":35.66753961,"Latitude":34.0050223,"IDPs Outside Shelters":0,"Families Outside Shelters":0},"geometry":{"type":"Point","coordinates":[35.66753961,34.0050223]}},
{"type":"Feature","properties":{"Governorate":"Mount Lebanon","District":"Kesrwane","Cadaster Zone":"Chouane","Cadaster Name":"El-Abri et Chouan","ACS Code":25479,"Longitude":35.77533767,"Latitude":34.07347279,"IDPs Outside Shelters":0,"Families Outside Shelters":0},"geometry":{"type":"Point","coordinates":[35.77533767,34.07347279]}},
{"type":"Feature","properties":{"Governorate":"Mount Lebanon","District":"Kesrwane","Cadaster Zone":"Daraaoun","Cadaster Name":"Daraoun","ACS Code":25347,"Longitude":35.65492135,"Latitude":33.97500117,"IDPs Outside Shelters":0,"Families Outside Shelters":0},"geometry":{"type":"Point","coordinates":[35.65492135,33.97500117]}},
{"type":"Feature","properties":{"Governorate":"Mount Lebanon","District":"Kesrwane","Cadaster Zone":"Daraiya Kesrouane","Cadaster Name":"Daraya","ACS Code":25241,"Longitude":35.69840125,"Latitude":33.95321133,"IDPs Outside Shelters":0,"Families Outside Shelters":0},"geometry":{"type":"Point","coordinates":[35.69840125,33.95321133]}},
{"type":"Feature","properties":{"Governorate":"Mount Lebanon","District":"Kesrwane","Cadaster Zone":"Deir Baqlouch","Cadaster Name":"Deir Baklouche","ACS Code":25335,"Longitude":35.65858246,"Latitude":33.9905371,"IDPs Outside Shelters":0,"Families Outside Shelters":0},"geometry":{"type":"Point","coordinates":[35.65858246,33.9905371]}},
{"type":"Feature","properties":{"Governorate":"Mount Lebanon","District":"Kesrwane","Cadaster Zone":"Dlebta","Cadaster Name":"Dlebta","ACS Code":25323,"Longitude":35.69008134,"Latitude":34.00805353,"IDPs Outside Shelters":0,"Families Outside Shelters":0},"geometry":{"type":"Point","coordinates":[35.69008134,34.00805353]}},
{"type":"Feature","properties":{"Governorate":"Mount Lebanon","District":"Kesrwane","Cadaster Zone":"Ghbale Kesrouane","Cadaster Name":"Ghbélé","ACS Code":25363,"Longitude":35.72304215,"Latitude":34.05504617,"IDPs Outside Shelters":0,"Families Outside Shelters":0},"geometry":{"type":"Point","coordinates":[35.72304215,34.05504617]}},
{"type":"Feature","properties":{"Governorate":"Mount Lebanon","District":"Kesrwane","Cadaster Zone":"Ghidras","Cadaster Name":"Ghodrace","ACS Code":25331,"Longitude":35.70086035,"Latitude":34.05667619,"IDPs Outside Shelters":0,"Families Outside Shelters":0},"geometry":{"type":"Point","coordinates":[35.70086035,34.05667619]}},
{"type":"Feature","properties":{"Governorate":"Mount Lebanon","District":"Kesrwane","Cadaster Zone":"Ghidras","Cadaster Name":"Ghodrace","ACS Code":25331,"Longitude":35.68350273,"Latitude":34.04805195,"IDPs Outside Shelters":0,"Families Outside Shelters":0},"geometry":{"type":"Point","coordinates":[35.68350273,34.04805195]}},
{"type":"Feature","properties":{"Governorate":"Mount Lebanon","District":"Kesrwane","Cadaster Zone":"Ghine","Cadaster Name":"El-Ghuiné","ACS Code":25343,"Longitude":35.70737488,"Latitude":34.03971941,"IDPs Outside Shelters":0,"Families Outside Shelters":0},"geometry":{"type":"Point","coordinates":[35.70737488,34.03971941]}},
{"type":"Feature","properties":{"Governorate":"Mount Lebanon","District":"Kesrwane","Cadaster Zone":"Ghosta","Cadaster Name":"Ghosta","ACS Code":25319,"Longitude":35.67483631,"Latitude":33.98734804,"IDPs Outside Shelters":0,"Families Outside Shelters":0},"geometry":{"type":"Point","coordinates":[35.67483631,33.98734804]}},
{"type":"Feature","properties":{"Governorate":"Mount Lebanon","District":"Kesrwane","Cadaster Zone":"Harharaya","Cadaster Name":"Herhraya et Kattine","ACS Code":25333,"Longitude":35.70349249,"Latitude":34.02868481,"IDPs Outside Shelters":0,"Families Outside Shelters":0},"geometry":{"type":"Point","coordinates":[35.70349249,34.02868481]}},
{"type":"Feature","properties":{"Governorate":"Mount Lebanon","District":"Kesrwane","Cadaster Zone":"Harissa Kesrouane","Cadaster Name":"Harissa","ACS Code":25339,"Longitude":35.65149951,"Latitude":33.98230676,"IDPs Outside Shelters":0,"Families Outside Shelters":0},"geometry":{"type":"Point","coordinates":[35.65149951,33.98230676]}},
{"type":"Feature","properties":{"Governorate":"Mount Lebanon","District":"Kesrwane","Cadaster Zone":"Hayata","Cadaster Name":"Hayata","ACS Code":25349,"Longitude":35.72022049,"Latitude":34.02394085,"IDPs Outside Shelters":0,"Families Outside Shelters":0},"geometry":{"type":"Point","coordinates":[35.72022049,34.02394085]}},
{"type":"Feature","properties":{"Governorate":"Mount Lebanon","District":"Kesrwane","Cadaster Zone":"Hsayn","Cadaster Name":"El-Hossein","ACS Code":25345,"Longitude":35.70560083,"Latitude":34.0511924,"IDPs Outside Shelters":0,"Families Outside Shelters":0},"geometry":{"type":"Point","coordinates":[35.70560083,34.0511924]}},
{"type":"Feature","properties":{"Governorate":"Mount Lebanon","District":"Kesrwane","Cadaster Zone":"Ighbe","Cadaster Name":"Eghbeh","ACS Code":25391,"Longitude":35.71048732,"Latitude":34.01390554,"IDPs Outside Shelters":0,"Families Outside Shelters":0},"geometry":{"type":"Point","coordinates":[35.71048732,34.01390554]}},
{"type":"Feature","properties":{"Governorate":"Mount Lebanon","District":"Kesrwane","Cadaster Zone":"Jdaidet Ghazir","Cadaster Name":"Jdeidet Ghazir","ACS Code":25317,"Longitude":35.69027221,"Latitude":34.01901873,"IDPs Outside Shelters":0,"Families Outside Shelters":0},"geometry":{"type":"Point","coordinates":[35.69027221,34.01901873]}},
{"type":"Feature","properties":{"Governorate":"Mount Lebanon","District":"Kesrwane","Cadaster Zone":"Jouret E-Tourmos","Cadaster Name":"Jouret Termos","ACS Code":25355,"Longitude":35.71085438,"Latitude":34.0462066,"IDPs Outside Shelters":0,"Families Outside Shelters":0},"geometry":{"type":"Point","coordinates":[35.71085438,34.0462066]}},
{"type":"Feature","properties":{"Governorate":"Mount Lebanon","District":"Kesrwane","Cadaster Zone":"Jouret Mhad","Cadaster Name":"Jouret Mhad","ACS Code":25359,"Longitude":35.73697989,"Latitude":34.03771252,"IDPs Outside Shelters":0,"Families Outside Shelters":0},"geometry":{"type":"Point","coordinates":[35.73697989,34.03771252]}},
{"type":"Feature","properties":{"Governorate":"Mount Lebanon","District":"Kesrwane","Cadaster Zone":"Kfar Tay Kesrouane","Cadaster Name":"Kfertaï","ACS Code":25447,"Longitude":35.74562138,"Latitude":33.96248678,"IDPs Outside Shelters":0,"Families Outside Shelters":0},"geometry":{"type":"Point","coordinates":[35.74562138,33.96248678]}},
{"type":"Feature","properties":{"Governorate":"Mount Lebanon","District":"Kesrwane","Cadaster Zone":"Kfar Tay Kesrouane","Cadaster Name":"Kfertaï","ACS Code":25447,"Longitude":35.77195878,"Latitude":33.95726166,"IDPs Outside Shelters":0,"Families Outside Shelters":0},"geometry":{"type":"Point","coordinates":[35.77195878,33.95726166]}},
{"type":"Feature","properties":{"Governorate":"Mount Lebanon","District":"Kesrwane","Cadaster Zone":"Kharayeb Nahr Ibrahim","Cadaster Name":"Kharayeb Nahr Ibrahim","ACS Code":25181,"Longitude":35.66438186,"Latitude":34.07214286,"IDPs Outside Shelters":0,"Families Outside Shelters":0},"geometry":{"type":"Point","coordinates":[35.66438186,34.07214286]}},
{"type":"Feature","properties":{"Governorate":"Mount Lebanon","District":"Kesrwane","Cadaster Zone":"litige","Cadaster Name":"litige","ACS Code":26008,"Longitude":35.94383311,"Latitude":34.07060206,"IDPs Outside Shelters":0,"Families Outside Shelters":0},"geometry":{"type":"Point","coordinates":[35.94383311,34.07060206]}},
{"type":"Feature","properties":{"Governorate":"Mount Lebanon","District":"Kesrwane","Cadaster Zone":"litige","Cadaster Name":"litige","ACS Code":25001,"Longitude":35.91580055,"Latitude":34.05379088,"IDPs Outside Shelters":0,"Families Outside Shelters":0},"geometry":{"type":"Point","coordinates":[35.91580055,34.05379088]}},
{"type":"Feature","properties":{"Governorate":"Mount Lebanon","District":"Kesrwane","Cadaster Zone":"litige","Cadaster Name":"litige","ACS Code":25002,"Longitude":35.88359739,"Latitude":34.0158221,"IDPs Outside Shelters":0,"Families Outside Shelters":0},"geometry":{"type":"Point","coordinates":[35.88359739,34.0158221]}},
{"type":"Feature","properties":{"Governorate":"Mount Lebanon","District":"Kesrwane","Cadaster Zone":"litige","Cadaster Name":"litige","ACS Code":25003,"Longitude":35.69038896,"Latitude":33.97822999,"IDPs Outside Shelters":0,"Families Outside Shelters":0},"geometry":{"type":"Point","coordinates":[35.69038896,33.97822999]}},
{"type":"Feature","properties":{"Governorate":"Mount Lebanon","District":"Kesrwane","Cadaster Zone":"Maarab","Cadaster Name":"Maarab","ACS Code":25321,"Longitude":35.68349063,"Latitude":33.99915907,"IDPs Outside Shelters":0,"Families Outside Shelters":0},"geometry":{"type":"Point","coordinates":[35.68349063,33.99915907]}},
{"type":"Feature","properties":{"Governorate":"Mount Lebanon","District":"Kesrwane","Cadaster Zone":"Mazraat Er-Ras","Cadaster Name":"Mazraet El-Ras","ACS Code":25281,"Longitude":35.63039956,"Latitude":33.95239954,"IDPs Outside Shelters":0,"Families Outside Shelters":0},"geometry":{"type":"Point","coordinates":[35.63039956,33.95239954]}},
{"type":"Feature","properties":{"Governorate":"Mount Lebanon","District":"Kesrwane","Cadaster Zone":"Mazraat Mrah El-Mir","Cadaster Name":"Mazraet Mrah el-Mir","ACS Code":25419,"Longitude":35.70060351,"Latitude":33.96202774,"IDPs Outside Shelters":0,"Families Outside Shelters":0},"geometry":{"type":"Point","coordinates":[35.70060351,33.96202774]}},
{"type":"Feature","properties":{"Governorate":"Mount Lebanon","District":"Kesrwane","Cadaster Zone":"Mchaa El Ftouh","Cadaster Name":"Mchaa El Ftouh","ACS Code":25488,"Longitude":35.91314336,"Latitude":34.03890687,"IDPs Outside Shelters":0,"Families Outside Shelters":0},"geometry":{"type":"Point","coordinates":[35.91314336,34.03890687]}},
{"type":"Feature","properties":{"Governorate":"Mount Lebanon","District":"Kesrwane","Cadaster Zone":"Mchaa Faraya","Cadaster Name":"Mouchaa Kesrouan (Faraya)","ACS Code":25485,"Longitude":35.84849697,"Latitude":34.0381214,"IDPs Outside Shelters":0,"Families Outside Shelters":0},"geometry":{"type":"Point","coordinates":[35.84849697,34.0381214]}},
{"type":"Feature","properties":{"Governorate":"Mount Lebanon","District":"Kesrwane","Cadaster Zone":"Mchaa Kfar Dibiane","Cadaster Name":"Mouchaa Kesrouan (Kfardebian)","ACS Code":25482,"Longitude":35.86734836,"Latitude":33.98117739,"IDPs Outside Shelters":0,"Families Outside Shelters":0},"geometry":{"type":"Point","coordinates":[35.86734836,33.98117739]}},
{"type":"Feature","properties":{"Governorate":"Mount Lebanon","District":"Kesrwane","Cadaster Zone":"Mghayer","Cadaster Name":"El-Mghaer","ACS Code":25467,"Longitude":35.77087391,"Latitude":34.03949487,"IDPs Outside Shelters":0,"Families Outside Shelters":0},"geometry":{"type":"Point","coordinates":[35.77087391,34.03949487]}},
{"type":"Feature","properties":{"Governorate":"Mount Lebanon","District":"Kesrwane","Cadaster Zone":"Mradiye","Cadaster Name":"El-Mradiyeh","ACS Code":25367,"Longitude":35.70915914,"Latitude":34.07232257,"IDPs Outside Shelters":0,"Families Outside Shelters":0},"geometry":{"type":"Point","coordinates":[35.70915914,34.07232257]}},
{"type":"Feature","properties":{"Governorate":"Mount Lebanon","District":"Kesrwane","Cadaster Zone":"Nahr Ed-Dahab","Cadaster Name":"Nahr El-Dahab","ACS Code":25371,"Longitude":35.75521035,"Latitude":34.05465842,"IDPs Outside Shelters":0,"Families Outside Shelters":0},"geometry":{"type":"Point","coordinates":[35.75521035,34.05465842]}},
{"type":"Feature","properties":{"Governorate":"Mount Lebanon","District":"Kesrwane","Cadaster Zone":"Ouata El-Jaouz","Cadaster Name":"Wata-El-Jaouz","ACS Code":25455,"Longitude":35.75406406,"Latitude":34.027713,"IDPs Outside Shelters":0,"Families Outside Shelters":0},"geometry":{"type":"Point","coordinates":[35.75406406,34.027713]}},
{"type":"Feature","properties":{"Governorate":"Mount Lebanon","District":"Kesrwane","Cadaster Zone":"Qleiaat Kesrouane","Cadaster Name":"El-Kleiyate","ACS Code":25415,"Longitude":35.71674704,"Latitude":33.96793891,"IDPs Outside Shelters":0,"Families Outside Shelters":0},"geometry":{"type":"Point","coordinates":[35.71674704,33.96793891]}},
{"type":"Feature","properties":{"Governorate":"Mount Lebanon","District":"Kesrwane","Cadaster Zone":"Raachine","Cadaster Name":"Raachine","ACS Code":25435,"Longitude":35.72509866,"Latitude":34.01324627,"IDPs Outside Shelters":0,"Families Outside Shelters":0},"geometry":{"type":"Point","coordinates":[35.72509866,34.01324627]}},
{"type":"Feature","properties":{"Governorate":"Mount Lebanon","District":"Kesrwane","Cadaster Zone":"Rayfoun","Cadaster Name":"Rayfoun","ACS Code":25411,"Longitude":35.70197476,"Latitude":33.97779172,"IDPs Outside Shelters":0,"Families Outside Shelters":0},"geometry":{"type":"Point","coordinates":[35.70197476,33.97779172]}},
{"type":"Feature","properties":{"Governorate":"Mount Lebanon","District":"Kesrwane","Cadaster Zone":"yahchouch","Cadaster Name":"Yahchouche","ACS Code":25373,"Longitude":35.73912758,"Latitude":34.06873283,"IDPs Outside Shelters":0,"Families Outside Shelters":0},"geometry":{"type":"Point","coordinates":[35.73912758,34.06873283]}},
{"type":"Feature","properties":{"Governorate":"El Nabatieh","District":"Marjaayoun","Cadaster Zone":"Aain Aarab Marjaayoun","Cadaster Name":"Ain Aarab","ACS Code":73162,"Longitude":35.62361993,"Latitude":33.29984387,"IDPs Outside Shelters":304,"Families Outside Shelters":77},"geometry":{"type":"Point","coordinates":[35.62361993,33.29984387]}},
{"type":"Feature","properties":{"Governorate":"El Nabatieh","District":"Marjaayoun","Cadaster Zone":"Borj El-Moulouk","Cadaster Name":"El-Kherbeh","ACS Code":73146,"Longitude":35.56566312,"Latitude":33.31293681,"IDPs Outside Shelters":304,"Families Outside Shelters":62},"geometry":{"type":"Point","coordinates":[35.56566312,33.31293681]}},
{"type":"Feature","properties":{"Governorate":"El Nabatieh","District":"Marjaayoun","Cadaster Zone":"Marjaayoun","Cadaster Name":"Merjayoun","ACS Code":73111,"Longitude":35.59203895,"Latitude":33.35178279,"IDPs Outside Shelters":302,"Families Outside Shelters":68},"geometry":{"type":"Point","coordinates":[35.59203895,33.35178279]}},
{"type":"Feature","properties":{"Governorate":"El Nabatieh","District":"Marjaayoun","Cadaster Zone":"Deir Siriane","Cadaster Name":"Deir Sériane","ACS Code":73230,"Longitude":35.50059768,"Latitude":33.29309662,"IDPs Outside Shelters":274,"Families Outside Shelters":35},"geometry":{"type":"Point","coordinates":[35.50059768,33.29309662]}},
{"type":"Feature","properties":{"Governorate":"El Nabatieh","District":"Marjaayoun","Cadaster Zone":"Talloussa","Cadaster Name":"Talloussa","ACS Code":73244,"Longitude":35.48739569,"Latitude":33.2295891,"IDPs Outside Shelters":174,"Families Outside Shelters":52},"geometry":{"type":"Point","coordinates":[35.48739569,33.2295891]}},
{"type":"Feature","properties":{"Governorate":"El Nabatieh","District":"Marjaayoun","Cadaster Zone":"Houla","Cadaster Name":"Houla","ACS Code":73234,"Longitude":35.51160099,"Latitude":33.20638982,"IDPs Outside Shelters":104,"Families Outside Shelters":22},"geometry":{"type":"Point","coordinates":[35.51160099,33.20638982]}},
{"type":"Feature","properties":{"Governorate":"El Nabatieh","District":"Marjaayoun","Cadaster Zone":"Mazraat Doumiat","Cadaster Name":"Deir Mimas Doumiat","ACS Code":73143,"Longitude":35.54899173,"Latitude":33.34930175,"IDPs Outside Shelters":104,"Families Outside Shelters":22},"geometry":{"type":"Point","coordinates":[35.54899173,33.34930175]}},
{"type":"Feature","properties":{"Governorate":"El Nabatieh","District":"Marjaayoun","Cadaster Zone":"Qantara","Cadaster Name":"Kantara","ACS Code":73276,"Longitude":35.46155288,"Latitude":33.27180289,"IDPs Outside Shelters":103,"Families Outside Shelters":24},"geometry":{"type":"Point","coordinates":[35.46155288,33.27180289]}},
{"type":"Feature","properties":{"Governorate":"El Nabatieh","District":"Marjaayoun","Cadaster Zone":"Deir Mimas","Cadaster Name":"Deir Mimas","ACS Code":73167,"Longitude":35.54341734,"Latitude":33.30126439,"IDPs Outside Shelters":94,"Families Outside Shelters":22},"geometry":{"type":"Point","coordinates":[35.54341734,33.30126439]}},
{"type":"Feature","properties":{"Governorate":"El Nabatieh","District":"Marjaayoun","Cadaster Zone":"Qabrikha","Cadaster Name":"Kabrikha","ACS Code":73262,"Longitude":35.46444343,"Latitude":33.25030741,"IDPs Outside Shelters":74,"Families Outside Shelters":12},"geometry":{"type":"Point","coordinates":[35.46444343,33.25030741]}},
{"type":"Feature","properties":{"Governorate":"El Nabatieh","District":"Marjaayoun","Cadaster Zone":"Bany haiyane","Cadaster Name":"Bani Haiyane","ACS Code":73226,"Longitude":35.48837797,"Latitude":33.24731031,"IDPs Outside Shelters":64,"Families Outside Shelters":14},"geometry":{"type":"Point","coordinates":[35.48837797,33.24731031]}},
{"type":"Feature","properties":{"Governorate":"El Nabatieh","District":"Marjaayoun","Cadaster Zone":"Mazraat Sarada","Cadaster Name":"Mazraet el-Sarada","ACS Code":73175,"Longitude":35.60087212,"Latitude":33.29424682,"IDPs Outside Shelters":44,"Families Outside Shelters":9},"geometry":{"type":"Point","coordinates":[35.60087212,33.29424682]}},
{"type":"Feature","properties":{"Governorate":"El Nabatieh","District":"Marjaayoun","Cadaster Zone":"Qlaiaa","Cadaster Name":"El-Kleia","ACS Code":73151,"Longitude":35.56189642,"Latitude":33.33221622,"IDPs Outside Shelters":34,"Families Outside Shelters":9},"geometry":{"type":"Point","coordinates":[35.56189642,33.33221622]}},
{"type":"Feature","properties":{"Governorate":"El Nabatieh","District":"Marjaayoun","Cadaster Zone":"Dibbine","Cadaster Name":"Dibbine","ACS Code":73119,"Longitude":35.59638032,"Latitude":33.36935696,"IDPs Outside Shelters":24,"Families Outside Shelters":5},"geometry":{"type":"Point","coordinates":[35.59638032,33.36935696]}},
{"type":"Feature","properties":{"Governorate":"El Nabatieh","District":"Marjaayoun","Cadaster Zone":"Kfar Kila","Cadaster Name":"Kfarkala","ACS Code":73228,"Longitude":35.54721043,"Latitude":33.27484374,"IDPs Outside Shelters":24,"Families Outside Shelters":7},"geometry":{"type":"Point","coordinates":[35.54721043,33.27484374]}},
{"type":"Feature","properties":{"Governorate":"El Nabatieh","District":"Marjaayoun","Cadaster Zone":"Taybet Matjaayoun","Cadaster Name":"Al-Taïbé","ACS Code":73232,"Longitude":35.51919902,"Latitude":33.27847137,"IDPs Outside Shelters":17,"Families Outside Shelters":4},"geometry":{"type":"Point","coordinates":[35.51919902,33.27847137]}},
{"type":"Feature","properties":{"Governorate":"El Nabatieh","District":"Marjaayoun","Cadaster Zone":"Saouanet Marjayoun","Cadaster Name":"Souané","ACS Code":73280,"Longitude":35.44221873,"Latitude":33.23391223,"IDPs Outside Shelters":16,"Families Outside Shelters":5},"geometry":{"type":"Point","coordinates":[35.44221873,33.23391223]}},
{"type":"Feature","properties":{"Governorate":"El Nabatieh","District":"Marjaayoun","Cadaster Zone":"Ibl Es-Saqi","Cadaster Name":"Ebel-El-Saki","ACS Code":73127,"Longitude":35.62414214,"Latitude":33.35573792,"IDPs Outside Shelters":14,"Families Outside Shelters":4},"geometry":{"type":"Point","coordinates":[35.62414214,33.35573792]}},
{"type":"Feature","properties":{"Governorate":"El Nabatieh","District":"Marjaayoun","Cadaster Zone":"Aadaysse Marjaayoun","Cadaster Name":"Adeicé","ACS Code":73211,"Longitude":35.5386237,"Latitude":33.24794039,"IDPs Outside Shelters":0,"Families Outside Shelters":0},"geometry":{"type":"Point","coordinates":[35.5386237,33.24794039]}},
{"type":"Feature","properties":{"Governorate":"El Nabatieh","District":"Marjaayoun","Cadaster Zone":"Aadchit El-Qoussair","Cadaster Name":"Adchite El-Koussair","ACS Code":73256,"Longitude":35.4789754,"Latitude":33.27540847,"IDPs Outside Shelters":0,"Families Outside Shelters":0},"geometry":{"type":"Point","coordinates":[35.4789754,33.27540847]}},
{"type":"Feature","properties":{"Governorate":"El Nabatieh","District":"Marjaayoun","Cadaster Zone":"Aalmane Marjaayoun","Cadaster Name":"Almane","ACS Code":73293,"Longitude":35.46588615,"Latitude":33.30297365,"IDPs Outside Shelters":0,"Families Outside Shelters":0},"geometry":{"type":"Point","coordinates":[35.46588615,33.30297365]}},
{"type":"Feature","properties":{"Governorate":"El Nabatieh","District":"Marjaayoun","Cadaster Zone":"Aamra","Cadaster Name":"El-Amra","ACS Code":73191,"Longitude":35.60530708,"Latitude":33.26872063,"IDPs Outside Shelters":0,"Families Outside Shelters":0},"geometry":{"type":"Point","coordinates":[35.60530708,33.26872063]}},
{"type":"Feature","properties":{"Governorate":"El Nabatieh","District":"Marjaayoun","Cadaster Zone":"Blat Marjaayoun","Cadaster Name":"Blat","ACS Code":73135,"Longitude":35.60586969,"Latitude":33.38272993,"IDPs Outside Shelters":0,"Families Outside Shelters":0},"geometry":{"type":"Point","coordinates":[35.60586969,33.38272993]}},
{"type":"Feature","properties":{"Governorate":"El Nabatieh","District":"Marjaayoun","Cadaster Zone":"Blida","Cadaster Name":"Blida","ACS Code":73288,"Longitude":35.50760847,"Latitude":33.13393169,"IDPs Outside Shelters":0,"Families Outside Shelters":0},"geometry":{"type":"Point","coordinates":[35.50760847,33.13393169]}},
{"type":"Feature","properties":{"Governorate":"El Nabatieh","District":"Marjaayoun","Cadaster Zone":"Boueyda Marjaayoun","Cadaster Name":"Mazraet-El-Jrein","ACS Code":73116,"Longitude":35.56787078,"Latitude":33.36508095,"IDPs Outside Shelters":0,"Families Outside Shelters":0},"geometry":{"type":"Point","coordinates":[35.56787078,33.36508095]}},
{"type":"Feature","properties":{"Governorate":"El Nabatieh","District":"Marjaayoun","Cadaster Zone":"Conflict","Cadaster Name":"Conflict","ACS Code":0,"Longitude":35.5390486,"Latitude":33.21372498,"IDPs Outside Shelters":0,"Families Outside Shelters":0},"geometry":{"type":"Point","coordinates":[35.5390486,33.21372498]}},
{"type":"Feature","properties":{"Governorate":"El Nabatieh","District":"Marjaayoun","Cadaster Zone":"Houra","Cadaster Name":"Houra","ACS Code":73183,"Longitude":35.55755917,"Latitude":33.2954799,"IDPs Outside Shelters":0,"Families Outside Shelters":0},"geometry":{"type":"Point","coordinates":[35.55755917,33.2954799]}},
{"type":"Feature","properties":{"Governorate":"El Nabatieh","District":"Marjaayoun","Cadaster Zone":"Khiyam Marjaayoun","Cadaster Name":"EL-Khiam","ACS Code":73159,"Longitude":35.60308985,"Latitude":33.31769591,"IDPs Outside Shelters":0,"Families Outside Shelters":0},"geometry":{"type":"Point","coordinates":[35.60308985,33.31769591]}},
{"type":"Feature","properties":{"Governorate":"El Nabatieh","District":"Marjaayoun","Cadaster Zone":"Majdel Selm","Cadaster Name":"Majdel Selm","ACS Code":73279,"Longitude":35.46552637,"Latitude":33.21777461,"IDPs Outside Shelters":0,"Families Outside Shelters":0},"geometry":{"type":"Point","coordinates":[35.46552637,33.21777461]}},
{"type":"Feature","properties":{"Governorate":"El Nabatieh","District":"Marjaayoun","Cadaster Zone":"Markaba","Cadaster Name":"Markaba","ACS Code":73245,"Longitude":35.51501,"Latitude":33.23098357,"IDPs Outside Shelters":0,"Families Outside Shelters":0},"geometry":{"type":"Point","coordinates":[35.51501,33.23098357]}},
{"type":"Feature","properties":{"Governorate":"El Nabatieh","District":"Marjaayoun","Cadaster Zone":"Meiss Ej-Jabal","Cadaster Name":"Meis El-Jabal","ACS Code":73250,"Longitude":35.51225739,"Latitude":33.17569001,"IDPs Outside Shelters":0,"Families Outside Shelters":0},"geometry":{"type":"Point","coordinates":[35.51225739,33.17569001]}},
{"type":"Feature","properties":{"Governorate":"El Nabatieh","District":"Marjaayoun","Cadaster Zone":"Mhaibib","Cadaster Name":"Mhaïbib","ACS Code":73248,"Longitude":35.50054987,"Latitude":33.15029649,"IDPs Outside Shelters":0,"Families Outside Shelters":0},"geometry":{"type":"Point","coordinates":[35.50054987,33.15029649]}},
{"type":"Feature","properties":{"Governorate":"El Nabatieh","District":"Marjaayoun","Cadaster Zone":"Rabb Et-Tlatine","Cadaster Name":"Rabb Salacine","ACS Code":73257,"Longitude":35.5156539,"Latitude":33.25355945,"IDPs Outside Shelters":0,"Families Outside Shelters":0},"geometry":{"type":"Point","coordinates":[35.5156539,33.25355945]}},
{"type":"Feature","properties":{"Governorate":"El Nabatieh","District":"Marjaayoun","Cadaster Zone":"Touline","Cadaster Name":"Touline","ACS Code":73282,"Longitude":35.44205684,"Latitude":33.252437,"IDPs Outside Shelters":0,"Families Outside Shelters":0},"geometry":{"type":"Point","coordinates":[35.44205684,33.252437]}},
{"type":"Feature","properties":{"Governorate":"Bekaa","District":"Rachaya","Cadaster Zone":"Rachaiya","Cadaster Name":"Rachaya El-Wadi","ACS Code":55111,"Longitude":35.84251798,"Latitude":33.47443363,"IDPs Outside Shelters":139,"Families Outside Shelters":32},"geometry":{"type":"Point","coordinates":[35.84251798,33.47443363]}},
{"type":"Feature","properties":{"Governorate":"Bekaa","District":"Rachaya","Cadaster Zone":"Aaqabet Rachaya","Cadaster Name":"Akabé","ACS Code":55114,"Longitude":35.8081186,"Latitude":33.51129495,"IDPs Outside Shelters":130,"Families Outside Shelters":30},"geometry":{"type":"Point","coordinates":[35.8081186,33.51129495]}},
{"type":"Feature","properties":{"Governorate":"Bekaa","District":"Rachaya","Cadaster Zone":"Mdoukha","Cadaster Name":"Mdoukha","ACS Code":55181,"Longitude":35.88996895,"Latitude":33.60865294,"IDPs Outside Shelters":81,"Families Outside Shelters":19},"geometry":{"type":"Point","coordinates":[35.88996895,33.60865294]}},
{"type":"Feature","properties":{"Governorate":"Bekaa","District":"Rachaya","Cadaster Zone":"Kfar Denis","Cadaster Name":"Kfar Dinès","ACS Code":55137,"Longitude":35.85423732,"Latitude":33.5520808,"IDPs Outside Shelters":54,"Families Outside Shelters":13},"geometry":{"type":"Point","coordinates":[35.85423732,33.5520808]}},
{"type":"Feature","properties":{"Governorate":"Bekaa","District":"Rachaya","Cadaster Zone":"Aayha","Cadaster Name":"Aïha","ACS Code":55117,"Longitude":35.90260027,"Latitude":33.48712122,"IDPs Outside Shelters":35,"Families Outside Shelters":9},"geometry":{"type":"Point","coordinates":[35.90260027,33.48712122]}},
{"type":"Feature","properties":{"Governorate":"Bekaa","District":"Rachaya","Cadaster Zone":"Kfar Lichki","Cadaster Name":"Kfar Mechké","ACS Code":55154,"Longitude":35.74727382,"Latitude":33.51120679,"IDPs Outside Shelters":13,"Families Outside Shelters":4},"geometry":{"type":"Point","coordinates":[35.74727382,33.51120679]}},
{"type":"Feature","properties":{"Governorate":"Bekaa","District":"Rachaya","Cadaster Zone":"Aayta El-Foukhar","Cadaster Name":"Aïta El-Fokhar","ACS Code":55194,"Longitude":35.90941659,"Latitude":33.64343455,"IDPs Outside Shelters":9,"Families Outside Shelters":3},"geometry":{"type":"Point","coordinates":[35.90941659,33.64343455]}},
{"type":"Feature","properties":{"Governorate":"Bekaa","District":"Rachaya","Cadaster Zone":"Aain Aarab Rachaiya","Cadaster Name":"Aïn Arab","ACS Code":55167,"Longitude":35.88711495,"Latitude":33.57947183,"IDPs Outside Shelters":0,"Families Outside Shelters":0},"geometry":{"type":"Point","coordinates":[35.88711495,33.57947183]}},
{"type":"Feature","properties":{"Governorate":"Bekaa","District":"Rachaya","Cadaster Zone":"Aain Aata","Cadaster Name":"Aïn Aata","ACS Code":55171,"Longitude":35.78625676,"Latitude":33.43447885,"IDPs Outside Shelters":0,"Families Outside Shelters":0},"geometry":{"type":"Point","coordinates":[35.78625676,33.43447885]}},
{"type":"Feature","properties":{"Governorate":"Bekaa","District":"Rachaya","Cadaster Zone":"Aain Rouha","Cadaster Name":"Aïn Horché","ACS Code":55147,"Longitude":35.78042172,"Latitude":33.45776681,"IDPs Outside Shelters":0,"Families Outside Shelters":0},"geometry":{"type":"Point","coordinates":[35.78042172,33.45776681]}},
{"type":"Feature","properties":{"Governorate":"Bekaa","District":"Rachaya","Cadaster Zone":"Bakka","Cadaster Name":"Bakka","ACS Code":55177,"Longitude":35.92459792,"Latitude":33.59725402,"IDPs Outside Shelters":0,"Families Outside Shelters":0},"geometry":{"type":"Point","coordinates":[35.92459792,33.59725402]}},
{"type":"Feature","properties":{"Governorate":"Bekaa","District":"Rachaya","Cadaster Zone":"Bakkifac Rachaya","Cadaster Name":"Bakkifa","ACS Code":55121,"Longitude":35.80625999,"Latitude":33.49208134,"IDPs Outside Shelters":0,"Families Outside Shelters":0},"geometry":{"type":"Point","coordinates":[35.80625999,33.49208134]}},
{"type":"Feature","properties":{"Governorate":"Bekaa","District":"Rachaya","Cadaster Zone":"Beit Lahia","Cadaster Name":"Beit Lahia","ACS Code":55127,"Longitude":35.79264042,"Latitude":33.48555187,"IDPs Outside Shelters":0,"Families Outside Shelters":0},"geometry":{"type":"Point","coordinates":[35.79264042,33.48555187]}},
{"type":"Feature","properties":{"Governorate":"Bekaa","District":"Rachaya","Cadaster Zone":"Biret Rachaiya","Cadaster Name":"El-Biré","ACS Code":55164,"Longitude":35.82980484,"Latitude":33.60222511,"IDPs Outside Shelters":0,"Families Outside Shelters":0},"geometry":{"type":"Point","coordinates":[35.82980484,33.60222511]}},
{"type":"Feature","properties":{"Governorate":"Bekaa","District":"Rachaya","Cadaster Zone":"Conflict","Cadaster Name":"Conflict","ACS Code":0,"Longitude":35.98396864,"Latitude":33.53922111,"IDPs Outside Shelters":0,"Families Outside Shelters":0},"geometry":{"type":"Point","coordinates":[35.98396864,33.53922111]}},
{"type":"Feature","properties":{"Governorate":"Bekaa","District":"Rachaya","Cadaster Zone":"Conflict","Cadaster Name":"Conflict","ACS Code":0,"Longitude":35.94461284,"Latitude":33.49397398,"IDPs Outside Shelters":0,"Families Outside Shelters":0},"geometry":{"type":"Point","coordinates":[35.94461284,33.49397398]}},
{"type":"Feature","properties":{"Governorate":"Bekaa","District":"Rachaya","Cadaster Zone":"Conflict","Cadaster Name":"Conflict","ACS Code":0,"Longitude":35.90533215,"Latitude":33.44187534,"IDPs Outside Shelters":0,"Families Outside Shelters":0},"geometry":{"type":"Point","coordinates":[35.90533215,33.44187534]}},
{"type":"Feature","properties":{"Governorate":"Bekaa","District":"Rachaya","Cadaster Zone":"Dahr El-Ahmar","Cadaster Name":"Dahr El-Ahmar","ACS Code":55124,"Longitude":35.84183192,"Latitude":33.53479447,"IDPs Outside Shelters":0,"Families Outside Shelters":0},"geometry":{"type":"Point","coordinates":[35.84183192,33.53479447]}},
{"type":"Feature","properties":{"Governorate":"Bekaa","District":"Rachaya","Cadaster Zone":"Deir El-Aachayer","Cadaster Name":"Deir El-Achayer","ACS Code":55187,"Longitude":36.00909784,"Latitude":33.55921368,"IDPs Outside Shelters":0,"Families Outside Shelters":0},"geometry":{"type":"Point","coordinates":[36.00909784,33.55921368]}},
{"type":"Feature","properties":{"Governorate":"Bekaa","District":"Rachaya","Cadaster Zone":"Haouch El Qinnabe Rachaiya","Cadaster Name":"Haouche El-Kannabé","ACS Code":55161,"Longitude":35.76466492,"Latitude":33.47806165,"IDPs Outside Shelters":0,"Families Outside Shelters":0},"geometry":{"type":"Point","coordinates":[35.76466492,33.47806165]}},
{"type":"Feature","properties":{"Governorate":"Bekaa","District":"Rachaya","Cadaster Zone":"Helouet Rachaiya","Cadaster Name":"Héloua","ACS Code":55197,"Longitude":36.00956284,"Latitude":33.60730404,"IDPs Outside Shelters":0,"Families Outside Shelters":0},"geometry":{"type":"Point","coordinates":[36.00956284,33.60730404]}},
{"type":"Feature","properties":{"Governorate":"Bekaa","District":"Rachaya","Cadaster Zone":"Kaoukaba Bou Arab","Cadaster Name":"Kaoukaba","ACS Code":55144,"Longitude":35.77756408,"Latitude":33.53504962,"IDPs Outside Shelters":0,"Families Outside Shelters":0},"geometry":{"type":"Point","coordinates":[35.77756408,33.53504962]}},
{"type":"Feature","properties":{"Governorate":"Bekaa","District":"Rachaya","Cadaster Zone":"Kfar Qouq","Cadaster Name":"Kfar Kouk","ACS Code":55134,"Longitude":35.91907004,"Latitude":33.54556078,"IDPs Outside Shelters":0,"Families Outside Shelters":0},"geometry":{"type":"Point","coordinates":[35.91907004,33.54556078]}},
{"type":"Feature","properties":{"Governorate":"Bekaa","District":"Rachaya","Cadaster Zone":"Khirbet Rouha","Cadaster Name":"Kherbet Rouha","ACS Code":55151,"Longitude":35.84835402,"Latitude":33.57620641,"IDPs Outside Shelters":0,"Families Outside Shelters":0},"geometry":{"type":"Point","coordinates":[35.84835402,33.57620641]}},
{"type":"Feature","properties":{"Governorate":"Bekaa","District":"Rachaya","Cadaster Zone":"litige","Cadaster Name":"litige","ACS Code":55001,"Longitude":35.95375345,"Latitude":33.68061935,"IDPs Outside Shelters":0,"Families Outside Shelters":0},"geometry":{"type":"Point","coordinates":[35.95375345,33.68061935]}},
{"type":"Feature","properties":{"Governorate":"Bekaa","District":"Rachaya","Cadaster Zone":"litige","Cadaster Name":"litige","ACS Code":55002,"Longitude":36.02264534,"Latitude":33.58019758,"IDPs Outside Shelters":0,"Families Outside Shelters":0},"geometry":{"type":"Point","coordinates":[36.02264534,33.58019758]}},
{"type":"Feature","properties":{"Governorate":"Bekaa","District":"Rachaya","Cadaster Zone":"litige","Cadaster Name":"litige","ACS Code":55003,"Longitude":35.77439261,"Latitude":33.55910192,"IDPs Outside Shelters":0,"Families Outside Shelters":0},"geometry":{"type":"Point","coordinates":[35.77439261,33.55910192]}},
{"type":"Feature","properties":{"Governorate":"Bekaa","District":"Rachaya","Cadaster Zone":"litige","Cadaster Name":"litige","ACS Code":55004,"Longitude":35.77719719,"Latitude":33.54983724,"IDPs Outside Shelters":0,"Families Outside Shelters":0},"geometry":{"type":"Point","coordinates":[35.77719719,33.54983724]}},
{"type":"Feature","properties":{"Governorate":"Bekaa","District":"Rachaya","Cadaster Zone":"litige","Cadaster Name":"litige","ACS Code":55005,"Longitude":35.868953,"Latitude":33.54024081,"IDPs Outside Shelters":0,"Families Outside Shelters":0},"geometry":{"type":"Point","coordinates":[35.868953,33.54024081]}},
{"type":"Feature","properties":{"Governorate":"Bekaa","District":"Rachaya","Cadaster Zone":"litige","Cadaster Name":"litige","ACS Code":55006,"Longitude":35.82767966,"Latitude":33.49641522,"IDPs Outside Shelters":0,"Families Outside Shelters":0},"geometry":{"type":"Point","coordinates":[35.82767966,33.49641522]}},
{"type":"Feature","properties":{"Governorate":"Bekaa","District":"Rachaya","Cadaster Zone":"litige","Cadaster Name":"litige","ACS Code":55008,"Longitude":35.79167324,"Latitude":33.46566907,"IDPs Outside Shelters":0,"Families Outside Shelters":0},"geometry":{"type":"Point","coordinates":[35.79167324,33.46566907]}},
{"type":"Feature","properties":{"Governorate":"Bekaa","District":"Rachaya","Cadaster Zone":"litige","Cadaster Name":"litige","ACS Code":55007,"Longitude":35.88672858,"Latitude":33.4534663,"IDPs Outside Shelters":0,"Families Outside Shelters":0},"geometry":{"type":"Point","coordinates":[35.88672858,33.4534663]}},
{"type":"Feature","properties":{"Governorate":"Bekaa","District":"Rachaya","Cadaster Zone":"litige","Cadaster Name":"litige","ACS Code":55009,"Longitude":35.93439899,"Latitude":33.45985832,"IDPs Outside Shelters":0,"Families Outside Shelters":0},"geometry":{"type":"Point","coordinates":[35.93439899,33.45985832]}},
{"type":"Feature","properties":{"Governorate":"Bekaa","District":"Rachaya","Cadaster Zone":"litige","Cadaster Name":"litige","ACS Code":55010,"Longitude":35.80734807,"Latitude":33.39378311,"IDPs Outside Shelters":0,"Families Outside Shelters":0},"geometry":{"type":"Point","coordinates":[35.80734807,33.39378311]}},
{"type":"Feature","properties":{"Governorate":"Bekaa","District":"Rachaya","Cadaster Zone":"Majdel Balhis","Cadaster Name":"Majdel Balhice","ACS Code":55174,"Longitude":35.73754382,"Latitude":33.53849351,"IDPs Outside Shelters":0,"Families Outside Shelters":0},"geometry":{"type":"Point","coordinates":[35.73754382,33.53849351]}},
{"type":"Feature","properties":{"Governorate":"Bekaa","District":"Rachaya","Cadaster Zone":"Mhaiydse Rachaiya","Cadaster Name":"Mohaïdcé","ACS Code":55141,"Longitude":35.7953048,"Latitude":33.55840723,"IDPs Outside Shelters":0,"Families Outside Shelters":0},"geometry":{"type":"Point","coordinates":[35.7953048,33.55840723]}},
{"type":"Feature","properties":{"Governorate":"Bekaa","District":"Rachaya","Cadaster Zone":"Nabi Safa","Cadaster Name":"Nabi Safa","ACS Code":55199,"Longitude":35.74318062,"Latitude":33.49795644,"IDPs Outside Shelters":0,"Families Outside Shelters":0},"geometry":{"type":"Point","coordinates":[35.74318062,33.49795644]}},
{"type":"Feature","properties":{"Governorate":"Bekaa","District":"Rachaya","Cadaster Zone":"Rachaiya","Cadaster Name":"Rachaya El-Wadi","ACS Code":55111,"Longitude":35.79169271,"Latitude":33.50746929,"IDPs Outside Shelters":0,"Families Outside Shelters":0},"geometry":{"type":"Point","coordinates":[35.79169271,33.50746929]}},
{"type":"Feature","properties":{"Governorate":"Bekaa","District":"Rachaya","Cadaster Zone":"Rafid Rachaiya","Cadaster Name":"El-RafidE","ACS Code":55157,"Longitude":35.80754576,"Latitude":33.57509991,"IDPs Outside Shelters":0,"Families Outside Shelters":0},"geometry":{"type":"Point","coordinates":[35.80754576,33.57509991]}},
{"type":"Feature","properties":{"Governorate":"Bekaa","District":"Rachaya","Cadaster Zone":"Selsata (Mazraat Deir El-Aachaiyer)","Cadaster Name":"Mazraet el-Selasata","ACS Code":55191,"Longitude":35.98887139,"Latitude":33.58291251,"IDPs Outside Shelters":0,"Families Outside Shelters":0},"geometry":{"type":"Point","coordinates":[35.98887139,33.58291251]}},
{"type":"Feature","properties":{"Governorate":"Bekaa","District":"Rachaya","Cadaster Zone":"Tannoura","Cadaster Name":"Tannoura","ACS Code":55131,"Longitude":35.80017432,"Latitude":33.47051383,"IDPs Outside Shelters":0,"Families Outside Shelters":0},"geometry":{"type":"Point","coordinates":[35.80017432,33.47051383]}},
{"type":"Feature","properties":{"Governorate":"Bekaa","District":"Rachaya","Cadaster Zone":"Yanta","Cadaster Name":"Yanta","ACS Code":55184,"Longitude":35.95933416,"Latitude":33.60188769,"IDPs Outside Shelters":0,"Families Outside Shelters":0},"geometry":{"type":"Point","coordinates":[35.95933416,33.60188769]}},
{"type":"Feature","properties":{"Governorate":"Bekaa","District":"Rachaya","Cadaster Zone":"Yanta","Cadaster Name":"Yanta","ACS Code":55184,"Longitude":35.9123068,"Latitude":33.60541414,"IDPs Outside Shelters":0,"Families Outside Shelters":0},"geometry":{"type":"Point","coordinates":[35.9123068,33.60541414]}},
{"type":"Feature","properties":{"Governorate":"South","District":"Saida","Cadaster Zone":"Saida Ed-Dekermane","Cadaster Name":"Saïda Dekerman","ACS Code":61119,"Longitude":35.37336827,"Latitude":33.55025304,"IDPs Outside Shelters":8804,"Families Outside Shelters":2202},"geometry":{"type":"Point","coordinates":[35.37336827,33.55025304]}},
{"type":"Feature","properties":{"Governorate":"South","District":"Saida","Cadaster Zone":"Haret Saida","Cadaster Name":"Haret Saïda","ACS Code":61159,"Longitude":35.39517905,"Latitude":33.55552438,"IDPs Outside Shelters":6804,"Families Outside Shelters":1702},"geometry":{"type":"Point","coordinates":[35.39517905,33.55552438]}},
{"type":"Feature","properties":{"Governorate":"South","District":"Saida","Cadaster Zone":"Bissariye","Cadaster Name":"Bissariat","ACS Code":61453,"Longitude":35.32280256,"Latitude":33.45660535,"IDPs Outside Shelters":5958,"Families Outside Shelters":754},"geometry":{"type":"Point","coordinates":[35.32280256,33.45660535]}},
{"type":"Feature","properties":{"Governorate":"South","District":"Saida","Cadaster Zone":"Sarafand","Cadaster Name":"Sarafend","ACS Code":61449,"Longitude":35.30098033,"Latitude":33.45167451,"IDPs Outside Shelters":2436,"Families Outside Shelters":610},"geometry":{"type":"Point","coordinates":[35.30098033,33.45167451]}},
{"type":"Feature","properties":{"Governorate":"South","District":"Saida","Cadaster Zone":"Hlaliye Saida","Cadaster Name":"Helaliat","ACS Code":61147,"Longitude":35.39178555,"Latitude":33.56511885,"IDPs Outside Shelters":1695,"Families Outside Shelters":451},"geometry":{"type":"Point","coordinates":[35.39178555,33.56511885]}},
{"type":"Feature","properties":{"Governorate":"South","District":"Saida","Cadaster Zone":"Aabra Saida","Cadaster Name":"Abra","ACS Code":61244,"Longitude":35.40615895,"Latitude":33.56665977,"IDPs Outside Shelters":1631,"Families Outside Shelters":444},"geometry":{"type":"Point","coordinates":[35.40615895,33.56665977]}},
{"type":"Feature","properties":{"Governorate":"South","District":"Saida","Cadaster Zone":"Ghaziye","Cadaster Name":"Ghazyat","ACS Code":61311,"Longitude":35.35788711,"Latitude":33.50901667,"IDPs Outside Shelters":1531,"Families Outside Shelters":423},"geometry":{"type":"Point","coordinates":[35.35788711,33.50901667]}},
{"type":"Feature","properties":{"Governorate":"South","District":"Saida","Cadaster Zone":"Aanqoun","Cadaster Name":"Ankoune","ACS Code":61489,"Longitude":35.42835686,"Latitude":33.49937117,"IDPs Outside Shelters":1432,"Families Outside Shelters":352},"geometry":{"type":"Point","coordinates":[35.42835686,33.49937117]}},
{"type":"Feature","properties":{"Governorate":"South","District":"Saida","Cadaster Zone":"Bqosta","Cadaster Name":"Bqosta","ACS Code":61266,"Longitude":35.4143965,"Latitude":33.57481563,"IDPs Outside Shelters":1236,"Families Outside Shelters":307},"geometry":{"type":"Point","coordinates":[35.4143965,33.57481563]}},
{"type":"Feature","properties":{"Governorate":"South","District":"Saida","Cadaster Zone":"Khayayeb Saida","Cadaster Name":"El-Kharayeb","ACS Code":61419,"Longitude":35.29334738,"Latitude":33.35200708,"IDPs Outside Shelters":1204,"Families Outside Shelters":302},"geometry":{"type":"Point","coordinates":[35.29334738,33.35200708]}},
{"type":"Feature","properties":{"Governorate":"South","District":"Saida","Cadaster Zone":"Miye ou Miyé","Cadaster Name":"Miemié","ACS Code":61183,"Longitude":35.39358036,"Latitude":33.54313226,"IDPs Outside Shelters":1144,"Families Outside Shelters":302},"geometry":{"type":"Point","coordinates":[35.39358036,33.54313226]}},
{"type":"Feature","properties":{"Governorate":"South","District":"Saida","Cadaster Zone":"Maghdouche","Cadaster Name":"Maghdouché","ACS Code":61323,"Longitude":35.38886158,"Latitude":33.51734085,"IDPs Outside Shelters":1128,"Families Outside Shelters":283},"geometry":{"type":"Point","coordinates":[35.38886158,33.51734085]}},
{"type":"Feature","properties":{"Governorate":"South","District":"Saida","Cadaster Zone":"Qennarit","Cadaster Name":"Kanarite","ACS Code":61347,"Longitude":35.38140441,"Latitude":33.50317552,"IDPs Outside Shelters":993,"Families Outside Shelters":241},"geometry":{"type":"Point","coordinates":[35.38140441,33.50317552]}},
{"type":"Feature","properties":{"Governorate":"South","District":"Saida","Cadaster Zone":"Darb Es-Sim","Cadaster Name":"Darbessim","ACS Code":61335,"Longitude":35.38373713,"Latitude":33.53316626,"IDPs Outside Shelters":794,"Families Outside Shelters":200},"geometry":{"type":"Point","coordinates":[35.38373713,33.53316626]}},
{"type":"Feature","properties":{"Governorate":"South","District":"Saida","Cadaster Zone":"Aaqtanit","Cadaster Name":"Aktanite","ACS Code":61477,"Longitude":35.38480625,"Latitude":33.49190605,"IDPs Outside Shelters":681,"Families Outside Shelters":185},"geometry":{"type":"Point","coordinates":[35.38480625,33.49190605]}},
{"type":"Feature","properties":{"Governorate":"South","District":"Saida","Cadaster Zone":"Kfar Hatta Saida","Cadaster Name":"Kfar Hatta","ACS Code":61493,"Longitude":35.45249952,"Latitude":33.50596947,"IDPs Outside Shelters":612,"Families Outside Shelters":166},"geometry":{"type":"Point","coordinates":[35.45249952,33.50596947]}},
{"type":"Feature","properties":{"Governorate":"South","District":"Saida","Cadaster Zone":"Qraiyet Saida","Cadaster Name":"Krayé","ACS Code":61255,"Longitude":35.41599767,"Latitude":33.53656828,"IDPs Outside Shelters":545,"Families Outside Shelters":173},"geometry":{"type":"Point","coordinates":[35.41599767,33.53656828]}},
{"type":"Feature","properties":{"Governorate":"South","District":"Saida","Cadaster Zone":"Merouaniye","Cadaster Name":"El-Merwaniyé","ACS Code":61463,"Longitude":35.37154146,"Latitude":33.45566406,"IDPs Outside Shelters":419,"Families Outside Shelters":102},"geometry":{"type":"Point","coordinates":[35.37154146,33.45566406]}},
{"type":"Feature","properties":{"Governorate":"South","District":"Saida","Cadaster Zone":"Bramiye","Cadaster Name":"Bramiat","ACS Code":61123,"Longitude":35.39317786,"Latitude":33.57312036,"IDPs Outside Shelters":410,"Families Outside Shelters":83},"geometry":{"type":"Point","coordinates":[35.39317786,33.57312036]}},
{"type":"Feature","properties":{"Governorate":"South","District":"Saida","Cadaster Zone":"Salhiyet Saida","Cadaster Name":"Salhiat","ACS Code":61211,"Longitude":35.42613402,"Latitude":33.55976356,"IDPs Outside Shelters":409,"Families Outside Shelters":102},"geometry":{"type":"Point","coordinates":[35.42613402,33.55976356]}},
{"type":"Feature","properties":{"Governorate":"South","District":"Saida","Cadaster Zone":"Najjariye","Cadaster Name":"Nadjariat","ACS Code":61464,"Longitude":35.34343762,"Latitude":33.48079301,"IDPs Outside Shelters":376,"Families Outside Shelters":92},"geometry":{"type":"Point","coordinates":[35.34343762,33.48079301]}},
{"type":"Feature","properties":{"Governorate":"South","District":"Saida","Cadaster Zone":"Bnaafoul","Cadaster Name":"Bnaafoul","ACS Code":61481,"Longitude":35.41147079,"Latitude":33.48366242,"IDPs Outside Shelters":374,"Families Outside Shelters":98},"geometry":{"type":"Point","coordinates":[35.41147079,33.48366242]}},
{"type":"Feature","properties":{"Governorate":"South","District":"Saida","Cadaster Zone":"Kaoutariyet Es-Siyad","Cadaster Name":"Kaoutarite El-Siyad","ACS Code":61454,"Longitude":35.38690419,"Latitude":33.41487884,"IDPs Outside Shelters":374,"Families Outside Shelters":94},"geometry":{"type":"Point","coordinates":[35.38690419,33.41487884]}},
{"type":"Feature","properties":{"Governorate":"South","District":"Saida","Cadaster Zone":"Insariye","Cadaster Name":"Ansariyé","ACS Code":61436,"Longitude":35.28758835,"Latitude":33.40928283,"IDPs Outside Shelters":347,"Families Outside Shelters":99},"geometry":{"type":"Point","coordinates":[35.28758835,33.40928283]}},
{"type":"Feature","properties":{"Governorate":"South","District":"Saida","Cadaster Zone":"Kfar Melki Saida","Cadaster Name":"Kfar Melki","ACS Code":61496,"Longitude":35.48183931,"Latitude":33.50181035,"IDPs Outside Shelters":344,"Families Outside Shelters":87},"geometry":{"type":"Point","coordinates":[35.48183931,33.50181035]}},
{"type":"Feature","properties":{"Governorate":"South","District":"Saida","Cadaster Zone":"Aain Ed-Delb","Cadaster Name":"Aïn-el-Dib","ACS Code":61277,"Longitude":35.40589985,"Latitude":33.54444897,"IDPs Outside Shelters":343,"Families Outside Shelters":97},"geometry":{"type":"Point","coordinates":[35.40589985,33.54444897]}},
{"type":"Feature","properties":{"Governorate":"South","District":"Saida","Cadaster Zone":"Zrariye","Cadaster Name":"El-Zrariyé","ACS Code":61427,"Longitude":35.33165805,"Latitude":33.34406935,"IDPs Outside Shelters":342,"Families Outside Shelters":82},"geometry":{"type":"Point","coordinates":[35.33165805,33.34406935]}},
{"type":"Feature","properties":{"Governorate":"South","District":"Saida","Cadaster Zone":"Saksakiye","Cadaster Name":"Saksakiat","ACS Code":61461,"Longitude":35.28338204,"Latitude":33.43617388,"IDPs Outside Shelters":304,"Families Outside Shelters":77},"geometry":{"type":"Point","coordinates":[35.28338204,33.43617388]}},
{"type":"Feature","properties":{"Governorate":"South","District":"Saida","Cadaster Zone":"Majdelyoun","Cadaster Name":"Majdalioun","ACS Code":61233,"Longitude":35.41670191,"Latitude":33.55538102,"IDPs Outside Shelters":274,"Families Outside Shelters":74},"geometry":{"type":"Point","coordinates":[35.41670191,33.55538102]}},
{"type":"Feature","properties":{"Governorate":"South","District":"Saida","Cadaster Zone":"Arzai","Cadaster Name":"Arzey","ACS Code":61417,"Longitude":35.29768391,"Latitude":33.33206217,"IDPs Outside Shelters":256,"Families Outside Shelters":62},"geometry":{"type":"Point","coordinates":[35.29768391,33.33206217]}},
{"type":"Feature","properties":{"Governorate":"South","District":"Saida","Cadaster Zone":"Aadloun","Cadaster Name":"Adloun","ACS Code":61434,"Longitude":35.26566028,"Latitude":33.39307186,"IDPs Outside Shelters":244,"Families Outside Shelters":52},"geometry":{"type":"Point","coordinates":[35.26566028,33.39307186]}},
{"type":"Feature","properties":{"Governorate":"South","District":"Saida","Cadaster Zone":"Babliye","Cadaster Name":"Babliyé","ACS Code":61444,"Longitude":35.32677546,"Latitude":33.4113994,"IDPs Outside Shelters":244,"Families Outside Shelters":62},"geometry":{"type":"Point","coordinates":[35.32677546,33.4113994]}},
{"type":"Feature","properties":{"Governorate":"South","District":"Saida","Cadaster Zone":"Aadoussiye","Cadaster Name":"Addoussiat","ACS Code":61466,"Longitude":35.33659774,"Latitude":33.47207045,"IDPs Outside Shelters":168,"Families Outside Shelters":47},"geometry":{"type":"Point","coordinates":[35.33659774,33.47207045]}},
{"type":"Feature","properties":{"Governorate":"South","District":"Saida","Cadaster Zone":"Loubie","Cadaster Name":"Loubié","ACS Code":61439,"Longitude":35.2854033,"Latitude":33.42763738,"IDPs Outside Shelters":114,"Families Outside Shelters":32},"geometry":{"type":"Point","coordinates":[35.2854033,33.42763738]}},
{"type":"Feature","properties":{"Governorate":"South","District":"Saida","Cadaster Zone":"Maamriye","Cadaster Name":"El-Mhammariyé","ACS Code":61476,"Longitude":35.37095412,"Latitude":33.48534375,"IDPs Outside Shelters":106,"Families Outside Shelters":32},"geometry":{"type":"Point","coordinates":[35.37095412,33.48534375]}},
{"type":"Feature","properties":{"Governorate":"South","District":"Saida","Cadaster Zone":"Khartoum","Cadaster Name":"Khartoum","ACS Code":61446,"Longitude":35.36909299,"Latitude":33.40316497,"IDPs Outside Shelters":104,"Families Outside Shelters":22},"geometry":{"type":"Point","coordinates":[35.36909299,33.40316497]}},
{"type":"Feature","properties":{"Governorate":"South","District":"Saida","Cadaster Zone":"Saida Kefraya","Cadaster Name":"Kefraya","ACS Code":61222,"Longitude":35.43722456,"Latitude":33.55756571,"IDPs Outside Shelters":101,"Families Outside Shelters":28},"geometry":{"type":"Point","coordinates":[35.43722456,33.55756571]}},
{"type":"Feature","properties":{"Governorate":"South","District":"Saida","Cadaster Zone":"Teffahta","Cadaster Name":"Teffehta","ACS Code":61459,"Longitude":35.36321877,"Latitude":33.43896771,"IDPs Outside Shelters":84,"Families Outside Shelters":22},"geometry":{"type":"Point","coordinates":[35.36321877,33.43896771]}},
{"type":"Feature","properties":{"Governorate":"South","District":"Saida","Cadaster Zone":"Ghassaniye","Cadaster Name":"Ghassaniyé","ACS Code":61447,"Longitude":35.35808452,"Latitude":33.41591785,"IDPs Outside Shelters":82,"Families Outside Shelters":21},"geometry":{"type":"Point","coordinates":[35.35808452,33.41591785]}},
{"type":"Feature","properties":{"Governorate":"South","District":"Saida","Cadaster Zone":"Zeita","Cadaster Name":"Zeita","ACS Code":61359,"Longitude":35.39533859,"Latitude":33.5044984,"IDPs Outside Shelters":72,"Families Outside Shelters":19},"geometry":{"type":"Point","coordinates":[35.39533859,33.5044984]}},
{"type":"Feature","properties":{"Governorate":"South","District":"Saida","Cadaster Zone":"Erkay","Cadaster Name":"Arké","ACS Code":61479,"Longitude":35.39077559,"Latitude":33.47746341,"IDPs Outside Shelters":47,"Families Outside Shelters":12},"geometry":{"type":"Point","coordinates":[35.39077559,33.47746341]}},
{"type":"Feature","properties":{"Governorate":"South","District":"Saida","Cadaster Zone":"Zaghdraiya","Cadaster Name":"Zaghdraya","ACS Code":61371,"Longitude":35.39992126,"Latitude":33.52855366,"IDPs Outside Shelters":46,"Families Outside Shelters":12},"geometry":{"type":"Point","coordinates":[35.39992126,33.52855366]}},
{"type":"Feature","properties":{"Governorate":"South","District":"Saida","Cadaster Zone":"Qaaqaiyet Es-Snaoubar","Cadaster Name":"Kaakiet El-Senaoubar","ACS Code":61451,"Longitude":35.34067473,"Latitude":33.43540044,"IDPs Outside Shelters":41,"Families Outside Shelters":12},"geometry":{"type":"Point","coordinates":[35.34067473,33.43540044]}},
{"type":"Feature","properties":{"Governorate":"South","District":"Saida","Cadaster Zone":"Tanbourit","Cadaster Name":"Tanbourite","ACS Code":61383,"Longitude":35.41301377,"Latitude":33.51847898,"IDPs Outside Shelters":24,"Families Outside Shelters":8},"geometry":{"type":"Point","coordinates":[35.41301377,33.51847898]}},
{"type":"Feature","properties":{"Governorate":"South","District":"Saida","Cadaster Zone":"Aarab Tabbaya","Cadaster Name":"Arab Tabbaya","ACS Code":61483,"Longitude":35.43957152,"Latitude":33.48680172,"IDPs Outside Shelters":21,"Families Outside Shelters":7},"geometry":{"type":"Point","coordinates":[35.43957152,33.48680172]}},
{"type":"Feature","properties":{"Governorate":"South","District":"Saida","Cadaster Zone":"Kfar Chellal","Cadaster Name":"Kfar-Challal","ACS Code":61494,"Longitude":35.46796748,"Latitude":33.49186072,"IDPs Outside Shelters":21,"Families Outside Shelters":7},"geometry":{"type":"Point","coordinates":[35.46796748,33.49186072]}},
{"type":"Feature","properties":{"Governorate":"South","District":"Saida","Cadaster Zone":"Kfar Beit","Cadaster Name":"Kfar-Bite","ACS Code":61491,"Longitude":35.46139155,"Latitude":33.49687602,"IDPs Outside Shelters":18,"Families Outside Shelters":6},"geometry":{"type":"Point","coordinates":[35.46139155,33.49687602]}},
{"type":"Feature","properties":{"Governorate":"South","District":"Saida","Cadaster Zone":"Hajje","Cadaster Name":"El-Hajjé","ACS Code":61471,"Longitude":35.38618114,"Latitude":33.46965361,"IDPs Outside Shelters":8,"Families Outside Shelters":3},"geometry":{"type":"Point","coordinates":[35.38618114,33.46965361]}},
{"type":"Feature","properties":{"Governorate":"South","District":"Saida","Cadaster Zone":"Aarab Ej-Jall","Cadaster Name":"Arab-el-Jal","ACS Code":61487,"Longitude":35.45439611,"Latitude":33.48076253,"IDPs Outside Shelters":0,"Families Outside Shelters":0},"geometry":{"type":"Point","coordinates":[35.45439611,33.48076253]}},
{"type":"Feature","properties":{"Governorate":"South","District":"Saida","Cadaster Zone":"Berti","Cadaster Name":"Berti","ACS Code":61488,"Longitude":35.49049785,"Latitude":33.51877231,"IDPs Outside Shelters":0,"Families Outside Shelters":0},"geometry":{"type":"Point","coordinates":[35.49049785,33.51877231]}},
{"type":"Feature","properties":{"Governorate":"South","District":"Saida","Cadaster Zone":"Daoudiye","Cadaster Name":"Daoudiyé","ACS Code":61441,"Longitude":35.30091059,"Latitude":33.42713132,"IDPs Outside Shelters":0,"Families Outside Shelters":0},"geometry":{"type":"Point","coordinates":[35.30091059,33.42713132]}},
{"type":"Feature","properties":{"Governorate":"South","District":"Saida","Cadaster Zone":"Erkay","Cadaster Name":"Arké","ACS Code":61479,"Longitude":35.41425825,"Latitude":33.46026849,"IDPs Outside Shelters":0,"Families Outside Shelters":0},"geometry":{"type":"Point","coordinates":[35.41425825,33.46026849]}},
{"type":"Feature","properties":{"Governorate":"South","District":"Saida","Cadaster Zone":"Hartiye","Cadaster Name":"El Hartiyé","ACS Code":61423,"Longitude":35.28061118,"Latitude":33.38012499,"IDPs Outside Shelters":0,"Families Outside Shelters":0},"geometry":{"type":"Point","coordinates":[35.28061118,33.38012499]}},
{"type":"Feature","properties":{"Governorate":"South","District":"Saida","Cadaster Zone":"Jazira Saida","Cadaster Name":"Jaziré","ACS Code":61411,"Longitude":35.26624264,"Latitude":33.32907046,"IDPs Outside Shelters":0,"Families Outside Shelters":0},"geometry":{"type":"Point","coordinates":[35.26624264,33.32907046]}},
{"type":"Feature","properties":{"Governorate":"South","District":"Saida","Cadaster Zone":"Khirbet Ed-Douair Saida","Cadaster Name":"Kherbet El-Douair","ACS Code":61443,"Longitude":35.31798866,"Latitude":33.43230144,"IDPs Outside Shelters":0,"Families Outside Shelters":0},"geometry":{"type":"Point","coordinates":[35.31798866,33.43230144]}},
{"type":"Feature","properties":{"Governorate":"South","District":"Saida","Cadaster Zone":"Khirbet El-Bassal","Cadaster Name":"Kherbet Bassal","ACS Code":61467,"Longitude":35.36554495,"Latitude":33.47146087,"IDPs Outside Shelters":0,"Families Outside Shelters":0},"geometry":{"type":"Point","coordinates":[35.36554495,33.47146087]}},
{"type":"Feature","properties":{"Governorate":"South","District":"Saida","Cadaster Zone":"Khzaiz","Cadaster Name":"Khazize","ACS Code":61474,"Longitude":35.4025581,"Latitude":33.46919187,"IDPs Outside Shelters":0,"Families Outside Shelters":0},"geometry":{"type":"Point","coordinates":[35.4025581,33.46919187]}},
{"type":"Feature","properties":{"Governorate":"South","District":"Saida","Cadaster Zone":"litige","Cadaster Name":"litige","ACS Code":61001,"Longitude":35.33877944,"Latitude":33.45524988,"IDPs Outside Shelters":0,"Families Outside Shelters":0},"geometry":{"type":"Point","coordinates":[35.33877944,33.45524988]}},
{"type":"Feature","properties":{"Governorate":"South","District":"Saida","Cadaster Zone":"Loubie","Cadaster Name":"Loubié","ACS Code":61439,"Longitude":35.30458089,"Latitude":33.4149986,"IDPs Outside Shelters":0,"Families Outside Shelters":0},"geometry":{"type":"Point","coordinates":[35.30458089,33.4149986]}},
{"type":"Feature","properties":{"Governorate":"South","District":"Saida","Cadaster Zone":"Matariyet Ech-Choumar","Cadaster Name":"Matriet El-Choumar","ACS Code":61415,"Longitude":35.27523566,"Latitude":33.33555199,"IDPs Outside Shelters":0,"Families Outside Shelters":0},"geometry":{"type":"Point","coordinates":[35.27523566,33.33555199]}},
{"type":"Feature","properties":{"Governorate":"South","District":"Saida","Cadaster Zone":"Mazraat Aarab Soukkar","Cadaster Name":"Arab Soukar","ACS Code":61486,"Longitude":35.4460617,"Latitude":33.4824596,"IDPs Outside Shelters":0,"Families Outside Shelters":0},"geometry":{"type":"Point","coordinates":[35.4460617,33.4824596]}},
{"type":"Feature","properties":{"Governorate":"South","District":"Saida","Cadaster Zone":"Mazraat Deir Taqla","Cadaster Name":"Deir Takla","ACS Code":61431,"Longitude":35.29457494,"Latitude":33.39881289,"IDPs Outside Shelters":0,"Families Outside Shelters":0},"geometry":{"type":"Point","coordinates":[35.29457494,33.39881289]}},
{"type":"Feature","properties":{"Governorate":"South","District":"Saida","Cadaster Zone":"Mazraat El Yahoudiye (Aaitaniyé)","Cadaster Name":"Yahoudiat","ACS Code":61412,"Longitude":35.25359861,"Latitude":33.35752723,"IDPs Outside Shelters":0,"Families Outside Shelters":0},"geometry":{"type":"Point","coordinates":[35.25359861,33.35752723]}},
{"type":"Feature","properties":{"Governorate":"South","District":"Saida","Cadaster Zone":"Mazraat El-Houssainiye","Cadaster Name":"El-Husseiniyé","ACS Code":61473,"Longitude":35.35096064,"Latitude":33.49235825,"IDPs Outside Shelters":0,"Families Outside Shelters":0},"geometry":{"type":"Point","coordinates":[35.35096064,33.49235825]}},
{"type":"Feature","properties":{"Governorate":"South","District":"Saida","Cadaster Zone":"Mazraat El-Mhaydale","Cadaster Name":"Mohaidalé","ACS Code":61424,"Longitude":35.29443274,"Latitude":33.3841547,"IDPs Outside Shelters":0,"Families Outside Shelters":0},"geometry":{"type":"Point","coordinates":[35.29443274,33.3841547]}},
{"type":"Feature","properties":{"Governorate":"South","District":"Saida","Cadaster Zone":"Mazraat Jamjim","Cadaster Name":"Mazraat Jimjim","ACS Code":61421,"Longitude":35.27713557,"Latitude":33.35902233,"IDPs Outside Shelters":0,"Families Outside Shelters":0},"geometry":{"type":"Point","coordinates":[35.27713557,33.35902233]}},
{"type":"Feature","properties":{"Governorate":"South","District":"Saida","Cadaster Zone":"Mazraat Kaoutariyet Er-Riz","Cadaster Name":"Kaoutarite El-Riz","ACS Code":61426,"Longitude":35.30448373,"Latitude":33.37346269,"IDPs Outside Shelters":0,"Families Outside Shelters":0},"geometry":{"type":"Point","coordinates":[35.30448373,33.37346269]}},
{"type":"Feature","properties":{"Governorate":"South","District":"Saida","Cadaster Zone":"Mazraat Kfar Beda","Cadaster Name":"Kfar Badda","ACS Code":61418,"Longitude":35.26979167,"Latitude":33.36600563,"IDPs Outside Shelters":0,"Families Outside Shelters":0},"geometry":{"type":"Point","coordinates":[35.26979167,33.36600563]}},
{"type":"Feature","properties":{"Governorate":"South","District":"Saida","Cadaster Zone":"Mazraat 'Mseileh","Cadaster Name":"Msaileh","ACS Code":61469,"Longitude":35.35651916,"Latitude":33.48069223,"IDPs Outside Shelters":0,"Families Outside Shelters":0},"geometry":{"type":"Point","coordinates":[35.35651916,33.48069223]}},
{"type":"Feature","properties":{"Governorate":"South","District":"Saida","Cadaster Zone":"Mazraat Oussamiyat","Cadaster Name":"Samiate","ACS Code":61433,"Longitude":35.3094465,"Latitude":33.38838949,"IDPs Outside Shelters":0,"Families Outside Shelters":0},"geometry":{"type":"Point","coordinates":[35.3094465,33.38838949]}},
{"type":"Feature","properties":{"Governorate":"South","District":"Saida","Cadaster Zone":"Mazraat Sari","Cadaster Name":"Sari","ACS Code":61429,"Longitude":35.2778246,"Latitude":33.3919127,"IDPs Outside Shelters":0,"Families Outside Shelters":0},"geometry":{"type":"Point","coordinates":[35.2778246,33.3919127]}},
{"type":"Feature","properties":{"Governorate":"South","District":"Saida","Cadaster Zone":"Mazraat Sinai","Cadaster Name":"Mazraet Sinai","ACS Code":61437,"Longitude":35.36003628,"Latitude":33.3886309,"IDPs Outside Shelters":0,"Families Outside Shelters":0},"geometry":{"type":"Point","coordinates":[35.36003628,33.3886309]}},
{"type":"Feature","properties":{"Governorate":"South","District":"Saida","Cadaster Zone":"Mazraat 'Snaiber","Cadaster Name":"Snaiber","ACS Code":61457,"Longitude":35.33090892,"Latitude":33.45733931,"IDPs Outside Shelters":0,"Families Outside Shelters":0},"geometry":{"type":"Point","coordinates":[35.33090892,33.45733931]}},
{"type":"Feature","properties":{"Governorate":"South","District":"Saida","Cadaster Zone":"Mtayriye","Cadaster Name":"Mazraet Matarite Jebah","ACS Code":61484,"Longitude":35.40265405,"Latitude":33.51442916,"IDPs Outside Shelters":0,"Families Outside Shelters":0},"geometry":{"type":"Point","coordinates":[35.40265405,33.51442916]}},
{"type":"Feature","properties":{"Governorate":"South","District":"Saida","Cadaster Zone":"Mzaraat El-Ouasta","Cadaster Name":"Mazraat El-Wasta","ACS Code":61414,"Longitude":35.26363211,"Latitude":33.34870302,"IDPs Outside Shelters":0,"Families Outside Shelters":0},"geometry":{"type":"Point","coordinates":[35.26363211,33.34870302]}},
{"type":"Feature","properties":{"Governorate":"South","District":"Saida","Cadaster Zone":"Saida El-Oustani","Cadaster Name":"Saïda Wastani","ACS Code":61111,"Longitude":35.38590944,"Latitude":33.57687942,"IDPs Outside Shelters":0,"Families Outside Shelters":0},"geometry":{"type":"Point","coordinates":[35.38590944,33.57687942]}},
{"type":"Feature","properties":{"Governorate":"South","District":"Saida","Cadaster Zone":"Saida El-Qadimeh","Cadaster Name":"Saïda Ville","ACS Code":61115,"Longitude":35.36926256,"Latitude":33.56309914,"IDPs Outside Shelters":0,"Families Outside Shelters":0},"geometry":{"type":"Point","coordinates":[35.36926256,33.56309914]}},
{"type":"Feature","properties":{"Governorate":"South","District":"Saida","Cadaster Zone":"Sfenta","Cadaster Name":"Sfenté","ACS Code":61497,"Longitude":35.48889235,"Latitude":33.509992,"IDPs Outside Shelters":0,"Families Outside Shelters":0},"geometry":{"type":"Point","coordinates":[35.48889235,33.509992]}},
{"type":"Feature","properties":{"Governorate":"South","District":"Saida","Cadaster Zone":"Tebna","Cadaster Name":"Tibna","ACS Code":61456,"Longitude":35.34318265,"Latitude":33.44667398,"IDPs Outside Shelters":0,"Families Outside Shelters":0},"geometry":{"type":"Point","coordinates":[35.34318265,33.44667398]}},
{"type":"Feature","properties":{"Governorate":"South","District":"Sour","Cadaster Zone":"Sour","Cadaster Name":"Sour (Tyr)","ACS Code":62111,"Longitude":35.21236771,"Latitude":33.25607944,"IDPs Outside Shelters":9173,"Families Outside Shelters":1652},"geometry":{"type":"Point","coordinates":[35.21236771,33.25607944]}},
{"type":"Feature","properties":{"Governorate":"South","District":"Sour","Cadaster Zone":"Borj Ech-Chemali","Cadaster Name":"Borge El-Chémali","ACS Code":62128,"Longitude":35.23652028,"Latitude":33.26191025,"IDPs Outside Shelters":2404,"Families Outside Shelters":597},"geometry":{"type":"Point","coordinates":[35.23652028,33.26191025]}},
{"type":"Feature","properties":{"Governorate":"South","District":"Sour","Cadaster Zone":"Aabbassiyet Sour","Cadaster Name":"Abbassyat","ACS Code":62276,"Longitude":35.25227557,"Latitude":33.29259329,"IDPs Outside Shelters":1887,"Families Outside Shelters":463},"geometry":{"type":"Point","coordinates":[35.25227557,33.29259329]}},
{"type":"Feature","properties":{"Governorate":"South","District":"Sour","Cadaster Zone":"Maarake","Cadaster Name":"Mâaraké","ACS Code":62231,"Longitude":35.31067241,"Latitude":33.27254114,"IDPs Outside Shelters":1147,"Families Outside Shelters":282},"geometry":{"type":"Point","coordinates":[35.31067241,33.27254114]}},
{"type":"Feature","properties":{"Governorate":"South","District":"Sour","Cadaster Zone":"Bazouriye","Cadaster Name":"Bazouriat","ACS Code":62246,"Longitude":35.26831324,"Latitude":33.25197527,"IDPs Outside Shelters":836,"Families Outside Shelters":208},"geometry":{"type":"Point","coordinates":[35.26831324,33.25197527]}},
{"type":"Feature","properties":{"Governorate":"South","District":"Sour","Cadaster Zone":"Aain Baal","Cadaster Name":"Aïn Baal","ACS Code":62243,"Longitude":35.25472068,"Latitude":33.23872998,"IDPs Outside Shelters":779,"Families Outside Shelters":206},"geometry":{"type":"Point","coordinates":[35.25472068,33.23872998]}},
{"type":"Feature","properties":{"Governorate":"South","District":"Sour","Cadaster Zone":"Tayr Debbe","Cadaster Name":"Taïr-Dabba","ACS Code":62253,"Longitude":35.27376369,"Latitude":33.27595686,"IDPs Outside Shelters":687,"Families Outside Shelters":174},"geometry":{"type":"Point","coordinates":[35.27376369,33.27595686]}},
{"type":"Feature","properties":{"Governorate":"South","District":"Sour","Cadaster Zone":"Sadiqine","Cadaster Name":"Saddikine","ACS Code":62241,"Longitude":35.30797391,"Latitude":33.1909427,"IDPs Outside Shelters":649,"Families Outside Shelters":152},"geometry":{"type":"Point","coordinates":[35.30797391,33.1909427]}},
{"type":"Feature","properties":{"Governorate":"South","District":"Sour","Cadaster Zone":"Aaytit","Cadaster Name":"Aïtite","ACS Code":62217,"Longitude":35.29992579,"Latitude":33.22876407,"IDPs Outside Shelters":645,"Families Outside Shelters":162},"geometry":{"type":"Point","coordinates":[35.29992579,33.22876407]}},
{"type":"Feature","properties":{"Governorate":"South","District":"Sour","Cadaster Zone":"Mheilib","Cadaster Name":"Mahaïlib","ACS Code":62245,"Longitude":35.24134481,"Latitude":33.30760258,"IDPs Outside Shelters":579,"Families Outside Shelters":143},"geometry":{"type":"Point","coordinates":[35.24134481,33.30760258]}},
{"type":"Feature","properties":{"Governorate":"South","District":"Sour","Cadaster Zone":"Deir Qanoun En-Nahr","Cadaster Name":"Deir Kanoun El-Nahr","ACS Code":62263,"Longitude":35.30967337,"Latitude":33.30119271,"IDPs Outside Shelters":475,"Families Outside Shelters":120},"geometry":{"type":"Point","coordinates":[35.30967337,33.30119271]}},
{"type":"Feature","properties":{"Governorate":"South","District":"Sour","Cadaster Zone":"Maaroub","Cadaster Name":"Mahroub","ACS Code":62234,"Longitude":35.33893158,"Latitude":33.28350033,"IDPs Outside Shelters":431,"Families Outside Shelters":106},"geometry":{"type":"Point","coordinates":[35.33893158,33.28350033]}},
{"type":"Feature","properties":{"Governorate":"South","District":"Sour","Cadaster Zone":"Toura","Cadaster Name":"Toura","ACS Code":62261,"Longitude":35.29953916,"Latitude":33.29263078,"IDPs Outside Shelters":415,"Families Outside Shelters":103},"geometry":{"type":"Point","coordinates":[35.29953916,33.29263078]}},
{"type":"Feature","properties":{"Governorate":"South","District":"Sour","Cadaster Zone":"Chehabiye","Cadaster Name":"Tairzibna","ACS Code":62254,"Longitude":35.37662033,"Latitude":33.24140859,"IDPs Outside Shelters":404,"Families Outside Shelters":105},"geometry":{"type":"Point","coordinates":[35.37662033,33.24140859]}},
{"type":"Feature","properties":{"Governorate":"South","District":"Sour","Cadaster Zone":"Deir Kifa","Cadaster Name":"Deir Kifa","ACS Code":62251,"Longitude":35.40492918,"Latitude":33.25565601,"IDPs Outside Shelters":397,"Families Outside Shelters":97},"geometry":{"type":"Point","coordinates":[35.40492918,33.25565601]}},
{"type":"Feature","properties":{"Governorate":"South","District":"Sour","Cadaster Zone":"Srifa","Cadaster Name":"Srifa","ACS Code":62266,"Longitude":35.40204236,"Latitude":33.28151807,"IDPs Outside Shelters":396,"Families Outside Shelters":105},"geometry":{"type":"Point","coordinates":[35.40204236,33.28151807]}},
{"type":"Feature","properties":{"Governorate":"South","District":"Sour","Cadaster Zone":"Hanaouay","Cadaster Name":"Hanawé","ACS Code":62247,"Longitude":35.27200525,"Latitude":33.2187031,"IDPs Outside Shelters":346,"Families Outside Shelters":85},"geometry":{"type":"Point","coordinates":[35.27200525,33.2187031]}},
{"type":"Feature","properties":{"Governorate":"South","District":"Sour","Cadaster Zone":"Qana","Cadaster Name":"Kana","ACS Code":62229,"Longitude":35.30000349,"Latitude":33.20691163,"IDPs Outside Shelters":295,"Families Outside Shelters":76},"geometry":{"type":"Point","coordinates":[35.30000349,33.20691163]}},
{"type":"Feature","properties":{"Governorate":"South","District":"Sour","Cadaster Zone":"Jouaiya","Cadaster Name":"Jouaya","ACS Code":62211,"Longitude":35.3333542,"Latitude":33.24236829,"IDPs Outside Shelters":260,"Families Outside Shelters":62},"geometry":{"type":"Point","coordinates":[35.3333542,33.24236829]}},
{"type":"Feature","properties":{"Governorate":"South","District":"Sour","Cadaster Zone":"Majdel","Cadaster Name":"Mjadel","ACS Code":62214,"Longitude":35.36257637,"Latitude":33.23067655,"IDPs Outside Shelters":257,"Families Outside Shelters":63},"geometry":{"type":"Point","coordinates":[35.36257637,33.23067655]}},
{"type":"Feature","properties":{"Governorate":"South","District":"Sour","Cadaster Zone":"Borj Rahhal","Cadaster Name":"Bordje Rahhal","ACS Code":62283,"Longitude":35.2798759,"Latitude":33.31124941,"IDPs Outside Shelters":249,"Families Outside Shelters":63},"geometry":{"type":"Point","coordinates":[35.2798759,33.31124941]}},
{"type":"Feature","properties":{"Governorate":"South","District":"Sour","Cadaster Zone":"Chaaitiye","Cadaster Name":"Cheïetiyé","ACS Code":62277,"Longitude":35.25909892,"Latitude":33.19986848,"IDPs Outside Shelters":228,"Families Outside Shelters":59},"geometry":{"type":"Point","coordinates":[35.25909892,33.19986848]}},
{"type":"Feature","properties":{"Governorate":"South","District":"Sour","Cadaster Zone":"Jbal El-Botm","Cadaster Name":"Jebel-El-Batm","ACS Code":62279,"Longitude":35.29470075,"Latitude":33.16716667,"IDPs Outside Shelters":227,"Families Outside Shelters":51},"geometry":{"type":"Point","coordinates":[35.29470075,33.16716667]}},
{"type":"Feature","properties":{"Governorate":"South","District":"Sour","Cadaster Zone":"Derdaghaiya","Cadaster Name":"Derdaghaya","ACS Code":62239,"Longitude":35.37258867,"Latitude":33.27820453,"IDPs Outside Shelters":204,"Families Outside Shelters":47},"geometry":{"type":"Point","coordinates":[35.37258867,33.27820453]}},
{"type":"Feature","properties":{"Governorate":"South","District":"Sour","Cadaster Zone":"Barich","Cadaster Name":"Beiriche","ACS Code":62224,"Longitude":35.35022798,"Latitude":33.26945951,"IDPs Outside Shelters":185,"Families Outside Shelters":45},"geometry":{"type":"Point","coordinates":[35.35022798,33.26945951]}},
{"type":"Feature","properties":{"Governorate":"South","District":"Sour","Cadaster Zone":"Rmadiye","Cadaster Name":"Remadiyeh","ACS Code":62259,"Longitude":35.27756494,"Latitude":33.20216073,"IDPs Outside Shelters":180,"Families Outside Shelters":47},"geometry":{"type":"Point","coordinates":[35.27756494,33.20216073]}},
{"type":"Feature","properties":{"Governorate":"South","District":"Sour","Cadaster Zone":"Qlaile Sour","Cadaster Name":"El-Kleilé","ACS Code":62287,"Longitude":35.22859329,"Latitude":33.1951559,"IDPs Outside Shelters":179,"Families Outside Shelters":53},"geometry":{"type":"Point","coordinates":[35.22859329,33.1951559]}},
{"type":"Feature","properties":{"Governorate":"South","District":"Sour","Cadaster Zone":"Arzoun","Cadaster Name":"Arzoune","ACS Code":62256,"Longitude":35.38199161,"Latitude":33.28189153,"IDPs Outside Shelters":172,"Families Outside Shelters":40},"geometry":{"type":"Point","coordinates":[35.38199161,33.28189153]}},
{"type":"Feature","properties":{"Governorate":"South","District":"Sour","Cadaster Zone":"Batoulay","Cadaster Name":"Batouliyat","ACS Code":62162,"Longitude":35.24304424,"Latitude":33.22928548,"IDPs Outside Shelters":165,"Families Outside Shelters":40},"geometry":{"type":"Point","coordinates":[35.24304424,33.22928548]}},
{"type":"Feature","properties":{"Governorate":"South","District":"Sour","Cadaster Zone":"Ouadi Jilo","Cadaster Name":"Ouadi Djilou","ACS Code":62218,"Longitude":35.29695712,"Latitude":33.2503789,"IDPs Outside Shelters":149,"Families Outside Shelters":40},"geometry":{"type":"Point","coordinates":[35.29695712,33.2503789]}},
{"type":"Feature","properties":{"Governorate":"South","District":"Sour","Cadaster Zone":"Tayr Falsay","Cadaster Name":"Trafelsiyé","ACS Code":62271,"Longitude":35.34207886,"Latitude":33.31229296,"IDPs Outside Shelters":146,"Families Outside Shelters":37},"geometry":{"type":"Point","coordinates":[35.34207886,33.31229296]}},
{"type":"Feature","properties":{"Governorate":"South","District":"Sour","Cadaster Zone":"Chehour","Cadaster Name":"Chehour","ACS Code":62264,"Longitude":35.37722345,"Latitude":33.29804418,"IDPs Outside Shelters":135,"Families Outside Shelters":33},"geometry":{"type":"Point","coordinates":[35.37722345,33.29804418]}},
{"type":"Feature","properties":{"Governorate":"South","District":"Sour","Cadaster Zone":"Deir Aames","Cadaster Name":"Deir Amess","ACS Code":62223,"Longitude":35.34189171,"Latitude":33.19413898,"IDPs Outside Shelters":121,"Families Outside Shelters":34},"geometry":{"type":"Point","coordinates":[35.34189171,33.19413898]}},
{"type":"Feature","properties":{"Governorate":"South","District":"Sour","Cadaster Zone":"Bafliye","Cadaster Name":"Bafliyé","ACS Code":62221,"Longitude":35.36613077,"Latitude":33.2607874,"IDPs Outside Shelters":103,"Families Outside Shelters":24},"geometry":{"type":"Point","coordinates":[35.36613077,33.2607874]}},
{"type":"Feature","properties":{"Governorate":"South","District":"Sour","Cadaster Zone":"Kneisset Sour","Cadaster Name":"Kneissé","ACS Code":62267,"Longitude":35.26085297,"Latitude":33.20638853,"IDPs Outside Shelters":90,"Families Outside Shelters":26},"geometry":{"type":"Point","coordinates":[35.26085297,33.20638853]}},
{"type":"Feature","properties":{"Governorate":"South","District":"Sour","Cadaster Zone":"Yanouh Sour","Cadaster Name":"Yanouh","ACS Code":62219,"Longitude":35.30328854,"Latitude":33.25899266,"IDPs Outside Shelters":86,"Families Outside Shelters":25},"geometry":{"type":"Point","coordinates":[35.30328854,33.25899266]}},
{"type":"Feature","properties":{"Governorate":"South","District":"Sour","Cadaster Zone":"Selaa Sour","Cadaster Name":"Salha","ACS Code":62227,"Longitude":35.38407188,"Latitude":33.25677937,"IDPs Outside Shelters":84,"Families Outside Shelters":21},"geometry":{"type":"Point","coordinates":[35.38407188,33.25677937]}},
{"type":"Feature","properties":{"Governorate":"South","District":"Sour","Cadaster Zone":"Henniye","Cadaster Name":"El-Henniyé","ACS Code":62293,"Longitude":35.21899456,"Latitude":33.1884508,"IDPs Outside Shelters":82,"Families Outside Shelters":22},"geometry":{"type":"Point","coordinates":[35.21899456,33.1884508]}},
{"type":"Feature","properties":{"Governorate":"South","District":"Sour","Cadaster Zone":"Bedias","Cadaster Name":"Bidias","ACS Code":62274,"Longitude":35.30022678,"Latitude":33.31470108,"IDPs Outside Shelters":76,"Families Outside Shelters":23},"geometry":{"type":"Point","coordinates":[35.30022678,33.31470108]}},
{"type":"Feature","properties":{"Governorate":"South","District":"Sour","Cadaster Zone":"Deir Qanoun El-Aain","Cadaster Name":"Deir Kanoun Ras El Aïn","ACS Code":62179,"Longitude":35.23154045,"Latitude":33.21566697,"IDPs Outside Shelters":69,"Families Outside Shelters":19},"geometry":{"type":"Point","coordinates":[35.23154045,33.21566697]}},
{"type":"Feature","properties":{"Governorate":"South","District":"Sour","Cadaster Zone":"Debaal Sour","Cadaster Name":"Debhalé","ACS Code":62212,"Longitude":35.34781311,"Latitude":33.25178033,"IDPs Outside Shelters":65,"Families Outside Shelters":14},"geometry":{"type":"Point","coordinates":[35.34781311,33.25178033]}},
{"type":"Feature","properties":{"Governorate":"South","District":"Sour","Cadaster Zone":"Neftakhiye","Cadaster Name":"Neffahiyé","ACS Code":62233,"Longitude":35.38786248,"Latitude":33.2699014,"IDPs Outside Shelters":62,"Families Outside Shelters":16},"geometry":{"type":"Point","coordinates":[35.38786248,33.2699014]}},
{"type":"Feature","properties":{"Governorate":"South","District":"Sour","Cadaster Zone":"Jennata","Cadaster Name":"Jennata","ACS Code":62237,"Longitude":35.32058092,"Latitude":33.28823425,"IDPs Outside Shelters":59,"Families Outside Shelters":16},"geometry":{"type":"Point","coordinates":[35.32058092,33.28823425]}},
{"type":"Feature","properties":{"Governorate":"South","District":"Sour","Cadaster Zone":"Hmairi Sour","Cadaster Name":"Hmairé","ACS Code":62244,"Longitude":35.35033452,"Latitude":33.29636136,"IDPs Outside Shelters":51,"Families Outside Shelters":12},"geometry":{"type":"Point","coordinates":[35.35033452,33.29636136]}},
{"type":"Feature","properties":{"Governorate":"South","District":"Sour","Cadaster Zone":"Recheknanay","Cadaster Name":"Recheknaniyeh","ACS Code":62236,"Longitude":35.32850832,"Latitude":33.18670883,"IDPs Outside Shelters":47,"Families Outside Shelters":14},"geometry":{"type":"Point","coordinates":[35.32850832,33.18670883]}},
{"type":"Feature","properties":{"Governorate":"South","District":"Sour","Cadaster Zone":"Biyad","Cadaster Name":"El-Biyad","ACS Code":62226,"Longitude":35.32434063,"Latitude":33.20552958,"IDPs Outside Shelters":36,"Families Outside Shelters":11},"geometry":{"type":"Point","coordinates":[35.32434063,33.20552958]}},
{"type":"Feature","properties":{"Governorate":"South","District":"Sour","Cadaster Zone":"Halloussiye","Cadaster Name":"El-Héloussiyé","ACS Code":62269,"Longitude":35.32514197,"Latitude":33.30957096,"IDPs Outside Shelters":36,"Families Outside Shelters":10},"geometry":{"type":"Point","coordinates":[35.32514197,33.30957096]}},
{"type":"Feature","properties":{"Governorate":"South","District":"Sour","Cadaster Zone":"Zebqine","Cadaster Name":"Zebkine","ACS Code":62286,"Longitude":35.27405408,"Latitude":33.1544736,"IDPs Outside Shelters":34,"Families Outside Shelters":9},"geometry":{"type":"Point","coordinates":[35.27405408,33.1544736]}},
{"type":"Feature","properties":{"Governorate":"South","District":"Sour","Cadaster Zone":"Mazraat Mechref","Cadaster Name":"Mazraat Mechref","ACS Code":62215,"Longitude":35.3442834,"Latitude":33.21495753,"IDPs Outside Shelters":25,"Families Outside Shelters":6},"geometry":{"type":"Point","coordinates":[35.3442834,33.21495753]}},
{"type":"Feature","properties":{"Governorate":"South","District":"Sour","Cadaster Zone":"Bestiyat","Cadaster Name":"Bestiace","ACS Code":62249,"Longitude":35.35874277,"Latitude":33.2842449,"IDPs Outside Shelters":24,"Families Outside Shelters":7},"geometry":{"type":"Point","coordinates":[35.35874277,33.2842449]}},
{"type":"Feature","properties":{"Governorate":"South","District":"Sour","Cadaster Zone":"Aain Abou Abdallah","Cadaster Name":"Aïn Abou Abdallah","ACS Code":62291,"Longitude":35.26040832,"Latitude":33.32239514,"IDPs Outside Shelters":0,"Families Outside Shelters":0},"geometry":{"type":"Point","coordinates":[35.26040832,33.32239514]}},
{"type":"Feature","properties":{"Governorate":"South","District":"Sour","Cadaster Zone":"Aaiye","Cadaster Name":"Aaiyé","ACS Code":62242,"Longitude":35.30913746,"Latitude":33.18054178,"IDPs Outside Shelters":0,"Families Outside Shelters":0},"geometry":{"type":"Point","coordinates":[35.30913746,33.18054178]}},
{"type":"Feature","properties":{"Governorate":"South","District":"Sour","Cadaster Zone":"Aalma Ech-Chaab","Cadaster Name":"Alma Chaab","ACS Code":62316,"Longitude":35.17199398,"Latitude":33.103781,"IDPs Outside Shelters":0,"Families Outside Shelters":0},"geometry":{"type":"Point","coordinates":[35.17199398,33.103781]}},
{"type":"Feature","properties":{"Governorate":"South","District":"Sour","Cadaster Zone":"Aaziye","Cadaster Name":"Izzié","ACS Code":62294,"Longitude":35.23903473,"Latitude":33.17537462,"IDPs Outside Shelters":0,"Families Outside Shelters":0},"geometry":{"type":"Point","coordinates":[35.23903473,33.17537462]}},
{"type":"Feature","properties":{"Governorate":"South","District":"Sour","Cadaster Zone":"Abou Chech","Cadaster Name":"Abou Chech","ACS Code":62319,"Longitude":35.20768092,"Latitude":33.12830527,"IDPs Outside Shelters":0,"Families Outside Shelters":0},"geometry":{"type":"Point","coordinates":[35.20768092,33.12830527]}},
{"type":"Feature","properties":{"Governorate":"South","District":"Sour","Cadaster Zone":"Borj En-Naqoura","Cadaster Name":"Nakoura","ACS Code":62312,"Longitude":35.13056991,"Latitude":33.10879691,"IDPs Outside Shelters":0,"Families Outside Shelters":0},"geometry":{"type":"Point","coordinates":[35.13056991,33.10879691]}},
{"type":"Feature","properties":{"Governorate":"South","District":"Sour","Cadaster Zone":"Boustane","Cadaster Name":"Boustane","ACS Code":62321,"Longitude":35.25496168,"Latitude":33.10086915,"IDPs Outside Shelters":0,"Families Outside Shelters":0},"geometry":{"type":"Point","coordinates":[35.25496168,33.10086915]}},
{"type":"Feature","properties":{"Governorate":"South","District":"Sour","Cadaster Zone":"Btaychiye","Cadaster Name":"Btaychiyé","ACS Code":62331,"Longitude":35.20654555,"Latitude":33.11035906,"IDPs Outside Shelters":0,"Families Outside Shelters":0},"geometry":{"type":"Point","coordinates":[35.20654555,33.11035906]}},
{"type":"Feature","properties":{"Governorate":"South","District":"Sour","Cadaster Zone":"Chamaa","Cadaster Name":"Chameh","ACS Code":62298,"Longitude":35.20376583,"Latitude":33.14422228,"IDPs Outside Shelters":0,"Families Outside Shelters":0},"geometry":{"type":"Point","coordinates":[35.20376583,33.14422228]}},
{"type":"Feature","properties":{"Governorate":"South","District":"Sour","Cadaster Zone":"Chihine","Cadaster Name":"Chihine","ACS Code":62285,"Longitude":35.2578354,"Latitude":33.12826131,"IDPs Outside Shelters":0,"Families Outside Shelters":0},"geometry":{"type":"Point","coordinates":[35.2578354,33.12826131]}},
{"type":"Feature","properties":{"Governorate":"South","District":"Sour","Cadaster Zone":"Dhayra","Cadaster Name":"Mazraat Dhaira","ACS Code":62341,"Longitude":35.2226861,"Latitude":33.10763886,"IDPs Outside Shelters":0,"Families Outside Shelters":0},"geometry":{"type":"Point","coordinates":[35.2226861,33.10763886]}},
{"type":"Feature","properties":{"Governorate":"South","District":"Sour","Cadaster Zone":"Hamoul","Cadaster Name":"Hamoul","ACS Code":62314,"Longitude":35.16816344,"Latitude":33.13478604,"IDPs Outside Shelters":0,"Families Outside Shelters":0},"geometry":{"type":"Point","coordinates":[35.16816344,33.13478604]}},
{"type":"Feature","properties":{"Governorate":"South","District":"Sour","Cadaster Zone":"Iskandarouna Sour","Cadaster Name":"Eskandaroun","ACS Code":62299,"Longitude":35.18308161,"Latitude":33.15489236,"IDPs Outside Shelters":0,"Families Outside Shelters":0},"geometry":{"type":"Point","coordinates":[35.18308161,33.15489236]}},
{"type":"Feature","properties":{"Governorate":"South","District":"Sour","Cadaster Zone":"Jibbayn","Cadaster Name":"El Jbine","ACS Code":62292,"Longitude":35.23618035,"Latitude":33.12771895,"IDPs Outside Shelters":0,"Families Outside Shelters":0},"geometry":{"type":"Point","coordinates":[35.23618035,33.12771895]}},
{"type":"Feature","properties":{"Governorate":"South","District":"Sour","Cadaster Zone":"Jijim","Cadaster Name":"Jejime","ACS Code":62318,"Longitude":35.19016097,"Latitude":33.12676524,"IDPs Outside Shelters":0,"Families Outside Shelters":0},"geometry":{"type":"Point","coordinates":[35.19016097,33.12676524]}},
{"type":"Feature","properties":{"Governorate":"South","District":"Sour","Cadaster Zone":"Majdelzoun","Cadaster Name":"Majdalzoun","ACS Code":62297,"Longitude":35.23638046,"Latitude":33.1528019,"IDPs Outside Shelters":0,"Families Outside Shelters":0},"geometry":{"type":"Point","coordinates":[35.23638046,33.1528019]}},
{"type":"Feature","properties":{"Governorate":"South","District":"Sour","Cadaster Zone":"Mansouri Sour","Cadaster Name":"El-Mansouri","ACS Code":62296,"Longitude":35.20579671,"Latitude":33.17269128,"IDPs Outside Shelters":0,"Families Outside Shelters":0},"geometry":{"type":"Point","coordinates":[35.20579671,33.17269128]}},
{"type":"Feature","properties":{"Governorate":"South","District":"Sour","Cadaster Zone":"Marnba","Cadaster Name":"Rafid-el-Mernaba","ACS Code":62284,"Longitude":35.4177755,"Latitude":33.30479477,"IDPs Outside Shelters":0,"Families Outside Shelters":0},"geometry":{"type":"Point","coordinates":[35.4177755,33.30479477]}},
{"type":"Feature","properties":{"Governorate":"South","District":"Sour","Cadaster Zone":"Mazraat Ez-Zalloutiyeh","Cadaster Name":"Mazraat Ez-Zalloutieh","ACS Code":62351,"Longitude":35.25385326,"Latitude":33.10828908,"IDPs Outside Shelters":0,"Families Outside Shelters":0},"geometry":{"type":"Point","coordinates":[35.25385326,33.10828908]}},
{"type":"Feature","properties":{"Governorate":"South","District":"Sour","Cadaster Zone":"Mazraat Tayr Semhat","Cadaster Name":"Mazraat Torsemhat","ACS Code":62281,"Longitude":35.40172591,"Latitude":33.29555083,"IDPs Outside Shelters":0,"Families Outside Shelters":0},"geometry":{"type":"Point","coordinates":[35.40172591,33.29555083]}},
{"type":"Feature","properties":{"Governorate":"South","District":"Sour","Cadaster Zone":"Merouahine","Cadaster Name":"Marouhine","ACS Code":62311,"Longitude":35.27900305,"Latitude":33.11549307,"IDPs Outside Shelters":0,"Families Outside Shelters":0},"geometry":{"type":"Point","coordinates":[35.27900305,33.11549307]}},
{"type":"Feature","properties":{"Governorate":"South","District":"Sour","Cadaster Zone":"Niha Sour","Cadaster Name":"Niha","ACS Code":62257,"Longitude":35.40181377,"Latitude":33.27234427,"IDPs Outside Shelters":0,"Families Outside Shelters":0},"geometry":{"type":"Point","coordinates":[35.40181377,33.27234427]}},
{"type":"Feature","properties":{"Governorate":"South","District":"Sour","Cadaster Zone":"Tayr Harfa","Cadaster Name":"Tair Harf","ACS Code":62295,"Longitude":35.22296496,"Latitude":33.1339637,"IDPs Outside Shelters":0,"Families Outside Shelters":0},"geometry":{"type":"Point","coordinates":[35.22296496,33.1339637]}},
{"type":"Feature","properties":{"Governorate":"South","District":"Sour","Cadaster Zone":"Touayri","Cadaster Name":"Touaire","ACS Code":62273,"Longitude":35.42124388,"Latitude":33.27758572,"IDPs Outside Shelters":0,"Families Outside Shelters":0},"geometry":{"type":"Point","coordinates":[35.42124388,33.27758572]}},
{"type":"Feature","properties":{"Governorate":"South","District":"Sour","Cadaster Zone":"Yarine","Cadaster Name":"Yarine","ACS Code":62308,"Longitude":35.23589076,"Latitude":33.10650341,"IDPs Outside Shelters":0,"Families Outside Shelters":0},"geometry":{"type":"Point","coordinates":[35.23589076,33.10650341]}},
{"type":"Feature","properties":{"Governorate":"North","District":"Tripoli","Cadaster Zone":"Tripoli","Cadaster Name":"Tripoli","ACS Code":null,"Longitude":35.84036073,"Latitude":34.43132016,"IDPs Outside Shelters":547,"Families Outside Shelters":182},"geometry":{"type":"Point","coordinates":[35.84036073,34.43132016]}},
{"type":"Feature","properties":{"Governorate":"North","District":"Tripoli","Cadaster Zone":"Qalamoun","Cadaster Name":"Al-Kalmoune","ACS Code":31221,"Longitude":35.78772996,"Latitude":34.38615802,"IDPs Outside Shelters":94,"Families Outside Shelters":22},"geometry":{"type":"Point","coordinates":[35.78772996,34.38615802]}},
{"type":"Feature","properties":{"Governorate":"North","District":"Tripoli","Cadaster Zone":"Mina","Cadaster Name":"Al-Mina","ACS Code":31180,"Longitude":35.81009437,"Latitude":34.45279953,"IDPs Outside Shelters":0,"Families Outside Shelters":0},"geometry":{"type":"Point","coordinates":[35.81009437,34.45279953]}},
{"type":"Feature","properties":{"Governorate":"Bekaa","District":"West Bekaa","Cadaster Zone":"Kamed El-Laouz","Cadaster Name":"Kamed-el-Lauze","ACS Code":52217,"Longitude":35.82220549,"Latitude":33.62481622,"IDPs Outside Shelters":229,"Families Outside Shelters":52},"geometry":{"type":"Point","coordinates":[35.82220549,33.62481622]}},
{"type":"Feature","properties":{"Governorate":"Bekaa","District":"West Bekaa","Cadaster Zone":"Souairi","Cadaster Name":"Al-Sawiré","ACS Code":52264,"Longitude":35.90901257,"Latitude":33.68561592,"IDPs Outside Shelters":229,"Families Outside Shelters":52},"geometry":{"type":"Point","coordinates":[35.90901257,33.68561592]}},
{"type":"Feature","properties":{"Governorate":"Bekaa","District":"West Bekaa","Cadaster Zone":"Ghazze","Cadaster Name":"Ghazzé","ACS Code":52227,"Longitude":35.82774309,"Latitude":33.67343833,"IDPs Outside Shelters":184,"Families Outside Shelters":42},"geometry":{"type":"Point","coordinates":[35.82774309,33.67343833]}},
{"type":"Feature","properties":{"Governorate":"Bekaa","District":"West Bekaa","Cadaster Zone":"Haouch El-Harime","Cadaster Name":"Haouche-el-Harimé","ACS Code":52254,"Longitude":35.85918146,"Latitude":33.71444141,"IDPs Outside Shelters":103,"Families Outside Shelters":24},"geometry":{"type":"Point","coordinates":[35.85918146,33.71444141]}},
{"type":"Feature","properties":{"Governorate":"Bekaa","District":"West Bekaa","Cadaster Zone":"Aain Zebde","Cadaster Name":"Aïn-Zebdé","ACS Code":52146,"Longitude":35.69956429,"Latitude":33.62680677,"IDPs Outside Shelters":54,"Families Outside Shelters":13},"geometry":{"type":"Point","coordinates":[35.69956429,33.62680677]}},
{"type":"Feature","properties":{"Governorate":"Bekaa","District":"West Bekaa","Cadaster Zone":"Joubb Jannine","Cadaster Name":"Jib Jénine","ACS Code":52211,"Longitude":35.79442556,"Latitude":33.63560033,"IDPs Outside Shelters":44,"Families Outside Shelters":12},"geometry":{"type":"Point","coordinates":[35.79442556,33.63560033]}},
{"type":"Feature","properties":{"Governorate":"Bekaa","District":"West Bekaa","Cadaster Zone":"Harime Es-Soughra","Cadaster Name":"Harime-el-Soughra","ACS Code":52271,"Longitude":35.87522772,"Latitude":33.73301078,"IDPs Outside Shelters":27,"Families Outside Shelters":7},"geometry":{"type":"Point","coordinates":[35.87522772,33.73301078]}},
{"type":"Feature","properties":{"Governorate":"Bekaa","District":"West Bekaa","Cadaster Zone":"Kafraiya BG","Cadaster Name":"Kefraya","ACS Code":52156,"Longitude":35.73748901,"Latitude":33.6603705,"IDPs Outside Shelters":27,"Families Outside Shelters":7},"geometry":{"type":"Point","coordinates":[35.73748901,33.6603705]}},
{"type":"Feature","properties":{"Governorate":"Bekaa","District":"West Bekaa","Cadaster Zone":"Raouda (Istabel)","Cadaster Name":"Al-Istable","ACS Code":52295,"Longitude":35.892187,"Latitude":33.74658805,"IDPs Outside Shelters":22,"Families Outside Shelters":6},"geometry":{"type":"Point","coordinates":[35.892187,33.74658805]}},
{"type":"Feature","properties":{"Governorate":"Bekaa","District":"West Bekaa","Cadaster Zone":"Jazira BG","Cadaster Name":"Al-Djeziré","ACS Code":52257,"Longitude":35.84544726,"Latitude":33.72536402,"IDPs Outside Shelters":18,"Families Outside Shelters":5},"geometry":{"type":"Point","coordinates":[35.84544726,33.72536402]}},
{"type":"Feature","properties":{"Governorate":"Bekaa","District":"West Bekaa","Cadaster Zone":"Aain Et-Tine BG","Cadaster Name":"Aïn-el-Tiné","ACS Code":52116,"Longitude":35.63650735,"Latitude":33.4926956,"IDPs Outside Shelters":0,"Families Outside Shelters":0},"geometry":{"type":"Point","coordinates":[35.63650735,33.4926956]}},
{"type":"Feature","properties":{"Governorate":"Bekaa","District":"West Bekaa","Cadaster Zone":"Aammiq BG","Cadaster Name":"Ammik et \"Jouret Ammik\"","ACS Code":52176,"Longitude":35.79079167,"Latitude":33.7244703,"IDPs Outside Shelters":0,"Families Outside Shelters":0},"geometry":{"type":"Point","coordinates":[35.79079167,33.7244703]}},
{"type":"Feature","properties":{"Governorate":"Bekaa","District":"West Bekaa","Cadaster Zone":"Aana","Cadaster Name":"Ana","ACS Code":52161,"Longitude":35.76912991,"Latitude":33.683412,"IDPs Outside Shelters":0,"Families Outside Shelters":0},"geometry":{"type":"Point","coordinates":[35.76912991,33.683412]}},
{"type":"Feature","properties":{"Governorate":"Bekaa","District":"West Bekaa","Cadaster Zone":"Aaytanit","Cadaster Name":"Aïtanit","ACS Code":52121,"Longitude":35.67219543,"Latitude":33.56401883,"IDPs Outside Shelters":0,"Families Outside Shelters":0},"geometry":{"type":"Point","coordinates":[35.67219543,33.56401883]}},
{"type":"Feature","properties":{"Governorate":"Bekaa","District":"West Bekaa","Cadaster Zone":"Baaloul BG","Cadaster Name":"Baaloul","ACS Code":52224,"Longitude":35.74924194,"Latitude":33.58779923,"IDPs Outside Shelters":0,"Families Outside Shelters":0},"geometry":{"type":"Point","coordinates":[35.74924194,33.58779923]}},
{"type":"Feature","properties":{"Governorate":"Bekaa","District":"West Bekaa","Cadaster Zone":"Bab Mareaa","Cadaster Name":"Bab Mareh","ACS Code":52126,"Longitude":35.67653959,"Latitude":33.58825425,"IDPs Outside Shelters":0,"Families Outside Shelters":0},"geometry":{"type":"Point","coordinates":[35.67653959,33.58825425]}},
{"type":"Feature","properties":{"Governorate":"Bekaa","District":"West Bekaa","Cadaster Zone":"Chebrqiyet Aammiq","Cadaster Name":"Chouberkié \"Ammik\"","ACS Code":52181,"Longitude":35.81239596,"Latitude":33.71113947,"IDPs Outside Shelters":0,"Families Outside Shelters":0},"geometry":{"type":"Point","coordinates":[35.81239596,33.71113947]}},
{"type":"Feature","properties":{"Governorate":"Bekaa","District":"West Bekaa","Cadaster Zone":"Dakoue","Cadaster Name":"Dakoué","ACS Code":52251,"Longitude":35.87447474,"Latitude":33.69216742,"IDPs Outside Shelters":0,"Families Outside Shelters":0},"geometry":{"type":"Point","coordinates":[35.87447474,33.69216742]}},
{"type":"Feature","properties":{"Governorate":"Bekaa","District":"West Bekaa","Cadaster Zone":"Deir Aain Ej-Jaouze","Cadaster Name":"Deir-Aïn-el-Jaouzé","ACS Code":52131,"Longitude":35.70004418,"Latitude":33.59334049,"IDPs Outside Shelters":0,"Families Outside Shelters":0},"geometry":{"type":"Point","coordinates":[35.70004418,33.59334049]}},
{"type":"Feature","properties":{"Governorate":"Bekaa","District":"West Bekaa","Cadaster Zone":"Deir Tahniche","Cadaster Name":"Dair Tahmiche","ACS Code":52166,"Longitude":35.77028599,"Latitude":33.69952308,"IDPs Outside Shelters":0,"Families Outside Shelters":0},"geometry":{"type":"Point","coordinates":[35.77028599,33.69952308]}},
{"type":"Feature","properties":{"Governorate":"Bekaa","District":"West Bekaa","Cadaster Zone":"Khiara","Cadaster Name":"Al-Khiara","ACS Code":52234,"Longitude":35.84664563,"Latitude":33.68935023,"IDPs Outside Shelters":0,"Families Outside Shelters":0},"geometry":{"type":"Point","coordinates":[35.84664563,33.68935023]}},
{"type":"Feature","properties":{"Governorate":"Bekaa","District":"West Bekaa","Cadaster Zone":"Khiara El-Aatiqa","Cadaster Name":"Khiara-el-Atika","ACS Code":52247,"Longitude":35.83355417,"Latitude":33.70994423,"IDPs Outside Shelters":0,"Families Outside Shelters":0},"geometry":{"type":"Point","coordinates":[35.83355417,33.70994423]}},
{"type":"Feature","properties":{"Governorate":"Bekaa","District":"West Bekaa","Cadaster Zone":"Khirbet Qanafar","Cadaster Name":"Kherbet Kanafar","ACS Code":52151,"Longitude":35.72541603,"Latitude":33.63770573,"IDPs Outside Shelters":0,"Families Outside Shelters":0},"geometry":{"type":"Point","coordinates":[35.72541603,33.63770573]}},
{"type":"Feature","properties":{"Governorate":"Bekaa","District":"West Bekaa","Cadaster Zone":"Lala","Cadaster Name":"Lala","ACS Code":52214,"Longitude":35.76171903,"Latitude":33.60853004,"IDPs Outside Shelters":0,"Families Outside Shelters":0},"geometry":{"type":"Point","coordinates":[35.76171903,33.60853004]}},
{"type":"Feature","properties":{"Governorate":"Bekaa","District":"West Bekaa","Cadaster Zone":"Libbaya BG","Cadaster Name":"Lebbaya","ACS Code":52274,"Longitude":35.71274552,"Latitude":33.47880953,"IDPs Outside Shelters":0,"Families Outside Shelters":0},"geometry":{"type":"Point","coordinates":[35.71274552,33.47880953]}},
{"type":"Feature","properties":{"Governorate":"Bekaa","District":"West Bekaa","Cadaster Zone":"litige","Cadaster Name":"litige","ACS Code":52001,"Longitude":35.7590146,"Latitude":33.72251515,"IDPs Outside Shelters":0,"Families Outside Shelters":0},"geometry":{"type":"Point","coordinates":[35.7590146,33.72251515]}},
{"type":"Feature","properties":{"Governorate":"Bekaa","District":"West Bekaa","Cadaster Zone":"litige","Cadaster Name":"litige","ACS Code":52002,"Longitude":35.71765546,"Latitude":33.67820546,"IDPs Outside Shelters":0,"Families Outside Shelters":0},"geometry":{"type":"Point","coordinates":[35.71765546,33.67820546]}},
{"type":"Feature","properties":{"Governorate":"Bekaa","District":"West Bekaa","Cadaster Zone":"litige","Cadaster Name":"litige","ACS Code":52003,"Longitude":35.6794426,"Latitude":33.6357056,"IDPs Outside Shelters":0,"Families Outside Shelters":0},"geometry":{"type":"Point","coordinates":[35.6794426,33.6357056]}},
{"type":"Feature","properties":{"Governorate":"Bekaa","District":"West Bekaa","Cadaster Zone":"Loussa","Cadaster Name":"Loucia","ACS Code":52141,"Longitude":35.65026207,"Latitude":33.45749211,"IDPs Outside Shelters":0,"Families Outside Shelters":0},"geometry":{"type":"Point","coordinates":[35.65026207,33.45749211]}},
{"type":"Feature","properties":{"Governorate":"Bekaa","District":"West Bekaa","Cadaster Zone":"Machghara","Cadaster Name":"Machghara","ACS Code":52111,"Longitude":35.65985953,"Latitude":33.5247216,"IDPs Outside Shelters":0,"Families Outside Shelters":0},"geometry":{"type":"Point","coordinates":[35.65985953,33.5247216]}},
{"type":"Feature","properties":{"Governorate":"Bekaa","District":"West Bekaa","Cadaster Zone":"Manara (Hammara) BG","Cadaster Name":"Hamara","ACS Code":52244,"Longitude":35.89141919,"Latitude":33.65682368,"IDPs Outside Shelters":0,"Families Outside Shelters":0},"geometry":{"type":"Point","coordinates":[35.89141919,33.65682368]}},
{"type":"Feature","properties":{"Governorate":"Bekaa","District":"West Bekaa","Cadaster Zone":"Mansoura BG","Cadaster Name":"Mansoura","ACS Code":52171,"Longitude":35.8065708,"Latitude":33.67888796,"IDPs Outside Shelters":0,"Families Outside Shelters":0},"geometry":{"type":"Point","coordinates":[35.8065708,33.67888796]}},
{"type":"Feature","properties":{"Governorate":"Bekaa","District":"West Bekaa","Cadaster Zone":"Marj BG","Cadaster Name":"Al-Marje","ACS Code":52277,"Longitude":35.87325781,"Latitude":33.75847124,"IDPs Outside Shelters":0,"Families Outside Shelters":0},"geometry":{"type":"Point","coordinates":[35.87325781,33.75847124]}},
{"type":"Feature","properties":{"Governorate":"Bekaa","District":"West Bekaa","Cadaster Zone":"Maydoun","Cadaster Name":"Maïdoune","ACS Code":52287,"Longitude":35.63111685,"Latitude":33.46131379,"IDPs Outside Shelters":0,"Families Outside Shelters":0},"geometry":{"type":"Point","coordinates":[35.63111685,33.46131379]}},
{"type":"Feature","properties":{"Governorate":"Bekaa","District":"West Bekaa","Cadaster Zone":"Ouaqf BG","Cadaster Name":"Al-Wakf","ACS Code":52261,"Longitude":35.84604576,"Latitude":33.73642652,"IDPs Outside Shelters":0,"Families Outside Shelters":0},"geometry":{"type":"Point","coordinates":[35.84604576,33.73642652]}},
{"type":"Feature","properties":{"Governorate":"Bekaa","District":"West Bekaa","Cadaster Zone":"Qaraaoun","Cadaster Name":"El-Karaoun","ACS Code":52237,"Longitude":35.72292994,"Latitude":33.56454352,"IDPs Outside Shelters":0,"Families Outside Shelters":0},"geometry":{"type":"Point","coordinates":[35.72292994,33.56454352]}},
{"type":"Feature","properties":{"Governorate":"Bekaa","District":"West Bekaa","Cadaster Zone":"Qelaya","Cadaster Name":"Kélia","ACS Code":52291,"Longitude":35.66298725,"Latitude":33.44034112,"IDPs Outside Shelters":0,"Families Outside Shelters":0},"geometry":{"type":"Point","coordinates":[35.66298725,33.44034112]}},
{"type":"Feature","properties":{"Governorate":"Bekaa","District":"West Bekaa","Cadaster Zone":"Saghbine","Cadaster Name":"Saghbine","ACS Code":52136,"Longitude":35.6944537,"Latitude":33.60924787,"IDPs Outside Shelters":0,"Families Outside Shelters":0},"geometry":{"type":"Point","coordinates":[35.6944537,33.60924787]}},
{"type":"Feature","properties":{"Governorate":"Bekaa","District":"West Bekaa","Cadaster Zone":"Sohmor","Cadaster Name":"Sohmor","ACS Code":52267,"Longitude":35.69263169,"Latitude":33.50832142,"IDPs Outside Shelters":0,"Families Outside Shelters":0},"geometry":{"type":"Point","coordinates":[35.69263169,33.50832142]}},
{"type":"Feature","properties":{"Governorate":"Bekaa","District":"West Bekaa","Cadaster Zone":"Soltan Yacoub el Aradi","Cadaster Name":"Soltan Yacoub el Aradi","ACS Code":52241,"Longitude":35.86829111,"Latitude":33.67341974,"IDPs Outside Shelters":0,"Families Outside Shelters":0},"geometry":{"type":"Point","coordinates":[35.86829111,33.67341974]}},
{"type":"Feature","properties":{"Governorate":"Bekaa","District":"West Bekaa","Cadaster Zone":"Soultan Yaacoub Faouqa","Cadaster Name":"Soltan-Yacoub","ACS Code":52231,"Longitude":35.84890529,"Latitude":33.65433527,"IDPs Outside Shelters":0,"Families Outside Shelters":0},"geometry":{"type":"Point","coordinates":[35.84890529,33.65433527]}},
{"type":"Feature","properties":{"Governorate":"Bekaa","District":"West Bekaa","Cadaster Zone":"Tall Znoub","Cadaster Name":"Tal Zenoub","ACS Code":52221,"Longitude":35.77601516,"Latitude":33.65914551,"IDPs Outside Shelters":0,"Families Outside Shelters":0},"geometry":{"type":"Point","coordinates":[35.77601516,33.65914551]}},
{"type":"Feature","properties":{"Governorate":"Bekaa","District":"West Bekaa","Cadaster Zone":"Yohmor BG","Cadaster Name":"Yohmor","ACS Code":52281,"Longitude":35.67550128,"Latitude":33.48052572,"IDPs Outside Shelters":0,"Families Outside Shelters":0},"geometry":{"type":"Point","coordinates":[35.67550128,33.48052572]}},
{"type":"Feature","properties":{"Governorate":"Bekaa","District":"West Bekaa","Cadaster Zone":"Zilaya","Cadaster Name":"Zellaya","ACS Code":52284,"Longitude":35.67335511,"Latitude":33.45782478,"IDPs Outside Shelters":0,"Families Outside Shelters":0},"geometry":{"type":"Point","coordinates":[35.67335511,33.45782478]}},
{"type":"Feature","properties":{"Governorate":"Bekaa","District":"Zahle","Cadaster Zone":"Zahle El-Maallaqa","Cadaster Name":"Zahlé Maallaka Kerek","ACS Code":51121,"Longitude":35.9170829,"Latitude":33.84424317,"IDPs Outside Shelters":679,"Families Outside Shelters":152},"geometry":{"type":"Point","coordinates":[35.9170829,33.84424317]}},
{"type":"Feature","properties":{"Governorate":"Bekaa","District":"Zahle","Cadaster Zone":"Ksara","Cadaster Name":"Ksara","ACS Code":51184,"Longitude":35.89179584,"Latitude":33.82630764,"IDPs Outside Shelters":454,"Families Outside Shelters":102},"geometry":{"type":"Point","coordinates":[35.89179584,33.82630764]}},
{"type":"Feature","properties":{"Governorate":"Bekaa","District":"Zahle","Cadaster Zone":"Majdel Aanjar","Cadaster Name":"Mejdel-Anjar","ACS Code":51284,"Longitude":35.91933989,"Latitude":33.71088477,"IDPs Outside Shelters":454,"Families Outside Shelters":102},"geometry":{"type":"Point","coordinates":[35.91933989,33.71088477]}},
{"type":"Feature","properties":{"Governorate":"Bekaa","District":"Zahle","Cadaster Zone":"Aali En-Nahri","Cadaster Name":"Al-Ali-Nahri","ACS Code":51323,"Longitude":36.02737266,"Latitude":33.86224907,"IDPs Outside Shelters":386,"Families Outside Shelters":87},"geometry":{"type":"Point","coordinates":[36.02737266,33.86224907]}},
{"type":"Feature","properties":{"Governorate":"Bekaa","District":"Zahle","Cadaster Zone":"Hazerta","Cadaster Name":"Hizzerta","ACS Code":51157,"Longitude":35.8677886,"Latitude":33.87667749,"IDPs Outside Shelters":364,"Families Outside Shelters":82},"geometry":{"type":"Point","coordinates":[35.8677886,33.87667749]}},
{"type":"Feature","properties":{"Governorate":"Bekaa","District":"Zahle","Cadaster Zone":"Chtaura","Cadaster Name":"Chtaura","ACS Code":51211,"Longitude":35.85712409,"Latitude":33.81498994,"IDPs Outside Shelters":319,"Families Outside Shelters":72},"geometry":{"type":"Point","coordinates":[35.85712409,33.81498994]}},
{"type":"Feature","properties":{"Governorate":"Bekaa","District":"Zahle","Cadaster Zone":"Riyaq","Cadaster Name":"Rayak","ACS Code":51311,"Longitude":36.01688728,"Latitude":33.85185126,"IDPs Outside Shelters":319,"Families Outside Shelters":72},"geometry":{"type":"Point","coordinates":[36.01688728,33.85185126]}},
{"type":"Feature","properties":{"Governorate":"Bekaa","District":"Zahle","Cadaster Zone":"Qabb Elias","Cadaster Name":"Kab Elias","ACS Code":51234,"Longitude":35.83406137,"Latitude":33.77926004,"IDPs Outside Shelters":229,"Families Outside Shelters":52},"geometry":{"type":"Point","coordinates":[35.83406137,33.77926004]}},
{"type":"Feature","properties":{"Governorate":"Bekaa","District":"Zahle","Cadaster Zone":"Saadnayel","Cadaster Name":"Saïd Neil","ACS Code":51231,"Longitude":35.89036545,"Latitude":33.81411405,"IDPs Outside Shelters":184,"Families Outside Shelters":42},"geometry":{"type":"Point","coordinates":[35.89036545,33.81411405]}},
{"type":"Feature","properties":{"Governorate":"Bekaa","District":"Zahle","Cadaster Zone":"Jdita","Cadaster Name":"Jditah","ACS Code":51224,"Longitude":35.84682336,"Latitude":33.81563253,"IDPs Outside Shelters":179,"Families Outside Shelters":38},"geometry":{"type":"Point","coordinates":[35.84682336,33.81563253]}},
{"type":"Feature","properties":{"Governorate":"Bekaa","District":"Zahle","Cadaster Zone":"Zahle Maallaqa Aradi","Cadaster Name":"Maallaka (Terres)","ACS Code":51125,"Longitude":35.9376381,"Latitude":33.83203566,"IDPs Outside Shelters":139,"Families Outside Shelters":32},"geometry":{"type":"Point","coordinates":[35.9376381,33.83203566]}},
{"type":"Feature","properties":{"Governorate":"Bekaa","District":"Zahle","Cadaster Zone":"Aain Kfar Zabad","Cadaster Name":"Aïn Kfar Zabed","ACS Code":51377,"Longitude":36.01042499,"Latitude":33.79110969,"IDPs Outside Shelters":125,"Families Outside Shelters":29},"geometry":{"type":"Point","coordinates":[36.01042499,33.79110969]}},
{"type":"Feature","properties":{"Governorate":"Bekaa","District":"Zahle","Cadaster Zone":"Mrayjat Zahle","Cadaster Name":"Mreijat","ACS Code":51241,"Longitude":35.805746,"Latitude":33.80800327,"IDPs Outside Shelters":124,"Families Outside Shelters":22},"geometry":{"type":"Point","coordinates":[35.805746,33.80800327]}},
{"type":"Feature","properties":{"Governorate":"Bekaa","District":"Zahle","Cadaster Zone":"Taanayel","Cadaster Name":"Tanaïl","ACS Code":51227,"Longitude":35.87905746,"Latitude":33.7887549,"IDPs Outside Shelters":94,"Families Outside Shelters":22},"geometry":{"type":"Point","coordinates":[35.87905746,33.7887549]}},
{"type":"Feature","properties":{"Governorate":"Bekaa","District":"Zahle","Cadaster Zone":"Zahle Haouch El-Oumara","Cadaster Name":"Zahlé Haouche Al-Oumara","ACS Code":51131,"Longitude":35.91087649,"Latitude":33.83400245,"IDPs Outside Shelters":94,"Families Outside Shelters":22},"geometry":{"type":"Point","coordinates":[35.91087649,33.83400245]}},
{"type":"Feature","properties":{"Governorate":"Bekaa","District":"Zahle","Cadaster Zone":"Haouch Hala","Cadaster Name":"Haouche Hala","ACS Code":51317,"Longitude":35.99347434,"Latitude":33.84710967,"IDPs Outside Shelters":49,"Families Outside Shelters":12},"geometry":{"type":"Point","coordinates":[35.99347434,33.84710967]}},
{"type":"Feature","properties":{"Governorate":"Bekaa","District":"Zahle","Cadaster Zone":"Taalbaya","Cadaster Name":"Talabaya","ACS Code":51221,"Longitude":35.8730128,"Latitude":33.81040145,"IDPs Outside Shelters":49,"Families Outside Shelters":12},"geometry":{"type":"Point","coordinates":[35.8730128,33.81040145]}},
{"type":"Feature","properties":{"Governorate":"Bekaa","District":"Zahle","Cadaster Zone":"Makse","Cadaster Name":"Maksé","ACS Code":51217,"Longitude":35.84258185,"Latitude":33.80061313,"IDPs Outside Shelters":29,"Families Outside Shelters":8},"geometry":{"type":"Point","coordinates":[35.84258185,33.80061313]}},
{"type":"Feature","properties":{"Governorate":"Bekaa","District":"Zahle","Cadaster Zone":"Bouarej","Cadaster Name":"Bouerije","ACS Code":51244,"Longitude":35.81196697,"Latitude":33.81763177,"IDPs Outside Shelters":26,"Families Outside Shelters":7},"geometry":{"type":"Point","coordinates":[35.81196697,33.81763177]}},
{"type":"Feature","properties":{"Governorate":"Bekaa","District":"Zahle","Cadaster Zone":"Haouch El-Ghanam","Cadaster Name":"Haouche-el-Ghanam","ACS Code":51329,"Longitude":36.03071744,"Latitude":33.87335327,"IDPs Outside Shelters":26,"Families Outside Shelters":7},"geometry":{"type":"Point","coordinates":[36.03071744,33.87335327]}},
{"type":"Feature","properties":{"Governorate":"Bekaa","District":"Zahle","Cadaster Zone":"Zahle El-Berbara","Cadaster Name":"Zahlé Barbara","ACS Code":51119,"Longitude":35.89850093,"Latitude":33.85112105,"IDPs Outside Shelters":26,"Families Outside Shelters":7},"geometry":{"type":"Point","coordinates":[35.89850093,33.85112105]}},
{"type":"Feature","properties":{"Governorate":"Bekaa","District":"Zahle","Cadaster Zone":"Raait","Cadaster Name":"Rait","ACS Code":51359,"Longitude":36.03939468,"Latitude":33.83915096,"IDPs Outside Shelters":8,"Families Outside Shelters":3},"geometry":{"type":"Point","coordinates":[36.03939468,33.83915096]}},
{"type":"Feature","properties":{"Governorate":"Bekaa","District":"Zahle","Cadaster Zone":"Aanjar (Haouch Moussa)","Cadaster Name":"Anjar","ACS Code":51281,"Longitude":35.93238165,"Latitude":33.74042764,"IDPs Outside Shelters":0,"Families Outside Shelters":0},"geometry":{"type":"Point","coordinates":[35.93238165,33.74042764]}},
{"type":"Feature","properties":{"Governorate":"Bekaa","District":"Zahle","Cadaster Zone":"Ablah","Cadaster Name":"Ablah","ACS Code":51163,"Longitude":35.96944281,"Latitude":33.86526477,"IDPs Outside Shelters":0,"Families Outside Shelters":0},"geometry":{"type":"Point","coordinates":[35.96944281,33.86526477]}},
{"type":"Feature","properties":{"Governorate":"Bekaa","District":"Zahle","Cadaster Zone":"Barr Elias","Cadaster Name":"Bar-Elias","ACS Code":51267,"Longitude":35.92865477,"Latitude":33.77675039,"IDPs Outside Shelters":0,"Families Outside Shelters":0},"geometry":{"type":"Point","coordinates":[35.92865477,33.77675039]}},
{"type":"Feature","properties":{"Governorate":"Bekaa","District":"Zahle","Cadaster Zone":"Chebrqiyet Tabet","Cadaster Name":"Chouberkié  Tabet","ACS Code":51247,"Longitude":35.87134656,"Latitude":33.77788142,"IDPs Outside Shelters":0,"Families Outside Shelters":0},"geometry":{"type":"Point","coordinates":[35.87134656,33.77788142]}},
{"type":"Feature","properties":{"Governorate":"Bekaa","District":"Zahle","Cadaster Zone":"Conflict","Cadaster Name":"Conflict","ACS Code":0,"Longitude":35.96983154,"Latitude":33.72001961,"IDPs Outside Shelters":0,"Families Outside Shelters":0},"geometry":{"type":"Point","coordinates":[35.96983154,33.72001961]}},
{"type":"Feature","properties":{"Governorate":"Bekaa","District":"Zahle","Cadaster Zone":"Dalhamiyet Zahle","Cadaster Name":"Delhamié","ACS Code":51383,"Longitude":35.96015668,"Latitude":33.81741355,"IDPs Outside Shelters":0,"Families Outside Shelters":0},"geometry":{"type":"Point","coordinates":[35.96015668,33.81741355]}},
{"type":"Feature","properties":{"Governorate":"Bekaa","District":"Zahle","Cadaster Zone":"Deir El-Ghazal","Cadaster Name":"Dair-el-Ghazel","ACS Code":51347,"Longitude":36.04763446,"Latitude":33.82397205,"IDPs Outside Shelters":0,"Families Outside Shelters":0},"geometry":{"type":"Point","coordinates":[36.04763446,33.82397205]}},
{"type":"Feature","properties":{"Governorate":"Bekaa","District":"Zahle","Cadaster Zone":"Fourzol","Cadaster Name":"Fourzol","ACS Code":51139,"Longitude":35.94976824,"Latitude":33.86322736,"IDPs Outside Shelters":0,"Families Outside Shelters":0},"geometry":{"type":"Point","coordinates":[35.94976824,33.86322736]}},
{"type":"Feature","properties":{"Governorate":"Bekaa","District":"Zahle","Cadaster Zone":"Haouch El-Aamara","Cadaster Name":"Tal-al-Amara","ACS Code":51335,"Longitude":35.9865237,"Latitude":33.85662472,"IDPs Outside Shelters":0,"Families Outside Shelters":0},"geometry":{"type":"Point","coordinates":[35.9865237,33.85662472]}},
{"type":"Feature","properties":{"Governorate":"Bekaa","District":"Zahle","Cadaster Zone":"Haouch Es-Siyade","Cadaster Name":"Haouche Sayadi","ACS Code":51251,"Longitude":35.82164441,"Latitude":33.76928942,"IDPs Outside Shelters":0,"Families Outside Shelters":0},"geometry":{"type":"Point","coordinates":[35.82164441,33.76928942]}},
{"type":"Feature","properties":{"Governorate":"Bekaa","District":"Zahle","Cadaster Zone":"Haouch Mandara","Cadaster Name":"Mandara","ACS Code":51237,"Longitude":35.8583299,"Latitude":33.77528854,"IDPs Outside Shelters":0,"Families Outside Shelters":0},"geometry":{"type":"Point","coordinates":[35.8583299,33.77528854]}},
{"type":"Feature","properties":{"Governorate":"Bekaa","District":"Zahle","Cadaster Zone":"Haouch Qayssar","Cadaster Name":"Haouche Kaissar","ACS Code":51264,"Longitude":35.81503588,"Latitude":33.76214926,"IDPs Outside Shelters":0,"Families Outside Shelters":0},"geometry":{"type":"Point","coordinates":[35.81503588,33.76214926]}},
{"type":"Feature","properties":{"Governorate":"Bekaa","District":"Zahle","Cadaster Zone":"Hoshmosh","Cadaster Name":"Hochemoche","ACS Code":51341,"Longitude":36.01331313,"Latitude":33.82915314,"IDPs Outside Shelters":0,"Families Outside Shelters":0},"geometry":{"type":"Point","coordinates":[36.01331313,33.82915314]}},
{"type":"Feature","properties":{"Governorate":"Bekaa","District":"Zahle","Cadaster Zone":"Kfarzabad","Cadaster Name":"Kfar Zabed","ACS Code":51389,"Longitude":35.98138077,"Latitude":33.76382951,"IDPs Outside Shelters":0,"Families Outside Shelters":0},"geometry":{"type":"Point","coordinates":[35.98138077,33.76382951]}},
{"type":"Feature","properties":{"Governorate":"Bekaa","District":"Zahle","Cadaster Zone":"litige","Cadaster Name":"litige","ACS Code":51001,"Longitude":35.809392,"Latitude":33.78045267,"IDPs Outside Shelters":0,"Families Outside Shelters":0},"geometry":{"type":"Point","coordinates":[35.809392,33.78045267]}},
{"type":"Feature","properties":{"Governorate":"Bekaa","District":"Zahle","Cadaster Zone":"Massa","Cadaster Name":"Massa","ACS Code":51371,"Longitude":36.05929326,"Latitude":33.84805644,"IDPs Outside Shelters":0,"Families Outside Shelters":0},"geometry":{"type":"Point","coordinates":[36.05929326,33.84805644]}},
{"type":"Feature","properties":{"Governorate":"Bekaa","District":"Zahle","Cadaster Zone":"Mazraat Er-Remtaniye","Cadaster Name":"Maazraat-el-Ramtanieh","ACS Code":51185,"Longitude":35.81785492,"Latitude":33.83648639,"IDPs Outside Shelters":0,"Families Outside Shelters":0},"geometry":{"type":"Point","coordinates":[35.81785492,33.83648639]}},
{"type":"Feature","properties":{"Governorate":"Bekaa","District":"Zahle","Cadaster Zone":"Mzaraat Zahle","Cadaster Name":"Al-Mazraa","ACS Code":51271,"Longitude":35.80711695,"Latitude":33.76839942,"IDPs Outside Shelters":0,"Families Outside Shelters":0},"geometry":{"type":"Point","coordinates":[35.80711695,33.76839942]}},
{"type":"Feature","properties":{"Governorate":"Bekaa","District":"Zahle","Cadaster Zone":"Nabi Ayla","Cadaster Name":"Al-Nabi Aïla","ACS Code":51151,"Longitude":35.95278656,"Latitude":33.88663508,"IDPs Outside Shelters":0,"Families Outside Shelters":0},"geometry":{"type":"Point","coordinates":[35.95278656,33.88663508]}},
{"type":"Feature","properties":{"Governorate":"Bekaa","District":"Zahle","Cadaster Zone":"Nabi Ayla","Cadaster Name":"Al-Nabi Aïla","ACS Code":51151,"Longitude":35.98752444,"Latitude":33.86936304,"IDPs Outside Shelters":0,"Families Outside Shelters":0},"geometry":{"type":"Point","coordinates":[35.98752444,33.86936304]}},
{"type":"Feature","properties":{"Governorate":"Bekaa","District":"Zahle","Cadaster Zone":"Nasriyet Rizk","Cadaster Name":"Nasriyat Rizk","ACS Code":51354,"Longitude":36.07368756,"Latitude":33.86027056,"IDPs Outside Shelters":0,"Families Outside Shelters":0},"geometry":{"type":"Point","coordinates":[36.07368756,33.86027056]}},
{"type":"Feature","properties":{"Governorate":"Bekaa","District":"Zahle","Cadaster Zone":"Nasriyet Zahle","Cadaster Name":"Al-Nasriyé","ACS Code":51287,"Longitude":35.85081471,"Latitude":33.75226002,"IDPs Outside Shelters":0,"Families Outside Shelters":0},"geometry":{"type":"Point","coordinates":[35.85081471,33.75226002]}},
{"type":"Feature","properties":{"Governorate":"Bekaa","District":"Zahle","Cadaster Zone":"Niha Zahle","Cadaster Name":"Niha","ACS Code":51177,"Longitude":35.96188458,"Latitude":33.89624989,"IDPs Outside Shelters":0,"Families Outside Shelters":0},"geometry":{"type":"Point","coordinates":[35.96188458,33.89624989]}},
{"type":"Feature","properties":{"Governorate":"Bekaa","District":"Zahle","Cadaster Zone":"Ouadi Ed-Delm","Cadaster Name":"Wadi-el-Dalam","ACS Code":51257,"Longitude":35.78984515,"Latitude":33.79973144,"IDPs Outside Shelters":0,"Families Outside Shelters":0},"geometry":{"type":"Point","coordinates":[35.78984515,33.79973144]}},
{"type":"Feature","properties":{"Governorate":"Bekaa","District":"Zahle","Cadaster Zone":"Ouadi El-Aarayech","Cadaster Name":"Wadi-el-Arayeche","ACS Code":51189,"Longitude":35.90677885,"Latitude":33.87101425,"IDPs Outside Shelters":0,"Families Outside Shelters":0},"geometry":{"type":"Point","coordinates":[35.90677885,33.87101425]}},
{"type":"Feature","properties":{"Governorate":"Bekaa","District":"Zahle","Cadaster Zone":"Qaa Er-Rim","Cadaster Name":"Kaa-el-Rime","ACS Code":51173,"Longitude":35.89820808,"Latitude":33.90102217,"IDPs Outside Shelters":0,"Families Outside Shelters":0},"geometry":{"type":"Point","coordinates":[35.89820808,33.90102217]}},
{"type":"Feature","properties":{"Governorate":"Bekaa","District":"Zahle","Cadaster Zone":"Qoussaya","Cadaster Name":"Koussaya","ACS Code":51353,"Longitude":36.03808255,"Latitude":33.79878498,"IDPs Outside Shelters":0,"Families Outside Shelters":0},"geometry":{"type":"Point","coordinates":[36.03808255,33.79878498]}},
{"type":"Feature","properties":{"Governorate":"Bekaa","District":"Zahle","Cadaster Zone":"Tcheflik Edde Haouch","Cadaster Name":"Tchiflik Eddé","ACS Code":51274,"Longitude":35.80433488,"Latitude":33.75498564,"IDPs Outside Shelters":0,"Families Outside Shelters":0},"geometry":{"type":"Point","coordinates":[35.80433488,33.75498564]}},
{"type":"Feature","properties":{"Governorate":"Bekaa","District":"Zahle","Cadaster Zone":"Tcheflik Qiqano","Cadaster Name":"Tchiflik Kikano","ACS Code":51261,"Longitude":35.82981251,"Latitude":33.7559149,"IDPs Outside Shelters":0,"Families Outside Shelters":0},"geometry":{"type":"Point","coordinates":[35.82981251,33.7559149]}},
{"type":"Feature","properties":{"Governorate":"Bekaa","District":"Zahle","Cadaster Zone":"Tell El-Akhdar","Cadaster Name":"Tal-el-Akhdar","ACS Code":51277,"Longitude":35.82698188,"Latitude":33.73707321,"IDPs Outside Shelters":0,"Families Outside Shelters":0},"geometry":{"type":"Point","coordinates":[35.82698188,33.73707321]}},
{"type":"Feature","properties":{"Governorate":"Bekaa","District":"Zahle","Cadaster Zone":"Terbol Zahle","Cadaster Name":"Terbol","ACS Code":51365,"Longitude":35.98560012,"Latitude":33.81088458,"IDPs Outside Shelters":0,"Families Outside Shelters":0},"geometry":{"type":"Point","coordinates":[35.98560012,33.81088458]}},
{"type":"Feature","properties":{"Governorate":"Bekaa","District":"Zahle","Cadaster Zone":"Touaite Zahle","Cadaster Name":"Touaité","ACS Code":51145,"Longitude":35.84420085,"Latitude":33.8568393,"IDPs Outside Shelters":0,"Families Outside Shelters":0},"geometry":{"type":"Point","coordinates":[35.84420085,33.8568393]}},
{"type":"Feature","properties":{"Governorate":"Bekaa","District":"Zahle","Cadaster Zone":"Zahle Aradi","Cadaster Name":"Zahlé (Terres)","ACS Code":51133,"Longitude":35.88121069,"Latitude":33.84540944,"IDPs Outside Shelters":0,"Families Outside Shelters":0},"geometry":{"type":"Point","coordinates":[35.88121069,33.84540944]}},
{"type":"Feature","properties":{"Governorate":"Bekaa","District":"Zahle","Cadaster Zone":"Zahle El-Midane","Cadaster Name":"Zahlé Midan","ACS Code":51111,"Longitude":35.90466081,"Latitude":33.84745719,"IDPs Outside Shelters":0,"Families Outside Shelters":0},"geometry":{"type":"Point","coordinates":[35.90466081,33.84745719]}},
{"type":"Feature","properties":{"Governorate":"Bekaa","District":"Zahle","Cadaster Zone":"Zahle Er-Rassiyé","Cadaster Name":"Zahlé Al-Rassié","ACS Code":51117,"Longitude":35.89579589,"Latitude":33.85372147,"IDPs Outside Shelters":0,"Families Outside Shelters":0},"geometry":{"type":"Point","coordinates":[35.89579589,33.85372147]}},
{"type":"Feature","properties":{"Governorate":"Bekaa","District":"Zahle","Cadaster Zone":"Zahle Er-Rassiyé","Cadaster Name":"Zahlé Al-Rassié","ACS Code":51117,"Longitude":35.89574871,"Latitude":33.84900049,"IDPs Outside Shelters":0,"Families Outside Shelters":0},"geometry":{"type":"Point","coordinates":[35.89574871,33.84900049]}},
{"type":"Feature","properties":{"Governorate":"Bekaa","District":"Zahle","Cadaster Zone":"Zahle Haouch El-Oumara Aradi","Cadaster Name":"Haouche-al-Omara (Terres)","ACS Code":51127,"Longitude":35.9109037,"Latitude":33.80929076,"IDPs Outside Shelters":0,"Families Outside Shelters":0},"geometry":{"type":"Point","coordinates":[35.9109037,33.80929076]}},
{"type":"Feature","properties":{"Governorate":"Bekaa","District":"Zahle","Cadaster Zone":"Zahle Haouch Ez-Zaraane","Cadaster Name":"Zahlé Haouche Al-Zaraané","ACS Code":51113,"Longitude":35.90968557,"Latitude":33.84466051,"IDPs Outside Shelters":0,"Families Outside Shelters":0},"geometry":{"type":"Point","coordinates":[35.90968557,33.84466051]}},
{"type":"Feature","properties":{"Governorate":"Bekaa","District":"Zahle","Cadaster Zone":"Zahle Mar Antonios","Cadaster Name":"Zahlé Mar Antonios","ACS Code":51123,"Longitude":35.89883807,"Latitude":33.8477646,"IDPs Outside Shelters":0,"Families Outside Shelters":0},"geometry":{"type":"Point","coordinates":[35.89883807,33.8477646]}},
{"type":"Feature","properties":{"Governorate":"Bekaa","District":"Zahle","Cadaster Zone":"Zahle Mar Elias","Cadaster Name":"Zahlé Mar Elias","ACS Code":51135,"Longitude":35.89821946,"Latitude":33.84438966,"IDPs Outside Shelters":0,"Families Outside Shelters":0},"geometry":{"type":"Point","coordinates":[35.89821946,33.84438966]}},
{"type":"Feature","properties":{"Governorate":"Bekaa","District":"Zahle","Cadaster Zone":"Zahle Mar Gerges","Cadaster Name":"Zahlé Mar Gérios","ACS Code":51115,"Longitude":35.90398951,"Latitude":33.84422911,"IDPs Outside Shelters":0,"Families Outside Shelters":0},"geometry":{"type":"Point","coordinates":[35.90398951,33.84422911]}},
{"type":"Feature","properties":{"Governorate":"Bekaa","District":"Zahle","Cadaster Zone":"Zahle Saydet En-Najat","Cadaster Name":"Zahlé Saidet Al-Najda","ACS Code":51129,"Longitude":35.89452211,"Latitude":33.84570313,"IDPs Outside Shelters":0,"Families Outside Shelters":0},"geometry":{"type":"Point","coordinates":[35.89452211,33.84570313]}},
{"type":"Feature","properties":{"Governorate":"Bekaa","District":"Zahle","Cadaster Zone":"Zebdoul","Cadaster Name":"Zebdol","ACS Code":51214,"Longitude":35.83901825,"Latitude":33.81346608,"IDPs Outside Shelters":0,"Families Outside Shelters":0},"geometry":{"type":"Point","coordinates":[35.83901825,33.81346608]}},
{"type":"Feature","properties":{"Governorate":"North","District":"Zgharta","Cadaster Zone":"Ehden","Cadaster Name":"Ehden","ACS Code":33211,"Longitude":35.98805001,"Latitude":34.29139663,"IDPs Outside Shelters":139,"Families Outside Shelters":32},"geometry":{"type":"Point","coordinates":[35.98805001,34.29139663]}},
{"type":"Feature","properties":{"Governorate":"North","District":"Zgharta","Cadaster Zone":"Zgharta","Cadaster Name":"Zghorta","ACS Code":33111,"Longitude":35.8912863,"Latitude":34.39698539,"IDPs Outside Shelters":139,"Families Outside Shelters":32},"geometry":{"type":"Point","coordinates":[35.8912863,34.39698539]}},
{"type":"Feature","properties":{"Governorate":"North","District":"Zgharta","Cadaster Zone":"Miziara","Cadaster Name":"Miziara","ACS Code":33251,"Longitude":35.930511,"Latitude":34.33792034,"IDPs Outside Shelters":54,"Families Outside Shelters":12},"geometry":{"type":"Point","coordinates":[35.930511,34.33792034]}},
{"type":"Feature","properties":{"Governorate":"North","District":"Zgharta","Cadaster Zone":"Aachach","Cadaster Name":"Acheiche","ACS Code":33267,"Longitude":35.93978206,"Latitude":34.41977069,"IDPs Outside Shelters":0,"Families Outside Shelters":0},"geometry":{"type":"Point","coordinates":[35.93978206,34.41977069]}},
{"type":"Feature","properties":{"Governorate":"North","District":"Zgharta","Cadaster Zone":"Aalma","Cadaster Name":"Alma","ACS Code":33133,"Longitude":35.9002076,"Latitude":34.42823486,"IDPs Outside Shelters":0,"Families Outside Shelters":0},"geometry":{"type":"Point","coordinates":[35.9002076,34.42823486]}},
{"type":"Feature","properties":{"Governorate":"North","District":"Zgharta","Cadaster Zone":"Aarbet Qozhaiya","Cadaster Name":"Arbet Koshaya","ACS Code":33227,"Longitude":35.93528389,"Latitude":34.28297112,"IDPs Outside Shelters":0,"Families Outside Shelters":0},"geometry":{"type":"Point","coordinates":[35.93528389,34.28297112]}},
{"type":"Feature","properties":{"Governorate":"North","District":"Zgharta","Cadaster Zone":"Aardat","Cadaster Name":"Ardate","ACS Code":33113,"Longitude":35.8832835,"Latitude":34.40913126,"IDPs Outside Shelters":0,"Families Outside Shelters":0},"geometry":{"type":"Point","coordinates":[35.8832835,34.40913126]}},
{"type":"Feature","properties":{"Governorate":"North","District":"Zgharta","Cadaster Zone":"Aarjis","Cadaster Name":"Argesse","ACS Code":33161,"Longitude":35.88063423,"Latitude":34.33820891,"IDPs Outside Shelters":0,"Families Outside Shelters":0},"geometry":{"type":"Point","coordinates":[35.88063423,34.33820891]}},
{"type":"Feature","properties":{"Governorate":"North","District":"Zgharta","Cadaster Zone":"Aintourine","Cadaster Name":"Aïntourine","ACS Code":33219,"Longitude":35.94789777,"Latitude":34.2881996,"IDPs Outside Shelters":0,"Families Outside Shelters":0},"geometry":{"type":"Point","coordinates":[35.94789777,34.2881996]}},
{"type":"Feature","properties":{"Governorate":"North","District":"Zgharta","Cadaster Zone":"Arde","Cadaster Name":"Ardé","ACS Code":33123,"Longitude":35.91711094,"Latitude":34.41717137,"IDPs Outside Shelters":0,"Families Outside Shelters":0},"geometry":{"type":"Point","coordinates":[35.91711094,34.41717137]}},
{"type":"Feature","properties":{"Governorate":"North","District":"Zgharta","Cadaster Zone":"Asnoun","Cadaster Name":"Asnoune","ACS Code":33125,"Longitude":35.88998802,"Latitude":34.38640474,"IDPs Outside Shelters":0,"Families Outside Shelters":0},"geometry":{"type":"Point","coordinates":[35.88998802,34.38640474]}},
{"type":"Feature","properties":{"Governorate":"North","District":"Zgharta","Cadaster Zone":"Ayto","Cadaster Name":"Aïto","ACS Code":33243,"Longitude":35.921445,"Latitude":34.30943757,"IDPs Outside Shelters":0,"Families Outside Shelters":0},"geometry":{"type":"Point","coordinates":[35.921445,34.30943757]}},
{"type":"Feature","properties":{"Governorate":"North","District":"Zgharta","Cadaster Zone":"Bchannine","Cadaster Name":"Bchenine","ACS Code":33157,"Longitude":35.86182092,"Latitude":34.34630883,"IDPs Outside Shelters":0,"Families Outside Shelters":0},"geometry":{"type":"Point","coordinates":[35.86182092,34.34630883]}},
{"type":"Feature","properties":{"Governorate":"North","District":"Zgharta","Cadaster Zone":"Beslouqit","Cadaster Name":"Basloukite","ACS Code":33215,"Longitude":35.96857677,"Latitude":34.3081543,"IDPs Outside Shelters":0,"Families Outside Shelters":0},"geometry":{"type":"Point","coordinates":[35.96857677,34.3081543]}},
{"type":"Feature","properties":{"Governorate":"North","District":"Zgharta","Cadaster Zone":"Bhairet Toula","Cadaster Name":"Bouhairet Toula","ACS Code":33239,"Longitude":35.97034898,"Latitude":34.32439155,"IDPs Outside Shelters":0,"Families Outside Shelters":0},"geometry":{"type":"Point","coordinates":[35.97034898,34.32439155]}},
{"type":"Feature","properties":{"Governorate":"North","District":"Zgharta","Cadaster Zone":"Bnechaai","Cadaster Name":"Benachée","ACS Code":33159,"Longitude":35.89495591,"Latitude":34.33324093,"IDPs Outside Shelters":0,"Families Outside Shelters":0},"geometry":{"type":"Point","coordinates":[35.89495591,34.33324093]}},
{"type":"Feature","properties":{"Governorate":"North","District":"Zgharta","Cadaster Zone":"Boussit","Cadaster Name":"Boucite","ACS Code":33279,"Longitude":35.92357078,"Latitude":34.44114491,"IDPs Outside Shelters":0,"Families Outside Shelters":0},"geometry":{"type":"Point","coordinates":[35.92357078,34.44114491]}},
{"type":"Feature","properties":{"Governorate":"North","District":"Zgharta","Cadaster Zone":"Bsebaal","Cadaster Name":"Bsebhil","ACS Code":33149,"Longitude":35.87696866,"Latitude":34.35343238,"IDPs Outside Shelters":0,"Families Outside Shelters":0},"geometry":{"type":"Point","coordinates":[35.87696866,34.35343238]}},
{"type":"Feature","properties":{"Governorate":"North","District":"Zgharta","Cadaster Zone":"Danha","Cadaster Name":"Danhi","ACS Code":33263,"Longitude":35.938436,"Latitude":34.39630177,"IDPs Outside Shelters":0,"Families Outside Shelters":0},"geometry":{"type":"Point","coordinates":[35.938436,34.39630177]}},
{"type":"Feature","properties":{"Governorate":"North","District":"Zgharta","Cadaster Zone":"Daraiya Zgharta","Cadaster Name":"Daraya","ACS Code":33163,"Longitude":35.86781643,"Latitude":34.33305378,"IDPs Outside Shelters":0,"Families Outside Shelters":0},"geometry":{"type":"Point","coordinates":[35.86781643,34.33305378]}},
{"type":"Feature","properties":{"Governorate":"North","District":"Zgharta","Cadaster Zone":"Deir Jdeide","Cadaster Name":"Al-Jdeidé","ACS Code":33137,"Longitude":35.89151676,"Latitude":34.36376112,"IDPs Outside Shelters":0,"Families Outside Shelters":0},"geometry":{"type":"Point","coordinates":[35.89151676,34.36376112]}},
{"type":"Feature","properties":{"Governorate":"North","District":"Zgharta","Cadaster Zone":"Hailan","Cadaster Name":"Halane","ACS Code":33275,"Longitude":35.96038221,"Latitude":34.4320022,"IDPs Outside Shelters":0,"Families Outside Shelters":0},"geometry":{"type":"Point","coordinates":[35.96038221,34.4320022]}},
{"type":"Feature","properties":{"Governorate":"North","District":"Zgharta","Cadaster Zone":"Hariq Zgharta","Cadaster Name":"Al-Harik","ACS Code":33131,"Longitude":35.91696661,"Latitude":34.37995146,"IDPs Outside Shelters":0,"Families Outside Shelters":0},"geometry":{"type":"Point","coordinates":[35.91696661,34.37995146]}},
{"type":"Feature","properties":{"Governorate":"North","District":"Zgharta","Cadaster Zone":"Houakir","Cadaster Name":"Houakir","ACS Code":33152,"Longitude":35.93150595,"Latitude":34.36552191,"IDPs Outside Shelters":0,"Families Outside Shelters":0},"geometry":{"type":"Point","coordinates":[35.93150595,34.36552191]}},
{"type":"Feature","properties":{"Governorate":"North","District":"Zgharta","Cadaster Zone":"Hraiqis","Cadaster Name":"Mazraet Hreikess","ACS Code":33287,"Longitude":35.92986351,"Latitude":34.45339678,"IDPs Outside Shelters":0,"Families Outside Shelters":0},"geometry":{"type":"Point","coordinates":[35.92986351,34.45339678]}},
{"type":"Feature","properties":{"Governorate":"North","District":"Zgharta","Cadaster Zone":"Iaal","Cadaster Name":"Iâl","ACS Code":33141,"Longitude":35.9123173,"Latitude":34.35612984,"IDPs Outside Shelters":0,"Families Outside Shelters":0},"geometry":{"type":"Point","coordinates":[35.9123173,34.35612984]}},
{"type":"Feature","properties":{"Governorate":"North","District":"Zgharta","Cadaster Zone":"Ijbaa","Cadaster Name":"Ejbeh","ACS Code":33291,"Longitude":35.94518807,"Latitude":34.31031775,"IDPs Outside Shelters":0,"Families Outside Shelters":0},"geometry":{"type":"Point","coordinates":[35.94518807,34.31031775]}},
{"type":"Feature","properties":{"Governorate":"North","District":"Zgharta","Cadaster Zone":"Karm Sadde","Cadaster Name":"Karm Saddé","ACS Code":33169,"Longitude":35.88662652,"Latitude":34.3031743,"IDPs Outside Shelters":0,"Families Outside Shelters":0},"geometry":{"type":"Point","coordinates":[35.88662652,34.3031743]}},
{"type":"Feature","properties":{"Governorate":"North","District":"Zgharta","Cadaster Zone":"Kfarchakhna","Cadaster Name":"Kfar Chakna","ACS Code":33147,"Longitude":35.86425422,"Latitude":34.36042287,"IDPs Outside Shelters":0,"Families Outside Shelters":0},"geometry":{"type":"Point","coordinates":[35.86425422,34.36042287]}},
{"type":"Feature","properties":{"Governorate":"North","District":"Zgharta","Cadaster Zone":"Kfardlaqous","Cadaster Name":"Kfar Dalakoss","ACS Code":33115,"Longitude":35.90677628,"Latitude":34.39836885,"IDPs Outside Shelters":0,"Families Outside Shelters":0},"geometry":{"type":"Point","coordinates":[35.90677628,34.39836885]}},
{"type":"Feature","properties":{"Governorate":"North","District":"Zgharta","Cadaster Zone":"Kfarfou","Cadaster Name":"Kfarfou","ACS Code":33165,"Longitude":35.88129693,"Latitude":34.32124575,"IDPs Outside Shelters":0,"Families Outside Shelters":0},"geometry":{"type":"Point","coordinates":[35.88129693,34.32124575]}},
{"type":"Feature","properties":{"Governorate":"North","District":"Zgharta","Cadaster Zone":"Kfarhata Zgharta","Cadaster Name":"Kfar hata","ACS Code":33121,"Longitude":35.90284083,"Latitude":34.38139594,"IDPs Outside Shelters":0,"Families Outside Shelters":0},"geometry":{"type":"Point","coordinates":[35.90284083,34.38139594]}},
{"type":"Feature","properties":{"Governorate":"North","District":"Zgharta","Cadaster Zone":"Kfarhoura","Cadaster Name":"Kfar Haoura","ACS Code":33143,"Longitude":35.87178558,"Latitude":34.38189271,"IDPs Outside Shelters":0,"Families Outside Shelters":0},"geometry":{"type":"Point","coordinates":[35.87178558,34.38189271]}},
{"type":"Feature","properties":{"Governorate":"North","District":"Zgharta","Cadaster Zone":"Kfarsghab","Cadaster Name":"Kfarsghab","ACS Code":33223,"Longitude":35.97136085,"Latitude":34.27586301,"IDPs Outside Shelters":0,"Families Outside Shelters":0},"geometry":{"type":"Point","coordinates":[35.97136085,34.27586301]}},
{"type":"Feature","properties":{"Governorate":"North","District":"Zgharta","Cadaster Zone":"Kfaryachit","Cadaster Name":"Kfar Yachite","ACS Code":33153,"Longitude":35.89409779,"Latitude":34.35322737,"IDPs Outside Shelters":0,"Families Outside Shelters":0},"geometry":{"type":"Point","coordinates":[35.89409779,34.35322737]}},
{"type":"Feature","properties":{"Governorate":"North","District":"Zgharta","Cadaster Zone":"Kfarzaina","Cadaster Name":"Kfar Zeina","ACS Code":33145,"Longitude":35.8816039,"Latitude":34.37025333,"IDPs Outside Shelters":0,"Families Outside Shelters":0},"geometry":{"type":"Point","coordinates":[35.8816039,34.37025333]}},
{"type":"Feature","properties":{"Governorate":"North","District":"Zgharta","Cadaster Zone":"Khaldiye","Cadaster Name":"Al-Khaldyé","ACS Code":33139,"Longitude":35.91131358,"Latitude":34.37139286,"IDPs Outside Shelters":0,"Families Outside Shelters":0},"geometry":{"type":"Point","coordinates":[35.91131358,34.37139286]}},
{"type":"Feature","properties":{"Governorate":"North","District":"Zgharta","Cadaster Zone":"Mazraat Ajbeaa","Cadaster Name":"Mazraat Ejbeh","ACS Code":33127,"Longitude":35.88144184,"Latitude":34.38556451,"IDPs Outside Shelters":0,"Families Outside Shelters":0},"geometry":{"type":"Point","coordinates":[35.88144184,34.38556451]}},
{"type":"Feature","properties":{"Governorate":"North","District":"Zgharta","Cadaster Zone":"Mazraat Et-Teffah","Cadaster Name":"Mazraat el Teffah","ACS Code":33235,"Longitude":35.94816788,"Latitude":34.31975954,"IDPs Outside Shelters":0,"Families Outside Shelters":0},"geometry":{"type":"Point","coordinates":[35.94816788,34.31975954]}},
{"type":"Feature","properties":{"Governorate":"North","District":"Zgharta","Cadaster Zone":"Mazraat Jnaid","Cadaster Name":"Mazraat Jneide","ACS Code":33135,"Longitude":35.8922826,"Latitude":34.37530883,"IDPs Outside Shelters":0,"Families Outside Shelters":0},"geometry":{"type":"Point","coordinates":[35.8922826,34.37530883]}},
{"type":"Feature","properties":{"Governorate":"North","District":"Zgharta","Cadaster Zone":"Mejdlaiya Zgharta","Cadaster Name":"Mejdlaya","ACS Code":33129,"Longitude":35.87673485,"Latitude":34.42883054,"IDPs Outside Shelters":0,"Families Outside Shelters":0},"geometry":{"type":"Point","coordinates":[35.87673485,34.42883054]}},
{"type":"Feature","properties":{"Governorate":"North","District":"Zgharta","Cadaster Zone":"Miriata","Cadaster Name":"Mériata","ACS Code":33271,"Longitude":35.93001522,"Latitude":34.41938375,"IDPs Outside Shelters":0,"Families Outside Shelters":0},"geometry":{"type":"Point","coordinates":[35.93001522,34.41938375]}},
{"type":"Feature","properties":{"Governorate":"North","District":"Zgharta","Cadaster Zone":"Morh Kfarsghab","Cadaster Name":"Merh Kfarsghabe","ACS Code":33155,"Longitude":35.90572351,"Latitude":34.34662376,"IDPs Outside Shelters":0,"Families Outside Shelters":0},"geometry":{"type":"Point","coordinates":[35.90572351,34.34662376]}},
{"type":"Feature","properties":{"Governorate":"North","District":"Zgharta","Cadaster Zone":"Mzraat Kefraya","Cadaster Name":"Kefraya","ACS Code":33283,"Longitude":35.96539518,"Latitude":34.4462661,"IDPs Outside Shelters":0,"Families Outside Shelters":0},"geometry":{"type":"Point","coordinates":[35.96539518,34.4462661]}},
{"type":"Feature","properties":{"Governorate":"North","District":"Zgharta","Cadaster Zone":"Qarah Bach","Cadaster Name":"Karabeiche","ACS Code":33119,"Longitude":35.89405321,"Latitude":34.38266286,"IDPs Outside Shelters":0,"Families Outside Shelters":0},"geometry":{"type":"Point","coordinates":[35.89405321,34.38266286]}},
{"type":"Feature","properties":{"Governorate":"North","District":"Zgharta","Cadaster Zone":"Rachaaine","Cadaster Name":"Rachehine","ACS Code":33117,"Longitude":35.92606705,"Latitude":34.40025364,"IDPs Outside Shelters":0,"Families Outside Shelters":0},"geometry":{"type":"Point","coordinates":[35.92606705,34.40025364]}},
{"type":"Feature","properties":{"Governorate":"North","District":"Zgharta","Cadaster Zone":"Ras Kifa","Cadaster Name":"Raskifa","ACS Code":33167,"Longitude":35.86939151,"Latitude":34.31515726,"IDPs Outside Shelters":0,"Families Outside Shelters":0},"geometry":{"type":"Point","coordinates":[35.86939151,34.31515726]}},
{"type":"Feature","properties":{"Governorate":"North","District":"Zgharta","Cadaster Zone":"Sakhra","Cadaster Name":"Sakhra","ACS Code":33151,"Longitude":35.92257611,"Latitude":34.36358315,"IDPs Outside Shelters":0,"Families Outside Shelters":0},"geometry":{"type":"Point","coordinates":[35.92257611,34.36358315]}},
{"type":"Feature","properties":{"Governorate":"North","District":"Zgharta","Cadaster Zone":"Sebaal Zgharta","Cadaster Name":"Sebhel","ACS Code":33259,"Longitude":35.90597477,"Latitude":34.31836978,"IDPs Outside Shelters":0,"Families Outside Shelters":0},"geometry":{"type":"Point","coordinates":[35.90597477,34.31836978]}},
{"type":"Feature","properties":{"Governorate":"North","District":"Zgharta","Cadaster Zone":"Seraal","Cadaster Name":"Serhel","ACS Code":33255,"Longitude":35.90819328,"Latitude":34.29148052,"IDPs Outside Shelters":0,"Families Outside Shelters":0},"geometry":{"type":"Point","coordinates":[35.90819328,34.29148052]}},
{"type":"Feature","properties":{"Governorate":"North","District":"Zgharta","Cadaster Zone":"Tallet Zgharta","Cadaster Name":"El-Tellé","ACS Code":33171,"Longitude":35.87760081,"Latitude":34.39341429,"IDPs Outside Shelters":0,"Families Outside Shelters":0},"geometry":{"type":"Point","coordinates":[35.87760081,34.39341429]}},
{"type":"Feature","properties":{"Governorate":"North","District":"Zgharta","Cadaster Zone":"Toula Zgharta","Cadaster Name":"Toula","ACS Code":33231,"Longitude":35.96471565,"Latitude":34.32289234,"IDPs Outside Shelters":0,"Families Outside Shelters":0},"geometry":{"type":"Point","coordinates":[35.96471565,34.32289234]}}
]
}
