Indicator,Mean_Abs_Kendall_tau,Final_Weight
Service-related incidents,0.21816409901011719,0.08728560175593074
Perceptions on quality of services: Water,0.3364622048589948,0.13461566844635914
Perceptions on quality of services: Electricity,0.3017936919588575,0.12074509109563107
Perceptions on quality of services: Waste removal,0.2858337466891804,0.11435965264275855
Worry about access to healthcare services,0.2787376385788302,0.11152056010027597
Worry about access to safe drinking water,0.2912615325957652,0.11653126365120703
Water availability and accessibility,0.24624220823546517,0.0985194146106736
Services as a tension driver,0.32039956152972515,0.12818914137271276
Solid waste pressure (displacement),0.22053356841157767,0.08823360632445121
