Indicator,Mean_Abs_Kendall_tau,Final_Weight
Dist Name,0.0,0.0
Infrastructure Damage,0.0,0.0
Service-related incidents,0.15866479928008523,0.08728560175593074
Perceptions on quality of services: Water,0.2446997853519962,0.13461566844635914
Perceptions on quality of services: Electricity,0.21948632142462365,0.12074509109563106
Perceptions on quality of services: Waste removal,0.20787908850122208,0.11435965264275853
Worry about access to healthcare services,0.20271828260278557,0.11152056010027595
Worry about access to safe drinking water,0.2118265691605565,0.11653126365120703
Water availability and accessibility,0.17908524235306558,0.0985194146106736
Services as a tension driver,0.2330178629307092,0.12818914137271276
Solid waste pressure (displacement),0.16038804975387466,0.0882336063244512
Electricity pressure (displacement),0.0,0.0
