Indicator,Mean_Abs_Kendall_tau,Final_Weight
Dist Name,0.0,0.0
Nighttime light radiance,0.14857540887228973,0.07122797848573177
HDS,0.14295257638249442,0.06853235748995667
Coping4,0.13394942200430557,0.06421618907944551
Coping5,0.19832141866424233,0.09507652611623439
Coping6,0.20817983276516291,0.09980271137672651
Coping7,0.16893348276363698,0.08098776619319988
Coping8,0.1730848567267566,0.0829779607858022
Coping9,0.13201482628342212,0.06328873181426564
Coping10,0.13365180073262609,0.06407350758392087
Coping11,0.11183109324244336,0.05361252419877566
Negative coping tendency,0.23222503809818604,0.11133013291401297
Unemployment rate,0.07179904379544708,0.034420909796412685
Population dependency ratio,0.09264205167104116,0.04441317788309767
Food insecurity level (IPC),0.13775274586949007,0.06603952628241758
